0.000000000000000000e+00 9.999803419601269727e-01 -6.267574500200831858e-03 -1.822180930251708414e-04 9.735288064299364719e-02 6.267614047139439398e-03 9.999803347094219363e-01 2.172759307926569895e-04 5.124897700812949992e-03 1.808527165784651401e-04 -2.184137322462455558e-04 9.999999597938676876e-01 2.712683468187163539e-03 9.999795556068420410e-01 -6.385928951203823090e-03 2.609402872622013092e-04 9.155806899070739746e-02 6.385809276252985001e-03 9.999794960021972656e-01 4.604047862812876701e-04 2.320159226655960083e-03 -2.638755249790847301e-04 -4.587290459312498569e-04 9.999998211860656738e-01 1.529485452920198441e-03 7.789790649414062500e+02
1.038750000000000000e+05 9.999793792926592317e-01 -6.419465005593526577e-03 -1.773666989529403481e-04 9.988717316957425318e-02 6.419503381234955078e-03 9.999793713074738299e-01 2.166478338190024381e-04 5.303496734197818419e-03 1.759722769368465172e-04 -2.177819724990819224e-04 9.999999608023847353e-01 2.761366741403073390e-03 9.999752640724182129e-01 -7.028209511190652847e-03 -1.647270255489274859e-04 9.421081840991973877e-02 7.028292864561080933e-03 9.999752044677734375e-01 5.141666624695062637e-04 2.317378995940089226e-03 1.611095358384773135e-04 -5.153120146133005619e-04 9.999998807907104492e-01 1.760457060299813747e-03 6.112425613403320312e+01
2.078940000000000000e+05 9.999743187319345417e-01 -7.163476064377611099e-03 -2.156145216217690932e-04 9.816954211705838929e-02 7.163536687725097218e-03 9.999743018593014732e-01 2.817187804151076208e-04 5.777735992774575211e-03 2.135908950813952259e-04 -2.832561079854914389e-04 9.999999370724542702e-01 2.828824258488890631e-03 9.999715089797973633e-01 -7.520209532231092453e-03 -6.863341550342738628e-04 9.776867926120758057e-02 7.520406972616910934e-03 9.999716281890869141e-01 2.858361112885177135e-04 3.525230567902326584e-03 6.841645808890461922e-04 -2.909884788095951080e-04 9.999997019767761230e-01 1.712060184217989445e-03 5.947721481323242188e+01
3.117500000000000000e+05 9.999547905899647260e-01 -9.506243655846019144e-03 -2.193329407382107804e-04 9.950677942102283124e-02 9.506326341358601814e-03 9.999547420062981917e-01 3.790749423472284307e-04 7.721386271128190433e-03 2.157194353717507623e-04 -3.811428551230090821e-04 9.999999040976191855e-01 3.170464085294831535e-03 9.999570250511169434e-01 -9.145541116595268250e-03 -1.476999255828559399e-03 1.039242595434188843e-01 9.146448224782943726e-03 9.999579787254333496e-01 6.110390531830489635e-04 5.731394048780202866e-03 1.471350085921585560e-03 -6.245219847187399864e-04 9.999987483024597168e-01 -1.260527060367166996e-03 5.728876876831054688e+01
4.156220000000000000e+05 9.999357868373980329e-01 -1.133041241361937464e-02 -2.096660946857023750e-04 1.039898266801961152e-01 1.133050226768699507e-02 9.999357142876393878e-01 4.324510314823900290e-04 9.354246658985217178e-03 2.047527677484417465e-04 -4.347988845320209452e-04 9.999998845131135017e-01 3.477759665458430953e-03 9.999343752861022949e-01 -1.130468398332595825e-02 -1.863608020357787609e-03 1.140498518943786621e-01 1.130505744367837906e-02 9.999360442161560059e-01 1.882950164144858718e-04 6.707527674734592438e-03 1.861360738985240459e-03 -2.093524817610159516e-04 9.999982714653015137e-01 -8.837897912599146366e-04 5.752076721191406250e+01
5.194990000000000000e+05 9.999049274193936299e-01 -1.378840920785650258e-02 -1.260846856265915197e-04 1.243674148028554860e-01 1.378846180380478327e-02 9.999048437887265717e-01 4.262538498298256242e-04 1.186953548462973615e-02 1.201953254834777049e-04 -4.279518386176472586e-04 9.999999012051506986e-01 3.911068412220448931e-03 9.999082088470458984e-01 -1.351376995444297791e-02 -1.069227699190378189e-03 1.273107379674911499e-01 1.351364143192768097e-02 9.999086260795593262e-01 -1.319263683399185538e-04 7.248097099363803864e-03 1.070910831913352013e-03 1.174664284917525947e-04 9.999993443489074707e-01 -7.473326986655592918e-04 5.740499114990234375e+01
6.233770000000000000e+05 9.998680473477766784e-01 -1.624460144608703971e-02 2.858518537527389607e-05 1.392186321292931128e-01 1.624458465650296252e-02 9.998679164770719607e-01 5.129029613692853706e-04 1.404116483832327199e-02 -3.691331392144123414e-05 -5.123709280000754950e-04 9.999998680567111498e-01 3.856619429812279017e-03 9.998703002929687500e-01 -1.610431075096130371e-02 -1.502521336078643799e-04 1.400279700756072998e-01 1.610430143773555756e-02 9.998703598976135254e-01 -2.664368003024719656e-05 9.459931403398513794e-03 1.506639964645728469e-04 2.421790486550889909e-05 1.000000119209289551e+00 -4.982291138730943203e-04 5.788739013671875000e+01
7.271220000000000000e+05 9.998311298140701853e-01 -1.837624121534050733e-02 1.601065905534460173e-04 1.531224621494338411e-01 1.837614536719063205e-02 9.998309756678755988e-01 5.808589256147034426e-04 1.596768334391113209e-02 -1.707535317235438265e-04 -5.778186940631577662e-04 9.999998184843886806e-01 3.793087664713269778e-03 9.998261928558349609e-01 -1.864295080304145813e-02 -2.044563443632796407e-04 1.537104099988937378e-01 1.864266395568847656e-02 9.998252987861633301e-01 -1.353333238512277603e-03 8.814394474029541016e-03 2.296494785696268082e-04 1.349287573248147964e-03 9.999990463256835938e-01 -2.443275880068540573e-04 5.775881576538085938e+01
8.308740000000000000e+05 9.998074740213287459e-01 -1.962002095471006291e-02 2.639807343417072648e-04 1.575308997238566155e-01 1.961985010954379882e-02 9.998073106236065044e-01 6.349191177093143658e-04 1.705412970954509055e-02 -2.763869939048529435e-04 -6.296176170792872583e-04 9.999997635959254616e-01 3.819722297405766034e-03 9.997990131378173828e-01 -2.004464715719223022e-02 -2.216273423982784152e-04 1.649828106164932251e-01 2.004429697990417480e-02 9.997980594635009766e-01 -1.479302067309617996e-03 1.067213620990514755e-02 2.512347418814897537e-04 1.474564196541905403e-03 9.999988675117492676e-01 -1.080317524611018598e-04 5.777555084228515625e+01
9.346220000000000000e+05 9.997601803358373562e-01 -2.189462273139479095e-02 4.553240978721234981e-04 1.639223137155363941e-01 2.189426270976021008e-02 9.997599867010639185e-01 7.811924362677391629e-04 1.907518840451785658e-02 -4.723187273612470790e-04 -7.710361057491671357e-04 9.999995912090964278e-01 3.753874227299816048e-03 9.997520446777343750e-01 -2.226583659648895264e-02 -3.913249820470809937e-04 1.728546917438507080e-01 2.226582355797290802e-02 9.997521042823791504e-01 -2.176898415200412273e-04 1.348628941923379898e-02 3.960763569921255112e-04 2.089226909447461367e-04 9.999998807907104492e-01 2.230941550806164742e-03 5.764511871337890625e+01
1.038404000000000000e+06 9.997338749357609355e-01 -2.306307664358333079e-02 5.232746531670239443e-04 1.684760792311711386e-01 2.306262810112647346e-02 9.997336629103061867e-01 8.476105977261780668e-04 2.015323229236494831e-02 -5.426837933619297217e-04 -8.353169389202545975e-04 9.999995038698465954e-01 3.652831655574215186e-03 9.997014999389648438e-01 -2.438680827617645264e-02 -1.480627339333295822e-03 1.794411092996597290e-01 2.439166046679019928e-02 9.996965527534484863e-01 3.422292415052652359e-03 1.932529173791408539e-02 1.396718318574130535e-03 -3.457386977970600128e-03 9.999930262565612793e-01 4.334760364145040512e-03 5.827987289428710938e+01
1.142127000000000000e+06 9.996760722061625026e-01 -2.544235659927189877e-02 6.611587713881710189e-04 1.773575013158670832e-01 2.544168922878313824e-02 9.996758087354575828e-01 9.989294600681686374e-04 2.238181611939197430e-02 -6.863595497390811810e-04 -9.817848825774231226e-04 9.999992825042288702e-01 3.457349036626856248e-03 9.996657967567443848e-01 -2.576352842152118683e-02 -2.110270317643880844e-03 1.857839226722717285e-01 2.577298134565353394e-02 9.996575713157653809e-01 4.543483257293701172e-03 2.366738021373748779e-02 1.992494333535432816e-03 -4.596355371177196503e-03 9.999875426292419434e-01 5.897333379834890366e-03 5.766268920898437500e+01
1.245873000000000000e+06 9.996488370629985631e-01 -2.648964838306049757e-02 7.078684802856170018e-04 1.798519844769111142e-01 2.648886946583625668e-02 9.996485162729283891e-01 1.087979041720926830e-03 2.341162544368424400e-02 -7.364398586776220359e-04 -1.068846347777237596e-03 9.999991576115436764e-01 3.453921175969938261e-03 9.996259212493896484e-01 -2.732755430042743683e-02 -1.160088344477117062e-03 1.938670724630355835e-01 2.733149752020835876e-02 9.996200203895568848e-01 3.575948299840092659e-03 2.432418800890445709e-02 1.061923685483634472e-03 -3.606318961828947067e-03 9.999928474426269531e-01 5.624613258987665176e-03 5.741952133178710938e+01
1.349627000000000000e+06 9.995550747916958079e-01 -2.981956435242529360e-02 6.678803311438669208e-04 2.004164573421742257e-01 2.981868022853813652e-02 9.995544831180991352e-01 1.296769874572025394e-03 2.679279687337118160e-02 -7.062518908654881206e-04 -1.276277599496014820e-03 9.999989361613408345e-01 3.259303411472787553e-03 9.995445609092712402e-01 -3.016305342316627502e-02 -9.368516621179878712e-04 2.020513713359832764e-01 3.016378358006477356e-02 9.995447397232055664e-01 7.500867359340190887e-04 2.327476069331169128e-02 9.138025925494730473e-04 -7.779960287734866142e-04 9.999993443489074707e-01 1.218547695316374302e-03 5.700252914428710938e+01
1.453253000000000000e+06 9.994991063525490160e-01 -3.163835073334534537e-02 7.424594691843381918e-04 1.929142436563053842e-01 3.163720860316045908e-02 9.994982886589564020e-01 1.502691746931106602e-03 2.825078025637117740e-02 -7.896296534862906049e-04 -1.478449715077070426e-03 9.999985953348545786e-01 3.392603590414338191e-03 9.994937181472778320e-01 -3.181681409478187561e-02 -7.821354665793478489e-05 2.087318003177642822e-01 3.181682527065277100e-02 9.994922876358032227e-01 1.664368668571114540e-03 2.651835419237613678e-02 2.521707574487663805e-05 -1.666016178205609322e-03 9.999985694885253906e-01 2.775442553684115410e-04 5.788006210327148438e+01
1.556997000000000000e+06 9.994818048585566439e-01 -3.218269816176584641e-02 6.290681048363839199e-04 2.014297307017173522e-01 3.218172658649737228e-02 9.994809115729573756e-01 1.497967364520025931e-03 2.889002591967292435e-02 -6.769501929810421183e-04 -1.476946627983706951e-03 9.999986801827156491e-01 3.447603795967334184e-03 9.994471073150634766e-01 -3.324704617261886597e-02 3.413386584725230932e-04 2.148822993040084839e-01 3.324626013636589050e-02 9.994451999664306641e-01 2.026610542088747025e-03 3.016748465597629547e-02 -4.085289838258177042e-04 -2.014152705669403076e-03 9.999978542327880859e-01 1.339123118668794632e-03 5.741625595092773438e+01
1.660772000000000000e+06 9.994044790586430471e-01 -3.450414005456247518e-02 3.893878268637703151e-04 2.134549294084497062e-01 3.450346515188252444e-02 9.994032586357075587e-01 1.624065035675559786e-03 3.137901410934264279e-02 -4.451924273847665363e-04 -1.609662642423189717e-03 9.999986053940451702e-01 3.789137534531420576e-03 9.993683099746704102e-01 -3.553970158100128174e-02 1.839556935010477901e-04 2.194489687681198120e-01 3.553947433829307556e-02 9.993667602539062500e-01 1.682905829511582851e-03 2.867658250033855438e-02 -2.436522336211055517e-04 -1.675299368798732758e-03 9.999985694885253906e-01 6.704993429593741894e-04 5.715228652954101562e+01
1.764374000000000000e+06 9.994015897761617806e-01 -3.458415785801581543e-02 6.312017520991905061e-04 1.979823987941068675e-01 3.458302509017534276e-02 9.994003395212882612e-01 1.725044331059344882e-03 3.098429010541033091e-02 -6.904824489533812736e-04 -1.702183181581938846e-03 9.999983129018317207e-01 3.681636412861312695e-03 9.993640184402465820e-01 -3.565063700079917908e-02 -6.676744669675827026e-04 2.199064046144485474e-01 3.565231338143348694e-02 9.993606805801391602e-01 2.688103588297963142e-03 3.166450187563896179e-02 5.714152357541024685e-04 -2.710198517888784409e-03 9.999961853027343750e-01 1.006929902359843254e-03 5.724124908447265625e+01
1.868002000000000000e+06 9.993845065822271057e-01 -3.507941221527875048e-02 2.070138397319426504e-04 2.232137550334751530e-01 3.507903791723489956e-02 9.993832656649470625e-01 1.596690450087641204e-03 3.210034485075161093e-02 -2.628971290913953429e-04 -1.588445851377105929e-03 9.999987038616117152e-01 3.889990111564486236e-03 9.993473291397094727e-01 -3.612128645181655884e-02 -4.851866688113659620e-04 2.262274175882339478e-01 3.612256422638893127e-02 9.993421435356140137e-01 3.209950402379035950e-03 3.760523721575737000e-02 3.689177974592894316e-04 -3.225385444238781929e-03 9.999947547912597656e-01 -4.111038055270910263e-03 5.750896072387695312e+01
1.971750000000000000e+06 9.993106660374279082e-01 -3.712324798220845157e-02 -2.392194873769354010e-04 2.472409601038519644e-01 3.712356199885304131e-02 9.993095885680074453e-01 1.478973790247870143e-03 3.433096781863899383e-02 1.841500176474319679e-04 -1.486834962725011285e-03 9.999988777046711075e-01 4.278735486582667912e-03 9.992625117301940918e-01 -3.839168697595596313e-02 -6.089981179684400558e-04 2.296906411647796631e-01 3.839217126369476318e-02 9.992624521255493164e-01 7.855304866097867489e-04 3.383675217628479004e-02 5.783950327895581722e-04 -8.083335706032812595e-04 9.999994635581970215e-01 -5.229389294981956482e-03 5.740054321289062500e+01
2.075498000000000000e+06 9.991903711302765334e-01 -4.022857181366240598e-02 5.139893321678682585e-04 2.049977946863179024e-01 4.022745623994374020e-02 9.991885016450597901e-01 2.022344993584257542e-03 3.632418409517399610e-02 -5.949282847427830563e-04 -2.000031160424930055e-03 9.999978229653890827e-01 4.419233273799377110e-03 9.991707205772399902e-01 -4.066643118858337402e-02 -2.053911099210381508e-03 2.324984967708587646e-01 4.065869003534317017e-02 9.991663694381713867e-01 -3.678192850202322006e-03 2.799022942781448364e-02 2.201778348535299301e-03 3.591637592762708664e-03 9.999912381172180176e-01 -5.303369835019111633e-03 5.762627029418945312e+01
2.179126000000000000e+06 9.990835311540134933e-01 -4.280161683076761509e-02 3.453317758838667486e-04 2.212598700849986444e-01 4.280091089109940711e-02 9.990819214672332915e-01 1.842852289120783596e-03 3.924953250314071329e-02 -4.238917968686423858e-04 -1.826382856769163520e-03 9.999982423190432179e-01 5.076765312242009602e-03 9.990647435188293457e-01 -4.321073368191719055e-02 -1.580986543558537960e-03 2.381317466497421265e-01 4.320192337036132812e-02 9.990523457527160645e-01 -5.296058952808380127e-03 2.723420970141887665e-02 1.808330067433416843e-03 5.222802050411701202e-03 9.999846816062927246e-01 -2.212786115705966949e-03 5.717599868774414062e+01
2.282875000000000000e+06 9.989264990979971337e-01 -4.632090115430231164e-02 4.728400732512217991e-04 2.201532005262503144e-01 4.631992063187424097e-02 9.989248336878395751e-01 1.908312379317492896e-03 4.255248537163023453e-02 -5.607264381031999831e-04 -1.884361890280290656e-03 9.999980673812520759e-01 5.620779388559590979e-03 9.989092946052551270e-01 -4.666416719555854797e-02 1.633117441087961197e-03 2.456638216972351074e-01 4.666408151388168335e-02 9.989106059074401855e-01 5.563661761698313057e-05 3.859853744506835938e-02 -1.633932930417358875e-03 2.063791544060222805e-05 9.999986290931701660e-01 1.963997259736061096e-03 5.721612930297851562e+01
2.386504000000000000e+06 9.988121348292960944e-01 -4.872514291793961227e-02 4.240126265780936416e-04 2.276586519891724003e-01 4.872428225153430104e-02 9.988105601088358432e-01 1.846444018034416662e-03 4.498391908076346951e-02 -5.134765369108866421e-04 -1.823590980805382808e-03 9.999982054272962273e-01 6.000694782985147198e-03 9.987252950668334961e-01 -5.038804933428764343e-02 2.972013782709836960e-03 2.545753121376037598e-01 5.037059634923934937e-02 9.987145662307739258e-01 5.652596242725849152e-03 5.206239223480224609e-02 -3.253018250688910484e-03 -5.495696794241666794e-03 9.999796748161315918e-01 5.125451833009719849e-03 5.759715270996093750e+01
2.490144000000000000e+06 9.986550908925277970e-01 -5.184166866545598246e-02 6.714629622474056194e-04 2.486797320744247863e-01 5.184087132104357037e-02 9.986546901787155539e-01 1.154938453579247831e-03 4.684940139857153574e-02 -7.304335723340116228e-04 -1.118575941826686643e-03 9.999991076269438839e-01 6.333476873715672070e-03 9.986200332641601562e-01 -5.251704528927803040e-02 1.345270429737865925e-04 2.592584192752838135e-01 5.251647904515266418e-02 9.986150264739990234e-01 3.157315542921423912e-03 5.023135617375373840e-02 -3.001500153914093971e-04 -3.145889844745397568e-03 9.999949336051940918e-01 4.051672760397195816e-03 5.746128082275390625e+01
2.593620000000000000e+06 9.985409849241587699e-01 -5.398763992262237132e-02 1.111923199599322652e-03 2.438858161682340708e-01 5.398654606509575848e-02 9.985411710447787970e-01 9.913543169803975055e-04 4.749436234964121706e-02 -1.163821969989210694e-03 -9.298790274940597553e-04 9.999988904211728480e-01 6.378842031589890445e-03 9.985058307647705078e-01 -5.463204532861709595e-02 -1.187183428555727005e-03 2.672726511955261230e-01 5.463260412216186523e-02 9.985064268112182617e-01 4.904476227238774300e-04 4.540769010782241821e-02 1.158616389147937298e-03 -5.545692984014749527e-04 9.999991655349731445e-01 3.954579122364521027e-03 5.779235076904296875e+01
2.697329000000000000e+06 9.984109045440054953e-01 -5.634091450911163368e-02 1.169145242078321054e-03 2.702534121833022884e-01 5.634059153248414942e-02 9.984115599860099444e-01 3.073968585214148573e-04 4.890804088450011883e-02 -1.184607145797660034e-03 -2.410380381357522383e-04 9.999992693029882140e-01 6.367599217113886594e-03 9.983935356140136719e-01 -5.665735527873039246e-02 -5.904965219087898731e-04 2.767335772514343262e-01 5.665308982133865356e-02 9.983776211738586426e-01 -5.707932636141777039e-03 3.639151155948638916e-02 9.129371028393507004e-04 5.665303207933902740e-03 9.999835491180419922e-01 1.467328751459717751e-03 5.816032028198242188e+01
2.800890000000000000e+06 9.983400008841603057e-01 -5.757755964226520667e-02 1.437804879856019631e-03 2.673784540516463970e-01 5.757729344812177047e-02 9.983410260416174520e-01 2.258848418082448368e-04 4.919726437425371579e-02 -1.448425496882251636e-03 -1.427249602484489499e-04 9.999989408460291385e-01 6.321598346224945736e-03 9.983257055282592773e-01 -5.783668532967567444e-02 -8.228009101003408432e-04 2.880248725414276123e-01 5.783194676041603088e-02 9.983142614364624023e-01 -4.906155634671449661e-03 4.003375023603439331e-02 1.105165458284318447e-03 4.850367549806833267e-03 9.999876022338867188e-01 1.661309972405433655e-03 5.792528152465820312e+01
2.904641000000000000e+06 9.983018205928936295e-01 -5.823746745696327387e-02 1.368380549718965647e-03 2.795068691704212793e-01 5.823753379488101622e-02 9.983027545102948208e-01 -8.649846249213612517e-06 4.977334279719582838e-02 -1.365554326930058923e-03 8.832626388514323683e-05 9.999990637295094187e-01 6.256788247310136886e-03 9.983488917350769043e-01 -5.743359774351119995e-02 9.087030193768441677e-04 2.974367439746856689e-01 5.743567273020744324e-02 9.983463287353515625e-01 -2.374937757849693298e-03 4.430609941482543945e-02 -7.707959157414734364e-04 2.423200756311416626e-03 9.999967813491821289e-01 2.627424662932753563e-03 5.803571319580078125e+01
3.008248000000000000e+06 9.982393161735587661e-01 -5.929715657654710537e-02 1.454343820446856372e-03 2.865609130155822304e-01 5.929750770005182137e-02 9.982403348089000650e-01 -1.994735554443523295e-04 5.030160315454807601e-02 -1.439956448616043017e-03 2.853613034078765487e-04 9.999989225466718867e-01 6.199776232075696059e-03 9.982526898384094238e-01 -5.906545743346214294e-02 1.713023288175463676e-03 3.106378316879272461e-01 5.906826257705688477e-02 9.982526898384094238e-01 -1.607812009751796722e-03 4.721366986632347107e-02 -1.615068293176591396e-03 1.706186332739889622e-03 9.999972581863403320e-01 2.176844980567693710e-03 5.806515121459960938e+01
3.112001000000000000e+06 9.982037277125295205e-01 -5.989598555544321107e-02 1.337528327286892403e-03 3.017540940712521991e-01 5.989656302180120656e-02 9.982045106511038268e-01 -3.959050412644261191e-04 5.090393729622381958e-02 -1.311413687419997432e-03 4.753072358390352664e-04 9.999990271381362650e-01 6.159984609936427179e-03 9.981776475906372070e-01 -6.033862382173538208e-02 7.684838492423295975e-04 3.198237419128417969e-01 6.033949553966522217e-02 9.981773495674133301e-01 -1.144831767305731773e-03 4.813686013221740723e-02 -6.980066536925733089e-04 1.189117669127881527e-03 9.999990463256835938e-01 1.635310123674571514e-03 5.778003311157226562e+01
3.215751000000000000e+06 9.982237763087878912e-01 -5.956407876468337859e-02 1.188661609345092324e-03 3.150305870313671597e-01 5.956451260877339282e-02 9.982244026087715438e-01 -3.329530450100854841e-04 5.106482818666562007e-02 -1.166718983393783687e-03 4.031636956633487603e-04 9.999992381126303620e-01 6.182752235981926400e-03 9.981883168220520020e-01 -6.015222519636154175e-02 1.358660170808434486e-03 3.303059637546539307e-01 6.015226617455482483e-02 9.981891512870788574e-01 -1.157257975137326866e-05 5.009597912430763245e-02 -1.355504384264349937e-03 9.328411397291347384e-05 9.999990463256835938e-01 1.440912717953324318e-03 6.022204971313476562e+01
3.319374000000000000e+06 9.982231805029571081e-01 -5.957402661557393425e-02 1.190482739954983223e-03 3.144783535194575763e-01 5.957447199538296739e-02 9.982238051559011449e-01 -3.421934173767014189e-04 5.104829094320904176e-02 -1.167982370831144139e-03 4.125077822954728666e-04 9.999992328269590169e-01 6.187145040718174289e-03 9.981895685195922852e-01 -6.011654064059257507e-02 1.853618072345852852e-03 3.467434048652648926e-01 6.011697277426719666e-02 9.981912970542907715e-01 -2.049308823188766837e-04 5.131731182336807251e-02 -1.837952644564211369e-03 3.159858169965445995e-04 9.999983310699462891e-01 1.051252911565825343e-04 6.015545654296875000e+01
3.423126000000000000e+06 9.982527652456739675e-01 -5.907909504687213625e-02 1.038007487036992412e-03 3.284320872509883804e-01 5.907928347843121458e-02 9.982532822260088423e-01 -1.517904351441515959e-04 5.105764421854606244e-02 -1.027226740141386555e-03 2.128499558012704408e-04 9.999994497499485879e-01 6.130571054251858672e-03 9.982108473777770996e-01 -5.978065356612205505e-02 1.236404525116086006e-03 3.594499528408050537e-01 5.977982655167579651e-02 9.982113242149353027e-01 7.435958250425755978e-04 5.195732414722442627e-02 -1.278642332181334496e-03 -6.683490355499088764e-04 9.999989867210388184e-01 1.840563956648111343e-03 6.043392181396484375e+01
3.526893000000000000e+06 9.982623510429218250e-01 -5.891873911984577689e-02 9.277013280770734973e-04 3.700795641088761578e-01 5.891854601737996772e-02 9.982627660438289086e-01 2.341467483479346364e-04 5.168328336606868578e-02 -9.398853251542775306e-04 -1.790810694560281569e-04 9.999995422726628558e-01 5.957756538804871195e-03 9.982947111129760742e-01 -5.828689411282539368e-02 3.191290656104683876e-03 3.773848712444305420e-01 5.829090252518653870e-02 9.982990026473999023e-01 -1.178464270196855068e-03 4.846060648560523987e-02 -3.117171814665198326e-03 1.362476148642599583e-03 9.999942183494567871e-01 5.305357277393341064e-03 5.814563369750976562e+01
3.630648000000000000e+06 9.984351403793509938e-01 -5.592019995412535888e-02 4.487206453003915181e-04 3.721433264205476488e-01 5.592002626257722847e-02 9.984351744870967327e-01 3.907264799006733309e-04 4.973338986980668092e-02 -4.698679809843913269e-04 -3.650225747265815413e-04 9.999998229912651082e-01 6.115844187026080875e-03 9.984279274940490723e-01 -5.598722398281097412e-02 2.658744808286428452e-03 3.885746002197265625e-01 5.599435046315193176e-02 9.984273910522460938e-01 -2.685659332200884819e-03 4.012899473309516907e-02 -2.504203701391816139e-03 2.830311190336942673e-03 9.999928474426269531e-01 7.952610962092876434e-03 5.804924774169921875e+01
3.734395000000000000e+06 9.986127735060853494e-01 -5.265443022830419706e-02 -1.991280566709802136e-04 3.567144015276177416e-01 5.265454291054970370e-02 9.986126006144678824e-01 6.108101729549336202e-04 4.795030093874454169e-02 1.666899258769699577e-04 -6.204478374125638705e-04 9.999997936294597878e-01 5.986302698024074942e-03 9.986238479614257812e-01 -5.244471505284309387e-02 2.686583902686834335e-04 4.001221358776092529e-01 5.244507268071174622e-02 9.986224770545959473e-01 -1.669645542278885841e-03 4.015219584107398987e-02 -1.807187218219041824e-04 1.681439811363816261e-03 9.999985694885253906e-01 7.079776376485824585e-03 5.807680130004882812e+01
3.838251000000000000e+06 9.988739213361785829e-01 -4.744302014472777385e-02 -2.219370335140930439e-04 4.077338606671979671e-01 4.744320301016792529e-02 9.988735247997676536e-01 9.077908835274166007e-04 4.202113722567230730e-02 1.786186885069596325e-04 -9.172980427192555268e-04 9.999995633297646958e-01 5.407180549158281495e-03 9.988314509391784668e-01 -4.832984507083892822e-02 -6.617490271310089156e-06 4.169252514839172363e-01 4.832965135574340820e-02 9.988267421722412109e-01 3.074030624702572823e-03 4.520900547504425049e-02 -1.419594045728445053e-04 -3.070759121328592300e-03 9.999952912330627441e-01 4.639579914510250092e-03 6.026982498168945312e+01
3.942122000000000000e+06 9.990924686158222379e-01 -4.259330786819350012e-02 -2.219568224217836026e-04 4.133180287319048740e-01 4.259350588817877037e-02 9.990920036263404302e-01 9.805768169096013096e-04 3.735150769676094662e-02 1.799892758304233627e-04 -9.891408319679156815e-04 9.999994946020056563e-01 5.081018258258196592e-03 9.990625977516174316e-01 -4.328386485576629639e-02 -5.603806930594146252e-04 4.334872364997863770e-01 4.328550770878791809e-02 9.990572333335876465e-01 3.309652209281921387e-03 4.210948944091796875e-02 4.165955178905278444e-04 -3.330809762701392174e-03 9.999943971633911133e-01 1.905342563986778259e-03 6.045177459716796875e+01
4.046284000000000000e+06 9.992487815386943417e-01 -3.875390293685026383e-02 8.687546666858423933e-05 4.428867670138767476e-01 3.875381331562594706e-02 9.992484131135872527e-01 8.664815059190616358e-04 3.337943791032080276e-02 -1.203897135718545340e-04 -8.624638332560594740e-04 9.999996208311412449e-01 4.490694398081296161e-03 9.992628097534179688e-01 -3.834122791886329651e-02 -1.968482974916696548e-03 4.475292563438415527e-01 3.834553062915802002e-02 9.992620944976806641e-01 2.215277403593063354e-03 3.618745878338813782e-02 1.882094657048583031e-03 -2.289124531671404839e-03 9.999955296516418457e-01 1.900627103168517351e-04 6.047209548950195312e+01
4.150266000000000000e+06 9.993912500650040664e-01 -3.488706428894503692e-02 1.487749156891431449e-04 4.705042821420710730e-01 3.488694290197701803e-02 9.993909820299708979e-01 7.525605189434831201e-04 2.998051990902308311e-02 -1.749389342525437604e-04 -7.469120962291215344e-04 9.999997057593246197e-01 4.271575535299334918e-03 9.993916153907775879e-01 -3.475566208362579346e-02 -2.897445810958743095e-03 4.625338912010192871e-01 3.475563973188400269e-02 9.993957877159118652e-01 -5.794083699584007263e-05 3.050660714507102966e-02 2.897709840908646584e-03 -4.279680433683097363e-05 9.999958276748657227e-01 1.488299691118299961e-03 6.037200164794921875e+01
4.254380000000000000e+06 9.994960137991270033e-01 -3.174457288818035433e-02 2.184216108214565740e-05 4.689741615173637634e-01 3.174455218962866226e-02 9.994958062457651726e-01 6.455142751361645295e-04 2.752272269340775776e-02 -4.232272365750451766e-05 -6.444955752117440418e-04 9.999997914170954960e-01 4.532332389232084091e-03 9.994914531707763672e-01 -3.175578266382217407e-02 -2.908069174736738205e-03 4.760482311248779297e-01 3.175549581646919250e-02 9.994956851005554199e-01 -1.440513733541592956e-04 2.377921156585216522e-02 2.911182818934321404e-03 5.162989691598340869e-05 9.999958276748657227e-01 3.797885496169328690e-03 6.051062393188476562e+01
4.358512000000000000e+06 9.996491845127530862e-01 -2.648550917743414460e-02 -1.603282977100690542e-04 4.784091359826491696e-01 2.648558368674409566e-02 9.996490792113260637e-01 4.819619106369413307e-04 2.332448429844666618e-02 1.475070285437866469e-04 -4.860392194891294130e-04 9.999998710037681926e-01 5.202267987524554320e-03 9.996362924575805664e-01 -2.689463831484317780e-02 -1.961144385859370232e-03 4.942502379417419434e-01 2.689687348902225494e-02 9.996375441551208496e-01 1.123319962061941624e-03 2.450582757592201233e-02 1.930215163156390190e-03 -1.175660174340009689e-03 9.999974370002746582e-01 2.496288856491446495e-03 6.053104019165039062e+01
4.462646000000000000e+06 9.997695851069083872e-01 -2.146262479249745961e-02 -3.639259857617903608e-04 4.971906283074838395e-01 2.146274236646309938e-02 9.997695968675923694e-01 3.223030693787673462e-04 1.840652525417563537e-02 3.569246663782720615e-04 -3.300396554573776261e-04 9.999998818392997757e-01 5.933013448743753096e-03 9.997710585594177246e-01 -2.125185541808605194e-02 -2.518015913665294647e-03 5.093719363212585449e-01 2.125407755374908447e-02 9.997737407684326172e-01 8.570358040742576122e-04 1.991194486618041992e-02 2.499232767149806023e-03 -9.103582706302404404e-04 9.999964833259582520e-01 -5.591300432570278645e-04 6.008617782592773438e+01
4.566885000000000000e+06 9.998731265159130910e-01 -1.591990839593044466e-02 -5.360927579769076421e-04 5.382151363527951649e-01 1.592002101312122581e-02 9.998732471227581575e-01 2.064621362599959923e-04 1.359422403105283242e-02 5.327379484798671619e-04 -2.149705494103571987e-04 9.999998349889618332e-01 7.194198136764793673e-03 9.998637437820434570e-01 -1.643501967191696167e-02 -1.522910897620022297e-03 5.290836095809936523e-01 1.643490418791770935e-02 9.998649358749389648e-01 -8.558705303585156798e-05 1.357721444219350815e-02 1.524111023172736168e-03 6.054639015928842127e-05 9.999988079071044922e-01 -3.123255912214517593e-03 6.023219299316406250e+01
4.671250000000000000e+06 9.999178960406160943e-01 -1.280013636589486491e-02 -5.980770116811220255e-04 5.476673888228978937e-01 1.280027125114998644e-02 9.999180484769411015e-01 2.222506130130304279e-04 1.085775387425311038e-02 5.951831603706134871e-04 -2.298879128996071620e-04 9.999997964542675088e-01 7.560242149316855759e-03 9.999111294746398926e-01 -1.333006378263235092e-02 2.714401343837380409e-04 5.450425148010253906e-01 1.333030592650175095e-02 9.999107718467712402e-01 -9.169531986117362976e-04 1.051502209156751633e-02 -2.591921656858175993e-04 9.204919333569705486e-04 9.999995231628417969e-01 -3.023564750037621707e-05 6.061852645874023438e+01
4.775500000000000000e+06 9.999533582911358520e-01 -9.636850690718477830e-03 -6.421437139224068363e-04 5.597343325134270797e-01 9.637019212808163593e-03 9.999535290853801550e-01 2.598613095018311304e-04 8.098230899354064843e-03 6.396096282089685364e-04 -2.660375405999186181e-04 9.999997600617400728e-01 7.982583481995384270e-03 9.999497532844543457e-01 -9.876422584056854248e-03 1.694705686531960964e-03 5.591876506805419922e-01 9.874369949102401733e-03 9.999504685401916504e-01 1.217149663716554642e-03 8.875396102666854858e-03 -1.706638373434543610e-03 -1.200357801280915737e-03 9.999978542327880859e-01 5.242699757218360901e-03 6.019292831420898438e+01
4.879959000000000000e+06 9.999740983516144377e-01 -7.171316556408560347e-03 -6.122446632299742651e-04 5.758098427460487390e-01 7.171488838494282855e-03 9.999742454356809196e-01 2.796640677115809145e-04 5.928165911062285506e-03 6.102233355297422435e-04 -2.840475298212042157e-04 9.999997734722099185e-01 8.441511502106773326e-03 9.999753236770629883e-01 -6.810943596065044403e-03 1.737215439788997173e-03 5.771279335021972656e-01 6.806930061429738998e-03 9.999741911888122559e-01 2.304495777934789658e-03 9.367549791932106018e-03 -1.752861426211893559e-03 -2.292612334713339806e-03 9.999958276748657227e-01 7.750737480819225311e-03 5.965769577026367188e+01
4.984250000000000000e+06 9.999882363654727380e-01 -4.826647626321403477e-03 -4.802118773279140666e-04 6.064894209587861074e-01 4.826791864477024234e-03 9.999883060739397367e-01 2.996593961140720159e-04 4.014377185074656518e-03 4.787599114579791748e-04 -3.019737538048594921e-04 9.999998398003873135e-01 8.974402706864784834e-03 9.999890327453613281e-01 -4.581660963594913483e-03 8.401121594943106174e-04 5.900844335556030273e-01 4.581525456160306931e-03 9.999895691871643066e-01 1.213910727528855205e-04 2.565993461757898331e-03 -8.406682754866778851e-04 -1.175422003143467009e-04 9.999996423721313477e-01 2.896686550229787827e-03 5.937903976440429688e+01
5.088502000000000000e+06 9.999986692210279804e-01 -1.586298509660515272e-03 -3.810683676697647826e-04 6.126553223532846815e-01 1.586368285607687783e-03 9.999987249955732960e-01 1.828736842421236090e-04 1.161413644949841608e-03 3.807777895410872438e-04 -1.834779556758535087e-04 9.999999106720497410e-01 9.098530242555592437e-03 9.999985098838806152e-01 -1.746956259012222290e-03 -3.979411849286407232e-05 6.079012155532836914e-01 1.746845664456486702e-03 9.999954700469970703e-01 -2.434120746329426765e-03 -2.633458934724330902e-03 4.404709761729463935e-05 2.434048335999250412e-03 9.999969601631164551e-01 -5.844277620781213045e-05 5.886044692993164062e+01
5.192878000000000000e+06 9.999997601053074447e-01 6.101506144092917316e-04 -3.278804015736322148e-04 6.282029060830207623e-01 -6.101067272727439973e-04 9.999998049156598734e-01 1.339344074904567916e-04 -4.505961972883437499e-04 3.279620577698954230e-04 -1.337343333226058894e-04 9.999999372780067342e-01 9.479266203565109294e-03 9.999982714653015137e-01 6.174174486659467220e-04 1.767903682775795460e-03 6.235796809196472168e-01 -6.134335417300462723e-04 9.999973773956298828e-01 -2.216693246737122536e-03 -2.559709362685680389e-03 -1.769270980730652809e-03 2.215605927631258965e-03 9.999960064888000488e-01 2.088496694341301918e-03 5.835615921020507812e+01
5.297154000000000000e+06 9.999990614720818405e-01 1.333731449138934270e-03 -3.133934956905150824e-04 6.485524272649415556e-01 -1.333689548941742638e-03 9.999991016752406425e-01 1.338693400737415756e-04 -9.773333561581406745e-04 3.135717599002388269e-04 -1.334512448273412143e-04 9.999999419317598948e-01 9.626901225335179543e-03 9.999947547912597656e-01 1.469117705710232258e-03 2.892266027629375458e-03 6.395282149314880371e-01 -1.470989547669887543e-03 9.999987483024597168e-01 6.339013343676924706e-04 -2.894270292017608881e-04 -2.891334705054759979e-03 -6.381510756909847260e-04 9.999955892562866211e-01 8.528983220458030701e-03 5.858214569091796875e+01
5.401501000000000000e+06 9.999986618989825660e-01 1.606394774428200741e-03 -3.093478946914811302e-04 6.509386736672879703e-01 -1.606355157458269145e-03 9.999987015838832649e-01 1.282719808712527970e-04 -1.226462333374026947e-03 3.095535484653678037e-04 -1.277748866529958293e-04 9.999999439250888411e-01 9.645778479032614608e-03 9.999979734420776367e-01 1.917316694743931293e-03 6.483802571892738342e-04 6.551343202590942383e-01 -1.918843714520335197e-03 9.999952316284179688e-01 2.396018244326114655e-03 1.644166768528521061e-03 -6.437742849811911583e-04 -2.397254575043916702e-03 9.999968409538269043e-01 8.566783741116523743e-03 5.793542480468750000e+01
5.505749000000000000e+06 9.999988365033869453e-01 1.494315884950694505e-03 -3.066138026116218174e-04 6.597197307392219656e-01 -1.494275425543322789e-03 9.999988748391076543e-01 1.321422833476999814e-04 -1.094784830678385140e-03 3.068109199250539641e-04 -1.316839641529846160e-04 9.999999442631977153e-01 9.666110916631810712e-03 9.999949336051940918e-01 1.713513978756964207e-03 -2.674418268725275993e-03 6.653316020965576172e-01 -1.708972500637173653e-03 9.999970793724060059e-01 1.702395384199917316e-03 3.164645982906222343e-03 2.677331911399960518e-03 -1.697824336588382721e-03 9.999949932098388672e-01 4.683318547904491425e-03 5.767267227172851562e+01
5.610008000000000000e+06 9.999995047329766074e-01 9.506944533997654066e-04 -2.944721913582611550e-04 6.739396427788639787e-01 -9.506539070673601134e-04 9.999995386339260994e-01 1.378009317186983302e-04 -4.737281935569401985e-04 2.946030620784146725e-04 -1.375209223351104930e-04 9.999999471485152558e-01 9.561080232538935603e-03 9.999992251396179199e-01 1.246599596925079823e-03 -1.796424621716141701e-04 6.838040947914123535e-01 -1.246528699994087219e-03 9.999991059303283691e-01 3.612214932218194008e-04 -2.355032629566267133e-04 1.800866157282143831e-04 -3.609945706557482481e-04 9.999999403953552246e-01 4.267187614459544420e-04 5.805427169799804688e+01
5.714253000000000000e+06 9.999990183867165650e-01 1.375873503501823898e-03 -2.649485626551065188e-04 6.935291577245819017e-01 -1.375840088750714596e-03 9.999990455609351070e-01 1.262588740258421219e-04 -7.445587009639858395e-04 2.651220260140897678e-04 -1.258942232410395165e-04 9.999999569304778291e-01 9.490648033503830752e-03 9.999962449073791504e-01 1.525969128124415874e-03 2.273107413202524185e-03 7.008289694786071777e-01 -1.524793915450572968e-03 9.999987483024597168e-01 -5.209047812968492508e-04 -1.664144452661275864e-03 -2.273902297019958496e-03 5.174413672648370266e-04 9.999973177909851074e-01 -2.050819894066080451e-04 5.769136047363281250e+01
5.818377000000000000e+06 9.999985262303973110e-01 1.701779508205345480e-03 -2.269000046987845059e-04 7.217248515150660459e-01 -1.701753688842574420e-03 9.999985455254223332e-01 1.139363627323673240e-04 -8.379262798281968691e-04 2.270935692410206558e-04 -1.135500669060294181e-04 9.999999677674468179e-01 9.388112047826505449e-03 9.999919533729553223e-01 1.840953365899622440e-03 3.555075498297810555e-03 7.175199985504150391e-01 -1.843997044488787651e-03 9.999979734420776367e-01 8.554045925848186016e-04 -6.533360283356159925e-05 -3.553487127646803856e-03 -8.619559812359511852e-04 9.999933242797851562e-01 4.588546697050333023e-03 5.733923339843750000e+01
5.922523000000000000e+06 9.999987237996084133e-01 1.582621867478954105e-03 -2.184199960205974848e-04 7.301519328346902649e-01 -1.582597099654833037e-03 9.999987412488866578e-01 1.135216999106055600e-04 -6.262594426256731968e-04 2.185993830007761259e-04 -1.131758841976124931e-04 9.999999697027653900e-01 9.358974658834343791e-03 9.999928474426269531e-01 1.824068254791200161e-03 3.302375553175806999e-03 7.319613695144653320e-01 -1.827545231208205223e-03 9.999977946281433105e-01 1.048979349434375763e-03 -7.274833624251186848e-04 -3.300464013591408730e-03 -1.055008498951792717e-03 9.999939799308776855e-01 8.689804002642631531e-03 5.820415878295898438e+01
6.026772000000000000e+06 9.999988212101528218e-01 1.524479140334577751e-03 -1.831437870301354037e-04 7.518176865355031824e-01 -1.524459348569243491e-03 9.999988321621009479e-01 1.081578483653451250e-04 -3.696459212493446479e-04 1.833084575321913335e-04 -1.078785256106579973e-04 9.999999773801162561e-01 9.281898664583161304e-03 9.999977946281433105e-01 1.855589798651635647e-03 -1.044237753376364708e-03 7.418152689933776855e-01 -1.854400383308529854e-03 9.999976158142089844e-01 1.143491244874894619e-03 -1.050435355864465237e-03 1.046361983753740788e-03 -1.141560496762394905e-03 9.999988079071044922e-01 4.773669876158237457e-03 5.865887832641601562e+01
6.130876000000000000e+06 9.999988085232344170e-01 1.533048710156143706e-03 -1.808694832796062810e-04 7.514042599144263868e-01 -1.533029135811041872e-03 9.999988190443261926e-01 1.083126397097310448e-04 -3.991679307928597481e-04 1.810353182329303137e-04 -1.080352324708167716e-04 9.999999777773008747e-01 9.279236346955804099e-03 9.999944567680358887e-01 1.957372529432177544e-03 -2.698494819924235344e-03 7.556337118148803711e-01 -1.951394951902329922e-03 9.999957084655761719e-01 2.213442232459783554e-03 1.937996712513267994e-04 2.702811732888221741e-03 -2.208157442510128021e-03 9.999939203262329102e-01 1.301865675486624241e-03 5.514841461181640625e+01
6.235023000000000000e+06 9.999992630489448198e-01 1.205036297829827248e-03 -1.476113413675622492e-04 7.716530654494098140e-01 -1.205021059706096534e-03 9.999992686288098342e-01 1.032768654860783997e-04 1.316501240995202396e-04 1.477356857788367608e-04 -1.030989146034880726e-04 9.999999837723905216e-01 9.278064509241842200e-03 9.999983310699462891e-01 1.616882625967264175e-03 -7.825310458429157734e-04 7.672685980796813965e-01 -1.615860615856945515e-03 9.999977946281433105e-01 1.313975662924349308e-03 9.725831660034600645e-06 7.846520165912806988e-04 -1.312710461206734180e-03 9.999988079071044922e-01 1.716303173452615738e-03 5.545056152343750000e+01
6.339025000000000000e+06 9.999989016440805623e-01 1.475799866095048405e-03 -1.368403796229960407e-04 7.737469423405805014e-01 -1.475787094338316344e-03 9.999989066649866976e-01 9.338728832229376638e-05 -1.488321624625009725e-04 1.369780509643716952e-04 -9.318523847455069062e-05 9.999999862767617875e-01 9.305882639490021396e-03 9.999964237213134766e-01 1.606450299732387066e-03 2.131334738805890083e-03 7.875365018844604492e-01 -1.600710442289710045e-03 9.999951124191284180e-01 -2.689821645617485046e-03 -7.522463798522949219e-03 -2.135639544576406479e-03 2.686402061954140663e-03 9.999941587448120117e-01 2.191526349633932114e-03 5.570953750610351562e+01
6.443143000000000000e+06 9.999996113673474962e-01 8.697270827674985190e-04 -1.443603929186746001e-04 7.867095448789682699e-01 -8.697127427855141099e-04 9.999996168628165760e-01 9.936766645403267973e-05 6.263835919774054595e-04 1.444467603631028360e-04 -9.924207575800880331e-05 9.999999846430711603e-01 9.460109674951625372e-03 9.999973773956298828e-01 1.116233179345726967e-03 1.993737882003188133e-03 7.940873503684997559e-01 -1.111397170461714268e-03 9.999964833259582520e-01 -2.421419136226177216e-03 -6.501201074570417404e-03 -1.996433595195412636e-03 2.419199328869581223e-03 9.999951124191284180e-01 6.396362092345952988e-03 5.663900756835937500e+01
6.547271000000000000e+06 9.999991174149761575e-01 1.322725660160734744e-03 -1.247643441886026137e-04 7.967291661204926045e-01 -1.322716594750410419e-03 9.999991225663200645e-01 7.271481629636373741e-05 2.377458779818571741e-04 1.248604164671158058e-04 -7.254972425505429876e-05 9.999999895732071264e-01 9.624432662723997681e-03 9.999965429306030273e-01 1.320456969551742077e-03 2.280093031004071236e-03 8.026323914527893066e-01 -1.318604219704866409e-03 9.999987483024597168e-01 -8.155716932378709316e-04 -3.578130155801773071e-03 -2.281159628182649612e-03 8.125624153763055801e-04 9.999970197677612305e-01 7.860713638365268707e-03 5.601971054077148438e+01
6.651280000000000000e+06 9.999997923389628562e-01 6.280563357726051329e-04 -1.444550617256965604e-04 7.965295832174824620e-01 -6.280419031830428676e-04 9.999997977882333355e-01 9.993425398609163480e-05 9.646266115146966309e-04 1.445177968573682973e-04 -9.984350940058100174e-05 9.999999845729397041e-01 9.615565150932243663e-03 9.999912381172180176e-01 7.448530523106455803e-04 -4.131622612476348877e-03 8.023442029953002930e-01 -7.446193485520780087e-04 9.999997019767761230e-01 5.940114351687952876e-05 -2.025358844548463821e-03 4.131658002734184265e-03 -5.632866304949857295e-05 9.999915361404418945e-01 1.037747319787740707e-02 5.615766525268554688e+01
6.755380000000000000e+06 9.999999763483243820e-01 1.460354528366924402e-04 -1.611738129738180631e-04 7.928127701400442540e-01 -1.460159560688434961e-04 9.999999820224996228e-01 1.209724828165378553e-04 1.438903644694414664e-03 1.611914763473511940e-04 -1.209489460073057430e-04 9.999999796943302988e-01 9.543555150682059285e-03 9.999712109565734863e-01 5.296804592944681644e-04 -7.557232398539781570e-03 8.071804642677307129e-01 -5.396350170485675335e-04 9.999989867210388184e-01 -1.315521541982889175e-03 -4.981948994100093842e-03 7.556536234915256500e-03 1.319563947618007660e-03 9.999705553054809570e-01 8.816294372081756592e-03 5.597145462036132812e+01
6.859377000000000000e+06 9.999999875148459783e-01 -5.159130360128207554e-05 -1.493607898715125634e-04 8.085339202042536311e-01 5.160657910734565507e-05 9.999999934387544531e-01 1.022704847714583085e-04 1.562195541536801676e-03 1.493555126239372180e-04 -1.022781914939453198e-04 9.999999836160512467e-01 9.753519194200413120e-03 9.999877214431762695e-01 2.552284968260210007e-05 -4.974209703505039215e-03 8.218785524368286133e-01 -4.278406777302734554e-05 9.999939799308776855e-01 -3.468225011602044106e-03 -8.160443976521492004e-03 4.974081180989742279e-03 3.468396607786417007e-03 9.999816417694091797e-01 1.398440450429916382e-03 5.959705734252929688e+01
6.963378000000000000e+06 9.999998322623033786e-01 -5.608976151903418989e-04 -1.444618260917878826e-04 8.195014408367345959e-01 5.609105601877214815e-04 9.999998386770511116e-01 8.958350527663311443e-05 1.819159349265654473e-03 1.444115556106344289e-04 -8.966452041660160483e-05 9.999999855527875736e-01 9.848596489818135097e-03 9.999997019767761230e-01 -5.130232893861830235e-04 -6.209982093423604965e-04 8.317966461181640625e-01 5.120727582834661007e-04 9.999986886978149414e-01 -1.536913099698722363e-03 -5.938757210969924927e-03 6.217900081537663937e-04 1.536594587378203869e-03 9.999986290931701660e-01 1.765688997693359852e-03 5.837648010253906250e+01
7.067377000000000000e+06 9.999999909077219584e-01 9.318411874291634555e-05 -9.747448987597091971e-05 8.481140990169353522e-01 -9.318192489272767310e-05 9.999999954051870255e-01 2.251121574583368919e-05 1.007876498057270554e-03 9.747658711588517847e-05 -2.250213268060331621e-05 9.999999949959844647e-01 1.029097862014460331e-02 9.999623298645019531e-01 1.354628766421228647e-04 8.669146336615085602e-03 8.461033701896667480e-01 -1.439928455511108041e-04 9.999995231628417969e-01 9.842910803854465485e-04 -3.270946326665580273e-04 -8.669015020132064819e-03 -9.855029638856649399e-04 9.999619722366333008e-01 6.627676542848348618e-03 5.821535873413085938e+01
7.171256000000000000e+06 9.999999915509923953e-01 -7.405005263753882923e-05 -1.068391541865988437e-04 8.424189192146802618e-01 7.405373806941606722e-05 9.999999966631867299e-01 3.449159938180282250e-05 1.183902329867764312e-03 1.068365997253583011e-04 -3.449951092908695803e-05 9.999999936978624104e-01 1.020787196451312592e-02 9.999758601188659668e-01 -3.673403989523649216e-04 6.943287793546915054e-03 8.498190641403198242e-01 3.593602159526199102e-04 9.999992251396179199e-01 1.149720046669244766e-03 1.213715993799269199e-03 -6.943699903786182404e-03 -1.147196395322680473e-03 9.999752044677734375e-01 1.002912689000368118e-02 5.830732727050781250e+01
7.275272000000000000e+06 9.999999848848084572e-01 -1.312866169350550879e-04 -1.139921366272155385e-04 8.389659527412256512e-01 1.312914301784379970e-04 9.999999904901051284e-01 4.221788967748803836e-05 1.263874143592632693e-03 1.139865928992967863e-04 -4.223285522988366145e-05 9.999999926117213445e-01 1.014765112431009059e-02 9.999818205833435059e-01 -3.210488357581198215e-04 6.008396390825510025e-03 8.492242097854614258e-01 3.093207487836480141e-04 9.999980926513671875e-01 1.953747589141130447e-03 4.699707496911287308e-03 -6.009019911289215088e-03 -1.951855374500155449e-03 9.999800324440002441e-01 1.199314184486865997e-02 5.655260848999023438e+01
7.379272000000000000e+06 9.999999148703189178e-01 -3.956719981919810036e-04 -1.170599506841969115e-04 8.391995899452282526e-01 3.956778575252905628e-04 9.999999204677560982e-01 5.003520230841333966e-05 1.461497705634059400e-03 1.170401438465345280e-04 -5.008151607742090722e-05 9.999999918967235057e-01 1.014433490359146345e-02 9.999995231628417969e-01 -3.305349382571876049e-04 9.290723828598856926e-04 8.482795357704162598e-01 3.288441803306341171e-04 9.999982714653015137e-01 1.803820952773094177e-03 5.851223133504390717e-03 -9.296604548580944538e-04 -1.803512801416218281e-03 9.999979138374328613e-01 1.626163162291049957e-02 5.619043350219726562e+01
7.483251000000000000e+06 9.999999154509009447e-01 -3.826629783909627869e-04 -1.505564127707562821e-04 8.154017846851657758e-01 3.826768422547867821e-04 9.999999225411250192e-01 9.206614995363094256e-05 1.722117731749120504e-03 1.505211708011396749e-04 -9.212375662301741197e-05 9.999999844282949635e-01 9.814850678609352702e-03 9.999943971633911133e-01 -3.669421712402254343e-04 -3.313644556328654289e-03 8.426662087440490723e-01 3.680269001051783562e-04 9.999999403953552246e-01 3.239259531255811453e-04 3.673098282888531685e-03 3.313526278361678123e-03 -3.251394082326442003e-04 9.999944567680358887e-01 1.436031889170408249e-02 5.673120117187500000e+01
7.587271000000000000e+06 9.999999494717591864e-01 -2.903755271711091720e-04 -1.293774898094338078e-04 8.302437575020544802e-01 2.903833769358058251e-04 9.999999559990090381e-01 6.065869080845067286e-05 1.488714572507134071e-03 1.293598703178364139e-04 -6.069625681488042689e-05 9.999999897909943591e-01 1.002291360491708999e-02 9.999944567680358887e-01 -4.301695735193789005e-04 -3.311975160613656044e-03 8.400687575340270996e-01 4.296404658816754818e-04 9.999998807907104492e-01 -1.613369968254119158e-04 1.538090407848358154e-03 3.312044544145464897e-03 1.599089155206456780e-04 9.999945163726806641e-01 9.378818795084953308e-03 5.703945541381835938e+01
7.691129000000000000e+06 9.999999945782641619e-01 2.031024993834746101e-05 -1.021320975673076307e-04 8.470254190160571017e-01 -2.030765975155207298e-05 9.999999994721809893e-01 2.536211677968107782e-05 1.072936713722300473e-03 1.021326126243296469e-04 -2.536004257829322793e-05 9.999999944628988890e-01 1.027645643089536258e-02 9.999991059303283691e-01 5.085051816422492266e-05 1.301963464356958866e-03 8.451610803604125977e-01 -5.285598308546468616e-05 9.999988079071044922e-01 1.540986471809446812e-03 2.714737784117460251e-03 -1.301886048167943954e-03 -1.541050965897738934e-03 9.999979734420776367e-01 8.230031467974185944e-03 5.705593490600585938e+01
7.795131000000000000e+06 9.999999828187853268e-01 1.429832879980260719e-04 -1.179754576896976730e-04 8.357607375156150820e-01 -1.429784063189124476e-04 9.999999889221803384e-01 4.138616499450993005e-05 1.105051557224317376e-03 1.179813739126820066e-04 -4.136929634067225989e-05 9.999999921844884287e-01 1.012642794408087805e-02 9.999960660934448242e-01 2.051587944151833653e-04 2.831194316968321800e-03 8.419969677925109863e-01 -2.082219289150089025e-04 9.999993443489074707e-01 1.077112159691751003e-03 2.055487362667918205e-03 -2.830973127856850624e-03 -1.077703665941953659e-03 9.999954104423522949e-01 1.411048695445060730e-02 5.732172775268554688e+01
7.899003000000000000e+06 9.999999615008694498e-01 2.503962686647896404e-04 -1.195824807887687502e-04 8.328064293166523857e-01 -2.503911883207733994e-04 9.999999677491248073e-01 4.249709846346438847e-05 1.050911125997614328e-03 1.195931180468038502e-04 -4.246715442848592080e-05 9.999999919470136112e-01 1.008701256483857979e-02 9.999994039535522461e-01 2.080679951177444309e-05 -1.053399522788822651e-03 8.440325856208801270e-01 -1.986079041671473533e-05 9.999995827674865723e-01 8.875644998624920845e-04 3.981019835919141769e-03 1.053420244716107845e-03 -8.875474450178444386e-04 9.999991059303283691e-01 1.474535837769508362e-02 5.688224029541015625e+01
8.003004000000000000e+06 9.999999793782647917e-01 1.531906169152383920e-04 -1.333270618391789659e-04 8.222578533006436041e-01 -1.531822048814470653e-04 9.999999862767287029e-01 6.310114673530540228e-05 1.234574643164873574e-03 1.333367265129826800e-04 -6.308072210097828150e-05 9.999999891210700209e-01 9.940529572841468736e-03 9.999868273735046387e-01 4.729435313493013382e-04 -5.115380510687828064e-03 8.339120149612426758e-01 -4.691971407737582922e-04 9.999997019767761230e-01 7.341799791902303696e-04 2.136942697688937187e-03 5.115720443427562714e-03 -7.317632553167641163e-04 9.999866485595703125e-01 1.148733682930469513e-02 5.650028610229492188e+01
8.107005000000000000e+06 9.999999890739224018e-01 5.067662337320044468e-05 -1.388669690176131343e-04 8.188988644833908870e-01 -5.066621028594553639e-05 9.999999959048259113e-01 7.498855525866469798e-05 1.336885608878026453e-03 1.388707686156747723e-04 -7.498151857632824721e-05 9.999999875463407850e-01 9.887094979278514967e-03 9.999896883964538574e-01 4.339460574556142092e-04 -4.522035829722881317e-03 8.365053534507751465e-01 -4.284196475055068731e-04 9.999991059303283691e-01 1.223639817908406258e-03 8.169075008481740952e-04 4.522573668509721756e-03 -1.221695449203252792e-03 9.999889731407165527e-01 9.520576335489749908e-03 5.674448013305664062e+01
8.211004000000000000e+06 9.999997825909875404e-01 6.489630229055241709e-04 -1.168972549727085306e-04 8.271183551725094230e-01 -6.489577256235627830e-04 9.999997883986928571e-01 4.534794032583826321e-05 8.223004498250090395e-04 1.169266593738267775e-04 -4.527206908931054238e-05 9.999999921392979108e-01 1.003951273472308836e-02 9.999997019767761230e-01 4.351635579951107502e-04 5.293708527460694313e-04 8.393068313598632812e-01 -4.351550305727869272e-04 9.999999403953552246e-01 1.576127033331431448e-05 -3.715678176376968622e-04 -5.293674184940755367e-04 -1.598643575562164187e-05 9.999999403953552246e-01 1.057726796716451645e-02 5.710153579711914062e+01
8.315006000000000000e+06 9.999998641718442771e-01 5.116279010175396168e-04 -9.946449751491193982e-05 8.421964546925848616e-01 -5.116257577688764369e-04 9.999998688868562136e-01 2.157212649191710222e-05 7.619749548790147320e-04 9.947552137551362304e-05 -2.152123496333156657e-05 9.999999948207285438e-01 1.024099778120908695e-02 9.999959468841552734e-01 7.230290793813765049e-04 2.776741050183773041e-03 8.399033546447753906e-01 -7.203613640740513802e-04 9.999992251396179199e-01 -9.688196587376296520e-04 -2.368797082453966141e-03 -2.777440473437309265e-03 9.668087004683911800e-04 9.999956488609313965e-01 1.517330668866634369e-02 5.688822555541992188e+01
8.418880000000000000e+06 9.999998130907277183e-01 6.014834285394978202e-04 -1.097095499089795342e-04 8.333157360351312049e-01 -6.014794431110821477e-04 9.999998184503224863e-01 3.635646377396775859e-05 7.826556386752228905e-04 1.097313978022819295e-04 -3.629046893794645042e-05 9.999999933210108605e-01 1.011745189414121025e-02 9.999898076057434082e-01 4.154200141783803701e-04 4.491375759243965149e-03 8.434110283851623535e-01 -4.129715962335467339e-04 9.999998211860656738e-01 -5.434181075543165207e-04 -1.397645915858447552e-03 -4.491606261581182480e-03 5.415660561993718147e-04 9.999896883964538574e-01 1.328233629465103149e-02 5.650841522216796875e+01
8.522877000000000000e+06 9.999997345602912313e-01 7.197969427978974551e-04 -1.130120145754857783e-04 8.316505973683232522e-01 -7.197932112932080122e-04 9.999997404024915104e-01 3.305585660249817022e-05 7.073495622400727701e-04 1.130357787420448661e-04 -3.297450254839652610e-05 9.999999930677975213e-01 1.009616954784293627e-02 9.999849796295166016e-01 5.643457407131791115e-04 5.456953775137662888e-03 8.442777395248413086e-01 -5.597968702204525471e-04 9.999994635581970215e-01 -8.359382045455276966e-04 -9.630210115574300289e-04 -5.457415245473384857e-03 8.328704861924052238e-04 9.999847412109375000e-01 1.315821707248687744e-02 5.872726440429687500e+01
8.626899000000000000e+06 9.999999832316445181e-01 1.515867839027971076e-04 -1.027528972532977238e-04 8.414137144369564503e-01 -1.515832195597857190e-04 9.999999879093787181e-01 3.469539215498833161e-05 1.035194429205576160e-03 1.027581553738187180e-04 -3.467981595835419197e-05 9.999999941190359509e-01 1.020278809086084745e-02 9.999921917915344238e-01 -1.851459965109825134e-04 3.950431942939758301e-03 8.375484943389892578e-01 1.847551466198638082e-04 1.000000000000000000e+00 1.023586155497469008e-04 -5.799299833597615361e-05 -3.950452432036399841e-03 -1.016269307001493871e-04 9.999922513961791992e-01 1.639379374682903290e-02 5.863779067993164062e+01
8.730751000000000000e+06 9.999999875095084700e-01 9.407672087927828003e-05 -1.270061166460038742e-04 8.298408590788569628e-01 -9.406999696711530517e-05 9.999999941737478526e-01 5.294657653564437084e-05 1.192483461060709401e-03 1.270110969463019053e-04 -5.293462840939090796e-05 9.999999905330532179e-01 1.002866781550047770e-02 9.999998211860656738e-01 2.696763549465686083e-04 -6.186350365169346333e-04 8.351501822471618652e-01 -2.698867756407707930e-04 9.999998807907104492e-01 -3.292848996352404356e-04 -1.435055979527533054e-03 6.185484817251563072e-04 3.294591442681849003e-04 9.999997019767761230e-01 1.668293774127960205e-02 5.873775863647460938e+01
8.834756000000000000e+06 9.999999221272165562e-01 3.694003974915913797e-04 -1.388845325153451949e-04 8.150791867742839258e-01 -3.693904433502383971e-04 9.999999292055586908e-01 7.169088983674591327e-05 1.138086027001959872e-03 1.389110053252297849e-04 -7.163958163700008845e-05 9.999999877857519426e-01 9.864333183882328937e-03 9.999936819076538086e-01 2.011300530284643173e-04 -3.531956812366843224e-03 8.326882719993591309e-01 -2.015434583881869912e-04 1.000000000000000000e+00 -1.162546468549408019e-04 -1.044115924742072821e-04 3.531925147399306297e-03 1.169573733932338655e-04 9.999937415122985840e-01 1.236627064645290375e-02 5.868963241577148438e+01
8.938756000000000000e+06 9.999999627162009519e-01 2.351856010674792418e-04 -1.387635802100020590e-04 8.143176613242122386e-01 -2.351742086291951051e-04 9.999999689755005861e-01 8.211023505492567637e-05 1.265111788209217700e-03 1.387828870495241937e-04 -8.207759837904513261e-05 9.999999870012892256e-01 9.848064279399717028e-03 9.999892711639404297e-01 4.461632634047418833e-04 -4.621153231710195541e-03 8.292440772056579590e-01 -4.428268293850123882e-04 9.999995827674865723e-01 7.246562745422124863e-04 1.590761938132345676e-03 4.621482454240322113e-03 -7.226079469546675682e-04 9.999891519546508789e-01 1.326120644807815552e-02 5.878361511230468750e+01
9.042758000000000000e+06 9.999999884800572225e-01 -7.906255898446630894e-05 -1.295723630302451598e-04 8.284680436349727284e-01 7.907023707489628137e-05 9.999999951184832536e-01 5.925311047799918890e-05 1.336217396212209963e-03 1.295676776952244295e-04 -5.926335511280190110e-05 9.999999898500357975e-01 1.000574316500662565e-02 9.999969005584716797e-01 4.995127092115581036e-04 -2.443701727315783501e-03 8.299023509025573730e-01 -4.898468614555895329e-04 9.999921321868896484e-01 3.953293897211551666e-03 6.597929168492555618e-03 2.445658203214406967e-03 -3.952079452574253082e-03 9.999891519546508789e-01 1.107229664921760559e-02 5.910748672485351562e+01
9.146631000000000000e+06 9.999999542924187246e-01 -2.630232132937046171e-04 -1.491105365107234758e-04 8.132899658100801732e-01 2.630372533608940958e-04 9.999999609738732254e-01 9.414699893510209295e-05 1.658165485304224831e-03 1.490857678459558446e-04 -9.418621625685824183e-05 9.999999844511955338e-01 9.797067326875090812e-03 9.999980926513671875e-01 -3.868683706969022751e-04 -1.924486248753964901e-03 8.293855786323547363e-01 3.932309627998620272e-04 9.999944567680358887e-01 3.304418642073869705e-03 6.461715791374444962e-03 1.923202420584857464e-03 -3.305169986560940742e-03 9.999927282333374023e-01 8.903153240680694580e-03 5.953705596923828125e+01
9.250652000000000000e+06 9.999997620228812112e-01 -6.757766784064748794e-04 -1.388526649312869430e-04 8.262194796552667642e-01 6.757877010022567436e-04 9.999997685071096987e-01 7.935181718501713014e-05 1.837604677290527542e-03 1.387990086805121167e-04 -7.944563322418509181e-05 9.999999872116132060e-01 9.942694837397578547e-03 9.999983906745910645e-01 -6.662384257651865482e-04 -1.642278744839131832e-03 8.262895345687866211e-01 6.641364307142794132e-04 9.999989271163940430e-01 -1.272097229957580566e-03 -6.039256113581359386e-04 1.643123105168342590e-03 1.271007349714636803e-03 9.999977946281433105e-01 1.267091091722249985e-02 5.974777603149414062e+01
9.354505000000000000e+06 9.999992926285637962e-01 -1.177961710487011393e-03 -1.647682605536964081e-04 8.128724829194164947e-01 1.177980278449943354e-03 9.999992998371276531e-01 1.126397663511068717e-04 2.324444976801904282e-03 1.646354598571364450e-04 -1.128337804345486871e-04 9.999999800818514251e-01 9.724967884384804265e-03 9.999923110008239746e-01 -1.304262317717075348e-03 -3.692401340231299400e-03 8.257274031639099121e-01 1.290571643039584160e-03 9.999923110008239746e-01 -3.711306722834706306e-03 -5.257245153188705444e-03 3.697203937917947769e-03 3.706509713083505630e-03 9.999862909317016602e-01 1.063739135861396790e-02 6.038457489013671875e+01
9.458529000000000000e+06 9.999997311389319243e-01 -7.155535767049215137e-04 -1.603282647004311437e-04 8.112002453488497133e-01 7.155710885181553946e-04 9.999997380173125672e-01 1.091940153369828892e-04 2.039097428242886163e-03 1.602500885303955716e-04 -1.093087122477671307e-04 9.999999811857573917e-01 9.740549199445227083e-03 9.999966621398925781e-01 -7.683430449105799198e-04 -2.495255321264266968e-03 8.247467279434204102e-01 7.578955846838653088e-04 9.999909996986389160e-01 -4.185928963124752045e-03 -4.510711412876844406e-03 2.498452551662921906e-03 4.184021614491939545e-03 9.999880790710449219e-01 6.939279381185770035e-03 6.122156906127929688e+01
9.562503000000000000e+06 9.999987808463277617e-01 -1.554682002213726320e-03 -1.458415870948068130e-04 8.266584628330795326e-01 1.554695811310656929e-03 9.999987869832729359e-01 9.462005721311183746e-05 2.429298646985492832e-03 1.456943060888477135e-04 -9.484668115771803195e-05 9.999999848886382825e-01 9.887390745059671318e-03 9.999935626983642578e-01 -1.678298227488994598e-03 3.178812330588698387e-03 8.252362608909606934e-01 1.681062625721096992e-03 9.999982118606567383e-01 -8.691084221936762333e-04 -1.130258664488792419e-03 -3.177340375259518623e-03 8.744517690502107143e-04 9.999945759773254395e-01 9.102631360292434692e-03 6.104006576538085938e+01
9.666385000000000000e+06 9.999987464073017973e-01 -1.575809465390170692e-03 -1.549465623582316133e-04 8.248380553868116527e-01 1.575825001888129075e-03 9.999987533671127471e-01 1.001991359237157581e-04 2.462846052942768531e-03 1.547884744551976464e-04 -1.004431789736129484e-04 9.999999829758483560e-01 9.863293340572744025e-03 9.999765157699584961e-01 -1.859872951172292233e-03 6.581025663763284683e-03 8.274666666984558105e-01 1.871817628853023052e-03 9.999966025352478027e-01 -1.808408414945006371e-03 -2.051898278295993805e-03 -6.577645428478717804e-03 1.820687204599380493e-03 9.999766945838928223e-01 1.320405863225460052e-02 6.205984115600585938e+01
9.770380000000000000e+06 9.999984266188044479e-01 -1.765459220168952553e-03 -1.729557951695242200e-04 8.146509713377616535e-01 1.765480954997780336e-03 9.999984336502460991e-01 1.255949893367773820e-04 2.751381649484962132e-03 1.727337914318293616e-04 -1.259001418855948504e-04 9.999999771560958983e-01 9.703176867777269302e-03 9.999908804893493652e-01 -1.864328747615218163e-03 3.861275035887956619e-03 8.189956545829772949e-01 1.872197026386857033e-03 9.999961256980895996e-01 -2.037862548604607582e-03 -3.351260442286729813e-03 -3.857464296743273735e-03 2.045068889856338501e-03 9.999904632568359375e-01 1.617677509784698486e-02 6.125961685180664062e+01
9.874249000000000000e+06 9.999989826224744416e-01 -1.414810651053294028e-03 -1.818375996510444641e-04 8.015883136000366838e-01 1.414836233138148588e-03 9.999989892296561322e-01 1.406348956850124823e-04 2.618638057210109435e-03 1.816384441139963903e-04 -1.408920230212998108e-04 9.999999735784573796e-01 9.568240627671425677e-03 9.999976754188537598e-01 -1.753154559992253780e-03 -1.247666776180267334e-03 8.126513361930847168e-01 1.752026146277785301e-03 9.999980926513671875e-01 -9.162218775600194931e-04 -2.608096227049827576e-03 1.249270397238433361e-03 9.140359470620751381e-04 9.999988079071044922e-01 1.670230180025100708e-02 6.115452957153320312e+01
9.978133000000000000e+06 9.999995341000333937e-01 -9.477043130214961525e-04 -1.834563999795027522e-04 7.962038190016367256e-01 9.477299169711968013e-04 9.999995411699162950e-01 1.395276349088878012e-04 2.328287397153912686e-03 1.833240848627197518e-04 -1.397014370217912558e-04 9.999999734378938188e-01 9.539511701940242561e-03 9.999953508377075195e-01 -8.855783380568027496e-04 -2.932464238256216049e-03 8.059613704681396484e-01 8.970468188636004925e-04 9.999918937683105469e-01 3.917612135410308838e-03 6.650636903941631317e-03 2.928972011432051659e-03 -3.920224029570817947e-03 9.999880790710449219e-01 1.634208112955093384e-02 6.129971313476562500e+01
1.008213000000000000e+07 9.999991795536260497e-01 -1.267851886706632342e-03 -1.828760942160383206e-04 7.952697126131571537e-01 1.267879191548839475e-03 9.999991851001818199e-01 1.492693053822972461e-04 2.549379510351308577e-03 1.826866938196151696e-04 -1.495010477096566097e-04 9.999999721375039119e-01 9.500543486080306396e-03 9.999920725822448730e-01 -1.139585976488888264e-03 -3.797563957050442696e-03 8.007593154907226562e-01 1.155492616817355156e-03 9.999905824661254883e-01 4.185051657259464264e-03 8.034283295273780823e-03 3.792751114815473557e-03 -4.189409781247377396e-03 9.999840855598449707e-01 1.271164044737815857e-02 6.114838409423828125e+01
1.018601000000000000e+07 9.999988267118302687e-01 -1.519196704387065821e-03 -1.965103792001192493e-04 7.896245453058050590e-01 1.519228087105248216e-03 9.999988332283460402e-01 1.596494878561265519e-04 2.741556985092977704e-03 1.962676109408382260e-04 -1.599478446296602040e-04 9.999999679478552839e-01 9.404317714024595237e-03 9.999986886978149414e-01 -1.024007098749279976e-03 -1.303149037994444370e-03 8.005165457725524902e-01 1.029685023240745068e-03 9.999898672103881836e-01 4.373400937765836716e-03 9.958053939044475555e-03 1.298667164519429207e-03 -4.374739248305559158e-03 9.999895691871643066e-01 8.504121564328670502e-03 6.088063812255859375e+01
1.029001000000000000e+07 9.999993953275809755e-01 -1.084316890773681262e-03 -1.833069447833627599e-04 7.960366572524689710e-01 1.084342669991964327e-03 9.999994022171070363e-01 1.405933314264990114e-04 2.416839108359174985e-03 1.831543874921171574e-04 -1.407920139418411337e-04 9.999999733160410686e-01 9.526646845553149792e-03 9.999983310699462891e-01 -9.465080802328884602e-04 1.524209976196289062e-03 7.982712388038635254e-01 9.430444333702325821e-04 9.999970197677612305e-01 2.278798026964068413e-03 6.561324931681156158e-03 -1.526360283605754375e-03 -2.277361461892724037e-03 9.999961853027343750e-01 1.267569418996572495e-02 6.192998504638671875e+01
1.039388000000000000e+07 9.999994362964390593e-01 -1.047002492938530274e-03 -1.766143774162421255e-04 7.990425957382403244e-01 1.047027172021387439e-03 9.999994421089116736e-01 1.396997505263832754e-04 2.379425427686449306e-03 1.764680129046630340e-04 -1.398845918203295909e-04 9.999999746456715854e-01 9.567800215215216744e-03 9.999983310699462891e-01 -9.785806760191917419e-04 1.572402543388307095e-03 7.969357967376708984e-01 9.792604250833392143e-04 9.999993443489074707e-01 -4.385696665849536657e-04 1.077180262655019760e-03 -1.571975881233811378e-03 4.401070764288306236e-04 9.999986886978149414e-01 1.325917523354291916e-02 6.066185760498046875e+01
1.049776000000000000e+07 9.999995748850277755e-01 -9.024009911069514256e-04 -1.894787533846337352e-04 7.872614627887266625e-01 9.024301239306287440e-04 9.999995809944144387e-01 1.537232912634766942e-04 2.321595166593499061e-03 1.893399539388167306e-04 -1.538942172517125651e-04 9.999999702334748664e-01 9.426735603347223200e-03 9.999995231628417969e-01 -8.799449424259364605e-04 -2.976724936161190271e-04 7.899675965309143066e-01 8.804951794445514679e-04 9.999979734420776367e-01 1.822400372475385666e-03 3.567847888916730881e-03 2.960685233119875193e-04 -1.822662074118852615e-03 9.999983310699462891e-01 1.339370105415582657e-02 6.087129592895507812e+01
1.060175000000000000e+07 9.999998414013675507e-01 -5.332633537110143289e-04 -1.811834519100326323e-04 7.893912688949530354e-01 5.332893542144245521e-04 9.999998475071438797e-01 1.434857525442812302e-04 2.044347262239835060e-03 1.811069085891407705e-04 -1.435823529913004778e-04 9.999999732921981410e-01 9.478129852595343352e-03 9.999998807907104492e-01 -5.571774672716856003e-04 -7.409645331790670753e-05 7.858340740203857422e-01 5.572586087509989738e-04 9.999992847442626953e-01 1.089865225367248058e-03 2.374244853854179382e-03 7.349609222728759050e-05 -1.089896890334784985e-03 9.999994039535522461e-01 1.575234159827232361e-02 6.061520004272460938e+01
1.070563000000000000e+07 9.999997653550575238e-01 -6.581220703589101299e-04 -1.901714285415475095e-04 7.834799866898539689e-01 6.581514361469615855e-04 9.999997714992318043e-01 1.543961566110362634e-04 2.165356409959587770e-03 1.900697735694001724e-04 -1.545212819810575021e-04 9.999999699983269652e-01 9.393372402632655174e-03 9.999988079071044922e-01 -5.854608607478439808e-04 1.471244031563401222e-03 7.826452255249023438e-01 5.875713541172444820e-04 9.999988079071044922e-01 -1.438053208403289318e-03 -2.065334934741258621e-03 -1.470406306907534599e-03 1.438912586309015751e-03 9.999978542327880859e-01 1.290430035442113876e-02 5.985225677490234375e+01
1.080965000000000000e+07 9.999999168461508603e-01 -3.652044320478254084e-04 -1.814756789287405450e-04 7.822745203536667358e-01 3.652309319005197759e-04 9.999999226433450294e-01 1.460125936947648966e-04 1.890947397931924852e-03 1.814223404465390007e-04 -1.460788620814795053e-04 9.999999728734511040e-01 9.387099962718352397e-03 9.999968409538269043e-01 -3.650594735518097878e-04 2.492258092388510704e-03 7.786766886711120605e-01 3.680932277347892523e-04 9.999991655349731445e-01 -1.215876778587698936e-03 -2.401341916993260384e-03 -2.491810126230120659e-03 1.216789009049534798e-03 9.999961256980895996e-01 1.537922583520412445e-02 6.072806549072265625e+01
1.091351000000000000e+07 9.999999783285712374e-01 -1.143865372041576487e-04 -1.739499292280751396e-04 7.853904308728125727e-01 1.144099517505279797e-04 9.999999843964533230e-01 1.346011018375469208e-04 1.655765226699970442e-03 1.739345299601328444e-04 -1.346210005232529878e-04 9.999999758119828552e-01 9.436564156305088380e-03 9.999898076057434082e-01 -2.102713006024714559e-05 4.506884142756462097e-03 7.769171595573425293e-01 1.849750697147101164e-05 9.999998211860656738e-01 5.607414059340953827e-04 2.047098940238356590e-03 -4.506893455982208252e-03 -5.606513586826622486e-04 9.999897480010986328e-01 1.523088570684194565e-02 5.682656097412109375e+01
1.101751000000000000e+07 9.999997355106755581e-01 -6.995168775789559722e-04 -1.991349475840974051e-04 7.752377812044388694e-01 6.995494546455671182e-04 9.999997419376307484e-01 1.635702987806881593e-04 2.188569035885615244e-03 1.990204760124517883e-04 -1.637095602593260750e-04 9.999999667950151272e-01 9.316392667849794293e-03 9.999968409538269043e-01 -4.975465126335620880e-04 2.484082011505961418e-03 7.677918076515197754e-01 4.976644413545727730e-04 9.999999403953552246e-01 -4.491392974159680307e-05 7.109137368388473988e-04 -2.484073862433433533e-03 4.615385478246025741e-05 9.999969005584716797e-01 1.636239886283874512e-02 5.662566375732421875e+01
1.112138000000000000e+07 9.999995043730915967e-01 -9.721206703615050586e-04 -2.150232322370599096e-04 7.589331158009602341e-01 9.721583960486433014e-04 9.999995120687963368e-01 1.754144774929224917e-04 2.362802789397449102e-03 2.148526032839810347e-04 -1.756234271897797480e-04 9.999999614973852369e-01 9.280196475970134071e-03 9.999997615814208984e-01 -7.381152245216071606e-04 -1.985219423659145832e-04 7.593169212341308594e-01 7.380187744274735451e-04 9.999995827674865723e-01 -4.109780420549213886e-04 -1.551799941807985306e-03 1.988396252272650599e-04 4.108262364752590656e-04 9.999998807907104492e-01 1.571416109800338745e-02 5.868982315063476562e+01
1.122538000000000000e+07 9.999998371848010104e-01 -5.283418313302588529e-04 -2.156044760602137289e-04 7.535167543376147803e-01 5.283773907757806712e-04 9.999998468117543560e-01 1.649054559386825276e-04 1.872912516366619833e-03 2.155173165840485849e-04 -1.650193496168101120e-04 9.999999631604505890e-01 9.281349741574853110e-03 9.999981522560119629e-01 -4.546951386146247387e-04 -1.858168630860745907e-03 7.505259513854980469e-01 4.535084008239209652e-04 9.999997615814208984e-01 -6.485853227786719799e-04 -1.650513848289847374e-03 1.858453499153256416e-03 6.477433489635586739e-04 9.999980330467224121e-01 1.682756096124649048e-02 5.807638549804687500e+01
1.132928000000000000e+07 9.999998981579656387e-01 -3.792255063907777417e-04 -2.446877055466641668e-04 7.271440718243272761e-01 3.792653680412495982e-04 9.999999148135421123e-01 1.628824383399377692e-04 1.457657079972323475e-03 2.446259155272970912e-04 -1.629752233245481622e-04 9.999999567986179727e-01 9.346871665676844895e-03 9.999935626983642578e-01 -6.229172868188470602e-05 -3.571947105228900909e-03 7.361237406730651855e-01 6.146043597254902124e-05 9.999999403953552246e-01 -2.327676484128460288e-04 5.332153523340821266e-04 3.571961773559451103e-03 2.325459208805114031e-04 9.999936819076538086e-01 1.685126870870590210e-02 5.874684906005859375e+01
1.143326000000000000e+07 9.999999642261656607e-01 6.614251100387591009e-05 -2.591772317102733936e-04 7.120033634339932860e-01 -6.610232600081545229e-05 9.999999857943923098e-01 1.550538559836915013e-04 8.444612266718619625e-04 2.591874836796339665e-04 -1.550367182193675760e-04 9.999999543927321488e-01 9.422398298011872356e-03 9.999965429306030273e-01 6.562865746673196554e-05 -2.640419173985719681e-03 7.295860052108764648e-01 -6.503496115328744054e-05 1.000000000000000000e+00 2.235622378066182137e-04 7.734677055850625038e-04 2.640433609485626221e-03 -2.233914565294981003e-04 9.999964833259582520e-01 1.518976036459207535e-02 5.779017639160156250e+01
1.153715000000000000e+07 9.999994465631104612e-01 1.021521735983095275e-03 -2.517277552183141932e-04 7.111782737288825373e-01 -1.021488920268108763e-03 9.999994697706861002e-01 1.304560366646885235e-04 -1.632574295731181648e-04 2.518608854162582332e-04 -1.301988273635691922e-04 9.999999598071808160e-01 9.446068390567044157e-03 9.999961256980895996e-01 1.284660189412534237e-03 -2.456611022353172302e-03 7.120844125747680664e-01 -1.283435034565627575e-03 9.999990463256835938e-01 5.016414797864854336e-04 -2.414222835795953870e-04 2.457264810800552368e-03 -4.984821425750851631e-04 9.999967813491821289e-01 1.457121782004833221e-02 5.750595092773437500e+01
1.164113000000000000e+07 9.999980901893833485e-01 1.936190392228756161e-03 -2.660533177701074098e-04 6.887352974077034506e-01 -1.936160411520795226e-03 9.999981192666643759e-01 1.128982349836250490e-04 -1.330806722026620266e-03 2.662714098716782089e-04 -1.123828974704261233e-04 9.999999582348095828e-01 9.535282678032301271e-03 9.999970793724060059e-01 2.359820064157247543e-03 -5.859258235432207584e-04 6.980161070823669434e-01 -2.358633792027831078e-03 9.999951720237731934e-01 2.018304076045751572e-03 2.570244541857391596e-04 5.906778969801962376e-04 -2.016919199377298355e-03 9.999978542327880859e-01 1.486259512603282928e-02 5.746454238891601562e+01
1.174513000000000000e+07 9.999941093251328850e-01 3.421404253627362453e-03 -2.744222662507586597e-04 6.755518443399526340e-01 -3.421379504408999378e-03 9.999941429591265862e-01 9.060542932126922674e-05 -2.799588707140050932e-03 2.747306567597442386e-04 -8.966599284596900256e-05 9.999999582415357580e-01 9.772150622384741248e-03 9.999918341636657715e-01 3.844337537884712219e-03 1.231348374858498573e-03 6.826543211936950684e-01 -3.845428349450230598e-03 9.999921917915344238e-01 8.821029914543032646e-04 -2.430955646559596062e-03 -1.227946369908750057e-03 -8.868222357705235481e-04 9.999988079071044922e-01 1.596544869244098663e-02 5.707382583618164062e+01
1.184914000000000000e+07 9.999874801696633231e-01 4.997271382655065798e-03 -2.584235074257629499e-04 6.692369804964893865e-01 -4.997257561113262365e-03 9.999875121669663525e-01 5.410215245659900609e-05 -4.224604493508505622e-03 2.586906434137869353e-04 -5.281006628315647837e-05 9.999999651451234595e-01 9.818568559718828317e-03 9.999822378158569336e-01 5.854102317243814468e-03 1.107822521589696407e-03 6.672906279563903809e-01 -5.852946545928716660e-03 9.999822378158569336e-01 -1.052236766554415226e-03 -7.048426661640405655e-03 -1.113967271521687508e-03 1.045732526108622551e-03 9.999988675117492676e-01 1.554286200553178787e-02 5.699488067626953125e+01
1.195326000000000000e+07 9.999772060213943936e-01 6.747681838273089996e-03 -2.371302366157527629e-04 6.620627143666538705e-01 -6.747676751535513703e-03 9.999772339243118147e-01 2.224474652444980712e-05 -5.775123075236129888e-03 2.372749385525027978e-04 -2.064416140912360978e-05 9.999999716372126590e-01 9.861961075496479545e-03 9.999734759330749512e-01 7.080276496708393097e-03 1.717166393063962460e-03 6.515319943428039551e-01 -7.078478578478097916e-03 9.999744296073913574e-01 -1.042660442180931568e-03 -7.705867290496826172e-03 -1.724505214951932430e-03 1.030472223646938801e-03 9.999979734420776367e-01 1.640071161091327667e-02 5.855055999755859375e+01
1.205726000000000000e+07 9.999697046854870708e-01 7.781784147366506942e-03 -1.831597988224169726e-04 6.354065484183445411e-01 -7.781810493932631891e-03 9.999697109476208823e-01 -1.435742881037963448e-04 -6.978206766420463371e-03 1.820369869815187608e-04 1.449952533011703254e-04 9.999999729194559706e-01 9.530641046075573330e-03 9.999613761901855469e-01 8.647525683045387268e-03 1.538085984066128731e-03 6.363319158554077148e-01 -8.648658171296119690e-03 9.999623894691467285e-01 7.283706218004226685e-04 -5.640271119773387909e-03 -1.531721907667815685e-03 -7.416410953737795353e-04 9.999985098838806152e-01 1.652236655354499817e-02 5.713343811035156250e+01
1.216138000000000000e+07 9.999398027520337573e-01 1.097191204165850337e-02 -8.954088939818406116e-05 6.175899162021329936e-01 -1.097195262722655898e-02 9.999396976795736913e-01 -4.661107424355748728e-04 -1.016753448742034951e-02 8.442136377296114585e-05 4.670651222546744977e-04 9.999998873615953965e-01 8.971447618125592827e-03 9.999260306358337402e-01 1.200549490749835968e-02 1.945090014487504959e-03 6.203888654708862305e-01 -1.200907025486230850e-02 9.999261498451232910e-01 1.839411095716059208e-03 -5.649037193506956100e-03 -1.922869239933788776e-03 -1.862633740529417992e-03 9.999964237213134766e-01 1.544282678514719009e-02 5.720431900024414062e+01
1.226551000000000000e+07 9.998946030778488314e-01 1.451834682415850848e-02 -1.809178874768778577e-05 5.991343395330045452e-01 -1.451835670732928678e-02 9.998942761960676329e-01 -8.085387100665580992e-04 -1.356054083591971479e-02 6.351229823272910352e-06 8.087161556293510000e-04 9.999996729688456210e-01 8.557716525379959957e-03 9.998925924301147461e-01 1.453945133835077286e-02 1.881220960058271885e-03 6.019350886344909668e-01 -1.454421784728765488e-02 9.998909831047058105e-01 2.540428191423416138e-03 -7.211548741906881332e-03 -1.844078302383422852e-03 -2.567521762102842331e-03 9.999950528144836426e-01 1.352911908179521561e-02 5.769900894165039062e+01
1.236963000000000000e+07 9.998480951202217692e-01 1.742939077516521620e-02 -5.495841238170321228e-05 5.790357404825886567e-01 -1.742942887202610439e-02 9.998477819690351209e-01 -7.924011293740937725e-04 -1.615187300643152607e-02 4.113897772928516667e-05 7.932386535187540156e-04 9.999996845399604650e-01 7.959881338791717151e-03 9.998283982276916504e-01 1.845804788172245026e-02 1.539586810395121574e-03 5.842035412788391113e-01 -1.845959946513175964e-02 9.998291134834289551e-01 1.002568751573562622e-03 -1.248839963227510452e-02 -1.520820893347263336e-03 -1.030820538289844990e-03 9.999982714653015137e-01 1.298808492720127106e-02 5.836748886108398438e+01
1.247391000000000000e+07 9.997630850250934786e-01 2.176592023139652804e-02 -1.360765478088782321e-04 5.717329905611644447e-01 -2.176600512698061152e-02 9.997628765046979726e-01 -6.570868166967570737e-04 -1.992854204194324796e-02 1.217421809968317133e-04 6.598929859502935527e-04 9.999997748600090164e-01 7.351311614257886873e-03 9.997618794441223145e-01 2.180397696793079376e-02 9.831279749050736427e-04 5.611215829849243164e-01 -2.180437557399272919e-02 9.997622370719909668e-01 3.928448422811925411e-04 -1.633147709071636200e-02 -9.743278496898710728e-04 -4.141871759202331305e-04 9.999994635581970215e-01 1.357621792703866959e-02 5.874627304077148438e+01
1.257813000000000000e+07 9.996767527799318431e-01 2.542098089218416263e-02 -4.045982678874230102e-04 5.367128466928426933e-01 -2.542115093091699279e-02 9.996767417579911497e-01 -4.208222700180904645e-04 -2.280537343550810558e-02 3.937697635774431134e-04 4.309715937423789296e-04 9.999998296044195767e-01 6.129177765884622625e-03 9.996775388717651367e-01 2.537342719733715057e-02 9.492521057836711407e-04 5.397234559059143066e-01 -2.537232637405395508e-02 9.996773004531860352e-01 -1.155999721959233284e-03 -2.347020618617534637e-02 -9.782809065654873848e-04 1.131541677750647068e-03 9.999988675117492676e-01 1.407705713063478470e-02 5.900172805786132812e+01
1.268239000000000000e+07 9.995946891370104392e-01 2.845854564682516463e-02 -7.540898303579063452e-04 5.116937630379293500e-01 -2.845874773564819465e-02 9.995949343669526810e-01 -2.586270554851817591e-04 -2.505881493360203813e-02 7.464242248342317252e-04 2.799826827837169525e-04 9.999996822302453792e-01 4.764117617583107055e-03 9.995877742767333984e-01 2.870953641831874847e-02 -3.237049677409231663e-04 5.148586630821228027e-01 -2.871029451489448547e-02 9.995841979980468750e-01 -2.664564410224556923e-03 -3.114885836839675903e-02 2.470743202138692141e-04 2.672771690413355827e-03 9.999964237213134766e-01 1.330762449651956558e-02 5.871231842041015625e+01
1.278678000000000000e+07 9.994568043542232383e-01 3.294695436026968266e-02 -7.710388369318324714e-04 4.999575167330161385e-01 -3.294710183176457335e-02 9.994570808134997097e-01 -1.793462288371102178e-04 -2.824394952869414832e-02 7.647113135595856896e-04 2.046523021352532768e-04 9.999996866669929041e-01 3.614327359702012611e-03 9.994313120841979980e-01 3.371405974030494690e-02 4.879843909293413162e-04 4.947462081909179688e-01 -3.371288627386093140e-02 9.994290471076965332e-01 -2.249621320515871048e-03 -3.528521955013275146e-02 -5.635486450046300888e-04 2.231886144727468491e-03 9.999973177909851074e-01 1.392516866326332092e-02 5.649103927612304688e+01
1.289113000000000000e+07 9.993502266615738039e-01 3.603655971708136230e-02 -7.006136453978777144e-04 4.924941284122604790e-01 -3.603670282200362174e-02 9.993504485092791212e-01 -1.927129338245222874e-04 -3.055783636304991446e-02 6.932138497502188983e-04 2.178355193613719604e-04 9.999997360010925984e-01 3.210670535841804191e-03 9.992948770523071289e-01 3.754312545061111450e-02 6.008154014125466347e-04 4.780364334583282471e-01 -3.754182159900665283e-02 9.992930889129638672e-01 -1.984029542654752731e-03 -3.628263622522354126e-02 -6.748730666004121304e-04 1.960074296221137047e-03 9.999978542327880859e-01 1.229914464056491852e-02 5.902550506591796875e+01
1.299551000000000000e+07 9.992346065297265101e-01 3.911132134598249016e-02 -7.111303704582970986e-04 4.793577668021246629e-01 -3.911152603188110949e-02 9.992348133828404810e-01 -2.762347801003441159e-04 -3.280130490820006017e-02 6.997823161383208467e-04 3.038367448899617065e-04 9.999997089939385297e-01 2.757953278990853043e-03 9.991753697395324707e-01 4.060229286551475525e-02 2.309584378963336349e-04 4.594967961311340332e-01 -4.060197621583938599e-02 9.991741776466369629e-01 -1.556150498799979687e-03 -3.766011819243431091e-02 -2.939563419204205275e-04 1.545489765703678131e-03 9.999987483024597168e-01 1.276569161564111710e-02 5.934972763061523438e+01
1.309988000000000000e+07 9.990196048507138382e-01 4.426476964647862306e-02 -6.777510074970468030e-04 4.530748222526446156e-01 -4.426495134662202652e-02 9.990197940329103021e-01 -2.554742113846243776e-04 -3.721287156934431628e-02 6.657781651296727473e-04 2.852243602542108947e-04 9.999997376932224791e-01 2.116832491396097339e-03 9.989617466926574707e-01 4.552364349365234375e-02 1.760750426910817623e-03 4.605464339256286621e-01 -4.551906511187553406e-02 9.989603161811828613e-01 -2.529639052227139473e-03 -4.250103980302810669e-02 -1.874076668173074722e-03 2.446869621053338051e-03 9.999952316284179688e-01 1.191460620611906052e-02 5.924569702148437500e+01
1.320438000000000000e+07 9.988418394210613060e-01 4.811038268320842748e-02 -6.090024955425801497e-04 4.745111006204742465e-01 -4.811048605929654776e-02 9.988420078789139733e-01 -1.562420355255266793e-04 -4.080147336092240784e-02 6.007804112739373011e-04 1.853604884320525080e-04 9.999998023521724511e-01 2.579497694147097047e-03 9.988014698028564453e-01 4.894340038299560547e-02 3.323523560538887978e-04 4.450733959674835205e-01 -4.894158989191055298e-02 9.987927675247192383e-01 -4.205776844173669815e-03 -4.743090271949768066e-02 -5.377926863729953766e-04 4.184466321021318436e-03 9.999911189079284668e-01 1.289672031998634338e-02 5.930630493164062500e+01
1.330876000000000000e+07 9.986585620870588320e-01 5.177891366340216933e-02 -1.434577733027275900e-04 4.289602975777133120e-01 -5.177890901854163147e-02 9.986585719862381971e-01 3.590742122560000734e-05 -4.471812022206481108e-02 1.451245822219488499e-04 -2.843116696434134561e-05 9.999999890652625512e-01 2.089712668536287173e-03 9.986708760261535645e-01 5.149967595934867859e-02 -2.052970463410019875e-03 4.451056420803070068e-01 -5.151633545756340027e-02 9.986308217048645020e-01 -9.089135564863681793e-03 -5.833136290311813354e-02 1.582073047757148743e-03 9.182818233966827393e-03 9.999566078186035156e-01 1.236504316329956055e-02 5.977062225341796875e+01
1.341326000000000000e+07 9.985816389546204874e-01 5.324151518827183877e-02 -2.267916806924743958e-04 4.267376115813592552e-01 -5.324151669169337880e-02 9.985816646280473163e-01 -5.926012097200259593e-07 -4.588104783076012855e-02 2.264384630472737856e-04 1.266649360712917335e-05 9.999999742825911309e-01 2.007479799174482181e-03 9.985550045967102051e-01 5.367060750722885132e-02 -2.747006481513381004e-03 4.313081800937652588e-01 -5.368875712156295776e-02 9.985327124595642090e-01 -7.057337556034326553e-03 -6.055438518524169922e-02 2.364201936870813370e-03 7.194623351097106934e-03 9.999713301658630371e-01 8.279178291559219360e-03 6.006627273559570312e+01
1.351763000000000000e+07 9.983639671524147108e-01 5.717775066143081925e-02 3.064175105209909506e-04 4.144094015242025253e-01 -5.717776022345748971e-02 9.983640133733436839e-01 2.252995931457231292e-05 -4.864795696044534046e-02 -3.046280031594797693e-04 -4.001336666247737593e-05 9.999999528003535865e-01 1.979888980420579318e-03 9.984322190284729004e-01 5.592298880219459534e-02 -2.375793177634477615e-03 4.393709897994995117e-01 -5.593834817409515381e-02 9.984103441238403320e-01 -6.908170413225889206e-03 -5.918412655591964722e-02 1.985682873055338860e-03 7.030239328742027283e-03 9.999733567237854004e-01 2.999765565618872643e-03 6.087356948852539062e+01
1.362213000000000000e+07 9.984159868799058479e-01 5.626281856100813494e-02 1.115656165574760742e-04 4.178724025500737960e-01 -5.626282161951710881e-02 9.984159926411111385e-01 2.446562614008399895e-05 -4.813958583867652963e-02 -1.100123907431441563e-04 -3.070386853889768390e-05 9.999999934772733079e-01 2.060668759245765091e-03 9.983991980552673340e-01 5.655993521213531494e-02 1.220188569277524948e-04 4.299692809581756592e-01 -5.655958503484725952e-02 9.983982443809509277e-01 -1.412085373885929585e-03 -5.339308455586433411e-02 -2.016735525103285909e-04 1.402928144671022892e-03 9.999989867210388184e-01 1.189293339848518372e-03 6.092800140380859375e+01
1.372651000000000000e+07 9.984980747612646201e-01 5.478636634939240690e-02 2.210263492841307875e-04 4.176430056902978305e-01 -5.478639782256329582e-02 9.984980878304471341e-01 1.389422056928538347e-04 -4.728171644880897057e-02 -2.130822487821502258e-04 -1.508427620226032652e-04 9.999999659212086556e-01 2.156867952250755491e-03 9.985042214393615723e-01 5.467268452048301697e-02 3.904007899109274149e-04 4.367147982120513916e-01 -5.467153340578079224e-02 9.985013604164123535e-01 -2.446438884362578392e-03 -4.995828121900558472e-02 -5.235809949226677418e-04 2.421435434371232986e-03 9.999969005584716797e-01 3.953198902308940887e-03 6.091779327392578125e+01
1.383076000000000000e+07 9.985390560607292354e-01 5.403447680685692645e-02 1.701153554666188746e-04 4.083988182455905447e-01 -5.403449669340068540e-02 9.985390629042667499e-01 1.145558218838407463e-04 -4.699894892364757382e-02 -1.636768639566402205e-04 -1.235805595485626280e-04 9.999999789688652774e-01 2.071806270704741864e-03 9.985950589179992676e-01 5.297925323247909546e-02 1.030147424899041653e-03 4.344554841518402100e-01 -5.296875536441802979e-02 9.985606074333190918e-01 -8.426503278315067291e-03 -5.736046284437179565e-02 -1.475086668506264687e-03 8.360106498003005981e-03 9.999639987945556641e-01 5.797765217721462250e-03 6.079203033447265625e+01
1.393513000000000000e+07 9.986234237294031590e-01 5.245227703122150309e-02 1.277525273274760030e-04 4.070259473279976836e-01 -5.245229697076103648e-02 9.986234183424020916e-01 1.580763442613766984e-04 -4.569384607269954407e-02 -1.192852016709913018e-04 -1.645596533659138565e-04 9.999999793455811581e-01 2.044143129636788285e-03 9.985895752906799316e-01 5.308403819799423218e-02 9.914424736052751541e-04 4.217483699321746826e-01 -5.306705832481384277e-02 9.985087513923645020e-01 -1.280454266816377640e-02 -7.088200747966766357e-02 -1.669686054810881615e-03 1.273387018591165543e-02 9.999174475669860840e-01 7.066929712891578674e-03 6.086284637451171875e+01
1.403938000000000000e+07 9.985581613899587872e-01 5.368030686505686350e-02 1.523094675737633936e-04 4.133919816336642516e-01 -5.368032875647533314e-02 9.985581615213695583e-01 1.434763211673415481e-04 -4.674010352442331540e-02 -1.443880095838957572e-04 -1.514454731469985207e-04 9.999999781081870820e-01 2.125250164535521895e-03 9.985384941101074219e-01 5.393170565366744995e-02 -3.497354686260223389e-03 4.222439229488372803e-01 -5.394322052597999573e-02 9.985386133193969727e-01 -3.295053029432892799e-03 -5.218882486224174500e-02 3.314543049782514572e-03 3.478893544524908066e-03 9.999884963035583496e-01 9.837927296757698059e-03 6.063958358764648438e+01
1.414365000000000000e+07 9.984864521709070351e-01 5.499787967061808142e-02 1.955538145326831127e-04 4.086943356820710860e-01 -5.499789510181263968e-02 9.984864676968857600e-01 7.442423833807368730e-05 -4.766523616536953029e-02 -1.911646624713723703e-04 -8.506664124491867054e-05 9.999999781098701801e-01 2.044081706772346921e-03 9.984681606292724609e-01 5.489659309387207031e-02 -6.911983713507652283e-03 4.122417867183685303e-01 -5.488098040223121643e-02 9.984899163246154785e-01 2.438564784824848175e-03 -4.607856273651123047e-02 7.035410497337579727e-03 -2.055498538538813591e-03 9.999731183052062988e-01 7.461183704435825348e-03 6.191254425048828125e+01
1.424788000000000000e+07 9.984101267878552344e-01 5.636616940233653283e-02 2.712505399417954911e-04 4.131010512613854657e-01 -5.636618298278127381e-02 9.984101619559923035e-01 4.267847715193253538e-05 -4.823504005211025347e-02 -2.684136731539630248e-04 -5.789998181969600172e-05 9.999999623008442029e-01 1.998991615294131493e-03 9.983158111572265625e-01 5.679593607783317566e-02 -1.182983163744211197e-02 4.275666773319244385e-01 -5.676575750112533569e-02 9.983834028244018555e-01 2.864485606551170349e-03 -4.025432467460632324e-02 1.197341270744800568e-02 -2.188132377341389656e-03 9.999259710311889648e-01 -1.204158994369208813e-03 6.215577697753906250e+01
1.435215000000000000e+07 9.983651996797950900e-01 5.715703753370893897e-02 -3.506650467761639471e-05 4.197881015908694335e-01 -5.715703957344930169e-02 9.983651983626918858e-01 -6.021950555189024129e-05 -4.889110447672877224e-02 3.156720946732380763e-05 6.212535622163895693e-05 9.999999975719757739e-01 2.011909422355781085e-03 9.982315897941589355e-01 5.871846899390220642e-02 -9.265711531043052673e-03 4.332805871963500977e-01 -5.867803841829299927e-02 9.982663989067077637e-01 4.585592541843652725e-03 -4.574649780988693237e-02 9.518901817500591278e-03 -4.033784382045269012e-03 9.999465346336364746e-01 -4.092399496585130692e-03 6.089644622802734375e+01
1.445638000000000000e+07 9.982716655418936158e-01 5.876766507779781351e-02 -2.083764714004681653e-04 4.411297474660904605e-01 -5.876768719916366374e-02 9.982716808101362860e-01 -1.016710489174701141e-04 -4.955073536000724477e-02 2.020413603845439021e-04 1.137411302706790715e-04 9.999999731211224319e-01 2.153898804296543873e-03 9.982243180274963379e-01 5.949226766824722290e-02 -2.960613695904612541e-03 4.604718685150146484e-01 -5.948698520660400391e-02 9.982274770736694336e-01 1.832493930123746395e-03 -4.236927628517150879e-02 3.064387710765004158e-03 -1.653121900744736195e-03 9.999939799308776855e-01 -2.825053175911307335e-03 6.135356903076171875e+01
1.456063000000000000e+07 9.982796998357720275e-01 5.862795061038380412e-02 -6.358676129126817917e-04 4.786457069971619127e-01 -5.862804402586966473e-02 9.982798884928758554e-01 -1.292630774401295167e-04 -4.878922661324953253e-02 6.271954204567868878e-04 1.663203802863594434e-04 9.999997894816972099e-01 2.591158196346958313e-03 9.982479214668273926e-01 5.912929773330688477e-02 -2.193516120314598083e-03 4.760938882827758789e-01 -5.912972614169120789e-02 9.982501864433288574e-01 -1.218167162733152509e-04 -4.584172740578651428e-02 2.182475524023175240e-03 2.513052313588559628e-04 9.999975562095642090e-01 -4.297249019145965576e-03 6.150390243530273438e+01
1.466488000000000000e+07 9.983636405668715463e-01 5.718052380018806558e-02 6.546137598931505352e-04 4.948517347557428447e-01 -5.718074654905119791e-02 9.983637889471534965e-01 3.267573818572126277e-04 -4.743739320712735824e-02 -6.348585131232023200e-04 -3.636539970282527331e-04 9.999997323551530481e-01 2.987626082068482389e-03 9.982922077178955078e-01 5.835881829261779785e-02 -2.649078844115138054e-03 4.826895594596862793e-01 -5.834997817873954773e-02 9.982908368110656738e-01 3.292095381766557693e-03 -4.700474441051483154e-02 2.836674218997359276e-03 -3.131899284198880196e-03 9.999910593032836914e-01 -2.810253063216805458e-03 6.189356613159179688e+01
1.476901000000000000e+07 9.984673101549123020e-01 5.534346178651167875e-02 3.630031696610743950e-04 4.933430842779562564e-01 -5.534355707917935213e-02 9.984673375437652654e-01 2.579338884284447021e-04 -4.629093071772832912e-02 -3.481718539457075872e-04 -2.776284425339251732e-04 9.999999008493984931e-01 3.010278783302716005e-03 9.984892606735229492e-01 5.490685254335403442e-02 2.130124717950820923e-03 5.104254484176635742e-01 -5.491025000810623169e-02 9.984899759292602539e-01 1.608273712918162346e-03 -3.787433728575706482e-02 -2.038604812696576118e-03 -1.722810324281454086e-03 9.999963641166687012e-01 1.907737459987401962e-03 6.150956726074218750e+01
1.487316000000000000e+07 9.987542974041753174e-01 4.989842838115615686e-02 1.355103811410420826e-05 5.143973029300729083e-01 -4.989843000789870309e-02 9.987542814153695936e-01 1.787709777366937162e-04 -4.242920468016644214e-02 -4.613766224510305231e-06 -1.792244578067650625e-04 9.999999839286528580e-01 3.583820063705036186e-03 9.987606406211853027e-01 4.974679648876190186e-02 1.559405704028904438e-03 5.218759179115295410e-01 -4.975538328289985657e-02 9.987434744834899902e-01 5.975803826004266739e-03 -3.617293760180473328e-02 -1.260168966837227345e-03 -6.045987829566001892e-03 9.999809861183166504e-01 4.972004680894315243e-04 6.137216186523437500e+01
1.497715000000000000e+07 9.989289968390229202e-01 4.626923990966989170e-02 -1.294927350519486562e-04 5.268224874765398136e-01 -4.626923344767817220e-02 9.989290041538712028e-01 5.246258437392848593e-05 -4.054280877776191006e-02 1.317814527134432076e-04 -4.641486735045427607e-05 9.999999902396545792e-01 4.428225601750991093e-03 9.989597797393798828e-01 4.558363556861877441e-02 -1.205151551403105259e-03 5.402726531028747559e-01 -4.557604342699050903e-02 9.989445209503173828e-01 5.728235933929681778e-03 -2.485464699566364288e-02 1.464994624257087708e-03 -5.667352117598056793e-03 9.999828934669494629e-01 -4.680968821048736572e-03 6.233420944213867188e+01
1.508116000000000000e+07 9.992726853400055731e-01 3.813214822153546124e-02 -1.990070370871647879e-04 5.581035135109482237e-01 -3.813219743387694094e-02 9.992726720936990770e-01 -2.496477482622015795e-04 -3.386885020330260287e-02 1.893426887651089704e-04 2.570547514320613183e-04 9.999999490360991228e-01 5.812389832130185341e-03 9.992215037345886230e-01 3.941815346479415894e-02 1.588379847817122936e-03 5.609414577484130859e-01 -3.942496702075004578e-02 9.992123842239379883e-01 4.491220694035291672e-03 -2.423716150224208832e-02 -1.410095253959298134e-03 -4.550344310700893402e-03 9.999885559082031250e-01 -1.918858033604919910e-03 6.172707366943359375e+01
1.518501000000000000e+07 9.994733650208458275e-01 3.244796859588960913e-02 -3.492627550316423825e-04 5.873981001245556222e-01 -3.244817540867651895e-02 9.994732369940210193e-01 -6.037233761441982739e-04 -2.991076270205645510e-02 3.294891798696422680e-04 6.147383730531815350e-04 9.999997567667854304e-01 7.001872018388630159e-03 9.994666576385498047e-01 3.252011910080909729e-02 2.988384803757071495e-03 5.760789513587951660e-01 -3.252265974879264832e-02 9.994706511497497559e-01 8.218603907153010368e-04 -2.562213130295276642e-02 -2.960073761641979218e-03 -9.186125826090574265e-04 9.999952316284179688e-01 3.350483952090144157e-03 6.121615982055664062e+01
1.528876000000000000e+07 9.996668377580100184e-01 2.581057595752931852e-02 -1.664337146204394402e-04 5.955134027551876041e-01 -2.581069064327913901e-02 9.996665833516849009e-01 -7.283014897572976428e-04 -2.383086133231412593e-02 1.475803431880282545e-04 7.323546160498755567e-04 9.999997209383590935e-01 7.433274826754269343e-03 9.996679425239562988e-01 2.570527233183383942e-02 1.783315208740532398e-03 5.945685505867004395e-01 -2.570253051817417145e-02 9.996684789657592773e-01 -1.561467419378459454e-03 -2.213923074305057526e-02 -1.822863472625613213e-03 1.515113865025341511e-03 9.999972581863403320e-01 3.773482516407966614e-03 6.115001678466796875e+01
1.539248000000000000e+07 9.997720863777072031e-01 2.134889357124440321e-02 7.438464700176968344e-06 6.364582029603931268e-01 -2.134887437218051590e-02 9.997715487011540336e-01 -1.037295929881048824e-03 -2.022133913500308300e-02 -2.958188519530184128e-05 1.036900713170348402e-03 9.999994619807810459e-01 8.610694916700306276e-03 9.997476339340209961e-01 2.233789674937725067e-02 2.374058356508612633e-03 6.105481386184692383e-01 -2.233627624809741974e-02 9.997501373291015625e-01 -7.064951932989060879e-04 -2.031526900827884674e-02 -2.389247063547372818e-03 6.532855331897735596e-04 9.999969005584716797e-01 7.876012823544442654e-04 6.158393478393554688e+01
1.549619000000000000e+07 9.998294752139306185e-01 1.846670337204379952e-02 3.700598310505512264e-05 6.317988120614717040e-01 -1.846665863992753842e-02 9.998290032336549782e-01 -9.730472425530434016e-04 -1.736302534073418113e-02 -5.496862949974714191e-05 9.721979370460382590e-04 9.999995259047111951e-01 8.805732713141670859e-03 9.998131990432739258e-01 1.905360445380210876e-02 3.260630182921886444e-03 6.287764310836791992e-01 -1.906042732298374176e-02 9.998161792755126953e-01 2.067816676571965218e-03 -1.371951587498188019e-02 -3.220633603632450104e-03 -2.129575004801154137e-03 9.999924898147583008e-01 4.585281945765018463e-03 6.015609741210937500e+01
1.559991000000000000e+07 9.998884928092224289e-01 1.493324944554607313e-02 -4.612203062795510432e-07 6.478127430121811692e-01 -1.493324627432973499e-02 9.998882593688889209e-01 -6.833179787423642989e-04 -1.383632345647238006e-02 -9.742989446235673977e-06 6.832486713879301838e-04 9.999997665381274992e-01 9.029918029994532525e-03 9.998715519905090332e-01 1.598206721246242523e-02 1.206569955684244633e-03 6.416853070259094238e-01 -1.598653756082057953e-02 9.998648166656494141e-01 3.872744040563702583e-03 -8.037280291318893433e-03 -1.144510810263454914e-03 -3.891540924087166786e-03 9.999917745590209961e-01 5.369078367948532104e-03 6.033545684814453125e+01
1.570361000000000000e+07 9.999080345106501344e-01 1.356175867381347218e-02 -3.509343705954484378e-05 6.507854881720358531e-01 -1.356177630806977390e-02 9.999078759890883683e-01 -5.637084374120341149e-04 -1.250415643432654586e-02 2.744532668785121515e-05 5.641325250126663290e-04 9.999998405006190749e-01 9.132661511711619509e-03 9.998984336853027344e-01 1.403419114649295807e-02 2.462381962686777115e-03 6.573835611343383789e-01 -1.404455862939357758e-02 9.998923540115356445e-01 4.238042980432510376e-03 -7.929706014692783356e-03 -2.402638783678412437e-03 -4.272188525646924973e-03 9.999880194664001465e-01 6.229731719940900803e-03 5.966211318969726562e+01
1.580732000000000000e+07 9.999138194114570721e-01 1.312827605510860814e-02 -4.602517725845988437e-05 6.554144160767015892e-01 -1.312829795962164141e-02 9.999136884670264402e-01 -5.132343076906315449e-04 -1.206326847317889042e-02 3.928332310225400039e-05 5.137943090949903058e-04 9.999998672361057883e-01 9.219350296464222383e-03 9.999078512191772461e-01 1.357954088598489761e-02 -2.027613663813099265e-05 6.705235242843627930e-01 -1.357956975698471069e-02 9.999064803123474121e-01 -1.634013140574097633e-03 -1.724651642143726349e-02 -1.917130475703743286e-06 1.634131534956395626e-03 9.999986886978149414e-01 3.308735089376568794e-03 5.914435195922851562e+01
1.591101000000000000e+07 9.999024467978863129e-01 1.396768341415074305e-02 -2.671197369777896961e-05 6.827364925430637888e-01 -1.396769553375017819e-02 9.999023086949890837e-01 -5.258838303548081256e-04 -1.278119468541536602e-02 1.936398553692080069e-05 5.262056334092227172e-04 9.999998613663282354e-01 9.397815977657387673e-03 9.999016523361206055e-01 1.402156986296176910e-02 6.197240873007103801e-05 6.857651472091674805e-01 -1.402161549776792526e-02 9.999015927314758301e-01 -2.298605431860778481e-05 -1.809696853160858154e-02 -6.228769780136644840e-05 2.211153514508623630e-05 1.000000000000000000e+00 1.955798827111721039e-03 5.909539031982421875e+01
1.601476000000000000e+07 9.998947763050931581e-01 1.450642314111696626e-02 1.893119614680184321e-06 7.061320697199475749e-01 -1.450642013904454922e-02 9.998946380181691351e-01 -5.259614121275804632e-04 -1.324972995229812406e-02 -9.522739019306506163e-06 5.258786061351841679e-04 9.999998616804937068e-01 9.582200465436912021e-03 9.998887777328491211e-01 1.489033829420804977e-02 8.308673277497291565e-04 7.011224627494812012e-01 -1.489058043807744980e-02 9.998891353607177734e-01 2.970481291413307190e-04 -1.588366739451885223e-02 -8.263527415692806244e-04 -3.093860286753624678e-04 9.999995827674865723e-01 1.522105420008301735e-03 6.126252746582031250e+01
1.611855000000000000e+07 9.999056600159968999e-01 1.373575414645232876e-02 -1.137221413392768876e-05 7.082240719533290374e-01 -1.373575794744592848e-02 9.999055521357930187e-01 -4.645050627667559164e-04 -1.250701210347643366e-02 4.990812823113804981e-06 4.646174473452545492e-04 9.999998920528557766e-01 9.710600348725832720e-03 9.998928904533386230e-01 1.461248751729726791e-02 8.138085249811410904e-04 7.168021798133850098e-01 -1.461348123848438263e-02 9.998924732208251953e-01 1.213044626638293266e-03 -1.673484221100807190e-02 -7.959939539432525635e-04 -1.224800362251698971e-03 9.999989867210388184e-01 4.433702677488327026e-03 5.920947265625000000e+01
1.622236000000000000e+07 9.999221493670092942e-01 1.247775056087426990e-02 -3.083647880158861499e-05 7.299952514214070876e-01 -1.247775989717913800e-02 9.999220972935833895e-01 -3.238157506414217715e-04 -1.117513128104336527e-02 2.679358451396033085e-05 3.241753115479979633e-04 9.999999470962358528e-01 1.009720692950136917e-02 9.999123811721801758e-01 1.306689251214265823e-02 -2.141795819625258446e-03 7.242199182510375977e-01 -1.306594908237457275e-02 9.999145865440368652e-01 4.489916318561881781e-04 -1.503366604447364807e-02 2.147478517144918442e-03 -4.209681355860084295e-04 9.999975562095642090e-01 8.711430244147777557e-03 5.905718231201171875e+01
1.632614000000000000e+07 9.999379585046551666e-01 1.113897663072480233e-02 -4.843344169022449733e-05 7.372140143076773011e-01 -1.113898645133825673e-02 9.999379380476111079e-01 -2.074573831762691728e-04 -9.797524007129323337e-03 4.611957295964204205e-05 2.079840116411018529e-04 9.999999773078185328e-01 1.027085576563257011e-02 9.999250173568725586e-01 1.154889725148677826e-02 -4.061405546963214874e-03 7.378134131431579590e-01 -1.154076587408781052e-02 9.999313354492187500e-01 2.008171984925866127e-03 -1.381640974432229996e-02 4.084322135895490646e-03 -1.961152534931898117e-03 9.999897480010986328e-01 6.718994118273258209e-03 5.938844680786132812e+01
1.642989000000000000e+07 9.999520185171402176e-01 9.795857359375567328e-03 -4.295560090461747168e-05 7.455482740111514239e-01 -9.795861523979413135e-03 9.999520146126996689e-01 -9.783710180382524930e-05 -8.398396634182177939e-03 4.199514140069336666e-05 9.825319453933602514e-05 9.999999942913591067e-01 1.028567998856404035e-02 9.999269247055053711e-01 1.000138930976390839e-02 -6.789105478674173355e-03 7.460754513740539551e-01 -1.001369394361972809e-02 9.999483227729797363e-01 -1.781029044650495052e-03 -1.522932387888431549e-02 6.770943757146596909e-03 1.848880201578140259e-03 9.999753236770629883e-01 5.807939305668696761e-05 5.961052703857421875e+01
1.653376000000000000e+07 9.999692487280570363e-01 7.842289146923430571e-03 -9.956477134733247354e-06 7.716187301631132200e-01 -7.842289893111965143e-03 9.999692457871945939e-01 -7.725912185508278696e-05 -6.453897499990093704e-03 9.350282557800968978e-06 7.733482761888255358e-05 9.999999969659483234e-01 1.002554514581283258e-02 9.999646544456481934e-01 8.348916657269001007e-03 -1.056660199537873268e-03 7.626436948776245117e-01 -8.349339477717876434e-03 9.999650716781616211e-01 -3.777112578973174095e-04 -1.392071507871150970e-02 1.053465646691620350e-03 3.865236940328031778e-04 9.999994039535522461e-01 -3.498997306451201439e-03 5.964188766479492188e+01
1.663752000000000000e+07 9.999784104549291897e-01 6.570974496859723762e-03 -3.026407326037285929e-05 7.730759624918226436e-01 -6.570975741433218373e-03 9.999784100555836330e-01 -4.120960978635909353e-05 -5.198120020171188155e-03 2.999263255144519693e-05 4.140758459131839236e-05 9.999999986929268836e-01 9.836324648745243746e-03 9.999547600746154785e-01 6.791334133595228195e-03 6.652417592704296112e-03 7.762310504913330078e-01 -6.799019873142242432e-03 9.999762177467346191e-01 1.136482227593660355e-03 -8.001509122550487518e-03 -6.644538603723049164e-03 -1.181664760224521160e-03 9.999772906303405762e-01 3.027480794116854668e-03 5.995430374145507812e+01
1.674126000000000000e+07 9.999864558023243699e-01 5.204425230049728769e-03 -4.657590796404855826e-05 7.836837863831438433e-01 -5.204426114443757266e-03 9.999864567040279706e-01 -1.888721484283490559e-05 -3.788344547189871018e-03 4.647698007303990278e-05 1.912935990787922158e-05 9.999999987369789789e-01 9.771436671931506626e-03 9.999516606330871582e-01 5.039644427597522736e-03 8.441329002380371094e-03 7.799428701400756836e-01 -5.071416497230529785e-03 9.999800920486450195e-01 3.743407316505908966e-03 -1.284860656596720219e-03 -8.422299288213253021e-03 -3.786040935665369034e-03 9.999573826789855957e-01 1.110473740845918655e-02 6.105955123901367188e+01
1.684514000000000000e+07 9.999937221601515880e-01 3.542238580568388140e-03 -9.047583013432177401e-05 7.714430397976729248e-01 -3.542235118219742504e-03 9.999937255281015069e-01 3.839983472106341778e-05 -2.260356720596397480e-03 9.061128382498082848e-05 -3.807910698386192020e-05 9.999999951697883249e-01 9.403387588456334906e-03 9.999765753746032715e-01 4.232057370245456696e-03 5.383706651628017426e-03 7.778316736221313477e-01 -4.235665779560804367e-03 9.999908804893493652e-01 6.581649067811667919e-04 -4.499014001339673996e-03 -5.380870308727025986e-03 -6.809456972405314445e-04 9.999852180480957031e-01 1.227830350399017334e-02 5.939651107788085938e+01
1.694889000000000000e+07 9.999946946777319434e-01 3.255316560861633030e-03 -1.163219840846014050e-04 7.632695007566164813e-01 -3.255310662042386598e-03 9.999947001687651271e-01 5.086453115607459454e-05 -2.051730351219973984e-03 1.164869477432852412e-04 -5.048559711995766831e-05 9.999999919409979787e-01 9.352005343004602192e-03 9.999920725822448730e-01 3.502701176330447197e-03 -1.905114389955997467e-03 7.690131664276123047e-01 -3.506206441670656204e-03 9.999921321868896484e-01 -1.834200113080441952e-03 -8.787844330072402954e-03 1.898671500384807587e-03 1.840863609686493874e-03 9.999964833259582520e-01 1.156954746693372726e-02 5.871372985839843750e+01
1.705263000000000000e+07 9.999965623306732443e-01 2.619923318188284011e-03 -1.064358071930770073e-04 7.767825022188457051e-01 -2.619917562871009169e-03 9.999965665425037953e-01 5.417661840474060080e-05 -1.299222363522958531e-03 1.065773803373859275e-04 -5.389757912035499923e-05 9.999999928681564398e-01 9.405783200331949839e-03 9.999940991401672363e-01 3.316796384751796722e-03 -8.919764659367501736e-04 7.701645493507385254e-01 -3.316484624519944191e-03 9.999944567680358887e-01 3.378892433829605579e-04 -6.070672534406185150e-03 8.930933545343577862e-04 -3.349290927872061729e-04 9.999995827674865723e-01 1.025130227208137512e-02 6.101248168945312500e+01
1.715642000000000000e+07 9.999973768898128279e-01 2.286797785836646325e-03 -1.294966738948971825e-04 7.665411837205459156e-01 -2.286788406325325051e-03 9.999973826655023101e-01 7.253232290589873210e-05 -1.062369501115865891e-03 1.296622017139493154e-04 -7.223600115356627405e-05 9.999999889848367740e-01 9.286197000924825695e-03 9.999939799308776855e-01 2.866927534341812134e-03 1.934533473104238510e-03 7.734891772270202637e-01 -2.863571746274828911e-03 9.999943971633911133e-01 -1.734629971906542778e-03 -7.989054545760154724e-03 -1.939496956765651703e-03 1.729081850498914719e-03 9.999966025352478027e-01 9.049296379089355469e-03 6.103519821166992188e+01
1.726028000000000000e+07 9.999973910187078818e-01 2.281337733102570004e-03 -1.159909262016962770e-04 7.749737049834473090e-01 -2.281330106014531605e-03 9.999973955952363713e-01 6.584574287594735238e-05 -9.994799329394699842e-04 1.161408404930218565e-04 -6.558095749214995767e-05 9.999999911052215307e-01 9.354743622197797190e-03 9.999926686286926270e-01 2.417070325464010239e-03 2.954734256491065025e-03 7.727783322334289551e-01 -2.410762710496783257e-03 9.999948143959045410e-01 -2.135003451257944107e-03 -9.800112806260585785e-03 -2.959873760119080544e-03 2.127869520336389542e-03 9.999933838844299316e-01 1.103917788714170456e-02 6.253148651123046875e+01
1.736400000000000000e+07 9.999965967605783934e-01 2.606232605624249528e-03 -1.184022640760664567e-04 7.685000358580383883e-01 -2.606224931311045510e-03 9.999966016825994064e-01 6.492371862182386014e-05 -1.377102308403190846e-03 1.185710680142474733e-04 -6.461491474872526860e-05 9.999999908829075856e-01 9.305560859363371309e-03 9.999928474426269531e-01 3.093807026743888855e-03 2.154932823032140732e-03 7.731386423110961914e-01 -3.088317811489105225e-03 9.999919533729553223e-01 -2.547528129070997238e-03 -1.295927446335554123e-02 -2.162801101803779602e-03 2.540848450735211372e-03 9.999944567680358887e-01 1.544344797730445862e-02 6.086307144165039062e+01
1.746789000000000000e+07 9.999976405524794165e-01 2.167660418095502736e-03 -1.419074895553821896e-04 7.616474821654205529e-01 -2.167648704966567211e-03 9.999976472318674592e-01 8.264243033272964138e-05 -9.962853159371915217e-04 1.420862964069579055e-04 -8.233462975300900573e-05 9.999999865162463308e-01 9.286655385754627456e-03 9.999921917915344238e-01 2.841688692569732666e-03 -2.777074230834841728e-03 7.644275426864624023e-01 -2.843121066689491272e-03 9.999958872795104980e-01 -5.124011076986789703e-04 -1.341203693300485611e-02 2.775608096271753311e-03 5.202931351959705353e-04 9.999959468841552734e-01 1.765077002346515656e-02 6.100764846801757812e+01
1.757166000000000000e+07 9.999990436156732665e-01 1.374927982428111916e-03 -1.494683567663206549e-04 7.660789583562892524e-01 -1.374912556558524580e-03 9.999990494761004101e-01 1.032587291079672042e-04 -1.201872400887211544e-04 1.496101880085863188e-04 -1.030531244332364782e-04 9.999999834984225622e-01 9.258710112306512904e-03 9.999684691429138184e-01 2.163090044632554054e-03 -7.630238775163888931e-03 7.619406580924987793e-01 -2.139398362487554550e-03 9.999927878379821777e-01 3.112401580438017845e-03 -4.946342203766107559e-03 7.636916358023881912e-03 -3.095982130616903305e-03 9.999661445617675781e-01 9.911226108670234680e-03 6.113907241821289062e+01
1.767551000000000000e+07 9.999994402292323725e-01 1.042783579904111527e-03 -1.792865801402613690e-04 7.581738175107062272e-01 -1.042762203073704149e-03 9.999994492089223641e-01 1.192849083307365729e-04 1.983852203458175796e-04 1.794108697289549981e-04 -1.190978882976626149e-04 9.999999768137172174e-01 9.271117660349775455e-03 9.999692440032958984e-01 1.784702530130743980e-03 -7.638128474354743958e-03 7.614850401878356934e-01 -1.776359742507338524e-03 9.999978542327880859e-01 1.099388347938656807e-03 -9.140936890617012978e-04 7.640075404196977615e-03 -1.085780328139662743e-03 9.999701976776123047e-01 9.831871837377548218e-03 6.104809570312500000e+01
1.777939000000000000e+07 9.999998906581232250e-01 4.343510728248431907e-04 -1.732711370703574668e-04 7.670746421593218622e-01 -4.343278350389525666e-04 9.999998966845855541e-01 1.341273643891483566e-04 9.229409358967469515e-04 1.733293775334212531e-04 -1.340520932455390671e-04 9.999999759934813381e-01 9.260990375481016265e-03 9.999876022338867188e-01 1.307244645431637764e-03 -4.810116719454526901e-03 7.584486007690429688e-01 -1.302640419453382492e-03 9.999987483024597168e-01 9.582481579855084419e-04 -1.528565771877765656e-03 4.811358172446489334e-03 -9.519687155261635780e-04 9.999879598617553711e-01 4.839209839701652527e-03 6.098102569580078125e+01
1.788314000000000000e+07 9.999987706207624782e-01 1.561789360956501727e-03 -1.398964158390331603e-04 7.704169030899239434e-01 -1.561775983610715068e-03 9.999987758496921009e-01 9.568147995233198145e-05 -2.665310113991765516e-04 1.400456788990991474e-04 -9.546287546563117065e-05 9.999999856370238582e-01 9.269672110400962312e-03 9.999961853027343750e-01 1.891472958959639072e-03 1.988201402127742767e-03 7.695303559303283691e-01 -1.894909190014004707e-03 9.999966621398925781e-01 1.723210676573216915e-03 -2.517527491363580339e-06 -1.984930830076336861e-03 -1.726986956782639027e-03 9.999965429306030273e-01 5.318079143762588501e-03 6.108291244506835938e+01
1.798701000000000000e+07 9.999981072222480227e-01 1.941380508676996720e-03 -1.288162258823241245e-04 7.728974992462505078e-01 -1.941370372725345801e-03 9.999981124368771956e-01 7.876380415207002452e-05 -6.481586239584134984e-04 1.289688932486127745e-04 -7.851357506380354095e-05 9.999999886013214434e-01 9.317526391263243613e-03 9.999904632568359375e-01 2.242967486381530762e-03 3.775452496483922005e-03 7.618421912193298340e-01 -2.253202954307198524e-03 9.999938011169433594e-01 2.706964500248432159e-03 8.122831583023071289e-03 -3.769358852878212929e-03 -2.715441631153225899e-03 9.999892115592956543e-01 1.446228753775358200e-02 6.218960189819335938e+01
1.809088000000000000e+07 9.999984216770273493e-01 1.771652968357550258e-03 -1.337507578291777190e-04 7.712488346531500838e-01 -1.771641196343323992e-03 9.999984267633222901e-01 8.808179615625806645e-05 -4.822421399208586131e-04 1.339065977806681883e-04 -8.784469878597281941e-05 9.999999871761661163e-01 9.286554378684534067e-03 9.999822378158569336e-01 2.052535070106387138e-03 5.592822097241878510e-03 7.615215778350830078e-01 -2.071966649964451790e-03 9.999918937683105469e-01 3.472952172160148621e-03 7.418259978294372559e-03 -5.585649982094764709e-03 -3.484471468254923820e-03 9.999783039093017578e-01 1.626552641391754150e-02 5.936272048950195312e+01
1.819476000000000000e+07 9.999983241411738444e-01 1.825532631749453901e-03 -1.383671649007091071e-04 7.670141844831914746e-01 -1.825520436162112251e-03 9.999983298452904679e-01 8.821442593882450030e-05 -5.768058792865635945e-04 1.385279721184102890e-04 -8.796168601804606082e-05 9.999999865363713436e-01 9.267250899560047425e-03 9.999958276748657227e-01 2.238148357719182968e-03 1.792581286281347275e-03 7.547072768211364746e-01 -2.234324114397168159e-03 9.999952316284179688e-01 -2.131217392161488533e-03 1.051292565534822643e-04 -1.797342672944068909e-03 2.127195009961724281e-03 9.999961853027343750e-01 1.320685073733329773e-02 6.261622238159179688e+01
1.829851000000000000e+07 9.999995032886046520e-01 9.794400276541999351e-04 -1.847154289892833149e-04 7.573728210031387409e-01 -9.794174949398042063e-04 9.999995129240427660e-01 1.220371301319222437e-04 2.515959970645061192e-04 1.848348670673192692e-04 -1.218561559944228304e-04 9.999999754935746665e-01 9.267739876209664385e-03 9.999992847442626953e-01 1.129724667407572269e-03 -3.027441271115094423e-04 7.500050663948059082e-01 -1.130665536038577557e-03 9.999945759773254395e-01 -3.096244763582944870e-03 -4.852142650634050369e-03 2.992447116412222385e-04 3.096584929153323174e-03 9.999951124191284180e-01 1.472767163068056107e-02 6.096422576904296875e+01
1.840239000000000000e+07 9.999997253935095642e-01 7.182415484873137237e-04 -1.825979072344343333e-04 7.614275380030091078e-01 -7.182184306170820995e-04 9.999997340623437703e-01 1.266394071063079254e-04 5.613748964557116472e-04 1.826888163566253893e-04 -1.265082271508358495e-04 9.999999753102326583e-01 9.261282648389591171e-03 9.999994635581970215e-01 8.373039308935403824e-04 5.661678151227533817e-04 7.535277605056762695e-01 -8.361926302313804626e-04 9.999977946281433105e-01 -1.939178677275776863e-03 -3.812287934124469757e-03 -5.677892477251589298e-04 1.938719768077135086e-03 9.999979734420776367e-01 1.515149232000112534e-02 6.088131332397460938e+01
1.850626000000000000e+07 9.999997841885339689e-01 6.302773415305949799e-04 -1.854005261843205959e-04 7.597089228809130734e-01 -6.302532525780658824e-04 9.999997929457252743e-01 1.299589980405336587e-04 6.434068423440338384e-04 1.854823980087221414e-04 -1.298421207084063183e-04 9.999999743686514009e-01 9.263346700691885149e-03 9.999979734420776367e-01 1.270359382033348083e-03 -1.571750734001398087e-03 7.542262077331542969e-01 -1.270154723897576332e-03 9.999992251396179199e-01 1.337640424026176333e-04 -2.076005097478628159e-03 1.571919419802725315e-03 -1.317696151090785861e-04 9.999988079071044922e-01 1.292440574616193771e-02 6.087164688110351562e+01
1.861013000000000000e+07 9.999997010817347487e-01 7.499064119279821210e-04 -1.883529533779248121e-04 7.569348616868755153e-01 -7.498822179070441891e-04 9.999997105836833100e-01 1.284882433522961664e-04 4.919303213313665863e-04 1.884492530197439753e-04 -1.283469624192411923e-04 9.999999740069687171e-01 9.264284255085233552e-03 9.999974966049194336e-01 6.377174286171793938e-04 -2.131239976733922958e-03 7.566990852355957031e-01 -6.420100107789039612e-04 9.999976754188537598e-01 -2.016131533309817314e-03 -4.869347438216209412e-03 2.129949862137436867e-03 2.017489401623606682e-03 9.999956488609313965e-01 1.338419970124959946e-02 6.081539154052734375e+01
1.871391000000000000e+07 9.999999814985927049e-01 -1.770741287611364703e-05 -1.915444136980394563e-04 7.648923512650421808e-01 1.773568660144754370e-05 9.999999889485806648e-01 1.476085507297317028e-04 1.371280315325967706e-03 1.915417978156884471e-04 -1.476119451704075098e-04 9.999999707612267086e-01 9.247854192346634944e-03 9.999995827674865723e-01 6.553650018759071827e-04 5.629988736473023891e-04 7.642414569854736328e-01 -6.544622592628002167e-04 9.999985694885253906e-01 -1.611129613593220711e-03 -3.173727309331297874e-03 -5.640549934469163418e-04 1.610759063623845577e-03 9.999985098838806152e-01 1.311432477086782455e-02 6.060886383056640625e+01
1.881776000000000000e+07 9.999999669581424167e-01 1.863899743490160142e-04 -1.770381113603167146e-04 7.691268638111513622e-01 -1.863655997134506072e-04 9.999999731551204585e-01 1.376866830847967168e-04 1.218615587718638663e-03 1.770637700245328338e-04 -1.376536847222786645e-04 9.999999748499424079e-01 9.248576548244754822e-03 9.999995231628417969e-01 8.493941277265548706e-04 5.785652319900691509e-04 7.685626149177551270e-01 -8.511338382959365845e-04 9.999950528144836426e-01 3.013831097632646561e-03 5.991416051983833313e-03 -5.760022322647273540e-04 -3.014324000105261803e-03 9.999952912330627441e-01 1.146656461060047150e-02 6.067340850830078125e+01
1.892164000000000000e+07 9.999999797032672610e-01 -9.535862041030844505e-05 -1.774829544746142466e-04 7.734855540280169972e-01 9.538471208560446446e-05 9.999999846453766494e-01 1.470068152557969072e-04 1.550033401713190847e-03 1.774689333825546663e-04 -1.470237414322882912e-04 9.999999734443986155e-01 9.290048303050633602e-03 9.999995231628417969e-01 3.908753205905668437e-05 -9.539992897771298885e-04 7.718242406845092773e-01 -3.914629633072763681e-05 1.000000000000000000e+00 -6.244818359846249223e-05 4.493432119488716125e-03 9.539971943013370037e-04 6.249468424357473850e-05 9.999995231628417969e-01 1.197113562375307083e-02 5.961833572387695312e+01
1.902551000000000000e+07 9.999983871222618559e-01 -1.784639489496917799e-03 -2.020264896244129606e-04 7.796465807376887769e-01 1.784675393137407718e-03 9.999983916809993545e-01 1.776769285205809907e-04 2.955200542677242394e-03 2.017090754319751222e-04 -1.780371936614607046e-04 9.999999638081018549e-01 9.294264935850587994e-03 9.999984502792358398e-01 -1.755436998791992664e-03 -7.636799273313954473e-05 7.777941226959228516e-01 1.755446544848382473e-03 9.999984502792358398e-01 1.294800167670473456e-04 5.246086511760950089e-03 7.614020432811230421e-05 -1.296163827646523714e-04 1.000000000000000000e+00 1.573110185563564301e-02 5.814966583251953125e+01
1.912939000000000000e+07 9.999979952527446869e-01 -1.991865184959715727e-03 -2.048506930277218987e-04 7.769079706995843937e-01 1.991903175122778855e-03 9.999979989693551508e-01 1.854164393162929943e-04 3.116331890859183260e-03 2.044809585862049004e-04 -1.858241103256982180e-04 9.999999618284702851e-01 9.274125926415466292e-03 9.999976754188537598e-01 -2.107779495418071747e-03 5.075031076557934284e-04 7.863903641700744629e-01 2.109050750732421875e-03 9.999945759773254395e-01 -2.522099763154983521e-03 6.010076613165438175e-04 -5.021852557547390461e-04 2.523158444091677666e-03 9.999966621398925781e-01 1.052717491984367371e-02 5.809228897094726562e+01
1.923326000000000000e+07 9.999947915421198985e-01 -3.221229897287604393e-03 -2.014112174233899204e-04 7.882924036384079125e-01 3.221267055268837998e-03 9.999947946972289614e-01 1.844367184497468324e-04 3.804890066659633117e-03 2.008160559395376528e-04 -1.850845571444892270e-04 9.999999627083081544e-01 9.235711086395866770e-03 9.999950528144836426e-01 -3.073415951803326607e-03 -6.192229338921606541e-04 7.881014943122863770e-01 3.074041567742824554e-03 9.999947547912597656e-01 1.015765825286507607e-03 5.739428102970123291e-03 6.160990451462566853e-04 -1.017653732560575008e-03 9.999993443489074707e-01 1.265605911612510681e-02 5.827625656127929688e+01
1.933701000000000000e+07 9.999961299906900969e-01 -2.774621399603386090e-03 -2.036664247239310447e-04 7.833844883887916000e-01 2.774659199794431933e-03 9.999961334111981959e-01 1.855512295024512766e-04 3.556953358917993701e-03 2.031508028362257812e-04 -1.861156163160333538e-04 9.999999620453650095e-01 9.242920342164576142e-03 9.999953508377075195e-01 -3.039279719814658165e-03 2.823966206051409245e-04 7.985563278198242188e-01 3.038168419152498245e-03 9.999879002571105957e-01 3.873630892485380173e-03 9.693398140370845795e-03 -2.941663551609963179e-04 -3.872766392305493355e-03 9.999924898147583008e-01 1.462362986057996750e-02 5.834767913818359375e+01
1.944089000000000000e+07 9.999971369221166695e-01 -2.384113920187395236e-03 -2.053008375741868492e-04 7.903583224087924464e-01 2.384149477524018929e-03 9.999971429252628718e-01 1.731260493598564076e-04 3.267158450630481322e-03 2.048874987936552831e-04 -1.736150215669542607e-04 9.999999639394682172e-01 9.322645258255999115e-03 9.999880194664001465e-01 -2.508458681404590607e-03 -4.198744427412748337e-03 7.963855266571044922e-01 2.516004955396056175e-03 9.999952912330627441e-01 1.793697127141058445e-03 7.709751836955547333e-03 4.194226115942001343e-03 -1.804241677746176720e-03 9.999895691871643066e-01 1.210424117743968964e-02 5.821148681640625000e+01
1.954476000000000000e+07 9.999972973896873452e-01 -2.316692729087546383e-03 -1.953160876108610148e-04 7.961716892024757186e-01 2.316725311329179398e-03 9.999973024844325264e-01 1.667571399069525760e-04 3.223470732621762716e-03 1.949292357073002932e-04 -1.672091829300300422e-04 9.999999670218421288e-01 9.407561985621901851e-03 9.999843239784240723e-01 -2.521782647818326950e-03 -5.011552013456821442e-03 8.000077009201049805e-01 2.522789407521486282e-03 9.999967813491821289e-01 1.963303948286920786e-04 4.899932537227869034e-03 5.011039786040782928e-03 -2.089598128804937005e-04 9.999873638153076172e-01 7.873143069446086884e-03 5.791846466064453125e+01
1.964851000000000000e+07 9.999983191952195316e-01 -1.825087670614468230e-03 -1.751050101485120201e-04 8.117169655790005267e-01 1.825110428319386266e-03 9.999983260483011893e-01 1.298943953908863189e-04 2.796312665730324182e-03 1.748676483740860201e-04 -1.302137630405919013e-04 9.999999762328406483e-01 9.651273950481001340e-03 9.999976754188537598e-01 -1.884665805846452713e-03 -9.857037803158164024e-04 8.131780624389648438e-01 1.883566030301153660e-03 9.999975562095642090e-01 -1.121461973525583744e-03 2.750931889750063419e-04 9.878190467134118080e-04 1.119594206102192402e-03 9.999989867210388184e-01 -4.890417330898344517e-04 5.833036804199218750e+01
1.975239000000000000e+07 9.999976968146718770e-01 -2.139632098518756340e-03 -1.683447124210633720e-04 8.162118718202353573e-01 2.139654069186394843e-03 9.999977024305686246e-01 1.304383207581840114e-04 2.961029062899276938e-03 1.680652356259584531e-04 -1.307982197751043419e-04 9.999999773229514277e-01 9.687807529656400005e-03 9.999969005584716797e-01 -2.209149068221449852e-03 1.162466476671397686e-03 8.214234709739685059e-01 2.208114834502339363e-03 9.999971985816955566e-01 8.921107510104775429e-04 1.587498700246214867e-03 -1.164435059763491154e-03 -8.895393693819642067e-04 9.999989271163940430e-01 5.826887674629688263e-03 5.845248031616210938e+01
1.985626000000000000e+07 9.999979368505372834e-01 -2.024852224835507579e-03 -1.620747559054453411e-04 8.204536087260652089e-01 2.024871450380771876e-03 9.999979429192270564e-01 1.185454064762822909e-04 2.848857746923147676e-03 1.618343855797783068e-04 -1.188733424382957762e-04 9.999999798393802708e-01 9.761876623423586252e-03 9.999967813491821289e-01 -2.192880958318710327e-03 1.315845758654177189e-03 8.331311345100402832e-01 2.193929627537727356e-03 9.999972581863403320e-01 -7.973142201080918312e-04 9.497425344306975603e-05 -1.314094406552612782e-03 8.002071408554911613e-04 9.999988079071044922e-01 7.210974115878343582e-03 5.823590469360351562e+01
1.996014000000000000e+07 9.999982085663501330e-01 -1.887158045458242747e-03 -1.466247969766435995e-04 8.296467314909682367e-01 1.887173193685981335e-03 9.999982139575985807e-01 1.032432967966249700e-04 2.659802774902815265e-03 1.464296986928211323e-04 -1.035198182118166011e-04 9.999999839209962049e-01 9.905184707510280434e-03 9.999974966049194336e-01 -1.947585376910865307e-03 1.056551467627286911e-03 8.385503888130187988e-01 1.949700759723782539e-03 9.999961256980895996e-01 -1.999794738367199898e-03 -5.338832270354032516e-03 -1.052653184160590172e-03 2.001839922741055489e-03 9.999974370002746582e-01 1.807861030101776123e-03 5.801615905761718750e+01
2.006401000000000000e+07 9.999994365580608946e-01 -1.055131175714808106e-03 -1.165410332678983724e-04 8.441776349508646193e-01 1.055137726212167920e-03 9.999994417650586165e-01 5.616047591883905103e-05 1.903578972628468821e-03 1.164817115442522144e-04 -5.628341111110376734e-05 9.999999916320946314e-01 1.016552331654502900e-02 9.999925494194030762e-01 -1.152658602222800255e-03 3.701282432302832603e-03 8.468437790870666504e-01 1.155374455265700817e-03 9.999990463256835938e-01 -7.319955620914697647e-04 -2.174956956878304482e-03 -3.700436325743794441e-03 7.362705073319375515e-04 9.999929070472717285e-01 4.499203991144895554e-03 5.823465728759765625e+01
2.016793000000000000e+07 9.999995290851961816e-01 -9.643551363901673541e-04 -1.088510658851481319e-04 8.477780725561916420e-01 9.643604839155674917e-04 9.999995337996402389e-01 4.908520121068749058e-05 1.789871717094645336e-03 1.088036795727220649e-04 -4.919014976255873351e-05 9.999999928710442409e-01 1.022159726237879991e-02 9.999887347221374512e-01 -9.986254153773188591e-04 4.631010815501213074e-03 8.538934588432312012e-01 1.002278644591569901e-03 9.999991655349731445e-01 -7.871453999541699886e-04 -1.505633932538330555e-03 -4.630222450941801071e-03 7.917699986137449741e-04 9.999889731407165527e-01 1.160899456590414047e-02 5.860863876342773438e+01
2.027189000000000000e+07 9.999998810176445874e-01 4.800256533391102152e-04 -8.683356931677498427e-05 8.500887948483299983e-01 -4.800244974129573507e-04 9.999998846993588542e-01 1.333232460285187153e-05 7.130919080075985876e-04 8.683995916263721380e-05 -1.329064077606774481e-05 9.999999961410901417e-01 1.034236754644460646e-02 9.999960660934448242e-01 4.039138730149716139e-04 2.796795684844255447e-03 8.573977351188659668e-01 -4.032594442833214998e-04 9.999999403953552246e-01 -2.335014141863211989e-04 -2.517291577532887459e-03 -2.796889049932360649e-03 2.323865192010998726e-04 9.999960660934448242e-01 1.322118192911148071e-02 5.899945449829101562e+01
2.037576000000000000e+07 9.999987311517599675e-01 1.591814921145376762e-03 -6.180796634226730011e-05 8.580345285819771517e-01 -1.591816520631855357e-03 9.999987327255333014e-01 -2.583775926670161478e-05 -2.087941629820422979e-04 6.176675908546836954e-05 2.593611342064543459e-05 9.999999977560928288e-01 1.052381786126307950e-02 9.999976754188537598e-01 2.112579764798283577e-03 -4.734945105155929923e-05 8.629984855651855469e-01 -2.112396527081727982e-03 9.999914169311523438e-01 3.560220822691917419e-03 2.679215744137763977e-03 5.487094676936976612e-05 -3.560121171176433563e-03 9.999936223030090332e-01 1.290764939039945602e-02 5.836502456665039062e+01
2.047975000000000000e+07 9.999991864002165665e-01 1.274394981523469363e-03 -5.582400314150055473e-05 8.637952301510917197e-01 -1.274396496521740295e-03 9.999991875889250315e-01 -2.711167336013234371e-05 -3.293492066977271246e-05 5.578940680863674853e-05 2.718279321683497710e-05 9.999999980743189409e-01 1.058005909409775840e-02 9.999976158142089844e-01 1.877796137705445290e-03 -1.145464251749217510e-03 8.635016679763793945e-01 -1.877637114375829697e-03 9.999982118606567383e-01 1.354629785055294633e-04 6.797633832320570946e-04 1.145716174505650997e-03 -1.333055261056870222e-04 9.999992847442626953e-01 1.090222597122192383e-02 5.806323242187500000e+01
2.058364000000000000e+07 9.999986942648005916e-01 1.614410676390926058e-03 -7.174266725080180357e-05 8.490927870672647648e-01 -1.614411317206534968e-03 9.999986967978904406e-01 -8.875128090790201262e-06 -1.266199127325351838e-04 7.172824565488211223e-05 8.990938669576518737e-06 9.999999973871110948e-01 1.039300275144955550e-02 9.999961853027343750e-01 1.614615670405328274e-03 -2.256255364045500755e-03 8.661527037620544434e-01 -1.619483693502843380e-03 9.999964237213134766e-01 -2.153401495888829231e-03 -3.931938670575618744e-03 2.252769889310002327e-03 2.157042734324932098e-03 9.999951720237731934e-01 1.165611948817968369e-02 5.788918304443359375e+01
2.068751000000000000e+07 9.999989221603839962e-01 1.467248063146315423e-03 -5.348896003982994853e-05 8.623567036243618977e-01 -1.467249599815752953e-03 9.999989231767966169e-01 -2.870080784931632839e-05 -1.579507650492950914e-04 5.344679123454875602e-05 2.877925857412703522e-05 9.999999981575973251e-01 1.057123188151534721e-02 9.999969005584716797e-01 1.617809524759650230e-03 -1.855876296758651733e-03 8.706723451614379883e-01 -1.625157310627400875e-03 9.999908208847045898e-01 -3.969681449234485626e-03 -8.996155112981796265e-03 1.849437248893082142e-03 3.972681704908609390e-03 9.999903440475463867e-01 1.106462068855762482e-02 5.779987335205078125e+01
2.079153000000000000e+07 9.999987529073619541e-01 1.578661285849453349e-03 -4.485905764430213132e-05 8.680835237346914424e-01 -1.578663095002732792e-03 9.999987530977025862e-01 -4.032297345295204709e-05 -3.007074454787649802e-04 4.479534539409760750e-05 4.039374050327346384e-05 9.999999981808613825e-01 1.066124857936125159e-02 9.999982118606567383e-01 1.922457478940486908e-03 -5.035001231590285897e-05 8.727695345878601074e-01 -1.922542345710098743e-03 9.999970793724060059e-01 -1.427117385901510715e-03 -4.348173271864652634e-03 4.760622687172144651e-05 1.427222508937120438e-03 9.999989867210388184e-01 8.124608546495437622e-03 5.776793670654296875e+01
2.089539000000000000e+07 9.999996896010447944e-01 7.856765178504152361e-04 -5.924732786824881011e-05 8.701264153513323940e-01 -7.856781939814044477e-04 9.999996909551857049e-01 -2.827244152676408704e-05 2.632642328698611223e-04 5.922509656556404684e-05 2.831898208290120351e-05 9.999999978452116522e-01 1.072845614440838188e-02 9.999966621398925781e-01 1.064431504346430302e-03 2.342172665521502495e-03 8.795723319053649902e-01 -1.060067908838391304e-03 9.999977350234985352e-01 -1.855501555837690830e-03 -1.786706387065351009e-03 -2.344141947105526924e-03 1.853015855886042118e-03 9.999955296516418457e-01 1.364083867520093918e-02 5.680201721191406250e+01
2.099926000000000000e+07 9.999996983280694529e-01 7.752358674169148667e-04 -4.850916691091632798e-05 8.803749725056523312e-01 -7.752378950446964711e-04 9.999996986296969537e-01 -4.179402639714484594e-05 1.818915828822161235e-04 4.847675206442649670e-05 4.183161993230121269e-05 9.999999979500601155e-01 1.101033516358409549e-02 9.999960660934448242e-01 6.111020920798182487e-04 2.739454619586467743e-03 8.796565532684326172e-01 -6.020100554451346397e-04 9.999943375587463379e-01 -3.320532152429223061e-03 -6.048875860869884491e-03 -2.741469768807291985e-03 3.318865783512592316e-03 9.999908208847045898e-01 1.356254518032073975e-02 5.646796798706054688e+01
2.110327000000000000e+07 9.999995837251003383e-01 9.104781388038647163e-04 -5.982607776950336778e-05 8.638033646707914404e-01 -9.104792893908601878e-04 9.999995853291638870e-01 -1.920777794232053840e-05 2.311486399636790857e-04 5.980856469893350898e-05 1.926224035302347059e-05 9.999999980259507426e-01 1.056364667830057141e-02 9.999995827674865723e-01 8.646724163554608822e-04 3.586781676858663559e-04 8.755002617835998535e-01 -8.642991888336837292e-04 9.999989867210388184e-01 -1.065078540705144405e-03 -1.542711630463600159e-03 -3.595986927393823862e-04 1.064763520844280720e-03 9.999993443489074707e-01 1.393184438347816467e-02 5.673318481445312500e+01
2.120714000000000000e+07 9.999997640352031869e-01 6.848069726870336087e-04 -5.448805067930598435e-05 8.731087924356087937e-01 -6.848086131771128921e-04 9.999997650657180825e-01 -3.009437787516337372e-05 3.259634653690370032e-04 5.446742903836670867e-05 3.013168466040734461e-05 9.999999980626903540e-01 1.081429227819493896e-02 9.999963045120239258e-01 1.083184499293565750e-03 -2.462783129885792732e-03 8.696170449256896973e-01 -1.078529632650315762e-03 9.999976754188537598e-01 1.890652580186724663e-03 3.711979836225509644e-03 2.464826218783855438e-03 -1.887988066300749779e-03 9.999952316284179688e-01 1.327016483992338181e-02 5.596831893920898438e+01
2.131112000000000000e+07 9.999996591810258462e-01 8.222686707968939650e-04 -7.424351827835618618e-05 8.573315510530574723e-01 -8.222693645861437568e-04 9.999996618931240588e-01 -9.314738734092607860e-06 3.676547859808496597e-04 7.423583395866805627e-05 9.375783726925443343e-06 9.999999972005679805e-01 1.046876673518735978e-02 9.999829530715942383e-01 7.811224204488098621e-04 -5.793889518827199936e-03 8.605149388313293457e-01 -7.634517969563603401e-04 9.999950528144836426e-01 3.051487961784005165e-03 6.855749525129795074e-03 5.796243902295827866e-03 -3.047013422474265099e-03 9.999784827232360840e-01 1.207040715962648392e-02 5.506864166259765625e+01
2.141504000000000000e+07 9.999995579393413658e-01 9.369870899946778535e-04 -7.858943693761685485e-05 8.534487579078079422e-01 -9.369876077919011377e-04 9.999995610055425477e-01 -6.552076391497746135e-06 3.268972683332147357e-04 7.858326322619084718e-05 6.625710824876005948e-06 9.999999968903853231e-01 1.042884474743746570e-02 9.999855756759643555e-01 1.101294416002929211e-03 -5.262470338493585587e-03 8.610435724258422852e-01 -1.090373960323631763e-03 9.999971985816955566e-01 2.077236538752913475e-03 5.296942777931690216e-03 5.264746490865945816e-03 -2.071466529741883278e-03 9.999840855598449707e-01 1.140693109482526779e-02 5.427958297729492188e+01
2.151901000000000000e+07 9.999999761370935714e-01 2.008754192505373532e-04 -8.587711420092114458e-05 8.537045798511159189e-01 -2.008744966584847396e-04 9.999999797669192336e-01 1.075165593260539703e-05 8.591274752734840911e-04 8.587927220672986260e-05 -1.073440515415636815e-05 9.999999962547616583e-01 1.038054494568868905e-02 9.999786019325256348e-01 8.066257578320801258e-04 -6.485305260866880417e-03 8.547136783599853516e-01 -7.740366272628307343e-04 9.999870657920837402e-01 5.024634767323732376e-03 9.046080522239208221e-03 6.489276885986328125e-03 -5.019510630518198013e-03 9.999663233757019043e-01 1.366419252008199692e-02 5.478015899658203125e+01
2.162290000000000000e+07 9.999997620182353719e-01 6.842448763857713299e-04 -8.816133837439122203e-05 8.487128200509852505e-01 -6.842439604926075017e-04 9.999997658508005260e-01 1.041857321619382646e-05 5.678600564953394407e-04 8.816844658682820044e-05 -1.035824687342021842e-05 9.999999960595158388e-01 1.033661198083638856e-02 9.999991655349731445e-01 1.053566811606287956e-03 -8.095095399767160416e-04 8.560809493064880371e-01 -1.052989973686635494e-03 9.999992251396179199e-01 7.239105179905891418e-04 3.064534859731793404e-03 8.102689171209931374e-04 -7.230641203932464123e-04 9.999994635581970215e-01 9.423933923244476318e-03 5.458383941650390625e+01
2.172689000000000000e+07 9.999999126636556213e-01 4.112496235078085135e-04 -7.447439711742812616e-05 8.589509936812634860e-01 -4.112499455319833090e-04 9.999999154274588076e-01 -4.308696144086970296e-06 6.542718464931426142e-04 7.447261886934971589e-05 4.339323358201691601e-06 9.999999972174997698e-01 1.045907927906252095e-02 9.999877214431762695e-01 1.271551300305873156e-04 4.938305821269750595e-03 8.543899059295654297e-01 -1.080889269360341132e-04 9.999925494194030762e-01 -3.859722753986716270e-03 7.274610688909888268e-04 -4.938765894621610641e-03 3.859156277030706406e-03 9.999802708625793457e-01 7.393678650259971619e-03 5.462464141845703125e+01
2.183076000000000000e+07 9.999997705381622470e-01 -6.709814847387437923e-04 -9.331381491969454299e-05 8.602084237549618706e-01 6.709833683638250076e-04 9.999997746874995652e-01 2.015607778836548235e-05 1.434254887220911580e-03 9.330026953986533974e-05 -2.021868518143852885e-05 9.999999954431322280e-01 1.046361334916968630e-02 9.999414086341857910e-01 -6.251711747609078884e-04 1.080528832972049713e-02 8.596805930137634277e-01 6.366191082634031773e-04 9.999992251396179199e-01 -1.055983710102736950e-03 3.187868278473615646e-03 -1.080461684614419937e-02 1.062798197381198406e-03 9.999411106109619141e-01 1.410131715238094330e-02 5.453683090209960938e+01
2.193464000000000000e+07 9.999995286906471215e-01 -9.634670584896898402e-04 -1.197902711290441596e-04 8.419544460428213251e-01 9.634740432769761578e-04 9.999995341614020816e-01 5.826444019977043037e-05 1.838586384090589105e-03 1.197340794571908701e-04 -5.837982755628556115e-05 9.999999911277729359e-01 1.013944887340349418e-02 9.999590516090393066e-01 -1.323671778663992882e-03 8.947650901973247528e-03 8.542543649673461914e-01 1.316935056820511818e-03 9.999987483024597168e-01 7.579051307402551174e-04 6.968588568270206451e-03 -8.948645554482936859e-03 -7.460985798388719559e-04 9.999596476554870605e-01 2.198100276291370392e-02 5.460499191284179688e+01
2.203866000000000000e+07 9.999982635778055240e-01 -1.858669288555361973e-03 -1.348702088474029552e-04 8.361517821728261524e-01 1.858680865280534647e-03 9.999982689737634267e-01 8.576153533202468874e-05 2.501318788300254704e-03 1.347105730573534312e-04 -8.601206708135583992e-05 9.999999872274932811e-01 9.987972466787630593e-03 9.999890923500061035e-01 -2.571368822827935219e-03 -3.923192154616117477e-03 8.370266556739807129e-01 2.556394785642623901e-03 9.999895095825195312e-01 -3.816420678049325943e-03 -2.078088466078042984e-03 3.932965453714132309e-03 3.806357737630605698e-03 9.999850392341613770e-01 1.855624280869960785e-02 5.473011016845703125e+01
2.214262000000000000e+07 9.999977898867562498e-01 -2.096691743759504425e-03 -1.552594302064267556e-04 8.251850955574111524e-01 2.096709083456011185e-03 9.999977956754687591e-01 1.116036663722143888e-04 2.828313208280024138e-03 1.550250894866714508e-04 -1.119289535615979042e-04 9.999999817195659446e-01 9.810100951586965892e-03 9.999917745590209961e-01 -2.208122983574867249e-03 -3.383004572242498398e-03 8.312976956367492676e-01 2.188191749155521393e-03 9.999802708625793457e-01 -5.886554252356290817e-03 -4.303702618926763535e-03 3.395937848836183548e-03 5.879099946469068527e-03 9.999770522117614746e-01 1.418633293360471725e-02 5.506544113159179688e+01
2.224654000000000000e+07 9.999962806888776923e-01 -2.723455032674467792e-03 -1.462900013009937742e-04 8.329067444149288457e-01 2.723471260977006377e-03 9.999962852014420145e-01 1.108479837726786266e-04 3.112409529528070706e-03 1.459875683503491074e-04 -1.112459881266058984e-04 9.999999831559791552e-01 9.853071445291005162e-03 9.999961853027343750e-01 -2.643081825226545334e-03 -8.429092122241854668e-04 8.320748805999755859e-01 2.642755862325429916e-03 9.999964237213134766e-01 -3.871842345688492060e-04 6.232748855836689472e-04 8.439289522357285023e-04 3.849565109703689814e-04 9.999995231628417969e-01 1.551233790814876556e-02 5.488592147827148438e+01
2.235039000000000000e+07 9.999963804427826064e-01 -2.685522656786771319e-03 -1.645283562873940859e-04 8.215638414692719715e-01 2.685543793838766295e-03 9.999963856795202055e-01 1.283846330935409935e-04 3.217503830943233955e-03 1.641829817971324657e-04 -1.288260164927772396e-04 9.999999782239032964e-01 9.696360325742336972e-03 9.999930858612060547e-01 -2.496562432497739792e-03 -2.749274484813213348e-03 8.263429999351501465e-01 2.500800881534814835e-03 9.999957084655761719e-01 1.540265162475407124e-03 5.653369240462779999e-03 2.745416946709156036e-03 -1.547133200801908970e-03 9.999949932098388672e-01 1.692183129489421844e-02 5.536393737792968750e+01
2.245439000000000000e+07 9.999931385448425081e-01 -3.700214977758880218e-03 -1.768414209553120136e-04 8.159688512626214196e-01 3.700241594526879063e-03 9.999931427693408148e-01 1.504226482167496631e-04 3.822776246108425258e-03 1.762836121986976123e-04 -1.510759720545033497e-04 9.999999730500700457e-01 9.506132743982152397e-03 9.999886751174926758e-01 -3.467247122898697853e-03 -3.269786015152931213e-03 8.213011622428894043e-01 3.474108874797821045e-03 9.999918341636657715e-01 2.093563321977853775e-03 8.445693179965019226e-03 3.262500977143645287e-03 -2.104898914694786072e-03 9.999924302101135254e-01 1.489279791712760925e-02 5.539411163330078125e+01
2.255837000000000000e+07 9.999918433824480646e-01 -4.034525287490700260e-03 -1.891422909496522011e-04 8.059343520696339302e-01 4.034557287093573988e-03 9.999918468420979645e-01 1.691075258559652096e-04 4.117856645879366950e-03 1.884584802754581199e-04 -1.698692518941364725e-04 9.999999678139197545e-01 9.356608982020349352e-03 9.999849796295166016e-01 -4.001683555543422699e-03 -3.727918723598122597e-03 8.172197341918945312e-01 4.004760179668664932e-03 9.999916553497314453e-01 8.201441960409283638e-04 1.069243066012859344e-03 3.724607871845364571e-03 -8.350603748112916946e-04 9.999927282333374023e-01 1.260219328105449677e-02 5.500220870971679688e+01
2.266227000000000000e+07 9.999945660549024451e-01 -3.290864726902167046e-03 -1.951165458258443547e-04 8.049561068612236525e-01 3.290896432908613223e-03 9.999945717989412453e-01 1.624000285609320383e-04 3.711468519566710721e-03 1.945810501905260103e-04 -1.630412544062157117e-04 9.999999677778829144e-01 9.408907701411265215e-03 9.999849200248718262e-01 -3.173217875882983208e-03 -4.479107446968555450e-03 8.118696212768554688e-01 3.180032595992088318e-03 9.999938011169433594e-01 1.512110116891562939e-03 2.459507668390870094e-03 4.474285524338483810e-03 -1.526334322988986969e-03 9.999888539314270020e-01 1.510378252714872360e-02 5.543584060668945312e+01
2.276614000000000000e+07 9.999951166444858153e-01 -3.119010144460206135e-03 -1.961197285766250805e-04 8.021707259391727129e-01 3.119042956917388899e-03 9.999951217914374579e-01 1.672256225955968891e-04 3.638437972053905258e-03 1.955971934529597783e-04 -1.678365118285634564e-04 9.999999667863211927e-01 9.386483583867063357e-03 9.999949932098388672e-01 -3.073164494708180428e-03 7.188938325271010399e-04 8.133509755134582520e-01 3.069223137572407722e-03 9.999806284904479980e-01 5.419236607849597931e-03 7.009396795183420181e-03 -7.355327252298593521e-04 -5.416990723460912704e-03 9.999850392341613770e-01 1.440061908215284348e-02 5.571753692626953125e+01
2.287016000000000000e+07 9.999934508922456722e-01 -3.614427575542337664e-03 -1.846259220632292110e-04 8.134151749700930800e-01 3.614456346994034466e-03 9.999934557039799055e-01 1.557412581419209642e-04 3.828609838188394305e-03 1.840617983534375700e-04 -1.564075604701529358e-04 9.999999708289660783e-01 9.488972109363690011e-03 9.999926686286926270e-01 -3.620343981310725212e-03 1.219619065523147583e-03 8.122028708457946777e-01 3.617036622017621994e-03 9.999898076057434082e-01 2.697005867958068848e-03 3.775574034079909325e-03 -1.229370827786624432e-03 -2.692584879696369171e-03 9.999956488609313965e-01 1.122159603983163834e-02 5.489235305786132812e+01
2.297402000000000000e+07 9.999928159971801511e-01 -3.785577572662455256e-03 -1.932790645576640146e-04 8.074133554199608431e-01 3.785609729150598516e-03 9.999928207294473959e-01 1.662794859299715792e-04 3.971090968903303979e-03 1.926482130765375231e-04 -1.670099704683473659e-04 9.999999674971681296e-01 9.391930280385962435e-03 9.999781847000122070e-01 -4.075638949871063232e-03 5.202034488320350647e-03 8.117139935493469238e-01 4.060507752001285553e-03 9.999874830245971680e-01 2.916880417615175247e-03 4.657409619539976120e-03 -5.213861819356679916e-03 -2.895692130550742149e-03 9.999821782112121582e-01 1.538659166544675827e-02 5.547609710693359375e+01
2.307801000000000000e+07 9.999901989018818993e-01 -4.423485177599500648e-03 -1.867604442976917168e-04 8.020315368050505711e-01 4.423517897880060307e-03 9.999902008579306667e-01 1.751511574715227369e-04 4.345072554851793153e-03 1.859838356727107702e-04 -1.759755789487605770e-04 9.999999672213043533e-01 9.254686680215925068e-03 9.999682903289794922e-01 -4.094466567039489746e-03 6.834469269961118698e-03 8.097780942916870117e-01 4.092376679182052612e-03 9.999915361404418945e-01 3.300419193692505360e-04 4.905058071017265320e-03 -6.835765205323696136e-03 -3.020669682882726192e-04 9.999765753746032715e-01 1.469575148075819016e-02 5.553494262695312500e+01
2.318199000000000000e+07 9.999860678463229346e-01 -5.276295123144328358e-03 -1.575534244891922512e-04 7.934938517676658476e-01 5.276326163713573533e-03 9.999860606392628748e-01 1.972547631092909598e-04 4.936474376059993632e-03 1.565104539527669011e-04 -1.980833181796814622e-04 9.999999681337380375e-01 9.066144010344414500e-03 9.999826550483703613e-01 -4.999242722988128662e-03 3.104250412434339523e-03 8.017569184303283691e-01 5.002391058951616287e-03 9.999870061874389648e-01 -1.010697800666093826e-03 2.534198574721813202e-03 -3.099156543612480164e-03 1.026209560222923756e-03 9.999947547912597656e-01 1.593117043375968933e-02 5.623795318603515625e+01
2.328591000000000000e+07 9.999765164709000231e-01 -6.852349594258982934e-03 -1.086835203840879287e-04 7.927490332223502412e-01 6.852368536847982042e-03 9.999765069541630691e-01 1.748871976273448355e-04 6.298785312086849740e-03 1.074825788683009617e-04 -1.756278301888509910e-04 9.999999788011801893e-01 8.931751400940088348e-03 9.999786019325256348e-01 -6.535993888974189758e-03 3.342239069752395153e-04 7.945757508277893066e-01 6.536152213811874390e-03 9.999784827232360840e-01 -5.322397919371724129e-04 5.374267697334289551e-03 -3.307401202619075775e-04 5.344143137335777283e-04 9.999997615814208984e-01 1.532361935824155807e-02 5.594393539428710938e+01
2.338977000000000000e+07 9.999795400653502808e-01 -6.395730951994432582e-03 -1.186411427704303433e-04 7.960488236061377121e-01 6.395752503025829531e-03 9.999795303726448648e-01 1.821676831475310904e-04 5.856669890550459875e-03 1.174736187249244629e-04 -1.829227554047992003e-04 9.999999763696065802e-01 8.997966900328734779e-03 9.999752044677734375e-01 -6.156107410788536072e-03 3.400465939193964005e-03 7.969899773597717285e-01 6.166234612464904785e-03 9.999765753746032715e-01 -2.986555686220526695e-03 1.924784621223807335e-03 -3.382002003490924835e-03 3.007445484399795532e-03 9.999898076057434082e-01 1.375797018408775330e-02 5.548940658569335938e+01
2.349376000000000000e+07 9.999768683641648837e-01 -6.800527316202166668e-03 -1.247611779289336924e-04 7.804003390631705228e-01 6.800550808969075579e-03 9.999768581539071333e-01 1.888540913238561834e-04 6.379913786006739806e-03 1.234739833329417675e-04 -1.896981675395702693e-04 9.999999743843902555e-01 8.849983040627496661e-03 9.999788999557495117e-01 -6.498163100332021713e-03 -1.049594648065976799e-04 7.876324653625488281e-01 6.498132366687059402e-03 9.999788403511047363e-01 1.586245489306747913e-04 5.443818401545286179e-03 1.039258495438843966e-04 -1.592982880538329482e-04 9.999998807907104492e-01 1.590957678854465485e-02 5.523529434204101562e+01
2.359764000000000000e+07 9.999807562752968115e-01 -6.202046165462672331e-03 -1.473221678071175362e-04 7.753925509413757133e-01 6.202075749964522378e-03 9.999807466999501848e-01 2.012142556219815236e-04 5.889555115548721076e-03 1.460713913113589988e-04 -2.021240867221431976e-04 9.999999689045017126e-01 8.878354194569254565e-03 9.999821186065673828e-01 -5.938441026955842972e-03 -6.714972550980746746e-04 7.806096076965332031e-01 5.941625684499740601e-03 9.999707937240600586e-01 4.790252074599266052e-03 1.773565821349620819e-02 6.430325447581708431e-04 -4.794161766767501831e-03 9.999883770942687988e-01 1.593767665326595306e-02 5.495391845703125000e+01
2.370151000000000000e+07 9.999794235169519041e-01 -6.413297798224848294e-03 -1.488405794715035144e-04 7.682507432932281777e-01 6.413327833791538334e-03 9.999794139575285401e-01 2.022046394044391625e-04 6.104464976834128760e-03 1.475407168473458468e-04 -2.031550421876442765e-04 9.999999684798819288e-01 8.836264428629975187e-03 9.999768137931823730e-01 -5.596623755991458893e-03 -3.888256847858428955e-03 7.765398621559143066e-01 5.605694837868213654e-03 9.999816417694091797e-01 2.323447261005640030e-03 1.432810723781585693e-02 3.875183174386620522e-03 -2.345186891034245491e-03 9.999896883964538574e-01 1.347748376429080963e-02 5.465951919555664062e+01
2.380554000000000000e+07 9.999804688382177842e-01 -6.248120942577101676e-03 -1.514161124576389060e-04 7.690270360154356499e-01 6.248152481188256648e-03 9.999804583221763021e-01 2.087208567093797008e-04 5.959231916398606901e-03 1.501090403786016893e-04 -2.096628511060008614e-04 9.999999667543819637e-01 8.852901245683780437e-03 9.999762773513793945e-01 -6.098908837884664536e-03 -3.195684636011719704e-03 7.715155482292175293e-01 6.097306963056325912e-03 9.999812841415405273e-01 -5.160667933523654938e-04 8.617075160145759583e-03 3.198772436007857323e-03 4.965782864019274712e-04 9.999947547912597656e-01 1.106952596455812454e-02 5.470959854125976562e+01
2.390939000000000000e+07 9.999854328344938148e-01 -5.394760417186409730e-03 -1.751557764616853388e-04 7.679712052864052785e-01 5.394798691398790778e-03 9.999854240346289780e-01 2.187831294140135587e-04 5.181043867589827864e-03 1.739729408588498618e-04 -2.197248724951456837e-04 9.999999607271983226e-01 8.915266603403197015e-03 9.999853968620300293e-01 -5.363736301660537720e-03 -7.324799080379307270e-04 7.732316851615905762e-01 5.365096963942050934e-03 9.999837279319763184e-01 1.938677625730633736e-03 1.183864101767539978e-02 7.220666157081723213e-04 -1.942591974511742592e-03 9.999978542327880859e-01 1.135320961475372314e-02 5.509705734252929688e+01
2.401339000000000000e+07 9.999878218549531628e-01 -4.931362551678302765e-03 -1.944367858983826465e-04 7.734707030606411404e-01 4.931402939177326715e-03 9.999878189710862397e-01 2.077859351714799038e-04 4.839462868089937711e-03 1.934097496996007031e-04 -2.087422508423192888e-04 9.999999595096706884e-01 8.980317749105128436e-03 9.999825954437255859e-01 -4.729765933007001877e-03 3.527036169543862343e-03 7.711169719696044922e-01 4.725640639662742615e-03 9.999881386756896973e-01 1.163351931609213352e-03 1.907308213412761688e-02 -3.532497445121407509e-03 -1.146656111814081669e-03 9.999931454658508301e-01 1.306340284645557404e-02 5.528537750244140625e+01
2.411727000000000000e+07 9.999795508813644762e-01 -6.393585377352757788e-03 -1.410121685808228152e-04 7.728473297959213006e-01 6.393614016039832378e-03 9.999795399164737031e-01 2.035867273409702608e-04 6.062552440356951990e-03 1.397076343149415104e-04 -2.044841415645612642e-04 9.999999693340053675e-01 8.856048123350061113e-03 9.999704957008361816e-01 -6.168951746076345444e-03 4.570831079035997391e-03 7.704071998596191406e-01 6.167926359921693802e-03 9.999809861183166504e-01 2.518798282835632563e-04 1.426782179623842239e-02 -4.572296049445867538e-03 -2.236808650195598602e-04 9.999895691871643066e-01 1.559566892683506012e-02 5.515030288696289062e+01
2.422127000000000000e+07 9.999766917527509458e-01 -6.826245863099050445e-03 -1.353534696524312877e-04 7.692733949656568315e-01 6.826272756376214682e-03 9.999766808823370434e-01 1.992328355210880048e-04 6.469284911392736079e-03 1.339903010658678023e-04 -2.001521514173720665e-04 9.999999709928585334e-01 8.805809103180082045e-03 9.999757409095764160e-01 -6.506863515824079514e-03 2.484612632542848587e-03 7.636667490005493164e-01 6.508704274892807007e-03 9.999785423278808594e-01 -7.307970081456005573e-04 1.321259513497352600e-02 -2.479805378243327141e-03 7.469448028132319450e-04 9.999966621398925781e-01 2.308199182152748108e-02 5.553545761108398438e+01
2.432514000000000000e+07 9.999754549999698705e-01 -7.005001816788171236e-03 -1.390947441129605734e-04 7.609332324890688559e-01 7.005029560462315737e-03 9.999754444823180100e-01 1.999836128653077782e-04 6.691773320661175382e-03 1.376904430037190945e-04 -2.009530670578353574e-04 9.999999703296030829e-01 8.765289987767176105e-03 9.999700784683227539e-01 -6.916529964655637741e-03 -3.449157113209366798e-03 7.553353905677795410e-01 6.910938769578933716e-03 9.999747872352600098e-01 -1.624877331778407097e-03 9.388037025928497314e-03 3.460309933871030807e-03 1.600999734364449978e-03 9.999926686286926270e-01 1.586056873202323914e-02 5.526224136352539062e+01
2.442914000000000000e+07 9.999624329634057007e-01 -8.667410734422275123e-03 -9.300397479070130044e-05 7.611611272357089453e-01 8.667426358639486808e-03 9.999624228841118567e-01 1.689281665524592355e-04 8.105072800545979825e-03 9.153631010043441140e-05 -1.697279255598262333e-04 9.999999814067666026e-01 8.619374448353030876e-03 9.999323487281799316e-01 -8.319615386426448822e-03 -8.129146881401538849e-03 7.506155371665954590e-01 8.306851610541343689e-03 9.999641180038452148e-01 -1.614740816876292229e-03 1.162641122937202454e-02 8.142294362187385559e-03 1.547099789604544640e-03 9.999656677246093750e-01 1.134218927472829819e-02 5.535052871704101562e+01
2.453302000000000000e+07 9.999573238241509232e-01 -9.238225587872555405e-03 -7.562370744087816706e-05 7.623797514472929748e-01 9.238237473779834646e-03 9.999573140343083200e-01 1.583609331687705225e-04 8.572108825220669734e-03 7.415750535382966671e-05 -1.590528046935484161e-04 9.999999846014347993e-01 8.568772969278324811e-03 9.999545216560363770e-01 -9.136086329817771912e-03 -2.754490822553634644e-03 7.527285814285278320e-01 9.129940532147884369e-03 9.999559521675109863e-01 -2.201571594923734665e-03 9.077977389097213745e-03 2.774479798972606659e-03 2.176326699554920197e-03 9.999938011169433594e-01 1.258574519306421280e-02 5.578432083129882812e+01
2.463689000000000000e+07 9.999489917953928719e-01 -1.010002590241941556e-02 -5.730642035234715141e-05 7.553825943996612668e-01 1.010003416010864241e-02 9.999489827414111964e-01 1.456854817516902421e-04 9.333774291401225609e-03 5.583206959481949413e-05 -1.462568474006643317e-04 9.999999877458571884e-01 8.463572240732861532e-03 9.999336004257202148e-01 -1.093050558120012283e-02 3.653899999335408211e-03 7.568210363388061523e-01 1.093038823455572128e-02 9.999402761459350586e-01 5.961686838418245316e-05 1.440835744142532349e-02 -3.654332831501960754e-03 -1.967159914784133434e-05 9.999933242797851562e-01 1.804255694150924683e-02 5.620761489868164062e+01
2.474076000000000000e+07 9.999410658211984604e-01 -1.085650146199009132e-02 -3.554599152897964148e-05 7.559520834488214769e-01 1.085650591487313972e-02 9.999410582670068548e-01 1.275708635166187513e-04 9.932633453456789219e-03 3.415892315738422268e-05 -1.279492504897233960e-04 9.999999912310788552e-01 8.394487958818128148e-03 9.999232292175292969e-01 -1.164724491536617279e-02 4.226126242429018021e-03 7.560265660285949707e-01 1.165600679814815521e-02 9.999299049377441406e-01 -2.065114909783005714e-03 1.254716422408819199e-02 -4.201781935989856720e-03 2.114210743457078934e-03 9.999889731407165527e-01 1.131537649780511856e-02 5.570364761352539062e+01
2.484464000000000000e+07 9.999311362747524967e-01 -1.173553159340105963e-02 2.066173061723917785e-06 7.596099890510774610e-01 1.173553129009403777e-02 9.999311300632294230e-01 1.115059567864275627e-04 1.057185150962468290e-02 -3.374612464455235480e-06 -1.114740304317215656e-04 9.999999937810761796e-01 8.310209220319537612e-03 9.998945593833923340e-01 -1.219017617404460907e-02 7.885791361331939697e-03 7.595038414001464844e-01 1.218667626380920410e-02 9.999256134033203125e-01 4.944898537360131741e-04 1.537623442709445953e-02 -7.891234010457992554e-03 -3.983417991548776627e-04 9.999687075614929199e-01 1.770840957760810852e-02 5.622905731201171875e+01
2.494851000000000000e+07 9.999390199879807373e-01 -1.104336035242729948e-02 -2.224320846662998914e-05 7.563008252018287303e-01 1.104336308701579956e-02 9.999390121633218165e-01 1.268176852406688836e-04 1.007535719091951637e-02 2.084135847161554294e-05 -1.270555917295612333e-04 9.999999917112569747e-01 8.376507510505200663e-03 9.999229311943054199e-01 -1.153785269707441330e-02 4.591444041579961777e-03 7.523475289344787598e-01 1.153811998665332794e-02 9.999334812164306641e-01 -3.113621642114594579e-05 8.331428281962871552e-03 -4.590777214616537094e-03 8.411256567342206836e-05 9.999895095825195312e-01 1.863506808876991272e-02 5.593568038940429688e+01
2.505239000000000000e+07 9.999375198443795076e-01 -1.117834170782548361e-02 -3.294848592534380328e-05 7.479840566093026721e-01 1.117834591621521753e-02 9.999375118328061030e-01 1.304364321140463908e-04 1.026073103756659950e-02 3.148836404268439895e-05 -1.307965919943260096e-04 9.999999909503672901e-01 8.344409081549701568e-03 9.999201893806457520e-01 -1.168900076299905777e-02 -4.799870308488607407e-03 7.392821907997131348e-01 1.170970406383275986e-02 9.999220967292785645e-01 4.312681034207344055e-03 1.062841061502695084e-02 4.749082960188388824e-03 -4.368534777313470840e-03 9.999791383743286133e-01 1.964951306581497192e-02 5.635158538818359375e+01
2.515627000000000000e+07 9.999369422713968447e-01 -1.122988658442171037e-02 -3.359421437560310218e-05 7.448864163217581158e-01 1.122989096598172101e-02 9.999369339132636592e-01 1.332117657933637759e-04 1.033107075628709667e-02 3.209614270244561657e-05 -1.335806251255181954e-04 9.999999905630271302e-01 8.325646413033002680e-03 9.998706579208374023e-01 -1.217617932707071304e-02 -1.050829701125621796e-02 7.313162684440612793e-01 1.218879129737615585e-02 9.999251365661621094e-01 1.132940058596432209e-03 1.168629899621009827e-02 1.049371901899576187e-02 -1.260876189917325974e-03 9.999442100524902344e-01 1.319095212966203690e-02 5.638835144042968750e+01
2.526014000000000000e+07 9.999255591397021581e-01 -1.220143559673512318e-02 -3.396248016473795133e-05 7.326323218776088497e-01 1.220144052174956112e-02 9.999255485856833880e-01 1.487942615636209131e-04 1.123722476835797152e-02 3.214444807046930048e-05 -1.491975763591632509e-04 9.999999883534091971e-01 8.117224871077790768e-03 9.999061226844787598e-01 -1.266591623425483704e-02 -5.224659107625484467e-03 7.371204495429992676e-01 1.266233623027801514e-02 9.999195933341979980e-01 -7.080924115143716335e-04 3.854285692796111107e-03 5.233207251876592636e-03 6.418585544452071190e-04 9.999860525131225586e-01 8.616545237600803375e-04 5.729923248291015625e+01
2.536401000000000000e+07 9.999271473249051745e-01 -1.207062690562484865e-02 1.321129870735516908e-06 7.525716542717628688e-01 1.207062668498344767e-02 9.999271411818354549e-01 1.108707155415854972e-04 1.091754254808221039e-02 -2.659312721467775618e-06 -1.108466914467362818e-04 9.999999938529692267e-01 8.245663767556404150e-03 9.999112486839294434e-01 -1.287865918129682541e-02 3.396003739908337593e-03 7.517046332359313965e-01 1.288940198719501495e-02 9.999119639396667480e-01 -3.139463486149907112e-03 -1.992188394069671631e-03 -3.355271415784955025e-03 3.182966494932770729e-03 9.999892711639404297e-01 -2.513022918719798326e-04 5.694559860229492188e+01
2.546789000000000000e+07 9.999375668214334212e-01 -1.117416226046713881e-02 -2.356917022162033885e-05 7.534377085795768147e-01 1.117416514072118797e-02 9.999375591494278348e-01 1.258339771195355380e-04 1.019178294634264133e-02 2.216160924743486408e-05 -1.260894867077327561e-04 9.999999918051520886e-01 8.349547659203728628e-03 9.998934268951416016e-01 -1.214399375021457672e-02 8.097013458609580994e-03 7.571251988410949707e-01 1.214739214628934860e-02 9.999261498451232910e-01 -3.649818245321512222e-04 6.391473580151796341e-03 -8.091982454061508179e-03 4.632961645256727934e-04 9.999672174453735352e-01 1.116662845015525818e-02 5.690505599975585938e+01
2.557179000000000000e+07 9.999297334418961736e-01 -1.185445784022127677e-02 3.501885362530727482e-06 7.584682755061857851e-01 1.185445739078942393e-02 9.999297275713527888e-01 1.084581984967908873e-04 1.066602889262588394e-02 -4.787352380268233895e-06 -1.084090645631108644e-04 9.999999941122781344e-01 8.287383764022569765e-03 9.999088048934936523e-01 -1.236670371145009995e-02 5.437702871859073639e-03 7.564247846603393555e-01 1.236900687217712402e-02 9.999234080314636230e-01 -4.091241571586579084e-04 5.506408866494894028e-03 -5.432236939668655396e-03 4.763554898090660572e-04 9.999850988388061523e-01 1.409808825701475143e-02 5.673567962646484375e+01
2.567564000000000000e+07 9.999235118588645221e-01 -1.236811898368333877e-02 -7.868376658311690918e-06 7.416908280452897406e-01 1.236811987019828703e-02 9.999235040798676311e-01 1.248870925865935692e-04 1.125770962282782173e-02 6.323156311393826587e-06 -1.249748572322894658e-04 9.999999921706511641e-01 8.152248155601074520e-03 9.999094009399414062e-01 -1.327402517199516296e-02 -2.218829235062003136e-03 7.471625208854675293e-01 1.326636224985122681e-02 9.999059438705444336e-01 -3.487109905108809471e-03 1.548407133668661118e-03 2.264915034174919128e-03 3.457345068454742432e-03 9.999914169311523438e-01 1.249061059206724167e-02 5.719369506835937500e+01
2.577952000000000000e+07 9.999345825163857837e-01 -1.143811898881966389e-02 -1.097448935765906528e-05 7.542513440612753639e-01 1.143812023988834310e-02 9.999345751617505496e-01 1.216557757722344695e-04 1.040342252512198307e-02 9.582258100254712740e-06 -1.217733448875642281e-04 9.999999925397162759e-01 8.325089216246748733e-03 9.999120235443115234e-01 -1.214044727385044098e-02 -5.344933830201625824e-03 7.454119920730590820e-01 1.213769055902957916e-02 9.999262690544128418e-01 -5.348441191017627716e-04 2.987021580338478088e-03 5.351035855710506439e-03 4.699266864918172359e-04 9.999856352806091309e-01 1.086234021931886673e-02 5.725491333007812500e+01
2.588339000000000000e+07 9.999540135743583136e-01 -9.589775411009740166e-03 -8.332757134319978523e-05 7.412491661347240246e-01 9.589789574705085209e-03 9.999540022426359753e-01 1.712723934581940138e-04 9.048581950998410214e-03 8.168127466342381990e-05 -1.720636111332457031e-04 9.999999818611412516e-01 8.489709001359127885e-03 9.999386072158813477e-01 -9.518623352050781250e-03 -5.682172253727912903e-03 7.463001608848571777e-01 9.512562304735183716e-03 9.999541640281677246e-01 -1.094189123250544071e-03 4.160524345934391022e-03 5.692326463758945465e-03 1.040074508637189865e-03 9.999831914901733398e-01 1.136224437505006790e-02 5.677427291870117188e+01
2.598739000000000000e+07 9.999666161396868480e-01 -8.169975038621076283e-03 -1.345914763735971034e-04 7.352321753504579283e-01 8.170001896414964479e-03 9.999666049324679173e-01 2.002241229548259126e-04 7.876772787489078054e-03 1.329511556164398136e-04 -2.013170513039245796e-04 9.999999708977175272e-01 8.641571963591930874e-03 9.999397993087768555e-01 -8.099986240267753601e-03 -7.388076744973659515e-03 7.463611364364624023e-01 8.082618936896324158e-03 9.999644756317138672e-01 -2.381480298936367035e-03 -1.118906890042126179e-03 7.407109253108501434e-03 2.321626991033554077e-03 9.999699592590332031e-01 7.402901537716388702e-03 5.709196853637695312e+01
2.609127000000000000e+07 9.999683292602685736e-01 -7.957809130420970614e-03 -1.172586997442163679e-04 7.532616062392253342e-01 7.957831057025762864e-03 9.999683183392122920e-01 1.877286534806460764e-04 7.566310508523656914e-03 1.157610759853589335e-04 -1.886558329076329756e-04 9.999999755041744098e-01 8.666306794214992740e-03 9.999664425849914551e-01 -7.903326302766799927e-03 -2.146553248167037964e-03 7.525261640548706055e-01 7.903821766376495361e-03 9.999687671661376953e-01 2.612497191876173019e-04 3.483824431896209717e-03 2.144418423995375633e-03 -2.782175433821976185e-04 9.999976754188537598e-01 4.968208260834217072e-03 5.755247879028320312e+01
2.619527000000000000e+07 9.999634679182977104e-01 -8.547126948823841053e-03 -9.722286523223693010e-05 7.568210369792419678e-01 8.547144034333317014e-03 9.999634568867539208e-01 1.766989058425272980e-04 8.042920160476661751e-03 9.570904447900704026e-05 -1.775234284674208189e-04 9.999999796626061199e-01 8.612544834277143652e-03 9.999664425849914551e-01 -8.201529271900653839e-03 -3.021772427018731833e-04 7.555964589118957520e-01 8.203069679439067841e-03 9.999512434005737305e-01 5.495348013937473297e-03 1.193442195653915405e-02 2.570919459685683250e-04 -5.497638136148452759e-03 9.999848604202270508e-01 9.688300080597400665e-03 5.863679885864257812e+01
2.629929000000000000e+07 9.999656702110069073e-01 -8.285454147457228108e-03 -9.823160451118134870e-05 7.679417160402219888e-01 8.285470895548274067e-03 9.999656602191451249e-01 1.713328759056896729e-04 7.735971750354869725e-03 9.680866058096876262e-05 -1.721408891793997490e-04 9.999999804977987017e-01 8.670627404825125006e-03 9.999606609344482422e-01 -8.492235094308853149e-03 2.554137259721755981e-03 7.520803213119506836e-01 8.491450920701026917e-03 9.999638199806213379e-01 3.248627181164920330e-04 1.219653058797121048e-02 -2.556803636252880096e-03 -3.031547239515930414e-04 9.999966621398925781e-01 -1.566378981806337833e-03 5.883068847656250000e+01
2.640314000000000000e+07 9.999622234481635452e-01 -8.691629941334792428e-03 -8.512116013520130997e-05 7.643248658307768562e-01 8.691643953255044977e-03 9.999622132290467702e-01 1.656487258768285715e-04 8.098225422529753068e-03 8.367818625668572790e-05 -1.663823110555045896e-04 9.999999826574437201e-01 8.625540874481594025e-03 9.999479055404663086e-01 -8.704137057065963745e-03 5.322126206010580063e-03 7.608755230903625488e-01 8.715935051441192627e-03 9.999596476554870605e-01 -2.201617695391178131e-03 5.176438484340906143e-03 -5.302749574184417725e-03 2.247891854494810104e-03 9.999833703041076660e-01 -7.362501695752143860e-03 5.865286254882812500e+01
2.650702000000000000e+07 9.999710538913040292e-01 -7.607756397815985255e-03 -1.158681074783113893e-04 7.673464675587127193e-01 7.607777546082366421e-03 9.999710436641991995e-01 1.831863936941052339e-04 7.158926930270668142e-03 1.144711149837881114e-04 -1.840625898970934128e-04 9.999999765086644565e-01 8.734987136581459297e-03 9.999441504478454590e-01 -7.631949149072170258e-03 7.303895428776741028e-03 7.649885416030883789e-01 7.649696897715330124e-03 9.999678134918212891e-01 -2.394784940406680107e-03 4.802905023097991943e-03 -7.285384926944971085e-03 2.450512954965233803e-03 9.999704957008361816e-01 7.631108746863901615e-04 5.824892807006835938e+01
2.661102000000000000e+07 9.999729977497144873e-01 -7.347716600080786940e-03 -1.217963084983961783e-04 7.657244863827040726e-01 7.347739392277432592e-03 9.999729873732263741e-01 1.877546690788991016e-04 6.930748699525670492e-03 1.204134504158895771e-04 -1.886445267790812577e-04 9.999999749569223884e-01 8.749000123208562976e-03 9.999465346336364746e-01 -6.590659730136394501e-03 7.970697246491909027e-03 7.657395005226135254e-01 6.528003141283988953e-03 9.999478459358215332e-01 7.856220938265323639e-03 2.044453099370002747e-02 -8.022060617804527283e-03 -7.803762797266244888e-03 9.999373555183410645e-01 1.215979084372520447e-02 5.884527969360351562e+01
2.671489000000000000e+07 9.999787725716967612e-01 -6.514076511820222209e-03 -1.456496624329702678e-04 7.653603902302305029e-01 6.514106314256373070e-03 9.999787619537430228e-01 2.050878088096162971e-04 6.224888444942048085e-03 1.443106114601312045e-04 -2.060322326947193233e-04 9.999999683625832025e-01 8.824753281541437150e-03 9.999815821647644043e-01 -5.906876642256975174e-03 -1.353903324343264103e-03 7.579950690269470215e-01 5.919288378208875656e-03 9.999392032623291016e-01 9.301752783358097076e-03 2.844124846160411835e-02 1.298872870393097401e-03 -9.309606626629829407e-03 9.999558329582214355e-01 6.670659407973289490e-03 5.859920120239257812e+01
2.681889000000000000e+07 9.999799860167576382e-01 -6.324795092313566756e-03 -1.566306615642721646e-04 7.558533068043274961e-01 6.324828580427572546e-03 9.999799751222047117e-01 2.142387028272520492e-04 6.125764253763306064e-03 1.552725091649317067e-04 -2.152250771373804812e-04 9.999999647843066386e-01 8.814266022436224174e-03 9.999399781227111816e-01 -6.046009715646505356e-03 -9.137845598161220551e-03 7.519054412841796875e-01 6.045404355973005295e-03 9.999817609786987305e-01 -8.126939792418852448e-05 1.396545860916376114e-02 9.138171561062335968e-03 2.603710527182556689e-05 9.999582171440124512e-01 2.163438359275460243e-03 5.860556793212890625e+01
2.692289000000000000e+07 9.999830715043580565e-01 -5.816316442864611497e-03 -1.648276912975004034e-04 7.624121887599756286e-01 5.816352474136376322e-03 9.999830609047711816e-01 2.189699590244835892e-04 5.600617167177471094e-03 1.635513007082590813e-04 -2.199249481306855391e-04 9.999999624419944055e-01 8.874324917350731243e-03 9.999541044235229492e-01 -5.435661878436803818e-03 -7.884480990469455719e-03 7.546966075897216797e-01 5.393345374614000320e-03 9.999709725379943848e-01 -5.379482172429561615e-03 1.933559542521834373e-03 7.913498207926750183e-03 5.336700938642024994e-03 9.999545216560363770e-01 -3.097430337220430374e-03 5.921363067626953125e+01
2.702689000000000000e+07 9.999904611768145601e-01 -4.363025907885778251e-03 -2.038640910959082402e-04 7.555507558061340667e-01 4.363071419899397854e-03 9.999904568185580267e-01 2.233379848690678028e-04 4.669376100729986240e-03 2.028877161829435000e-04 -2.242253280648867685e-04 9.999999542797880503e-01 9.035394066095749077e-03 9.999893903732299805e-01 -4.250541329383850098e-03 -1.781006925739347935e-03 7.630621194839477539e-01 4.251963924616575241e-03 9.999907016754150391e-01 7.551382295787334442e-04 7.183881010860204697e-03 1.777778961695730686e-03 -7.626966689713299274e-04 9.999980926513671875e-01 5.632840911857783794e-04 5.916684722900390625e+01
2.713089000000000000e+07 9.999868886126923595e-01 -5.117470502982359587e-03 -1.846581409407261915e-04 7.749433524785830363e-01 5.117509384280270052e-03 9.999868832649353445e-01 2.107037107389821726e-04 4.986319989543899420e-03 1.835774488154150435e-04 -2.116459378804266931e-04 9.999999607526582901e-01 8.966102015271143824e-03 9.999734759330749512e-01 -4.838772583752870560e-03 5.447668023407459259e-03 7.745859026908874512e-01 4.812500439584255219e-03 9.999768137931823730e-01 4.815201740711927414e-03 1.473717950284481049e-02 -5.470843520015478134e-03 -4.788861144334077835e-03 9.999735951423645020e-01 4.245889373123645782e-03 5.875635147094726562e+01
2.723477000000000000e+07 9.999806168940643669e-01 -6.224733114438471375e-03 -1.361368672292843419e-04 7.885039788298612295e-01 6.224759084458125237e-03 9.999806077240260826e-01 1.911796375321851726e-04 5.823944985306026174e-03 1.349441849873766683e-04 -1.920233510905227444e-04 9.999999724585489913e-01 8.934770256383615591e-03 9.999729394912719727e-01 -5.857593845576047897e-03 4.446276929229497910e-03 7.746017575263977051e-01 5.852955859154462814e-03 9.999822974205017090e-01 1.067695906385779381e-03 6.132934708148241043e-03 -4.452453926205635071e-03 -1.041646813973784447e-03 9.999895691871643066e-01 1.162546593695878983e-02 5.966620635986328125e+01
2.733864000000000000e+07 9.999822425234224932e-01 -5.957302210325842937e-03 -1.587156141933847645e-04 7.640326769522866046e-01 5.957336193499274471e-03 9.999822319092203093e-01 2.145082227584787637e-04 5.734650823168842976e-03 1.574349038985156310e-04 -2.154499358418323219e-04 9.999999643977899311e-01 8.861819637879839173e-03 9.999824166297912598e-01 -5.894669797271490097e-03 -7.648424943909049034e-04 7.724143862724304199e-01 5.892168264836072922e-03 9.999773502349853516e-01 -3.243063110858201981e-03 1.877907547168433666e-03 7.839471218176186085e-04 3.238501492887735367e-03 9.999943971633911133e-01 1.156829297542572021e-02 5.895056152343750000e+01
2.744266000000000000e+07 9.999864233745723308e-01 -5.207683747206801918e-03 -1.819249187959132413e-04 7.651962968806826915e-01 5.207724085936462320e-03 9.999864150779781413e-01 2.219673288051223956e-04 5.075498662785254966e-03 1.807665117161260260e-04 -2.229117300138433824e-04 9.999999588169138365e-01 8.922148981557130251e-03 9.999647140502929688e-01 -4.903557710349559784e-03 -6.815042812377214432e-03 7.638682126998901367e-01 4.908605944365262985e-03 9.999876618385314941e-01 7.246137829497456551e-04 7.794188801199197769e-03 6.811407394707202911e-03 -7.580352830700576305e-04 9.999765753746032715e-01 9.860512800514698029e-03 5.891999816894531250e+01
2.754652000000000000e+07 9.999848599844425312e-01 -5.500060541310840094e-03 -1.706989226686678662e-04 7.657731769052283921e-01 5.500098326667553390e-03 9.999848497739858288e-01 2.216823920600809162e-04 5.302211971746183770e-03 1.694770700523224672e-04 -2.226178965766307410e-04 9.999999608593994616e-01 8.904634507916861161e-03 9.999581575393676758e-01 -5.070307757705450058e-03 -7.618846837431192398e-03 7.648130655288696289e-01 5.071626976132392883e-03 9.999871850013732910e-01 1.504001556895673275e-04 8.854333311319351196e-03 7.617984898388385773e-03 -1.890308340080082417e-04 9.999709129333496094e-01 1.674037543125450611e-03 5.880543899536132812e+01
2.765052000000000000e+07 9.999835645857632072e-01 -5.730936898232653030e-03 -1.640754327987897982e-04 7.675112585595635917e-01 5.730972140307080166e-03 9.999835547027766669e-01 2.151335731178330055e-04 5.513033152278967730e-03 1.628398176021242318e-04 -2.160703490390643441e-04 9.999999633983984726e-01 8.892487905599785400e-03 9.999836683273315430e-01 -5.300062242895364761e-03 -2.108260290697216988e-03 7.680404782295227051e-01 5.302924197167158127e-03 9.999849200248718262e-01 1.392880803905427456e-03 1.074270438402891159e-02 2.100843703374266624e-03 -1.404053531587123871e-03 9.999969005584716797e-01 3.252021968364715576e-03 5.912076950073242188e+01
2.775439000000000000e+07 9.999909972038023565e-01 -4.238607180941119865e-03 -1.993019632286143644e-04 7.682436758274878708e-01 4.238649383306290069e-03 9.999909944543355911e-01 2.118074515769783662e-04 4.526184173039394382e-03 1.984023998585174200e-04 -2.126503158255236301e-04 9.999999577081662983e-01 9.047065719922500054e-03 9.999785423278808594e-01 -4.499325994402170181e-03 4.773619119077920914e-03 7.767269611358642578e-01 4.490785300731658936e-03 9.999883174896240234e-01 1.811734400689601898e-03 1.159560587257146835e-02 -4.781714174896478653e-03 -1.790244714356958866e-03 9.999868869781494141e-01 6.529836449772119522e-03 5.888716888427734375e+01
2.785841000000000000e+07 9.999883380343230765e-01 -4.825614767726140245e-03 -1.929701792577580418e-04 7.683763520514658163e-01 4.825655679132677053e-03 9.999883339606195909e-01 2.121083566023738737e-04 4.824539319275927829e-03 1.919443748431287492e-04 -2.130370906424784272e-04 9.999999588862766853e-01 8.973825812970874158e-03 9.999870061874389648e-01 -4.699887707829475403e-03 1.949534518644213676e-03 7.723153233528137207e-01 4.698865581303834915e-03 9.999888539314270020e-01 5.262841004878282547e-04 9.893286973237991333e-03 -1.951984362676739693e-03 -5.171160446479916573e-04 9.999979734420776367e-01 9.505610913038253784e-03 5.874595260620117188e+01
2.796230000000000000e+07 9.999869075851821609e-01 -5.113781729238286479e-03 -1.841050865561776441e-04 7.727944902564646279e-01 5.113821176094524544e-03 9.999869013398801076e-01 2.144333852127415724e-04 4.983729620704429805e-03 1.830061095001600134e-04 -2.153720582509930292e-04 9.999999600618194595e-01 8.960682737139060924e-03 9.999865889549255371e-01 -5.138091277331113815e-03 6.887869094498455524e-04 7.684701681137084961e-01 5.137570202350616455e-03 9.999865293502807617e-01 7.065546815283596516e-04 4.735566210001707077e-03 -6.924072513356804848e-04 -7.030116394162178040e-04 9.999995231628417969e-01 8.754234760999679565e-03 5.866678237915039062e+01
2.806615000000000000e+07 9.999871842313745596e-01 -5.059234136911189110e-03 -1.884782078392405354e-04 7.659343831971298089e-01 5.059275205895074658e-03 9.999871780100165752e-01 2.180619980610010308e-04 4.962424071755692535e-03 1.873725645155827925e-04 -2.190127665125979242e-04 9.999999584624659210e-01 8.939361780698009546e-03 9.999873042106628418e-01 -5.011701956391334534e-03 -4.506047407630831003e-04 7.646093368530273438e-01 5.011160857975482941e-03 9.999865889549255371e-01 -1.296788454055786133e-03 6.214888766407966614e-03 4.571007448248565197e-04 1.294519053772091866e-03 9.999990463256835938e-01 8.949285373091697693e-03 5.889222335815429688e+01
2.817002000000000000e+07 9.999884558712177629e-01 -4.801096168885019173e-03 -1.939069995345881370e-04 7.659369973493742600e-01 4.801138066008933496e-03 9.999884511022715250e-01 2.161837200782694456e-04 4.840314465948461313e-03 1.928668412944813516e-04 -2.171121987002933788e-04 9.999999578323365279e-01 8.975503930828439628e-03 9.999883770942687988e-01 -4.675502423197031021e-03 -1.185485161840915680e-03 7.617589235305786133e-01 4.673181567341089249e-03 9.999871850013732910e-01 -1.914864871650934219e-03 4.612345714122056961e-03 1.194418873637914658e-03 1.909288926981389523e-03 9.999974370002746582e-01 8.231537416577339172e-03 5.951526260375976562e+01
2.827404000000000000e+07 9.999891294612855974e-01 -4.658666390670568487e-03 -1.943860482880349801e-04 7.586828808936869617e-01 4.658709303971960043e-03 9.999891237563979240e-01 2.208975947534762144e-04 4.789955120012885301e-03 1.933548458603353529e-04 -2.218007816019484707e-04 9.999999567091559793e-01 8.972734230796820462e-03 9.999885559082031250e-01 -4.733663517981767654e-03 6.992100388742983341e-04 7.603905797004699707e-01 4.734187852591276169e-03 9.999886155128479004e-01 -6.261268863454461098e-04 7.706902921199798584e-03 -6.962348707020282745e-04 6.294331396929919720e-04 9.999995827674865723e-01 7.425629533827304840e-03 5.895068740844726562e+01
2.837789000000000000e+07 9.999892624702531041e-01 -4.629805353687622450e-03 -1.996169548143442423e-04 7.630791000786728562e-01 4.629848233324128891e-03 9.999892591073129555e-01 2.148852865132748566e-04 4.732458747507667027e-03 1.986199337160262941e-04 -2.158071753670055739e-04 9.999999569886922623e-01 8.981401399346772632e-03 9.999890923500061035e-01 -4.664329811930656433e-03 -1.806222462619189173e-05 7.592167258262634277e-01 4.664269275963306427e-03 9.999886751174926758e-01 9.497067658230662346e-04 1.231433264911174774e-02 1.362855346087599173e-05 -9.497798746451735497e-04 9.999995827674865723e-01 8.142000064253807068e-03 5.845955276489257812e+01
2.848189000000000000e+07 9.999880979205489906e-01 -4.875027555317367270e-03 -1.952527577120697982e-04 7.616750057489455328e-01 4.875070248076053200e-03 9.999880928422727466e-01 2.187779978173567854e-04 4.904494590421222891e-03 1.941838840416115969e-04 -2.197272648117514035e-04 9.999999570062733101e-01 8.949176075583315307e-03 9.999879002571105957e-01 -4.875739105045795441e-03 6.666760309599339962e-04 7.540079355239868164e-01 4.875183571130037308e-03 9.999877214431762695e-01 8.942158892750740051e-04 1.023733895272016525e-02 -6.710269371978938580e-04 -8.909551543183624744e-04 9.999994039535522461e-01 7.673388347029685974e-03 5.837948989868164062e+01
2.858577000000000000e+07 9.999888248998193285e-01 -4.722682442813744622e-03 -2.152811481360968960e-04 7.465085110200154750e-01 4.722731489026209262e-03 9.999888218747124968e-01 2.278878169462780637e-04 4.876154081041183912e-03 2.142024999020144844e-04 -2.289019853366587240e-04 9.999999508605837972e-01 9.010221710760700845e-03 9.999776482582092285e-01 -5.028982181102037430e-03 -4.402579739689826965e-03 7.437081933021545410e-01 5.023737903684377670e-03 9.999867081642150879e-01 -1.184268854558467865e-03 8.579802699387073517e-03 4.408475011587142944e-03 1.162130967713892460e-03 9.999895691871643066e-01 1.033110916614532471e-02 5.867679977416992188e+01
2.868966000000000000e+07 9.999884329002368677e-01 -4.805781902308269189e-03 -1.962813343158759539e-04 7.600585626542623041e-01 4.805825136160729073e-03 9.999884276696555663e-01 2.203902381395073226e-04 4.872654728517996497e-03 1.952199154805071596e-04 -2.213309826205835573e-04 9.999999564508900152e-01 8.958710653485827888e-03 9.999784231185913086e-01 -4.779850132763385773e-03 -4.504295997321605682e-03 7.398799657821655273e-01 4.774644970893859863e-03 9.999879002571105957e-01 -1.164885703474283218e-03 9.815568104386329651e-03 4.509809426963329315e-03 1.143349683843553066e-03 9.999892115592956543e-01 8.113951422274112701e-03 5.822249603271484375e+01
2.879367000000000000e+07 9.999916179434600316e-01 -4.088091843260302158e-03 -2.270427985664273934e-04 7.424276382755322645e-01 4.088143345651338093e-03 9.999916177786882798e-01 2.268410841294686694e-04 4.529589004594222236e-03 2.261135482870834951e-04 -2.277673662115202316e-04 9.999999484973454145e-01 9.094771556522981970e-03 9.999849796295166016e-01 -4.364887718111276627e-03 -3.310277592390775681e-03 7.343516945838928223e-01 4.363553132861852646e-03 9.999904036521911621e-01 -4.051297728437930346e-04 8.684537373483181000e-03 3.312017535790801048e-03 3.906801575794816017e-04 9.999943971633911133e-01 3.350821556523442268e-03 5.794371032714843750e+01
2.889752000000000000e+07 9.999901470753594923e-01 -4.434361341486209480e-03 -2.054086243431362685e-04 7.541701752025820049e-01 4.434406813992369280e-03 9.999901434495517272e-01 2.214519411592933535e-04 4.692109572246474895e-03 2.044246018461738700e-04 -2.223606245669230335e-04 9.999999543831686877e-01 9.012366220766947211e-03 9.999865889549255371e-01 -4.071139264851808548e-03 3.206084482371807098e-03 7.424886822700500488e-01 4.071422386914491653e-03 9.999917149543762207e-01 -4.958766294294036925e-05 1.173484139144420624e-02 -3.205855144187808037e-03 6.265132833505049348e-05 9.999948143959045410e-01 5.080699338577687740e-04 5.788819122314453125e+01
2.900152000000000000e+07 9.999927864245147235e-01 -3.789935555482054803e-03 -2.519683617752045582e-04 7.298607476105140046e-01 3.789994041844194431e-03 9.999927910240010709e-01 2.320470342002219283e-04 4.434524950085682454e-03 2.510871020746733022e-04 -2.330003188593137884e-04 9.999999413330601383e-01 9.183282041567614878e-03 9.999550580978393555e-01 -3.791264723986387253e-03 8.688366971909999847e-03 7.374253273010253906e-01 3.792215138673782349e-03 9.999927878379821777e-01 -1.010577761917375028e-04 9.294787421822547913e-03 -8.687929250299930573e-03 1.339914597338065505e-04 9.999623298645019531e-01 6.285894196480512619e-03 5.795001602172851562e+01
2.910539000000000000e+07 9.999952949188426476e-01 -3.055878168919372567e-03 -2.678603658456893822e-04 7.198213975321079428e-01 3.055938296170301622e-03 9.999953054429927546e-01 2.243512576270115147e-04 3.963659224888090374e-03 2.671735182774589794e-04 -2.251687667529680395e-04 9.999999389586694543e-01 9.272485936515868776e-03 9.999492764472961426e-01 -3.275206079706549644e-03 9.527618065476417542e-03 7.300865054130554199e-01 3.301236312836408615e-03 9.999908208847045898e-01 -2.720395801588892937e-03 5.477132275700569153e-03 -9.518622420728206635e-03 2.751713385805487633e-03 9.999508857727050781e-01 1.204355061054229736e-02 5.797628784179687500e+01
2.920939000000000000e+07 9.999931011890539345e-01 -3.705247783175083000e-03 -2.621321282983954436e-04 7.241299765494245699e-01 3.705309920853708770e-03 9.999931072404644183e-01 2.369599971498986411e-04 4.435243179013428384e-03 2.612523259861884673e-04 -2.379296431769962051e-04 9.999999375683520375e-01 9.224159329258629914e-03 9.999801516532897949e-01 -3.272501984611153603e-03 5.379260051995515823e-03 7.120816111564636230e-01 3.290394088253378868e-03 9.999890923500061035e-01 -3.312850603833794594e-03 2.273229882121086121e-03 -5.368359386920928955e-03 3.330485429614782333e-03 9.999800324440002441e-01 1.393351238220930099e-02 5.807984161376953125e+01
2.931327000000000000e+07 9.999945985126827974e-01 -3.272075899222648757e-03 -3.105893805695423009e-04 6.853580168557639185e-01 3.272149284762415275e-03 9.999946186422012939e-01 2.360650086955352151e-04 3.874752161568823829e-03 3.098152866226738518e-04 -2.370800283193536711e-04 9.999999239037783427e-01 9.345808138979219346e-03 9.999942779541015625e-01 -3.349622711539268494e-03 -5.396588239818811417e-04 6.954090595245361328e-01 3.347544698044657707e-03 9.999873638153076172e-01 -3.748573362827301025e-03 4.272488295100629330e-04 5.522115970961749554e-04 3.746740752831101418e-03 9.999928474426269531e-01 1.086654141545295715e-02 5.753814315795898438e+01
2.941727000000000000e+07 9.999929546098857980e-01 -3.740601037643737168e-03 -3.140630706835935860e-04 6.839465025375005558e-01 3.740679317809436546e-03 9.999929726261547192e-01 2.490335100439823764e-04 4.244405308928724321e-03 3.131293287147319648e-04 -2.502065646434871275e-04 9.999999196733525553e-01 9.275952155412582611e-03 9.999865293502807617e-01 -3.472982440143823624e-03 -3.840348683297634125e-03 6.751258373260498047e-01 3.472822951152920723e-03 9.999939799308776855e-01 -5.178018182050436735e-05 5.293170455843210220e-03 3.840500488877296448e-03 3.844902676064521074e-05 9.999926090240478516e-01 1.141318771988153458e-02 5.771766281127929688e+01
2.952114000000000000e+07 9.999943327649800651e-01 -3.348587640671057963e-03 -3.484230302930009580e-04 6.636179579169548814e-01 3.348676192802543111e-03 9.999943609406495293e-01 2.538789696913582136e-04 3.571914055188016735e-03 3.475709295251625777e-04 -2.550442868192061958e-04 9.999999070734250095e-01 9.337538834488590470e-03 9.999908804893493652e-01 -3.194296034052968025e-03 -2.824997063726186752e-03 6.607633233070373535e-01 3.192960284650325775e-03 9.999948740005493164e-01 -4.751694796141237020e-04 6.771620362997055054e-03 2.826506737619638443e-03 4.661456914618611336e-04 9.999958276748657227e-01 8.618819527328014374e-03 5.755215835571289062e+01
2.962502000000000000e+07 9.999954971269120474e-01 -2.978411431057411806e-03 -3.671393009512631468e-04 6.506539192500361279e-01 2.978503194204590743e-03 9.999955330873065984e-01 2.496481011073370675e-04 3.031148657260905859e-03 3.663941062155526046e-04 -2.507405025519166409e-04 9.999999014422750188e-01 9.381556480542145235e-03 9.999948740005493164e-01 -2.998039126396179199e-03 -1.156889018602669239e-03 6.467063426971435547e-01 2.996856113895773888e-03 9.999949932098388672e-01 -9.802094427868723869e-04 7.192812860012054443e-03 1.159816863946616650e-03 9.767379378899931908e-04 9.999988675117492676e-01 5.884594749659299850e-03 5.768505477905273438e+01
2.972904000000000000e+07 9.999962412771341569e-01 -2.715196779031320371e-03 -3.809697623526186322e-04 6.397503029656754769e-01 2.715291080194631636e-03 9.999962830286955873e-01 2.472307602067910478e-04 2.588071393076246847e-03 3.802970661266492219e-04 -2.482642747454847114e-04 9.999998968694890911e-01 9.391343661656828198e-03 9.999963045120239258e-01 -2.591003431007266045e-03 -8.605323964729905128e-04 6.268861293792724609e-01 2.589407842606306076e-03 9.999947547912597656e-01 -1.948538585565984249e-03 9.025807376019656658e-04 8.655806886963546276e-04 1.946297008544206619e-03 9.999977350234985352e-01 6.407572422176599503e-03 5.742176055908203125e+01
2.983290000000000000e+07 9.999961774571608508e-01 -2.733721841494135812e-03 -4.145311656238088224e-04 6.046434224284674697e-01 2.733815391400812051e-03 9.999962377446053319e-01 2.252779749224599734e-04 1.983559759661524848e-03 4.139137587415369583e-04 -2.264103654496650456e-04 9.999998887068690667e-01 8.924344894309710341e-03 9.999959468841552734e-01 -2.541279653087258339e-03 1.248565735295414925e-03 6.099299192428588867e-01 2.541346475481987000e-03 9.999967217445373535e-01 -3.974952051066793501e-05 2.557927742600440979e-03 -1.248462474904954433e-03 4.291774530429393053e-05 9.999992251396179199e-01 9.410644881427288055e-03 5.765724945068359375e+01
2.993677000000000000e+07 9.999958947396174747e-01 -2.834896399468911452e-03 -4.169731557759872231e-04 5.897751860646602839e-01 2.834979910730889199e-03 9.999959614713884726e-01 1.998252006071049483e-04 1.784820330473280365e-03 4.164049880967624984e-04 -2.010064907499022155e-04 9.999998931016363946e-01 8.656151826729971757e-03 9.999957680702209473e-01 -2.377411816269159317e-03 1.717222388833761215e-03 5.891885757446289062e-01 2.378872130066156387e-03 9.999967813491821289e-01 -8.657678845338523388e-04 3.183959517627954483e-03 -1.715164864435791969e-03 8.698503370396792889e-04 9.999981522560119629e-01 9.674717672169208527e-03 5.750300979614257812e+01
3.004077000000000000e+07 9.999961053886352591e-01 -2.761256697030755724e-03 -4.057941643845446164e-04 5.664870600081159946e-01 2.761316525263032926e-03 9.999961767612021157e-01 1.469486889537202623e-04 1.316681178334238971e-03 4.053868498792713264e-04 -1.480686427935677554e-04 9.999999068685838655e-01 8.419742007697664579e-03 9.999964833259582520e-01 -2.615725388750433922e-03 4.203085263725370169e-04 5.627890229225158691e-01 2.616511192172765732e-03 9.999949932098388672e-01 -1.820595352910459042e-03 -1.847642124630510807e-04 -4.155370988883078098e-04 1.821700017899274826e-03 9.999982118606567383e-01 7.039791904389858246e-03 5.753212738037109375e+01
3.014465000000000000e+07 9.999964679392282507e-01 -2.626053297174349519e-03 -4.098207079915149455e-04 5.455047124902812072e-01 2.626097329742601693e-03 9.999965460820391394e-01 1.069423868520252472e-04 8.684538012188592043e-04 4.095384560913855059e-04 -1.080182382126236801e-04 9.999999103051508964e-01 8.122976046845205300e-03 9.999966025352478027e-01 -2.605075715109705925e-03 3.714980630320496857e-05 5.392533540725708008e-01 2.605191199108958244e-03 9.999936223030090332e-01 -2.408978994935750961e-03 -1.213474664837121964e-03 -3.087806908297352493e-05 2.409060252830386162e-03 9.999970793724060059e-01 7.781973108649253845e-03 5.785184097290039062e+01
3.024852000000000000e+07 9.999967014178283709e-01 -2.528501503848346564e-03 -4.514792141301312883e-04 5.083042612353967371e-01 2.528519977048137614e-03 9.999968024740895078e-01 4.035095530981313975e-05 1.821441061656067111e-04 4.513757430604748116e-04 -4.149239644295944925e-05 9.999998972691525045e-01 7.576054121486233868e-03 9.999973177909851074e-01 -2.159311901777982712e-03 -8.065082365646958351e-04 5.142484307289123535e-01 2.158759627491235733e-03 9.999974370002746582e-01 -7.057610200718045235e-04 1.986401388421654701e-03 8.080289117060601711e-04 7.040229393169283867e-04 9.999994635581970215e-01 7.384112570434808731e-03 5.851286315917968750e+01
3.035240000000000000e+07 9.999970577919031767e-01 -2.385110360860515262e-03 -4.423305826540356437e-04 4.985768596704225342e-01 2.385126507974971548e-03 9.999971549345336719e-01 3.598071745015088164e-05 -4.463835049018901116e-05 4.422435062161524251e-04 -3.703562594219532688e-05 9.999999015245210066e-01 7.422355274805212712e-03 9.999927878379821777e-01 -2.195858163759112358e-03 -3.095872700214385986e-03 4.932480752468109131e-01 2.202932722866535187e-03 9.999948740005493164e-01 2.322130836546421051e-03 8.425143547356128693e-03 3.090761369094252586e-03 -2.328928792849183083e-03 9.999924302101135254e-01 1.258112676441669464e-02 5.760809707641601562e+01
3.045627000000000000e+07 9.999963226348358436e-01 -2.667053587233043834e-03 -4.914691322570448545e-04 4.643862334492810384e-01 2.667082842218496206e-03 9.999964415947806273e-01 5.887980177256176413e-05 -1.691610830349003823e-04 4.913103478228884489e-04 -6.019037415086589995e-05 9.999998774956220249e-01 6.796228249239155868e-03 9.999867081642150879e-01 -2.806825330480933189e-03 -4.328063689172267914e-03 4.706611633300781250e-01 2.806583419442176819e-03 9.999960660934448242e-01 -9.205669630318880081e-05 5.878852214664220810e-03 4.328305367380380630e-03 7.989328150870278478e-05 9.999906420707702637e-01 1.020990591496229172e-02 5.810323333740234375e+01
3.056027000000000000e+07 9.999885528994829631e-01 -4.746605403875134820e-03 -6.031643209648563644e-04 4.585236194288238032e-01 4.746645775142868152e-03 9.999887324671515865e-01 6.551857837942733770e-05 1.603537454706354315e-03 6.028465339537036069e-04 -6.838083574996298847e-05 9.999998159500425032e-01 6.597165990524392863e-03 9.999887943267822266e-01 -4.153435584157705307e-03 -2.263444010168313980e-03 4.514139592647552490e-01 4.146678373217582703e-03 9.999870657920837402e-01 -2.947946311905980110e-03 3.058756934478878975e-03 2.275660634040832520e-03 2.938535297289490700e-03 9.999930858612060547e-01 3.519223071634769440e-03 5.842316818237304688e+01
3.066404000000000000e+07 9.999886656366149262e-01 -4.723319711880046359e-03 -5.990392769099784492e-04 4.239790161837990179e-01 4.723398067830798450e-03 9.999888363131110847e-01 1.294554497595457954e-04 1.137897015853097608e-03 5.984211299141350276e-04 -1.322834835705731992e-04 9.999998121965885112e-01 6.037301976299295873e-03 9.999880194664001465e-01 -4.880375228822231293e-03 2.239722234662622213e-04 4.365926682949066162e-01 4.881435539573431015e-03 9.999754428863525391e-01 -5.012286361306905746e-03 2.702108817175030708e-03 -1.995074562728404999e-04 5.013318732380867004e-03 9.999873638153076172e-01 7.121135713532567024e-04 5.828643035888671875e+01
3.076790000000000000e+07 9.999825990611601600e-01 -5.868667251292960553e-03 -6.002663483689212910e-04 4.130392152530239502e-01 5.868751261094338166e-03 9.999827691690428288e-01 1.382886671135802803e-04 2.006869801590720117e-03 5.994444351115880108e-04 -1.418090746389627727e-04 9.999998102782603482e-01 5.878231081048120726e-03 9.999806284904479980e-01 -6.125455722212791443e-03 1.139670494012534618e-03 4.156990349292755127e-01 6.125574931502342224e-03 9.999812841415405273e-01 -1.362321054330095649e-04 1.019003521651029587e-02 -1.138811581768095493e-03 1.432173448847606778e-04 9.999993443489074707e-01 3.459701780229806900e-03 5.854441452026367188e+01
3.087179000000000000e+07 9.999805256179412627e-01 -6.213934419201152907e-03 -5.791436200292647551e-04 3.988363144815078032e-01 6.214030362321151975e-03 9.999806792784402543e-01 1.640118624700975228e-04 2.246234134342374629e-03 5.781132716900887203e-04 -1.676074841625313386e-04 9.999998188463877780e-01 5.660346582073541404e-03 9.999759793281555176e-01 -6.622144952416419983e-03 2.068068832159042358e-03 3.981679677963256836e-01 6.615677382797002792e-03 9.999731183052062988e-01 3.160297637805342674e-03 1.685425452888011932e-02 -2.088947221636772156e-03 -3.146551083773374557e-03 9.999929070472717285e-01 6.065179128199815750e-03 5.870825576782226562e+01
3.097565000000000000e+07 9.999812277902055957e-01 -6.101184131710113250e-03 -5.653483259967816751e-04 3.706073151815331146e-01 6.101317652275904495e-03 9.999813592333676171e-01 2.347510233103368990e-04 2.369708128349986339e-03 5.639055282271045969e-04 -2.381959862959992101e-04 9.999998126365928774e-01 5.114473906449755122e-03 9.999716877937316895e-01 -6.463925354182720184e-03 3.830077126622200012e-03 3.797896504402160645e-01 6.447262596338987350e-03 9.999697804450988770e-01 4.339056089520454407e-03 1.840708963572978973e-02 -3.858001204207539558e-03 -4.314238205552101135e-03 9.999832510948181152e-01 8.333989419043064117e-03 5.855078506469726562e+01
3.107954000000000000e+07 9.999803357466100495e-01 -6.245248480905906362e-03 -5.700806564664775760e-04 3.714254869135150683e-01 6.245383018274291119e-03 9.999804699045301559e-01 2.345227351088132871e-04 2.497138348987137241e-03 5.686048699983960305e-04 -2.380784954049308840e-04 9.999998100035499826e-01 5.132574335620314517e-03 9.999525547027587891e-01 -6.786412559449672699e-03 6.994837429374456406e-03 3.626241385936737061e-01 6.770878564566373825e-03 9.999746680259704590e-01 2.230560639873147011e-03 1.537691615521907806e-02 -7.009810302406549454e-03 -2.183084841817617416e-03 9.999730587005615234e-01 7.952283136546611786e-03 5.884355163574218750e+01
3.118327000000000000e+07 9.999698533898804254e-01 -7.739742955007861830e-03 -6.234512122320989922e-04 3.317355016297277026e-01 7.739932698336719763e-03 9.999700005159233296e-01 3.025078633941803512e-04 4.582778117418005032e-03 6.210911759520932208e-04 -3.073242141508408733e-04 9.999997598987644398e-01 4.630487370018052627e-03 9.999582767486572266e-01 -8.085398934781551361e-03 4.234407097101211548e-03 3.398701846599578857e-01 8.087259717285633087e-03 9.999671578407287598e-01 -4.190960025880485773e-04 9.712023660540580750e-03 -4.230871330946683884e-03 4.533196333795785904e-04 9.999909400939941406e-01 8.136648684740066528e-03 5.950000000000000000e+01
3.128714000000000000e+07 9.999442208521553965e-01 -1.054566764562222397e-02 -5.865843055817462339e-04 3.167162609858049649e-01 1.054587314411068247e-02 9.999443300585626471e-01 3.483478415344421104e-04 7.575767327708492031e-03 5.828780900010522908e-04 -3.545144545053830918e-04 9.999997672862958042e-01 4.331562778366906258e-03 9.999560713768005371e-01 -9.310888126492500305e-03 1.104844501242041588e-03 3.170673847198486328e-01 9.315095841884613037e-03 9.999493956565856934e-01 -3.809050656855106354e-03 5.510018207132816315e-03 -1.069326419383287430e-03 3.819176228716969490e-03 9.999921321868896484e-01 7.023880723863840103e-03 5.891702270507812500e+01
3.139090000000000000e+07 9.999371677851038864e-01 -1.119117921380331608e-02 -6.465188936387004795e-04 2.864981545601097412e-01 1.119140541986053845e-02 9.999373139365743679e-01 3.473312746959054931e-04 8.682200701921320707e-03 6.425913192779577785e-04 -3.545449063268368080e-04 9.999997306871101221e-01 3.985899357703719288e-03 9.999331235885620117e-01 -1.154760736972093582e-02 6.095515564084053040e-04 3.018086254596710205e-01 1.154974848031997681e-02 9.999269843101501465e-01 -3.543983446434140205e-03 5.324564408510923386e-03 -5.685795331373810768e-04 3.550788853317499161e-03 9.999935626983642578e-01 7.896712981164455414e-03 5.855193710327148438e+01
3.149466000000000000e+07 9.999023337117957100e-01 -1.396258800343016561e-02 -6.075959626107709866e-04 2.833175141537641051e-01 1.396281898172900375e-02 9.999024437989725289e-01 3.775842022834398717e-04 1.140674413691736798e-02 6.022646351738577706e-04 -3.860310775233400196e-04 9.999997441286240241e-01 3.769094126336304008e-03 9.998981952667236328e-01 -1.422896515578031540e-02 1.052049337886273861e-03 2.843977808952331543e-01 1.423155795782804489e-02 9.998953342437744141e-01 -2.575741149485111237e-03 9.204260073602199554e-03 -1.015298534184694290e-03 2.590451622381806374e-03 9.999961256980895996e-01 7.735660299658775330e-03 6.075580978393554688e+01
3.159839000000000000e+07 9.998638732627396219e-01 -1.648940942662099202e-02 -5.782004151430224573e-04 2.565644683777772439e-01 1.648965311946778284e-02 9.998639485212519329e-01 4.192641415765950411e-04 1.416088227692501034e-02 5.712083319028792277e-04 -4.287413929727952621e-04 9.999997449508924996e-01 3.349836995200699327e-03 9.998638629913330078e-01 -1.648360118269920349e-02 8.392524323426187038e-04 2.693833410739898682e-01 1.648367568850517273e-02 9.998641610145568848e-01 2.382059278716042172e-07 1.642150618135929108e-02 -8.391370065510272980e-04 1.359433736070059240e-05 9.999997019767761230e-01 8.788632228970527649e-03 6.110358428955078125e+01
3.170215000000000000e+07 9.998264002017781538e-01 -1.862780108592237624e-02 -4.176968195594096562e-04 2.494263670844965863e-01 1.862799804918153015e-02 9.998263720308893099e-01 4.727204277762577086e-04 1.623609521866863081e-02 4.088185532115328185e-04 -4.804192194917301798e-04 9.999998010323533082e-01 3.056771849309331858e-03 9.998213648796081543e-01 -1.889787986874580383e-02 -3.971816622652113438e-04 2.521688044071197510e-01 1.889873296022415161e-02 9.998186826705932617e-01 2.316635567694902420e-03 2.244474552571773529e-02 3.533335111569613218e-04 -2.323735505342483521e-03 9.999971985816955566e-01 7.970497943460941315e-03 6.513471984863281250e+01
3.180577000000000000e+07 9.997805374616128837e-01 -2.094808949960433320e-02 -2.333767995562889444e-04 2.442605782933172931e-01 2.094820996904026011e-02 9.997804236473256667e-01 5.263042041947813172e-04 1.840836344890975362e-02 2.223004880937739310e-04 -5.310775262779513645e-04 9.999998342695654019e-01 2.764434062661560478e-03 9.997676014900207520e-01 -2.145560272037982941e-02 -2.094397321343421936e-03 2.411824911832809448e-01 2.145661972463130951e-02 9.997696280479431152e-01 4.717859847005456686e-04 1.865927688777446747e-02 2.083782572299242020e-03 -5.166099290363490582e-04 9.999977350234985352e-01 1.106493826955556870e-02 6.330352020263671875e+01
3.190952000000000000e+07 9.997553107574677078e-01 -2.212014227679834008e-02 -1.338692174015919563e-04 2.412321762174557405e-01 2.212021693236213352e-02 9.997551471652474930e-01 5.845703855862662262e-04 1.954314194403692154e-02 1.209056591256851658e-04 -5.873885636131965810e-04 9.999998201782334117e-01 2.801450843976920936e-03 9.997382760047912598e-01 -2.221343480050563812e-02 -5.478897131979465485e-03 2.258725166320800781e-01 2.222027815878391266e-02 9.997525215148925781e-01 1.183456392027437687e-03 2.016236446797847748e-02 5.451272241771221161e-03 -1.304885954596102238e-03 9.999842643737792969e-01 7.871790789067745209e-03 6.380089569091796875e+01
3.201315000000000000e+07 9.997689843651992314e-01 -2.149331001221540735e-02 1.245557967269874603e-04 1.999302528657843914e-01 2.149322870553114009e-02 9.997688010169677453e-01 6.209838538200646452e-04 1.911342425611311027e-02 -1.378739983806618610e-04 -6.181632905422670271e-04 9.999997994324281159e-01 3.290081340781042096e-03 9.997417926788330078e-01 -2.203805930912494659e-02 -5.524114239960908890e-03 2.127234339714050293e-01 2.203742973506450653e-02 9.997571110725402832e-01 -1.597856025910004973e-04 1.891412958502769470e-02 5.526287015527486801e-03 3.800838021561503410e-05 9.999846816062927246e-01 3.672138554975390434e-03 6.108662414550781250e+01
3.211690000000000000e+07 9.997840023708350898e-01 -2.078268622383001862e-02 1.689505030473464138e-04 1.846042535734867540e-01 2.078257968204798994e-02 9.997838329914791045e-01 6.096377715981738136e-04 1.833555212117065486e-02 -1.815838924025617047e-04 -6.059948638883612361e-04 9.999997998987316672e-01 3.486609508403507984e-03 9.997499585151672363e-01 -2.185290865600109100e-02 -4.733111243695020676e-03 2.111365646123886108e-01 2.187104336917400360e-02 9.997535943984985352e-01 3.804353997111320496e-03 2.582873590290546417e-02 4.648808389902114868e-03 -3.906929399818181992e-03 9.999815821647644043e-01 3.703519178088754416e-04 6.172038269042968750e+01
3.222065000000000000e+07 9.997846551939442161e-01 -2.075193871040527729e-02 -1.729000459021704666e-05 2.078925723180580498e-01 2.075194512689301427e-02 9.997844996564934084e-01 5.577100851852942551e-04 1.847464225400611768e-02 5.712713632295522026e-06 -5.579487864303257598e-04 9.999998443302535733e-01 3.178719346969946687e-03 9.997605681419372559e-01 -2.173017896711826324e-02 -2.592302393168210983e-03 2.129250764846801758e-01 2.174885943531990051e-02 9.997360706329345703e-01 7.395315915346145630e-03 3.442767262458801270e-02 2.430921420454978943e-03 -7.449919823557138443e-03 9.999692440032958984e-01 -9.419968118891119957e-04 6.079046249389648438e+01
3.232440000000000000e+07 9.997478122463429040e-01 -2.245444582696481950e-02 3.313085931533407279e-04 1.835967999253424188e-01 2.245419806456930983e-02 9.997476036272162636e-01 7.335019016340976880e-04 1.980172996613291034e-02 -3.476953509711232823e-04 -7.258776525773132484e-04 9.999996761047319493e-01 3.458535694282198134e-03 9.997298717498779297e-01 -2.323513664305210114e-02 -5.261557525955140591e-04 2.104529142379760742e-01 2.323698624968528748e-02 9.997227787971496582e-01 3.797697136178612709e-03 2.774482406675815582e-02 4.377610166557133198e-04 -3.808903973549604416e-03 9.999926686286926270e-01 1.512806396931409836e-03 6.069484710693359375e+01
3.242817000000000000e+07 9.997132642031426597e-01 -2.394278362996055121e-02 3.639946468162831225e-04 1.969505419784497724e-01 2.394248332975507099e-02 9.997130110349290444e-01 8.081232826882673269e-04 2.128439684321671230e-02 -3.832389051469835620e-04 -7.991766291099316501e-04 9.999996072222540056e-01 3.228129027419633125e-03 9.996896386146545410e-01 -2.490470185875892639e-02 6.935190758667886257e-04 2.178751528263092041e-01 2.490669302642345428e-02 9.996849894523620605e-01 -3.097638720646500587e-03 1.957614161074161530e-02 -6.161459605209529400e-04 3.113958751782774925e-03 9.999949336051940918e-01 -2.396734198555350304e-03 6.074063873291015625e+01
3.253177000000000000e+07 9.996724537064576310e-01 -2.558673020357055822e-02 5.518660648075013027e-04 1.921290744467308853e-01 2.558620092805148627e-02 9.996721722584744896e-01 9.457019939653189778e-04 2.268867920263134899e-02 -5.758825689088884229e-04 -9.312720771627358606e-04 9.999994005456295243e-01 3.233951817450944274e-03 9.996591210365295410e-01 -2.609384991228580475e-02 8.459720411337912083e-04 2.168888598680496216e-01 2.609604224562644958e-02 9.996557831764221191e-01 -2.688952488824725151e-03 1.848796755075454712e-02 -7.755241240374743938e-04 2.710112836211919785e-03 9.999960064888000488e-01 -1.379680004902184010e-03 5.882825469970703125e+01
3.263553000000000000e+07 9.996229634032069988e-01 -2.745087846586978866e-02 6.166892689531672635e-04 1.966910802931936819e-01 2.745019040012143183e-02 9.996225697167857582e-01 1.097796436272650659e-03 2.452866684076399420e-02 -6.465919884106901714e-04 -1.080454288925743363e-03 9.999992072683479005e-01 3.162113854645611476e-03 9.996055364608764648e-01 -2.802528627216815948e-02 1.849903143011033535e-03 2.101454585790634155e-01 2.802572026848793030e-02 9.996072053909301758e-01 -2.379443612881004810e-04 2.600453235208988190e-02 -1.842501573264598846e-03 2.896980440709739923e-04 9.999982714653015137e-01 -1.002478180453181267e-03 5.844169616699218750e+01
3.273927000000000000e+07 9.995798012532339794e-01 -2.897862008654157606e-02 6.786531272858395110e-04 1.978386428842913713e-01 2.897777051533205472e-02 9.995792996157262245e-01 1.229903010548210381e-03 2.600116149159555773e-02 -7.140085069788254827e-04 -1.209720353838964705e-03 9.999990133838491113e-01 3.219557307341324760e-03 9.995566606521606445e-01 -2.966509386897087097e-02 2.531880978494882584e-03 2.154033780097961426e-01 2.965463139116764069e-02 9.995518326759338379e-01 4.089280497282743454e-03 3.298579901456832886e-02 -2.652062335982918739e-03 -4.012390505522489548e-03 9.999883770942687988e-01 -9.736196952871978283e-04 5.847676849365234375e+01
3.284290000000000000e+07 9.995877314866115082e-01 -2.870285572935154725e-02 7.163608233299840295e-04 1.927730154409398322e-01 2.870196024239949836e-02 9.995872565100945017e-01 1.230503681283686129e-03 2.568194097465813577e-02 -7.513841180709946192e-04 -1.209435424471017387e-03 9.999989863434640691e-01 3.265053218100733186e-03 9.995520114898681641e-01 -2.978844568133354187e-02 2.875227946788072586e-03 2.095212191343307495e-01 2.978109754621982574e-02 9.995532035827636719e-01 2.546080620959401131e-03 3.079919330775737762e-02 -2.949794288724660873e-03 -2.459318842738866806e-03 9.999926686286926270e-01 1.092855352908372879e-03 5.868118286132812500e+01
3.294665000000000000e+07 9.995391951885181925e-01 -3.034942431950496400e-02 5.565650227275146080e-04 2.098058726407543984e-01 3.034868096235598944e-02 9.995385290443934423e-01 1.298675838172233879e-03 2.740678326297883022e-02 -5.957222465327024824e-04 -1.281186388532934255e-03 9.999990018377657996e-01 3.318222640285523398e-03 9.995369315147399902e-01 -3.037205524742603302e-02 1.891179243102669716e-03 2.137932479381561279e-01 3.036783635616302490e-02 9.995362758636474609e-01 2.266440307721495628e-03 2.774689532816410065e-02 -1.959131797775626183e-03 -2.207951620221138000e-03 9.999956488609313965e-01 3.851463086903095245e-03 5.850499343872070312e+01
3.305040000000000000e+07 9.995883208724722913e-01 -2.868263726007090966e-02 7.036564793042786531e-04 1.939904855209989842e-01 2.868176287185529930e-02 9.995878457554048246e-01 1.222756703919185284e-03 2.567569141994144322e-02 -7.384383497204797956e-04 -1.202071213160142617e-03 9.999990048663509601e-01 3.238556413641071555e-03 9.995443820953369141e-01 -3.016225062310695648e-02 1.148169976659119129e-03 2.125367522239685059e-01 3.015802986919879913e-02 9.995390176773071289e-01 3.497659461572766304e-03 3.232723474502563477e-02 -1.253135851584374905e-03 -3.461438231170177460e-03 9.999932646751403809e-01 4.399034660309553146e-03 5.933171081542968750e+01
3.315402000000000000e+07 9.995494252307136618e-01 -3.000600205928110817e-02 7.657259000299615611e-04 1.919963671029792096e-01 3.000494248165791120e-02 9.995488256171138897e-01 1.359635566270793591e-03 2.683799291653827385e-02 -8.061776528527955224e-04 -1.336047386542091884e-03 9.999987825267112607e-01 3.316543478100388628e-03 9.995391964912414551e-01 -3.028434701263904572e-02 2.044351771473884583e-03 2.058326005935668945e-01 3.027384914457798004e-02 9.995290637016296387e-01 4.996748175472021103e-03 3.619621694087982178e-02 -2.194715896621346474e-03 -4.932560026645660400e-03 9.999853968620300293e-01 5.236481782048940659e-03 5.877862548828125000e+01
3.325777000000000000e+07 9.995386484754403833e-01 -3.036792127877585568e-02 5.287480073606244798e-04 2.118454361107263428e-01 3.036721688104404571e-02 9.995379736417000505e-01 1.292826563172050185e-03 2.748054534108061372e-02 -5.677641665769549281e-04 -1.276173510492308386e-03 9.999990245120494725e-01 3.328352010453663676e-03 9.995086193084716797e-01 -3.128351271152496338e-02 1.952922786585986614e-03 2.126749306917190552e-01 3.127695992588996887e-02 9.995053410530090332e-01 3.296772250905632973e-03 3.332459926605224609e-02 -2.055092947557568550e-03 -3.234070492908358574e-03 9.999926090240478516e-01 7.076696492731571198e-03 5.885507202148437500e+01
3.336165000000000000e+07 9.994726692246687083e-01 -3.246567885391991870e-02 6.026533657252060652e-04 2.023700905491921109e-01 3.246473601256152919e-02 9.994717357877023201e-01 1.513373317957518319e-03 2.918879244692200448e-02 -6.514676966464050343e-04 -1.493010287624266111e-03 9.999986732542076595e-01 3.479157141184373737e-03 9.994599223136901855e-01 -3.285619616508483887e-02 -5.124507588334381580e-04 2.160972654819488525e-01 3.285617753863334656e-02 9.994601607322692871e-01 -9.443056478630751371e-05 2.652741223573684692e-02 5.152766825631260872e-04 7.754063699394464493e-05 9.999998807907104492e-01 9.169036522507667542e-03 5.882419204711914062e+01
3.346527000000000000e+07 9.994085190679380393e-01 -3.438580073892257699e-02 4.782679471578226522e-04 2.074678967037748845e-01 3.438497359622790656e-02 9.994073134868250996e-01 1.641754587657876397e-03 3.111225556028160422e-02 -5.344375294424726303e-04 -1.624338290657973728e-03 9.999985379497761118e-01 3.731021264757992603e-03 9.993817806243896484e-01 -3.498058766126632690e-02 -3.548583947122097015e-03 2.180703133344650269e-01 3.498215228319168091e-02 9.993878006935119629e-01 4.016951133962720633e-04 3.209854289889335632e-02 3.532357979565858841e-03 -5.255894502624869347e-04 9.999936819076538086e-01 7.674017921090126038e-03 5.865184020996093750e+01
3.356902000000000000e+07 9.993366018256880645e-01 -3.641800105408883603e-02 -2.924332490965118468e-04 2.526646499051439787e-01 3.641837830303805423e-02 9.993356371163258922e-01 1.409318159589037413e-03 3.371373527148159577e-02 2.409144196603476011e-04 -1.419033164702041602e-03 9.999989641520753425e-01 4.219399510929930722e-03 9.993055462837219238e-01 -3.691905736923217773e-02 -5.028501152992248535e-03 2.470144182443618774e-01 3.692083805799484253e-02 9.993181824684143066e-01 2.464282442815601826e-04 3.336498141288757324e-02 5.015986040234565735e-03 -4.319055879022926092e-04 9.999872446060180664e-01 3.001148812472820282e-03 5.870390319824218750e+01
3.367279000000000000e+07 9.992359253434475175e-01 -3.908149975243251778e-02 -4.491873364456989721e-04 2.601306397430429018e-01 3.908210449604716114e-02 9.992349833763498612e-01 1.427232996984507821e-03 3.632471897454975923e-02 3.930652905764244181e-04 -1.443697672038239807e-03 9.999988806176468570e-01 4.538988579468310018e-03 9.991610050201416016e-01 -4.084931686520576477e-02 -2.943325787782669067e-03 2.534776329994201660e-01 4.084999859333038330e-02 9.991653561592102051e-01 1.693345257081091404e-04 4.131999239325523376e-02 2.933942014351487160e-03 -2.894288918469101191e-04 9.999957084655761719e-01 1.636611996218562126e-03 5.845526504516601562e+01
3.377642000000000000e+07 9.991243146909487560e-01 -4.183547202026578760e-02 -6.300726016172063237e-04 2.878699059831120177e-01 4.183633250454436847e-02 9.991234671520371480e-01 1.420769467876050081e-03 3.896182091085668986e-02 5.700817581319218841e-04 -1.445885248974719366e-03 9.999987922105315619e-01 4.773893413846171281e-03 9.990710020065307617e-01 -4.307336360216140747e-02 -1.345641096122562885e-03 2.849788665771484375e-01 4.307336360216140747e-02 9.990718364715576172e-01 -8.087320679805998225e-07 3.588322922587394714e-02 1.344422926194965839e-03 -5.715771112591028214e-05 9.999991059303283691e-01 2.296459861099720001e-04 5.861001586914062500e+01
3.388004000000000000e+07 9.990383067366993552e-01 -4.384139460942965832e-02 -6.275539631443568991e-04 3.032345067355546875e-01 4.384222186890467804e-02 9.990375261306271293e-01 1.371494450808746247e-03 4.088810067610402360e-02 5.668217304602726856e-04 -1.397688853477552749e-03 9.999988625888698301e-01 5.053799444571448543e-03 9.989996552467346191e-01 -4.467158392071723938e-02 -2.000803360715508461e-03 2.993869781494140625e-01 4.467177018523216248e-02 9.990017414093017578e-01 2.595105797809083015e-05 3.497284278273582458e-02 1.997655257582664490e-03 -1.153049015556462109e-04 9.999979734420776367e-01 1.871092943474650383e-03 5.878812789916992188e+01
3.398365000000000000e+07 9.988512388985472112e-01 -4.791622780467988396e-02 -4.876709728846445342e-04 2.918043323053473026e-01 4.791682847525355338e-02 9.988504763489806093e-01 1.305222419266798342e-03 4.510122360530117308e-02 4.245690531616819457e-04 -1.327090675367860115e-03 9.999990292853253582e-01 5.776909782011841778e-03 9.988561868667602539e-01 -4.771292209625244141e-02 -3.161586821079254150e-03 2.997431457042694092e-01 4.771080613136291504e-02 9.988609552383422852e-01 -7.254554075188934803e-04 4.566601663827896118e-02 3.192600561305880547e-03 5.737872561439871788e-04 9.999946951866149902e-01 -1.365551608614623547e-03 5.923414230346679688e+01
3.408740000000000000e+07 9.987824166939754944e-01 -4.932875818613388641e-02 -5.981700835872668558e-04 3.294380242153803762e-01 4.932945053721424222e-02 9.987818360194810063e-01 1.203925241222420298e-03 4.631844297703301833e-02 5.380532794283312019e-04 -1.231966762476844821e-03 9.999990963779069597e-01 5.814743318853917917e-03 9.987721443176269531e-01 -4.948719963431358337e-02 -2.268645912408828735e-03 3.296648859977722168e-01 4.948652163147926331e-02 9.987747073173522949e-01 -3.761307743843644857e-04 3.856332972645759583e-02 2.284475602209568024e-03 2.633973781485110521e-04 9.999973773956298828e-01 -1.553542912006378174e-03 5.887936019897460938e+01
3.419102000000000000e+07 9.987248524852145870e-01 -5.048218406436114775e-02 -4.670880482037381449e-04 3.478469029142274849e-01 5.048261188319898979e-02 9.987244838741613506e-01 9.545986179225695277e-04 4.663246897203059821e-02 4.183020476996545094e-04 -9.769611880749069256e-04 9.999994352849687074e-01 5.861087275801887472e-03 9.987437725067138672e-01 -5.010534450411796570e-02 -7.096471963450312614e-04 3.461073338985443115e-01 5.010541528463363647e-02 9.987439513206481934e-01 5.294139918987639248e-05 4.112467542290687561e-02 7.061042124405503273e-04 -8.842795068630948663e-05 9.999998211860656738e-01 -1.347259967587888241e-03 5.872761535644531250e+01
3.429477000000000000e+07 9.986546596372973816e-01 -5.185358084164982950e-02 -2.776188654136925687e-04 3.336880775152953338e-01 5.185377612794175861e-02 9.986544066522751173e-01 7.497392300335321792e-04 4.783898326606422780e-02 2.383686414897002591e-04 -7.631261614171109446e-04 9.999996804093910230e-01 6.101623681303375291e-03 9.986731410026550293e-01 -5.148870870471000671e-02 8.715522708371281624e-04 3.375479280948638916e-01 5.148885026574134827e-02 9.986735582351684570e-01 -2.093276270898059011e-04 5.230108276009559631e-02 -8.596151019446551800e-04 2.539204142522066832e-04 9.999995231628417969e-01 1.932123792357742786e-03 5.893881607055664062e+01
3.439842000000000000e+07 9.985264663529905826e-01 -5.426651971667514202e-02 2.021086116435235865e-04 3.764099031155677122e-01 5.426641876692176597e-02 9.985263791554295221e-01 4.753339907759278099e-04 4.855101290138815612e-02 -2.276055014120910739e-04 -4.636658596601577159e-04 9.999998666048450779e-01 6.000661649411362375e-03 9.985842704772949219e-01 -5.315107852220535278e-02 2.102802973240613937e-03 3.710787892341613770e-01 5.315612256526947021e-02 9.985832571983337402e-01 -2.419526455923914909e-03 3.466597944498062134e-02 -1.971234800294041634e-03 2.527884207665920258e-03 9.999948740005493164e-01 4.878778941929340363e-03 5.879187011718750000e+01
3.450214000000000000e+07 9.986083687738676051e-01 -5.273826005679085188e-02 -4.411197152824424504e-05 3.772502142103704714e-01 5.273827661252115245e-02 9.986082076994304835e-01 5.673624807574031460e-04 4.746191456321811886e-02 1.412886897644914479e-05 -5.688993106558923839e-04 9.999998380769734574e-01 5.889764011279128263e-03 9.985651373863220215e-01 -5.352114140987396240e-02 1.784293330274522305e-03 3.635956645011901855e-01 5.352615565061569214e-02 9.985622167587280273e-01 -2.890462754294276237e-03 4.901021346449851990e-02 -1.627017045393586159e-03 2.981823403388261795e-03 9.999942183494567871e-01 7.528883405029773712e-03 5.880998229980468750e+01
3.460590000000000000e+07 9.986276063261009250e-01 -5.237270622353566718e-02 6.065112560678808556e-05 4.006821725882657725e-01 5.237266087981733154e-02 9.986274324351516185e-01 5.964333135104871566e-04 4.663111812728636812e-02 -9.180470282042233409e-05 -5.924383115924587934e-04 9.999998202943656267e-01 5.848029036874092569e-03 9.985601305961608887e-01 -5.362762138247489929e-02 1.291759661398828030e-03 3.944452106952667236e-01 5.363120883703231812e-02 9.985564947128295898e-01 -2.936016302555799484e-03 3.454047068953514099e-02 -1.132447272539138794e-03 3.001068020239472389e-03 9.999948740005493164e-01 7.126032374799251556e-03 5.883523178100585938e+01
3.470966000000000000e+07 9.985906723388443540e-01 -5.307217886289426756e-02 1.134886378664173683e-04 3.901984510812402940e-01 5.307211029641484279e-02 9.985905365295426606e-01 5.398086602922046130e-04 4.735779287287641276e-02 -1.419775022444814635e-04 -5.330248113433912324e-04 9.999998478634544163e-01 5.925728647736753021e-03 9.985834956169128418e-01 -5.319477245211601257e-02 1.204617321491241455e-03 4.070168137550354004e-01 5.319726467132568359e-02 9.985817670822143555e-01 -2.133316127583384514e-03 3.513799980282783508e-02 -1.089424942620098591e-03 2.194371307268738747e-03 9.999970197677612305e-01 7.581528741866350174e-03 5.878492736816406250e+01
3.481340000000000000e+07 9.986567751571416851e-01 -5.181350944799574532e-02 7.470344550869793213e-05 4.141618313617782543e-01 5.181345030449173439e-02 9.986565703838271579e-01 6.486184751753541452e-04 4.595726208964972387e-02 -1.082102873119185826e-04 -6.438765913042223147e-04 9.999997868567045423e-01 5.726252862494559531e-03 9.986346960067749023e-01 -5.222468078136444092e-02 1.085045863874256611e-03 4.034793078899383545e-01 5.222592130303382874e-02 9.986346960067749023e-01 -1.084347954019904137e-03 5.040322616696357727e-02 -1.026931800879538059e-03 1.139540341682732105e-03 9.999988079071044922e-01 8.763093501329421997e-03 5.866108703613281250e+01
3.491715000000000000e+07 9.986853645477693497e-01 -5.125933356014302639e-02 1.528715286528315332e-04 4.435981557326775793e-01 5.125920686681160326e-02 9.986851074960019226e-01 7.414753748180166965e-04 4.521049926107989503e-02 -1.906780524658479702e-04 -7.326645317210347735e-04 9.999997134222420314e-01 5.453673215413500433e-03 9.987081289291381836e-01 -5.081215500831604004e-02 5.520044360309839249e-04 4.346928000450134277e-01 5.081314221024513245e-02 9.987059831619262695e-01 -2.087521832436323166e-03 3.193511068820953369e-02 -4.452266730368137360e-04 2.112874761223793030e-03 9.999976754188537598e-01 6.092195399105548859e-03 5.907072067260742188e+01
3.502102000000000000e+07 9.987178608516521505e-01 -5.062221539615796573e-02 1.602834292770949874e-04 4.566757416026817618e-01 5.062207066514234910e-02 9.987175561540710955e-01 8.055791071370630623e-04 4.449762379229893483e-02 -2.008580743899390265e-04 -7.964323634238747824e-04 9.999996626757009510e-01 5.311754273366603787e-03 9.987300038337707520e-01 -5.038200691342353821e-02 2.489559701643884182e-04 4.498029649257659912e-01 5.038257688283920288e-02 9.987226128578186035e-01 -3.833289491012692451e-03 2.817063406109809875e-02 -5.550095374928787351e-05 3.840961260721087456e-03 9.999926090240478516e-01 6.662327330559492111e-03 5.947878265380859375e+01
3.512477000000000000e+07 9.988206187729350427e-01 -4.855273002445679303e-02 -6.307392372957023544e-05 4.426311700395592075e-01 4.855276757948747551e-02 9.988201928965858567e-01 9.225397098386217990e-04 4.265333174911582065e-02 1.820768828371432165e-05 -9.245140973349921494e-04 9.999995724710009082e-01 5.259831983485420241e-03 9.987734556198120117e-01 -4.951306059956550598e-02 4.814966086996719241e-05 4.619629681110382080e-01 4.951292648911476135e-02 9.987664222717285156e-01 -3.752637421712279320e-03 4.472926259040832520e-02 1.377032167511060834e-04 3.750416217371821404e-03 9.999930262565612793e-01 5.745998583734035492e-03 5.886774444580078125e+01
3.522867000000000000e+07 9.988184563564319607e-01 -4.859695081059513255e-02 1.664850935579149851e-04 4.985557694175686838e-01 4.859677121520525334e-02 9.988180255480878511e-01 9.517201970670054840e-04 4.217200949812672378e-02 -2.125390100135962407e-04 -9.425050605194052996e-04 9.999995332556016470e-01 4.804185238129563690e-03 9.988508224487304688e-01 -4.792507737874984741e-02 3.179605409968644381e-04 4.881490767002105713e-01 4.792583361268043518e-02 9.988444447517395020e-01 -3.594919573515653610e-03 2.938918583095073700e-02 -1.453046425012871623e-04 3.606029320508241653e-03 9.999934434890747070e-01 4.861609078943729401e-03 5.905305480957031250e+01
3.533252000000000000e+07 9.989594977054021552e-01 -4.560615908060752788e-02 -1.639137171905395081e-05 4.864787538193032224e-01 4.560615310280689838e-02 9.989590128919196843e-01 9.845972729031729660e-04 3.942867337839146141e-02 -2.852938982213697338e-05 -9.843203445990406086e-04 9.999995151496654522e-01 4.463506085386952614e-03 9.989255666732788086e-01 -4.634197801351547241e-02 2.400448574917390943e-04 4.984850883483886719e-01 4.634258896112442017e-02 9.989221692085266113e-01 -2.634358592331409454e-03 4.266732558608055115e-02 -1.177016165456734598e-04 2.642656443640589714e-03 9.999964833259582520e-01 4.768392536789178848e-03 5.950873565673828125e+01
3.543640000000000000e+07 9.990440879790210005e-01 -4.371358517863004750e-02 1.807366812862196311e-04 5.358907713728997546e-01 4.371339967027704915e-02 9.990436821279395918e-01 9.272595282319866282e-04 3.732056527695314097e-02 -2.210976796108740476e-04 -9.184725345540008202e-04 9.999995537618916464e-01 4.018229227447902424e-03 9.990379810333251953e-01 -4.385342821478843689e-02 2.855329512385651469e-05 5.235806703567504883e-01 4.385330528020858765e-02 9.990367889404296875e-01 -1.534800860099494457e-03 3.022639080882072449e-02 3.877952622133307159e-05 1.534575596451759338e-03 9.999987483024597168e-01 3.732118755578994751e-03 5.907654571533203125e+01
3.554042000000000000e+07 9.992449637061144863e-01 -3.885166191946248793e-02 2.254155838867773838e-04 5.450775447186537725e-01 3.885145697657677033e-02 9.992446341388476760e-01 8.516886839209493552e-04 3.312102322541134181e-02 -2.583348348073562554e-04 -8.422879038090665908e-04 9.999996119070089229e-01 4.215263526273578878e-03 9.992263913154602051e-01 -3.932617604732513428e-02 3.381605201866477728e-04 5.469189286231994629e-01 3.932630270719528198e-02 9.992263913154602051e-01 -3.768457099795341492e-05 3.239833936095237732e-02 -3.364205185789614916e-04 5.095092274132184684e-05 1.000000000000000000e+00 1.763493404723703861e-03 5.899772644042968750e+01
3.564440000000000000e+07 9.994181435276374703e-01 -3.410807964839964596e-02 1.154224728429891357e-04 5.740485273588751269e-01 3.410798852029982980e-02 9.994178967329744312e-01 7.161290585544253335e-04 2.921382597741764564e-02 -1.397810713448973655e-04 -7.117755459672036244e-04 9.999997369183847296e-01 4.726013109429937596e-03 9.994245171546936035e-01 -3.392139449715614319e-02 4.413345595821738243e-05 5.607778429985046387e-01 3.392126038670539856e-02 9.994241595268249512e-01 9.071649401448667049e-04 3.781182691454887390e-02 -7.488083065254613757e-05 -9.051412926055490971e-04 9.999995231628417969e-01 1.607589190825819969e-03 5.888364791870117188e+01
3.574865000000000000e+07 9.996286485610981210e-01 -2.724997194602090875e-02 -6.342547664060847572e-05 5.596563055627075123e-01 2.725000130077706237e-02 9.996285143627373637e-01 5.203075994539603380e-04 2.369664964396558937e-02 4.922354784157500829e-05 -5.218427267621150159e-04 9.999998626285993009e-01 5.645754935014825338e-03 9.996170401573181152e-01 -2.766955271363258362e-02 -3.535943105816841125e-04 5.851771831512451172e-01 2.767024561762809753e-02 9.996146559715270996e-01 2.173513406887650490e-03 2.861259132623672485e-02 2.933205687440931797e-04 -2.182462951168417931e-03 9.999975562095642090e-01 1.590464031323790550e-03 5.907644653320312500e+01
3.585277000000000000e+07 9.997679238374869160e-01 -2.154247688826061921e-02 -1.419902371735923849e-04 6.132445646594640865e-01 2.154251786690023970e-02 9.997678899024760035e-01 2.936833898432727758e-04 1.910718708804060723e-02 1.356306122502189755e-04 -2.966740601115633227e-04 9.999999467944188369e-01 6.781863679118379541e-03 9.997540116310119629e-01 -2.214765362441539764e-02 -1.156419049948453903e-03 5.977600216865539551e-01 2.214995026588439941e-02 9.997526407241821289e-01 2.011698437854647636e-03 2.700353227555751801e-02 1.111579942516982555e-03 -2.036816207692027092e-03 9.999973773956298828e-01 7.018877193331718445e-03 5.907516860961914062e+01
3.595705000000000000e+07 9.998615467760868514e-01 -1.663796279890499344e-02 -2.558996961492113263e-04 6.246955026070022399e-01 1.663802958004689456e-02 9.998615443231194666e-01 2.610894509413143934e-04 1.532699147705027243e-02 2.515202690049022608e-04 -2.653109687928437372e-04 9.999999331738227415e-01 7.575308180494030527e-03 9.998514056205749512e-01 -1.723631285130977631e-02 3.179054474458098412e-04 6.211711168289184570e-01 1.723585464060306549e-02 9.998500347137451172e-01 1.679557957686483860e-03 1.937538571655750275e-02 -3.468109352979809046e-04 -1.673829159699380398e-03 9.999985098838806152e-01 5.232886876910924911e-03 5.958636856079101562e+01
3.606129000000000000e+07 9.998993028221074830e-01 -1.418850227624776812e-02 -2.657652434627560869e-04 6.444786799809774092e-01 1.418857190283846596e-02 9.998993028387798132e-01 2.619580582877155438e-04 1.336365457398929098e-02 2.620216893766314946e-04 -2.657025088908726226e-04 9.999999303734072864e-01 7.872177088284783297e-03 9.999006390571594238e-01 -1.408019103109836578e-02 6.587100215256214142e-04 6.390427350997924805e-01 1.408048346638679504e-02 9.999008178710937500e-01 -4.982586833648383617e-04 1.286281459033489227e-02 -6.516270223073661327e-04 5.074841319583356380e-04 9.999996423721313477e-01 5.923861637711524963e-03 5.907465744018554688e+01
3.616567000000000000e+07 9.999343609136399635e-01 -1.145317339273319718e-02 -3.141511054054808199e-04 6.543136460830960566e-01 1.145326068332624958e-02 9.999343707611438870e-01 2.774845660621188246e-04 1.104303897171917889e-02 3.109524092401708042e-04 -2.810644065297155758e-04 9.999999121557003878e-01 8.240687158439717955e-03 9.999234676361083984e-01 -1.234735082834959030e-02 7.327611092478036880e-04 6.591557264328002930e-01 1.234795991331338882e-02 9.999234676361083984e-01 -8.013878832571208477e-04 8.111803792417049408e-03 -7.228138274513185024e-04 8.103657164610922337e-04 9.999994039535522461e-01 5.728916265070438385e-03 5.903043365478515625e+01
3.626990000000000000e+07 9.999553368720667246e-01 -9.446584363626114519e-03 -2.937857708980188892e-04 6.768306331879968551e-01 9.446662997757532612e-03 9.999553435245802646e-01 2.674322181515532558e-04 9.298131111072485688e-03 2.912463305969559485e-04 -2.701955688041753480e-04 9.999999210849661591e-01 8.458933230819178084e-03 9.999486804008483887e-01 -1.008795853704214096e-02 9.938877774402499199e-04 6.762739419937133789e-01 1.008886191993951797e-02 9.999486207962036133e-01 -9.595048031769692898e-04 7.411981932818889618e-03 -9.841520804911851883e-04 9.694852633401751518e-04 9.999989867210388184e-01 6.368640344589948654e-03 5.950073623657226562e+01
3.637417000000000000e+07 9.999708043759932830e-01 -7.635858249120276199e-03 -2.899458511079285494e-04 6.939454909236925095e-01 7.635933712837660557e-03 9.999708120188208760e-01 2.600594549800478708e-04 7.665904027492469533e-03 2.879516111816677703e-04 -2.622658695238521418e-04 9.999999241502441905e-01 8.732351845257262796e-03 9.999670982360839844e-01 -8.089544251561164856e-03 6.679728394374251366e-04 6.913319826126098633e-01 8.088961243629455566e-03 9.999668598175048828e-01 8.290336118079721928e-04 1.027365401387214661e-02 -6.746615981683135033e-04 -8.235978311859071255e-04 9.999994635581970215e-01 6.117920391261577606e-03 6.363347244262695312e+01
3.647842000000000000e+07 9.999775900919763982e-01 -6.687225155664344896e-03 -3.167559534526351479e-04 6.936547406548280170e-01 6.687309781280614644e-03 9.999776040858675552e-01 2.668620433361048130e-04 6.819913595317778944e-03 3.149642928751308739e-04 -2.689743081316090987e-04 9.999999142251556616e-01 8.865625060305340824e-03 9.999738931655883789e-01 -7.206383161246776581e-03 3.310901229269802570e-04 7.069958448410034180e-01 7.206180598586797714e-03 9.999738931655883789e-01 6.772121414542198181e-04 8.212563581764698029e-03 -3.359602123964577913e-04 -6.748095620423555374e-04 9.999997019767761230e-01 5.377662368118762970e-03 6.003011322021484375e+01
3.658267000000000000e+07 9.999855254182292708e-01 -5.375048445924435724e-03 -2.404322147476845104e-04 7.317017248526965778e-01 5.375105907041305593e-03 9.999855254558953632e-01 2.389866166340995812e-04 5.417048886793296610e-03 2.391441699327543637e-04 -2.402755060464230536e-04 9.999999425388708119e-01 9.005123683930605152e-03 9.999830722808837891e-01 -5.822970997542142868e-03 3.041913441848009825e-04 7.225402593612670898e-01 5.823017098009586334e-03 9.999830126762390137e-01 -2.044869906967505813e-04 5.601954646408557892e-03 -3.029980289284139872e-04 2.062532294075936079e-04 9.999999403953552246e-01 5.977916531264781952e-03 5.954473495483398438e+01
3.668690000000000000e+07 9.999908898105964727e-01 -4.261609684792615378e-03 -2.428567976083430410e-04 7.314737734030971605e-01 4.261667574958378883e-03 9.999908906471113301e-01 2.383547684300781695e-04 4.707766123119017966e-03 2.418388103906347767e-04 -2.393875718720136418e-04 9.999999421037907288e-01 9.137572859307050918e-03 9.999904632568359375e-01 -4.350455012172460556e-03 3.439945285208523273e-04 7.411547303199768066e-01 4.350697156041860580e-03 9.999902248382568359e-01 -8.125278982333838940e-04 2.652005059644579887e-03 -3.404585586395114660e-04 8.140162681229412556e-04 9.999996423721313477e-01 5.609520245343446732e-03 5.983203125000000000e+01
3.679111000000000000e+07 9.999947061549597782e-01 -3.246134531107127373e-03 -2.242165137035864058e-04 7.485156060009282575e-01 3.246183378558992888e-03 9.999947074059752916e-01 2.178391469606246584e-04 4.041083731538113941e-03 2.235081918650873778e-04 -2.185658416475970401e-04 9.999999511365310623e-01 9.170519663165245181e-03 9.999946951866149902e-01 -3.194578923285007477e-03 5.658609443344175816e-04 7.522144913673400879e-01 3.195276018232107162e-03 9.999942183494567871e-01 -1.125636859796941280e-03 3.453392302617430687e-03 -5.622541066259145737e-04 1.127432915382087231e-03 9.999991655349731445e-01 5.253334529697895050e-03 6.369273757934570312e+01
3.689515000000000000e+07 9.999991936109070556e-01 -1.253567815444052045e-03 -2.033353322484565207e-04 7.754975000047500400e-01 1.253603329845176832e-03 9.999991989919074786e-01 1.746259561351358848e-04 2.606733873270703546e-03 2.031162638954550062e-04 -1.748807171698826498e-04 9.999999640802581524e-01 9.293593545920958779e-03 9.999989867210388184e-01 -1.455130404792726040e-03 1.040137794916518033e-04 7.732490301132202148e-01 1.455195713788270950e-03 9.999989271163940430e-01 -3.892995591741055250e-04 2.400956815108656883e-03 -1.034530869219452143e-04 3.894530818797647953e-04 1.000000000000000000e+00 5.300312303006649017e-03 6.177660751342773438e+01
3.699949000000000000e+07 9.999990772543260187e-01 -1.344569199454444816e-03 -1.939694508144320349e-04 7.884495359927123914e-01 1.344600344873962119e-03 9.999990831399506730e-01 1.605277363871181022e-04 2.629334371150494985e-03 1.937534323196408472e-04 -1.607883996536528699e-04 9.999999683033482523e-01 9.398859766791717654e-03 9.999992847442626953e-01 -1.012208638712763786e-03 -5.655002896673977375e-04 7.850865721702575684e-01 1.012035063467919827e-03 9.999994039535522461e-01 -2.616988494992256165e-04 2.911597024649381638e-03 5.657598958350718021e-04 2.611290838103741407e-04 9.999998211860656738e-01 6.785820703953504562e-03 6.503628540039062500e+01
3.710355000000000000e+07 9.999995060648083633e-01 -9.774956433472993620e-04 -1.799233717221896691e-04 7.973377329173378936e-01 9.775204069149988264e-04 9.999995127602750999e-01 1.375975270487565707e-04 2.322431919586901219e-03 1.797887830749384506e-04 -1.377733378496988435e-04 9.999999743472504088e-01 9.548510938767231990e-03 9.999990463256835938e-01 -1.061034621670842171e-03 -9.052020614035427570e-04 8.028677105903625488e-01 1.060721348039805889e-03 9.999994039535522461e-01 -2.843384572770446539e-04 1.297634327784180641e-03 9.055155678652226925e-04 2.833746548276394606e-04 9.999994635581970215e-01 5.572376772761344910e-03 5.959289550781250000e+01
3.720765000000000000e+07 9.999993793904117245e-01 -1.101124186087472237e-03 -1.695415533110340299e-04 8.078651200946095345e-01 1.101145536671044615e-03 9.999993858149954784e-01 1.258894706781520665e-04 2.348104237953110938e-03 1.694028292424710515e-04 -1.260760824716158847e-04 9.999999777037515969e-01 9.667330642379403163e-03 9.999990463256835938e-01 -8.315137238241732121e-04 -1.092250808142125607e-03 8.194832205772399902e-01 8.308009128086268902e-04 9.999994635581970215e-01 -6.775672663934528828e-04 1.551959081552922726e-03 1.092806807719171047e-03 6.766564911231398582e-04 9.999992251396179199e-01 4.171174485236406326e-03 5.952188873291015625e+01
3.731178000000000000e+07 9.999992390912025853e-01 -1.221849715931393058e-03 -1.700009661641965926e-04 8.073716352118233130e-01 1.221871510674760316e-03 9.999992453023883732e-01 1.281589083089133417e-04 2.432062067892447332e-03 1.698442469433840581e-04 -1.283665301234225738e-04 9.999999773374832479e-01 9.654188588285171624e-03 9.999991059303283691e-01 -1.077095046639442444e-03 7.460093474946916103e-04 8.358851075172424316e-01 1.077155000530183315e-03 9.999994039535522461e-01 -1.364062190987169743e-04 2.958928002044558525e-03 -7.458574837073683739e-04 1.372161787003278732e-04 9.999997019767761230e-01 2.562199719250202179e-03 5.969961547851562500e+01
3.741589000000000000e+07 9.999997794391850547e-01 -6.538533201947833691e-04 -1.166079464481660993e-04 8.415359020525143841e-01 6.538592753544311123e-04 9.999997849315032106e-01 5.103912122517623623e-05 1.645478187381739163e-03 1.165745492703210113e-04 -5.111535515594219315e-05 9.999999918987974024e-01 1.015897770701816236e-02 9.999965429306030273e-01 -1.213157665915787220e-03 2.320373896509408951e-03 8.457412123680114746e-01 1.210180344060063362e-03 9.999983906745910645e-01 1.306408084928989410e-03 1.212027855217456818e-02 -2.321959938853979111e-03 -1.303598051890730858e-03 9.999965429306030273e-01 1.230867928825318813e-03 5.961711883544921875e+01
3.752003000000000000e+07 9.999990507960118125e-01 -1.373406774298194548e-03 -1.102764930032669666e-04 8.489507026034848192e-01 1.373412787807290177e-03 9.999990553845012897e-01 5.447399851555126719e-05 2.049743560799438709e-03 1.102015738756864438e-04 -5.462540195452562604e-05 9.999999924358392578e-01 1.021224226509811171e-02 9.999960660934448242e-01 -1.594741130247712135e-03 2.336242236196994781e-03 8.621523380279541016e-01 1.592237153090536594e-03 9.999980926513671875e-01 1.102323411032557487e-03 1.016956940293312073e-02 -2.337991492822766304e-03 -1.098602428101003170e-03 9.999966621398925781e-01 5.589574109762907028e-03 5.927033615112304688e+01
3.762415000000000000e+07 9.999994904558601183e-01 -1.005660374499385296e-03 -8.795025835164492403e-05 8.664804615933967558e-01 1.005661336436213232e-03 9.999994942631817985e-01 1.089374265635786055e-05 1.570977710179445293e-03 8.793925846682182444e-05 -1.098218527841996045e-05 9.999999960730392434e-01 1.064560007844777070e-02 9.999988675117492676e-01 -1.475180964916944504e-03 2.041016996372491121e-04 8.674209713935852051e-01 1.475151977501809597e-03 9.999989271163940430e-01 -1.100665394915267825e-04 9.423861280083656311e-03 -2.039361861534416676e-04 1.103710383176803589e-04 9.999999403953552246e-01 6.413919385522603989e-03 5.925759887695312500e+01
3.772815000000000000e+07 9.999995589844286048e-01 -9.357731677844775961e-04 -7.974654213221247265e-05 8.734632082230735506e-01 9.357732230935901377e-04 9.999995621639184984e-01 6.562517264305510601e-07 1.441869186980304206e-03 7.974589311353041357e-05 -7.308761171115221978e-07 9.999999968200291578e-01 1.084305908801768900e-02 9.999966025352478027e-01 -1.365270582027733326e-03 -2.217013388872146606e-03 8.811961412429809570e-01 1.363422605209052563e-03 9.999987483024597168e-01 -8.374734898097813129e-04 5.723142530769109726e-03 2.218147041276097298e-03 8.344448287971317768e-04 9.999972581863403320e-01 5.312025547027587891e-03 5.925731277465820312e+01
3.783228000000000000e+07 9.999994163426911831e-01 -1.077856575725041075e-03 -7.442809606209618411e-05 8.813745690385478282e-01 1.077855507321116282e-03 9.999994190100289781e-01 -1.439346728942954539e-05 1.450908605641597956e-03 7.444356691265710969e-05 1.431323615962649184e-05 9.999999971266434473e-01 1.106900246763234917e-02 9.999982714653015137e-01 -1.148084411397576332e-03 -1.448747003450989723e-03 8.941727876663208008e-01 1.146630616858601570e-03 9.999988675117492676e-01 -9.321368415839970112e-04 5.261975340545177460e-03 1.449813134968280792e-03 9.304750710725784302e-04 9.999985098838806152e-01 2.768239937722682953e-03 6.048089599609375000e+01
3.793628000000000000e+07 9.999994679488414251e-01 -1.030242726658243567e-03 -5.198065281639385862e-05 9.020788854684651525e-01 1.030240237501816149e-03 9.999994681556604315e-01 -4.789028440854347979e-05 1.251826084220389931e-03 5.202996378657781415e-05 4.783670636986892905e-05 9.999999975022663135e-01 1.167201631449741803e-02 9.999989271163940430e-01 -1.353828469291329384e-03 -5.526879103854298592e-04 9.102033376693725586e-01 1.352780847810208797e-03 9.999967813491821289e-01 -2.177601680159568787e-03 8.320402703247964382e-04 5.556334508582949638e-04 2.176861045882105827e-03 9.999974966049194336e-01 4.438131116330623627e-03 5.899244689941406250e+01
3.804028000000000000e+07 9.999993482868627659e-01 -1.140894945859156776e-03 -4.224371978450280879e-05 9.163938369792441474e-01 1.140892548210117831e-03 9.999993475722527281e-01 -5.673818781636053856e-05 1.208843918142498688e-03 4.230842453724849072e-05 5.668995529273372386e-05 9.999999974981229611e-01 1.204645029818340700e-02 9.999993443489074707e-01 -1.195591990835964680e-03 -6.754285277565941215e-05 9.235227704048156738e-01 1.195328193716704845e-03 9.999960660934448242e-01 -2.495120745152235031e-03 -1.857080205809324980e-04 7.053332956274971366e-05 2.495032967999577522e-03 9.999968409538269043e-01 5.735716782510280609e-03 5.870735931396484375e+01
3.814428000000000000e+07 9.999992717736848613e-01 -1.206317987738534346e-03 -3.534151852998242621e-05 9.292343330134327228e-01 1.206316105916364900e-03 9.999992709842921990e-01 -5.321980017815690898e-05 1.195040619422123697e-03 3.540569276725744318e-05 5.317712837939460812e-05 9.999999979593149346e-01 1.217068751030300940e-02 9.999956488609313965e-01 -1.592918415553867817e-03 -2.473933389410376549e-03 9.312825202941894531e-01 1.593342050909996033e-03 9.999987483024597168e-01 1.687919429969042540e-04 3.860770026221871376e-03 2.473661210387945175e-03 -1.727323833620175719e-04 9.999969601631164551e-01 7.206754758954048157e-03 5.941795349121093750e+01
3.824828000000000000e+07 9.999992523670254707e-01 -1.222240525448264415e-03 -3.732979232344741955e-05 9.274413399849930073e-01 1.222238506238679722e-03 9.999992516046778412e-01 -5.406610140520159183e-05 1.216015125346218625e-03 3.739584616507834374e-05 5.402043507476638303e-05 9.999999978416717061e-01 1.215841056667027811e-02 9.999906420707702637e-01 -1.443313900381326675e-03 -4.067383706569671631e-03 9.421759247779846191e-01 1.444049645215272903e-03 9.999989867210388184e-01 1.872982102213427424e-04 2.418386517092585564e-03 4.067107103765010834e-03 -1.931692386278882623e-04 9.999916553497314453e-01 7.105344906449317932e-03 5.915404891967773438e+01
3.835228000000000000e+07 9.999993369686492883e-01 -1.151461675570211209e-03 -1.407968075242368727e-05 9.514457447572656212e-01 1.151461056836848053e-03 9.999993361059918984e-01 -4.387454736981674305e-05 1.061680888983514148e-03 1.413019126613197463e-05 4.385830607512094951e-05 9.999999989383933086e-01 1.233884663224750315e-02 9.999907016754150391e-01 -1.108355121687054634e-03 -4.171009641140699387e-03 9.524274468421936035e-01 1.114828279241919518e-03 9.999982118606567383e-01 1.537121832370758057e-03 2.040375256910920143e-03 4.169303458184003830e-03 -1.541763893328607082e-03 9.999901652336120605e-01 8.404265157878398895e-03 5.863999938964843750e+01
3.845615000000000000e+07 9.999999894721317562e-01 1.450097653495382283e-04 5.282475007505746754e-06 9.498615308701172655e-01 -1.450095850096781041e-04 9.999999889038975187e-01 -3.412367488242859959e-05 3.741079495096484662e-04 -5.287423214950939445e-06 3.412290851367463351e-05 9.999999994038351048e-01 1.207066539094483332e-02 9.999996423721313477e-01 2.100755664287135005e-04 -6.962977931834757328e-04 9.673978090286254883e-01 -2.081163111142814159e-04 9.999962449073791504e-01 2.734547480940818787e-03 4.644979257136583328e-03 6.968621746636927128e-04 -2.734400099143385887e-03 9.999960064888000488e-01 7.729832082986831665e-03 5.860460662841796875e+01
3.856015000000000000e+07 9.999999841843515425e-01 1.746607171450257484e-04 3.353998815985432912e-05 9.787554717495812184e-01 -1.746601033877134140e-04 9.999999845794548259e-01 -1.830132776596956414e-05 2.412824931940014787e-04 -3.354318416565620255e-05 1.829546937876939315e-05 9.999999992700653317e-01 1.236511065034556246e-02 9.999988079071044922e-01 1.684675517026335001e-04 1.573048066347837448e-03 9.785916209220886230e-01 -1.708928321022540331e-04 9.999988675117492676e-01 1.468372764065861702e-03 2.828559372574090958e-03 -1.572795445099473000e-03 -1.468638889491558075e-03 9.999976754188537598e-01 1.050100196152925491e-02 5.863884735107421875e+01
3.866415000000000000e+07 9.999999601054050391e-01 -2.805352643628769636e-04 3.300235258321069500e-05 9.863146945804662780e-01 2.805358297626322985e-04 9.999999605031275607e-01 -1.712872340088437712e-05 4.762313458668565591e-04 -3.299754606886975148e-05 1.713798105972160184e-05 9.999999993087257399e-01 1.252330179203289644e-02 9.999954700469970703e-01 -6.371894414769485593e-05 3.005080157890915871e-03 9.872815608978271484e-01 6.143545761005952954e-05 9.999996423721313477e-01 7.889242842793464661e-04 6.467559724114835262e-04 -3.005123697221279144e-03 -7.887404644861817360e-04 9.999952316284179688e-01 1.053919363766908646e-02 5.899785614013671875e+01
3.876815000000000000e+07 9.999999339688372402e-01 -3.628553585779879212e-04 1.995781263189628233e-05 9.723675811981085104e-01 3.628558716106202483e-04 9.999999338373513069e-01 -2.570824445364711537e-05 5.491888765152299050e-04 -1.994848293748446296e-05 2.571548456535959886e-05 9.999999994703859807e-01 1.239188423836289771e-02 9.999965429306030273e-01 -1.211860362673178315e-04 2.631276845932006836e-03 9.847291707992553711e-01 1.239697157870978117e-04 9.999994635581970215e-01 -1.070744125172495842e-03 -3.635722910985350609e-03 -2.631149720400571823e-03 1.071065431460738182e-03 9.999959468841552734e-01 1.255941018462181091e-02 5.919855880737304688e+01
3.887203000000000000e+07 9.999999611105965247e-01 -2.763646038796356672e-04 3.743544683979148292e-05 9.889804850351685550e-01 2.763653324369737155e-04 9.999999616217961629e-01 -1.945792311706966547e-05 4.495949765919355669e-04 -3.743006792197679853e-05 1.946826821987130852e-05 9.999999991099882690e-01 1.254345824437318700e-02 9.999979734420776367e-01 -2.071846392937004566e-04 2.012377139180898666e-03 9.895824193954467773e-01 2.102404250763356686e-04 9.999988675117492676e-01 -1.501296763308346272e-03 -8.922357112169265747e-03 -2.012069569900631905e-03 1.501717837527394295e-03 9.999969005584716797e-01 1.316643878817558289e-02 5.943427276611328125e+01
3.897602000000000000e+07 9.999999849763427928e-01 -1.718111897725685215e-04 2.298324443152205388e-05 9.791659038473714549e-01 1.718116828333513164e-04 9.999999850102615495e-01 -2.145280023523421810e-05 4.489479997091133938e-04 -2.297955825590497513e-05 2.145674870280733481e-05 9.999999995057738955e-01 1.241728807084584163e-02 9.999995231628417969e-01 -1.664992305450141430e-04 9.908055653795599937e-04 9.880553483963012695e-01 1.670377241680398583e-04 9.999997615814208984e-01 -6.345721776597201824e-04 -7.425363175570964813e-03 -9.907017229124903679e-04 6.347481976263225079e-04 9.999992847442626953e-01 1.528337877243757248e-02 5.900457763671875000e+01
3.907990000000000000e+07 9.999999631125136013e-01 -2.699824671954348366e-04 2.973954097845047311e-05 9.827704632788217820e-01 2.699829947441384514e-04 9.999999633973016833e-01 -1.773638021103308895e-05 4.742665506703306125e-04 -2.973475137830324872e-05 1.774440872696957192e-05 9.999999994004902248e-01 1.247342107784572655e-02 9.999998807907104492e-01 -2.693839451239909977e-05 4.105240805074572563e-04 9.891777038574218750e-01 2.725236117839813232e-05 9.999998807907104492e-01 -4.718936688732355833e-04 -5.109227728098630905e-03 -4.105063853785395622e-04 4.718973941635340452e-04 9.999998211860656738e-01 1.527288742363452911e-02 5.878972625732421875e+01
3.918393000000000000e+07 9.999999338531558868e-01 -3.620949346353705416e-04 3.436490296697435661e-05 9.958678943720143950e-01 3.620955039965514650e-04 9.999999343062511148e-01 -1.656332622930918529e-05 4.677383393260556841e-04 -3.435890321308555321e-05 1.657576851014468179e-05 9.999999992723548337e-01 1.262889641010665406e-02 9.999999403953552246e-01 -1.995663478737697005e-04 1.805072533898055553e-04 9.885409474372863770e-01 1.993102050619199872e-04 9.999987483024597168e-01 1.568928593769669533e-03 -2.271680161356925964e-03 -1.808148226700723171e-04 -1.568886800669133663e-03 9.999988079071044922e-01 1.457065809518098831e-02 5.923404693603515625e+01
3.928778000000000000e+07 9.999999684535751943e-01 -2.478588826908662522e-04 4.072866280167203366e-05 9.947713441060163087e-01 2.478593855210647380e-04 9.999999692067089718e-01 -1.234127234005451921e-05 4.117650414385315601e-04 -4.072560265357766331e-05 1.235136693190700587e-05 9.999999990944344885e-01 1.259895807678459295e-02 9.999994039535522461e-01 1.208012872666586190e-05 1.069680321961641312e-03 9.912022352218627930e-01 -1.223647905135294423e-05 1.000000000000000000e+00 1.081056325347162783e-04 -5.241877399384975433e-03 -1.069690100848674774e-03 -1.081186564988456666e-04 9.999993443489074707e-01 1.665736176073551178e-02 5.896556854248046875e+01
3.939175000000000000e+07 9.999999933446570566e-01 -1.060436710342118672e-04 4.544695504683390582e-05 1.001682197204712521e+00 1.060441633361106583e-04 9.999999943186713702e-01 -1.083017792105506724e-05 3.244866444693775189e-04 -4.544580631681397235e-05 1.083499723328445488e-05 9.999999989086407748e-01 1.264229610186178888e-02 9.999989271163940430e-01 -1.592649641679599881e-04 1.472805743105709553e-03 9.983586668968200684e-01 1.586001744726672769e-04 9.999999403953552246e-01 4.403711354825645685e-04 -7.122753653675317764e-03 -1.472874428145587444e-03 -4.401403421070426702e-04 9.999988675117492676e-01 1.933053880929946899e-02 5.920080184936523438e+01
3.949583000000000000e+07 9.999999517401586546e-01 -3.087576335240185084e-04 3.447327216721193810e-05 9.890227788469206915e-01 3.087582442965328871e-04 9.999999521772917621e-01 -1.771336148553668901e-05 4.780797158209761305e-04 -3.446780138316510300e-05 1.772400453742452517e-05 9.999999992489151390e-01 1.255084522084233718e-02 9.999993443489074707e-01 -1.512296585133299232e-04 1.094786915928125381e-03 9.915575981140136719e-01 1.514924369985237718e-04 9.999999403953552246e-01 -2.411482419120147824e-04 -6.153130438178777695e-03 -1.094747916795313358e-03 2.413122128928080201e-04 9.999992847442626953e-01 1.825590804219245911e-02 5.923814392089843750e+01
3.959958000000000000e+07 9.999998513827089708e-01 -5.440591554350238503e-04 3.513092833957730693e-05 9.919741341533997447e-01 5.440598268062511256e-04 9.999998518169569417e-01 -1.910381742402042583e-05 5.781425684572966649e-04 -3.512052952653017742e-05 1.912292791250713381e-05 9.999999992004310334e-01 1.261799296910062242e-02 9.999998211860656738e-01 -6.484080222435295582e-04 -5.582911035162396729e-05 9.938380122184753418e-01 6.484680343419313431e-04 9.999997615814208984e-01 -1.307637867284938693e-04 -5.167732480913400650e-03 5.590448199654929340e-05 1.307382481172680855e-04 1.000000119209289551e+00 1.720482297241687775e-02 5.913948822021484375e+01
3.970363000000000000e+07 9.999997383882197610e-01 -7.227827484537719879e-04 2.843583556217808335e-05 9.884662672143578188e-01 7.227834694117961714e-04 9.999997384706413861e-01 -2.535175270110950478e-05 6.787619225923969581e-04 -2.841750431609234799e-05 2.537229902043403111e-05 9.999999992743459076e-01 1.261934588548766986e-02 9.999992251396179199e-01 -6.888124626129865646e-04 -1.093103201128542423e-03 9.990735650062561035e-01 6.877657724544405937e-04 9.999993443489074707e-01 -9.201826178468763828e-04 -5.706526339054107666e-03 1.093746395781636238e-03 9.194223093800246716e-04 9.999989271163940430e-01 1.415029913187026978e-02 5.910515213012695312e+01
3.980787000000000000e+07 9.999994344398337454e-01 -1.063339235981327745e-03 2.072998541523176841e-05 9.861655419398712707e-01 1.063339800584775941e-03 9.999994342829787719e-01 -2.724410716954086932e-05 8.517921405563469222e-04 -2.070100396111455862e-05 2.726613477893537709e-05 9.999999994140131854e-01 1.265412775903868373e-02 9.999992847442626953e-01 -1.063278759829699993e-03 -5.145413451828062534e-04 9.897188544273376465e-01 1.062932424247264862e-03 9.999992847442626953e-01 -5.771549767814576626e-04 -9.731067344546318054e-03 5.151595105417072773e-04 5.766103276982903481e-04 9.999996423721313477e-01 1.822453178465366364e-02 5.967871856689453125e+01
3.991128000000000000e+07 9.999993107656524050e-01 -1.173961106200676783e-03 1.683816055809047780e-05 9.808772466198548701e-01 1.173961683599950576e-03 9.999993103177253762e-01 -3.432231895791320323e-05 9.195705105978341752e-04 -1.679785587706588695e-05 3.434206265736064776e-05 9.999999992692273354e-01 1.262011880788766610e-02 9.999995827674865723e-01 -8.728702086955308914e-04 2.367849083384498954e-04 9.971101880073547363e-01 8.729302790015935898e-04 9.999994635581970215e-01 -4.844821523874998093e-04 -1.005864609032869339e-02 -2.363683015573769808e-04 4.846862866543233395e-04 9.999998807907104492e-01 1.925053633749485016e-02 5.903843307495117188e+01
4.001528000000000000e+07 9.999995613465818556e-01 -9.364719743479062034e-04 1.807950451860494749e-05 9.819022576729699026e-01 9.364724479633228368e-04 9.999995611662060302e-01 -2.620559188555318067e-05 8.007494231022787038e-04 -1.805495578187090523e-05 2.622251134855534376e-05 9.999999994931991765e-01 1.259251506894937603e-02 9.999993443489074707e-01 -1.028337399475276470e-03 -1.704844617052003741e-04 9.904353618621826172e-01 1.028474885970354080e-03 9.999992251396179199e-01 5.884700804017484188e-04 -5.501241888850927353e-03 1.698845444479957223e-04 -5.886428989470005035e-04 9.999997615814208984e-01 1.786556094884872437e-02 5.912476730346679688e+01
4.011914000000000000e+07 9.999996458396819277e-01 -8.414621229842404824e-04 1.618787920042560058e-05 9.793404971407028148e-01 8.414625819146649612e-04 9.999996455680508767e-01 -2.836436139462003849e-05 7.896469021297268997e-04 -1.616400592855418323e-05 2.837797284292605559e-05 9.999999994667078118e-01 1.253905232324971017e-02 9.999996423721313477e-01 -7.099891663528978825e-04 -6.582704954780638218e-04 9.912290573120117188e-01 7.104437099769711494e-04 9.999995827674865723e-01 7.038208423182368279e-04 -6.452089175581932068e-03 6.577695603482425213e-04 -7.042922079563140869e-04 9.999995827674865723e-01 1.855354383587837219e-02 5.905843353271484375e+01
4.022303000000000000e+07 9.999998691387055327e-01 -5.109183575531713864e-04 2.617260633534236367e-05 9.793882502644414290e-01 5.109189924278981785e-04 9.999998691867002520e-01 -2.425628223631808342e-05 6.100871450486665881e-04 -2.616020993181088452e-05 2.426965114368779777e-05 9.999999993633137407e-01 1.249600631337164161e-02 9.999992847442626953e-01 -5.928770988248288631e-04 -9.944771882146596909e-04 9.866297841072082520e-01 5.936915404163300991e-04 9.999995231628417969e-01 7.319136057049036026e-04 -3.959651570767164230e-03 9.940407471731305122e-04 -7.325022597797214985e-04 9.999992251396179199e-01 1.629034616053104401e-02 5.983465576171875000e+01
4.032693000000000000e+07 9.999999848655382051e-01 -1.717943498178390455e-04 2.748863285614306840e-05 9.829448094331117991e-01 1.717949369677337218e-04 9.999999850151506386e-01 -2.135879913703796413e-05 4.255240777621123829e-04 -2.748496312324759749e-05 2.136352122169661377e-05 9.999999993940883458e-01 1.246782261532463146e-02 1.000000000000000000e+00 1.434657460777089000e-04 -2.022744447458535433e-04 9.939039349555969238e-01 -1.433569850632920861e-04 9.999995827674865723e-01 8.418625802733004093e-04 -1.009326986968517303e-02 2.023988345172256231e-04 -8.418391807936131954e-04 9.999995231628417969e-01 1.965021714568138123e-02 5.901734542846679688e+01
4.043077000000000000e+07 9.999999901236810151e-01 1.371124309577812048e-04 3.086776963613851261e-05 9.825346235441740905e-01 -1.371119213666002659e-04 9.999999904638645631e-01 -1.651035458300214684e-05 2.739668698245714728e-04 -3.087003311662079501e-05 1.650612208075869406e-05 9.999999993872944470e-01 1.240290770051195868e-02 9.999997019767761230e-01 2.517048851586878300e-04 6.658153142780065536e-04 9.952458143234252930e-01 -2.539028937462717295e-04 9.999946355819702148e-01 3.259433899074792862e-03 -4.971901886165142059e-03 -6.649919087067246437e-04 -3.259598743170499802e-03 9.999945759773254395e-01 1.873067952692508698e-02 5.921356964111328125e+01
4.053499000000000000e+07 9.999994959039182341e-01 1.002243152931304006e-03 6.083243771455212055e-05 9.925161321961845085e-01 -1.002243116782752406e-03 9.999994977540530572e-01 -6.247130705682332234e-07 -2.349415781330932776e-04 -6.083303327609623919e-05 5.637438645072804933e-07 9.999999981495121260e-01 1.233911729465993722e-02 9.999994039535522461e-01 1.111837103962898254e-03 2.026892761932685971e-04 9.906087517738342285e-01 -1.112038968130946159e-03 9.999983906745910645e-01 1.431432901881635189e-03 -6.721707060933113098e-03 -2.011039468925446272e-04 -1.431650016456842422e-03 9.999989271163940430e-01 1.952360942959785461e-02 5.901359939575195312e+01
4.063867000000000000e+07 9.999994320836328443e-01 1.064799649867582011e-03 4.510176586666977982e-05 9.746685612946976995e-01 -1.064798849791270385e-03 9.999994329438671725e-01 -1.775965653155002884e-05 -2.595629384314427084e-04 -4.512065076663190877e-05 1.771162213932326749e-05 9.999999988252127325e-01 1.217165064387243888e-02 9.999980330467224121e-01 1.347913173958659172e-03 -1.448081457056105137e-03 9.870900511741638184e-01 -1.346525386907160282e-03 9.999986886978149414e-01 1.004579011350870132e-03 -7.096537854522466660e-03 1.449434552341699600e-03 -1.002636388875544071e-03 9.999983906745910645e-01 1.913348212838172913e-02 5.884985733032226562e+01
4.074254000000000000e+07 9.999984100337546700e-01 1.782314084122567106e-03 5.732828731036856816e-05 9.709759588253236151e-01 -1.782312947843218282e-03 9.999984114817281888e-01 -1.986555611753780998e-05 -7.055653935867323362e-04 -5.736360290307978882e-05 1.976334758528995068e-05 9.999999981594136500e-01 1.202422481095768124e-02 9.999965429306030273e-01 1.899338443763554096e-03 -1.809433568269014359e-03 9.861245155334472656e-01 -1.895952154882252216e-03 9.999964237213134766e-01 1.850746804848313332e-03 -7.239738013595342636e-03 1.812942442484200001e-03 -1.847303006798028946e-03 9.999967217445373535e-01 1.844196766614913940e-02 5.970585632324218750e+01
4.084641000000000000e+07 9.999988953426934835e-01 1.484905309599449498e-03 6.610232717205475955e-05 9.887047160488402486e-01 -1.484905065964857397e-03 9.999988975208428110e-01 -3.734643975958433618e-06 -5.138425773333744982e-04 -6.610779988852540654e-05 3.636484165675843231e-06 9.999999978082673158e-01 1.221758185043239110e-02 9.999981522560119629e-01 1.894177985377609730e-03 -3.209408896509557962e-04 9.898422360420227051e-01 -1.894443295896053314e-03 9.999978542327880859e-01 -8.564109448343515396e-04 -1.092796307057142258e-02 3.193212323822081089e-04 8.570138597860932350e-04 9.999995231628417969e-01 1.826444454491138458e-02 5.909664154052734375e+01
4.095040000000000000e+07 9.999990886446679106e-01 1.348676247655428108e-03 6.149938231570631678e-05 9.818364340721146277e-01 -1.348675429201490238e-03 9.999990904477777942e-01 -1.334785741629445092e-05 -4.360390192940397720e-04 -6.151732831743985893e-05 1.326490254406155532e-05 9.999999980198303051e-01 1.218256987952504207e-02 9.999966025352478027e-01 1.291267690248787403e-03 2.259190659970045090e-03 9.936216473579406738e-01 -1.288297935388982296e-03 9.999982714653015137e-01 -1.301426673308014870e-03 -1.057036500424146652e-02 -2.260867040604352951e-03 1.298515708185732365e-03 9.999966621398925781e-01 1.745924353599548340e-02 5.895084762573242188e+01
4.105460000000000000e+07 9.999992166237010593e-01 1.250201917705655221e-03 6.121363611532348631e-05 9.871174677860812263e-01 -1.250201540474643169e-03 9.999992184785062577e-01 -6.200409127479325498e-06 -3.675558334718842155e-04 -6.122134003912961422e-05 6.123874886102049357e-06 9.999999981072228428e-01 1.225117681158148682e-02 9.999858140945434570e-01 1.466694637201726437e-03 5.127834156155586243e-03 9.909808635711669922e-01 -1.452102442272007465e-03 9.999948143959045410e-01 -2.861858578398823738e-03 -1.252503413707017899e-02 -5.132013000547885895e-03 2.854367019608616829e-03 9.999827742576599121e-01 1.525105908513069153e-02 5.872166442871093750e+01
4.115823000000000000e+07 9.999995371872907324e-01 9.612166678693681880e-04 4.108181336945178954e-05 9.787538322826169201e-01 -9.612159018510432447e-04 9.999995378577527516e-01 -1.866184478159759393e-05 -1.979014365469793394e-04 -4.109973246019159391e-05 1.862234765209752827e-05 9.999999989820100854e-01 1.221398732831928402e-02 9.999767541885375977e-01 1.056657405570149422e-03 6.741556338965892792e-03 9.962186217308044434e-01 -1.037607085891067982e-03 9.999955296516418457e-01 -2.825906965881586075e-03 -1.191381644457578659e-02 -6.744504440575838089e-03 2.818842884153127670e-03 9.999732971191406250e-01 1.802551001310348511e-02 5.904079818725585938e+01
4.126246000000000000e+07 9.999999005417953279e-01 4.437636703440523615e-04 4.461181740832941532e-05 9.877413352224585497e-01 -4.437632855771505365e-04 9.999999014997976721e-01 -8.634304354069926787e-06 7.349788830590626770e-05 -4.461564460445700288e-05 8.614506409633732389e-06 9.999999989676172651e-01 1.238803769551463131e-02 9.999960660934448242e-01 6.733243353664875031e-04 2.704808022826910019e-03 9.864208698272705078e-01 -6.721946992911398411e-04 9.999997019767761230e-01 -4.126416752114892006e-04 -8.550841361284255981e-03 -2.705085324123501778e-03 4.108316497877240181e-04 9.999961853027343750e-01 2.271886914968490601e-02 5.876278305053710938e+01
4.136593000000000000e+07 9.999999783058841629e-01 2.065824852704899921e-04 2.668161184904261989e-05 9.715394600877299558e-01 -2.065819238398326025e-04 9.999999784405525505e-01 -2.104289930801691967e-05 2.589158006024144657e-04 -2.668595836819053131e-05 2.103738691286330563e-05 9.999999994226439481e-01 1.228604271482574076e-02 9.999879598617553711e-01 2.317522594239562750e-04 -4.916050471365451813e-03 9.818027615547180176e-01 -2.329206326976418495e-04 9.999999403953552246e-01 -2.228149969596415758e-04 -6.392178591340780258e-03 4.916002042591571808e-03 2.239511522930115461e-04 9.999879002571105957e-01 1.880553364753723145e-02 5.885203170776367188e+01
4.146982000000000000e+07 9.999999864377305814e-01 1.626175111228850289e-04 2.607841707429595072e-05 9.729047534108042905e-01 -1.626170084276917771e-04 9.999999865920480291e-01 -1.927725456422554285e-05 2.896512537677638373e-04 -2.608155154377475601e-05 1.927301350864222317e-05 9.999999994741518572e-01 1.230183209983474503e-02 9.999879002571105957e-01 -2.546285577409435064e-05 -4.908631090074777603e-03 9.810616970062255859e-01 2.651639806572347879e-05 1.000000000000000000e+00 2.011700125876814127e-04 -6.227260455489158630e-03 4.908628761768341064e-03 -2.013032644754275680e-04 9.999879598617553711e-01 1.448466069996356964e-02 5.860105514526367188e+01
4.157358000000000000e+07 9.999999792714366897e-01 2.009670363717362457e-04 3.270132893371149711e-05 9.806083420275645279e-01 -2.009665247074678368e-04 9.999999796837804045e-01 -1.564912336413751777e-05 2.406580176756549245e-04 -3.270447322725564428e-05 1.564255116739307109e-05 9.999999993428639877e-01 1.236032732774620946e-02 9.999998807907104492e-01 1.974139886442571878e-04 -3.966526419389992952e-04 9.839398264884948730e-01 -1.976007770281285048e-04 9.999999403953552246e-01 -3.811588394455611706e-04 -4.729188047349452972e-03 3.965735086239874363e-04 3.812432114500552416e-04 9.999998211860656738e-01 1.282302848994731903e-02 5.867119979858398438e+01
4.167741000000000000e+07 9.999999581264629178e-01 -2.888097659724216180e-04 1.833011619855357896e-05 9.777289640879495147e-01 2.888102318120737357e-04 9.999999579713299003e-01 -2.541633895729724995e-05 5.090149641264456876e-04 -1.832277494141192544e-05 2.542163181802201339e-05 9.999999995090083083e-01 1.242983960041822364e-02 9.999946355819702148e-01 -1.265464961761608720e-04 3.261312143877148628e-03 9.876682758331298828e-01 1.240191049873828888e-04 9.999997019767761230e-01 7.835211581550538540e-04 -4.086752422153949738e-03 -3.261409001424908638e-03 -7.831138791516423225e-04 9.999943375587463379e-01 1.726653613150119781e-02 5.934291076660156250e+01
4.178121000000000000e+07 9.999999835527136893e-01 -1.798530820381545093e-04 2.339747016756100169e-05 9.766517217736913059e-01 1.798536150160528156e-04 9.999999835668929027e-01 -2.277918680900017391e-05 4.479929030353218427e-04 -2.339337287614817211e-05 2.278339455390108158e-05 9.999999994668334891e-01 1.240983676305149920e-02 9.999979734420776367e-01 -2.035859652096405625e-04 2.041243016719818115e-03 9.813608527183532715e-01 2.053379575954750180e-04 9.999995827674865723e-01 -8.721115882508456707e-04 -5.598056595772504807e-03 -2.041066996753215790e-03 8.725273073650896549e-04 9.999976158142089844e-01 1.822835206985473633e-02 5.922883224487304688e+01
4.188506000000000000e+07 9.999996759617039155e-01 -8.049894157257949214e-04 8.279829626265528325e-06 9.736731765371527958e-01 8.049896856948938638e-04 9.999996754626175877e-01 -3.265414803257723369e-05 7.912374841329130942e-04 -8.253540696737961439e-06 3.266080262854454872e-05 9.999999994325755592e-01 1.247267711529989609e-02 9.999979734420776367e-01 -7.137714419513940811e-04 -1.815502881072461605e-03 9.760688543319702148e-01 7.116612978279590607e-04 9.999990463256835938e-01 -1.163416309282183647e-03 -7.046761456876993179e-03 1.816327800042927265e-03 1.162121654488146305e-03 9.999976158142089844e-01 1.878402568399906158e-02 5.872326278686523438e+01
4.198880000000000000e+07 9.999997222292571486e-01 -7.453448338394008449e-04 1.580638764746278551e-06 9.601359640282204344e-01 7.453448913992910757e-04 9.999997215558013020e-01 -3.673314451873080626e-05 7.969968786589860755e-04 -1.553259465676825745e-06 3.673431243634303709e-05 9.999999993240888951e-01 1.234116053829479621e-02 9.999979138374328613e-01 -9.066011407412588596e-04 -1.855926122516393661e-03 9.746020436286926270e-01 9.057573624886572361e-04 9.999995231628417969e-01 -4.641166306100785732e-04 -4.638067446649074554e-03 1.856347429566085339e-03 4.624394059646874666e-04 9.999982118606567383e-01 1.566652953624725342e-02 5.917001724243164062e+01
4.209274000000000000e+07 9.999997263570590267e-01 -7.397476669691661118e-04 7.694540103031285243e-06 9.663339957708468875e-01 7.397479108358364589e-04 9.999997258827977298e-01 -3.173905631544726214e-05 7.856821729359173261e-04 -7.671059101383790520e-06 3.174473965014308076e-05 9.999999994667131409e-01 1.239178872799263399e-02 9.999991655349731445e-01 -7.898149196989834309e-04 9.876920375972986221e-04 9.741706252098083496e-01 7.891316199675202370e-04 9.999994635581970215e-01 6.244766409508883953e-04 -3.397006774321198463e-03 -9.881806327030062675e-04 -6.236986373551189899e-04 9.999992251396179199e-01 1.480012666434049606e-02 5.921929550170898438e+01
4.219645000000000000e+07 9.999997621352797461e-01 -6.896875477042910176e-04 7.776284533110402374e-06 9.638840788119880099e-01 6.896878324988092810e-04 9.999997614925902889e-01 -3.668046150534263686e-05 7.563456091444284305e-04 -7.750984620866145078e-06 3.668581598917913794e-05 9.999999992970365348e-01 1.236377295631508992e-02 9.999913573265075684e-01 -6.271183374337852001e-04 4.110649228096008301e-03 9.744534492492675781e-01 6.294283084571361542e-04 9.999997019767761230e-01 -5.375266773626208305e-04 -3.584098769351840019e-03 -4.110315814614295959e-03 5.401084781624376774e-04 9.999914169311523438e-01 1.594968885183334351e-02 5.954374313354492188e+01
4.230017000000000000e+07 9.999998493630897212e-01 -5.488736725173007066e-04 3.387676360557500981e-06 9.609556955922359256e-01 5.488737870138325368e-04 9.999998487944964376e-01 -3.389007192224892070e-05 7.148251667260142753e-04 -3.369074479273240468e-06 3.389192622398724212e-05 9.999999994199932907e-01 1.231273883419680554e-02 9.999923706054687500e-01 -7.797539583407342434e-04 3.838935401290655136e-03 9.708870053291320801e-01 7.814204436726868153e-04 9.999995231628417969e-01 -4.265058087185025215e-04 -4.982544574886560440e-03 -3.838598262518644333e-03 4.295031249057501554e-04 9.999926090240478516e-01 1.713187433779239655e-02 5.932259368896484375e+01
4.240408000000000000e+07 9.999997745298326857e-01 -6.714867072948574496e-04 -6.773700210124711798e-06 9.550363811084693344e-01 6.714864552178428057e-04 9.999997738629576860e-01 -3.714796209494876145e-05 7.911698723961496649e-04 6.798643041242913137e-06 3.714340527122079793e-05 9.999999992870729493e-01 1.227347213636954641e-02 9.999997019767761230e-01 -7.603905978612601757e-04 1.433428988093510270e-04 9.691286087036132812e-01 7.604992133565247059e-04 9.999988079071044922e-01 -1.370983314700424671e-03 -6.596722174435853958e-03 -1.423068024450913072e-04 1.371089601889252663e-03 9.999990463256835938e-01 1.873663999140262604e-02 5.870143890380859375e+01
4.250779000000000000e+07 9.999995536163258647e-01 -9.448248107232338046e-04 8.556448566993337697e-06 9.693012135807301810e-01 9.448250918633898819e-04 9.999995531110372760e-01 -3.291288825985608295e-05 8.523924963113909585e-04 -8.525347829325299718e-06 3.292095791550411706e-05 9.999999994217644295e-01 1.246583993842448682e-02 9.999987483024597168e-01 -8.730053668841719627e-04 -1.355215790681540966e-03 9.596988558769226074e-01 8.716396987438201904e-04 9.999990463256835938e-01 -1.038778689689934254e-03 -4.063828848302364349e-03 1.356115099042654037e-03 1.037601847201585770e-03 9.999985694885253906e-01 1.804755069315433502e-02 5.885475158691406250e+01
4.261155000000000000e+07 9.999999150428557915e-01 -4.116786229804288112e-04 -2.085664876208544020e-05 9.322319008433799237e-01 4.116776464126874245e-04 9.999999141653790335e-01 -4.680552820726664569e-05 7.529052875588811145e-04 2.087591580643415208e-05 4.679693801509780978e-05 9.999999986871214164e-01 1.200839046860163392e-02 9.999978542327880859e-01 -6.082733743824064732e-04 -1.995838712900876999e-03 9.518036246299743652e-01 6.072429823689162731e-04 9.999996423721313477e-01 -5.405578995123505592e-04 1.436877995729446411e-03 1.996177481487393379e-03 5.393400788307189941e-04 9.999978542327880859e-01 1.813760958611965179e-02 5.931913757324218750e+01
4.271529000000000000e+07 9.999999602720071046e-01 -2.818742967686858978e-04 -1.693122762988978011e-06 9.479431329845604548e-01 2.818742333435210381e-04 9.999999595761481785e-01 -3.734461568939351830e-05 6.106410340497138781e-04 1.703649181619212086e-06 3.734413695809579102e-05 9.999999993012564925e-01 1.214227692728497149e-02 9.999992847442626953e-01 7.899953197920694947e-05 -1.200558268465101719e-03 9.519277811050415039e-01 -7.662693678867071867e-05 9.999979734420776367e-01 2.026357222348451614e-03 2.568841446191072464e-03 1.200713566504418850e-03 -2.026258967816829681e-03 9.999972581863403320e-01 1.668895781040191650e-02 6.171302413940429688e+01
4.281919000000000000e+07 9.999993872621889546e-01 1.106798381032441910e-03 2.173771342545206502e-05 9.464887923913105627e-01 -1.106797457551003455e-03 9.999993865985118413e-01 -4.244909531337957761e-05 -2.410858748437123790e-04 -2.178468268386188477e-05 4.242501005603782469e-05 9.999999988627730207e-01 1.189843214091463978e-02 9.999992251396179199e-01 1.164736808277666569e-03 -3.942190087400376797e-04 9.495993256568908691e-01 -1.163789536803960800e-03 9.999961256980895996e-01 2.502821851521730423e-03 3.913333639502525330e-03 3.971349215134978294e-04 -2.502371324226260185e-03 9.999967217445373535e-01 1.808498427271842957e-02 5.917190551757812500e+01
4.292292000000000000e+07 9.999996694794083263e-01 8.130437730878775160e-04 9.634348826758783660e-07 9.255707689262445692e-01 -8.130437154538694899e-04 9.999996677756008978e-01 -5.838352209520447834e-05 -4.868999822535576266e-06 -1.010902919463347172e-06 5.838271948360925103e-05 9.999999982952181288e-01 1.174704319645922604e-02 9.999995827674865723e-01 7.284944877028465271e-04 -5.508823669515550137e-04 9.488815665245056152e-01 -7.276846445165574551e-04 9.999988079071044922e-01 1.363057293929159641e-03 1.251639216206967831e-03 5.518686957657337189e-04 -1.362647395581007004e-03 9.999989867210388184e-01 1.716932095587253571e-02 5.914028930664062500e+01
4.302685000000000000e+07 9.999997697674717356e-01 6.784829506617257727e-04 1.121995910734031511e-05 9.436525908791932871e-01 -6.784824814254266506e-04 9.999997689582574845e-01 -4.177262561928762310e-05 5.984639724294286804e-05 -1.124829852945210766e-05 4.176500345614589610e-05 9.999999990645801473e-01 1.193323044672780879e-02 9.999996423721313477e-01 8.513816865161061287e-04 1.903295196825638413e-04 9.459461569786071777e-01 -8.517441456206142902e-04 9.999982118606567383e-01 1.680714543908834457e-03 2.150989836081862450e-03 -1.888948900159448385e-04 -1.680882647633552551e-03 9.999985694885253906e-01 1.667329668998718262e-02 6.072345733642578125e+01
4.313055000000000000e+07 9.999996093023395538e-01 8.839453961504409232e-04 5.972597538045313260e-06 9.293580702270625160e-01 -8.839450484011671019e-04 9.999996076397557054e-01 -5.797803847776358420e-05 -8.572486691859200177e-05 -6.023844616989870538e-06 5.797273637763583620e-05 9.999999983014374871e-01 1.177051378691083838e-02 9.999995827674865723e-01 8.309232653118669987e-04 2.127546904375776649e-04 9.437963366508483887e-01 -8.311618585139513016e-04 9.999985098838806152e-01 1.554773887619376183e-03 1.333027379587292671e-03 -2.114633389282971621e-04 -1.554942224174737930e-03 9.999987483024597168e-01 1.709780097007751465e-02 5.959952163696289062e+01
4.323443000000000000e+07 9.999998659325609607e-01 5.177330051218282389e-04 9.347808835818252106e-06 9.440292527635858466e-01 -5.177326139024343360e-04 9.999998651026051899e-01 -4.180547897378427677e-05 1.568059239700111658e-04 -9.369451652202618106e-06 4.180063370327726440e-05 9.999999990824601781e-01 1.196850968896435996e-02 9.999996423721313477e-01 7.226025918498635292e-04 5.407420685514807701e-04 9.412236809730529785e-01 -7.222710992209613323e-04 9.999994635581970215e-01 -7.214472279883921146e-04 -1.061660586856305599e-03 -5.412629689089953899e-04 7.210558978840708733e-04 9.999995827674865723e-01 1.680020056664943695e-02 5.925500869750976562e+01
4.333833000000000000e+07 9.999998281652000554e-01 5.861647877470426392e-04 -8.967793172624511608e-06 9.192075932908508884e-01 -5.861653263121075798e-04 9.999998263948091104e-01 -6.017118342487749055e-05 1.635446413717047743e-04 8.932521387768359891e-06 6.017642969464275643e-05 9.999999981495036883e-01 1.172425118634934545e-02 9.999988675117492676e-01 5.208220100030303001e-04 -1.413799240253865719e-03 9.371033310890197754e-01 -5.197929567657411098e-04 9.999995231628417969e-01 7.265015738084912300e-04 -2.025136025622487068e-03 1.414181315340101719e-03 -7.257681572809815407e-04 9.999987483024597168e-01 1.712061837315559387e-02 5.903324890136718750e+01
4.344205000000000000e+07 9.999996426058722632e-01 8.454485933465146624e-04 2.201573034453505286e-06 9.255611252599708072e-01 -8.454484651465535988e-04 9.999996409498062011e-01 -5.759509332282783189e-05 -2.273540598517388321e-05 -2.250265931674714737e-06 5.759321142225030796e-05 9.999999983389792346e-01 1.174711184347652752e-02 9.999989271163940430e-01 8.203394245356321335e-04 -1.218815450556576252e-03 9.360463023185729980e-01 -8.192893583327531815e-04 9.999994039535522461e-01 8.515425724908709526e-04 -8.888643351383507252e-04 1.219501486048102379e-03 -8.505447185598313808e-04 9.999988675117492676e-01 1.571392454206943512e-02 5.894361495971679688e+01
4.354591000000000000e+07 9.999998743820490699e-01 5.011900724624789331e-04 -6.663207787144798145e-06 9.249556822117921406e-01 -5.011904355356895354e-04 9.999998729135021192e-01 -5.459970620111600793e-05 2.079764244006994953e-04 6.635842109741774097e-06 5.460303887841253244e-05 9.999999984872368630e-01 1.179799448022396738e-02 9.999998807907104492e-01 4.824399948120117188e-04 9.418546142114792019e-06 9.344058036804199219e-01 -4.824080679100006819e-04 9.999992847442626953e-01 -1.076339278370141983e-03 -4.905394744127988815e-03 -9.928121471602935344e-06 1.076338347047567368e-03 9.999994039535522461e-01 1.553848199546337128e-02 5.918470382690429688e+01
4.364977000000000000e+07 9.999997044048005712e-01 7.688883173817431891e-04 -1.041287378825588872e-06 9.247113719660539077e-01 -7.688883759309741908e-04 9.999997027552918194e-01 -5.744572028323627686e-05 2.265554758117967844e-05 9.971177273982424774e-07 5.744650393629567245e-05 9.999999983494525235e-01 1.174521929001853988e-02 9.999989271163940430e-01 7.549318834207952023e-04 1.267323386855423450e-03 9.319961071014404297e-01 -7.512636948376893997e-04 9.999954700469970703e-01 -2.898629289120435715e-03 -7.885963656008243561e-03 -1.269507571123540401e-03 2.897678175941109657e-03 9.999949336051940918e-01 1.647125184535980225e-02 5.970454406738281250e+01
4.375365000000000000e+07 9.999999677441184787e-01 2.531921997858313901e-04 -2.013636033876355948e-05 9.116208653274016083e-01 -2.531933789880843775e-04 9.999999662307557102e-01 -5.857987177258098600e-05 4.191396087385407081e-04 2.012152769242856441e-05 5.858496827606370571e-05 9.999999980814628930e-01 1.170947065139346481e-02 9.999995827674865723e-01 2.392239257460460067e-04 8.765388629399240017e-04 9.283119440078735352e-01 -2.383663231739774346e-04 9.999994635581970215e-01 -1.000091899186372757e-03 -5.824312102049589157e-03 -8.767762919887900352e-04 9.998740861192345619e-04 9.999991655349731445e-01 1.832469552755355835e-02 5.898678588867187500e+01
4.385750000000000000e+07 9.999999036548798959e-01 4.386914615138781713e-04 -1.549292136032533849e-05 9.149022887431662587e-01 -4.386924602471875502e-04 9.999999016930809503e-01 -6.451938946308711619e-05 2.726245975586849991e-04 1.546461573171029782e-05 6.452617987481733708e-05 9.999999977986088195e-01 1.171856879136888747e-02 9.999961256980895996e-01 4.108894499950110912e-04 -2.747244900092482567e-03 9.236202836036682129e-01 -4.110197478439658880e-04 9.999999403953552246e-01 -3.894486508215777576e-05 -1.017275173217058182e-02 2.747236983850598335e-03 4.006849121651612222e-05 9.999961853027343750e-01 2.043635211884975433e-02 5.894540786743164062e+01
4.396128000000000000e+07 9.999999380732981225e-01 3.494019006453345680e-04 -4.209175362938418635e-05 8.972856165381983828e-01 -3.494042352698852158e-04 9.999999374198491608e-01 -5.547055171485957116e-05 4.004314420597126492e-04 4.207236947969198576e-05 5.548525531627270966e-05 9.999999975756511672e-01 1.148295171335549612e-02 9.999923110008239746e-01 3.585270897019654512e-04 -3.905642777681350708e-03 9.176260232925415039e-01 -3.644920943770557642e-04 9.999986886978149414e-01 -1.522122765891253948e-03 -1.650038734078407288e-02 3.905082354322075844e-03 1.523538609035313129e-03 9.999912977218627930e-01 1.599078439176082611e-02 5.870115280151367188e+01
4.406519000000000000e+07 9.999996137780167160e-01 8.783469493831111983e-04 -3.082887575181837058e-05 8.931828963228284346e-01 -8.783487669927486511e-04 9.999996125114783974e-01 -5.899408493723530295e-05 3.905410975794156849e-05 3.077704652914348057e-05 5.902114065862948151e-05 9.999999977846391053e-01 1.137468924560400794e-02 9.999974370002746582e-01 9.566765511408448219e-04 -2.055683871731162071e-03 9.096807241439819336e-01 -9.589759865775704384e-04 9.999989271163940430e-01 -1.117137144319713116e-03 -1.077780220657587051e-02 2.054618438705801964e-03 1.119109103456139565e-03 9.999971985816955566e-01 1.167628820985555649e-02 5.907558441162109375e+01
4.416905000000000000e+07 9.999999031357031942e-01 4.379992584953464442e-04 -4.341925463842371500e-05 8.870188046830426165e-01 -4.380013582041107243e-04 9.999999029079954527e-01 -4.836122342402311111e-05 3.539033091829499973e-04 4.339806824253728592e-05 4.838023643225235795e-05 9.999999978879802187e-01 1.117590131216513426e-02 9.999991059303283691e-01 9.002760634757578373e-04 9.922073222696781158e-04 8.998615741729736328e-01 -9.036223636940121651e-04 9.999939203262329102e-01 3.369949525222182274e-03 -1.358077861368656158e-02 -9.891703957691788673e-04 -3.370843129232525826e-03 9.999938607215881348e-01 2.485563233494758606e-02 5.865625762939453125e+01
4.427279000000000000e+07 9.999998642905761903e-01 5.191233186806742126e-04 -4.392943696545181760e-05 8.880958100723572723e-01 -5.191254411107286198e-04 9.999998640871095024e-01 -4.831692435773698980e-05 3.075511938131428183e-04 4.390434855148027908e-05 4.833972269017494173e-05 9.999999978678395518e-01 1.122606874552919791e-02 9.999990463256835938e-01 2.384470135439187288e-04 1.376007683575153351e-03 8.891882896423339844e-01 -2.395554911345243454e-04 9.999996423721313477e-01 7.881441270001232624e-04 -1.119185239076614380e-02 -1.375811058096587658e-03 -7.884806836955249310e-04 9.999988079071044922e-01 2.395575307309627533e-02 5.820092773437500000e+01
4.437666000000000000e+07 9.999999798230417847e-01 -1.898785988789924181e-04 -6.557464478619586391e-05 8.767920560357806981e-01 1.898775814577064716e-04 9.999999818527959272e-01 -1.552134496426033558e-05 9.090268560933988150e-04 6.557759076740403014e-05 1.550889349625622152e-05 9.999999977295269682e-01 1.089364455668802474e-02 9.999998807907104492e-01 -2.234925341326743364e-04 9.478334504819940776e-06 8.811853528022766113e-01 2.235831052530556917e-04 9.999999403953552246e-01 6.342713459162041545e-05 -1.664221845567226410e-02 -9.500231499259825796e-06 -6.341269181575626135e-05 1.000000000000000000e+00 2.556697465479373932e-02 5.819513702392578125e+01
4.448054000000000000e+07 9.999998562879772734e-01 -5.276391840504395967e-04 -9.497843273183846483e-05 8.556687129340593279e-01 5.276411352939236596e-04 9.999998605868608559e-01 2.052018332856417915e-05 1.346356715992709724e-03 9.496759223729677487e-05 -2.057029491000984906e-05 9.999999952790095126e-01 1.035246336838154327e-02 9.999997019767761230e-01 -2.044986322289332747e-04 -7.523671374656260014e-04 8.642142415046691895e-01 2.043828862952068448e-04 1.000000000000000000e+00 -1.180447288788855076e-04 -1.305607240647077560e-02 7.523961830884218216e-04 1.178862294182181358e-04 9.999997019767761230e-01 2.265327982604503632e-02 5.839904022216796875e+01
4.458431000000000000e+07 9.999999961337096011e-01 4.162560221989496457e-06 -8.783651762020397316e-05 8.536637679713716675e-01 -4.161042520176761937e-06 9.999999998420628922e-01 1.727888681470608379e-05 9.941419339824968462e-04 8.783658953073811401e-05 -1.727852125641697977e-05 9.999999959930930826e-01 1.035549661786136673e-02 1.000000119209289551e+00 3.967886732425540686e-05 -1.807844382710754871e-04 8.539495468139648438e-01 -3.982726047979667783e-05 9.999998211860656738e-01 -4.828232049476355314e-04 -1.446350757032632828e-02 1.807640219340100884e-04 4.828328383155167103e-04 9.999998807907104492e-01 2.167690545320510864e-02 5.915039825439453125e+01
4.468822000000000000e+07 9.999999907011480893e-01 2.425620974586793099e-05 -1.341988827915880451e-04 8.223266697424030935e-01 -2.424751377352065530e-05 9.999999976064838370e-01 6.480038903716297464e-05 1.317554205014973175e-03 1.342004542822000017e-04 -6.479713444535343332e-05 9.999999888957846750e-01 9.925716413156530915e-03 9.999999403953552246e-01 -1.126128772739320993e-04 -9.361821867059916258e-05 8.398929834365844727e-01 1.127418581745587289e-04 9.999999403953552246e-01 4.705400206148624420e-04 -1.129426341503858566e-02 9.356243390357121825e-05 -4.705561150331050158e-04 9.999998807907104492e-01 2.068766951560974121e-02 5.809734344482421875e+01
4.479218000000000000e+07 9.999999718386175518e-01 -1.875875370335100198e-04 -1.453742787839710138e-04 8.175423027035915169e-01 1.875989344678552842e-04 9.999999793307490226e-01 7.839095655112274783e-05 1.515830161855403124e-03 1.453595706129581311e-04 -7.841822640289805037e-05 9.999999863605886219e-01 9.859027138933565415e-03 9.999999403953552246e-01 1.108063515857793391e-04 3.119546454399824142e-04 8.267101049423217773e-01 -1.111574747483246028e-04 9.999995231628417969e-01 1.001028344035148621e-03 -1.031621824949979782e-02 -3.118476597592234612e-04 -1.001057913526892662e-03 9.999994039535522461e-01 2.159821055829524994e-02 5.780531311035156250e+01
4.489587000000000000e+07 9.999999880558687604e-01 -1.297862865655249450e-05 -1.540123950243027669e-04 8.066463104961664188e-01 1.299353869356648531e-05 9.999999952294934547e-01 9.681002528218180100e-05 1.492299832214250737e-03 1.540111378282277125e-04 -9.681202529186755260e-05 9.999999834540005406e-01 9.724892315555882377e-03 1.000000000000000000e+00 -2.378303033765405416e-04 -2.073301948257721961e-05 8.182089924812316895e-01 2.377908967901021242e-04 9.999998807907104492e-01 1.388273813063278794e-04 -1.009282097220420837e-02 2.070000664389226586e-05 -1.388365344610065222e-04 1.000000000000000000e+00 1.941316388547420502e-02 5.807235336303710938e+01
4.499971000000000000e+07 9.999998777953633677e-01 -4.623666089201766216e-04 -1.750039394372018766e-04 7.934432937763589155e-01 4.623900251289409435e-04 9.999998841482329315e-01 1.337870950976405759e-04 1.957096548710879867e-03 1.749420604775783826e-04 -1.338679988237078766e-04 9.999999757373170262e-01 9.539196101564532612e-03 9.999997615814208984e-01 -3.369158657733350992e-04 6.759413518011569977e-04 8.067482709884643555e-01 3.372413921169936657e-04 9.999998211860656738e-01 -3.690155281219631433e-04 -1.126609276980161667e-02 -6.758081144653260708e-04 3.692403261084109545e-04 9.999997019767761230e-01 1.802876405417919159e-02 5.798854446411132812e+01
4.510355000000000000e+07 9.999999842316209531e-01 4.662578675904684937e-05 -1.713557532018618714e-04 7.828144597013261263e-01 -4.660339373387953961e-05 9.999999903750176333e-01 1.306831612515406936e-04 1.471019845149029162e-03 1.713618447577012647e-04 -1.306751734313411385e-04 9.999999767795586525e-01 9.408319813827687589e-03 9.999977946281433105e-01 -2.174778492189943790e-04 2.084323903545737267e-03 7.984153628349304199e-01 2.178634022129699588e-04 1.000000000000000000e+00 -1.924700627569109201e-04 -1.177599187940359116e-02 -2.084285020828247070e-03 1.929252903209999204e-04 9.999977350234985352e-01 1.803466863930225372e-02 5.759910583496093750e+01
4.520733000000000000e+07 9.999999852073291340e-01 1.737439211363558443e-05 -1.711241432680173059e-04 7.851757927124758396e-01 -1.735247301032181113e-05 9.999999916459790805e-01 1.280895535287080984e-04 1.518097138521899616e-03 1.711263673165457110e-04 -1.280865822068781871e-04 9.999999771547969374e-01 9.445019094643951341e-03 9.999974966049194336e-01 -1.999271044041961432e-04 2.205474535003304482e-03 7.885468602180480957e-01 2.010317111853510141e-04 9.999998211860656738e-01 -4.666607419494539499e-04 -1.066670194268226624e-02 -2.205386757850646973e-03 4.671118804253637791e-04 9.999974370002746582e-01 1.880673132836818695e-02 5.725878524780273438e+01
4.531122000000000000e+07 9.999999464088199508e-01 2.770619896088260875e-04 -1.744104769924774499e-04 7.694828229531281982e-01 -2.770379804227035775e-04 9.999999521487128451e-01 1.376681969631662601e-04 1.119304895517217241e-03 1.744486112700656324e-04 -1.376198712605783707e-04 9.999999753142270187e-01 9.262779020653959944e-03 9.999983310699462891e-01 -3.907474456354975700e-05 1.825748709961771965e-03 7.736983895301818848e-01 4.098965655430220068e-05 9.999993443489074707e-01 -1.108681084588170052e-03 -2.024433575570583344e-03 -1.825699699111282825e-03 1.108749420382082462e-03 9.999977350234985352e-01 2.138384617865085602e-02 5.772972869873046875e+01
4.541524000000000000e+07 9.999998542853378858e-01 -4.930622591140329134e-04 -2.198156442201071054e-04 7.491918090787653695e-01 4.930982185093105543e-04 9.999998650503592046e-01 1.635647137709738525e-04 1.784403559005662016e-03 2.197349669703907698e-04 -1.636730806376008479e-04 9.999999624638334916e-01 9.287107829534516773e-03 9.999992847442626953e-01 -3.706508723553270102e-04 1.197492703795433044e-03 7.577199935913085938e-01 3.723325207829475403e-04 9.999989271163940430e-01 -1.385810086503624916e-03 5.826602689921855927e-03 -1.196981524117290974e-03 1.386253396049141884e-03 9.999983906745910645e-01 2.225347608327865601e-02 5.823721694946289062e+01
4.551894000000000000e+07 9.999998638686531383e-01 -4.745276094256858381e-04 -2.169936109744985745e-04 7.517951843001111634e-01 4.745623298146803824e-04 9.999998745980080983e-01 1.599830209423942111e-04 1.796265985003503906e-03 2.169176674037198379e-04 -1.600859761557387568e-04 9.999999636596027530e-01 9.291098494768130350e-03 9.999996423721313477e-01 -3.108900273218750954e-04 7.254155352711677551e-04 7.429409623146057129e-01 3.122813941445201635e-04 9.999980926513671875e-01 -1.989195588976144791e-03 9.047192521393299103e-03 -7.247949833981692791e-04 1.989417476579546928e-03 9.999977350234985352e-01 2.294819056987762451e-02 5.822502517700195312e+01
4.562298000000000000e+07 9.999997798045220376e-01 -6.111046157110601625e-04 -2.587316274378662030e-04 7.192481042480191045e-01 6.111477351033000986e-04 9.999997993696598808e-01 1.666105792040486339e-04 1.613899877456804067e-03 2.586297590342533309e-04 -1.667686657656030475e-04 9.999999526494287583e-01 9.370691201718961416e-03 9.999999403953552246e-01 -5.318465991877019405e-04 1.101090947486227378e-05 7.268495559692382812e-01 5.318997427821159363e-04 9.999991059303283691e-01 -1.175466459244489670e-03 4.528725985437631607e-03 -1.037854872265597805e-05 1.175480778329074383e-03 9.999992847442626953e-01 2.070686593651771545e-02 5.954118347167968750e+01
4.572654000000000000e+07 9.999991352238747355e-01 -1.283030753477729536e-03 -2.887622378038541071e-04 6.957770414197413933e-01 1.283085184002621948e-03 9.999991591005237268e-01 1.883897460753200829e-04 2.025980618902529194e-03 2.885202851518030038e-04 -1.887600897004858107e-04 9.999999405628364757e-01 9.422584657345640935e-03 9.999994039535522461e-01 -9.533588890917599201e-04 3.996284212917089462e-04 7.184205055236816406e-01 9.532357216812670231e-04 9.999994039535522461e-01 4.855745646636933088e-04 1.647858135402202606e-02 -4.000953922513872385e-04 -4.852007259614765644e-04 9.999998211860656738e-01 2.247090078890323639e-02 5.819593429565429688e+01
4.583109000000000000e+07 9.999990859890269812e-01 -1.318629567431121386e-03 -2.987260668101086327e-04 6.889423731443734544e-01 1.318685036824692380e-03 9.999991133172233537e-01 1.855656936148728973e-04 1.982845552073617297e-03 2.984811095364047037e-04 -1.859594495811469142e-04 9.999999381640563012e-01 9.440991513316851838e-03 9.999993443489074707e-01 -1.154758851043879986e-03 -4.032990909763611853e-05 6.934376358985900879e-01 1.154657336883246899e-03 9.999979138374328613e-01 -1.670031808316707611e-03 8.197417482733726501e-03 4.225945667712949216e-05 1.669982913881540298e-03 9.999985694885253906e-01 1.908304728567600250e-02 5.803535842895507812e+01
4.593431000000000000e+07 9.999954780567908985e-01 -2.990665220931572506e-03 -3.158917390885869914e-04 6.811020097607317636e-01 2.990738036575900892e-03 9.999955012166570345e-01 2.302879225077200068e-04 3.561765346996417867e-03 3.152016038858730359e-04 -2.312316305895599619e-04 9.999999235899387218e-01 9.383334068383855989e-03 9.999958276748657227e-01 -2.559872111305594444e-03 -1.329450984485447407e-03 6.853449344635009766e-01 2.557556377723813057e-03 9.999953508377075195e-01 -1.686793752014636993e-03 9.869664907455444336e-03 1.333763008005917072e-03 1.683395006693899632e-03 9.999976754188537598e-01 1.996728964149951935e-02 5.791484832763671875e+01
4.603818000000000000e+07 9.999897856942550067e-01 -4.503026630551251221e-03 -3.889195359950709668e-04 6.533589461667466125e-01 4.503144125589989520e-03 9.999898152648698524e-01 3.017608295718709793e-04 4.448042238419489154e-03 3.875567379065195800e-04 -3.035091080112463607e-04 9.999998788409912853e-01 9.195384143474680944e-03 9.999889135360717773e-01 -4.570886958390474319e-03 -1.114120823331177235e-03 6.716343760490417480e-01 4.567999858409166336e-03 9.999859333038330078e-01 -2.688440028578042984e-03 6.142505910247564316e-03 1.126392744481563568e-03 2.683322178199887276e-03 9.999958276748657227e-01 1.842843741178512573e-02 5.868399810791015625e+01
4.614205000000000000e+07 9.999786109517481147e-01 -6.525255078956904153e-03 -4.457406728662197440e-04 6.515611259686602263e-01 6.525394229284277661e-03 9.999786608897398565e-01 3.114400368477763083e-04 6.521935555268973568e-03 4.436989354545991106e-04 -3.143420090847389358e-04 9.999998521601656254e-01 8.964030161990942797e-03 9.999769926071166992e-01 -6.770487874746322632e-03 -6.162774516269564629e-04 6.606052517890930176e-01 6.768664345145225525e-03 9.999732375144958496e-01 -2.769273938611149788e-03 1.002398878335952759e-02 6.350087933242321014e-04 2.765033394098281860e-03 9.999960064888000488e-01 1.758686639368534088e-02 5.786787033081054688e+01
4.624592000000000000e+07 9.999503252104461337e-01 -9.959045624213423709e-03 -4.056136622844317579e-04 6.400662249360111744e-01 9.959171555515036051e-03 9.999503582795392642e-01 3.096436878628172325e-04 9.765718538788815267e-03 4.025097713304972538e-04 -3.136678823987971553e-04 9.999998697991641095e-01 8.561805304696678068e-03 9.999482035636901855e-01 -1.017195265740156174e-02 -1.907051191665232182e-04 6.474807262420654297e-01 1.017143018543720245e-02 9.999448060989379883e-01 -2.650076290592551231e-03 9.627595543861389160e-03 2.176536072511225939e-04 2.647998277097940445e-03 9.999964237213134766e-01 1.459326781332492828e-02 5.817388916015625000e+01
4.634968000000000000e+07 9.999331258720765003e-01 -1.155759067648907262e-02 -4.072893778632561703e-04 6.268698034625226345e-01 1.155771806157258538e-02 9.999331587316653280e-01 3.118097279362429903e-04 1.111978019144917174e-02 4.036583850066822869e-04 -3.164962116198379591e-04 9.999998684450226438e-01 8.387710560801179410e-03 9.999301433563232422e-01 -1.179777737706899643e-02 6.942375912331044674e-04 6.374394893646240234e-01 1.179937180131673813e-02 9.999278783798217773e-01 -2.235504100099205971e-03 1.192992739379405975e-02 -6.678171921521425247e-04 2.243541181087493896e-03 9.999972581863403320e-01 1.349724363535642624e-02 5.802217483520507812e+01
4.645343000000000000e+07 9.999125975268011723e-01 -1.321689862970780449e-02 -3.330217788083275838e-04 6.337657868208671497e-01 1.321699466244597235e-02 9.999126102855757647e-01 2.878361790776403847e-04 1.253988818967440542e-02 3.291883746540776251e-04 -2.922125684143046928e-04 9.999999031234129143e-01 8.094499980823200228e-03 9.999063014984130859e-01 -1.368019450455904007e-02 4.917797632515430450e-04 6.262013316154479980e-01 1.368079241365194321e-02 9.999051690101623535e-01 -1.590405707247555256e-03 1.799213327467441559e-02 -4.699699056800454855e-04 1.596981426700949669e-03 9.999986290931701660e-01 1.505949720740318298e-02 5.862403106689453125e+01
4.655722000000000000e+07 9.998723621082532542e-01 -1.597368582496715150e-02 -3.175981812364669053e-04 6.122524268206901432e-01 1.597376869113266429e-02 9.998723773913965607e-01 2.601131567877577118e-04 1.480398460420552509e-02 3.134026829353501499e-04 -2.651531960730036590e-04 9.999999157362720048e-01 7.641539859720311578e-03 9.998623132705688477e-01 -1.657268777489662170e-02 8.273908169940114021e-04 6.180890798568725586e-01 1.657455973327159882e-02 9.998601675033569336e-01 -2.226662356406450272e-03 1.491479296237230301e-02 -7.903792429715394974e-04 2.240074099972844124e-03 9.999971985816955566e-01 1.432045828551054001e-02 5.944774246215820312e+01
4.666097000000000000e+07 9.998179627983503348e-01 -1.907826864352961740e-02 -2.468593297139003227e-04 6.043892050041158592e-01 1.907833449527340450e-02 9.998179563097117084e-01 2.672110868594269862e-04 1.718441296491251061e-02 2.417164657468305622e-04 -2.718721092614203205e-04 9.999999338293524831e-01 7.150697849994423934e-03 9.997999072074890137e-01 -2.000006474554538727e-02 2.599054423626512289e-04 6.109964251518249512e-01 2.000089921057224274e-02 9.997926950454711914e-01 -3.810602938756346703e-03 7.231802213937044144e-03 -1.836454903241246939e-04 3.815044183284044266e-03 9.999926686286926270e-01 1.260640565305948257e-02 5.876867294311523438e+01
4.676455000000000000e+07 9.997451420197941419e-01 -2.257451788905015522e-02 -2.053394822023754077e-04 5.789256338171282490e-01 2.257458760203692738e-02 9.997451024302430600e-01 3.437669955155407318e-04 1.984559155374024733e-02 1.975267676982386713e-04 -3.483148377540174292e-04 9.999999198299739378e-01 6.502548528398859745e-03 9.997387528419494629e-01 -2.285046316683292389e-02 3.822131257038563490e-04 5.999745726585388184e-01 2.285161986947059631e-02 9.997328519821166992e-01 -3.453195560723543167e-03 1.393937785178422928e-02 -3.031946835108101368e-04 3.461029613390564919e-03 9.999939203262329102e-01 9.562309831380844116e-03 5.941254425048828125e+01
4.686831000000000000e+07 9.996842747204499613e-01 -2.512649498618878610e-02 -1.004991525680538271e-04 5.912085420408976777e-01 2.512653398622967035e-02 9.996841956521652639e-01 4.077092569552699642e-04 2.177827593869127026e-02 9.022310947037951822e-05 -4.101057283084585362e-04 9.999999118365334727e-01 6.081106947938739841e-03 9.996516704559326172e-01 -2.636162377893924713e-02 1.233327318914234638e-03 5.914833545684814453e-01 2.636256068944931030e-02 9.996522665023803711e-01 -6.582826608791947365e-04 2.031451649963855743e-02 -1.215546857565641403e-03 6.905626505613327026e-04 9.999989867210388184e-01 4.486469086259603500e-03 5.911967849731445312e+01
4.697193000000000000e+07 9.995761024330641620e-01 -2.911383634668138903e-02 1.442601358533162788e-06 5.740329227418314861e-01 2.911383073043826569e-02 9.995759380297123409e-01 5.735820843448893609e-04 2.513876363312112991e-02 -1.814116406494142305e-05 -5.732969446512656796e-04 9.999998355007468920e-01 5.356345581095399433e-03 9.995750784873962402e-01 -2.909403666853904724e-02 1.810887712053954601e-03 5.725790262222290039e-01 2.908962592482566833e-02 9.995738863945007324e-01 2.404615050181746483e-03 3.323058411478996277e-02 -1.880080788396298885e-03 -2.350920345634222031e-03 9.999954700469970703e-01 4.807795397937297821e-03 5.953980636596679688e+01
4.707556000000000000e+07 9.995382797899303728e-01 -3.038463207129174504e-02 3.627401024126793567e-05 5.522849578800241854e-01 3.038460356031678217e-02 9.995380866396555986e-01 6.238353318263459074e-04 2.622147476034343214e-02 -5.521226290220592495e-05 -6.224451229458613987e-04 9.999998047568072757e-01 5.142776816693271982e-03 9.995143413543701172e-01 -3.109994344413280487e-02 1.987584168091416359e-03 5.633704066276550293e-01 3.109238483011722565e-02 9.995095729827880859e-01 3.727426286786794662e-03 3.464435040950775146e-02 -2.102530561387538910e-03 -3.663807176053524017e-03 9.999911189079284668e-01 3.037808230146765709e-03 5.942681503295898438e+01
4.717917000000000000e+07 9.994340039361049310e-01 -3.364002490945622315e-02 1.432747813695568230e-04 5.482172198506807259e-01 3.363991370029778549e-02 9.994337597393107009e-01 7.184197382267664810e-04 2.889080770151850400e-02 -1.673613107279529021e-04 -7.131933643281685321e-04 9.999997316726788599e-01 4.668579758386097803e-03 9.994227886199951172e-01 -3.392699360847473145e-02 1.774259726516902447e-03 5.538266301155090332e-01 3.391941264271736145e-02 9.994161128997802734e-01 4.108067136257886887e-03 3.714922815561294556e-02 -1.912593259476125240e-03 -4.045517183840274811e-03 9.999899864196777344e-01 3.934857901185750961e-03 5.919478225708007812e+01
4.728292000000000000e+07 9.992968655873961659e-01 -3.749284327035920517e-02 2.471928792634431153e-04 5.317580593445768722e-01 3.749262684272777757e-02 9.992965606843955406e-01 8.286798950394192332e-04 3.202636570301546637e-02 -2.780885600794339059e-04 -8.188293111229232989e-04 9.999996260925790859e-01 4.193362146441370272e-03 9.993134140968322754e-01 -3.700768575072288513e-02 1.711153774522244930e-03 5.389200448989868164e-01 3.700210899114608765e-02 9.993101358413696289e-01 3.192464355379343033e-03 5.368736386299133301e-02 -1.828129286877810955e-03 -3.126956988126039505e-03 9.999934434890747070e-01 -2.992245601490139961e-03 5.947500610351562500e+01
4.738654000000000000e+07 9.991804792616172382e-01 -4.047603085226404024e-02 2.466909079484582638e-04 5.176344796672164295e-01 4.047579426272455289e-02 9.991801152758137405e-01 8.985453108812631665e-04 3.457677522330554476e-02 -2.828581960788488308e-04 -8.878239243691060396e-04 9.999995658798837006e-01 3.984144675871010427e-03 9.991597533226013184e-01 -4.090334102511405945e-02 2.603472210466861725e-03 5.347512364387512207e-01 4.090246930718421936e-02 9.991630315780639648e-01 3.792795469053089619e-04 3.743909299373626709e-02 -2.616806421428918839e-03 -2.724759397096931934e-04 9.999965429306030273e-01 1.299152849242091179e-03 5.933382415771484375e+01
4.749016000000000000e+07 9.990307196749191876e-01 -4.401820603875816751e-02 1.364944326868588065e-04 5.233956958895800149e-01 4.401805954770861284e-02 9.990302970649378445e-01 9.359101245174185953e-04 3.769824663246308660e-02 -1.775591594356509188e-04 -9.289947449954830995e-04 9.999995527206422263e-01 3.985953843926158535e-03 9.989877939224243164e-01 -4.496521502733230591e-02 1.235333504155278206e-03 5.214343667030334473e-01 4.495847597718238831e-02 9.989758729934692383e-01 5.092129576951265335e-03 4.182476550340652466e-02 -1.463036518543958664e-03 -5.031440407037734985e-03 9.999862313270568848e-01 3.132962621748447418e-03 5.941254425048828125e+01
4.759387000000000000e+07 9.989538057409532712e-01 -4.573066842451160158e-02 -1.374202742069386720e-06 4.894789837584890280e-01 4.573064760723963978e-02 9.989533214136792072e-01 9.846556733841265330e-04 3.953473223485338972e-02 -4.365619684083051760e-05 -9.836883754716829655e-04 9.999995152255501951e-01 4.451817983816806941e-03 9.989123940467834473e-01 -4.661874845623970032e-02 -7.812248077243566513e-04 5.029608011245727539e-01 4.662341624498367310e-02 9.988811016082763672e-01 7.917472161352634430e-03 6.767658889293670654e-02 4.112542665097862482e-04 -7.945286110043525696e-03 9.999683499336242676e-01 2.805056981742382050e-03 5.914588928222656250e+01
4.769741000000000000e+07 9.989869360171372836e-01 -4.500112836383743375e-02 2.853305431671848078e-06 5.009215779288057613e-01 4.500110493199555028e-02 9.989864766627725157e-01 9.591114739758868721e-04 3.875946950229681998e-02 -4.601151433078975398e-05 -9.580114307319470036e-04 9.999995400483899788e-01 4.223327370952908826e-03 9.989341497421264648e-01 -4.610505327582359314e-02 -2.220589900389313698e-03 4.990376830101013184e-01 4.612888768315315247e-02 9.988608360290527344e-01 1.221569720655679703e-02 5.575592443346977234e-02 1.654848689213395119e-03 -1.230510883033275604e-02 9.999229311943054199e-01 1.589203369803726673e-03 5.923440170288085938e+01
4.780116000000000000e+07 9.989739463468171321e-01 -4.528856805814638481e-02 1.212171720726029807e-05 4.992537236134870771e-01 4.528853513138666326e-02 9.989734790918926022e-01 9.678223653159769230e-04 3.904658326726296452e-02 -5.594056257067557374e-05 -9.662803528444223250e-04 9.999995315863622336e-01 4.281350306771160297e-03 9.989327192306518555e-01 -4.613068327307701111e-02 -2.331270137801766396e-03 4.919528365135192871e-01 4.614994302392005920e-02 9.988932609558105469e-01 9.078837931156158447e-03 5.398980900645256042e-02 1.909869723021984100e-03 -9.176742285490036011e-03 9.999560117721557617e-01 9.515490964986383915e-04 6.027360153198242188e+01
4.790491000000000000e+07 9.988375028187228555e-01 -4.820404555761505228e-02 1.139664925189941752e-04 4.916457256952684318e-01 4.820390944479231721e-02 9.988370246072876268e-01 9.906672181963700231e-04 4.190422442972716044e-02 -1.615881193222654458e-04 -9.840219399586116675e-04 9.999995027949343251e-01 4.806717127668959019e-03 9.988446235656738281e-01 -4.793611913919448853e-02 -3.397932508960366249e-03 4.849911332130432129e-01 4.795943200588226318e-02 9.988237619400024414e-01 7.135862018913030624e-03 6.602889299392700195e-02 3.051884006708860397e-03 -7.290571928024291992e-03 9.999688267707824707e-01 7.799262180924415588e-03 5.949456024169921875e+01
4.800860000000000000e+07 9.988185567256522290e-01 -4.859511929725653795e-02 7.159791584820690991e-05 4.726838792458945560e-01 4.859502750650555175e-02 9.988180953206846624e-01 9.673504508692811052e-04 4.242175496932400203e-02 -1.185218043936100290e-04 -9.627282785054624417e-04 9.999995295533121720e-01 5.030021359984990573e-03 9.987773299217224121e-01 -4.939213395118713379e-02 -2.069859765470027924e-03 4.844338893890380859e-01 4.939678683876991272e-02 9.987767934799194336e-01 2.220926340669393539e-03 3.800449520349502563e-02 1.957620726898312569e-03 -2.320462837815284729e-03 9.999954104423522949e-01 5.274056922644376755e-03 5.946752166748046875e+01
4.811229000000000000e+07 9.987610060678848711e-01 -4.976368689570861981e-02 1.681710280511195324e-04 4.746503259957908227e-01 4.976351700212347517e-02 9.987606262482019437e-01 8.965983373048988254e-04 4.348489201519192826e-02 -2.125806392061545605e-04 -8.871186758085878015e-04 9.999995839148864141e-01 5.121018050569661056e-03 9.987428784370422363e-01 -5.012394860386848450e-02 2.829585282597690821e-04 4.825597107410430908e-01 5.012354999780654907e-02 9.987421631813049316e-01 1.251784386113286018e-03 5.853827297687530518e-02 -3.453459066804498434e-04 -1.236025709658861160e-03 9.999991655349731445e-01 3.209485439583659172e-03 6.096265411376953125e+01
4.821606000000000000e+07 9.987646115359662957e-01 -4.969116634787891507e-02 1.968931509877380054e-04 4.869363059909826430e-01 4.969096706330393409e-02 9.987642235737925756e-01 9.129829567869784295e-04 4.321749750279010871e-02 -2.420170223848706198e-04 -9.020712572548440040e-04 9.999995638475152049e-01 5.017235479030793428e-03 9.987559318542480469e-01 -4.984053969383239746e-02 1.569850021041929722e-03 4.810168147087097168e-01 4.983979463577270508e-02 9.987571835517883301e-01 4.993400652892887592e-04 3.722304105758666992e-02 -1.592776039615273476e-03 -4.204720316920429468e-04 9.999986290931701660e-01 9.631855413317680359e-03 6.152867126464843750e+01
4.831978000000000000e+07 9.987107463989839395e-01 -5.076187229447605420e-02 2.780343304586219209e-04 4.893625953993878119e-01 5.076162267646369686e-02 9.987104434195922531e-01 8.413219528460555473e-04 4.413797871409029516e-02 -3.203828677303597575e-04 -8.261238014481518807e-04 9.999996074370574028e-01 5.112124081339349327e-03 9.987356066703796387e-01 -5.016458779573440552e-02 3.272263100370764732e-03 4.781493544578552246e-01 5.013852193951606750e-02 9.987132549285888672e-01 7.613965310156345367e-03 4.648131504654884338e-02 -3.650013590231537819e-03 -7.440280169248580933e-03 9.999656677246093750e-01 1.188797131180763245e-02 5.952012634277343750e+01
4.842363000000000000e+07 9.986885060856401930e-01 -5.119808275661344443e-02 1.557163436615798229e-04 4.450563650038310004e-01 5.119795300727937593e-02 9.986882458225541104e-01 7.465767590530593282e-04 4.514968510454133582e-02 -1.937353791521069827e-04 -7.376252705176867012e-04 9.999997091877518285e-01 5.436121135819852249e-03 9.987218976020812988e-01 -5.029915645718574524e-02 4.963609389960765839e-03 4.799546003341674805e-01 5.024094879627227783e-02 9.986740350723266602e-01 1.122235693037509918e-02 7.761837542057037354e-02 -5.521499086171388626e-03 -1.095864083617925644e-02 9.999247193336486816e-01 1.239893026649951935e-02 5.982598495483398438e+01
4.852742000000000000e+07 9.987260777986105564e-01 -5.045992123891041709e-02 1.336150432967359752e-04 4.538041433892754939e-01 5.045979703664140587e-02 9.987257645013177809e-01 8.100516572755220952e-04 4.436048903861938841e-02 -1.743199294198808020e-04 -8.022775264564353066e-04 9.999996629816068072e-01 5.324868836924587755e-03 9.987134933471679688e-01 -5.056367814540863037e-02 3.832921851426362991e-03 4.698882699012756348e-01 5.054665356874465942e-02 9.987120032310485840e-01 4.416082054376602173e-03 4.551460593938827515e-02 -4.051276482641696930e-03 -4.216658882796764374e-03 9.999828934669494629e-01 1.348183490335941315e-02 5.924057769775390625e+01
4.863119000000000000e+07 9.986122203595048097e-01 -5.266435237523736657e-02 3.150228624192033598e-04 4.552053214795607761e-01 5.266413174049082435e-02 9.986120556643229840e-01 6.718718115028268420e-04 4.634656055223177612e-02 -3.499693232894928829e-04 -6.543489953344261163e-04 9.999997246743849155e-01 5.533870917107795717e-03 9.986515045166015625e-01 -5.190365388989448547e-02 -1.106911338865756989e-03 4.621630311012268066e-01 5.189964920282363892e-02 9.986466169357299805e-01 -3.382438793778419495e-03 2.912758849561214447e-02 1.280971802771091461e-03 3.320434130728244781e-03 9.999936819076538086e-01 1.009846385568380356e-02 5.975651168823242188e+01
4.873491000000000000e+07 9.986440905394317058e-01 -5.205717314228438392e-02 1.764906400763826969e-04 4.339025170202531201e-01 5.205704475983847362e-02 9.986438899106689915e-01 6.672546734532080678e-04 4.605244458320236628e-02 -2.109866914830080893e-04 -6.571623553557922985e-04 9.999997618110983977e-01 5.588729249688799763e-03 9.986660480499267578e-01 -5.160968378186225891e-02 -1.591909793205559254e-03 4.651051163673400879e-01 5.159584060311317444e-02 9.986377954483032227e-01 -7.765121292322874069e-03 4.947876930236816406e-02 1.990488497540354729e-03 7.672624196857213974e-03 9.999685883522033691e-01 1.034957729279994965e-02 5.917481613159179688e+01
4.883878000000000000e+07 9.986453021068616431e-01 -5.203310534560658812e-02 3.414231234876588875e-04 4.751417633779805860e-01 5.203283799353920075e-02 9.986450927099136399e-01 7.500790050676810422e-04 4.546248140363259860e-02 -3.799894661024141081e-04 -7.312976608376330978e-04 9.999996604058160043e-01 5.399140100410631388e-03 9.986945390701293945e-01 -5.103088170289993286e-02 -2.252459991723299026e-03 4.540058076381683350e-01 5.102430656552314758e-02 9.986933469772338867e-01 -2.851547207683324814e-03 3.352510184049606323e-02 2.395039424300193787e-03 2.732894383370876312e-03 9.999933838844299316e-01 1.048799883574247360e-02 6.080393600463867188e+01
4.894253000000000000e+07 9.987522271510398397e-01 -4.993974514919596180e-02 -1.024887758877494198e-04 4.109523727683243588e-01 4.993980980115243079e-02 9.987519277873875279e-01 7.759037654728809241e-04 4.425628732226176421e-02 6.361242445223659614e-05 -7.800538839806345215e-04 9.999996937346382619e-01 5.611690612197873899e-03 9.987249374389648438e-01 -5.047190934419631958e-02 -1.012270455248653889e-03 4.592937231063842773e-01 5.047131702303886414e-02 9.987252354621887207e-01 -7.272404618561267853e-04 6.019007787108421326e-02 1.047681202180683613e-03 6.752160843461751938e-04 9.999992251396179199e-01 1.109837181866168976e-02 5.934041595458984375e+01
4.904641000000000000e+07 9.987614437417916546e-01 -4.975515884107018644e-02 5.211222086692478446e-05 4.462791529911537824e-01 4.975509720814807330e-02 9.987610911031666872e-01 8.445427202735388298e-04 4.375915935982374605e-02 -9.406801488448415620e-05 -8.409038580636936074e-04 9.999996420158985266e-01 5.329087947564446759e-03 9.987497329711914062e-01 -4.994739592075347900e-02 -2.076878678053617477e-03 4.434989988803863525e-01 4.995058104395866394e-02 9.987504482269287109e-01 1.541970996186137199e-03 4.669569805264472961e-02 1.997270155698060989e-03 -1.643779687583446503e-03 9.999966621398925781e-01 6.052862387150526047e-03 5.876937484741210938e+01
4.915028000000000000e+07 9.988259971982959007e-01 -4.844186127857025986e-02 -1.164489763158940770e-04 4.308201332637286995e-01 4.844194721954638710e-02 9.988255874751329477e-01 9.075892561215131993e-04 4.265513759319358722e-02 7.234690741075248260e-05 -9.121647586375618722e-04 9.999995813606306072e-01 5.342865487663418789e-03 9.987296462059020996e-01 -5.034510418772697449e-02 -2.108800690621137619e-03 4.394825696945190430e-01 5.034261569380760193e-02 9.987313151359558105e-01 -1.212973264046013355e-03 3.930899873375892639e-02 2.167196478694677353e-03 1.105274888686835766e-03 9.999970197677612305e-01 5.748686380684375763e-03 5.899187088012695312e+01
4.925403000000000000e+07 9.987852194321240606e-01 -4.927550797132976973e-02 -9.866566842407740469e-05 4.221209002352421247e-01 4.927557359400399489e-02 9.987848680043592831e-01 8.398031392726371201e-04 4.351848587995016393e-02 5.716404993401637768e-05 -8.436447701804874761e-04 9.999996424978192522e-01 5.486818277898924436e-03 9.986870884895324707e-01 -5.122436955571174622e-02 -8.829645230434834957e-05 4.531438946723937988e-01 5.122341215610504150e-02 9.986758828163146973e-01 -4.759395495057106018e-03 4.807464778423309326e-02 3.319682145956903696e-04 4.748621024191379547e-03 9.999887347221374512e-01 4.072003066539764404e-03 5.867286300659179688e+01
4.935791000000000000e+07 9.989406333800682214e-01 -4.601743897575317349e-02 -7.914109496366477335e-05 4.488733286391586308e-01 4.601749424693345886e-02 9.989401604605190332e-01 9.726321529542413620e-04 4.007764425470747294e-02 3.429917674323203387e-05 -9.752436538358950262e-04 9.999995238615712045e-01 4.938679646667408496e-03 9.988798499107360840e-01 -4.731027036905288696e-02 -9.004697203636169434e-04 4.485619664192199707e-01 4.730729386210441589e-02 9.988757967948913574e-01 -3.033534623682498932e-03 3.295394033193588257e-02 1.042981282807886600e-03 2.987536834552884102e-03 9.999949336051940918e-01 8.769035339355468750e-03 5.873936080932617188e+01
4.946178000000000000e+07 9.990219379520481890e-01 -4.421700604742194451e-02 -1.542957233891199126e-04 4.387312419661542617e-01 4.421713437101937316e-02 9.990214812701985192e-01 9.617323535044268760e-04 3.843894163337126246e-02 1.116198155434218334e-04 -9.676142345022565846e-04 9.999995256317280035e-01 4.799612261126647191e-03 9.989975690841674805e-01 -4.470844939351081848e-02 2.256498904898762703e-03 4.684607982635498047e-01 4.469786584377288818e-02 9.989901185035705566e-01 4.549278877675533295e-03 5.475511401891708374e-02 -2.457611029967665672e-03 -4.443861544132232666e-03 9.999870657920837402e-01 1.100702211260795593e-02 5.896912002563476562e+01
4.956578000000000000e+07 9.991031789814802666e-01 -4.234191357821513735e-02 -9.217179049549007949e-06 4.581661449110523976e-01 4.234190277052109208e-02 9.991027140263057937e-01 9.644046625443851092e-04 3.658073554635857261e-02 -3.162583069714450419e-05 -9.639300370668487175e-04 9.999995349192322136e-01 4.571993935401623237e-03 9.990961551666259766e-01 -4.222025722265243530e-02 4.946812521666288376e-03 4.664337933063507080e-01 4.220766946673393250e-02 9.991054534912109375e-01 2.628759713843464851e-03 3.537813946604728699e-02 -5.053373519331216812e-03 -2.417589770630002022e-03 9.999843239784240723e-01 1.489291526377201080e-02 5.848227310180664062e+01
4.966978000000000000e+07 9.992741966620881655e-01 -3.809267267941557344e-02 1.678507404798655622e-04 4.549918492884604260e-01 3.809251786531525630e-02 9.992738593034553585e-01 8.451010903508747972e-04 3.265586586564724059e-02 -1.999210164333083128e-04 -8.380938558300910814e-04 9.999996288150692081e-01 4.283066071435749113e-03 9.992629289627075195e-01 -3.813807293772697449e-02 4.347841721028089523e-03 4.707559049129486084e-01 3.814891353249549866e-02 9.992690086364746094e-01 -2.455058041960000992e-03 2.463886328041553497e-02 -4.251036327332258224e-03 2.619125181809067726e-03 9.999875426292419434e-01 1.377921085804700851e-02 5.833168029785156250e+01
4.977378000000000000e+07 9.994347705508362933e-01 -3.361736514331407216e-02 1.106263950327954367e-04 4.755370790036151929e-01 3.361727803909867612e-02 9.994345256308304615e-01 7.125010367176769005e-04 2.897868773647513385e-02 -1.345162448187548930e-04 -7.083793520999728506e-04 9.999997400520175272e-01 4.447189402714064183e-03 9.994212985038757324e-01 -3.386954963207244873e-02 3.180808853358030319e-03 4.766673445701599121e-01 3.388276696205139160e-02 9.994171261787414551e-01 -4.180798772722482681e-03 1.981890760362148285e-02 -3.037357470020651817e-03 4.286150448024272919e-03 9.999862909317016602e-01 1.326970104128122330e-02 5.822566223144531250e+01
4.987803000000000000e+07 9.995517476388010580e-01 -2.993828115963067735e-02 -5.619690237599947984e-05 4.556114616046922916e-01 2.993830872804112073e-02 9.995515804585985986e-01 5.794116888520455541e-04 2.615557330939377936e-02 3.882511340429112718e-05 -5.808344063364198227e-04 9.999998305619955952e-01 4.588894202721716629e-03 9.995444416999816895e-01 -3.015483170747756958e-02 1.184889697469770908e-03 4.740171432495117188e-01 3.015495836734771729e-02 9.995452761650085449e-01 -1.167729424196295440e-04 2.029560692608356476e-02 -1.180826453492045403e-03 1.524490653537213802e-04 9.999992251396179199e-01 1.283942721784114838e-02 5.821225738525390625e+01
4.998218000000000000e+07 9.996684758804772475e-01 -2.574677950827932923e-02 -2.041460801145638477e-04 4.717765239016923906e-01 2.574686907453855797e-02 9.996683935988365244e-01 4.489679794239783209e-04 2.255164818455402884e-02 1.925189043927740245e-04 -4.540752581077256954e-04 9.999998783760583043e-01 5.204216292795421812e-03 9.996574521064758301e-01 -2.613205276429653168e-02 1.450293348170816898e-03 4.835911989212036133e-01 2.612989023327827454e-02 9.996572732925415039e-01 1.559738884679973125e-03 2.345185354351997375e-02 -1.490560825914144516e-03 -1.521313912235200405e-03 9.999977946281433105e-01 1.120361965149641037e-02 5.804953765869140625e+01
5.008641000000000000e+07 9.997666428486957635e-01 -2.159913215468466791e-02 -3.705907023583166491e-04 4.801359346338465728e-01 2.159924701146893194e-02 9.997666613692637316e-01 3.087771839738783289e-04 1.837163664536730495e-02 3.638349100319648779e-04 -3.167096087258812042e-04 9.999998836595842544e-01 5.715979852269791571e-03 9.997667670249938965e-01 -2.159289084374904633e-02 -4.788561782333999872e-04 4.860194027423858643e-01 2.159368619322776794e-02 9.997649788856506348e-01 1.902338932268321514e-03 1.882719993591308594e-02 4.376690485514700413e-04 -1.912232604809105396e-03 9.999980926513671875e-01 9.450780227780342102e-03 5.795423889160156250e+01
5.019069000000000000e+07 9.998448120920745419e-01 -1.760947908184994429e-02 -5.079167305734565152e-04 4.966671884499123668e-01 1.760958520035302635e-02 9.998449181721756895e-01 2.052187165841781302e-04 1.451077135257235369e-02 5.042241672260658423e-04 -2.141310720518318947e-04 9.999998499529254570e-01 6.394105159803882554e-03 9.998483061790466309e-01 -1.741707511246204376e-02 -3.085135249421000481e-04 4.941933155059814453e-01 1.741734147071838379e-02 9.998478889465332031e-01 9.816008387133479118e-04 1.483990903943777084e-02 2.913724456448107958e-04 -9.868289344012737274e-04 9.999994635581970215e-01 9.352875873446464539e-03 5.745228958129882812e+01
5.029505000000000000e+07 9.999074244184882332e-01 -1.359229918807501603e-02 -6.261016562566029892e-04 4.944515076754624761e-01 1.359240041241994990e-02 9.999076066259159346e-01 1.577034007033021679e-04 1.043220265594695106e-02 6.239002568984769242e-04 -1.661990252759089825e-04 9.999997915631636536e-01 6.819203204907834867e-03 9.999028444290161133e-01 -1.393254101276397705e-02 -3.095314023084938526e-04 5.009052753448486328e-01 1.393293030560016632e-02 9.999019503593444824e-01 1.432263990864157677e-03 1.352372393012046814e-02 2.895422803703695536e-04 -1.436439692042768002e-03 9.999988675117492676e-01 1.085686124861240387e-02 5.698563385009765625e+01
5.039930000000000000e+07 9.999358173478893885e-01 -1.130959895380788914e-02 -6.739082419497847238e-04 5.018092952432974263e-01 1.130968627589594259e-02 9.999360355243110954e-01 1.259058543286840177e-04 8.281648410887531425e-03 6.724411909983862368e-04 -1.335194643891188682e-04 9.999997649976637426e-01 7.091978705786572065e-03 9.999394416809082031e-01 -1.097153406590223312e-02 -9.040538570843636990e-04 5.094118118286132812e-01 1.097361836582422256e-02 9.999372363090515137e-01 2.249266020953655243e-03 1.231762673705816269e-02 8.793197921477258205e-04 -2.259049564599990845e-03 9.999970793724060059e-01 1.068706531077623367e-02 5.718368148803710938e+01
5.050368000000000000e+07 9.999516027992818579e-01 -9.816561225981550870e-03 -6.535944153971168409e-04 5.380242215153623331e-01 9.816686218203713593e-03 9.999517974450294888e-01 1.883054982477614834e-04 7.679198717404099594e-03 6.517143980394909768e-04 -1.947125160246782440e-04 9.999997686776649353e-01 7.722407732440649507e-03 9.999591708183288574e-01 -8.816654793918132782e-03 -1.944137737154960632e-03 5.173401236534118652e-01 8.821531198918819427e-03 9.999579191207885742e-01 2.540807239711284637e-03 1.021570060402154922e-02 1.921659568324685097e-03 -2.557855099439620972e-03 9.999948740005493164e-01 8.415220305323600769e-03 5.695510482788085938e+01
5.060803000000000000e+07 9.999735953603617888e-01 -7.236910338939759116e-03 -6.600831467973997590e-04 5.451974680778893800e-01 7.237041246993472163e-03 9.999737930360356186e-01 1.961480671252710734e-04 5.333373581875078262e-03 6.586463420184606810e-04 -2.009199369615626495e-04 9.999997629080547012e-01 7.928069915564836881e-03 9.999710321426391602e-01 -7.407160941511392593e-03 -1.750538707710802555e-03 5.263633728027343750e-01 7.405856624245643616e-03 9.999722838401794434e-01 -7.818003068678081036e-04 4.708622116595506668e-03 1.756280194967985153e-03 7.688215118832886219e-04 9.999981522560119629e-01 5.833507515490055084e-03 5.631084823608398438e+01
5.071239000000000000e+07 9.999817411540670165e-01 -6.010782287658019037e-03 -6.227784984351209148e-04 5.200102245456538208e-01 6.010847772037679164e-03 9.999819293518208418e-01 1.033304222204292617e-04 3.567096758980097156e-03 6.221461477226635992e-04 -1.070719624514541649e-04 9.999998007348536166e-01 7.557387960067909333e-03 9.999832510948181152e-01 -5.777937825769186020e-03 -4.289167700335383415e-04 5.386598706245422363e-01 5.777281709015369415e-03 9.999821782112121582e-01 -1.487064757384359837e-03 4.900854080915451050e-03 4.374976269900798798e-04 1.484556356444954872e-03 9.999988079071044922e-01 2.892084186896681786e-03 5.909296035766601562e+01
5.081673000000000000e+07 9.999911630277369401e-01 -4.178500832468854190e-03 -4.625987173818951986e-04 5.754295112771403709e-01 4.178601414801188726e-03 9.999912461326488922e-01 2.166763282111156582e-04 2.743286542367442786e-03 4.616892856540952034e-04 -2.186074290655214234e-04 9.999998695268917936e-01 8.525135634848888394e-03 9.999900460243225098e-01 -4.402118735015392303e-03 -6.419030833058059216e-04 5.487250089645385742e-01 4.399606026709079742e-03 9.999827146530151367e-01 -3.906846046447753906e-03 3.732391167432069778e-03 6.590969278477132320e-04 3.903989680111408234e-03 9.999921917915344238e-01 1.813678536564111710e-03 5.690691375732421875e+01
5.092092000000000000e+07 9.999945536703691573e-01 -3.273264778276576553e-03 -4.223353604864248101e-04 5.619904503092878478e-01 3.273332090987405435e-03 9.999946300269788590e-01 1.587894698567047049e-04 1.605923077385152525e-03 4.218133325716751092e-04 -1.601710489425263776e-04 9.999998982093672995e-01 8.334825757012023079e-03 9.999934434890747070e-01 -3.557855961844325066e-03 -6.574173457920551300e-04 5.607578158378601074e-01 3.559574950486421585e-03 9.999901652336120605e-01 2.670070854946970940e-03 1.275368686765432358e-02 6.478996365331113338e-04 -2.672396833077073097e-03 9.999963045120239258e-01 3.599416697397828102e-03 5.654678344726562500e+01
5.102528000000000000e+07 9.999963664128086460e-01 -2.665230082627196954e-03 -4.046109799554627683e-04 5.779935222509797743e-01 2.665297475074578266e-03 9.999964342916290994e-01 1.661133670590041092e-04 1.424640822368803501e-03 4.041668069035042111e-04 -1.671911720564959417e-04 9.999999043481508920e-01 8.546377068961373905e-03 9.999952912330627441e-01 -2.594987163320183754e-03 -1.647463883273303509e-03 5.713168382644653320e-01 2.601900137960910797e-03 9.999878406524658203e-01 4.175601992756128311e-03 1.510071754455566406e-02 1.636619330383837223e-03 -4.179867450147867203e-03 9.999899268150329590e-01 4.893306642770767212e-03 5.632908630371093750e+01
5.112953000000000000e+07 9.999971435552665877e-01 -2.356681091729083324e-03 -3.986672399911935405e-04 5.873075975569637119e-01 2.356749331637610165e-03 9.999972082783112892e-01 1.707870011429712866e-04 1.352570443475939119e-03 3.982636365289419600e-04 -1.717260720460001087e-04 9.999999059481120556e-01 8.662896320215879645e-03 9.999988079071044922e-01 -1.516594085842370987e-03 8.286428783321753144e-05 5.926315188407897949e-01 1.516269403509795666e-03 9.999926090240478516e-01 3.536454401910305023e-03 1.251306012272834778e-02 -8.823335519991815090e-05 -3.536333795636892319e-03 9.999937415122985840e-01 -3.599798947107046843e-04 5.692179107666015625e+01
5.123380000000000000e+07 9.999994177208898494e-01 -1.015739369122280363e-03 -3.644603476556647174e-04 6.120674587281396128e-01 1.015796919368842574e-03 9.999994716348157286e-01 1.577550135623543746e-04 7.007156075576403487e-04 3.642999170998880050e-04 -1.581251394255869965e-04 9.999999211409974498e-01 9.118094093297005737e-03 9.999991655349731445e-01 -9.130244725383818150e-04 8.932750206440687180e-04 6.015825867652893066e-01 9.150578407570719719e-04 9.999970197677612305e-01 -2.277152845636010170e-03 2.263005357235670090e-03 -8.911979966796934605e-04 2.277974272146821022e-03 9.999970197677612305e-01 5.981158465147018433e-04 5.716831970214843750e+01
5.133803000000000000e+07 9.999998997014427626e-01 -2.819116888869574932e-04 -3.480271585085580521e-04 6.107900653451896478e-01 2.819576803293058010e-04 9.999999515238005010e-01 1.321070124814676967e-04 1.342610980969277104e-04 3.479898991263320274e-04 -1.322051281621289525e-04 9.999999307124143311e-01 9.169009180895471012e-03 1.000000000000000000e+00 2.333966222067829221e-05 1.036970206769183278e-04 6.188532710075378418e-01 -2.283810135850217193e-05 9.999855756759643555e-01 -5.374160129576921463e-03 -5.529634188860654831e-03 -1.038079572026617825e-04 5.374164786189794540e-03 9.999855160713195801e-01 7.951226085424423218e-03 5.743999862670898438e+01
5.144216000000000000e+07 9.999996896478424713e-01 7.160961394479151794e-04 -3.284974323419963195e-04 6.320761187954777593e-01 -7.160508850705085042e-04 9.999997341330333356e-01 1.378586753468591993e-04 -5.164496358901233142e-04 3.285960650665703596e-04 -1.376234116945275563e-04 9.999999365422118647e-01 9.535749190338933465e-03 9.999994039535522461e-01 9.881336009129881859e-04 -2.034450881183147430e-04 6.327686309814453125e-01 -9.882625890895724297e-04 9.999991059303283691e-01 -8.575304527767002583e-04 -2.856204286217689514e-03 2.025865251198410988e-04 8.577270782552659512e-04 9.999995827674865723e-01 1.279317215085029602e-02 5.783152008056640625e+01
5.154640000000000000e+07 9.999999431010569984e-01 -2.756133061386592756e-05 -3.362116291695931036e-04 6.199738946552572072e-01 2.760504550049133529e-05 9.999999911666418440e-01 1.300179917125168338e-04 2.506531590899706966e-05 3.362080427309772890e-04 -1.300272654516485438e-04 9.999999350285311284e-01 9.341878095069760732e-03 9.999921321868896484e-01 6.623885710723698139e-04 -3.913359716534614563e-03 6.462101936340332031e-01 -6.447234191000461578e-04 9.999895095825195312e-01 4.541187547147274017e-03 5.158101674169301987e-03 3.916334360837936401e-03 -4.538631066679954529e-03 9.999820590019226074e-01 1.064179651439189911e-02 5.930755233764648438e+01
5.165053000000000000e+07 9.999999409948437945e-01 1.228373930663469843e-04 -3.208134784911386718e-04 6.561667671470966523e-01 -1.227870907294895835e-04 9.999999801667890376e-01 1.568112028794961619e-04 1.815647532449323821e-04 3.208327344070561180e-04 -1.567718018745405031e-04 9.999999362444795814e-01 9.598265803309569827e-03 9.999746680259704590e-01 4.559677036013454199e-04 -7.098176050931215286e-03 6.566570997238159180e-01 -4.486505349632352591e-04 9.999993443489074707e-01 1.024003839120268822e-03 2.824155846610665321e-03 7.098641246557235718e-03 -1.020799390971660614e-03 9.999742507934570312e-01 2.299064770340919495e-03 5.665491104125976562e+01
5.175465000000000000e+07 9.999999297237200935e-01 2.291408665893300718e-04 -2.967271875737367013e-04 6.770017252449767042e-01 -2.290959753612355047e-04 9.999999623096994528e-01 1.513130425313115681e-04 3.023767105686343479e-04 2.967618483902754447e-04 -1.512450528959184324e-04 9.999999445286703592e-01 9.539689485170780789e-03 9.999878406524658203e-01 6.642813095822930336e-04 -4.897112492471933365e-03 6.752074956893920898e-01 -6.584965158253908157e-04 9.999991655349731445e-01 1.164224580861628056e-03 8.630102965980768204e-04 4.897877108305692673e-03 -1.160973217338323593e-03 9.999873638153076172e-01 1.350840087980031967e-03 5.740435028076171875e+01
5.185878000000000000e+07 9.999999490196974650e-01 1.372389699155619042e-04 -2.883159218283838426e-04 6.852842466217854422e-01 -1.371950172995994193e-04 9.999999789666962347e-01 1.524602759152096935e-04 4.889014949082996992e-04 2.883368392547124232e-04 -1.524207126360940508e-04 9.999999468148970116e-01 9.508709999393870349e-03 9.999997019767761230e-01 7.205534493550658226e-04 -4.725226608570665121e-05 6.987910270690917969e-01 -7.207265007309615612e-04 9.999960064888000488e-01 -2.753008389845490456e-03 -4.467755090445280075e-03 4.527460623648948967e-05 2.753027481958270073e-03 9.999961256980895996e-01 2.969852881506085396e-03 5.678012847900390625e+01
5.196278000000000000e+07 9.999999205326741691e-01 3.056648949621569881e-04 -2.559367587295075094e-04 7.095835008317348258e-01 -3.056267794692564240e-04 9.999999422028904572e-01 1.489513097339055471e-04 5.557776927800300946e-04 2.559822731214861239e-04 -1.488730767733671733e-04 9.999999561549424154e-01 9.426851914925406251e-03 9.999969601631164551e-01 2.826905401889234781e-04 2.454233821481466293e-03 7.144340872764587402e-01 -2.866273862309753895e-04 9.999985694885253906e-01 1.607886166311800480e-03 1.229681354016065598e-02 -2.453781198710203171e-03 -1.608573133125901222e-03 9.999957680702209473e-01 4.433610476553440094e-03 5.731916809082031250e+01
5.206691000000000000e+07 9.999999356361858327e-01 2.708299579506124352e-04 -2.353269278590876343e-04 7.289665230574461363e-01 -2.707962267624829914e-04 9.999999530590003571e-01 1.433576095356887579e-04 8.043620369656190230e-04 2.353657423465203759e-04 -1.432938746669048071e-04 9.999999620349171447e-01 9.353077312747202707e-03 9.999969005584716797e-01 2.212537074228748679e-04 2.478972543030977249e-03 7.308255434036254883e-01 -2.360872749704867601e-04 9.999821186065673828e-01 5.981423892080783844e-03 2.017616853117942810e-02 -2.477610250934958458e-03 -5.981990601867437363e-03 9.999790191650390625e-01 5.788805894553661346e-03 5.665135955810546875e+01
5.217103000000000000e+07 9.999997047596742572e-01 -7.361684780895843497e-04 -2.203101386312697496e-04 7.510488277267700630e-01 7.362056256577720944e-04 9.999997147907770945e-01 1.685813199016356762e-04 2.058985167641565282e-03 2.201859715474907531e-04 -1.687434636873218902e-04 9.999999615218913007e-01 9.281586193421675901e-03 9.999987483024597168e-01 -3.899011644534766674e-04 1.548949861899018288e-03 7.474747896194458008e-01 3.835974785033613443e-04 9.999919533729553223e-01 3.990332596004009247e-03 1.484490558505058289e-02 -1.550484797917306423e-03 -3.989742137491703033e-03 9.999908208847045898e-01 1.102621294558048248e-02 5.785071945190429688e+01
5.227503000000000000e+07 9.999998427873428852e-01 -5.269867509780577471e-04 -1.915992216426676861e-04 7.789899351123814597e-01 5.270161524237939070e-04 9.999998493558673873e-01 1.534347585974579439e-04 2.028531061735470119e-03 1.915183346964621195e-04 -1.535357103576565400e-04 9.999999698737568332e-01 9.351900899990522875e-03 9.999992847442626953e-01 -4.716164548881351948e-04 1.121571986004710197e-03 7.618953585624694824e-01 4.711156361736357212e-04 9.999997019767761230e-01 5.540245329029858112e-04 8.303727954626083374e-03 -1.121839275583624840e-03 -5.534905358217656612e-04 9.999992251396179199e-01 1.083254441618919373e-02 5.892144012451171875e+01
5.237903000000000000e+07 9.999999835342793242e-01 -5.920288477345466951e-05 -1.715414231971419787e-04 7.884780618796999319e-01 5.922479230658054015e-05 9.999999900915954587e-01 1.277076079614431945e-04 1.617470904819172037e-03 1.715338608387344146e-04 -1.277177653636811885e-04 9.999999771321534947e-01 9.483579285977237344e-03 9.999945759773254395e-01 1.005186204565688968e-04 3.281911136582493782e-03 7.858875989913940430e-01 -1.016820751829072833e-04 9.999999403953552246e-01 3.537459415383636951e-04 6.093718111515045166e-03 -3.281874116510152817e-03 -3.540806064847856760e-04 9.999945759773254395e-01 6.737279705703258514e-03 5.931679916381835938e+01
5.248316000000000000e+07 9.999999748589045723e-01 -1.563319047207908019e-04 -1.607561091943313016e-04 8.001834760685542225e-01 1.563505984150840656e-04 9.999999810167180536e-01 1.162800689346133392e-04 1.686031471245529739e-03 1.607379278582851754e-04 -1.163052003246755679e-04 9.999999803182095803e-01 9.645211760445377563e-03 9.999908208847045898e-01 6.642320659011602402e-04 4.251518752425909042e-03 8.021692037582397461e-01 -6.601691129617393017e-04 9.999993443489074707e-01 -9.598089382052421570e-04 5.483519285917282104e-03 -4.252152051776647568e-03 9.569958783686161041e-04 9.999905228614807129e-01 8.021387271583080292e-03 5.863545608520507812e+01
5.258716000000000000e+07 9.999999378024093666e-01 -3.106844196553646938e-04 -1.669442215357503354e-04 8.003256487445007394e-01 3.107041302610815152e-04 9.999999447630919525e-01 1.180540567121424200e-04 1.813270763908741675e-03 1.669075347594389260e-04 -1.181059196268252609e-04 9.999999790964337887e-01 9.626371102106371855e-03 9.999976158142089844e-01 -2.087315078824758530e-04 2.157782902941107750e-03 8.157305717468261719e-01 2.029573515756055713e-04 9.999963045120239258e-01 2.710702596232295036e-03 9.365401230752468109e-03 -2.158346120268106461e-03 -2.710255561396479607e-03 9.999939799308776855e-01 1.358386036008596420e-02 5.834531021118164062e+01
5.269118000000000000e+07 9.999997042123683899e-01 -7.535741297677337955e-04 -1.539520220857123068e-04 8.167064229541720621e-01 7.535892938501350183e-04 9.999997112039259450e-01 9.846450553475495171e-05 1.980810559810350802e-03 1.538777773232112144e-04 -9.858049300217392363e-05 9.999999833017584328e-01 9.801937488411184909e-03 9.999977350234985352e-01 -5.403892719186842442e-04 -2.063361462205648422e-03 8.261455297470092773e-01 5.477131926454603672e-04 9.999935626983642578e-01 3.555831965059041977e-03 1.231341622769832611e-02 2.061428967863321304e-03 -3.556954907253384590e-03 9.999915957450866699e-01 1.326067838817834854e-02 5.900134277343750000e+01
5.279515000000000000e+07 9.999995522822270333e-01 -9.369711163294895369e-04 -1.323648770230454093e-04 8.329416127922432134e-01 9.369804148108075740e-04 9.999995585694245737e-01 7.020431943612843507e-05 1.909333296127687079e-03 1.322990391727110564e-04 -7.032831130343854763e-05 9.999999887754462691e-01 1.001407579312152407e-02 9.999927282333374023e-01 -4.666859749704599380e-04 -3.781830891966819763e-03 8.352127671241760254e-01 4.626244190149009228e-04 9.999993443489074707e-01 -1.064659794792532921e-03 4.760020878165960312e-03 3.782324260100722313e-03 1.062902389094233513e-03 9.999923110008239746e-01 4.852846730500459671e-03 6.330505752563476562e+01
5.289916000000000000e+07 9.999997168084390209e-01 -7.465330150106663917e-04 -9.524448546721301777e-05 8.543049255984750401e-01 7.465361228490221971e-04 9.999997208105372293e-01 3.259873610924503957e-05 1.541616984056561491e-03 9.522012284375498410e-05 -3.266983032485103904e-05 9.999999949329052562e-01 1.032951612818195156e-02 9.999993443489074707e-01 -1.035022665746510029e-03 4.099375510122627020e-04 8.557834029197692871e-01 1.036147004924714565e-03 9.999959468841552734e-01 -2.633986994624137878e-03 3.756537567824125290e-03 -4.072093288414180279e-04 2.634400501847267151e-03 9.999964237213134766e-01 3.055684734135866165e-03 6.042774581909179688e+01
5.300316000000000000e+07 9.999999682882529939e-01 2.395743100882900811e-04 -7.763790340497324089e-05 8.621780216697796373e-01 -2.395749146139787577e-04 9.999999712716872713e-01 -7.777269844055070206e-06 7.465488380710455941e-04 7.763603794053962608e-05 7.795869691208110526e-06 9.999999969559351110e-01 1.049176027490841823e-02 9.999821186065673828e-01 3.025455516763031483e-04 5.969407036900520325e-03 8.695812225341796875e-01 -2.918162790592759848e-04 9.999983310699462891e-01 -1.815656782127916813e-03 6.251533050090074539e-03 -5.969951860606670380e-03 1.813889481127262115e-03 9.999805092811584473e-01 5.892939865589141846e-03 5.937043380737304688e+01
5.310716000000000000e+07 9.999999546584579235e-01 2.946297094583751595e-04 -6.226089118457237644e-05 8.709890399702093777e-01 -2.946308309785781467e-04 9.999999564342497704e-01 -1.800483345543183253e-05 6.165858818080651588e-04 6.225558371340086299e-05 1.802317661675475671e-05 9.999999978997037298e-01 1.073391612517714776e-02 9.999969005584716797e-01 3.627468686318024993e-05 2.524126553907990456e-03 8.777162432670593262e-01 -2.737343675107695162e-05 9.999938607215881348e-01 -3.503806889057159424e-03 8.420947939157485962e-03 -2.524230396375060081e-03 3.503731451928615570e-03 9.999906420707702637e-01 7.932580076158046722e-03 5.997679901123046875e+01
5.321118000000000000e+07 9.999998658372331040e-01 -5.127484704347662738e-04 -7.358334029273400393e-05 8.791601353020559451e-01 5.127473416167311346e-04 9.999998684271211857e-01 -1.535871817793310948e-05 1.100445470173158895e-03 7.359120577082521825e-05 1.532098645327794478e-05 9.999999971748007033e-01 1.096749991728159998e-02 9.999997019767761230e-01 -5.812211893498897552e-04 -2.506893652025610209e-04 8.854938745498657227e-01 5.808761343359947205e-04 9.999988675117492676e-01 -1.354024279862642288e-03 1.131082605570554733e-02 2.514759544283151627e-04 1.353872474282979965e-03 9.999990463256835938e-01 1.117724925279617310e-02 6.046879959106445312e+01
5.331516000000000000e+07 9.999999973686359844e-01 3.594977562891505583e-05 -6.301064756277713135e-05 8.799343367682225248e-01 -3.595126661827601568e-05 9.999999990738193123e-01 -2.366152572491405791e-05 7.319005064715146391e-04 6.300979687787827894e-05 2.366379097523899490e-05 9.999999977348952296e-01 1.099848613063177279e-02 9.999933838844299316e-01 -3.545393992681056261e-04 -3.633499611169099808e-03 8.973248600959777832e-01 3.424122405704110861e-04 9.999944567680358887e-01 -3.308507613837718964e-03 1.078535430133342743e-02 3.634651890024542809e-03 3.307240083813667297e-03 9.999879598617553711e-01 1.074159331619739532e-02 5.974019241333007812e+01
5.341916000000000000e+07 9.999998213557882432e-01 -5.951850703838154491e-04 -5.516461105463801656e-05 8.942711302950308028e-01 5.951830157158091847e-04 9.999998221846085888e-01 -3.725506195468642531e-05 1.051226152483625276e-03 5.518677490152643290e-05 3.722222226070425691e-05 9.999999977844631349e-01 1.141539232505421435e-02 9.999894499778747559e-01 -3.802591527346521616e-04 -4.574143793433904648e-03 9.057850837707519531e-01 3.617213515099138021e-04 9.999917149543762207e-01 -4.064173903316259384e-03 3.358342684805393219e-03 4.575645085424184799e-03 4.062481224536895752e-03 9.999813437461853027e-01 9.906016290187835693e-03 6.160623931884765625e+01
5.352315000000000000e+07 9.999999893457470757e-01 1.434405148663053201e-04 -2.707996671653556357e-05 9.117379211761210689e-01 -1.434421410616060807e-04 9.999999879086216570e-01 -6.005921102377197895e-05 5.121970125954140125e-04 2.707135146500339081e-05 6.006309479226746407e-05 9.999999978297833270e-01 1.172542775594784259e-02 9.999969601631164551e-01 2.294229925610125065e-04 -2.455190755426883698e-03 9.156208038330078125e-01 -2.308707771589979529e-04 9.999997615814208984e-01 -6.166812381707131863e-04 4.990987014025449753e-03 2.455058507621288300e-03 6.172475405037403107e-04 9.999967217445373535e-01 1.654185168445110321e-02 6.333216094970703125e+01
5.362704000000000000e+07 9.999998199173297797e-01 6.000736062427158716e-04 -8.772967465013431127e-06 9.227853608054473744e-01 -6.000741102632414911e-04 9.999998182988036888e-01 -5.756223961247103435e-05 1.391750058769537714e-04 8.738424289268146458e-06 5.756749367730405991e-05 9.999999983048117880e-01 1.175281538606590993e-02 9.999986886978149414e-01 1.204851898364722729e-03 -1.001273514702916145e-03 9.265970587730407715e-01 -1.203943043947219849e-03 9.999988675117492676e-01 9.365489822812378407e-04 4.648988600820302963e-03 1.002398668788373470e-03 -9.353424538858234882e-04 9.999991059303283691e-01 1.503794360905885696e-02 5.921321487426757812e+01
5.373104000000000000e+07 9.999994544031221011e-01 1.044560017391530206e-03 9.373719454831047935e-06 9.273574867843755731e-01 -1.044559482709708385e-03 9.999994528307832864e-01 -5.686527628012272019e-05 -1.668213127812699539e-04 -9.433113517710489708e-06 5.685545384740634255e-05 9.999999983392369174e-01 1.172972840919477878e-02 9.999956488609313965e-01 8.972242940217256546e-04 2.802319591864943504e-03 9.376127719879150391e-01 -8.999181445688009262e-04 9.999991059303283691e-01 9.632495930418372154e-04 3.551881760358810425e-03 -2.801451599225401878e-03 -9.657726041041314602e-04 9.999955296516418457e-01 1.435181591659784317e-02 6.153910446166992188e+01
5.383505000000000000e+07 9.999998646345952258e-01 5.202741877107271021e-04 6.748850100519817897e-06 9.396418021004161458e-01 -5.202738908279793328e-04 9.999998636931479723e-01 -4.391753813488142303e-05 1.680580172428983621e-04 -6.771698343250961806e-06 4.391402093928614621e-05 9.999999990128514149e-01 1.191863527594372134e-02 9.999944567680358887e-01 7.706024916842579842e-04 3.244180465117096901e-03 9.399303793907165527e-01 -7.736793486401438713e-04 9.999991655349731445e-01 9.368640603497624397e-04 2.307058079168200493e-03 -3.243450541049242020e-03 -9.393685613758862019e-04 9.999943971633911133e-01 1.766326464712619781e-02 6.037468719482421875e+01
5.393891000000000000e+07 9.999999674981209230e-01 -2.548769587207977004e-04 -6.441592740617485118e-06 9.446486420316182464e-01 2.548766899365540318e-04 9.999999666497917383e-01 -4.169279722242011171e-05 6.044214675055986381e-04 6.452219058968334126e-06 4.169115405551762838e-05 9.999999991101082841e-01 1.209689377767507804e-02 9.999955296516418457e-01 1.102450652979314327e-03 2.795861335471272469e-03 9.403046369552612305e-01 -1.098723732866346836e-03 9.999986290931701660e-01 -1.327070523984730244e-03 -1.811997382901608944e-03 -2.797320950776338577e-03 1.323992735706269741e-03 9.999951720237731934e-01 2.136600762605667114e-02 6.012643051147460938e+01
5.404291000000000000e+07 9.999999718656062964e-01 2.366104179009306569e-04 -1.686112707522611489e-05 9.212070319141144603e-01 -2.366113460675370555e-04 9.999999704913479226e-01 -5.506700434330905096e-05 4.035888429260775425e-04 1.684809715095993707e-05 5.507099232794662697e-05 9.999999983416637539e-01 1.178519269990150990e-02 9.999988079071044922e-01 5.897364462725818157e-04 1.422742498107254505e-03 9.344722032546997070e-01 -5.824995459988713264e-04 9.999868869781494141e-01 -5.076164379715919495e-03 -8.714979514479637146e-03 -1.425732159987092018e-03 5.075335036963224411e-03 9.999860525131225586e-01 2.351094596087932587e-02 5.975996780395507812e+01
5.414678000000000000e+07 9.999999375004444691e-01 3.535262182777220178e-04 -4.280673095959685649e-06 9.324653679332876033e-01 -3.535264297897523474e-04 9.999999362838423167e-01 -4.951140157450518314e-05 2.781627019715973703e-04 4.263169245209097956e-06 4.951291181109317835e-05 9.999999987651485567e-01 1.187166745159901407e-02 9.999993443489074707e-01 7.806404610164463520e-04 7.950246217660605907e-04 9.310010671615600586e-01 -7.747936761006712914e-04 9.999723434448242188e-01 -7.392631378024816513e-03 -1.407147292047739029e-02 -8.007726282812654972e-04 7.392012979835271835e-03 9.999724030494689941e-01 2.283608727157115936e-02 6.156214523315429688e+01
5.425080000000000000e+07 9.999999965909959210e-01 -8.154368757295641723e-05 -1.298595785596961721e-05 9.295849413499145397e-01 8.154303153951432881e-05 9.999999953996764335e-01 -5.051119864128354828e-05 5.541439525608067053e-04 1.299007666562130110e-05 5.051013955472212393e-05 9.999999986399918939e-01 1.192910902876653800e-02 9.999946951866149902e-01 6.468133069574832916e-04 3.187365131452679634e-03 9.325258731842041016e-01 -6.353910430334508419e-04 9.999935030937194824e-01 -3.567321458831429482e-03 -9.261648170650005341e-03 -3.189637092873454094e-03 3.565278137102723122e-03 9.999885559082031250e-01 1.947847753763198853e-02 6.240079879760742188e+01
5.435466000000000000e+07 9.999998702178027887e-01 5.093225466321239922e-04 -1.244679326932856750e-05 9.247209846146439149e-01 -5.093232773010601547e-04 9.999998685678826993e-01 -5.877089556487985846e-05 1.956559940040201897e-04 1.241685829140732128e-05 5.877722737896478775e-05 9.999999981955296491e-01 1.178762970845559539e-02 9.999831318855285645e-01 6.375672528520226479e-04 5.767086520791053772e-03 9.381049871444702148e-01 -6.184981903061270714e-04 9.999943375587463379e-01 -3.311274806037545204e-03 -5.709903314709663391e-03 -5.769168958067893982e-03 3.307654522359371185e-03 9.999778270721435547e-01 1.648701168596744537e-02 6.269558334350585938e+01
5.445866000000000000e+07 9.999999073695554630e-01 -4.291892023550788874e-04 -3.251933016943039538e-05 9.239068428648700149e-01 4.291874151883204465e-04 9.999999063896475304e-01 -5.494412078223101287e-05 7.967746132288651330e-04 3.254290854895261882e-05 5.493015880529858680e-05 9.999999979618183765e-01 1.194807087538164031e-02 9.999805688858032227e-01 3.445037873461842537e-04 6.225208751857280731e-03 9.342099428176879883e-01 -3.234598843846470118e-04 9.999941587448120117e-01 -3.387073753401637077e-03 -1.425074320286512375e-02 -6.226342171430587769e-03 3.384989919140934944e-03 9.999748468399047852e-01 1.887540146708488464e-02 5.961705780029296875e+01
5.456253000000000000e+07 9.999999230659953886e-01 3.921157389646565648e-04 -1.064220413996930324e-05 9.246837211530530842e-01 -3.921163093531334666e-04 9.999999216833579396e-01 -5.364777839359375885e-05 2.962649678676310063e-04 1.062116716906336047e-05 5.365194724790272067e-05 9.999999985043297457e-01 1.180999407163779887e-02 9.999991059303283691e-01 5.133851082064211369e-04 -1.266085659153759480e-03 9.249264597892761230e-01 -5.159911233931779861e-04 9.999977946281433105e-01 -2.041838131844997406e-03 -5.976689979434013367e-03 1.265034661628305912e-03 2.042488660663366318e-03 9.999971985816955566e-01 2.092895843088626862e-02 5.994156646728515625e+01
5.466641000000000000e+07 9.999998470380505600e-01 5.527782427546307133e-04 -1.897617581001243510e-05 9.112813144969224011e-01 -5.527794187489226772e-04 9.999998452940254134e-01 -6.202293886913487204e-05 2.227370704877517900e-04 1.894188794373774013e-05 6.203341902123263589e-05 9.999999978965299352e-01 1.166048994166457749e-02 9.999691843986511230e-01 7.389396196231245995e-04 -7.807841990143060684e-03 9.170021414756774902e-01 -7.233551586978137493e-04 9.999977350234985352e-01 1.994892721995711327e-03 1.718216575682163239e-03 7.809294853359460831e-03 -1.989178592339158058e-03 9.999675154685974121e-01 2.094749920070171356e-02 6.023168182373046875e+01
5.477042000000000000e+07 9.999994401633469643e-01 1.058113137566505562e-03 -8.344365509871931721e-06 9.098687470453132864e-01 -1.058113666990691910e-03 9.999994381687677958e-01 -6.369979865076951539e-05 -1.319801829213716467e-04 8.276959230799788237e-06 6.370859227610194944e-05 9.999999979363537461e-01 1.155012823168876865e-02 9.999560117721557617e-01 1.257221447303891182e-03 -9.292356669902801514e-03 9.088132977485656738e-01 -1.256616669707000256e-03 9.999992847442626953e-01 6.138104799902066588e-05 1.998340478166937828e-03 9.292422793805599213e-03 -4.971383168594911695e-05 9.999567866325378418e-01 1.810111291706562042e-02 5.989827346801757812e+01
5.487429000000000000e+07 9.999992610001422477e-01 1.215695170047289978e-03 9.189232739457432844e-06 9.197280489633701261e-01 -1.215694591635446816e-03 9.999992590780351076e-01 -6.269018788231167573e-05 -2.590961559752553902e-04 -9.265438088591360647e-06 6.267897025387330994e-05 9.999999979927491900e-01 1.164139522374232037e-02 9.999922513961791992e-01 9.639205527491867542e-04 -3.821181133389472961e-03 9.215207099914550781e-01 -9.655022295191884041e-04 9.999993443489074707e-01 -4.061945655848830938e-04 1.050863880664110184e-03 3.820790676400065422e-03 4.098924109712243080e-04 9.999926090240478516e-01 1.195260509848594666e-02 5.951273727416992188e+01
5.497853000000000000e+07 9.999996507845624327e-01 8.355962406922799908e-04 -1.448154308516632305e-05 9.100540583214987711e-01 -8.355971765100426822e-04 9.999996487932435452e-01 -6.473629376655694974e-05 1.973697068918432111e-05 1.442744459849652174e-05 6.474837189547551263e-05 9.999999977997486855e-01 1.159161096664904772e-02 9.999950528144836426e-01 1.242800615727901459e-03 2.899557584896683693e-03 9.157670736312866211e-01 -1.242578728124499321e-03 9.999992847442626953e-01 -7.031540735624730587e-05 1.169109949842095375e-03 -2.899651648476719856e-03 6.670999573543667793e-05 9.999958276748657227e-01 1.522267144173383713e-02 5.963235092163085938e+01
5.508204000000000000e+07 9.999996640640228529e-01 8.196751637111121189e-04 -2.121498342618779649e-06 9.237795733593973102e-01 -8.196752888251996119e-04 9.999996622864421036e-01 -5.966117816222273745e-05 -6.368681609575073746e-06 2.072594842610698891e-06 5.966289705956794379e-05 9.999999982180216573e-01 1.173739137998897758e-02 9.999959468841552734e-01 9.655545582063496113e-04 2.682794583961367607e-03 9.162613153457641602e-01 -9.640443022362887859e-04 9.999994039535522461e-01 -6.124500650912523270e-04 -9.674382454250007868e-05 -2.683367114514112473e-03 6.098573794588446617e-04 9.999961256980895996e-01 1.722720637917518616e-02 5.928630447387695312e+01
5.518592000000000000e+07 9.999996722817993122e-01 8.091050142561991530e-04 -2.802498466215573445e-05 9.003810472834206102e-01 -8.091068618180569973e-04 9.999996704965182781e-01 -6.597705008572508629e-05 5.972901363110786309e-05 2.797159306821756956e-05 6.599970367020130684e-05 9.999999974308146911e-01 1.147791585940238085e-02 9.999985098838806152e-01 9.517767466604709625e-04 1.464469241909682751e-03 9.189264178276062012e-01 -9.514758712612092495e-04 9.999994635581970215e-01 -1.564199628774076700e-04 4.277606494724750519e-04 -1.464627450332045555e-03 1.550349697936326265e-04 9.999989867210388184e-01 1.739061251282691956e-02 5.981824111938476562e+01
5.529078000000000000e+07 9.999949407725612360e-01 3.180868975110621045e-03 2.240811312262956970e-05 9.030914909442026017e-01 -3.180867342023688000e-03 9.999949383976506345e-01 -7.254178108412852387e-05 -1.522270846831681214e-03 -2.263874559617100112e-05 7.247013684550374893e-05 9.999999971177833125e-01 1.115523536499470059e-02 9.999946355819702148e-01 3.250752342864871025e-03 3.352682688273489475e-04 8.956412076950073242e-01 -3.251651534810662270e-03 9.999904632568359375e-01 2.932560630142688751e-03 3.373773535713553429e-03 -3.257290227338671684e-04 -2.933648647740483284e-03 9.999955892562866211e-01 1.615834981203079224e-02 5.894224166870117188e+01
5.539373000000000000e+07 9.999824891486565059e-01 5.917641417602940469e-03 5.399940718002787696e-05 9.028614731135636839e-01 -5.917637251149156057e-03 9.999824876672389617e-01 -7.699370278835237483e-05 -3.586700922595132193e-03 -5.445408265121165741e-05 7.667280565800756620e-05 9.999999955780168870e-01 1.124417962411601579e-02 9.999783635139465332e-01 6.572897545993328094e-03 -3.168094190186820924e-05 9.039580821990966797e-01 -6.572812795639038086e-03 9.999719262123107910e-01 3.612220054492354393e-03 -1.477628480643033981e-03 5.542365761357359588e-05 -3.611930878832936287e-03 9.999935030937194824e-01 1.834900677204132080e-02 5.964339065551757812e+01
5.549768000000000000e+07 9.999647133837810120e-01 8.400246054612127422e-03 8.862095109644910402e-05 8.965647180619074064e-01 -8.400238439141803626e-03 9.999647136801993463e-01 -8.595813416751870806e-05 -5.934992467542721598e-03 -8.933989346501810896e-05 8.521066387758977534e-05 9.999999923787631362e-01 1.121183173390493705e-02 9.999586343765258789e-01 9.081454947590827942e-03 4.385278152767568827e-04 8.989695310592651367e-01 -9.082321077585220337e-03 9.999567270278930664e-01 1.994072692468762398e-03 -4.760642070323228836e-03 -4.204053839202970266e-04 -1.997965853661298752e-03 9.999979734420776367e-01 1.930074580013751984e-02 5.922966384887695312e+01
5.560170000000000000e+07 9.999343063007746224e-01 1.146164421352035417e-02 1.174206292558674348e-04 8.846810062087141491e-01 -1.146163870162780415e-02 9.999343121296627723e-01 -4.750731479338203957e-05 -8.716673860684781561e-03 -1.179574281135366688e-04 4.615836096051500526e-05 9.999999919777249335e-01 1.130478396447371324e-02 9.999338984489440918e-01 1.147765945643186569e-02 -7.211952470242977142e-04 8.905237913131713867e-01 -1.147808320820331573e-02 9.999339580535888672e-01 -5.980911082588136196e-04 -1.152772456407546997e-02 7.142809918150305748e-04 6.063283653929829597e-04 9.999995231628417969e-01 1.475602760910987854e-02 5.932220840454101562e+01
5.570567000000000000e+07 9.998956548650989040e-01 1.444534716866853821e-02 1.064479636988120953e-04 8.914203566127003597e-01 -1.444534263284223338e-02 9.998956596611157099e-01 -4.325712838282675185e-05 -1.130953239839902619e-02 -1.070617211071659065e-04 4.171493743401037555e-05 9.999999933988260592e-01 1.172866948874068220e-02 9.998928308486938477e-01 1.463488303124904633e-02 4.342355241533368826e-04 8.866684436798095703e-01 -1.463414262980222702e-02 9.998914599418640137e-01 -1.666167052462697029e-03 -1.782209798693656921e-02 -4.585682763718068600e-04 1.659633941017091274e-03 9.999985694885253906e-01 1.275290641933679581e-02 5.894192123413085938e+01
5.580969000000000000e+07 9.998447524357988447e-01 1.761993113517812751e-02 9.519708259016952949e-05 8.911798364335283829e-01 -1.761991248437343519e-02 9.998447386057365271e-01 -1.933276157638384382e-04 -1.495678276854329330e-02 -9.858872133531589943e-05 1.916202379084144163e-04 9.999999767809746309e-01 1.195172160869523853e-02 9.998388290405273438e-01 1.783425360918045044e-02 2.083506435155868530e-03 8.819304704666137695e-01 -1.782596483826637268e-02 9.998335242271423340e-01 -3.900142619386315346e-03 -2.493622153997421265e-02 -2.152713946998119354e-03 3.862368641421198845e-03 9.999901652336120605e-01 1.446364261209964752e-02 5.867462539672851562e+01
5.591381000000000000e+07 9.997982315376194862e-01 2.008721172370741409e-02 1.140078282807792040e-05 8.814503374592271845e-01 -2.008720371876760585e-02 9.997981114695354554e-01 -4.904480275468404505e-04 -1.739337665238514102e-02 -2.125021473994956507e-05 4.901200607475532855e-04 9.999998796653671862e-01 1.195981099441679324e-02 9.997853040695190430e-01 2.041294984519481659e-02 3.549140645191073418e-03 8.824948668479919434e-01 -2.040473558008670807e-02 9.997890591621398926e-01 -2.331685740500688553e-03 -1.954649202525615692e-02 -3.595993854105472565e-03 2.258765976876020432e-03 9.999909400939941406e-01 1.811564527451992035e-02 5.867209625244140625e+01
5.601793000000000000e+07 9.997021399746556236e-01 2.440501251294094343e-02 -1.634006806697865810e-04 8.886481434556320336e-01 -2.440516754957262890e-02 9.997016233681368380e-01 -1.025688765539319080e-03 -2.123473160924536224e-02 1.383199787969272997e-04 1.029371074813422013e-03 9.999994606312463397e-01 1.239378573697543472e-02 9.997038841247558594e-01 2.433286048471927643e-02 3.247013955842703581e-04 8.725413084030151367e-01 -2.433192543685436249e-02 9.997004866600036621e-01 -2.613730495795607567e-03 -2.971363253891468048e-02 -3.882041492033749819e-04 2.605066169053316116e-03 9.999965429306030273e-01 1.746192760765552521e-02 5.872211074829101562e+01
5.612205000000000000e+07 9.996107266426805804e-01 2.789827797351374442e-02 -2.851302492693813702e-04 8.712138422793298531e-01 -2.789866721021660653e-02 9.996096799856323267e-01 -1.466996679080263301e-03 -2.518962666711049153e-02 2.440922777873426146e-04 1.474380369987856286e-03 9.999988833101650654e-01 1.243589173842448749e-02 9.996058344841003418e-01 2.807087637484073639e-02 -4.623307322617620230e-04 8.713991641998291016e-01 -2.807274460792541504e-02 9.995959401130676270e-01 -4.461469128727912903e-03 -2.597173862159252167e-02 3.369120240677148104e-04 4.472683183848857880e-03 9.999899864196777344e-01 1.507013291120529175e-02 5.970038223266601562e+01
5.622619000000000000e+07 9.995149436674636290e-01 3.114006298264629033e-02 -4.169798273892322618e-04 8.606752624663798201e-01 -3.114074805291808593e-02 9.995134739929808498e-01 -1.751892270738327926e-03 -2.931919068472890397e-02 3.622229207348439881e-04 1.764027567929868758e-03 9.999983784993485836e-01 1.191556718929521336e-02 9.995070695877075195e-01 3.139554336667060852e-02 6.658177153440192342e-05 8.659375905990600586e-01 -3.139511123299598694e-02 9.995006918907165527e-01 -3.572968766093254089e-03 -3.923283517360687256e-02 -1.787249930202960968e-04 3.569119609892368317e-03 9.999936223030090332e-01 9.004197083413600922e-03 5.946640014648437500e+01
5.633051000000000000e+07 9.994534127217746811e-01 3.305388207757505026e-02 -5.627998653586095343e-04 8.675975396195811928e-01 -3.305469504304185679e-02 9.994524152288360996e-01 -1.502296330864478797e-03 -2.985728275974525864e-02 5.128349619412638297e-04 1.520078371659582244e-03 9.999987131802717810e-01 1.134643437389139600e-02 9.994531869888305664e-01 3.306553512811660767e-02 2.750672574620693922e-04 8.649176359176635742e-01 -3.306446596980094910e-02 9.994478225708007812e-01 -3.301303368061780930e-03 -3.843270987272262573e-02 -3.840744320768862963e-04 3.290404099971055984e-03 9.999945163726806641e-01 1.403294969350099564e-02 5.868255996704101562e+01
5.643467000000000000e+07 9.994536012610251152e-01 3.304810119311504812e-02 -5.674660975383839226e-04 8.715188082393444668e-01 -3.304902989159401450e-02 9.994522625648605274e-01 -1.713639777061064890e-03 -3.015307140985853951e-02 5.105227387232458931e-04 1.731457649100276398e-03 9.999983707092691132e-01 1.186688899869104731e-02 9.994652867317199707e-01 3.261971473693847656e-02 -2.255046740174293518e-03 8.641574382781982422e-01 -3.262519091367721558e-02 9.994646906852722168e-01 -2.446756698191165924e-03 -2.865773439407348633e-02 2.174031687900424004e-03 2.519016386941075325e-03 9.999943971633911133e-01 1.397149451076984406e-02 5.852671813964843750e+01
5.653894000000000000e+07 9.994423861187382574e-01 3.338644900434224044e-02 -5.116946861247291187e-04 8.468412347343362567e-01 -3.338735016172954956e-02 9.994407424679681018e-01 -1.867384128136245682e-03 -3.186250976309538269e-02 4.490631908887032070e-04 1.883426978784233895e-03 9.999981255207414099e-01 1.115749746992634149e-02 9.994293451309204102e-01 3.259817510843276978e-02 -8.854404091835021973e-03 8.477442264556884766e-01 -3.262251988053321838e-02 9.994643330574035645e-01 -2.615411765873432159e-03 -3.836662694811820984e-02 8.764406666159629822e-03 2.902771346271038055e-03 9.999573826789855957e-01 1.404268201440572739e-02 5.937187194824218750e+01
5.664303000000000000e+07 9.994142284871094795e-01 3.421857174866523715e-02 -5.378256797613787180e-04 8.319929000013369658e-01 -3.421919041734092920e-02 9.994136475958591559e-01 -1.186599257337995518e-03 -3.136271958831260420e-02 4.969065929573404303e-04 1.204308140469622333e-03 9.999991513625186013e-01 9.695042887877449583e-03 9.993855953216552734e-01 3.309740871191024780e-02 -1.152695622295141220e-02 8.460950851440429688e-01 -3.311594203114509583e-02 9.994505047798156738e-01 -1.424231566488742828e-03 -2.490712702274322510e-02 1.147348619997501373e-02 1.805083476938307285e-03 9.999325871467590332e-01 8.242692798376083374e-03 6.036313629150390625e+01
5.674729000000000000e+07 9.994296206822163020e-01 3.376673913494017409e-02 -4.905755027651665604e-04 8.290630034600583453e-01 -3.376756375758398210e-02 9.994281226207020197e-01 -1.783083271568580101e-03 -3.255028211314422992e-02 4.300860478020915919e-04 1.798631776864565487e-03 9.999982899734489727e-01 1.051084458826770027e-02 9.994247555732727051e-01 3.313129022717475891e-02 -7.246213965117931366e-03 8.439685702323913574e-01 -3.310417383909225464e-02 9.994446039199829102e-01 3.823974868282675743e-03 -2.987975813448429108e-02 7.368876133114099503e-03 -3.581891534850001335e-03 9.999663233757019043e-01 1.070396881550550461e-02 5.966988754272460938e+01
5.685143000000000000e+07 9.995160047126417924e-01 3.110597742628593704e-02 -4.177437621313677147e-04 8.624066454597240083e-01 -3.110666528383914525e-02 9.995145285782682798e-01 -1.755720408841765024e-03 -2.918802466940081594e-02 3.629275611005570524e-04 1.767865263592439300e-03 9.999983714667022294e-01 1.212118130908444377e-02 9.994782209396362305e-01 3.227991238236427307e-02 -1.141425804235041142e-03 8.556108474731445312e-01 -3.227411955595016479e-02 9.994674921035766602e-01 4.812050145119428635e-03 -1.618987508118152618e-02 1.296157017350196838e-03 -4.772707354277372360e-03 9.999877810478210449e-01 8.816908113658428192e-03 5.898646545410156250e+01
5.695555000000000000e+07 9.995820732483339244e-01 2.890642091137606354e-02 -3.126089417973071600e-04 8.625175660311452663e-01 -2.890689066828190310e-02 9.995807954267303952e-01 -1.620228321836615117e-03 -2.664871400839478877e-02 2.656428958727391270e-04 1.628587737042579663e-03 9.999986385670780464e-01 1.242492506712999586e-02 9.995723962783813477e-01 2.923621609807014465e-02 -4.522525414358824492e-04 8.545005321502685547e-01 -2.923516929149627686e-02 9.995703101158142090e-01 2.113761613145470619e-03 -2.430751919746398926e-02 5.138532724231481552e-04 -2.099638106301426888e-03 9.999976754188537598e-01 1.490906067192554474e-02 5.875372695922851562e+01
5.705965000000000000e+07 9.996485296491488537e-01 2.650980451842003746e-02 -2.178000076136359401e-04 8.759029376172220438e-01 -2.651007328589046266e-02 9.996476467355467355e-01 -1.341041617255993345e-03 -2.392560880446596011e-02 1.821725140545780693e-04 1.346344175035531178e-03 9.999990770848457000e-01 1.237871892645458528e-02 9.996623992919921875e-01 2.593057602643966675e-02 -1.671488978900015354e-03 8.559189438819885254e-01 -2.593223191797733307e-02 9.996631741523742676e-01 -9.945665951818227768e-04 -2.505358308553695679e-02 1.645143260248005390e-03 1.037582056596875191e-03 9.999981522560119629e-01 1.341163739562034607e-02 5.944035339355468750e+01
5.716356000000000000e+07 9.997530822593962974e-01 2.222101481014662067e-02 -3.196821617107594273e-05 8.660130666116471199e-01 -2.222103375421955601e-02 9.997527341255203481e-01 -8.344314081730604083e-04 -2.015246671865601052e-02 1.341839915570784822e-05 8.349357390571655923e-04 9.999996513510741591e-01 1.191974185233534052e-02 9.997494816780090332e-01 2.211382798850536346e-02 -3.444358939304947853e-03 8.609690070152282715e-01 -2.212656475603580475e-02 9.997483491897583008e-01 -3.705792827531695366e-03 -1.967283152043819427e-02 3.361545968800783157e-03 3.781076753512024879e-03 9.999871850013732910e-01 7.636777590960264206e-03 5.945929718017578125e+01
5.726747000000000000e+07 9.998063195948756476e-01 1.968038899644931547e-02 7.473683898525171213e-05 8.744000405525701458e-01 -1.968034645997628410e-02 9.998061813478377191e-01 -5.326353032993394725e-04 -1.791967053697868240e-02 -8.520482359463185792e-05 5.310612953873538895e-04 9.999998553570083049e-01 1.179511487356719318e-02 9.998108744621276855e-01 1.944473758339881897e-02 3.016933624166995287e-04 8.676472306251525879e-01 -1.944493874907493591e-02 9.998108148574829102e-01 3.386224852874875069e-04 -1.550083979964256287e-02 -2.950631605926901102e-04 -3.444369358476251364e-04 9.999998807907104492e-01 7.453085388988256454e-03 5.921347045898437500e+01
5.737129000000000000e+07 9.998163495254384081e-01 1.916416222076935613e-02 4.572779140208553875e-05 8.939277729269619055e-01 -1.916414326319068953e-02 9.998162771319486497e-01 -3.841588474257789671e-04 -1.640955826379823096e-02 -5.308147297149569746e-05 3.832119624818514352e-04 9.999999251654682064e-01 1.210213068116693276e-02 9.997921586036682129e-01 1.958868280053138733e-02 5.650095641613006592e-03 8.830970525741577148e-01 -1.960813626646995544e-02 9.998019337654113770e-01 3.417208790779113770e-03 -9.747302159667015076e-03 -5.582028999924659729e-03 -3.527282038703560829e-03 9.999782443046569824e-01 1.147135533392429352e-02 5.956419372558593750e+01
5.747515000000000000e+07 9.998342014313510440e-01 1.820882128696753310e-02 9.199513646669158743e-05 8.760179923783661948e-01 -1.820878755783118808e-02 9.998341432334807433e-01 -3.550603812311393546e-04 -1.610721951695320148e-02 -9.844510971928978923e-05 3.533263927672035789e-04 9.999999327345054922e-01 1.168484424801391128e-02 9.998201727867126465e-01 1.877319999039173126e-02 2.650787588208913803e-03 8.847492933273315430e-01 -1.877289824187755585e-02 9.998237490653991699e-01 -1.582872937433421612e-04 -1.161349751055240631e-02 -2.653289586305618286e-03 1.084980613086372614e-04 9.999964237213134766e-01 1.210711244493722916e-02 6.053564834594726562e+01
5.757907000000000000e+07 9.998379126331412570e-01 1.800390020761311743e-02 8.965586059883374082e-05 8.985662957558644415e-01 -1.800387746650899262e-02 9.998378862295459468e-01 -2.483055786859565640e-04 -1.531096087729599299e-02 -9.411179501636168353e-05 2.466511783573789628e-04 9.999999651530824263e-01 1.208359256616215599e-02 9.998386502265930176e-01 1.793730445206165314e-02 -9.046478080563247204e-04 8.895655870437622070e-01 -1.793752051889896393e-02 9.998390674591064453e-01 -2.231195830972865224e-04 -1.491300761699676514e-02 9.004919556900858879e-04 2.393151517026126385e-04 9.999995827674865723e-01 1.033979747444391251e-02 5.976604843139648438e+01
5.768293000000000000e+07 9.998686104406478981e-01 1.620962736054414738e-02 9.919582536842672289e-05 9.002475886978044128e-01 -1.620961900956702922e-02 9.998686119327857558e-01 -8.441955057767988916e-05 -1.308352308473058334e-02 -1.005512016594550649e-04 8.280053221507978030e-05 9.999999915167638864e-01 1.206046179160858572e-02 9.998525977134704590e-01 1.653330586850643158e-02 -4.641145002096891403e-03 8.908857107162475586e-01 -1.652795076370239258e-02 9.998627305030822754e-01 1.166666625067591667e-03 -9.359249845147132874e-03 4.659790080040693283e-03 -1.089781406335532665e-03 9.999886155128479004e-01 1.275833882391452789e-02 5.955228805541992188e+01
5.778669000000000000e+07 9.998964523295329476e-01 1.439013060950195856e-02 9.357018472192976926e-05 9.093136356537545595e-01 -1.439012725892027146e-02 9.998964560939506141e-01 -3.638343923345207332e-05 -1.099630839087219723e-02 -9.408405855321257398e-05 3.503318491810342102e-05 9.999999949604327920e-01 1.193726229689657733e-02 9.998925924301147461e-01 1.425110269337892532e-02 -3.415571060031652451e-03 9.042056202888488770e-01 -1.425994653254747391e-02 9.998950958251953125e-01 -2.564458874985575676e-03 -1.011569239199161530e-02 3.378667868673801422e-03 2.612879034131765366e-03 9.999908208847045898e-01 3.795902477577328682e-03 5.894876861572265625e+01
5.789057000000000000e+07 9.999531999609767574e-01 9.674004357361367865e-03 1.073818791314427542e-04 9.203571757694030131e-01 -9.673997957041888598e-03 9.999532039906994241e-01 -5.996359703538977660e-05 -6.768811898142374286e-03 -1.079569421663186305e-04 5.892197869488530713e-05 9.999999924367497517e-01 1.156800016864465569e-02 9.999434947967529297e-01 1.050518546253442764e-02 1.655064872466027737e-03 9.271353483200073242e-01 -1.049485709518194199e-02 9.999262094497680664e-01 -6.113551091402769089e-03 -1.556159369647502899e-02 -1.719153602607548237e-03 6.095841061323881149e-03 9.999799132347106934e-01 -3.011746157426387072e-04 5.886588668823242188e+01
5.799489000000000000e+07 9.999759749897082495e-01 6.931194959585383272e-03 8.932253722595227818e-05 9.345512127182803441e-01 -6.931190715904788843e-03 9.999759778692802747e-01 -4.773193343757464534e-05 -4.062084075744344484e-03 -8.965123085362695834e-05 4.711167511987207206e-05 9.999999948715733167e-01 1.155916010494297333e-02 9.999207854270935059e-01 7.214627694338560104e-03 1.030967198312282562e-02 9.348764419555664062e-01 -7.154441904276609421e-03 9.999572038650512695e-01 -5.863026715815067291e-03 -1.268712896853685379e-02 -1.035154052078723907e-02 5.788800772279500961e-03 9.999296665191650391e-01 4.021174274384975433e-03 5.897948837280273438e+01
5.809807000000000000e+07 9.999941148017816861e-01 3.430168500099387615e-03 6.562112075047213551e-05 9.408471870607231224e-01 -3.430164494168719703e-03 9.999941151043174603e-01 -6.106181800544810368e-05 -1.731685941594830703e-03 -6.583018689691496185e-05 6.083636741124307689e-05 9.999999959826615381e-01 1.151438128986151735e-02 9.999525547027587891e-01 3.617478767409920692e-03 9.049361571669578552e-03 9.487857222557067871e-01 -3.584973048418760300e-03 9.999870061874389648e-01 -3.614010056480765343e-03 -6.679837591946125031e-03 -9.062319993972778320e-03 3.581405151635408401e-03 9.999526143074035645e-01 1.019139494746923447e-02 6.014764785766601562e+01
5.820185000000000000e+07 9.999992552638929943e-01 1.220301469094745494e-03 1.833049062433265351e-05 9.416602598110194178e-01 -1.220300525750218435e-03 9.999992541127623591e-01 -5.138646486708601342e-05 -3.297812288272708990e-04 -1.839318392945704455e-05 5.136405789072914839e-05 9.999999985117121737e-01 1.184728738607828021e-02 9.999986290931701660e-01 1.582393189892172813e-03 5.505773588083684444e-04 9.484338760375976562e-01 -1.582582481205463409e-03 9.999987483024597168e-01 4.029913689009845257e-04 -1.325762277701869607e-04 -5.499396356754004955e-04 -4.038634069729596376e-04 9.999997019767761230e-01 1.067807152867317200e-02 6.375094223022460938e+01
5.830544000000000000e+07 9.999999025737824621e-01 4.413253079341706827e-04 9.186732460834785776e-06 9.479893740721202500e-01 -4.413249519480410025e-04 9.999999018666712036e-01 -3.871605346604296719e-05 2.001229669568374146e-04 -9.203817933707729502e-06 3.871199535977980341e-05 9.999999992083355993e-01 1.201408668070149711e-02 9.999943971633911133e-01 1.025389530695974827e-03 -3.173782490193843842e-03 9.546084403991699219e-01 -1.015725894831120968e-03 9.999947547912597656e-01 3.047686303034424782e-03 5.272332578897476196e-03 3.176890546455979347e-03 -3.044447628781199455e-03 9.999903440475463867e-01 1.068746671080589294e-02 5.901449584960937500e+01
5.840923000000000000e+07 9.999998079600934675e-01 6.195057082990999397e-04 1.710101518700886798e-05 9.546972874399161091e-01 -6.195051656065618962e-04 9.999998076035221395e-01 -3.172159765710620856e-05 5.618750692281527072e-05 -1.712066360810941416e-05 3.171099739780493785e-05 9.999999993506477614e-01 1.205223269868410316e-02 9.999918937683105469e-01 8.175890543498098850e-04 -3.936597611755132675e-03 9.622737169265747070e-01 -7.969590951688587666e-04 9.999860525131225586e-01 5.225182045251131058e-03 1.034135464578866959e-02 3.940814640372991562e-03 -5.222002509981393814e-03 9.999786019325256348e-01 9.139333851635456085e-03 5.883712005615234375e+01
5.851281000000000000e+07 9.999999990718431153e-01 -3.985071646586044847e-05 1.637785633473909356e-05 9.645824161716849421e-01 3.985118552971646965e-05 9.999999987957939318e-01 -2.864079688301343065e-05 4.301420434748569636e-04 -1.637671495874160074e-05 2.864144953342121500e-05 9.999999994557352556e-01 1.225857536966669034e-02 9.999963045120239258e-01 3.618327318690717220e-04 -2.695052418857812881e-03 9.799608588218688965e-01 -3.390131168998777866e-04 9.999640583992004395e-01 8.476057089865207672e-03 1.761977933347225189e-02 2.698018448427319527e-03 -8.475119248032569885e-03 9.999604821205139160e-01 7.857842370867729187e-03 6.169507217407226562e+01
5.861656000000000000e+07 9.999999886762169776e-01 -1.463621612163989061e-04 3.500976777489107780e-05 9.860693386337945343e-01 1.463627976373972183e-04 9.999999891237729699e-01 -1.817651272563634859e-05 3.858381006375071723e-04 -3.500710704044628210e-05 1.818163664733619942e-05 9.999999992219652523e-01 1.248517567949375580e-02 9.999998807907104492e-01 2.333297379664145410e-05 4.204061115160584450e-04 9.964059591293334961e-01 -2.553953891037963331e-05 9.999866485595703125e-01 5.165001843124628067e-03 1.384746097028255463e-02 -4.202772688586264849e-04 -5.164999980479478836e-03 9.999865293502807617e-01 5.975421052426099777e-03 5.961769485473632812e+01
5.872045000000000000e+07 9.999999160481218841e-01 -4.077629494270849551e-04 4.041204423807036566e-05 9.979120101396447007e-01 4.077635746659171259e-04 9.999999167448572202e-01 -1.546456544944052876e-05 4.819513871724051329e-04 -4.040573499700579358e-05 1.548104271008665382e-05 9.999999990638569480e-01 1.265235797231177572e-02 9.999974370002746582e-01 -7.484741508960723877e-04 2.168617909774184227e-03 1.004940986633300781e+00 7.436921005137264729e-04 9.999973177909851074e-01 2.215464133769273758e-03 8.672011084854602814e-03 -2.170264488086104393e-03 -2.213857136666774750e-03 9.999951720237731934e-01 7.010314613580703735e-03 5.916198348999023438e+01
5.882403000000000000e+07 9.999998677200294672e-01 -5.116666166232186619e-04 5.250903472298102959e-05 1.011747463903758026e+00 5.116670194892924961e-04 9.999998690690914405e-01 -7.659172470044990744e-06 4.691479849618951934e-04 -5.250510890508723870e-05 7.686038598006876443e-06 9.999999985920692280e-01 1.280945855472214422e-02 9.999974370002746582e-01 -7.983331452123820782e-04 2.073780400678515434e-03 1.011584401130676270e+00 7.936269976198673248e-04 9.999970793724060059e-01 2.291668439283967018e-03 7.775169797241687775e-03 -2.075604628771543503e-03 -2.290014410391449928e-03 9.999952316284179688e-01 1.089108362793922424e-02 5.895843124389648438e+01
5.892782000000000000e+07 9.999993717499888746e-01 -1.120104509590349106e-03 4.319097685061332978e-05 1.007748157290863977e+00 1.120105262201337827e-03 9.999993725304107128e-01 -1.740493927390134434e-05 7.930920401869618469e-04 -4.317145439777117733e-05 1.745330678179848882e-05 9.999999989158037117e-01 1.287658169008072499e-02 9.999992251396179199e-01 -1.246486091986298561e-03 2.094686642521992326e-04 1.027039647102355957e+00 1.246451283805072308e-03 9.999991655349731445e-01 2.712915302254259586e-04 7.598333992063999176e-03 -2.098161639878526330e-04 -2.710308763198554516e-04 9.999999403953552246e-01 8.863434195518493652e-03 5.870956802368164062e+01
5.903170000000000000e+07 9.999996576710787899e-01 -8.256827164282562383e-04 5.390558940596032423e-05 1.024743889795860730e+00 8.256830771729650829e-04 9.999996591014415070e-01 -6.670246669584181567e-06 6.069507525002979485e-04 -5.390006352252036921e-05 6.714753316790522425e-06 9.999999985248476664e-01 1.298235407193643401e-02 9.999988079071044922e-01 -1.422599540092051029e-03 -6.136755109764635563e-04 1.026941180229187012e+00 1.423758105374872684e-03 9.999970197677612305e-01 1.980053493753075600e-03 7.654236163944005966e-03 6.108595989644527435e-04 -1.980919158086180687e-03 9.999978542327880859e-01 1.036581397056579590e-02 5.950726318359375000e+01
5.913542000000000000e+07 9.999992860714205234e-01 -1.193278397449644901e-03 6.279581584692033296e-05 1.038235004703218944e+00 1.193278204672092732e-03 9.999992880384815930e-01 3.107287694009935193e-06 8.131090461427346091e-04 -6.279947899799826795e-05 -3.032352597184168536e-06 9.999999980235151353e-01 1.315539029217117906e-02 9.999976158142089844e-01 -9.419712587259709835e-04 -1.973769394680857658e-03 1.037679791450500488e+00 9.457515552639961243e-04 9.999977350234985352e-01 1.902628107927739620e-03 1.005548145622014999e-02 1.971968449652194977e-03 -1.904498669318854809e-03 9.999962449073791504e-01 1.100181043148040771e-02 5.889190292358398438e+01
5.923917000000000000e+07 9.999998972662549335e-01 -4.494516250206676716e-04 5.882794274468093626e-05 1.018658738269970998e+00 4.494519600184115177e-04 9.999998989803284832e-01 -5.681438409914681476e-06 4.091741393502763228e-04 -5.882538327030718811e-05 5.707878159051342148e-06 9.999999982534972798e-01 1.286268698378992791e-02 9.999979734420776367e-01 -8.648532093502581120e-04 -1.837020157836377621e-03 1.040772080421447754e+00 8.683592895977199078e-04 9.999977350234985352e-01 1.937589491717517376e-03 8.317148312926292419e-03 1.835347851738333702e-03 -1.939178793691098690e-03 9.999964237213134766e-01 1.104263961315155029e-02 5.879737472534179688e+01
5.934307000000000000e+07 9.999999913787093186e-01 -9.531479196850751393e-05 9.031983106994747961e-05 1.048321352192224776e+00 9.531197968642617709e-05 9.999999949729410087e-01 3.114072092514944906e-05 2.563562802222863033e-04 -9.032279878722757256e-05 -3.113211209481122260e-05 9.999999954362918109e-01 1.304766565063610398e-02 9.999995231628417969e-01 1.548929285490885377e-04 -9.473490063101053238e-04 1.048751950263977051e+00 -1.517630153102800250e-04 9.999946355819702148e-01 3.266177605837583542e-03 7.271921262145042419e-03 9.478514548391103745e-04 -3.266035579144954681e-03 9.999942183494567871e-01 1.246442832052707672e-02 5.844723129272460938e+01
5.944678000000000000e+07 9.999991486624658643e-01 1.301262847404975045e-03 9.689871721430074608e-05 1.044661450468709507e+00 -1.301268727553791258e-03 9.999991515105799422e-01 6.064515495339738930e-05 -2.594400654354751768e-04 -9.681971971048762711e-05 -6.077119459317232328e-05 9.999999934664018930e-01 1.270268510080518887e-02 9.999991655349731445e-01 1.275856746360659599e-03 3.028518403880298138e-04 1.055117368698120117e+00 -1.276691677048802376e-03 9.999960660934448242e-01 2.525359624996781349e-03 7.605518214404582977e-03 -2.996250696014612913e-04 -2.525744959712028503e-03 9.999967217445373535e-01 1.810073480010032654e-02 5.867734527587890625e+01
5.955068000000000000e+07 9.999991317658953882e-01 1.314405591171118395e-03 9.383724695264055013e-05 1.053756438549757757e+00 -1.314412558755763058e-03 9.999991334044966429e-01 7.422878613686302617e-05 -1.984065064566850048e-04 -9.373959890396364508e-05 -7.435206254252140965e-05 9.999999928423293216e-01 1.279356341285478073e-02 9.999985098838806152e-01 1.569439540617167950e-03 7.195535581558942795e-04 1.057146430015563965e+00 -1.570487627759575844e-03 9.999976158142089844e-01 1.468760892748832703e-03 4.966401495039463043e-03 -7.172462064772844315e-04 -1.469886279664933681e-03 9.999986290931701660e-01 1.779063791036605835e-02 5.902988815307617188e+01
5.965455000000000000e+07 9.999991444755732539e-01 1.305187074449573430e-03 8.680347128582188015e-05 1.056000754281882559e+00 -1.305193452933905724e-03 9.999991455360512926e-01 7.346589639984705254e-05 -1.800157156701416962e-04 -8.670751037813124572e-05 -7.357912886904702005e-05 9.999999935339597412e-01 1.281193897115076932e-02 9.999988079071044922e-01 1.462531159631907940e-03 4.647282476071268320e-04 1.058591365814208984e+00 -1.462631393224000931e-03 9.999988675117492676e-01 3.999197797384113073e-04 2.805265830829739571e-03 -4.641445993911474943e-04 -4.005990631412714720e-04 9.999998211860656738e-01 1.847535558044910431e-02 5.829785537719726562e+01
5.975842000000000000e+07 9.999994816818246202e-01 1.013632445054531194e-03 9.584034156072000548e-05 1.057923920144510088e+00 -1.013638628731332271e-03 9.999994841885013752e-01 6.449406149036692576e-05 -8.996565717859318417e-05 -9.577491885335486172e-05 -6.459117553220405255e-05 9.999999933275726116e-01 1.290054404477493366e-02 9.999986886978149414e-01 1.480909646488726139e-03 6.491437088698148727e-04 1.057803511619567871e+00 -1.481463434174656868e-03 9.999985694885253906e-01 7.992271566763520241e-04 2.718148054555058479e-03 -6.479577277787029743e-04 -8.001826354302465916e-04 9.999995231628417969e-01 1.742307282984256744e-02 5.868467330932617188e+01
5.986246000000000000e+07 9.999992607492999008e-01 1.212119640833339953e-03 9.626447919815782405e-05 1.055281248496235280e+00 -1.212127167397848313e-03 9.999992623186024776e-01 7.816649428901405335e-05 -1.248462472711533858e-04 -9.616966104394209923e-05 -7.828312129329228672e-05 9.999999923115746592e-01 1.282493860089086064e-02 9.999986290931701660e-01 1.235210103914141655e-03 1.092038699425756931e-03 1.059975266456604004e+00 -1.235077506862580776e-03 9.999992847442626953e-01 -1.207444001920521259e-04 -3.118529275525361300e-04 -1.092193531803786755e-03 1.193893258459866047e-04 9.999993443489074707e-01 1.433218456804752350e-02 5.915248107910156250e+01
5.996599000000000000e+07 9.999998730892436516e-01 4.935663921661897916e-04 1.010628474734113146e-04 1.049359812963358340e+00 -4.935711579926029902e-04 9.999998770827676076e-01 4.713754455892467941e-05 3.806416058107201959e-05 -1.010395695419573847e-04 -4.718742028607375962e-05 9.999999937821759666e-01 1.292559812145334386e-02 9.999960064888000488e-01 8.630388183519244194e-04 2.676153089851140976e-03 1.060101509094238281e+00 -8.640013984404504299e-04 9.999994635581970215e-01 3.573076974134892225e-04 2.798952162265777588e-03 -2.675847150385379791e-03 -3.596178139559924603e-04 9.999964237213134766e-01 1.509792543947696686e-02 5.854780960083007812e+01
6.006969000000000000e+07 9.999996633638305044e-01 8.148970415782916732e-04 9.599516008481381825e-05 1.050682169125968679e+00 -8.149021164480307411e-04 9.999996665712699295e-01 5.283864880295217756e-05 -8.801926871028855660e-05 -9.595207002082518965e-05 -5.291685767077831042e-05 9.999999939965035223e-01 1.287518277652991393e-02 9.999982118606567383e-01 8.283930364996194839e-04 1.729310955852270126e-03 1.056347250938415527e+00 -8.297309977933764458e-04 9.999994635581970215e-01 7.729239878244698048e-04 7.373194239335134625e-05 -1.728669740259647369e-03 -7.743629394099116325e-04 9.999982118606567383e-01 1.293664518743753433e-02 5.742275238037109375e+01
6.017345000000000000e+07 9.999995603086346829e-01 9.333367388578917489e-04 9.091233806528164671e-05 1.039634109772511916e+00 -9.333408145958188096e-04 9.999995634338650907e-01 4.479941068239211489e-05 -1.873009676183398360e-04 -9.087048543940826431e-05 -4.488424318167766818e-05 9.999999948639797243e-01 1.274904438639116490e-02 9.999986886978149414e-01 1.156522193923592567e-03 -1.091228914447128773e-03 1.049732208251953125e+00 -1.155532780103385448e-03 9.999988675117492676e-01 9.051481029018759727e-04 4.238064284436404705e-04 1.092275371775031090e-03 -9.038780699484050274e-04 9.999989867210388184e-01 1.553971786051988602e-02 5.644035339355468750e+01
6.027719000000000000e+07 9.999998311525732930e-01 5.740033067436656374e-04 9.063673165323645462e-05 1.041592073553214481e+00 -5.740069276557442732e-04 9.999998344608511669e-01 3.992876082608960383e-05 -1.057922601518284170e-05 -9.061379740777205033e-05 -3.998078019787888412e-05 9.999999950953383232e-01 1.284943026307129935e-02 9.999970197677612305e-01 7.963731768541038036e-04 -2.309803850948810577e-03 1.046686649322509766e+00 -7.954174070619046688e-04 9.999996423721313477e-01 4.147856961935758591e-04 -5.751471035182476044e-04 2.310136100277304649e-03 -4.129568987991660833e-04 9.999972581863403320e-01 1.282568369060754776e-02 5.578508758544921875e+01
6.038105000000000000e+07 9.999998981895968919e-01 4.435002127397876925e-04 8.323681655142069105e-05 1.035701394805067732e+00 -4.435027578178721720e-04 9.999999011856834930e-01 3.056038536589157401e-05 4.423506591316294766e-05 -8.322325478971391674e-05 -3.059729801033127489e-05 9.999999960688478184e-01 1.282996323680990654e-02 9.999988079071044922e-01 7.141348905861377716e-04 -1.383222406730055809e-03 1.046393275260925293e+00 -7.131858728826045990e-04 9.999995231628417969e-01 6.849882192909717560e-04 2.343420492252334952e-04 1.383714610710740089e-03 -6.839889101684093475e-04 9.999987483024597168e-01 1.330361329019069672e-02 5.461171340942382812e+01
6.048480000000000000e+07 9.999996779154254334e-01 7.973921496745445259e-04 9.129509228876250099e-05 1.038987270490529857e+00 -7.973960337217130510e-04 9.999996811759473969e-01 4.251538432583169336e-05 -9.897704627754628668e-05 -9.126116174740173321e-05 -4.258816897803209393e-05 9.999999949288239653e-01 1.277105797267301564e-02 9.999995231628417969e-01 1.021692878566682339e-03 1.261071884073317051e-04 1.043948769569396973e+00 -1.021764706820249557e-03 9.999993443489074707e-01 4.202049749437719584e-04 -1.670169294811785221e-04 -1.256763789569959044e-04 -4.203373682685196400e-04 9.999999403953552246e-01 1.419169362634420395e-02 5.474998474121093750e+01
6.058854000000000000e+07 9.999986856143656677e-01 1.618639162287724984e-03 9.368463081191911806e-05 1.036484113767772941e+00 -1.618645058531337699e-03 9.999986880153026725e-01 6.289558464400386362e-05 -3.865074758890323006e-04 -9.358270264293556083e-05 -6.304714413929105997e-05 9.999999936336676498e-01 1.256196439780743641e-02 9.999980926513671875e-01 1.680731424130499363e-03 1.017865957692265511e-03 1.045801162719726562e+00 -1.681560184806585312e-03 9.999983310699462891e-01 8.219595183618366718e-04 -2.462552220094949007e-04 -1.016484922729432583e-03 -8.236691937781870365e-04 9.999991059303283691e-01 1.390779670327901840e-02 5.482140731811523438e+01
6.069260000000000000e+07 9.999971917654139064e-01 2.367956133266173758e-03 9.615036728282465675e-05 1.030903917550523463e+00 -2.367961523241763743e-03 9.999971948080754736e-01 5.598268189897246197e-05 -8.166531380943109182e-04 -9.601753302422997758e-05 -5.621020506246640267e-05 9.999999938105229580e-01 1.238469649023984237e-02 9.999957084655761719e-01 2.664980012923479080e-03 1.193855889141559601e-03 1.047576189041137695e+00 -2.666288753971457481e-03 9.999958276748657227e-01 1.100514316931366920e-03 -5.884031415916979313e-04 -1.190919661894440651e-03 -1.103701884858310223e-03 9.999987483024597168e-01 1.158871315419673920e-02 5.522572708129882812e+01
6.079700000000000000e+07 9.999963459864567028e-01 2.701671976728871067e-03 9.477633884189836213e-05 1.032859425774706130e+00 -2.701677168554920006e-03 9.999963489679694062e-01 5.469458176542819845e-05 -1.030706405154968325e-03 -9.462822599748312719e-05 -5.495043697131714978e-05 9.999999940129743470e-01 1.235705826258043198e-02 9.999954700469970703e-01 2.881678985431790352e-03 8.539654081687331200e-04 1.027991533279418945e+00 -2.882496453821659088e-03 9.999953508377075195e-01 9.584474610164761543e-04 -5.588867934420704842e-04 -8.512015338055789471e-04 -9.608932305127382278e-04 9.999991655349731445e-01 1.367135159671306610e-02 5.541225433349609375e+01
6.090020000000000000e+07 9.999961809023732995e-01 2.762024714563507833e-03 9.695444469940773038e-05 1.023785404694529388e+00 -2.762028843551186507e-03 9.999961846888389960e-01 4.247885304804526960e-05 -1.102326217066353651e-03 -9.683674714638023859e-05 -4.274648178921808608e-05 9.999999943976913830e-01 1.227661164222705430e-02 9.999947547912597656e-01 2.943857572972774506e-03 -1.397338113747537136e-03 1.031818151473999023e+00 -2.942936262115836143e-03 9.999954700469970703e-01 6.577924941666424274e-04 -1.282287179492413998e-03 1.399271422997117043e-03 -6.536847213283181190e-04 9.999988079071044922e-01 1.376091968268156052e-02 5.543174362182617188e+01
6.100392000000000000e+07 9.999960507411991273e-01 2.808760443795623504e-03 9.678242718544693784e-05 1.021175847511176960e+00 -2.808764284056320618e-03 9.999960546311023046e-01 3.956627114311467487e-05 -1.130583216523451187e-03 -9.667091316667363282e-05 -3.983795390828013633e-05 9.999999945338360341e-01 1.222809426125968241e-02 9.999952912330627441e-01 3.036274341866374016e-03 -4.427001695148646832e-04 1.029310464859008789e+00 -3.035829635336995125e-03 9.999949336051940918e-01 1.007053069770336151e-03 1.266499748453497887e-04 4.457553150132298470e-04 -1.005707075819373131e-03 9.999993443489074707e-01 1.309835817664861679e-02 5.568307113647460938e+01
6.110770000000000000e+07 9.999956084580504667e-01 2.961946453918094541e-03 9.969082230654885152e-05 1.020411165483633198e+00 -2.961950271989501320e-03 9.999956126872893147e-01 3.817330386931449193e-05 -1.243929037362570674e-03 -9.957731765542442420e-05 -3.846841547302956793e-05 9.999999943022697124e-01 1.220818627085331481e-02 9.999946951866149902e-01 3.080882830545306206e-03 1.012512715533375740e-03 1.027963638305664062e+00 -3.081726143136620522e-03 9.999948143959045410e-01 8.244652417488396168e-04 2.301160478964447975e-03 -1.009974163025617599e-03 -8.275797008536756039e-04 9.999991655349731445e-01 1.629160530865192413e-02 5.647945785522460938e+01
6.121158000000000000e+07 9.999970908047628448e-01 2.410311866618912967e-03 9.369556896769757161e-05 1.021042389377736725e+00 -2.410316036718791223e-03 9.999970941976052963e-01 4.441949695928853602e-05 -8.725357061239376625e-04 -9.358823186889727761e-05 -4.464520366120345175e-05 9.999999946240244464e-01 1.231344914472224349e-02 9.999948143959045410e-01 2.684646751731634140e-03 1.798399025574326515e-03 1.024277806282043457e+00 -2.684911480173468590e-03 9.999964237213134766e-01 1.504506071796640754e-04 1.548014115542173386e-03 -1.797981443814933300e-03 -1.552694739075377584e-04 9.999983310699462891e-01 1.707589253783226013e-02 5.628665542602539062e+01
6.131529000000000000e+07 9.999972135741879153e-01 2.359003384877340643e-03 8.914604252608355583e-05 1.019700631339762076e+00 -2.359007095189649770e-03 9.999972166762327586e-01 4.153840389643189193e-05 -8.621320179005514213e-04 -8.904780517062448573e-05 -4.174858429479868214e-05 9.999999951637721374e-01 1.230654178361909046e-02 9.999951124191284180e-01 2.794360974803566933e-03 1.373438513837754726e-03 1.021244049072265625e+00 -2.793488791212439537e-03 9.999958276748657227e-01 -6.353023927658796310e-04 -1.623189658857882023e-03 -1.375215593725442886e-03 6.314532365649938583e-04 9.999989271163940430e-01 1.840484701097011566e-02 5.694403076171875000e+01
6.141920000000000000e+07 9.999977048643305944e-01 2.140870478210547562e-03 8.330508579647028650e-05 1.015655068776198044e+00 -2.140873448450568515e-03 9.999977076948023402e-01 3.558214421178506378e-05 -7.535944846710003909e-04 -8.322871807487058470e-05 -3.576040818949434094e-05 9.999999958970868796e-01 1.231082456239371639e-02 9.999973773956298828e-01 2.307306742295622826e-03 1.655258092796429992e-04 1.016440510749816895e+00 -2.307187533006072044e-03 9.999970793724060059e-01 -7.570011657662689686e-04 -2.997163450345396996e-03 -1.672692305874079466e-04 7.566299755126237869e-04 9.999997019767761230e-01 1.919480413198471069e-02 5.643830490112304688e+01
6.152295000000000000e+07 9.999975289839015957e-01 2.221200459063803461e-03 9.107593862338599707e-05 1.005953777729477139e+00 -2.221202314343047064e-03 9.999975329216738151e-01 2.027459926904325927e-05 -8.764517432420942684e-04 -9.103067998467766968e-05 -2.047684724703161820e-05 9.999999956470572160e-01 1.224242129084881538e-02 9.999973177909851074e-01 2.249145647510886192e-03 -4.948319401592016220e-04 1.011864304542541504e+00 -2.249038545414805412e-03 9.999974370002746582e-01 2.038545208051800728e-04 3.348727012053132057e-03 4.952920717187225819e-04 -2.027446025749668479e-04 9.999998211860656738e-01 1.896785758435726166e-02 5.689811325073242188e+01
6.162679000000000000e+07 9.999982888867081643e-01 1.847658155406292505e-03 9.155910286596500886e-05 1.007907787195082783e+00 -1.847660407966156401e-03 9.999982927733795934e-01 2.452377477318498904e-05 -6.588937324883269598e-04 -9.151363500233210518e-05 -2.469290293598952728e-05 9.999999955077576441e-01 1.230722238782199288e-02 9.999974966049194336e-01 1.869310159236192703e-03 -1.185385743156075478e-03 1.012153863906860352e+00 -1.870564301498234272e-03 9.999976754188537598e-01 -1.052633044309914112e-03 2.067031105980277061e-03 1.183424028567969799e-03 1.054842956364154816e-03 9.999986886978149414e-01 1.822000369429588318e-02 5.659139251708984375e+01
6.173099000000000000e+07 9.999989254614454204e-01 1.463950998057879935e-03 7.696383386019016773e-05 1.001822372739805012e+00 -1.463952088314386104e-03 9.999989283220024339e-01 1.411140227357058193e-05 -4.593480749673092096e-04 -7.694309297831861908e-05 -1.422405847553020550e-05 9.999999969387183274e-01 1.233032464392707327e-02 9.999990463256835938e-01 1.446647918783128262e-03 7.945554534671828151e-05 1.002905726432800293e+00 -1.446703448891639709e-03 9.999986886978149414e-01 7.267277687788009644e-04 3.864370519295334816e-03 -7.841818296583369374e-05 -7.268434274010360241e-04 9.999997615814208984e-01 1.474105659872293472e-02 5.712569427490234375e+01
6.183451000000000000e+07 9.999993548396073351e-01 1.133321885208482104e-03 7.682335884359572703e-05 1.010637947250654589e+00 -1.133323704391518087e-03 9.999993575090208031e-01 2.364068066644559146e-05 -2.457186242475844725e-04 -7.679651698356319237e-05 -2.372773115108190033e-05 9.999999967696447944e-01 1.245008505077303644e-02 9.999989271163940430e-01 1.268434571102261543e-03 6.961511680856347084e-04 1.006951808929443359e+00 -1.269363216124475002e-03 9.999982714653015137e-01 1.321153366006910801e-03 9.188313968479633331e-03 -6.944683846086263657e-04 -1.322042313404381275e-03 9.999989271163940430e-01 1.178731676191091537e-02 5.691884613037109375e+01
6.193839000000000000e+07 9.999994000245536752e-01 1.094213372713049573e-03 5.145443066735025769e-05 9.872443522771344737e-01 -1.094213013630990780e-03 9.999994013241827462e-01 -7.006275058731839108e-06 -2.778928441426566694e-04 -5.146206622312912232e-05 6.949968744248829976e-06 9.999999986516767692e-01 1.227755267546246261e-02 9.999991655349731445e-01 7.823306368663907051e-04 -1.059525762684643269e-03 9.994807243347167969e-01 -7.814420387148857117e-04 9.999993443489074707e-01 8.324017981067299843e-04 9.165286086499691010e-03 1.060176058672368526e-03 -8.315656450577080250e-04 9.999990463256835938e-01 1.522806752473115921e-02 5.714291381835937500e+01
6.204207000000000000e+07 9.999999215966587363e-01 3.939571298798294485e-04 4.005574107159833524e-05 9.871995533461134231e-01 -3.939567276137201368e-04 9.999999223485466215e-01 -1.005005261077022778e-05 9.912685862435645541e-05 -4.005969725093831208e-05 1.003427159475685431e-05 9.999999991472670047e-01 1.239649550970725253e-02 9.999911785125732422e-01 5.930012557655572891e-04 -4.148306325078010559e-03 9.943756461143493652e-01 -5.909879691898822784e-04 9.999997019767761230e-01 4.857874591834843159e-04 1.187322475016117096e-02 4.148590844124555588e-03 -4.833261482417583466e-04 9.999912977218627930e-01 1.409039180725812912e-02 5.790067291259765625e+01
6.214593000000000000e+07 9.999999915528423600e-01 1.230621766372579160e-04 4.183319266888992040e-05 9.896131566631213294e-01 -1.230616706815552887e-04 9.999999923547444602e-01 -1.209695822899282940e-05 2.319233161153612453e-04 -4.183468102706848534e-05 1.209181006425007216e-05 9.999999990518237958e-01 1.247347845609484210e-02 9.999941587448120117e-01 2.578456478659063578e-04 -3.424032824113965034e-03 9.911410808563232422e-01 -2.542899455875158310e-04 9.999994635581970215e-01 1.040001865476369858e-03 1.032472308725118637e-02 3.424303373321890831e-03 -1.039137132465839386e-03 9.999935626983642578e-01 1.293587405234575272e-02 5.795017623901367188e+01
6.224991000000000000e+07 9.999999712926417317e-01 -2.379526398037919111e-04 2.816483278783380031e-05 9.830852904429815409e-01 2.379532540323785238e-04 9.999999714513515547e-01 -2.180701078781609848e-05 4.606419213938300178e-04 -2.815964294805781007e-05 2.181371207530858502e-05 9.999999993655982466e-01 1.247536603368792907e-02 9.999998211860656738e-01 -3.809398040175437927e-04 -4.203832650091499090e-04 9.907478094100952148e-01 3.807861066889017820e-04 9.999998807907104492e-01 -3.633013402577489614e-04 7.578888908028602600e-03 4.205305594950914383e-04 3.631538420449942350e-04 9.999998211860656738e-01 1.011761184781789780e-02 5.700672149658203125e+01
6.235366000000000000e+07 9.999998143347885726e-01 -6.092048023794683319e-04 1.413815213600766186e-05 9.767623879691270661e-01 6.092052174036057845e-04 9.999998140032048122e-01 -2.936918827430614183e-05 6.771657983129127090e-04 -1.412025765534984193e-05 2.937779585774047522e-05 9.999999994687817084e-01 1.248365756485111597e-02 9.999998807907104492e-01 -5.252992850728332996e-04 9.335363756690640002e-06 9.878797531127929688e-01 5.253107519820332527e-04 9.999995231628417969e-01 -8.483303245157003403e-04 7.346501108258962631e-03 -8.900654393073637038e-06 8.483245619572699070e-04 9.999996423721313477e-01 1.345124654471874237e-02 5.595507049560546875e+01
6.245742000000000000e+07 9.999996245766183955e-01 -8.661866712702221511e-04 2.381669249190053339e-05 9.848322987930532291e-01 8.661873275879731658e-04 9.999996244798752265e-01 -2.756055524518953484e-05 7.478922057794566269e-04 -2.379281096144058728e-05 2.758117461657585675e-05 9.999999993365904505e-01 1.260669515992942150e-02 9.999985694885253906e-01 -7.767921779304742813e-04 1.468309201300144196e-03 9.849388599395751953e-01 7.793052936904132366e-04 9.999981522560119629e-01 -1.711987541057169437e-03 7.200773339718580246e-03 -1.466969726607203484e-03 1.713133533485233784e-03 9.999974370002746582e-01 1.517460681498050690e-02 5.565100860595703125e+01
6.256129000000000000e+07 9.999997891895224811e-01 -6.489946800520428501e-04 2.065938054899387722e-05 9.755472597183587613e-01 6.489952191740876002e-04 9.999997890619790608e-01 -2.609975151812530335e-05 7.007727245831174697e-04 -2.064243759102809653e-05 2.611315385541433900e-05 9.999999994459964903e-01 1.247357570438459469e-02 9.999988079071044922e-01 -9.081118041649460793e-04 1.233130809850990772e-03 9.826233983039855957e-01 9.107686346396803856e-04 9.999973773956298828e-01 -2.147753257304430008e-03 7.653842214494943619e-03 -1.231185393407940865e-03 2.148877829313278198e-03 9.999969005584716797e-01 1.790809258818626404e-02 5.550076675415039062e+01
6.266529000000000000e+07 9.999995721923128356e-01 -9.249325991299702995e-04 1.071716455755536957e-05 9.748464402696151998e-01 9.249329601963202953e-04 9.999995716803945500e-01 -3.373463892663826016e-05 8.189269826867949867e-04 -1.068595769916440128e-05 3.374453715367936596e-05 9.999999993735582127e-01 1.251715728107613730e-02 9.999991059303283691e-01 -1.005066791549324989e-03 8.854499319568276405e-04 9.759728908538818359e-01 1.005789265036582947e-03 9.999991059303283691e-01 -8.264791104011237621e-04 6.762199103832244873e-03 -8.846165146678686142e-04 8.273672428913414478e-04 9.999992847442626953e-01 1.648022606968879700e-02 5.553430557250976562e+01
6.276905000000000000e+07 9.999997716019685123e-01 -6.756355099551802478e-04 1.768237078327644180e-05 9.725966889426951312e-01 6.756360490807980946e-04 9.999997712927742866e-01 -3.050124904058104967e-05 7.068334317264550687e-04 -1.766175901214219905e-05 3.051318892134725246e-05 9.999999993785038122e-01 1.245222247966271643e-02 9.999994039535522461e-01 -9.032782400026917458e-04 6.242184899747371674e-04 9.705728292465209961e-01 9.036681149154901505e-04 9.999993443489074707e-01 -6.417658296413719654e-04 7.543265819549560547e-03 -6.236333865672349930e-04 6.423350423574447632e-04 9.999996423721313477e-01 1.950340718030929565e-02 5.712806320190429688e+01
6.287280000000000000e+07 9.999995821030633891e-01 -9.141900774255639532e-04 7.083541470200791601e-06 9.658695779336882170e-01 9.141903396074779363e-04 9.999995814397654170e-01 -3.709841728039462799e-05 8.633472951089502835e-04 -7.049623499358189089e-06 3.710487748245011385e-05 9.999999992867654175e-01 1.242686763716422012e-02 9.999992847442626953e-01 -1.007816055789589882e-03 5.346713587641716003e-04 9.713405370712280273e-01 1.007302780635654926e-03 9.999989867210388184e-01 9.699267684482038021e-04 6.643370259553194046e-03 -5.356607143767178059e-04 -9.693878819234669209e-04 9.999993443489074707e-01 2.182317152619361877e-02 5.631027221679687500e+01
6.297667000000000000e+07 9.999995322689025912e-01 -9.671879836111078139e-04 -3.062115505362984640e-06 9.588060993112763608e-01 9.671878653824225085e-04 9.999995315372306459e-01 -3.837901114622735980e-05 9.239397851755292270e-04 3.099233789434715492e-06 3.837603155419870012e-05 9.999999992588374242e-01 1.237105092494848388e-02 9.999991059303283691e-01 -8.080290863290429115e-04 -1.105449162423610687e-03 9.674694538116455078e-01 8.082678541541099548e-04 9.999997019767761230e-01 2.097695105476304889e-04 7.019673474133014679e-03 1.105297473259270191e-03 -2.106686297338455915e-04 9.999993443489074707e-01 2.220951952040195465e-02 5.639622497558593750e+01
6.308066000000000000e+07 9.999979048509906043e-01 -2.047012854350625799e-03 -5.647924708095763015e-06 9.678813290040104711e-01 2.047012619525715414e-03 9.999979040156330434e-01 -4.127435061231911703e-05 1.429949744453027673e-03 5.732401998494306618e-06 4.126270276296288689e-05 9.999999991322644499e-01 1.264048476735288307e-02 9.999976754188537598e-01 -1.767679583281278610e-03 -1.260921009816229343e-03 9.617430567741394043e-01 1.765072578564286232e-03 9.999963045120239258e-01 -2.055122749879956245e-03 3.800405887886881828e-03 1.264538732357323170e-03 2.052892465144395828e-03 9.999971389770507812e-01 1.882803812623023987e-02 5.610569763183593750e+01
6.318446000000000000e+07 9.999954140585406437e-01 -3.028292687674351193e-03 -3.613236488992454225e-05 9.540434016268073414e-01 3.028290924724812237e-03 9.999954135285266110e-01 -4.874678067508953904e-05 1.989335913004601671e-03 3.627981868511430565e-05 4.863713781565652614e-05 9.999999981591017884e-01 1.263753449585392104e-02 9.999951124191284180e-01 -2.959236502647399902e-03 -9.745350689627230167e-04 9.599841237068176270e-01 2.957974560558795929e-03 9.999948143959045410e-01 -1.312113134190440178e-03 4.344155080616474152e-03 9.784044232219457626e-04 1.309220679104328156e-03 9.999986290931701660e-01 1.827799715101718903e-02 5.568352127075195312e+01
6.328824000000000000e+07 9.999965355431329472e-01 -2.632097666482265553e-03 -3.103582114138863962e-05 9.517441535382182849e-01 2.632096186379143023e-03 9.999965348940936805e-01 -4.763494323146375822e-05 1.803976766918509705e-03 3.116109342883707691e-05 4.755308893126005798e-05 9.999999983838449014e-01 1.257087223343799492e-02 9.999957680702209473e-01 -2.832867437973618507e-03 -6.338184466585516930e-04 9.540230035781860352e-01 2.833654405549168587e-03 9.999951720237731934e-01 1.252345158718526363e-03 8.340690284967422485e-03 6.302706315182149410e-04 -1.254132599569857121e-03 9.999989271163940430e-01 1.805883273482322693e-02 5.622035217285156250e+01
6.339207000000000000e+07 9.999969526210963355e-01 -2.468481349804949130e-03 -3.671772831008855600e-05 9.446370533037538042e-01 2.468479541498988430e-03 9.999969520886990981e-01 -4.921290815720261288e-05 1.745679216098872718e-03 3.683909754675118481e-05 4.912212122337235884e-05 9.999999981149489958e-01 1.248371404885259377e-02 9.999963641166687012e-01 -2.371056238189339638e-03 -1.296638045459985733e-03 9.512552022933959961e-01 2.371338428929448128e-03 9.999971389770507812e-01 2.165952319046482444e-04 5.758615210652351379e-03 1.296129077672958374e-03 -2.196736313635483384e-04 9.999991655349731445e-01 2.026197686791419983e-02 5.615817642211914062e+01
6.349582000000000000e+07 9.999979870196931131e-01 -2.006086590757878187e-03 -3.966569545757612418e-05 9.385776576618750644e-01 2.006084537790247223e-03 9.999979864725504486e-01 -5.172898065114113258e-05 1.552771585222254436e-03 3.976938839850143544e-05 5.164930378764508395e-05 9.999999978753727481e-01 1.237979601508678272e-02 9.999977350234985352e-01 -2.044946653768420219e-03 -6.194569868966937065e-04 9.454105496406555176e-01 2.044779947027564049e-03 9.999979138374328613e-01 -2.795727341435849667e-04 3.826857544481754303e-03 6.200282368808984756e-04 2.783087838906794786e-04 9.999997615814208984e-01 1.845185086131095886e-02 5.629913711547851562e+01
6.359972000000000000e+07 9.999993594242660988e-01 -1.131516295856830083e-03 -2.866849771114506106e-05 9.314276761099721247e-01 1.131514831692842548e-03 9.999993585344721936e-01 -5.103707192998808149e-05 1.149137630832431593e-03 2.872622860199174283e-05 5.100460040532440434e-05 9.999999982866671910e-01 1.216365068160045471e-02 9.999994039535522461e-01 -1.058420166373252869e-03 2.401081292191520333e-04 9.398248791694641113e-01 1.058215158991515636e-03 9.999990463256835938e-01 7.897884352132678032e-04 5.170131102204322815e-03 -2.409519656794145703e-04 -7.895273156464099884e-04 9.999997019767761230e-01 1.760888099670410156e-02 5.599023818969726562e+01
6.370364000000000000e+07 9.999999957725123068e-01 -9.141828489416244465e-05 -9.882947452456755357e-06 9.310456880870607854e-01 9.141779880113002819e-05 9.999999946123373507e-01 -4.917429469622520711e-05 5.606109535418688514e-04 9.887442828880557997e-06 4.917339101104216669e-05 9.999999987421080982e-01 1.193357538689890883e-02 9.999972581863403320e-01 -4.059412458445876837e-04 2.313868841156363487e-03 9.329493641853332520e-01 4.022537323180586100e-04 9.999986290931701660e-01 1.593752996996045113e-03 5.280845798552036285e-03 -2.314508426934480667e-03 -1.592819811776280403e-03 9.999960064888000488e-01 2.170234546065330505e-02 5.623049545288085938e+01
6.380744000000000000e+07 9.999997969982975521e-01 6.371365609688321024e-04 -7.769140535390649954e-06 9.241768405923626029e-01 -6.371370179403769082e-04 9.999997952901112930e-01 -5.895887584894716094e-05 1.231577735443974684e-04 7.731574088941174557e-06 5.896381388731081576e-05 9.999999982317456793e-01 1.176802638827197448e-02 9.999978542327880859e-01 5.569630302488803864e-04 1.999597065150737762e-03 9.223307967185974121e-01 -5.584710743278264999e-04 9.999995827674865723e-01 7.556265918537974358e-04 3.178114071488380432e-03 -1.999167725443840027e-03 -7.567503489553928375e-04 9.999976754188537598e-01 2.281684242188930511e-02 5.618515014648437500e+01
6.391142000000000000e+07 9.999994810755444830e-01 1.018465555894234589e-03 -2.401199793458655353e-05 8.961221092976965341e-01 -1.018467057128944484e-03 9.999994794034809953e-01 -6.259108080179847722e-05 -7.699966346515045319e-05 2.394823857552539205e-05 6.261550375009028934e-05 9.999999977528902795e-01 1.140514615397083056e-02 9.999988079071044922e-01 9.667169069871306419e-04 1.134608290158212185e-03 9.157186150550842285e-01 -9.669613209553062916e-04 9.999994635581970215e-01 2.164725592592731118e-04 2.587897470220923424e-03 -1.134397462010383606e-03 -2.175694535253569484e-04 9.999993443489074707e-01 2.346779219806194305e-02 6.079740905761718750e+01
6.401577000000000000e+07 9.999989153372343953e-01 1.472569259385023838e-03 -2.939636448507624325e-05 8.870429022244851192e-01 -1.472571206749799782e-03 9.999989135663562845e-01 -6.633372704410774186e-05 -3.690114330053872235e-04 2.929865154125432824e-05 6.637694333400565266e-05 9.999999973678451726e-01 1.121199652078594053e-02 9.999991059303283691e-01 1.316151232458651066e-03 2.947768080048263073e-04 8.955150842666625977e-01 -1.316544599831104279e-03 9.999982118606567383e-01 1.360143534839153290e-03 3.581981174647808075e-03 -2.929950424004346132e-04 -1.360526424832642078e-03 9.999990463256835938e-01 2.245918475091457367e-02 6.017184066772460938e+01
6.411946000000000000e+07 9.999982609537615419e-01 1.864610591809181791e-03 -3.628936513319218652e-05 8.716531702836338713e-01 -1.864612522915412877e-03 9.999982601906652890e-01 -5.325322755107949403e-05 -5.681800061358761476e-04 3.619000546803012629e-05 5.332080054351346910e-05 9.999999979235879577e-01 1.073661366003872582e-02 9.999977946281433105e-01 2.113321330398321152e-03 -2.223834453616291285e-04 8.830352425575256348e-01 -2.113045193254947662e-03 9.999969005584716797e-01 1.265917904675006866e-03 2.965011168271303177e-03 2.250624092994257808e-04 -1.265442464500665665e-03 9.999991655349731445e-01 2.159405685961246490e-02 5.792851257324218750e+01
6.422341000000000000e+07 9.999936702327163474e-01 3.557924084252333911e-03 -2.589981538343510831e-05 8.565149443628928827e-01 -3.557925823450150925e-03 9.999936682893557638e-01 -6.741751336240284838e-05 -1.839442580892474473e-03 2.565978500048072525e-05 6.750923624656772579e-05 9.999999973920392637e-01 1.059712885862009769e-02 9.999932050704956055e-01 3.665453288704156876e-03 3.813578514382243156e-04 8.681040406227111816e-01 -3.665794851258397102e-03 9.999929666519165039e-01 9.093325352296233177e-04 2.821001457050442696e-03 -3.780316910706460476e-04 -9.107245132327079773e-04 9.999995231628417969e-01 1.876980997622013092e-02 5.663612747192382812e+01
6.432743000000000000e+07 9.999859906973772583e-01 5.293239012174108006e-03 -5.384586397686510645e-06 8.348585018928603718e-01 -5.293239458512137043e-03 9.999859869629988962e-01 -8.656165710047123048e-05 -3.585496369723942950e-03 4.926319390668840920e-06 8.658894633794102583e-05 9.999999962390427877e-01 1.041215352136217603e-02 9.999846816062927246e-01 5.525049753487110138e-03 3.674553299788385630e-04 8.528965115547180176e-01 -5.524954758584499359e-03 9.999846220016479492e-01 -2.871789620257914066e-04 2.311056479811668396e-03 -3.690322046168148518e-04 2.851449535228312016e-04 9.999998807907104492e-01 1.711355708539485931e-02 5.782435226440429688e+01
6.443145000000000000e+07 9.999768545518964435e-01 6.803669504403312557e-03 2.103195094163399590e-05 8.271990094355787804e-01 -6.803667192919356926e-03 9.999768489471759780e-01 -1.080878243251316023e-04 -5.095992237520268787e-03 -2.176685785489177548e-05 1.079422281911798776e-04 9.999999939373397373e-01 1.044888510644024701e-02 9.999751448631286621e-01 7.047967053949832916e-03 2.286740709678269923e-05 8.329773545265197754e-01 -7.047950755804777145e-03 9.999749064445495605e-01 -6.686917040497064590e-04 1.873086206614971161e-03 -2.757342372206039727e-05 6.685060798190534115e-04 9.999997615814208984e-01 1.829854026436805725e-02 7.108338928222656250e+01
6.453556000000000000e+07 9.999729062997392282e-01 7.361145322853522056e-03 1.427569788638377509e-05 8.044286462563127182e-01 -7.361143862392724620e-03 9.999729014330592802e-01 -9.979174687476218475e-05 -5.798702661122843299e-03 -1.500989261591200637e-05 9.968395767684335926e-05 9.999999949189056769e-01 1.029233281332090667e-02 9.999693632125854492e-01 7.822344079613685608e-03 3.347519959788769484e-04 8.116410374641418457e-01 -7.821652106940746307e-03 9.999674558639526367e-01 -1.998953521251678467e-03 -3.072724211961030960e-04 -3.503814805299043655e-04 1.996272942051291466e-03 9.999980330467224121e-01 1.649656705558300018e-02 5.908985519409179688e+01
6.463959000000000000e+07 9.999744417145612907e-01 7.149539535397817988e-03 1.834951220099635514e-06 7.876520973193019692e-01 -7.149539382927951395e-03 9.999744390687329565e-01 -7.278096435818325180e-05 -5.692396127258954851e-03 -2.355254686074229178e-06 7.276598514588400327e-05 9.999999973497821770e-01 1.006659251016618975e-02 9.999685287475585938e-01 7.787118200212717056e-03 1.514194300398230553e-03 7.883480191230773926e-01 -7.783330511301755905e-03 9.999665617942810059e-01 -2.493462758138775826e-03 -4.684964194893836975e-03 -1.533554866909980774e-03 2.481607254594564438e-03 9.999956488609313965e-01 2.041058428585529327e-02 5.824643325805664062e+01
6.474358000000000000e+07 9.999734624146440209e-01 7.285094850901073331e-03 -4.314465828526877606e-05 7.618027282491138807e-01 -7.285097110506112868e-03 9.999734619534390578e-01 -5.244925260098492087e-05 -5.981226827607589308e-03 4.276141554455516560e-05 5.276217373820387796e-05 9.999999976938073187e-01 9.910276086729525452e-03 9.999695420265197754e-01 7.793041411787271500e-03 1.677616237429901958e-04 7.642536759376525879e-01 -7.792392745614051819e-03 9.999635219573974609e-01 -3.514448646456003189e-03 -5.833666771650314331e-03 -1.951480517163872719e-04 3.513038624078035355e-03 9.999938011169433594e-01 2.343250811100006104e-02 5.837971115112304688e+01
6.484759000000000000e+07 9.999753290848711895e-01 7.023705546030516687e-03 -9.371174090598036416e-05 7.426661129229551461e-01 -7.023708889853481734e-03 9.999753328258164098e-01 -3.540074202400596704e-05 -5.854080209026954820e-03 9.346078491346777514e-05 3.605807264453177391e-05 9.999999949824485146e-01 9.873638833191212758e-03 9.999719262123107910e-01 7.474350742995738983e-03 6.533311679959297180e-04 7.385978698730468750e-01 -7.473138626664876938e-03 9.999702572822570801e-01 -1.860583783127367496e-03 -2.094734925776720047e-03 -6.672214367426931858e-04 1.855642069131135941e-03 9.999980330467224121e-01 2.350000850856304169e-02 5.890895843505859375e+01
6.495155000000000000e+07 9.999754979706839686e-01 6.997804242581335925e-03 -1.849206282238479002e-04 7.038550754916460539e-01 -6.997805596025515572e-03 9.999755150371849588e-01 -6.673041507422893273e-06 -5.961452781758582245e-03 1.848694038126154750e-04 7.966916569819648558e-06 9.999999828799163160e-01 1.005378617863791207e-02 9.999724030494689941e-01 7.413196843117475510e-03 5.499096005223691463e-04 7.140344977378845215e-01 -7.412346545606851578e-03 9.999713897705078125e-01 -1.533254864625632763e-03 2.422365127131342888e-03 -5.612595123238861561e-04 1.529134460724890232e-03 9.999986886978149414e-01 2.344085276126861572e-02 5.814854431152343750e+01
6.505550000000000000e+07 9.999790419711571676e-01 6.470223139272124856e-03 -2.276631309764922306e-04 6.831750264562765906e-01 -6.470219161172984824e-03 9.999790677469613254e-01 1.820580657772209545e-05 -5.527620481107267322e-03 2.277761611064924952e-04 -1.673239465091754162e-05 9.999999739190230663e-01 9.930088059806607692e-03 9.999763369560241699e-01 6.868942640721797943e-03 -1.905169920064508915e-04 6.857640147209167480e-01 -6.869117263704538345e-03 9.999759197235107422e-01 -9.872259106487035751e-04 1.155670150183141232e-03 1.837348681874573231e-04 9.885181207209825516e-04 9.999995231628417969e-01 2.285845763981342316e-02 5.843046569824218750e+01
6.515952000000000000e+07 9.999836415648474253e-01 5.713898065757623546e-03 -2.607145044294742085e-04 6.538767708579507065e-01 -5.713887451958117591e-03 9.999836747535436610e-01 4.143713783250722459e-05 -4.867865103808937874e-03 2.609470157794350305e-04 -3.994676667095648371e-05 9.999999651554553060e-01 9.797902659789746102e-03 9.999800324440002441e-01 6.312267854809761047e-03 -4.074274911545217037e-04 6.588850617408752441e-01 -6.312856450676918030e-03 9.999790787696838379e-01 -1.446393900550901890e-03 3.708287549670785666e-04 3.982773923780769110e-04 1.448936644010245800e-03 9.999988675117492676e-01 2.081348188221454620e-02 6.224003219604492188e+01
6.526346000000000000e+07 9.999857778525801377e-01 5.327778151676489972e-03 -2.426342306566369193e-04 6.348581259408980770e-01 -5.327767850974249146e-03 9.999858064155998649e-01 4.308020646393941110e-05 -4.577078397811188554e-03 2.428603085992478156e-04 -4.178689486420188658e-05 9.999999696363612856e-01 9.715234206953405477e-03 9.999822974205017090e-01 5.930274259299039841e-03 -4.160917305853217840e-04 6.332162022590637207e-01 -5.930674728006124496e-03 9.999818801879882812e-01 -9.674585307948291302e-04 3.082161536440253258e-03 4.103476530872285366e-04 9.699095389805734158e-04 9.999994635581970215e-01 1.845309883356094360e-02 5.981091308593750000e+01
6.536748000000000000e+07 9.999881970976550738e-01 4.854513069808974977e-03 -1.984178985445545927e-04 5.988038779351192442e-01 -4.854518765750070498e-03 9.999882163564460802e-01 -2.823526606748622946e-05 -4.285637443708056535e-03 1.982784919990309271e-04 2.919815616317454187e-05 9.999999799165546488e-01 9.283604902661526243e-03 9.999852776527404785e-01 5.400430876761674881e-03 -5.875526112504303455e-04 6.065246462821960449e-01 -5.401150789111852646e-03 9.999847412109375000e-01 -1.230616122484207153e-03 2.415388124063611031e-03 5.809017457067966461e-04 1.233763294294476509e-03 9.999991059303283691e-01 1.583785004913806915e-02 5.992198562622070312e+01
6.547147000000000000e+07 9.999903067655059319e-01 4.399670409656269467e-03 -1.711014501148555177e-04 5.772642107031579206e-01 -4.399683645866269040e-03 9.999903183761499337e-01 -7.705953952750178534e-05 -4.068234268287547126e-03 1.707607570059979510e-04 7.781158480801893674e-05 9.999999823930607601e-01 8.957639351669655081e-03 9.999883770942687988e-01 4.766136407852172852e-03 -7.492352160625159740e-04 5.787746906280517578e-01 -4.767756909132003784e-03 9.999862313270568848e-01 -2.175016561523079872e-03 -1.198218553327023983e-03 7.388640660792589188e-04 2.178579103201627731e-03 9.999973177909851074e-01 1.906505972146987915e-02 5.882304000854492188e+01
6.557532000000000000e+07 9.999910295673212213e-01 4.233336026429928428e-03 -1.401832367532343364e-04 5.572945940220688232e-01 -4.233356569151150439e-03 9.999910285645039476e-01 -1.465708960642536684e-04 -4.111612571548304076e-03 1.395614952662330686e-04 1.471630268740922666e-04 9.999999794328164882e-01 8.643720958178169322e-03 9.999886751174926758e-01 4.536782391369342804e-03 1.415947801433503628e-03 5.564487576484680176e-01 -4.534232895821332932e-03 9.999881386756896973e-01 -1.798455021344125271e-03 -3.902586176991462708e-03 -1.424095244146883488e-03 1.791999908164143562e-03 9.999973773956298828e-01 1.854450255632400513e-02 5.864041519165039062e+01
6.567931000000000000e+07 9.999929197632808631e-01 3.761152293382776218e-03 -1.189805947112295516e-04 5.264152504736826499e-01 -3.761177465164434412e-03 9.999929042639729149e-01 -2.120505291470528120e-04 -4.209131541407422003e-03 1.181821961024490320e-04 2.124965349218317168e-04 9.999999704390943878e-01 8.278475458307765419e-03 9.999898672103881836e-01 4.059594124555587769e-03 1.943913055583834648e-03 5.248824357986450195e-01 -4.058464430272579193e-03 9.999915957450866699e-01 -5.855226772837340832e-04 -4.137402866035699844e-03 -1.946280477568507195e-03 5.776415928266942501e-04 9.999980330467224121e-01 1.950046792626380920e-02 5.853529739379882812e+01
6.578330000000000000e+07 9.999937523985770182e-01 3.530674548783846196e-03 -1.717599104791474860e-04 4.987436588276947802e-01 -3.530707929104854367e-03 9.999937481300232855e-01 -1.944294473103855682e-04 -4.340576697019695937e-03 1.710723695806345198e-04 1.950346666500433720e-04 9.999999663478621459e-01 7.587274101026162017e-03 9.999925494194030762e-01 3.751035081222653389e-03 8.804340031929314137e-04 4.957297444343566895e-01 -3.750201547518372536e-03 9.999924898147583008e-01 -9.472270030528306961e-04 -2.139449818059802055e-03 -8.839700603857636452e-04 9.439136483706533909e-04 9.999991059303283691e-01 1.708962023258209229e-02 5.874979019165039062e+01
6.588730000000000000e+07 9.999960417306201776e-01 2.798719774383364584e-03 -2.892936591102781120e-04 4.591633437448405797e-01 -2.798738696412607536e-03 9.999960814091968242e-01 -6.502356614498980660e-05 -4.081331166792117118e-03 2.891105427488618873e-04 6.583296611185108528e-05 9.999999560405569143e-01 6.638764681950360021e-03 9.999951720237731934e-01 3.070019418373703957e-03 5.889116437174379826e-04 4.633477032184600830e-01 -3.069739555940032005e-03 9.999952316284179688e-01 -4.747360944747924805e-04 -4.976391326636075974e-03 -5.903664277866482735e-04 4.729274951387196779e-04 9.999997615814208984e-01 1.629823632538318634e-02 5.942585754394531250e+01
6.599117000000000000e+07 9.999975563255346644e-01 2.183770688887740497e-03 -3.442218512534610275e-04 4.359146381497167044e-01 -2.183768955628812621e-03 9.999976155591625560e-01 5.411066720780737518e-06 -3.911685549846644593e-03 3.442328470053951091e-04 -4.659352527642995492e-06 9.999999407410187224e-01 6.211986358034905613e-03 9.999967813491821289e-01 2.465622033923864365e-03 6.419817800633609295e-04 4.362609088420867920e-01 -2.464652527123689651e-03 9.999958276748657227e-01 -1.504008774645626545e-03 -6.292930338531732559e-03 -6.456891424022614956e-04 1.502413186244666576e-03 9.999986290931701660e-01 1.375176291912794113e-02 5.931507110595703125e+01
6.609534000000000000e+07 9.999987473888171108e-01 1.547934350923815556e-03 -3.303333502233067728e-04 3.995005827272586907e-01 -1.547906693012804629e-03 9.999987984665631435e-01 8.396652118432482571e-05 -4.142091561998684224e-03 3.304629279750620355e-04 -8.345509081955683754e-05 9.999999419147507229e-01 5.521993943263056419e-03 9.999980926513671875e-01 1.880416646599769592e-03 5.695268046110868454e-04 4.013836681842803955e-01 -1.879113959148526192e-03 9.999955892562866211e-01 -2.281784312799572945e-03 -1.013003196567296982e-02 -5.738110630773007870e-04 2.280716784298419952e-03 9.999971985816955566e-01 1.237895712256431580e-02 5.902595138549804688e+01
6.619908000000000000e+07 9.999992864182505325e-01 1.161317432850389247e-03 -2.801871037973576372e-04 3.707934554514302206e-01 -1.161286005857321011e-03 9.999993194014259457e-01 1.123009382839991677e-04 -4.462256706209427257e-03 2.803173301394685851e-04 -1.119754807861883522e-04 9.999999544418420871e-01 5.200000990564156503e-03 9.999989867210388184e-01 1.194130978547036648e-03 6.621251231990754604e-04 3.700081408023834229e-01 -1.193352974951267242e-03 9.999986290931701660e-01 -1.184603199362754822e-03 -5.361001938581466675e-03 -6.635470781475305557e-04 1.183813903480768204e-03 9.999991655349731445e-01 1.056969538331031799e-02 5.847225570678710938e+01
6.630307000000000000e+07 9.999999083617202578e-01 -1.715448104542312150e-04 -3.922358063761312882e-04 3.309239045515103839e-01 1.716101016617748018e-04 9.999999714252683081e-01 1.664314726679312227e-04 -2.992120850486429569e-03 3.922072447124700626e-04 -1.664987690435064795e-04 9.999999092258138322e-01 4.749495633884062706e-03 9.999993443489074707e-01 3.404922317713499069e-04 1.117919106036424637e-03 3.377239108085632324e-01 -3.407629847060889006e-04 9.999998807907104492e-01 2.479102404322475195e-04 -6.916975136846303940e-03 -1.117824576795101166e-03 -2.482968848198652267e-04 9.999993443489074707e-01 1.408692914992570877e-02 5.926979064941406250e+01
6.640705000000000000e+07 9.999998597034412962e-01 -3.020628677244085168e-04 -4.351449676451837542e-04 3.076750306682278224e-01 3.021267735836309100e-04 9.999999435841718798e-01 1.468028417650839280e-04 -2.480563852849787618e-03 4.351005994120979783e-04 -1.469342901043364812e-04 9.999998945488938196e-01 4.500580454719129223e-03 9.999998211860656738e-01 -4.218093527015298605e-04 4.784301854670047760e-04 3.077206909656524658e-01 4.213241045363247395e-04 9.999993443489074707e-01 1.026585348881781101e-03 -3.372222417965531349e-03 -4.788739897776395082e-04 -1.026385929435491562e-03 9.999993443489074707e-01 1.230329275131225586e-02 5.895270538330078125e+01
6.651293000000000000e+07 9.999986308265107482e-01 -1.566817889268933960e-03 -5.323785325808233189e-04 2.734602664277280826e-01 1.566901895133643741e-03 9.999987600190652914e-01 1.574130553934869627e-04 -5.414375798617928866e-04 5.321312348590937933e-04 -1.582470247700088839e-04 9.999998458971075532e-01 4.253148705238614900e-03 9.999993443489074707e-01 -1.055837958119809628e-03 -5.567941116169095039e-04 2.661888003349304199e-01 1.056612934917211533e-03 9.999985098838806152e-01 1.418466330505907536e-03 -1.906812773086130619e-03 5.553077789954841137e-04 -1.419047242961823940e-03 9.999988675117492676e-01 1.149987988173961639e-02 5.879904174804687500e+01
6.661480000000000000e+07 9.999985198398750885e-01 -1.621093734748821997e-03 -5.765182095465114752e-04 2.486055684705492097e-01 1.621162156899571454e-03 9.999986789261346987e-01 1.182341798502012126e-04 -2.925393421675790730e-05 5.763257792406385228e-04 -1.191686343222741584e-04 9.999998268237062504e-01 4.054788228059326774e-03 9.999983310699462891e-01 -1.694078557193279266e-03 -6.196339381858706474e-04 2.449626624584197998e-01 1.695160870440304279e-03 9.999970197677612305e-01 1.750328810885548592e-03 -2.549296943470835686e-03 6.166591192595660686e-04 -1.751381438225507736e-03 9.999982118606567383e-01 8.008783683180809021e-03 5.902592086791992188e+01
6.671880000000000000e+07 9.999972653823246960e-01 -2.247466057563760229e-03 -6.466249751997154085e-04 2.185541605706957102e-01 2.247525803873053410e-03 9.999974701074251238e-01 9.168533821061415124e-05 1.125043256148186479e-03 6.464172796097039219e-04 -9.313839389219166526e-05 9.999997867349343927e-01 3.834708470272304645e-03 9.999967813491821289e-01 -2.445066347718238831e-03 -6.681775557808578014e-04 2.252431213855743408e-01 2.446167171001434326e-03 9.999956488609313965e-01 1.637254608795046806e-03 -9.915073169395327568e-04 6.641738000325858593e-04 -1.638881862163543701e-03 9.999984502792358398e-01 5.216341000050306320e-03 5.927065658569335938e+01
6.682414000000000000e+07 9.999958671426130152e-01 -2.792878044221804544e-03 -6.822977906180432593e-04 2.154427096568425348e-01 2.792948351430194799e-03 9.999960944986902023e-01 1.021136869740368636e-04 1.726610683756213925e-03 6.820099348410058439e-04 -1.040188873611991202e-04 9.999997620212417448e-01 3.799259172507448573e-03 9.999962449073791504e-01 -2.472018823027610779e-03 -1.227346365340054035e-03 2.016506046056747437e-01 2.473347587510943413e-03 9.999963641166687012e-01 1.076419837772846222e-03 -3.556340700015425682e-03 1.224672654643654823e-03 -1.079445122741162777e-03 9.999986886978149414e-01 3.251954913139343262e-03 5.916966247558593750e+01
6.692676000000000000e+07 9.999960575147267550e-01 -2.716190314591691510e-03 -7.122258733904161202e-04 2.052347048455201994e-01 2.716247266584816480e-03 9.999963078726639143e-01 7.900829585208265962e-05 1.855178544583485807e-03 7.120086422080609042e-04 -8.094256581814454718e-05 9.999997432459810653e-01 3.688106356487256404e-03 9.999922513961791992e-01 -2.875894075259566307e-03 -2.659897319972515106e-03 1.968890279531478882e-01 2.876761136576533318e-03 9.999957680702209473e-01 3.259535878896713257e-04 -1.057189307175576687e-03 2.658957149833440781e-03 -3.336072841193526983e-04 9.999963641166687012e-01 1.836362178437411785e-03 5.928966522216796875e+01
6.703161000000000000e+07 9.999960118033246470e-01 -2.724295316687133824e-03 -7.447094872662932607e-04 1.952410649245113483e-01 2.724338696071254215e-03 9.999962873440100264e-01 5.724185910548604711e-05 2.069548884036111723e-03 7.445507786824583215e-04 -5.927047175130922715e-05 9.999997210655268143e-01 3.581119748238299674e-03 9.999952316284179688e-01 -2.343821572139859200e-03 -2.057866659015417099e-03 1.890255361795425415e-01 2.342854160815477371e-03 9.999971985816955566e-01 -4.717663978226482868e-04 -1.822734484449028969e-04 2.058970974758267403e-03 4.669345798902213573e-04 9.999977350234985352e-01 -3.232814138755202293e-03 5.855920028686523438e+01
6.713465000000000000e+07 9.999970808762630448e-01 -2.300139652828623281e-03 -7.399977707488160578e-04 1.868019329254420602e-01 2.300159838688122828e-03 9.999973542797062631e-01 2.642837024231160006e-05 1.797663453809453899e-03 7.399350239811773372e-04 -2.813040619786153033e-05 9.999997258523907195e-01 3.509472712289784472e-03 9.999974370002746582e-01 -2.245406154543161392e-03 -1.684678572928532958e-04 1.853472590446472168e-01 2.245263662189245224e-03 9.999971389770507812e-01 -8.171747904270887375e-04 1.791998860426247120e-03 1.703045563772320747e-04 8.168021449819207191e-04 9.999996423721313477e-01 -1.017350121401250362e-03 5.874508666992187500e+01
6.723847000000000000e+07 9.999964565064631827e-01 -2.556822604936424131e-03 -7.413723718768965888e-04 1.787195824414603007e-01 2.556854906186448693e-03 9.999967303328457513e-01 4.262501907348375851e-05 2.160588959331379271e-03 7.412609632285673163e-04 -4.452044953554223455e-05 9.999997242750310322e-01 3.462260899870945544e-03 9.999969005584716797e-01 -2.253219718113541603e-03 1.019679941236972809e-03 1.766105294227600098e-01 2.252307720482349396e-03 9.999970197677612305e-01 9.031125809997320175e-04 8.846573531627655029e-03 -1.021722797304391861e-03 -9.008095366880297661e-04 9.999991059303283691e-01 -5.528877954930067062e-03 5.894265747070312500e+01
6.734252000000000000e+07 9.999964686048038454e-01 -2.550058736828602485e-03 -7.483171952389700357e-04 1.763681239254626665e-01 2.550083408950895580e-03 9.999967480195661729e-01 3.201785577858775277e-05 2.183197876644366476e-03 7.482331143163778193e-04 -3.392601390366459669e-05 9.999997194980873028e-01 3.431418769208788126e-03 9.999971389770507812e-01 -2.390460344031453133e-03 4.476529138628393412e-04 1.654524654150009155e-01 2.389576984569430351e-03 9.999952912330627441e-01 1.962657785043120384e-03 1.138555351644754410e-02 -4.523343523032963276e-04 -1.961591886356472969e-03 9.999979138374328613e-01 -2.482363022863864899e-03 5.896511840820312500e+01
6.744648000000000000e+07 9.999961002477499861e-01 -2.701782989232363354e-03 -7.070065790497695457e-04 1.540759415052747328e-01 2.701779428717006847e-03 9.999963501695073864e-01 -5.991084242708739915e-06 2.379102322896816182e-03 7.070201852045140956e-04 4.080885128970058995e-06 9.999997500528814420e-01 3.043446786526167111e-03 9.999960064888000488e-01 -2.724132500588893890e-03 -6.379841943271458149e-04 1.501864641904830933e-01 2.725291997194290161e-03 9.999945163726806641e-01 1.824598060920834541e-03 1.385369244962930679e-02 6.330027244985103607e-04 -1.826320891268551350e-03 9.999981522560119629e-01 -3.349805250763893127e-03 5.838451385498046875e+01
6.755033000000000000e+07 9.999924111572691121e-01 -3.863809122372536750e-03 -4.986047068186181055e-04 1.314329670532121130e-01 3.863848949858876905e-03 9.999925321919127530e-01 7.893934424008878376e-05 3.339265925260077872e-03 4.982959767702013418e-04 -8.086527849062493528e-05 9.999998725809526867e-01 2.851010760701115990e-03 9.999929666519165039e-01 -3.667409531772136688e-03 -8.235390996560454369e-04 1.406193226575851440e-01 3.666970646008849144e-03 9.999932050704956055e-01 -5.349278217181563377e-04 4.381806589663028717e-03 8.255029679276049137e-04 5.318970652297139168e-04 9.999995231628417969e-01 -1.116541679948568344e-03 5.846796798706054688e+01
6.765429000000000000e+07 9.999901933712825874e-01 -4.417300521526536239e-03 -3.172029701681176525e-04 1.069004249475813545e-01 4.417331949010679104e-03 9.999902386960790590e-01 9.844473793671471278e-05 3.728107491707734460e-03 3.167650138692610935e-04 -9.984496331468594257e-05 9.999999448454541806e-01 2.642679946357312602e-03 9.999888539314270020e-01 -4.661166109144687653e-03 -6.841613794676959515e-04 1.328026205301284790e-01 4.660371225327253342e-03 9.999884963035583496e-01 -1.158537343144416809e-03 1.175799989141523838e-03 6.895425613038241863e-04 1.155340461991727352e-03 9.999991059303283691e-01 -1.434839214198291302e-03 5.865603256225585938e+01
6.775821000000000000e+07 9.999856327619224272e-01 -5.354247904767712486e-03 -2.574881478537075202e-04 1.036501187438997329e-01 5.354283985703345815e-03 9.999856559691963076e-01 1.396420043086844473e-04 4.481018207516842926e-03 2.567367765538430694e-04 -1.410186626557685793e-04 9.999999570999827947e-01 2.666486573615790313e-03 9.999853372573852539e-01 -5.399340298026800156e-03 -4.216610686853528023e-04 1.261250972747802734e-01 5.399203859269618988e-03 9.999853968620300293e-01 -3.215107135474681854e-04 4.011624492704868317e-03 4.233912040945142508e-04 3.192281292285770178e-04 9.999998211860656738e-01 -1.122717047110199928e-03 5.821545410156250000e+01
6.786219000000000000e+07 9.999776945983870347e-01 -6.674565444329580433e-03 -2.459320995184014706e-04 1.101280805627325027e-01 6.674616104573415434e-03 9.999777033349850353e-01 2.057511069913910639e-04 5.606086256415717360e-03 2.445533168478002768e-04 -2.073880199540253304e-04 9.999999485919417452e-01 2.822501185128798839e-03 9.999783635139465332e-01 -6.577535998076200485e-03 1.827261439757421613e-05 1.193436533212661743e-01 6.577508524060249329e-03 9.999775290489196777e-01 1.240064040757715702e-03 7.493717595934867859e-03 -2.642312028910964727e-05 -1.239919452928006649e-03 9.999992847442626953e-01 -2.010707976296544075e-03 5.898223876953125000e+01
6.796608000000000000e+07 9.999665184135504425e-01 -8.180681218394185092e-03 -1.962432997707785919e-04 1.092333196939873075e-01 8.180735472107321729e-03 9.999664987853190690e-01 2.772704741950725651e-04 6.870697757377738045e-03 1.939684641824707101e-04 -2.788666051501643636e-04 9.999999423048281377e-01 3.074717727946434283e-03 9.999700784683227539e-01 -7.736361119896173477e-03 -1.237872056663036346e-04 1.120738461613655090e-01 7.736608386039733887e-03 9.999678134918212891e-01 2.126284176483750343e-03 1.112965773791074753e-02 1.073287203325890005e-04 -2.127176150679588318e-03 9.999977350234985352e-01 -1.450174255296587944e-03 5.872662353515625000e+01
6.807019000000000000e+07 9.999666511450999717e-01 -8.164635004363041126e-03 -1.879716311071821322e-04 1.055141050664876734e-01 8.164689551320741812e-03 9.999666259458667161e-01 2.912720456590325163e-04 6.782267775659885090e-03 1.855872278075489448e-04 -2.927970620723524889e-04 9.999999399136292322e-01 3.084593656119760142e-03 9.999701380729675293e-01 -7.726138457655906677e-03 3.315446083433926105e-04 1.047567650675773621e-01 7.725404575467109680e-03 9.999678134918212891e-01 2.168484497815370560e-03 1.176536642014980316e-02 -3.482797765173017979e-04 -2.165858168154954910e-03 9.999975562095642090e-01 -7.543209358118474483e-04 5.843952178955078125e+01
6.817398000000000000e+07 9.999740877335123734e-01 -7.191200533718861664e-03 -3.324097658822603709e-04 7.842524450988327955e-02 7.191323571870960642e-03 9.999740734840625311e-01 3.704386778240840311e-04 5.272307153579700555e-03 3.297372488291783763e-04 -3.728195451106596642e-04 9.999998761394587321e-01 2.459585334493380720e-03 9.999750256538391113e-01 -6.984869483858346939e-03 1.073419349268078804e-03 9.257051348686218262e-02 6.983345840126276016e-03 9.999746084213256836e-01 1.417923951521515846e-03 1.475994940847158432e-02 -1.083296607248485088e-03 -1.410400611348450184e-03 9.999983906745910645e-01 2.801055961754173040e-04 5.832422256469726562e+01
6.827793000000000000e+07 9.999828588676156205e-01 -5.843145313785786527e-03 -3.736632382831156680e-04 6.664920141806703058e-02 5.843262785746688309e-03 9.999828786755207144e-01 3.140640990565722645e-04 4.054654655422871776e-03 3.718217185276723007e-04 -3.162421281100437310e-04 9.999998808697574404e-01 2.028519421205649681e-03 9.999796152114868164e-01 -6.363576278090476990e-03 5.846368148922920227e-04 7.675600051879882812e-02 6.362714339047670364e-03 9.999787211418151855e-01 1.466499757952988148e-03 1.233497075736522675e-02 -5.939566763117909431e-04 -1.462748507037758827e-03 9.999988079071044922e-01 1.607614540262147784e-04 5.867168045043945312e+01
6.838180000000000000e+07 9.999875052410337473e-01 -4.981251580820862668e-03 -4.201115994028510603e-04 2.872605107196979368e-02 4.981420979196619914e-03 9.999875113814272742e-01 4.031444680489747147e-04 3.324243584616502507e-03 4.180981887104383288e-04 -4.052321836532274445e-04 9.999998304903715551e-01 4.947331483609003011e-04 9.999884366989135742e-01 -4.798906389623880386e-03 2.398955402895808220e-04 6.199610233306884766e-02 4.798708483576774597e-03 9.999880790710449219e-01 8.077197126112878323e-04 1.095246989279985428e-02 -2.437699004076421261e-04 -8.065579459071159363e-04 9.999996423721313477e-01 -1.363611314445734024e-03 5.918127822875976562e+01
6.848593000000000000e+07 9.999901854478495666e-01 -4.410691192897967135e-03 -4.181027990103417793e-04 2.698550949043910380e-02 4.410851855288448926e-03 9.999901983682276674e-01 3.841251869226831959e-04 2.843166069197499563e-03 4.164044432356833920e-04 -3.859656065276400108e-04 9.999998388189220710e-01 3.391430606248758083e-04 9.999909400939941406e-01 -4.186439793556928635e-03 -7.943052914924919605e-04 4.786292836070060730e-02 4.186396021395921707e-03 9.999912977218627930e-01 -6.007532647345215082e-05 8.200497366487979889e-03 7.945497636683285236e-04 5.676074215443804860e-05 9.999996423721313477e-01 -1.388121396303176880e-03 5.857657623291015625e+01
6.858998000000000000e+07 9.999936628485164292e-01 -3.553284892243969983e-03 -2.200665581541019203e-04 2.410733037195543927e-03 3.553383628155430685e-03 9.999935855023768250e-01 4.499098796191969437e-04 2.272838906314804570e-03 2.184664885605576293e-04 -4.506890093765020104e-04 9.999998745758973406e-01 -3.823739721585071985e-05 9.999947547912597656e-01 -3.222520695999264717e-03 -4.087727575097233057e-04 3.603612631559371948e-02 3.222591010853648186e-03 9.999948143959045410e-01 1.891938882181420922e-04 7.967039011418819427e-03 4.081695806235074997e-04 -1.905185054056346416e-04 9.999998807907104492e-01 -2.006867667660117149e-03 5.823529434204101562e+01
6.869397000000000000e+07 9.999968822156461989e-01 -2.482574966420344770e-03 -2.690362009973053920e-04 2.804335003552487979e-03 2.482686467690504387e-03 9.999968320543103362e-01 4.149086649624429300e-04 1.185203447446498814e-03 2.680053068326929675e-04 -4.155753039071177378e-04 9.999998777351527535e-01 -3.896323603688367672e-04 9.999974966049194336e-01 -2.191584557294845581e-03 6.973585550440475345e-05 2.545265108346939087e-02 2.191613661125302315e-03 9.999975562095642090e-01 -2.081170532619580626e-04 6.896561942994594574e-03 -6.928407674422487617e-05 2.082766877720132470e-04 1.000000000000000000e+00 -6.741920951753854752e-04 5.872265625000000000e+01
6.879797000000000000e+07 9.999980482111133773e-01 -1.964131404082053878e-03 -2.139201460652327561e-04 -1.719273080500425014e-03 1.964223992346052303e-03 9.999979769617820535e-01 4.334702875473232277e-04 6.538022581448947688e-04 2.130683207003011273e-04 -4.338896285841402703e-04 9.999998831708347691e-01 -4.678196089295463410e-04 9.999979734420776367e-01 -1.935415435582399368e-03 -6.225559045560657978e-04 1.533124223351478577e-02 1.935714273713529110e-03 9.999979138374328613e-01 5.046371952630579472e-04 6.848416291177272797e-03 6.215735338628292084e-04 -5.058501847088336945e-04 9.999996423721313477e-01 -2.353047719225287437e-03 5.849113464355468750e+01
6.890206000000000000e+07 9.999995664098785264e-01 -9.305618483572338515e-04 -3.513864077274980990e-05 -1.221402840678246192e-02 9.305771304054880890e-04 9.999994713428119741e-01 4.374246549093367816e-04 -2.741810019127611511e-04 3.473157151173670876e-05 -4.374571644609718960e-04 9.999999037124714940e-01 -4.956683894020837101e-04 9.999995827674865723e-01 -8.598078857176005840e-04 2.125038008671253920e-04 7.207875140011310577e-03 8.597433334216475487e-04 9.999995827674865723e-01 2.810929727274924517e-04 5.674238316714763641e-03 -2.127469197148457170e-04 -2.809092402458190918e-04 1.000000000000000000e+00 -1.464479602873325348e-03 5.898396682739257812e+01
6.900604000000000000e+07 9.999999810298777492e-01 -1.936831316737608116e-04 2.066611702249135230e-05 -1.510325037554998730e-02 1.936745326207800705e-04 9.999998950129732611e-01 4.152881126437738511e-04 -9.174071018905170403e-04 -2.074654915558424439e-05 -4.152841022651240256e-04 9.999999135543432560e-01 -6.087974770677835037e-04 9.999999403953552246e-01 1.534099574200809002e-04 8.596510451752692461e-05 -2.641102066263556480e-03 -1.534018228994682431e-04 9.999999403953552246e-01 5.110105121275410056e-05 5.082618445158004761e-03 -8.595349208917468786e-05 -5.110727579449303448e-05 9.999999403953552246e-01 -2.338194986805319786e-03 5.814979171752929688e+01
6.911083000000000000e+07 9.999999970231777668e-01 -6.084137289968419000e-05 4.745494711269459675e-05 -1.504399253139645197e-02 6.082172608052280620e-05 9.999999124931046035e-01 4.139015686023273248e-04 -1.025277339708900335e-03 -4.748012529862278154e-05 -4.138986810785494071e-04 9.999999132167598503e-01 -5.678713586844047262e-04 9.999996423721313477e-01 4.584437647281447425e-06 -9.012821828946471214e-04 -7.034929469227790833e-03 -5.223063453740905970e-06 9.999998211860656738e-01 -7.070637657307088375e-04 2.886030357331037521e-03 9.012756054289638996e-04 7.070568972267210484e-04 9.999994039535522461e-01 -3.315052599646151066e-04 5.811779022216796875e+01
6.921423000000000000e+07 9.999999363556913989e-01 -3.565537568452196472e-04 1.257084285877378432e-05 -1.439775927472239370e-02 3.565484291244472824e-04 9.999998476894167432e-01 4.213007807257656613e-04 -7.657943433063630267e-04 -1.272105732669229999e-05 -4.212962717979007953e-04 9.999999111738052671e-01 -5.678211351195210782e-04 9.999991655349731445e-01 -2.901505213230848312e-04 -1.235252129845321178e-03 -1.668283599428832531e-03 2.896593650802969933e-04 9.999998211860656738e-01 -3.899108269251883030e-04 8.917030063457787037e-04 1.235358533449470997e-03 3.895613481290638447e-04 9.999991655349731445e-01 4.505430406425148249e-04 5.851433563232421875e+01
6.931819000000000000e+07 9.999999677853014246e-01 2.347384845830726579e-04 -9.657763385273861407e-05 -1.175962265034973669e-02 -2.347024589784216925e-04 9.999999029433617181e-01 3.728646151313433636e-04 -1.396855943702088928e-03 9.666515015471381428e-05 -3.728419361112763892e-04 9.999999258223662979e-01 -9.594278717645821812e-04 9.999999403953552246e-01 2.612695097923278809e-04 -3.333993954584002495e-04 2.963165054097771645e-03 -2.611859526950865984e-04 1.000000000000000000e+00 2.524380688555538654e-04 -2.619603648781776428e-03 3.334663924761116505e-04 -2.523476141504943371e-04 9.999998807907104492e-01 -1.696099177934229374e-03 5.812556838989257812e+01
6.942233000000000000e+07 9.999999977403088991e-01 -6.249072589501639770e-05 2.478490398381600043e-05 -1.511233910115285933e-02 6.248058366533467604e-05 9.999999144076403557e-01 4.089998727488922039e-04 -1.038751033949415195e-03 -2.481046056025898198e-05 -4.089983232494784435e-04 9.999999160524063457e-01 -6.279679243869217171e-04 9.999998211860656738e-01 -2.059585240203887224e-04 4.224997828714549541e-04 2.257179934531450272e-03 2.058639220194891095e-04 9.999999403953552246e-01 2.344466920476406813e-04 -5.442448426038026810e-03 -4.225475713610649109e-04 -2.343652449781075120e-04 9.999998807907104492e-01 -1.840837183408439159e-03 5.805884933471679688e+01
6.952632000000000000e+07 9.999999938268356869e-01 -1.110998881185283870e-04 -1.773121583780142395e-06 -1.485159667949494805e-02 1.111005960129344850e-04 9.999999120753788606e-01 4.043586278141608000e-04 -1.020682319379257819e-03 1.728197231544196690e-06 -4.043588223128447771e-04 9.999999182454782920e-01 -6.756267502797517642e-04 1.000000000000000000e+00 -1.505503169028088450e-04 -4.130759334657341242e-04 -5.740945925936102867e-04 1.505479885963723063e-04 1.000000000000000000e+00 -1.032036379911005497e-05 -4.143843892961740494e-03 4.130821325816214085e-04 1.025515484798233956e-05 9.999999403953552246e-01 -9.877970442175865173e-04 5.804198455810546875e+01
6.963032000000000000e+07 9.999999939107758751e-01 -1.183629525910208306e-05 -1.097194187556576564e-04 -1.094648029638282082e-02 1.187791506966033646e-05 9.999999279813261976e-01 3.793366093370941568e-04 -1.182861207303209650e-03 1.097149209138754175e-04 -3.793379102651151728e-04 9.999999220326929450e-01 -9.077907188235848643e-04 9.999999403953552246e-01 1.054943786584772170e-04 -1.936263470270205289e-05 -1.268762978725135326e-03 -1.054935637512244284e-04 1.000000000000000000e+00 -1.968460273928940296e-04 -2.488135360181331635e-03 1.933592102432157844e-05 1.968544383998960257e-04 9.999999403953552246e-01 -3.926414065062999725e-03 5.837257766723632812e+01
6.973433000000000000e+07 9.999999716627816504e-01 -2.368085525449084821e-04 -2.441615413438922685e-05 -1.408893791210689105e-02 2.368184531588387904e-04 9.999998894218914414e-01 4.062920593549546456e-04 -9.125040076664372177e-04 2.431993800534472841e-05 -4.062978300373020911e-04 9.999999171653081165e-01 -6.850084467739103733e-04 9.999998807907104492e-01 -2.060255355900153518e-04 4.486036195885390043e-04 -9.483736357651650906e-04 2.060108527075499296e-04 9.999999403953552246e-01 9.808433787839021534e-06 -2.911322982981801033e-03 -4.486023099161684513e-04 -9.725589734443929046e-06 9.999998807907104492e-01 -4.502858500927686691e-03 5.814038467407226562e+01
6.983843000000000000e+07 9.999999924022318076e-01 -1.028545183319092422e-04 -6.794472028177298570e-05 -1.294680969957644201e-02 1.028810121395199866e-04 9.999999186407901863e-01 3.900434810151449439e-04 -1.071462736001169971e-03 6.790459702115438914e-05 -3.900504682729848626e-04 9.999999216247991152e-01 -8.144229656066927789e-04 9.999998807907104492e-01 -3.513999035931192338e-05 -2.819586661644279957e-04 -1.573636429384350777e-03 3.514279887895099819e-05 1.000000000000000000e+00 -7.523697149736108258e-06 -1.618594164028763771e-03 2.819587534759193659e-04 7.524602096964372322e-06 9.999999403953552246e-01 -4.824647214263677597e-03 5.886783981323242188e+01
6.994331000000000000e+07 9.999999342788197243e-01 -3.577097104457824446e-04 -5.904331804728007153e-05 -1.272573479546946704e-02 3.577335875062829878e-04 9.999998540473666875e-01 4.048850608094001690e-04 -8.242475637433845049e-04 5.889847810531591445e-05 -4.049061559788163589e-04 9.999999162909797290e-01 -7.177450051929673601e-04 1.000000000000000000e+00 -1.904908276628702879e-04 -2.049093200184870511e-05 -7.288580527529120445e-04 1.904969831230118871e-04 1.000000000000000000e+00 -6.701350503135472536e-05 -8.630929514765739441e-04 2.050637158390600234e-05 6.700670201098546386e-05 1.000000119209289551e+00 -6.549688987433910370e-03 5.824153518676757812e+01
7.004725000000000000e+07 9.999999360947577909e-01 -3.449076103729047083e-04 -9.407030394582502342e-05 -1.132757780151152395e-02 3.449447903099618650e-04 9.999998622939560988e-01 3.955062118940539024e-04 -8.569116447667730896e-04 9.393387789090670847e-05 -3.955386356800310948e-04 9.999999173628046911e-01 -7.718563871725779785e-04 9.999999403953552246e-01 -7.099357753759250045e-05 2.004780108109116554e-04 1.458487706258893013e-03 7.100031507434323430e-05 1.000000000000000000e+00 -3.007283157785423100e-05 -1.607360900379717350e-03 -2.004801790462806821e-04 3.008369276358280331e-05 9.999999403953552246e-01 -4.060903098434209824e-03 5.878918457031250000e+01
7.015051000000000000e+07 9.999999778644169668e-01 -1.444049184988314581e-04 -1.530306652446173309e-04 -8.532263484943626922e-03 1.444632880543296862e-04 9.999999168010983430e-01 3.814815236348950223e-04 -1.080926297373923511e-03 1.529755647036351086e-04 -3.815036225039220496e-04 9.999999155267267348e-01 -9.127235367911901067e-04 1.000000119209289551e+00 -6.891002703923732042e-05 -1.890995372377801687e-05 1.741694286465644836e-03 6.890024087624624372e-05 1.000000000000000000e+00 -4.817872104467824101e-05 -2.434450667351484299e-03 1.891425745270680636e-05 4.818334855372086167e-05 9.999999403953552246e-01 -4.398183897137641907e-03 5.805401611328125000e+01
7.025445000000000000e+07 9.999998906894577155e-01 -4.540251887273615288e-04 -1.117238616425367265e-04 -1.018433263100019040e-02 4.540696770082587315e-04 9.999998175108580911e-01 3.984959390507142622e-04 -7.685054997392682524e-04 1.115429140772847266e-04 -3.985466259038944166e-04 9.999999143593870654e-01 -7.662519238700751887e-04 9.999998807907104492e-01 -2.141686709364876151e-04 -5.535280433832667768e-05 8.343018707819283009e-04 2.141576987924054265e-04 9.999999403953552246e-01 -1.279694261029362679e-04 -8.810142753645777702e-04 5.537990364246070385e-05 1.279528078157454729e-04 1.000000000000000000e+00 -2.154908375814557076e-03 5.821558380126953125e+01
7.035844000000000000e+07 9.999999554016888448e-01 -2.934086128589662060e-04 -5.574949792512093896e-05 -1.317127180851551324e-02 2.934309545452741638e-04 9.999998764817764618e-01 4.011666829545339099e-04 -8.768905508006746711e-04 5.563178527941594606e-05 -4.011830236915210732e-04 9.999999179786398518e-01 -7.405855886370949978e-04 1.000000000000000000e+00 -1.516111806267872453e-04 -5.422703543445095420e-05 3.749678842723369598e-03 1.516140036983415484e-04 1.000000000000000000e+00 -6.540976028190925717e-05 -3.060512477532029152e-03 5.424149640020914376e-05 6.540067261084914207e-05 1.000000119209289551e+00 -7.577782962471246719e-03 5.839056015014648438e+01
7.046245000000000000e+07 9.999999063756509488e-01 -4.321521281813576641e-04 -2.220910267885342325e-05 -1.395794176721593637e-02 4.321613215292498646e-04 9.999998202479130072e-01 4.156209405510168532e-04 -7.175337108621634204e-04 2.202948722891010259e-05 -4.156304995530802748e-04 9.999999133829987619e-01 -6.314518479799550218e-04 1.000000000000000000e+00 -1.090320074581541121e-04 1.167526570498012006e-04 1.718207844533026218e-03 1.090433506760746241e-04 1.000000000000000000e+00 -1.139262385549955070e-04 -8.664068300276994705e-04 -1.167467562481760979e-04 1.139403393608517945e-04 9.999998807907104492e-01 -5.160662811249494553e-03 5.833100891113281250e+01
7.056645000000000000e+07 9.999999418645117988e-01 -3.390867296223437698e-04 -3.593286870903769571e-05 -1.369723583970104859e-02 3.391013796824121564e-04 9.999998590740436510e-01 4.084876585187021542e-04 -8.195933000165931369e-04 3.579435091075053375e-05 -4.084998196555670452e-04 9.999999159233332602e-01 -6.918728445124894049e-04 1.000000000000000000e+00 -1.703413436189293861e-04 -2.475232213328126818e-05 2.173528773710131645e-03 1.703382149571552873e-04 9.999999403953552246e-01 -4.612069824361242354e-05 -1.840739743784070015e-03 2.477463021932635456e-05 4.611712211044505239e-05 1.000000119209289551e+00 -6.442062556743621826e-03 5.829008102416992188e+01
7.067064000000000000e+07 9.999999974653884793e-01 -7.010680642060858998e-05 -1.242010575311310590e-05 -1.487061903116367045e-02 7.011176708538161722e-05 9.999999175994278566e-01 3.998568298195681776e-04 -1.057756310214952658e-03 1.239207204548124223e-05 -3.998576996016123090e-04 9.999999199801283822e-01 -7.238034173617742323e-04 1.000000000000000000e+00 -7.098592323018237948e-05 -8.145143510773777962e-07 8.960427949205040932e-04 7.098616333678364754e-05 1.000000000000000000e+00 -3.129163087578490376e-05 -3.773946955334395170e-04 8.050139967963332310e-07 3.129571996396407485e-05 1.000000000000000000e+00 -4.335576202720403671e-03 5.847772979736328125e+01
7.077454000000000000e+07 9.999998458863803563e-01 -5.493471190447438406e-04 -8.028049784884127790e-05 -1.141322820651394405e-02 5.493800407920118329e-04 9.999997647785883181e-01 4.106389398395589958e-04 -6.715819132574198623e-04 8.005489564658263199e-05 -4.106829810576882083e-04 9.999999124653475846e-01 -6.844190751278332293e-04 1.000000000000000000e+00 -2.303688379470258951e-04 1.754506956785917282e-05 1.403294038027524948e-03 2.303734218003228307e-04 1.000000000000000000e+00 -3.266648855060338974e-05 -1.196852186694741249e-03 -1.752991011017002165e-05 3.267002466600388288e-05 1.000000000000000000e+00 -5.811953451484441757e-03 5.849814224243164062e+01
7.087855000000000000e+07 9.999999376051069699e-01 -3.531785933985246524e-04 -7.393091893036379768e-06 -1.410210941307215096e-02 3.531816324400311640e-04 9.999998514437036246e-01 4.151810349524723753e-04 -7.962608555290080119e-04 7.246457734229297097e-06 -4.151836201516757386e-04 9.999999137850176245e-01 -6.203238938428132319e-04 9.999999403953552246e-01 -2.955047530122101307e-04 2.168332139262929559e-05 -2.639254380483180285e-04 2.955060044769197702e-04 1.000000000000000000e+00 -7.081576040945947170e-05 1.536551164463162422e-03 -2.166655576729681343e-05 7.082256342982873321e-05 1.000000000000000000e+00 -3.690060693770647049e-03 5.873120117187500000e+01
7.098254000000000000e+07 9.999997185259210664e-01 -7.433662685777554921e-04 -1.017577446977544663e-04 -1.031209277224310987e-02 7.434083487992206073e-04 9.999996379233972998e-01 4.141220369714748760e-04 -4.882576050173257059e-04 1.014498634834249503e-04 -4.141975679679583012e-04 9.999999090741408247e-01 -6.686850414175765341e-04 9.999999403953552246e-01 -2.441497927065938711e-04 -2.029132519965060055e-05 6.605439120903611183e-04 2.441477554384618998e-04 9.999998807907104492e-01 -1.744125765981152654e-04 -1.675237872404977679e-04 2.033627424680162221e-05 1.743955945130437613e-04 1.000000000000000000e+00 -5.998564418405294418e-03 5.842579269409179688e+01
7.108668000000000000e+07 9.999998154335290046e-01 -6.075320521209214399e-04 -6.141710124070068983e-06 -1.356674569958580927e-02 6.075346362338830295e-04 9.999997230495645262e-01 4.298865789143661896e-04 -5.532249761312070611e-04 5.880538552687761050e-06 -4.298902308732731282e-04 9.999999075799018700e-01 -5.300188435334081015e-04 9.999998807907104492e-01 -4.245586169417947531e-04 -7.856197771616280079e-05 -1.077829394489526749e-03 4.245449963491410017e-04 9.999998807907104492e-01 -9.850268543232232332e-05 1.209423993714153767e-03 7.860287587391212583e-05 9.847779438132420182e-05 1.000000000000000000e+00 -5.205178167670965195e-03 5.822262573242187500e+01
7.119068000000000000e+07 9.999997601567401917e-01 -6.903051005486044887e-04 -5.626146025040940107e-05 -1.232707192184300145e-02 6.903287292084355322e-04 9.999996730824668445e-01 4.210477818659227769e-04 -5.130321813824748663e-04 5.597079043924570147e-05 -4.210865197810637170e-04 9.999999097767067191e-01 -6.064375792507574209e-04 9.999999403953552246e-01 -3.801510029006749392e-04 -2.890623591156327166e-06 -2.987912623211741447e-03 3.801508573815226555e-04 9.999999403953552246e-01 -1.318282302236184478e-04 2.520608017221093178e-03 2.940699914688593708e-06 1.318262948188930750e-04 1.000000000000000000e+00 -6.457593757659196854e-03 5.901091384887695312e+01
7.129467000000000000e+07 9.999996637451634696e-01 -8.161559663933678306e-04 -7.999363256685016940e-05 -1.084540647688053867e-02 8.161896984706782559e-04 9.999995776373798995e-01 4.225629140656760388e-04 -4.033236366433034245e-04 7.964872152819363132e-05 -4.226280619573673843e-04 9.999999075207945953e-01 -6.116805477651015861e-04 9.999998211860656738e-01 -5.628923536278307438e-04 -5.343797602108679712e-05 -3.003338817507028580e-03 5.628808285109698772e-04 9.999998211860656738e-01 -7.519424980273470283e-05 2.342486754059791565e-03 5.347373735276050866e-05 7.516602636314928532e-05 1.000000000000000000e+00 -7.478385232388973236e-03 5.864985656738281250e+01
7.139879000000000000e+07 9.999997629212378225e-01 -6.877702675139913020e-04 3.360878570348372729e-05 -1.310437311749168034e-02 6.877552582257614837e-04 9.999996646717044246e-01 4.445775704923469757e-04 -4.476689338544953848e-04 -3.391454165319264969e-05 -4.445543504744884061e-04 9.999999006106166100e-01 -3.956696898733086756e-04 9.999999403953552246e-01 -2.996097900904715061e-04 1.388941382174380124e-05 -2.642127685248851776e-03 2.996176481246948242e-04 9.999999403953552246e-01 -1.496957993367686868e-04 1.929116318933665752e-03 -1.384043207508511841e-05 1.496981130912899971e-04 1.000000000000000000e+00 -6.206140853464603424e-03 5.864400100708007812e+01
7.150301000000000000e+07 9.999999971431812185e-01 -6.729353055613111376e-05 -3.442700442196234959e-05 -1.411031771928444173e-02 6.730704324530441642e-05 9.999999206470248092e-01 3.926521519439333543e-04 -1.085252848340643268e-03 3.440057874154865843e-05 -3.926544680019801990e-04 9.999999223195346065e-01 -7.561110412846194524e-04 1.000000000000000000e+00 1.773491385392844677e-05 -1.666257412580307573e-05 -2.327021211385726929e-03 -1.773499207047279924e-05 1.000000000000000000e+00 -8.107053872663527727e-05 -7.412056438624858856e-04 1.665908348513767123e-05 8.107646135613322258e-05 9.999999403953552246e-01 -4.145628772675991058e-03 5.947884750366210938e+01
7.160692000000000000e+07 9.999999411970365015e-01 -3.428806795696737512e-04 6.226697942209486895e-06 -1.439570466946643590e-02 3.428780345288095729e-04 9.999998530441800426e-01 4.199360585542638536e-04 -7.898490464058764487e-04 -6.370684977711587167e-06 -4.199338988629858259e-04 9.999999118074700544e-01 -5.830709582563585805e-04 1.000000000000000000e+00 -5.458970554172992706e-05 6.641304935328662395e-05 -2.008857438340783119e-03 5.460088868858292699e-05 9.999999403953552246e-01 -1.305600017076358199e-04 -6.874026730656623840e-04 -6.639888306381180882e-05 1.305607438553124666e-04 1.000000000000000000e+00 -4.008782561868429184e-03 5.924307250976562500e+01
7.171099000000000000e+07 9.999998554970969122e-01 -5.375759495330774797e-04 4.228906694757005421e-06 -1.379839586817863638e-02 5.375740822406628204e-04 9.999997631371544404e-01 4.298136116308311325e-04 -6.021022750419455748e-04 -4.459963153659457638e-06 -4.298112761708792920e-04 9.999999076211835147e-01 -5.208021761438741230e-04 1.000000000000000000e+00 -2.247498341603204608e-04 2.278041574754752219e-05 -2.335318131372332573e-03 2.247392403660342097e-04 1.000000000000000000e+00 4.257549153408035636e-05 -3.293191839475184679e-04 -2.279720320075284690e-05 -4.256540705682709813e-05 1.000000000000000000e+00 -4.915132187306880951e-03 5.942464065551757812e+01
7.181772000000000000e+07 9.999999666687677813e-01 -2.557983238682040171e-04 3.506680603575638880e-05 -1.465017205596915763e-02 2.557834527954569860e-04 9.999998776413873136e-01 4.234289033761236341e-04 -8.534867102440366320e-04 -3.517511414858766447e-05 -4.234199197540071337e-04 9.999999097391375491e-01 -5.400163499481455904e-04 1.000000000000000000e+00 -7.676811947021633387e-05 -5.681499169440940022e-05 -1.913955784402787685e-03 7.677078974666073918e-05 1.000000000000000000e+00 -6.384764128597453237e-05 5.158858839422464371e-04 5.682618939317762852e-05 6.383068102877587080e-05 1.000000000000000000e+00 -3.634324297308921814e-03 5.957324981689453125e+01
7.191896000000000000e+07 9.999998973266871483e-01 -4.527443639305935475e-04 -1.921394207054798913e-05 -1.379496729647114971e-02 4.527523446524931816e-04 9.999998103923353199e-01 4.174094439339736079e-04 -7.058804268607593970e-04 1.902495867217841136e-05 -4.174181002336642171e-04 9.999999127000946952e-01 -6.167153597105301272e-04 9.999999403953552246e-01 -5.281150515656918287e-05 1.618916576262563467e-05 -1.167988171800971031e-03 5.281917037791572511e-05 9.999999403953552246e-01 -1.459091290598735213e-04 5.915559595450758934e-04 -1.619522663531824946e-05 1.459115592297166586e-04 1.000000000000000000e+00 -2.596947364509105682e-03 5.897670364379882812e+01
7.202308000000000000e+07 9.999999238344662311e-01 -3.902716889619280670e-04 -4.368408377212020573e-06 -1.397901382118326742e-02 3.902734861136029389e-04 9.999998359588032626e-01 4.192481358501437376e-04 -7.528653167150334540e-04 4.204786995961782518e-06 -4.192498087917146017e-04 9.999999121059621743e-01 -5.920105051630547436e-04 1.000000000000000000e+00 -2.399482764303684235e-04 -8.547704055672511458e-06 -1.365518779493868351e-03 2.399458317086100578e-04 1.000000000000000000e+00 -1.722768211038783193e-04 4.782302421517670155e-04 8.601051376899704337e-06 1.722759916447103024e-04 1.000000000000000000e+00 -9.091495303437113762e-04 5.842972946166992188e+01
7.212705000000000000e+07 9.999999786894396836e-01 -2.043496043289013114e-04 -2.936594863386586169e-05 -1.419904837592590036e-02 2.043614239564232622e-04 9.999998978909017122e-01 4.030565628368609375e-04 -9.497985680580013157e-04 2.928358118551090499e-05 -4.030625555146283680e-04 9.999999183415201331e-01 -7.136321778340065950e-04 1.000000000000000000e+00 2.553024205553811044e-05 5.882517143618315458e-05 -4.453117144294083118e-04 -2.552557270973920822e-05 1.000000000000000000e+00 -9.365209552925080061e-05 -1.896339701488614082e-03 -5.883087214897386730e-05 9.365250298287719488e-05 1.000000000000000000e+00 -9.843985317274928093e-04 5.874483108520507812e+01
7.223197000000000000e+07 9.999999980098936980e-01 -3.854775041242331716e-05 -4.994280405901073552e-05 -1.358754093670501255e-02 3.856718485343068388e-05 9.999999235212878590e-01 3.891914652848197818e-04 -1.094180287540381415e-03 4.992779778456614279e-05 -3.891933906635687947e-04 9.999999230178598930e-01 -8.080631993058242637e-04 9.999999403953552246e-01 -1.834651484386995435e-04 -7.953838212415575981e-05 -7.043152581900358200e-04 1.834635477280244231e-04 9.999999403953552246e-01 2.231100552307907492e-05 -2.499107213225215673e-04 7.953394379001110792e-05 -2.232693441328592598e-05 9.999999403953552246e-01 -1.607306301593780518e-03 5.926166534423828125e+01
7.233512000000000000e+07 9.999999927811465961e-01 -1.188483033791667433e-04 -1.768581526759094243e-05 -1.451692196660515910e-02 1.188553837829717783e-04 9.999999125832730318e-01 4.008825908152991108e-04 -1.016785472688767986e-03 1.763816950786845143e-05 -4.008846899756557175e-04 9.999999194901804112e-01 -7.193550006558674772e-04 1.000000000000000000e+00 -7.708439807174727321e-05 1.290549153054598719e-05 5.543815786950290203e-04 7.709422789048403502e-05 1.000000000000000000e+00 -5.650695675285533071e-05 -7.650220068171620369e-04 -1.289972806262085214e-05 5.650632738252170384e-05 1.000000000000000000e+00 -4.180578049272298813e-03 5.958483123779296875e+01
7.243920000000000000e+07 9.999999914703036064e-01 -1.161337878823715349e-04 -5.976902890948367655e-05 -1.340833015427404275e-02 1.161572125471693376e-04 9.999999163960069382e-01 3.920656682583805244e-04 -1.051420625696031837e-03 5.972349184334489167e-05 -3.920726075176779110e-04 9.999999213560877287e-01 -8.030416426821050148e-04 1.000000000000000000e+00 -7.803054177202284336e-05 4.291565346647985280e-05 2.802672388497740030e-04 7.802455365890637040e-05 1.000000000000000000e+00 4.501581315707881004e-06 -1.098235807148739696e-04 -4.291239019948989153e-05 -4.492157586355460808e-06 1.000000000000000000e+00 -2.822623122483491898e-03 6.249670410156250000e+01
7.254319000000000000e+07 9.999999858497730099e-01 -1.620842894792958420e-04 -4.504593861691480282e-05 -1.379171711777226091e-02 1.621021720327035266e-04 9.999999079516604938e-01 3.972650927143402729e-04 -1.002139162049896053e-03 4.498154403938153979e-05 -3.972723891375355091e-04 9.999999200756505280e-01 -7.494028799544992731e-04 1.000000000000000000e+00 -1.184053835459053516e-04 6.458607822423800826e-05 3.941542236134409904e-04 1.184085849672555923e-04 9.999999403953552246e-01 -5.333912849891930819e-05 -4.375395947135984898e-04 -6.457763811340555549e-05 5.333771332516334951e-05 9.999999403953552246e-01 -2.883440582081675529e-03 6.057878494262695312e+01
7.264720000000000000e+07 9.999999353901425359e-01 -3.580712294497659983e-04 3.169700370493676658e-05 -1.405392097161091945e-02 3.580576382916751069e-04 9.999998444098056050e-01 4.277558641974429227e-04 -7.674810091329749544e-04 -3.185016584769575360e-05 -4.277444872054416564e-04 9.999999080101023008e-01 -5.043814281907945968e-04 9.999998807907104492e-01 -2.469407918397337198e-04 1.616781082702800632e-05 -1.086619522538967431e-04 2.469466999173164368e-04 1.000000000000000000e+00 -3.846030449494719505e-05 3.711610042955726385e-04 -1.615721521375235170e-05 3.847611878882162273e-05 1.000000119209289551e+00 -2.246859250590205193e-03 5.963699340820312500e+01
7.275120000000000000e+07 9.999999065182397784e-01 -4.323688869831358427e-04 4.544460570803200025e-06 -1.396209681738091665e-02 4.323669241804467978e-04 9.999998169020846150e-01 4.233847305049012635e-04 -7.092541231786903206e-04 -4.727518128478451387e-06 -4.233827260516569266e-04 9.999999103623524732e-01 -5.536239364461833417e-04 1.000000000000000000e+00 -2.425853454042226076e-04 -2.356824552407488227e-05 6.550718098878860474e-04 2.425816637696698308e-04 1.000000000000000000e+00 -2.377722739765886217e-05 2.067586407065391541e-03 2.356638833589386195e-05 2.376234260736964643e-05 9.999999403953552246e-01 -4.802272189408540726e-03 5.941260910034179688e+01
7.285518000000000000e+07 9.999998940361490840e-01 -4.576821594161757352e-04 4.954546283399847013e-05 -1.340564611148793543e-02 4.576604914257458327e-04 9.999998000216983041e-01 4.364670413800539046e-04 -6.606648614242477315e-04 -4.974521608389753240e-05 -4.364443201317428083e-04 9.999999035208895215e-01 -4.185403176349946014e-04 1.000000000000000000e+00 -1.271409564651548862e-04 8.389718277612701058e-05 1.336269342573359609e-04 1.271460787393152714e-04 9.999999403953552246e-01 1.765778733897604980e-06 1.367065473459661007e-03 -8.389780123252421618e-05 -1.752263415255583823e-06 1.000000000000000000e+00 -3.669998608529567719e-03 5.935670471191406250e+01
7.295921000000000000e+07 9.999999291963328485e-01 -3.706352754235698742e-04 -6.509095737871551843e-05 -1.250384109877624057e-02 3.706615798435674148e-04 9.999998494657931225e-01 4.045718814685352613e-04 -8.075696123776619859e-04 6.494099898102855353e-05 -4.045959795386187266e-04 9.999999160423829192e-01 -7.156616287687026087e-04 9.999999403953552246e-01 -1.214342319144634530e-05 2.912735652671472053e-08 2.085978776449337602e-04 1.214146413985872641e-05 1.000000000000000000e+00 -1.320056908298283815e-04 -3.818915283773094416e-04 -2.430475198877957155e-08 1.320026349276304245e-04 1.000000000000000000e+00 -2.280860207974910736e-03 5.924412918090820312e+01
7.306330000000000000e+07 9.999999534157254510e-01 -3.017191139795972338e-04 -4.619657576437467714e-05 -1.330669863194566295e-02 3.017377510852025518e-04 9.999998728867750541e-01 4.039563893103474343e-04 -8.667508096238858446e-04 4.607468852885639291e-05 -4.039703097431486881e-04 9.999999173425528909e-01 -7.152857251470389529e-04 1.000000119209289551e+00 -1.520564692327752709e-04 1.455809297112864442e-06 1.812690607039257884e-04 1.520591031294316053e-04 1.000000000000000000e+00 -7.316117262234911323e-05 -4.824067291337996721e-04 -1.441958715986402240e-06 7.315571565413847566e-05 9.999999403953552246e-01 -5.474564386531710625e-04 5.870201492309570312e+01
7.316746000000000000e+07 9.999999938057586579e-01 -1.008315664402039433e-04 -4.713256172442979687e-05 -1.384723708345237531e-02 1.008501060388220763e-04 9.999999174882311381e-01 3.935133974416455240e-04 -1.051940580333887839e-03 4.709287926481865770e-05 -3.935181483277777224e-04 9.999999214628639832e-01 -7.799819873923695933e-04 9.999998807907104492e-01 3.304747588117606938e-05 3.277473661000840366e-05 -2.658537123352289200e-04 -3.305216887383721769e-05 9.999999403953552246e-01 8.188376523321494460e-05 5.317093455232679844e-04 -3.276732240919955075e-05 -8.187009370885789394e-05 1.000000000000000000e+00 -2.051915362244471908e-04 5.946726226806640625e+01
7.327173000000000000e+07 9.999999209337842032e-01 -3.957413437682728722e-04 -3.900291127670699762e-05 -1.329144988272860407e-02 3.957573489379544304e-04 9.999998371418343801e-01 4.112085262159765383e-04 -7.804835465162673555e-04 3.884017272334402396e-05 -4.112239293907820562e-04 9.999999146931637384e-01 -6.659514251595994964e-04 1.000000000000000000e+00 -1.051509116223314777e-05 1.000343672785675153e-05 -1.010268388199619949e-04 1.051517938321921974e-05 1.000000000000000000e+00 -2.771971594484057277e-05 -2.204050542786717415e-04 -1.000430165731813759e-05 2.771766412479337305e-05 1.000000000000000000e+00 -9.053790126927196980e-04 6.113129425048828125e+01
7.337531000000000000e+07 9.999999482272328155e-01 -3.211621334283482846e-04 2.001042092841600709e-05 -1.436375768750820445e-02 3.211536421933341209e-04 9.999998590043072122e-01 4.229086271138514591e-04 -8.078291958717961387e-04 -2.014624034246878989e-05 -4.229021787992094444e-04 9.999999103739350970e-01 -5.535979110317682189e-04 1.000000000000000000e+00 3.854876194964163005e-05 6.248558202059939504e-05 -2.930219634436070919e-04 -3.855164686683565378e-05 1.000000000000000000e+00 -3.671868034871295094e-05 -4.379156507638981566e-06 -6.249641592148691416e-05 3.671298327390104532e-05 1.000000000000000000e+00 -1.465301844291388988e-03 5.902915191650390625e+01
7.347944000000000000e+07 9.999999967689860991e-01 -6.603165120370797401e-05 -4.584592865033909403e-05 -1.394232306304856589e-02 6.604962227381654496e-05 9.999999209484706775e-01 3.920975723099311052e-04 -1.086219334949900311e-03 4.582003417705282844e-05 -3.921005991492072882e-04 9.999999220788223786e-01 -7.875311851432507254e-04 1.000000000000000000e+00 -9.453111124457791448e-05 2.178242311856593005e-06 1.102974754758179188e-03 9.454004612052813172e-05 1.000000000000000000e+00 1.082327216863632202e-04 4.820551257580518723e-03 -2.185945277233258821e-06 -1.082248054444789886e-04 9.999999403953552246e-01 -4.020876716822385788e-03 5.917174530029296875e+01
7.358346000000000000e+07 9.999999231248383191e-01 -3.872849266508496952e-04 -6.132467145497461308e-05 -1.245600084709926926e-02 3.873097374571584511e-04 9.999998429476427697e-01 4.050874990912912911e-04 -7.981326014261643041e-04 6.116777755388508092e-05 -4.051112195906402045e-04 9.999999160717045754e-01 -7.071913054402484237e-04 1.000000000000000000e+00 -9.746488649398088455e-05 6.971785478526726365e-05 -5.517816171050071716e-04 9.745444549480453134e-05 1.000000000000000000e+00 6.770636537112295628e-05 3.650374477729201317e-03 -6.972305709496140480e-05 -6.770357140339910984e-05 1.000000000000000000e+00 -2.969358582049608231e-03 5.946688079833984375e+01
7.368760000000000000e+07 9.999999083348692919e-01 -4.176107768407444636e-04 -9.450665479637493751e-05 -1.109266201927283993e-02 4.176484935478885492e-04 9.999998330153768711e-01 3.994233129189818376e-04 -8.119631963865632258e-04 9.433983554952035287e-05 -3.994627468644172674e-04 9.999999157647583292e-01 -7.454064425425158688e-04 1.000000000000000000e+00 -2.063757710857316852e-05 -9.850868082139641047e-05 -2.567827468737959862e-04 2.062124076473992318e-05 9.999999403953552246e-01 -2.058392055914737284e-05 3.088672878220677376e-03 9.851563663687556982e-05 2.057648998743388802e-05 1.000000000000000000e+00 -1.234664814546704292e-03 6.019087982177734375e+01
7.379156000000000000e+07 9.999999867103248619e-01 -1.537622001170534309e-04 -5.418980999558159305e-05 -1.350645479150322514e-02 1.537836224623602215e-04 9.999999099500037625e-01 3.955383413056471763e-04 -1.008333022268543926e-03 5.412898626935741710e-05 -3.955466695544681134e-04 9.999999203064382503e-01 -7.710591185391141170e-04 1.000000000000000000e+00 -2.577050690888427198e-05 2.773990672721993178e-05 -2.538232365623116493e-04 2.578215207904577255e-05 1.000000000000000000e+00 -3.251119778724387288e-05 1.187378307804465294e-03 -2.774727363430429250e-05 3.251294401707127690e-05 1.000000000000000000e+00 -9.419776033610105515e-04 5.945500946044921875e+01
7.389566000000000000e+07 9.999999911836988664e-01 -1.015788669492344158e-04 -8.552389492659330842e-05 -1.201365197530016894e-02 1.016118682428037031e-04 9.999999203563672001e-01 3.859563370127807626e-04 -1.083067618976488612e-03 8.548468310938715461e-05 -3.859650238524545661e-04 9.999999218616848484e-01 -8.331831386919740651e-04 1.000000000000000000e+00 1.243888691533356905e-04 2.188961298088543117e-05 7.024529622867703438e-04 -1.243926380993798375e-04 1.000000000000000000e+00 8.454531780444085598e-06 -3.421243280172348022e-03 -2.189206315961200744e-05 -8.455069291812833399e-06 1.000000000000000000e+00 -2.860553795471787453e-04 5.876163101196289062e+01
7.399956000000000000e+07 9.999999651053849137e-01 -2.193428737730285423e-04 -1.472342766733829278e-04 -8.880598502352114731e-03 2.193996695648381217e-04 9.999999014933568242e-01 3.858459027072668498e-04 -1.005353282048328332e-03 1.471496296202774745e-04 -3.858781923951327378e-04 9.999999147224994944e-01 -8.901971086882766015e-04 9.999999403953552246e-01 3.475710036582313478e-05 1.460504427086561918e-05 1.648489997023716569e-04 -3.474981349427253008e-05 1.000000000000000000e+00 -1.286763199459528551e-05 -1.605528988875448704e-03 -1.460060138924745843e-05 1.287423856410896406e-05 9.999999403953552246e-01 -3.307290899101644754e-05 5.909308624267578125e+01
7.410368000000000000e+07 9.999999906509315917e-01 -1.356347675323911419e-04 -1.735936196179264216e-05 -1.453824755829568119e-02 1.356417160126886855e-04 9.999999104404500017e-01 4.008995197873735958e-04 -9.849319332887820650e-04 1.730498449636488231e-05 -4.009018706928765244e-04 9.999999194891141530e-01 -7.184547782461914384e-04 1.000000000000000000e+00 -3.932900654035620391e-05 -2.190625082221231423e-06 1.422646600985899568e-04 3.932111940230242908e-05 1.000000000000000000e+00 -6.231149745872244239e-05 -4.484197706915438175e-04 2.200343487857026048e-06 6.230021972442045808e-05 1.000000000000000000e+00 -8.542534778825938702e-04 5.984560012817382812e+01
7.420770000000000000e+07 9.999999626847261291e-01 -2.726835467411289514e-04 -1.656002043826937053e-05 -1.436124019062613201e-02 2.726902800122191608e-04 9.999998796018454428e-01 4.079660773694125837e-04 -8.716415279019852939e-04 1.644877281425089266e-05 -4.079705779023857885e-04 9.999999166447243182e-01 -6.646043906970803281e-04 1.000000000000000000e+00 -1.964855073310900480e-05 -6.488938379334285855e-05 1.004916994133964181e-04 1.965719457075465471e-05 1.000000000000000000e+00 1.029499162541469559e-05 9.370076586492359638e-04 6.488618964795023203e-05 -1.030362545861862600e-05 1.000000000000000000e+00 -2.277331659570336342e-03 5.942835235595703125e+01
7.431171000000000000e+07 9.999999771218308631e-01 -2.097825675344401435e-04 -4.180444512988712772e-05 -1.369662476122916576e-02 2.097992652954226895e-04 9.999998980632288648e-01 3.998222085759157974e-04 -9.377988003728674783e-04 4.172056513831678645e-05 -3.998309699706618947e-04 9.999999191972910317e-01 -7.365157365243371569e-04 1.000000000000000000e+00 -1.516621159680653363e-05 8.360554056707769632e-05 1.609722711145877838e-02 1.517238342785276473e-05 9.999999403953552246e-01 -1.973089820239692926e-05 -3.156459704041481018e-02 -8.361529762623831630e-05 1.973625876416917890e-05 1.000000000000000000e+00 -3.798023238778114319e-02 5.891945648193359375e+01
7.441568000000000000e+07 9.999994026836197536e-01 -1.091433776902115283e-03 -5.834982524383626560e-05 -1.125541569431130588e-02 1.091459417905209922e-03 9.999993070181844024e-01 4.412249718796016880e-04 -1.368374753933924081e-04 5.786821696598925803e-05 -4.412883947956468787e-04 9.999999009579051412e-01 -4.913088214694852959e-04 9.999997615814208984e-01 -6.561226909980177879e-04 -1.880734052974730730e-04 1.165428292006254196e-02 6.561425980180501938e-04 9.999997615814208984e-01 1.147405127994716167e-04 -2.066934294998645782e-02 1.880089839687570930e-04 -1.148623487097211182e-04 9.999999403953552246e-01 -2.643122151494026184e-02 5.895126342773437500e+01
7.451980000000000000e+07 9.999965488949966730e-01 -2.627086098528606545e-03 -2.483702629631600180e-05 -5.163261126463290947e-03 2.627100084663931950e-03 9.999963804238876097e-01 5.809340981268260734e-04 1.250434684017812364e-03 2.331077253672246487e-05 -5.809973426147609782e-04 9.999998309493373094e-01 1.423959310627757272e-04 9.999971985816955566e-01 -2.329699927940964699e-03 -4.300021391827613115e-04 1.362980622798204422e-02 2.329783048480749130e-03 9.999973177909851074e-01 2.130467619281262159e-04 -1.866022497415542603e-02 4.294992249924689531e-04 -2.140397264156490564e-04 9.999999403953552246e-01 -2.236485667526721954e-02 5.895935821533203125e+01
7.462389000000000000e+07 9.999973220433625576e-01 -2.311565208777970840e-03 -1.121259361371206904e-04 -6.689840974863962841e-03 2.311620311754687077e-03 9.999972062708626375e-01 4.938236866543883018e-04 9.830354140132541770e-04 1.109841171994194604e-04 -4.940815568152919553e-04 9.999998717829583494e-01 -2.075116885966605531e-04 9.999984502792358398e-01 -1.764892367646098137e-03 -3.567803360056132078e-04 1.913822442293167114e-02 1.765088294632732868e-03 9.999983310699462891e-01 5.324630765244364738e-04 -1.797979697585105896e-02 3.558415919542312622e-04 -5.330908461473882198e-04 9.999998211860656738e-01 -2.291170321404933929e-02 5.912899017333984375e+01
7.472784000000000000e+07 9.999934455524914778e-01 -3.617598455696621144e-03 -1.477616234315651581e-04 -1.745836986294751559e-03 3.617672035521238890e-03 9.999933308176136570e-01 5.007687753906749127e-04 2.301390371089231338e-03 1.459490576376870304e-04 -5.013000462199050612e-04 9.999998636985590883e-01 8.486639142119948599e-05 9.999954104423522949e-01 -3.027482423931360245e-03 -1.758757862262427807e-04 2.154910564422607422e-02 3.027585567906498909e-03 9.999952316284179688e-01 6.039690342731773853e-04 -1.192093361169099808e-02 1.740508159855380654e-04 -6.045085028745234013e-04 9.999997615814208984e-01 -1.598869077861309052e-02 5.935219192504882812e+01
7.483185000000000000e+07 9.999865669342539176e-01 -5.178533000678434660e-03 -2.207905485987022784e-04 3.295884525856543432e-03 5.178692514933921388e-03 9.999863253967726795e-01 7.281241530974918476e-04 3.565801805355322748e-03 2.170169146252952028e-04 -7.292577784576404452e-04 9.999997105433494626e-01 3.221432974094307370e-04 9.999883174896240234e-01 -4.817945882678031921e-03 1.987277355510741472e-04 2.784523554146289825e-02 4.818026442080736160e-03 9.999882578849792480e-01 -4.110863956157118082e-04 -1.767092570662498474e-02 -1.967544667422771454e-04 4.120434750802814960e-04 9.999998807907104492e-01 -1.713010855019092560e-02 5.874780654907226562e+01
7.493585000000000000e+07 9.999843976145741387e-01 -5.578304847333446538e-03 -2.950281459588115739e-04 9.290196745159297678e-03 5.578489649955171124e-03 9.999842420796856146e-01 6.293208188801612153e-04 4.039116299489480671e-03 2.915129534596104825e-04 -6.309568114769388211e-04 9.999997584568143250e-01 3.330256418682903206e-04 9.999846816062927246e-01 -5.543692968785762787e-03 4.256438114680349827e-05 2.957844547927379608e-02 5.543689709156751633e-03 9.999846816062927246e-01 5.793298987555317581e-05 -1.092008315026760101e-02 -4.288147829356603324e-05 -5.769677591160871089e-05 1.000000000000000000e+00 -1.177671458572149277e-02 5.891644668579101562e+01
7.503985000000000000e+07 9.999759355334180144e-01 -6.926962190183092415e-03 -3.815072083192389257e-04 1.435570104882730527e-02 6.927268153208166086e-03 9.999756808886682835e-01 8.065891361625361329e-04 5.041815522084224649e-03 3.759107178222157548e-04 -8.092125288212929793e-04 9.999996019330191777e-01 5.310006577922088368e-04 9.999805688858032227e-01 -6.227025762200355530e-03 5.462453191285021603e-05 3.460237756371498108e-02 6.226976867765188217e-03 9.999802708625793457e-01 7.518468191847205162e-04 -1.012654416263103485e-02 -5.930387851549312472e-05 -7.514929748140275478e-04 9.999997615814208984e-01 -1.338845491409301758e-02 5.962515258789062500e+01
7.514381000000000000e+07 9.999691254427061082e-01 -7.846315814060275326e-03 -4.283579987362210362e-04 1.994759077814487261e-02 7.846692557701791595e-03 9.999688225862326529e-01 8.850268349487330028e-04 5.735381288933695879e-03 4.214004437123549415e-04 -8.883607035994458894e-04 9.999995166183548445e-01 6.208745426978318693e-04 9.999705553054809570e-01 -7.673095446079969406e-03 1.201627528644166887e-04 3.454820066690444946e-02 7.673066109418869019e-03 9.999706149101257324e-01 3.549767716322094202e-04 -3.084957133978605270e-03 -1.228860783157870173e-04 -3.540490870364010334e-04 9.999999403953552246e-01 -7.597905583679676056e-03 5.925347137451171875e+01
7.524781000000000000e+07 9.999605075506693419e-01 -8.874897171777156382e-03 -4.685533882002376055e-04 2.915609372752626938e-02 8.875313347986557230e-03 9.999602142347426836e-01 8.937358026713399786e-04 6.504364548650652146e-03 4.606029334076563488e-04 -8.978590648352162808e-04 9.999994908469089783e-01 8.137202108742841618e-04 9.999596476554870605e-01 -8.987462148070335388e-03 -1.010311971185728908e-04 4.012111946940422058e-02 8.987502194941043854e-03 9.999595880508422852e-01 1.616478257346898317e-04 -7.604111451655626297e-03 9.957164002116769552e-05 -1.625472214072942734e-04 1.000000000000000000e+00 -8.858126588165760040e-03 5.964992141723632812e+01
7.535171000000000000e+07 9.999552855093877257e-01 -9.444781019595414884e-03 -4.723213429087423556e-04 3.240167409655821118e-02 9.445226459471791486e-03 9.999549416563592308e-01 9.499201185118272359e-04 6.906724263631529304e-03 4.633282727946419575e-04 -9.543388256535386988e-04 9.999994372819633881e-01 7.702171951956509992e-04 9.999550580978393555e-01 -9.478834457695484161e-03 1.775874552549794316e-04 4.240875318646430969e-02 9.478704072535037994e-03 9.999550580978393555e-01 3.228239656891673803e-04 -1.452597556635737419e-03 -1.806366199161857367e-04 -3.211250004824250937e-04 9.999999403953552246e-01 -5.294687580317258835e-03 5.917119979858398438e+01
7.545573000000000000e+07 9.999427430114162796e-01 -1.069168205195916883e-02 -4.456844493166414126e-04 3.787777294014921942e-02 1.069210281933307381e-02 9.999423840382581918e-01 9.526500485972570591e-04 7.901590856019808859e-03 4.354733394344584285e-04 -9.573608066433653661e-04 9.999994469114797946e-01 9.666337216518525871e-04 9.999440908432006836e-01 -1.057453174144029617e-02 1.870879641501232982e-04 4.769224673509597778e-02 1.057445909827947617e-02 9.999439716339111328e-01 4.520184884313493967e-04 -5.467896815389394760e-03 -1.918562775244936347e-04 -4.500159993767738342e-04 9.999998807907104492e-01 -5.907712038606405258e-03 5.902191925048828125e+01
7.555959000000000000e+07 9.999334549687034501e-01 -1.152834388805966219e-02 -4.276961907135222105e-04 4.115026804054888049e-02 1.152876051145125709e-02 9.999330567044556473e-01 9.847808128667092601e-04 8.557834447323945520e-03 4.163146676681031902e-04 -9.896460874603966226e-04 9.999994236412041992e-01 1.026921822968871736e-03 9.999277591705322266e-01 -1.201422698795795441e-02 6.449280044762417674e-05 5.011919140815734863e-02 1.201422605663537979e-02 9.999278187751770020e-01 1.613820641068741679e-04 6.565416697412729263e-06 -6.642906373599544168e-05 -1.605887518962845206e-04 9.999999403953552246e-01 -3.967987839132547379e-03 5.903465652465820312e+01
7.566357000000000000e+07 9.999150872492069686e-01 -1.302457527531699841e-02 -4.227567226815293544e-04 4.249349993232956479e-02 1.302502887187859462e-02 9.999145781982481385e-01 1.088541410329741050e-03 9.640381467671991361e-03 4.085428199103767000e-04 -1.093955398028076181e-03 9.999993181769148975e-01 8.694311317266516584e-04 9.999151229858398438e-01 -1.303046848624944687e-02 -1.161286636488512158e-04 5.347726121544837952e-02 1.303054392337799072e-02 9.999150633811950684e-01 3.635071916505694389e-04 3.834021277725696564e-03 1.113770922529511154e-04 -3.649924474302679300e-04 9.999999403953552246e-01 -5.379134789109230042e-03 5.931760025024414062e+01
7.576748000000000000e+07 9.999008311752567435e-01 -1.407682510313272399e-02 -4.132931710953158819e-04 5.391463150560637380e-02 1.407727668262498920e-02 9.999002931729676913e-01 1.110853284365141648e-03 1.038185597294276168e-02 3.976146756401022610e-04 -1.116561164636519334e-03 9.999992975966252029e-01 1.250933507825934161e-03 9.998985528945922852e-01 -1.421963889151811600e-02 -8.180682780221104622e-04 6.036215648055076599e-02 1.422005984932184219e-02 9.998987913131713867e-01 4.774614062625914812e-04 4.748214501887559891e-03 8.112062932923436165e-04 -4.890451673418283463e-04 9.999995231628417969e-01 -4.414736758917570114e-03 5.898329544067382812e+01
7.587136000000000000e+07 9.998888751675885089e-01 -1.490285204749146677e-02 -3.772407576044577247e-04 4.904347512885269544e-02 1.490326763524247797e-02 9.998883084726001291e-01 1.123916013919137088e-03 1.114729919942393857e-02 3.604490684585898077e-04 -1.129413239071156653e-03 9.999992972508352507e-01 1.074614115490781212e-03 9.998674392700195312e-01 -1.617905125021934509e-02 -1.869340427219867706e-03 6.906723976135253906e-02 1.618060283362865448e-02 9.998686313629150391e-01 8.767985855229198933e-04 8.782257325947284698e-03 1.854908186942338943e-03 -9.069378138519823551e-04 9.999979138374328613e-01 -5.453590303659439087e-03 5.862899017333984375e+01
7.597518000000000000e+07 9.998634013641252150e-01 -1.652620374116622187e-02 -2.514110037663540862e-04 6.571455136457862722e-02 1.652647878107300905e-02 9.998627849580669080e-01 1.134354461827149834e-03 1.245997894394687035e-02 2.326299337895310353e-04 -1.138354449100563220e-03 9.999993250160156277e-01 1.509492358342606321e-03 9.998477697372436523e-01 -1.734105497598648071e-02 -1.963644754141569138e-03 8.481721580028533936e-02 1.734430342912673950e-02 9.998483061790466309e-01 1.607195008546113968e-03 1.055528130382299423e-02 1.935473759658634663e-03 -1.640997943468391895e-03 9.999967813491821289e-01 -4.586608149111270905e-03 5.888835144042968750e+01
7.607910000000000000e+07 9.998504970188573093e-01 -1.729108893210007034e-02 4.307170359950481859e-05 1.006311849312370721e-01 1.729104728789032999e-02 9.998501547409801571e-01 8.293061030293775960e-04 1.384532084099138541e-02 -5.740485506507156480e-05 -8.284373644323958378e-04 9.999996551980490089e-01 3.021229980234204845e-03 9.998381137847900391e-01 -1.797403581440448761e-02 -7.976935012266039848e-04 1.059249714016914368e-01 1.797519810497760773e-02 9.998372197151184082e-01 1.523973420262336731e-03 3.729415591806173325e-03 7.701724534854292870e-04 -1.538071082904934883e-03 9.999984502792358398e-01 -2.928018104285001755e-03 6.073081588745117188e+01
7.618295000000000000e+07 9.998374407384305051e-01 -1.803029493984005527e-02 2.359078258550939902e-05 9.240514478133440845e-02 1.803026308556003598e-02 9.998369592700538933e-01 9.820820633240903361e-04 1.417969203809919462e-02 -4.129416588250249195e-05 -9.814970687627997195e-04 9.999995174790233810e-01 2.525463359019094328e-03 9.998292922973632812e-01 -1.846506260335445404e-02 6.438207929022610188e-04 1.156264320015907288e-01 1.846446283161640167e-02 9.998291134834289551e-01 8.807551930658519268e-04 1.805855706334114075e-02 -6.599815678782761097e-04 -8.687245426699519157e-04 9.999994039535522461e-01 -2.313479082658886909e-03 6.192284774780273438e+01
7.628681000000000000e+07 9.998174372768187101e-01 -1.910462921993062724e-02 3.244820971113680070e-04 1.425560605276392501e-01 1.910440933808187081e-02 9.998172711565197490e-01 6.677350129118681107e-04 1.644943586164972563e-02 -3.371796337017234795e-04 -6.614140710863169884e-04 9.999997244206445535e-01 4.027012144629296339e-03 9.998136162757873535e-01 -1.925961859524250031e-02 1.355740358121693134e-03 1.360673755407333374e-01 1.926114223897457123e-02 9.998138546943664551e-01 -1.122468151152133942e-03 6.872598547488451004e-03 -1.333861961029469967e-03 1.148381154052913189e-03 9.999984502792358398e-01 -6.338524399325251579e-04 6.013097763061523438e+01
7.639067000000000000e+07 9.997830507706747527e-01 -2.082383865688475916e-02 4.681294904768931123e-04 1.486811351350138533e-01 2.082347605468670010e-02 9.997828740577633377e-01 7.665479450628352991e-04 1.797039696398950587e-02 -4.839903177873900505e-04 -7.566335600687247327e-04 9.999995966294419336e-01 3.998283596775117216e-03 9.997692704200744629e-01 -2.142791450023651123e-02 1.543789869174361229e-03 1.512936651706695557e-01 2.143032290041446686e-02 9.997692704200744629e-01 -1.494482625275850296e-03 1.031448319554328918e-02 -1.511413138359785080e-03 1.527217915281653404e-03 9.999976754188537598e-01 -1.998249790631234646e-04 6.007801437377929688e+01
7.649507000000000000e+07 9.997437228032819423e-01 -2.262995254120497152e-02 6.115119022503174477e-04 1.499860974547495562e-01 2.262937803376458695e-02 9.997434896915241564e-01 9.306194670881144312e-04 1.946895869574281901e-02 -6.324149181951781813e-04 -9.165428360755180706e-04 9.999993800000881450e-01 3.783982477758097811e-03 9.997311830520629883e-01 -2.313276939094066620e-02 1.559778349474072456e-03 1.637900769710540771e-01 2.313105203211307526e-02 9.997318387031555176e-01 1.040698960423469543e-03 1.301663089543581009e-02 -1.583429635502398014e-03 -1.004339894279837608e-03 9.999983310699462891e-01 1.301091280765831470e-03 6.028758239746093750e+01
7.659834000000000000e+07 9.997138565630664386e-01 -2.391129459731194257e-02 6.745338364385749250e-04 1.629594296128687170e-01 2.391063777327401968e-02 9.997136335484970715e-01 9.655609557134193924e-04 2.080689130874790668e-02 -6.974284846644763494e-04 -9.491561328239765801e-04 9.999993063478429534e-01 3.713467778266772452e-03 9.996998310089111328e-01 -2.431393601000308990e-02 2.995443297550082207e-03 1.794139295816421509e-01 2.430943027138710022e-02 9.997032880783081055e-01 1.566083868965506554e-03 1.431220304220914841e-02 -3.032637294381856918e-03 -1.492791576310992241e-03 9.999942779541015625e-01 7.808571099303662777e-04 5.991820907592773438e+01
7.670207000000000000e+07 9.996828624864846358e-01 -2.517396793662830465e-02 6.676872899808324567e-04 1.752870551246609454e-01 2.517330332442044641e-02 9.996826161501540797e-01 9.857911021642301683e-04 2.208881881790466031e-02 -6.922916497505502819e-04 -9.686705766119757576e-04 9.999992912045608806e-01 3.494381275604389100e-03 9.996821284294128418e-01 -2.511861734092235565e-02 2.185095567256212234e-03 1.875854879617691040e-01 2.511863969266414642e-02 9.996844530105590820e-01 3.629251295933499932e-06 1.916664652526378632e-02 -2.184494398534297943e-03 5.125437019160017371e-05 9.999975562095642090e-01 -4.288724157959222794e-04 5.869276809692382812e+01
7.680583000000000000e+07 9.996620244989011805e-01 -2.598880315937857413e-02 6.472310824733751994e-04 1.827222845559551834e-01 2.598813395481032115e-02 9.996617292625826767e-01 1.021745703487232778e-03 2.297195479549573455e-02 -6.735660902096810964e-04 -1.004580050983454797e-03 9.999992685635790135e-01 3.385312911536325284e-03 9.996497631072998047e-01 -2.643674798309803009e-02 1.173580298200249672e-03 1.981361359357833862e-01 2.643848955631256104e-02 9.996494054794311523e-01 -1.499709440395236015e-03 1.396475639194250107e-02 -1.133521669544279575e-03 1.530223176814615726e-03 9.999982118606567383e-01 -4.825719588552601635e-05 5.853731155395507812e+01
7.690969000000000000e+07 9.996156244339425845e-01 -2.771574206373113997e-02 6.640963100222715054e-04 1.927579967789770088e-01 2.771497438195388852e-02 9.996152178968764623e-01 1.138568616901178320e-03 2.473836218287820896e-02 -6.953970519787156532e-04 -1.119725566590658089e-03 9.999991313184143360e-01 3.234923880317699604e-03 9.995973110198974609e-01 -2.826062589883804321e-02 2.548892050981521606e-03 2.096057981252670288e-01 2.826347574591636658e-02 9.995999336242675781e-01 -1.077834283933043480e-03 1.591259799897670746e-02 -2.517419634386897087e-03 1.149432151578366756e-03 9.999961853027343750e-01 1.620330149307847023e-03 5.908784103393554688e+01
7.701344000000000000e+07 9.995336858333734309e-01 -3.052614444482476888e-02 7.519247464052455053e-04 1.929420873117312363e-01 3.052507231451012312e-02 9.995330233428928457e-01 1.398287649563320460e-03 2.729625469374021701e-02 -7.942579458150426409e-04 -1.374683050993055940e-03 9.999987396996197209e-01 3.331021545564890555e-03 9.995181560516357422e-01 -3.085826896131038666e-02 3.376735141500830650e-03 2.177162766456604004e-01 3.086156956851482391e-02 9.995232224464416504e-01 -9.281775564886629581e-04 2.628381550312042236e-02 -3.346479963511228561e-03 1.031940220855176449e-03 9.999938607215881348e-01 1.017825794406235218e-03 5.944716644287109375e+01
7.711709000000000000e+07 9.994722242728854011e-01 -3.248011038785286742e-02 5.615978162551566160e-04 2.053483217222220047e-01 3.247923841674210665e-02 9.994712882344983784e-01 1.497705826601756444e-03 2.927906329382323758e-02 -6.099465408981746568e-04 -1.478675105459533509e-03 9.999987207418243873e-01 3.509175567316808776e-03 9.994244575500488281e-01 -3.386465087532997131e-02 1.966642448678612709e-03 2.289562672376632690e-01 3.386529535055160522e-02 9.994263052940368652e-01 -3.391574427951127291e-04 2.162776142358779907e-02 -1.954027917236089706e-03 4.055679892189800739e-04 9.999980330467224121e-01 1.750093768350780010e-03 5.968320083618164062e+01
7.722084000000000000e+07 9.993189214999760317e-01 -3.689875337356258306e-02 4.185478307629145862e-04 2.083281208781623262e-01 3.689793220382556888e-02 9.993173744361835142e-01 1.824225823336418422e-03 3.343924461403666171e-02 -4.855737755729459750e-04 -1.807539833486280145e-03 9.999982485074607741e-01 4.012932256713353137e-03 9.992952942848205566e-01 -3.753295168280601501e-02 -4.462937067728489637e-04 2.410355806350708008e-01 3.753313794732093811e-02 9.992954134941101074e-01 1.588054583407938480e-04 2.398921549320220947e-02 4.400215111672878265e-04 -1.754460245138034225e-04 9.999998807907104492e-01 4.382935294415801764e-04 6.080799865722656250e+01
7.732446000000000000e+07 9.991759728069886659e-01 -4.058765369030258030e-02 1.332385912322176847e-04 2.258202381030349759e-01 4.058735556522648225e-02 9.991744323730927801e-01 1.766431307582812900e-03 3.722666583070694674e-02 -2.048238951019310254e-04 -1.759567918154211373e-03 9.999984309827442130e-01 4.641670324777257689e-03 9.991502165794372559e-01 -4.117712751030921936e-02 -1.789072062820196152e-03 2.588683962821960449e-01 4.118050634860992432e-02 9.991497397422790527e-01 1.974015263840556145e-03 4.358081147074699402e-02 1.706267008557915688e-03 -2.046015346422791481e-03 9.999964237213134766e-01 6.662448286078870296e-04 5.933046340942382812e+01
7.742819000000000000e+07 9.990548215258520104e-01 -4.346629333278817509e-02 -3.804922691671811809e-04 2.613848277487689775e-01 4.346680283697287872e-02 9.990538156315998952e-01 1.452710369774580382e-03 4.066750187697878299e-02 3.169883130461510485e-04 -1.467876082896217788e-03 9.999988724283788155e-01 5.213137229424156388e-03 9.990135431289672852e-01 -4.438282176852226257e-02 -1.463772030547261238e-03 2.839834988117218018e-01 4.438798129558563232e-02 9.990077614784240723e-01 3.622892778366804123e-03 3.407869115471839905e-02 1.301523414440453053e-03 -3.684288123622536659e-03 9.999923706054687500e-01 1.830211607739329338e-03 5.966876983642578125e+01
7.753182000000000000e+07 9.988166019392688000e-01 -4.863312094516104855e-02 -4.640130502176511001e-04 2.958605690800040211e-01 4.863367872547068316e-02 9.988158651000735855e-01 1.277884403318458239e-03 4.579896727541093310e-02 4.013160912975126046e-04 -1.298938818375425719e-03 9.999990758512710132e-01 5.851773577850168107e-03 9.988419413566589355e-01 -4.809853807091712952e-02 -1.163698034361004829e-03 3.118505477905273438e-01 4.810009896755218506e-02 9.988415837287902832e-01 1.425233902409672737e-03 5.077663064002990723e-02 1.093797502107918262e-03 -1.479565980844199657e-03 9.999982714653015137e-01 1.901262206956744194e-03 5.973747253417968750e+01
7.763543000000000000e+07 9.986550010302103209e-01 -5.184699399217823634e-02 -2.798072721199494845e-04 3.334975513725938479e-01 5.184719224954516259e-02 9.986547444313038646e-01 7.551433641653558602e-04 4.784894790339212084e-02 2.402789487265003746e-04 -7.686349177425304355e-04 9.999996757331618413e-01 6.096992751366847076e-03 9.986548423767089844e-01 -5.182183906435966492e-02 -1.738554332405328751e-03 3.386607766151428223e-01 5.181717127561569214e-02 9.986529350280761719e-01 -2.655116841197013855e-03 2.342699654400348663e-02 1.873798784799873829e-03 2.561458852142095566e-03 9.999949336051940918e-01 -2.503983443602919579e-03 5.928435134887695312e+01
7.773908000000000000e+07 9.986270406433320757e-01 -5.238309469616007213e-02 -2.123009424181284094e-04 3.600751589770321837e-01 5.238321985457117941e-02 9.986268550646484332e-01 6.345132399023295164e-04 4.766081054319110111e-02 1.787716551478487183e-04 -6.447630860080897763e-04 9.999997761606028712e-01 5.946734418588427336e-03 9.985890984535217285e-01 -5.300552397966384888e-02 -3.199368948116898537e-03 3.644495904445648193e-01 5.299530178308486938e-02 9.985896348953247070e-01 -3.200698178261518478e-03 2.176724746823310852e-02 3.364518051967024803e-03 3.026635153219103813e-03 9.999898076057434082e-01 -5.025116726756095886e-03 6.029260635375976562e+01
7.784269000000000000e+07 9.986422386059562450e-01 -5.209285722293861831e-02 -1.156818277892748359e-04 3.806645711389343711e-01 5.209291906015522944e-02 9.986420505459909780e-01 6.185053958832263622e-04 4.686986015859018195e-02 8.330502305019124804e-05 -6.236918174482819184e-04 9.999998020343668914e-01 5.826138425597907414e-03 9.986104965209960938e-01 -5.261276289820671082e-02 -3.010684857144951820e-03 3.971999287605285645e-01 5.261174961924552917e-02 9.986150264739990234e-01 -4.154299094807356596e-04 4.915193840861320496e-02 3.028366249054670334e-03 2.564494207035750151e-04 9.999953508377075195e-01 -4.083454143255949020e-03 5.849913787841796875e+01
7.794653000000000000e+07 9.986400640942050266e-01 -5.213437347042220588e-02 1.715854441903863275e-04 4.313501145881495913e-01 5.213424987084819967e-02 9.986398674485896798e-01 6.596100790986633104e-04 4.614209937951246898e-02 -2.057404240437453674e-04 -6.497675730758321107e-04 9.999997677364584892e-01 5.613394123398549040e-03 9.986419081687927246e-01 -5.209895223379135132e-02 -1.996698410948738456e-04 4.231865704059600830e-01 5.209907516837120056e-02 9.986418485641479492e-01 3.925626515410840511e-04 2.849866263568401337e-02 1.789539237506687641e-04 -4.024255613330751657e-04 9.999999403953552246e-01 -1.902594929561018944e-03 5.891459274291992188e+01
7.805025000000000000e+07 9.986063538802624207e-01 -5.277545954688773328e-02 3.177391925362612821e-04 4.542981681531121363e-01 5.277523968133784188e-02 9.986061948963088630e-01 6.645975588030586826e-04 4.646753835454306425e-02 -3.523707663824040062e-04 -6.469025835778194041e-04 9.999997286759180204e-01 5.539297928488344687e-03 9.986009597778320312e-01 -5.286807194352149963e-02 1.026074751280248165e-03 4.538346230983734131e-01 5.286913365125656128e-02 9.986008405685424805e-01 -1.096998224966228008e-03 2.822832949459552765e-02 -9.666446130722761154e-04 1.149705378338694572e-03 9.999988675117492676e-01 2.260046458104625344e-04 5.849750518798828125e+01
7.815397000000000000e+07 9.985533501723318217e-01 -5.376813537048710095e-02 4.408469486024072913e-04 4.593147799249696073e-01 5.376784752439226628e-02 9.985532574493295455e-01 6.406852244633731231e-04 4.717611645853071051e-02 -4.746576079891026050e-04 -6.160549846529933581e-04 9.999996975881459971e-01 5.568506169573385692e-03 9.985753297805786133e-01 -5.332098901271820068e-02 2.006941707804799080e-03 4.871895909309387207e-01 5.332456156611442566e-02 9.985757470130920410e-01 -1.717113307677209377e-03 4.771177843213081360e-02 -1.912527251988649368e-03 1.821693149395287037e-03 9.999965429306030273e-01 -1.270464737899601460e-03 5.863148880004882812e+01
7.825784000000000000e+07 9.985749881080898671e-01 -5.336380955073415783e-02 5.449029788406616233e-04 5.128733316738983694e-01 5.336344187590825322e-02 9.985749327501081130e-01 6.683699330396644482e-04 4.613933309930320914e-02 -5.797932217068628262e-04 -6.383395991191903769e-04 9.999996281811143195e-01 5.221116746139433697e-03 9.985778331756591797e-01 -5.316499620676040649e-02 3.990821074694395065e-03 5.061112046241760254e-01 5.316229537129402161e-02 9.985855817794799805e-01 7.679478148929774761e-04 3.541324287652969360e-02 -4.026006441563367844e-03 -5.547032342292368412e-04 9.999916553497314453e-01 1.731605851091444492e-03 6.128646469116210938e+01
7.836156000000000000e+07 9.985434375856760969e-01 -5.395047368617143096e-02 5.912174026644379269e-04 5.147383526963125178e-01 5.395009392463793324e-02 9.985434277076523646e-01 6.405011888866672925e-04 4.661593647333771295e-02 -6.249115955353773269e-04 -6.076720233349132850e-04 9.999996201100189719e-01 5.238192168651108725e-03 9.985338449478149414e-01 -5.386778339743614197e-02 5.335622932761907578e-03 5.395442247390747070e-01 5.387506633996963501e-02 9.985468983650207520e-01 -1.242653466761112213e-03 5.081497132778167725e-02 -5.260926671326160431e-03 1.528294524177908897e-03 9.999850392341613770e-01 -1.851064553193282336e-06 5.948332977294921875e+01
7.846543000000000000e+07 9.984673419234425529e-01 -5.533884259829208868e-02 7.614032873587712330e-04 5.335575188052267270e-01 5.533840314589278525e-02 9.984674842650842486e-01 5.866219856934867458e-04 4.754613708412553513e-02 -7.926994053180280633e-04 -5.435880544200338144e-04 9.999995380697517255e-01 5.239799753593178157e-03 9.984908103942871094e-01 -5.465427786111831665e-02 5.373770371079444885e-03 5.491065382957458496e-01 5.467555299401283264e-02 9.984965920448303223e-01 -3.888318547978997231e-03 2.473073266446590424e-02 -5.153186619281768799e-03 4.176264163106679916e-03 9.999780058860778809e-01 2.089781221002340317e-03 5.966025543212890625e+01
7.856931000000000000e+07 9.984821844919004041e-01 -5.506844295592099731e-02 8.911070200636716761e-04 5.770903714129812512e-01 5.506790181237624510e-02 9.984824189627268254e-01 6.208392038009424678e-04 4.685483129852567596e-02 -9.239433387497633611e-04 -5.708254943175587390e-04 9.999994102433514831e-01 5.051817780989575207e-03 9.984848499298095703e-01 -5.481482297182083130e-02 4.829014185816049576e-03 5.709899663925170898e-01 5.482945591211318970e-02 9.984914064407348633e-01 -2.957892837002873421e-03 2.652392536401748657e-02 -4.659594502300024033e-03 3.218189580366015434e-03 9.999839663505554199e-01 5.709507502615451813e-03 5.884156799316406250e+01
7.867306000000000000e+07 9.985958620336914393e-01 -5.296752656161698991e-02 8.634518378140522898e-04 6.061899948661509940e-01 5.296696493606642409e-02 9.985960464586474128e-01 6.608423047575538549e-04 4.483757751806689840e-02 -8.972427727966001765e-04 -6.141799692647169524e-04 9.999994088690302707e-01 4.674152742964047917e-03 9.985309839248657227e-01 -5.400486290454864502e-02 4.409962333738803864e-03 6.061388850212097168e-01 5.400945246219635010e-02 9.985399842262268066e-01 -9.201627108268439770e-04 4.772372543811798096e-02 -4.353830590844154358e-03 1.156986923888325691e-03 9.999898076057434082e-01 6.399499252438545227e-03 5.820438385009765625e+01
7.877693000000000000e+07 9.986466406343751379e-01 -5.200158403833080034e-02 8.499022508806972206e-04 6.406023829784497359e-01 5.200101229827819305e-02 9.986467995106054207e-01 6.815231779791056967e-04 4.377248176444016592e-02 -8.841924484817999903e-04 -6.364050535803238151e-04 9.999994065959687539e-01 4.057146382948812607e-03 9.986302256584167480e-01 -5.214444547891616821e-02 4.326243419200181961e-03 6.144567131996154785e-01 5.214832723140716553e-02 9.986390471458435059e-01 -7.908183033578097820e-04 2.786975353956222534e-02 -4.279110115021467209e-03 1.015335554257035255e-03 9.999903440475463867e-01 9.422292001545429230e-03 5.810553741455078125e+01
7.888080000000000000e+07 9.988106187159400129e-01 -4.875521483213132723e-02 5.263833913563283713e-04 6.391556766718093918e-01 4.875483421840895448e-02 9.988105213718087017e-01 7.131969162821077306e-04 4.104308689217416040e-02 -5.605293368178408024e-04 -6.866849194912095318e-04 9.999996071352833527e-01 4.460176731943136900e-03 9.987083673477172852e-01 -5.073258653283119202e-02 2.807306591421365738e-03 6.513786315917968750e-01 5.073603242635726929e-02 9.987114071846008301e-01 -1.156358048319816589e-03 3.904356434941291809e-02 -2.745029283687472343e-03 1.297305920161306858e-03 9.999953508377075195e-01 8.907295763492584229e-03 5.897449493408203125e+01
7.898486000000000000e+07 9.989516971677827595e-01 -4.577638556020042354e-02 1.709843900390942584e-04 6.684034197409919331e-01 4.577625916142948753e-02 9.989514850135322588e-01 6.816681396916526338e-04 3.824032190252471541e-02 -2.020094141521135741e-04 -6.731265192381290750e-04 9.999997530464105333e-01 5.009155032191002846e-03 9.989147782325744629e-01 -4.657507687807083130e-02 -1.231416244991123676e-04 6.597811579704284668e-01 4.657456651329994202e-02 9.989117980003356934e-01 -2.474953187629580498e-03 2.251059375703334808e-02 2.382828242843970656e-04 2.466521691530942917e-03 9.999969601631164551e-01 7.141277659684419632e-03 5.876521682739257812e+01
7.908883000000000000e+07 9.992056770699249135e-01 -3.984982963791178917e-02 -7.705661724135442515e-05 6.775832362926387242e-01 3.984986893673230640e-02 9.992054965571818270e-01 6.029463402011990634e-04 3.292170411298513122e-02 5.296808577737763084e-05 -6.055381022791060577e-04 9.999998152589713030e-01 5.821569147087180505e-03 9.991782903671264648e-01 -4.051063209772109985e-02 -1.304645091295242310e-03 6.859805583953857422e-01 4.051073268055915833e-02 9.991791248321533203e-01 1.804297244234476238e-05 2.373966388404369354e-02 1.302835415117442608e-03 -7.087784615578129888e-05 9.999991059303283691e-01 6.130205467343330383e-03 5.865382385253906250e+01
7.919296000000000000e+07 9.994348439324020061e-01 -3.361535050797141710e-02 -3.148351230630838156e-05 6.923344264234958523e-01 3.361535932473404265e-02 9.994347855357471611e-01 3.422364082608414688e-04 2.763443512568537069e-02 1.996132103033340747e-05 -3.431013208210466564e-04 9.999999409415153417e-01 6.477684869768066643e-03 9.994038343429565430e-01 -3.451054543256759644e-02 -9.889535140246152878e-04 7.173300385475158691e-01 3.451239317655563354e-02 9.994022846221923828e-01 2.001347951591014862e-03 2.939736284315586090e-02 9.193013538606464863e-04 -2.034283708781003952e-03 9.999974966049194336e-01 4.123745951801538467e-03 5.825439834594726562e+01
7.929706000000000000e+07 9.996150523954389078e-01 -2.774431429071873290e-02 4.514695219326920699e-06 7.217236437871290544e-01 2.774431366459915310e-02 9.996150469140283601e-01 1.049462985660452809e-04 2.281656386729567082e-02 -7.424620472704557525e-06 -1.047806426133817337e-04 9.999999944829457421e-01 7.132416503814037294e-03 9.996128082275390625e-01 -2.773836627602577209e-02 -2.227518474683165550e-03 7.352533936500549316e-01 2.774182707071304321e-02 9.996140003204345703e-01 1.506240339949727058e-03 1.831050217151641846e-02 2.184872049838304520e-03 -1.567452563904225826e-03 9.999963641166687012e-01 4.446913022547960281e-03 5.853318405151367188e+01
7.940131000000000000e+07 9.997607098816569948e-01 -2.187499710736469372e-02 8.654014591877984795e-05 7.611302659305019258e-01 2.187499416845873484e-02 9.997607130871072334e-01 3.476215526609657358e-05 1.831161495520803456e-02 -8.727986002374590619e-05 -3.286077188112350553e-05 9.999999956511979038e-01 7.602313490084082123e-03 9.997531175613403320e-01 -2.209703810513019562e-02 -2.285793190822005272e-03 7.653445005416870117e-01 2.209741622209548950e-02 9.997557997703552246e-01 1.459910126868635416e-04 1.411727722734212875e-02 2.282012021169066429e-03 -1.964603579835966229e-04 9.999973177909851074e-01 4.350766539573669434e-03 5.863286590576171875e+01
7.950569000000000000e+07 9.998597274362850396e-01 -1.674832194152727632e-02 1.384743377067748193e-04 7.744577358897075658e-01 1.674831813185054946e-02 9.998597366792381091e-01 2.862585597094766381e-05 1.443040130335230577e-02 -1.389343498683676570e-04 -2.630262838678603960e-05 9.999999900027094490e-01 7.917494163585924935e-03 9.998492598533630371e-01 -1.735508628189563751e-02 -5.839393124915659428e-04 7.901471853256225586e-01 1.735478453338146210e-02 9.998492002487182617e-01 -5.278630997054278851e-04 8.645378053188323975e-03 5.930117913521826267e-04 5.176479462534189224e-04 9.999997019767761230e-01 2.311789896339178085e-03 5.901590347290039062e+01
7.961007000000000000e+07 9.999008536271704051e-01 -1.408074670254109463e-02 1.244369531400436836e-04 8.002084689656414618e-01 1.408074401307477137e-02 9.999008611557745896e-01 2.246284502326654925e-05 1.215592475408100621e-02 -1.247409102405324451e-04 -2.070845300065023140e-05 9.999999920054324365e-01 8.334094685556811197e-03 9.998856186866760254e-01 -1.508528459817171097e-02 -1.147068804129958153e-03 8.128409981727600098e-01 1.508379541337490082e-02 9.998854398727416992e-01 -1.299199066124856472e-03 6.187531631439924240e-03 1.166536239907145500e-03 1.281753298826515675e-03 9.999985098838806152e-01 3.105010604485869408e-03 5.793203353881835938e+01
7.971447000000000000e+07 9.999115354363516950e-01 -1.330062851340512754e-02 1.207624060116101221e-04 8.275004140942546771e-01 1.330062676733085279e-02 9.999115426357043646e-01 1.525040609919244580e-05 1.130800321356719915e-02 -1.209545636724853771e-04 -1.364284129871537411e-05 9.999999925919331734e-01 8.675802247039366213e-03 9.998989105224609375e-01 -1.408925931900739670e-02 -1.875352696515619755e-03 8.328402042388916016e-01 1.408654265105724335e-02 9.998996853828430176e-01 -1.457109698094427586e-03 4.372745752334594727e-03 1.895694411359727383e-03 1.430540927685797215e-03 9.999971389770507812e-01 5.567253101617097855e-03 5.824528121948242188e+01
7.981880000000000000e+07 9.999053486129440005e-01 -1.375790148590070455e-02 1.181607462281701382e-04 8.329703562540311523e-01 1.375790162669397049e-02 9.999053555925768721e-01 -3.787623306301316519e-07 1.164467841071883947e-02 -1.181443519995339849e-04 2.004370402729027093e-06 9.999999930189472641e-01 8.747873321625312948e-03 9.998862147331237793e-01 -1.468579284846782684e-02 -3.459491301327943802e-03 8.521367907524108887e-01 1.467994041740894318e-02 9.998908042907714844e-01 -1.710959244519472122e-03 4.358710721135139465e-03 3.484241664409637451e-03 1.659984816797077656e-03 9.999926090240478516e-01 3.815236734226346016e-03 5.880044937133789062e+01
7.992305000000000000e+07 9.999097713415077138e-01 -1.343299006120996647e-02 6.295639741631060609e-05 8.752948284284913782e-01 1.343299149855297497e-02 9.999097730517972904e-01 -2.246378686009088002e-05 1.112336097189154521e-02 -6.264896124363053759e-05 2.330745268857388467e-05 9.999999977659352890e-01 9.863435007391519946e-03 9.998915791511535645e-01 -1.430775877088308334e-02 -3.473680699244141579e-03 8.747174739837646484e-01 1.430745702236890793e-02 9.998977184295654297e-01 -1.119635780923999846e-04 5.793929565697908401e-03 3.474927507340908051e-03 6.224556273082271218e-05 9.999939799308776855e-01 1.550465705804526806e-03 5.773660659790039062e+01
8.002742000000000000e+07 9.999284254818550099e-01 -1.196405834279876124e-02 7.228345801138731967e-05 8.896811852558915712e-01 1.196405876045751257e-02 9.999284280751900011e-01 -5.348416757976440966e-06 9.916744377733304611e-03 -7.221429577674658401e-05 6.212837465245393810e-06 9.999999973732481839e-01 1.040861940125786117e-02 9.999198913574218750e-01 -1.263959985226392746e-02 -7.416642038151621819e-04 9.008426666259765625e-01 1.264168135821819305e-02 9.999158382415771484e-01 2.878434024751186371e-03 1.014138106256723404e-02 7.052182918414473534e-04 -2.887572860345244408e-03 9.999955296516418457e-01 9.988304227590560913e-04 5.771081542968750000e+01
8.013168000000000000e+07 9.999622021903635805e-01 -8.694155424531765930e-03 7.650087551882619596e-05 9.246688474067377150e-01 8.694154188896078411e-03 9.999622049917791244e-01 1.646967985725025687e-05 6.824642631987122912e-03 -7.664117412346304421e-05 -1.580394693499932333e-05 9.999999969381828668e-01 1.166628597803948467e-02 9.999524354934692383e-01 -9.738747030496597290e-03 4.210482875350862741e-04 9.214085340499877930e-01 9.736810810863971710e-03 9.999429583549499512e-01 4.400645382702350616e-03 1.005158945918083191e-02 -4.638803657144308090e-04 -4.396344535052776337e-03 9.999902248382568359e-01 4.430836532264947891e-03 5.708319854736328125e+01
8.023593000000000000e+07 9.999859039570753172e-01 -5.309534300499871816e-03 2.707539663045929838e-05 9.374177666487092386e-01 5.309534126750483675e-03 9.999859043035130846e-01 6.485089317324153648e-06 3.546378693132000784e-03 -2.710944778755785487e-05 -6.341240162936048648e-06 9.999999996124332435e-01 1.220595827738386006e-02 9.999849796295166016e-01 -5.468536633998155594e-03 4.572047910187393427e-04 9.432887434959411621e-01 5.466232541948556900e-03 9.999730587005615234e-01 4.890901036560535431e-03 8.330848999321460724e-03 -4.839395114686340094e-04 -4.888327792286872864e-03 9.999879598617553711e-01 4.758363123983144760e-03 5.698700714111328125e+01
8.034030000000000000e+07 9.999975066297238646e-01 -2.233030287946043309e-03 -1.760812890307373628e-05 9.639219350344879755e-01 2.233029461739078486e-03 9.999975056913392724e-01 -4.680278434767836272e-05 1.558125216889239472e-03 1.771259701844032629e-05 4.676334818022428910e-05 9.999999987497265597e-01 1.263226655875360725e-02 9.999963045120239258e-01 -2.555896062403917313e-03 -8.890200988389551640e-04 9.656794667243957520e-01 2.558230422437191010e-03 9.999933242797851562e-01 2.639423124492168427e-03 2.149455249309539795e-03 8.822692907415330410e-04 -2.641692291945219040e-03 9.999960660934448242e-01 4.283473361283540726e-03 5.691939163208007812e+01
8.044455000000000000e+07 9.999998306578301577e-01 -5.810669955638681980e-04 3.233367137212718033e-05 9.896453604425645700e-01 5.810676974403227238e-04 9.999998309446641587e-01 -2.170213445411348544e-05 5.865785135969958045e-04 -3.232105551220064855e-05 2.172091883052786984e-05 9.999999992417755168e-01 1.260915444443203894e-02 9.999990463256835938e-01 -8.245475473813712597e-04 1.125523122027516365e-03 9.895604848861694336e-01 8.233244880102574825e-04 9.999990463256835938e-01 1.093553262762725353e-03 -2.095569390803575516e-03 -1.126424293033778667e-03 -1.092626713216304779e-03 9.999988079071044922e-01 2.604435430839657784e-03 5.780380630493164062e+01
8.054894000000000000e+07 9.999994681773811678e-01 -1.030124302225739544e-03 4.988893844930889111e-05 1.012417534325619872e+00 1.030124899995958285e-03 9.999994693497245013e-01 -1.195780620458382609e-05 7.216898329685330921e-04 -4.987659394929713606e-05 1.200919168146844049e-05 9.999999986840524269e-01 1.290455499872795141e-02 9.999985098838806152e-01 -1.161269494332373142e-03 1.279689138755202293e-03 1.015053391456604004e+00 1.162353320978581905e-03 9.999989867210388184e-01 -8.476198418065905571e-04 -3.760458203032612801e-03 -1.278703683055937290e-03 8.491151384077966213e-04 9.999988675117492676e-01 2.913550939410924911e-03 5.722617721557617188e+01
8.065319000000000000e+07 9.999971335917017257e-01 -2.393965219781823018e-03 4.170039064521412442e-05 1.028638355995842080e+00 2.393965833992906921e-03 9.999971343518633260e-01 -1.468546252879031717e-05 1.451332356268100580e-03 -4.166511466013396214e-05 1.478524974445329767e-05 9.999999990227073088e-01 1.326807411061094004e-02 9.999958276748657227e-01 -2.821243135258555412e-03 5.769130657427012920e-04 1.038459897041320801e+00 2.821581205353140831e-03 9.999958872795104980e-01 -5.840805242769420147e-04 -1.483082305639982224e-03 -5.752636934630572796e-04 5.856988718733191490e-04 9.999996423721313477e-01 3.424177411943674088e-03 5.716454315185546875e+01
8.075732000000000000e+07 9.999903623872232750e-01 -4.389929082948561961e-03 6.046725551652762994e-05 1.052120446631986006e+00 4.389928712281044448e-03 9.999903641974097201e-01 6.261414547150301159e-06 2.713681053897855702e-03 -6.049416003045390226e-05 -5.995907274311432388e-06 9.999999981522529335e-01 1.369588401904862571e-02 9.999910593032836914e-01 -4.230516031384468079e-03 -4.048063419759273529e-05 1.055755972862243652e+00 4.230478778481483459e-03 9.999906420707702637e-01 -8.272592676803469658e-04 -1.584084820933640003e-03 4.397957673063501716e-05 8.270791149698197842e-04 9.999996423721313477e-01 3.363935509696602821e-03 5.763961410522460938e+01
8.086143000000000000e+07 9.999881530737458890e-01 -4.866973807578395782e-03 7.922905640278669382e-05 1.063223284219224407e+00 4.866971536353373491e-03 9.999881558077492461e-01 2.883417343887799750e-05 3.137105028916201306e-03 -7.936845317062900934e-05 -2.844822626598931552e-05 9.999999964456733892e-01 1.384196210088838898e-02 9.999890327453613281e-01 -4.666374064981937408e-03 -4.143854894209653139e-04 1.077029347419738770e+00 4.666372202336788177e-03 9.999891519546508789e-01 1.762876672728452832e-05 -3.190950083080679178e-04 4.143002734053879976e-04 -1.956361120392102748e-05 1.000000000000000000e+00 4.336365964263677597e-03 5.785068893432617188e+01
8.096555000000000000e+07 9.999895688972947339e-01 -4.566879168356955364e-03 7.557707298933618516e-05 1.081137354556123364e+00 4.566876865567893497e-03 9.999895712951749616e-01 3.061399241974865432e-05 2.897637780329823543e-03 -7.571609521839597120e-05 -3.026852190627536747e-05 9.999999966754448133e-01 1.401211039164661394e-02 9.999879002571105957e-01 -4.910391289740800858e-03 1.406818337272852659e-04 1.095394015312194824e+00 4.910365678369998932e-03 9.999878406524658203e-01 2.319241175428032875e-04 1.627412624657154083e-02 -1.418195606674998999e-04 -2.312302385689690709e-04 9.999999403953552246e-01 1.602562610059976578e-03 5.742953491210937500e+01
8.106968000000000000e+07 9.999881143786094606e-01 -4.874603129857528298e-03 9.667177628853475257e-05 1.097538596439601166e+00 4.874598743889198456e-03 9.999881180351869459e-01 4.555352821519052960e-05 3.129012973691307729e-03 -9.689268301288876672e-05 -4.508175065585328354e-05 9.999999942897217498e-01 1.414705128532232556e-02 9.999849200248718262e-01 -5.500101950019598007e-03 1.071091828634962440e-04 1.113094091415405273e+00 5.500025115907192230e-03 9.999846816062927246e-01 6.708590663038194180e-04 1.927196234464645386e-02 -1.107982388930395246e-04 -6.702505634166300297e-04 9.999997615814208984e-01 2.994718961417675018e-03 5.748527908325195312e+01
8.117379000000000000e+07 9.999858038920098613e-01 -5.327395595794180878e-03 1.042630850835954301e-04 1.121073735353530054e+00 5.327388926588139291e-03 9.999858073060962083e-01 6.413870824490239709e-05 3.011556420006180745e-03 -1.046032975792806084e-04 -6.358234772335979231e-05 9.999999925077176499e-01 1.430805653168233139e-02 9.999832510948181152e-01 -5.264535080641508102e-03 2.402340760454535484e-03 1.126248121261596680e+00 5.266672931611537933e-03 9.999858140945434570e-01 -8.813607273623347282e-04 9.047414176166057587e-03 -2.397667150944471359e-03 8.939966792240738869e-04 9.999967813491821289e-01 4.626473877578973770e-03 5.740956878662109375e+01
8.127781000000000000e+07 9.999844850263075458e-01 -5.569298121101001059e-03 1.123628996385236630e-04 1.130703884823832661e+00 5.569290419305764767e-03 9.999844890193256841e-01 6.874078680557388213e-05 2.971436427303135192e-03 -1.127439947107212364e-04 -6.811393867994397120e-05 9.999999913246415684e-01 1.436953411572979532e-02 9.999787807464599609e-01 -5.240223370492458344e-03 3.852903144434094429e-03 1.144382953643798828e+00 5.244670901447534561e-03 9.999855756759643555e-01 -1.142054912634193897e-03 1.159975212067365646e-02 -3.846863051876425743e-03 1.162230269983410835e-03 9.999919533729553223e-01 5.156697239726781845e-03 5.743923187255859375e+01
8.138181000000000000e+07 9.999913338063418644e-01 -4.162765581396797587e-03 6.079192801097696398e-05 1.159243970973868665e+00 4.162762602501070275e-03 9.999913344638172719e-01 4.904609955213482355e-05 2.394117523712331608e-03 -6.099556862285598945e-05 -4.879261215536826910e-05 9.999999969494108853e-01 1.475392163839284697e-02 9.999861717224121094e-01 -4.524108953773975372e-03 2.722302451729774475e-03 1.160422563552856445e+00 4.524935502558946609e-03 9.999896287918090820e-01 -3.055919951293617487e-04 6.594098173081874847e-03 -2.720893127843737602e-03 3.179083578288555145e-04 9.999961853027343750e-01 9.126712568104267120e-03 6.029129409790039062e+01
8.148593000000000000e+07 9.999978872982373534e-01 -2.053808314829923699e-03 8.526664565056817243e-05 1.143436599999357650e+00 2.053803750327951993e-03 9.999978895071310880e-01 5.358518405315599925e-05 1.310188523525717894e-03 -8.537651939421850202e-05 -5.340994988425652745e-05 9.999999949291135115e-01 1.433291474314455152e-02 9.999973773956298828e-01 -2.255942206829786301e-03 -3.007050836458802223e-04 1.172978997230529785e+00 2.255937084555625916e-03 9.999974370002746582e-01 -3.112729973508976400e-05 9.196420200169086456e-03 3.007760096807032824e-04 3.046062374778557569e-05 1.000000000000000000e+00 7.579708006232976913e-03 5.743577575683593750e+01
8.158993000000000000e+07 9.999999803980791357e-01 1.768903318653033811e-04 8.895871124744736966e-05 1.185748516481346826e+00 -1.768962677242083711e-04 9.999999821279053069e-01 6.672255904644771403e-05 -3.520942016652136154e-06 -8.894690708208507482e-05 -6.673829420238689596e-05 9.999999938172239311e-01 1.442625421030419193e-02 9.999977946281433105e-01 -1.216664168168790638e-04 -2.097297459840774536e-03 1.186422705650329590e+00 1.241129939444363117e-04 9.999992847442626953e-01 1.169139752164483070e-03 9.846966713666915894e-03 2.097153337672352791e-03 -1.169406110420823097e-03 9.999970793724060059e-01 9.343257173895835876e-03 5.667347335815429688e+01
8.169405000000000000e+07 9.999992025009601937e-01 1.259660553769790777e-03 9.084440063102333738e-05 1.194581877736587749e+00 -1.259666444420326275e-03 9.999992045193853984e-01 6.481525733831845575e-05 -7.590635173495558071e-04 -9.076268314168775921e-05 -6.492963929334512373e-05 9.999999937731385291e-01 1.442020008854965653e-02 9.999993443489074707e-01 9.377871756441891193e-04 -5.113886436447501183e-04 1.200411558151245117e+00 -9.375096997246146202e-04 9.999994635581970215e-01 5.210166564211249352e-04 1.123768836259841919e-02 5.118774133734405041e-04 -5.205388879403471947e-04 9.999997615814208984e-01 7.703129667788743973e-03 5.803452682495117188e+01
8.179806000000000000e+07 9.999998132492906588e-01 6.033158880437429180e-04 9.752596443941004658e-05 1.194523743487964751e+00 -6.033224479284822776e-04 9.999998157398748422e-01 6.724753537136499918e-05 -3.333845968301105524e-04 -9.748537496173964210e-05 -6.730636241789539960e-05 9.999999929832273926e-01 1.448728753921857577e-02 9.999969005584716797e-01 6.804819568060338497e-04 2.420743927359580994e-03 1.206448793411254883e+00 -6.783119169995188713e-04 9.999994039535522461e-01 -8.998154080472886562e-04 5.866402294486761093e-03 -2.421355806291103363e-03 8.981729042716324329e-04 9.999966621398925781e-01 8.390859700739383698e-03 5.792022323608398438e+01
8.190218000000000000e+07 9.999996916718376649e-01 7.790969905434563499e-04 9.830631345218570629e-05 1.202119514442469894e+00 -7.791036056132189273e-04 9.999996942361206731e-01 6.727004506832343371e-05 -4.855535043841423129e-04 -9.825387350589192268e-05 -6.734661512757598013e-05 9.999999929053051684e-01 1.456067792964338241e-02 9.999971389770507812e-01 4.065211687702685595e-04 2.315882826223969460e-03 1.211053133010864258e+00 -4.032024298794567585e-04 9.999988675117492676e-01 -1.431913580745458603e-03 6.843501236289739609e-03 -2.316461177542805672e-03 1.430983422324061394e-03 9.999963641166687012e-01 1.278175879269838333e-02 5.943609619140625000e+01
8.200618000000000000e+07 9.999998279765441866e-01 5.784657715305790201e-04 9.707843328522798988e-05 1.193115472905961205e+00 -5.784725856660670896e-04 9.999998302221912994e-01 7.017866726507514838e-05 -3.134635007675987649e-04 -9.703782084526164811e-05 -7.023481240680788814e-05 9.999999928253660020e-01 1.446812604893989336e-02 9.999988675117492676e-01 5.572290392592549324e-04 1.428291900083422661e-03 1.204599142074584961e+00 -5.553865339607000351e-04 9.999990463256835938e-01 -1.292595756240189075e-03 3.122750902548432350e-03 -1.429011463187634945e-03 1.291792723350226879e-03 9.999980926513671875e-01 1.536067202687263489e-02 5.717603302001953125e+01
8.211018000000000000e+07 9.999998841893527057e-01 4.717261354795296703e-04 9.537163062342102866e-05 1.192200528382764579e+00 -4.717324453981022324e-04 9.999998865463577413e-01 6.614971676577948052e-05 -2.476232620886287782e-04 -9.534041525475089212e-05 -6.619469899481959622e-05 9.999999932642339440e-01 1.447564423474996705e-02 9.999997019767761230e-01 3.465009503997862339e-04 6.392294890247285366e-04 1.199034452438354492e+00 -3.464763867668807507e-04 9.999998807907104492e-01 -4.024922600365243852e-05 4.337952472269535065e-03 -6.392443319782614708e-04 4.002882997156120837e-05 9.999997615814208984e-01 1.776535809040069580e-02 5.698470306396484375e+01
8.221418000000000000e+07 9.999998253287425420e-01 5.838891703043726884e-04 9.173838505764704446e-05 1.192217236068869646e+00 -5.838950418527575530e-04 9.999998274859558389e-01 6.398944074317421626e-05 -3.320100967158109116e-04 -9.170100649109828969e-05 -6.404299515270088007e-05 9.999999937447102694e-01 1.447806428762069345e-02 9.999998211860656738e-01 5.298127071000635624e-04 2.179393050028011203e-04 1.197947382926940918e+00 -5.297524621710181236e-04 9.999999403953552246e-01 -2.309933770447969437e-04 9.551978670060634613e-03 -2.180604496970772743e-04 2.308722905581817031e-04 1.000000000000000000e+00 2.084464766085147858e-02 5.806358337402343750e+01
8.231818000000000000e+07 9.999998730255761359e-01 4.949312708562034549e-04 9.482547200920147352e-05 1.183120294013680907e+00 -4.949380825052243291e-04 9.999998749388294694e-01 7.182354190134388654e-05 -1.895062917665022730e-04 -9.478991243353026457e-05 -7.187046551863717587e-05 9.999999929247543884e-01 1.434981116195360902e-02 9.999991655349731445e-01 5.099798436276614666e-04 -1.195337041281163692e-03 1.191986680030822754e+00 -5.090553895570337772e-04 9.999994635581970215e-01 7.773070828989148140e-04 7.330061402171850204e-03 1.195733319036662579e-03 -7.766884518787264824e-04 9.999988675117492676e-01 2.196335792541503906e-02 5.741161727905273438e+01
8.242220000000000000e+07 9.999998296464444048e-01 5.751602572057840307e-04 9.948753542954755984e-05 1.196962421212151684e+00 -5.751668953667882006e-04 9.999998323665457711e-01 6.670780945181302869e-05 -3.248337060208504102e-04 -9.944915107229070701e-05 -6.676502002325452722e-05 9.999999928261493753e-01 1.452228283395493209e-02 9.999970793724060059e-01 4.374542913865298033e-04 -2.360893180593848228e-03 1.191524028778076172e+00 -4.373102856334298849e-04 1.000000000000000000e+00 5.749622505391016603e-05 7.888981141149997711e-03 2.360917162150144577e-03 -5.647751095239073038e-05 9.999971985816955566e-01 1.973858475685119629e-02 5.851311874389648438e+01
8.252618000000000000e+07 9.999999027257042705e-01 4.314785828250358507e-04 9.151400210312051213e-05 1.176872148737700075e+00 -4.314850312289883688e-04 9.999999044283367500e-01 7.045554193844069961e-05 -1.474991609168727004e-04 -9.148359329929160440e-05 -7.049502200736681697e-05 9.999999933306019662e-01 1.428617591946953515e-02 9.999998807907104492e-01 3.608682309277355671e-04 -3.545663785189390182e-04 1.192537069320678711e+00 -3.608326078392565250e-04 9.999998807907104492e-01 1.068990677595138550e-04 4.665252752602100372e-03 3.546068037394434214e-04 -1.067555131157860160e-04 1.000000000000000000e+00 1.717248000204563141e-02 5.733391952514648438e+01
8.263018000000000000e+07 9.999997066845129901e-01 7.600072978791244053e-04 9.497269076344432644e-05 1.184748570199919193e+00 -7.600137316068689749e-04 9.999997088961779523e-01 6.772520719516860778e-05 -3.937644056835008506e-04 -9.492119146628505487e-05 -6.779736787736081842e-05 9.999999931967423761e-01 1.434215297406466090e-02 9.999971389770507812e-01 5.398334469646215439e-04 2.340966137126088142e-03 1.193025708198547363e+00 -5.419979570433497429e-04 9.999994039535522461e-01 9.210297721438109875e-04 7.578299846500158310e-03 -2.340468810871243477e-03 -9.222932276315987110e-04 9.999968409538269043e-01 1.805442944169044495e-02 5.687676620483398438e+01
8.273405000000000000e+07 9.999998691416298602e-01 5.024083354111592197e-04 9.644993236764216936e-05 1.186277798645908321e+00 -5.024149152849038220e-04 9.999998714634185104e-01 6.820851276946028293e-05 -2.187770120627731667e-04 -9.641565144517576182e-05 -6.825696172806660115e-05 9.999999930225046407e-01 1.439113328215996593e-02 9.999971985816955566e-01 5.692635895684361458e-04 2.312911674380302429e-03 1.191381812095642090e+00 -5.687391385436058044e-04 9.999998807907104492e-01 -2.266894298372790217e-04 4.216807894408702850e-03 -2.313038799911737442e-03 2.253551065223291516e-04 9.999971985816955566e-01 1.806967332959175110e-02 5.772153472900390625e+01
8.283807000000000000e+07 9.999998818946050916e-01 4.774091579526695351e-04 9.105642196144868251e-05 1.173677700269007973e+00 -4.774156328715351482e-04 9.999998835095172955e-01 7.110039019978873337e-05 -1.516631626486238322e-04 -9.102246737685094956e-05 -7.114385356173582469e-05 9.999999933267312846e-01 1.424457456837282220e-02 9.999989867210388184e-01 2.025182620855048299e-04 -1.426928909495472908e-03 1.186985135078430176e+00 -2.015350910369306803e-04 9.999997615814208984e-01 6.898102001287043095e-04 1.342380326241254807e-02 1.427065930329263210e-03 -6.895141559652984142e-04 9.999987483024597168e-01 1.614327542483806610e-02 5.760015869140625000e+01
8.294206000000000000e+07 9.999997841501673257e-01 6.507237507162015209e-04 9.087471906828273891e-05 1.169378900321289771e+00 -6.507299697891076986e-04 9.999997859343825457e-01 6.842288519339327917e-05 -2.499600618406070968e-04 -9.083017521819154163e-05 -6.848200532811674480e-05 9.999999935300469822e-01 1.415119908967298751e-02 9.999974966049194336e-01 3.431617806199938059e-04 -2.187168225646018982e-03 1.180749893188476562e+00 -3.452148812357336283e-04 9.999994039535522461e-01 -9.381696581840515137e-04 5.175045225769281387e-03 2.186846220865845680e-03 9.389228653162717819e-04 9.999971985816955566e-01 1.541405078023672104e-02 6.070684814453125000e+01
8.304605000000000000e+07 9.999999717241406794e-01 2.227461091877032699e-04 8.328198811392345166e-05 1.163223641125011643e+00 -2.227519861719499646e-04 9.999999727010895345e-01 7.056467661775844163e-05 5.555696459681264349e-05 -8.326626783349505925e-05 -7.058322585046095782e-05 9.999999940423685008e-01 1.412493816037149914e-02 9.999989867210388184e-01 1.353545230813324451e-04 -1.370859914459288120e-03 1.177997112274169922e+00 -1.353731786366552114e-04 1.000000000000000000e+00 -1.885803976620081812e-05 9.037235751748085022e-03 1.370858051814138889e-03 1.904641067085321993e-05 9.999991059303283691e-01 1.558974571526050568e-02 6.026499176025390625e+01
8.314993000000000000e+07 9.999999515062443223e-01 2.991275431859827900e-04 8.666155024470315678e-05 1.179939434386139352e+00 -2.991334732350372410e-04 9.999999529187425518e-01 6.842280554413812449e-05 -7.127486530781867991e-05 -8.664107901936842697e-05 -6.844872559592110823e-05 9.999999939040478125e-01 1.434355747661275084e-02 9.999975562095642090e-01 3.547058440744876862e-04 2.209322527050971985e-03 1.177854537963867188e+00 -3.578121541067957878e-04 9.999990463256835938e-01 1.402542227879166603e-03 7.317386567592620850e-03 -2.208823338150978088e-03 -1.403334201313555241e-03 9.999964833259582520e-01 1.401281543076038361e-02 5.750326538085937500e+01
8.325396000000000000e+07 9.999999249828085413e-01 3.759283638051671267e-04 9.333942561830279043e-05 1.179841136640071397e+00 -3.759348699399309873e-04 9.999999269077011199e-01 6.969628174722291496e-05 -1.221270614345318643e-04 -9.331321798776391336e-05 -6.973136606227509711e-05 9.999999932150902548e-01 1.432286334795909721e-02 9.999958276748657227e-01 2.627563371788710356e-04 2.884553279727697372e-03 1.177254796028137207e+00 -2.650269307196140289e-04 9.999995827674865723e-01 7.828273810446262360e-04 7.713927421718835831e-03 -2.884348155930638313e-03 -7.835791329853236675e-04 9.999955296516418457e-01 1.648547500371932983e-02 5.750963211059570312e+01
8.335793000000000000e+07 9.999998845325100971e-01 4.723684326220253089e-04 8.833483977913740863e-05 1.163024734117283909e+00 -4.723749077472886465e-04 9.999998857448533229e-01 7.329556765788470976e-05 -1.101001074530865689e-04 -8.830020717606064092e-05 -7.333728635395640857e-05 9.999999934123582346e-01 1.411146296205652642e-02 9.999961853027343750e-01 4.967273562215268612e-04 2.711208770051598549e-03 1.174245119094848633e+00 -5.014006164856255054e-04 9.999983906745910645e-01 1.727067283354699612e-03 6.926539819687604904e-03 -2.710343338549137115e-03 -1.728419563733041286e-03 9.999948740005493164e-01 1.600192114710807800e-02 5.753097534179687500e+01
8.346193000000000000e+07 9.999999290123940954e-01 3.647260382488445255e-04 9.460512184470178793e-05 1.164278496648048611e+00 -3.647330086029990700e-04 9.999999307711626706e-01 7.367161853443714950e-05 -3.901809625442859294e-05 -9.457824533873019507e-05 -7.370611891411361124e-05 9.999999928111820147e-01 1.413094144885274593e-02 9.999995827674865723e-01 3.897889982908964157e-04 -9.404416196048259735e-04 1.166977405548095703e+00 -3.872626984957605600e-04 9.999963641166687012e-01 2.687142696231603622e-03 9.512296877801418304e-03 9.414803935214877129e-04 -2.686784602701663971e-03 9.999959468841552734e-01 1.746595092117786407e-02 5.736361694335937500e+01
8.356593000000000000e+07 9.999999884337057443e-01 1.230799868608819451e-04 8.935270230489950570e-05 1.156487634550186883e+00 -1.230867886078549419e-04 9.999999895276220352e-01 7.612094686393221417e-05 1.498474351259707538e-04 -8.934333240409214106e-05 -7.613194412059555254e-05 9.999999931108480844e-01 1.406378414608209712e-02 9.999988675117492676e-01 1.021797725115902722e-04 -1.482750871218740940e-03 1.161272287368774414e+00 -1.009068146231584251e-04 9.999995231628417969e-01 8.581338333897292614e-04 4.861309658735990524e-03 1.482836320064961910e-03 -8.579900604672729969e-04 9.999985098838806152e-01 1.715457253158092499e-02 5.799507141113281250e+01
8.366981000000000000e+07 9.999999872949230095e-01 1.273653814578057158e-04 9.585516964846703706e-05 1.152882671750206089e+00 -1.273723265612869632e-04 9.999999892635338394e-01 7.245151971315798160e-05 1.550340527630702462e-04 -9.584594080394652190e-05 -7.246372808853331212e-05 9.999999927812819323e-01 1.402398137409621194e-02 9.999999403953552246e-01 1.218507532030344009e-04 -4.972278838977217674e-04 1.159089207649230957e+00 -1.216555683640763164e-04 9.999999403953552246e-01 3.947501536458730698e-04 3.350490704178810120e-03 4.972785245627164841e-04 -3.946921497117727995e-04 9.999997615814208984e-01 1.651402935385704041e-02 5.817305755615234375e+01
8.377369000000000000e+07 9.999999567249733268e-01 2.786493406298906758e-04 9.436418027553810219e-05 1.152581792155792817e+00 -2.786563581187872932e-04 9.999999584105345729e-01 7.436104519183982828e-05 5.970153477835281612e-05 -9.434345569524811169e-05 -7.438733715207080624e-05 9.999999927829184010e-01 1.400704887372190149e-02 9.999998211860656738e-01 2.477202797308564186e-04 5.217002471908926964e-04 1.157309651374816895e+00 -2.482947893440723419e-04 9.999992847442626953e-01 1.095169573090970516e-03 5.043233744800090790e-03 -5.214277189224958420e-04 -1.095291227102279663e-03 9.999992847442626953e-01 1.824250817298889160e-02 5.824774551391601562e+01
8.387756000000000000e+07 9.999999922332302171e-01 9.504061750113523821e-05 8.062766645835452628e-05 1.142380221199138068e+00 -9.504632175457172771e-05 9.999999929805145626e-01 7.074720935967536710e-05 2.451555823625293411e-04 -8.062094203396028924e-05 -7.075487217328725316e-05 9.999999942470059189e-01 1.391534296415883505e-02 9.999986886978149414e-01 6.629025301663205028e-05 1.612770371139049530e-03 1.156414985656738281e+00 -6.485933408839628100e-05 9.999997019767761230e-01 -8.802438387647271156e-04 1.646103453822433949e-03 -1.612824737094342709e-03 8.801309159025549889e-04 9.999982714653015137e-01 1.815348304808139801e-02 5.861385726928710938e+01
8.398156000000000000e+07 9.999999935778084437e-01 -7.628563569896566830e-05 8.381458672152174356e-05 1.140905360552959769e+00 7.627948117870193758e-05 9.999999943946700220e-01 7.343092423191904491e-05 3.420618120604831513e-04 -8.382018797642277834e-05 -7.342453042717040116e-05 9.999999937915071690e-01 1.392333031021595648e-02 9.999999403953552246e-01 -3.174633093294687569e-05 -1.690273784333840013e-04 1.152289152145385742e+00 3.160091000609099865e-05 9.999995827674865723e-01 -8.774002781137824059e-04 1.441450905986130238e-03 1.690529898041859269e-04 8.773966110311448574e-04 9.999995827674865723e-01 1.970295421779155731e-02 5.954886245727539062e+01
8.408558000000000000e+07 9.999999182984713464e-01 3.963607553264289593e-04 7.938015630613444690e-05 1.131076714602833544e+00 -3.963665846863598133e-04 9.999999187505094200e-01 7.343372451874473578e-05 1.150793373704513730e-04 -7.935104361124904510e-05 -7.346518215921661371e-05 9.999999941531396708e-01 1.374691174785814402e-02 9.999977946281433105e-01 2.179020084440708160e-04 -2.109816297888755798e-03 1.146547555923461914e+00 -2.225995704066008329e-04 9.999974966049194336e-01 -2.224605297669768333e-03 -1.213493756949901581e-03 2.109325025230646133e-03 2.225068397819995880e-03 9.999952912330627441e-01 1.867901533842086792e-02 5.883731079101562500e+01
8.418966000000000000e+07 9.999999370324021974e-01 -3.443159613519466565e-04 8.591690426703339951e-05 1.131938637837398121e+00 3.443095964618467643e-04 9.999999379811033151e-01 7.408572987388666368e-05 5.615005673580619402e-04 -8.594240783702784641e-05 -7.405614319522086882e-05 9.999999935647952976e-01 1.387865702468080512e-02 9.999985098838806152e-01 -6.440000724978744984e-04 -1.591725507751107216e-03 1.140573620796203613e+00 6.404814776033163071e-04 9.999973773956298828e-01 -2.211283193901181221e-03 -9.444605093449354172e-04 1.593146705999970436e-03 2.210272941738367081e-03 9.999963641166687012e-01 1.666693016886711121e-02 5.896623992919921875e+01
8.429337000000000000e+07 9.999990343333506893e-01 -1.386830726075895942e-03 8.962654202014446424e-05 1.124194209951925094e+00 1.386824889618918505e-03 9.999990362357017437e-01 6.514911196784879319e-05 1.038574575868150265e-03 -8.971680643089980679e-05 -6.502475273715751039e-05 9.999999938613380879e-01 1.400366292040928877e-02 9.999989271163940430e-01 -1.445954781956970692e-03 2.649490197654813528e-04 1.137081384658813477e+00 1.446672016754746437e-03 9.999952316284179688e-01 -2.742409007623791695e-03 -2.266421448439359665e-03 -2.609833900351077318e-04 2.742779208347201347e-03 9.999961853027343750e-01 1.723051629960536957e-02 5.926435089111328125e+01
8.439714000000000000e+07 9.999965756678819151e-01 -2.615831532206031734e-03 7.796284042373591728e-05 1.121319218537299989e+00 2.615828152523740763e-03 9.999965777731663064e-01 4.342040279752816154e-05 1.598555495834640692e-03 -7.807615407103777726e-05 -4.321631672773690693e-05 9.999999960182321956e-01 1.418820294200220412e-02 9.999957084655761719e-01 -2.669520443305373192e-03 1.163047505542635918e-03 1.140674352645874023e+00 2.670609857887029648e-03 9.999959468841552734e-01 -9.391205385327339172e-04 2.550554228946566582e-03 -1.160535728558897972e-03 9.422381990589201450e-04 9.999989271163940430e-01 1.830353774130344391e-02 5.880137634277343750e+01
8.450097000000000000e+07 9.999945681268040953e-01 -3.295036447252140590e-03 8.032074166311758848e-05 1.122690945212175606e+00 3.295033103213952739e-03 9.999945704928335788e-01 4.173039271118811480e-05 1.971410896559402503e-03 -8.045780872950395715e-05 -4.146550652759242939e-05 9.999999959035762442e-01 1.428510408952535227e-02 9.999940395355224609e-01 -3.295637434348464012e-03 1.093214144930243492e-03 1.133939981460571289e+00 3.296178998425602913e-03 9.999944567680358887e-01 -4.942588857375085354e-04 2.341219456866383553e-03 -1.091576996259391308e-03 4.978554788976907730e-04 9.999992847442626953e-01 1.891464926302433014e-02 5.885891342163085938e+01
8.460469000000000000e+07 9.999956461654680995e-01 -2.949792093945891123e-03 7.985602895272667968e-05 1.126726321750213033e+00 2.949788756949200865e-03 9.999956484871301843e-01 4.187324027375326289e-05 1.761743242181267521e-03 -7.997919880740578756e-05 -4.163749955566079587e-05 9.999999959348233602e-01 1.429720529661325859e-02 9.999952316284179688e-01 -2.942458493635058403e-03 8.672421099618077278e-04 1.131945371627807617e+00 2.941390732303261757e-03 9.999948740005493164e-01 1.226195017807185650e-03 6.268266122788190842e-03 -8.708517416380345821e-04 -1.223644940182566643e-03 9.999989271163940430e-01 1.823443360626697540e-02 5.992035293579101562e+01
8.470856000000000000e+07 9.999959239442628434e-01 -2.854283489781488797e-03 7.183812629559722962e-05 1.116610083824647548e+00 2.854280852288604980e-03 9.999959258553985375e-01 3.679017290727616219e-05 1.720437607380920090e-03 -7.194284319856180505e-05 -3.658497676255384240e-05 9.999999967428834236e-01 1.417300591769105229e-02 9.999958276748657227e-01 -2.757476177066564560e-03 -8.800525683909654617e-04 1.125057816505432129e+00 2.759920898824930191e-03 9.999923706054687500e-01 2.776335226371884346e-03 7.668560836464166641e-03 8.723933133296668530e-04 -2.778756665065884590e-03 9.999957084655761719e-01 2.056596428155899048e-02 5.923574447631835938e+01
8.481232000000000000e+07 9.999966332884726583e-01 -2.593659561937457399e-03 7.963602729552133350e-05 1.112139718593578852e+00 2.593656166728085070e-03 9.999966355562565079e-01 4.270780407670538828e-05 1.608102919510840875e-03 -7.974652886735615045e-05 -4.250111182163596754e-05 9.999999959170733366e-01 1.408279076010560127e-02 9.999933838844299316e-01 -2.996115945279598236e-03 -2.036991994827985764e-03 1.120499134063720703e+00 2.998599549755454063e-03 9.999947547912597656e-01 1.218505320139229298e-03 5.573099479079246521e-03 2.033332595601677895e-03 -1.224601175636053085e-03 9.999971389770507812e-01 2.155399881303310394e-02 5.860092926025390625e+01
8.491606000000000000e+07 9.999967388930547374e-01 -2.552678235974050695e-03 7.769704810448210656e-05 1.101771296285129154e+00 2.552675282281772953e-03 9.999967411935573036e-01 3.809095774136310095e-05 1.583678483308227245e-03 -7.779402886734167091e-05 -3.789249818092925773e-05 9.999999962561236799e-01 1.395345330075735933e-02 9.999964833259582520e-01 -2.656528493389487267e-03 -2.947570174001157284e-04 1.125046014785766602e+00 2.656599739566445351e-03 9.999963641166687012e-01 2.635669370647519827e-04 -3.959171008318662643e-04 2.940556441899389029e-04 -2.643465413711965084e-04 1.000000000000000000e+00 2.622482553124427795e-02 5.880854415893554688e+01
8.502009000000000000e+07 9.999982490287271375e-01 -1.869431433324862928e-03 8.465070524620001895e-05 1.105343370539380921e+00 1.869427140736474886e-03 9.999982513313283583e-01 5.076018673719120272e-05 1.268605302550027038e-03 -8.474544990486432923e-05 -5.060184953828948673e-05 9.999999951288309763e-01 1.387561404256467540e-02 9.999967217445373535e-01 -2.026479458436369896e-03 1.605823170393705368e-03 1.118765830993652344e+00 2.026334637776017189e-03 9.999979734420776367e-01 9.316627983935177326e-05 -8.274519350379705429e-04 -1.606010599061846733e-03 -8.991246431833133101e-05 9.999986886978149414e-01 2.600008063018321991e-02 5.911884689331054688e+01
8.512372000000000000e+07 9.999986799225141221e-01 -1.622671273849173599e-03 8.420914152108912481e-05 1.104167449358025133e+00 1.622667022194861130e-03 9.999986821982133067e-01 5.053301050617936714e-05 1.145987772974425140e-03 -8.429102901425003763e-05 -5.039630040246318235e-05 9.999999951776177287e-01 1.383145052788502249e-02 9.999979734420776367e-01 -1.790168695151805878e-03 8.413140894845128059e-04 1.115875959396362305e+00 1.790399430319666862e-03 9.999983310699462891e-01 -2.662223996594548225e-04 -1.834486261941492558e-03 -8.408341673202812672e-04 2.677339361980557442e-04 9.999995827674865723e-01 2.668838202953338623e-02 5.841238403320312500e+01
8.522744000000000000e+07 9.999989431208630153e-01 -1.451424906209673260e-03 8.439717615342626255e-05 1.102103906360729857e+00 1.451420253774909431e-03 9.999989451677123720e-01 5.516062116697570568e-05 1.047365807132471290e-03 -8.447714862854288826e-05 -5.503806709714783555e-05 9.999999949172112546e-01 1.378746374955496130e-02 9.999986886978149414e-01 -1.546111423522233963e-03 5.484852590598165989e-04 1.112466454505920410e+00 1.546099549159407616e-03 9.999988079071044922e-01 1.144265479524619877e-05 -1.377401291392743587e-03 -5.485086585395038128e-04 -1.060243266692850739e-05 9.999998211860656738e-01 2.412631921470165253e-02 5.883929443359375000e+01
8.533118000000000000e+07 9.999993812061417353e-01 -1.108731636716578503e-03 9.111219862973374555e-05 1.102963787088089509e+00 1.108726162832390132e-03 9.999993835564994216e-01 6.010706074677343483e-05 8.974411659305682378e-04 -9.117878506720254457e-05 -6.000600506973655606e-05 9.999999940428540013e-01 1.373201524557172634e-02 9.999982118606567383e-01 -1.385204377584159374e-03 1.310273772105574608e-03 1.111537814140319824e+00 1.384990522637963295e-03 9.999990463256835938e-01 1.615795772522687912e-04 3.540105826687067747e-04 -1.310492982156574726e-03 -1.597730442881584167e-04 9.999991655349731445e-01 2.524796128273010254e-02 6.039843368530273438e+01
8.543510000000000000e+07 9.999996694608282999e-01 -8.089989336990053822e-04 8.123417108380084168e-05 1.103628765173273685e+00 8.089938487526314751e-04 9.999996708044620597e-01 6.260951349449952162e-05 7.576804649684631965e-04 -8.128479536914932956e-05 -6.254377485797976862e-05 9.999999947405293632e-01 1.369756481818326828e-02 9.999994039535522461e-01 -9.393155341967940331e-04 4.907908733002841473e-04 1.106384873390197754e+00 9.384818258695304394e-04 9.999980926513671875e-01 1.693808473646640778e-03 1.353007974103093147e-03 -4.923829692415893078e-04 -1.693333499133586884e-03 9.999984502792358398e-01 2.392053045332431793e-02 5.990079879760742188e+01
8.553887000000000000e+07 9.999999940986924463e-01 6.646082994477774911e-05 8.593935823800241864e-05 1.097558858090450284e+00 -6.646729223946157880e-05 9.999999949638818109e-01 7.519531568755711019e-05 4.087764812264221728e-04 -8.593436026213491046e-05 -7.520102740022038519e-05 9.999999934800456458e-01 1.346459297983863303e-02 9.999999403953552246e-01 5.279395918478257954e-05 -6.361561099765822291e-05 1.103325486183166504e+00 -5.273321221466176212e-05 9.999997019767761230e-01 7.657637470401823521e-04 6.736517534591257572e-04 6.366016896208748221e-05 -7.657596142962574959e-04 9.999997019767761230e-01 2.434384822845458984e-02 5.931552124023437500e+01
8.564260000000000000e+07 9.999996567213297327e-01 8.236381224414575982e-04 9.042954759971847029e-05 1.095790876444578954e+00 -8.236454517278996804e-04 9.999996575201105520e-01 8.104238725829918675e-05 3.288314453490047678e-06 -9.036276703334845755e-05 -8.111684131973257708e-05 9.999999926273145379e-01 1.330730552549839324e-02 9.999995827674865723e-01 6.524223717860877514e-04 -6.972739938646554947e-04 1.099346637725830078e+00 -6.511975661851465702e-04 9.999982714653015137e-01 1.767428591847419739e-03 1.510109752416610718e-03 6.984203355386853218e-04 -1.766984467394649982e-03 9.999980926513671875e-01 2.184125036001205444e-02 5.735097503662109375e+01
8.574645000000000000e+07 9.999993118891851163e-01 1.169877913070661770e-03 8.721701912686688105e-05 1.087291602991081296e+00 -1.169884909198136858e-03 9.999993124677958312e-01 8.020734649640581305e-05 -1.563594853944461657e-04 -8.712312635810217623e-05 -8.030932518058488535e-05 9.999999929799864296e-01 1.317461876033593042e-02 9.999989867210388184e-01 1.380744739435613155e-03 -3.623716183938086033e-04 1.098313927650451660e+00 -1.380635774694383144e-03 9.999989867210388184e-01 2.639874583110213280e-04 -5.670189857482910156e-04 3.627419064287096262e-04 -2.634757547639310360e-04 9.999999403953552246e-01 2.113230526447296143e-02 5.735036849975585938e+01
8.585040000000000000e+07 9.999987861099115527e-01 1.555599820142154885e-03 8.881403653101205503e-05 1.100257614157807984e+00 -1.555606644712505130e-03 9.999987870923129352e-01 7.682382417557073306e-05 -4.561890953211339807e-04 -8.869442168219473838e-05 -7.696189062355457151e-05 9.999999931050835844e-01 1.322448962498828581e-02 9.999985694885253906e-01 1.629695645533502102e-03 4.592737532220780849e-04 1.099178791046142578e+00 -1.629355945624411106e-03 9.999983906745910645e-01 -7.618368254043161869e-04 -2.205785131081938744e-03 -4.605141584761440754e-04 7.610825705341994762e-04 9.999996423721313477e-01 2.035800553858280182e-02 5.713750457763671875e+01
8.595422000000000000e+07 9.999983126416022161e-01 1.834868467485919466e-03 8.928432918489157921e-05 1.088504252690859486e+00 -1.834875290166302362e-03 9.999983136969560205e-01 7.639338919191120049e-05 -5.612940697796830591e-04 -8.914400680500101965e-05 -7.655708589655715261e-05 9.999999930961793737e-01 1.304929368798594079e-02 9.999973773956298828e-01 2.240985864773392677e-03 -3.935782297048717737e-04 1.103465557098388672e+00 -2.242088783532381058e-03 9.999933838844299316e-01 -2.840213477611541748e-03 -2.837631152942776680e-03 3.872133383993059397e-04 2.841090317815542221e-03 9.999958872795104980e-01 1.449210755527019501e-02 5.702588653564453125e+01
8.605806000000000000e+07 9.999982816838858257e-01 1.851552271111599332e-03 9.156174444350041514e-05 1.092876372103140925e+00 -1.851559363483064194e-03 9.999982828643666499e-01 7.743598360717144009e-05 -5.960327681820934854e-04 -9.141821045201272095e-05 -7.760538254849670486e-05 9.999999928100579139e-01 1.310515637908053581e-02 9.999964833259582520e-01 2.158664399757981300e-03 -1.574583700858056545e-03 1.100214838981628418e+00 -2.163634635508060455e-03 9.999926686286926270e-01 -3.163148416206240654e-03 -4.690374247729778290e-03 1.567736268043518066e-03 3.166538197547197342e-03 9.999937415122985840e-01 1.376656442880630493e-02 5.756476974487304688e+01
8.616194000000000000e+07 9.999978760103489517e-01 2.059314213558389312e-03 8.485116546529710823e-05 1.088313106772884398e+00 -2.059320513361326439e-03 9.999978768425640263e-01 7.422497581176172956e-05 -6.907290212930217686e-04 -8.469813276376899421e-05 -7.439955390596642644e-05 9.999999936454662119e-01 1.302700348057135062e-02 9.999964237213134766e-01 2.321606036275625229e-03 -1.338064554147422314e-03 1.105344533920288086e+00 -2.324977191165089607e-03 9.999941587448120117e-01 -2.515825210139155388e-03 -3.554508555680513382e-03 1.332219573669135571e-03 2.518928609788417816e-03 9.999960064888000488e-01 1.339123584330081940e-02 5.733142471313476562e+01
8.626642000000000000e+07 9.999979397729743535e-01 2.027976501430871561e-03 8.809624062196480879e-05 1.084929760672605381e+00 -2.027983978864300943e-03 9.999979400366768578e-01 8.487175937147380437e-05 -6.338525884668218908e-04 -8.792394120624150351e-05 -8.505024228827254154e-05 9.999999925179180460e-01 1.298576066947796162e-02 9.999973773956298828e-01 2.270921366289258003e-03 3.895666450262069702e-04 1.087584137916564941e+00 -2.270050114020705223e-03 9.999949336051940918e-01 -2.237125299870967865e-03 -4.075283184647560120e-03 -3.946422948502004147e-04 2.236242406070232391e-03 9.999973773956298828e-01 1.305680535733699799e-02 5.651673507690429688e+01
8.636974000000000000e+07 9.999978466964352108e-01 2.073258123210082893e-03 9.057190960490316904e-05 1.084539003219593845e+00 -2.073265535887526111e-03 9.999978474349627833e-01 8.182592589828467514e-05 -6.636797158694435032e-04 -9.040206837834437474e-05 -8.201352931990839562e-05 9.999999925506235510e-01 1.298365044810313902e-02 9.999947547912597656e-01 2.349913585931062698e-03 2.219653455540537834e-03 1.098682999610900879e+00 -2.349612070247530937e-03 9.999971985816955566e-01 -1.359962916467338800e-04 -1.047739569912664592e-04 -2.219971036538481712e-03 1.307774800807237625e-04 9.999975562095642090e-01 1.863109879195690155e-02 5.704793548583984375e+01
8.647360000000000000e+07 9.999976487458848151e-01 2.166893963598518283e-03 8.410221124923456513e-05 1.085688023250241052e+00 -2.166900364198828463e-03 9.999976493738658156e-01 7.608865809359544041e-05 -7.308992413915638793e-04 -8.393713749997900610e-05 -7.627072030474447983e-05 9.999999935686669783e-01 1.297870726807912219e-02 9.999955892562866211e-01 2.375497948378324509e-03 1.735555473715066910e-03 1.096213459968566895e+00 -2.377636265009641647e-03 9.999964237213134766e-01 1.234706607647240162e-03 3.000666387379169464e-03 -1.732618082314729691e-03 -1.238820492289960384e-03 9.999977350234985352e-01 2.188846282660961151e-02 5.658531188964843750e+01
8.657749000000000000e+07 9.999979755950018090e-01 2.010219954139900924e-03 8.844138355088227354e-05 1.075433123565262106e+00 -2.010227368521146172e-03 9.999979759777233301e-01 8.382498136226382063e-05 -5.614644416954562688e-04 -8.827269790353181123e-05 -8.400259894556808221e-05 9.999999925757474539e-01 1.288686526616316351e-02 9.999971985816955566e-01 2.349128481000661850e-03 -4.956963821314275265e-04 1.079809784889221191e+00 -2.348689595237374306e-03 9.999968409538269043e-01 9.001321159303188324e-04 2.337285084649920464e-03 4.978085635229945183e-04 -8.989716297946870327e-04 9.999994039535522461e-01 2.391432784497737885e-02 5.704912185668945312e+01
8.668131000000000000e+07 9.999979956614040155e-01 2.000185631219052965e-03 8.905513334725982276e-05 1.080127928748440436e+00 -2.000193096512348830e-03 9.999979960991716155e-01 8.381777457886491613e-05 -5.764758238026389649e-04 -8.888730378968525249e-05 -8.399573403365106637e-05 9.999999925218823194e-01 1.293471523197526653e-02 9.999970793724060059e-01 2.143230289220809937e-03 -1.135961036197841167e-03 1.075448393821716309e+00 -2.141467994078993797e-03 9.999964237213134766e-01 1.549204578623175621e-03 4.304669797420501709e-03 1.139280386269092560e-03 -1.546769635751843452e-03 9.999982118606567383e-01 2.681730501353740692e-02 5.678694534301757812e+01
8.678551000000000000e+07 9.999984271322882590e-01 1.771466616871773900e-03 8.740039695338697331e-05 1.070543848366500184e+00 -1.771473921517643848e-03 9.999984274467663692e-01 8.357029498422331487e-05 -3.911339950615647185e-04 -8.725221751702545280e-05 -8.372499107029747088e-05 9.999999926885878576e-01 1.286575756383367790e-02 9.999949336051940918e-01 1.922474475577473640e-03 -2.518361667171120644e-03 1.067347645759582520e+00 -1.920492504723370075e-03 9.999979138374328613e-01 7.887036772444844246e-04 3.459019120782613754e-03 2.519874135032296181e-03 -7.838627207092940807e-04 9.999964833259582520e-01 2.428941987454891205e-02 5.711292648315429688e+01
8.688909000000000000e+07 9.999989354064351410e-01 1.456382045960654108e-03 9.020713691130858301e-05 1.067377905535756843e+00 -1.456389613318805239e-03 9.999989359461611826e-01 8.387988233242207859e-05 -1.914200632404640607e-04 -9.008487977112064626e-05 -8.401116977199688169e-05 9.999999924134188589e-01 1.289865787065580353e-02 9.999949336051940918e-01 1.698189880698919296e-03 -2.733333036303520203e-03 1.080838322639465332e+00 -1.695577753707766533e-03 9.999981522560119629e-01 9.561757324263453484e-04 1.552727539092302322e-02 2.734951907768845558e-03 -9.515357669442892075e-04 9.999958276748657227e-01 1.849920116364955902e-02 5.700614547729492188e+01
8.699295000000000000e+07 9.999991418647005137e-01 1.306873887564483560e-03 9.138122315217499984e-05 1.070295571878183472e+00 -1.306881519395282831e-03 9.999991425433130132e-01 8.350662455167996842e-05 -1.297215250008863655e-04 -9.127201217115208287e-05 -8.362597732183407045e-05 9.999999923380579192e-01 1.296419368251185492e-02 9.999961853027343750e-01 1.569036161527037621e-03 -2.242920920252799988e-03 1.075824618339538574e+00 -1.571554457768797874e-03 9.999981522560119629e-01 -1.124390051700174809e-03 6.557394284754991531e-03 2.241153270006179810e-03 1.127913361415266991e-03 9.999967813491821289e-01 1.754174567759037018e-02 5.665398406982421875e+01
8.709669000000000000e+07 9.999995958838578947e-01 8.937699877944898542e-04 9.699124349878346721e-05 1.055799408090892344e+00 -8.937765982561947896e-04 9.999995982605273115e-01 6.813331149006184560e-05 -4.289569357190058368e-05 -9.693030902244877925e-05 -6.821997246301616526e-05 9.999999929752749761e-01 1.289871952344772386e-02 9.999994635581970215e-01 1.005014986731112003e-03 -4.375989083200693130e-04 1.079814434051513672e+00 -1.005043508484959602e-03 9.999994635581970215e-01 -2.549603959778323770e-05 1.092097442597150803e-02 4.375747521407902241e-04 2.593964018160477281e-05 1.000000000000000000e+00 1.719423197209835052e-02 5.883881759643554688e+01
8.720057000000000000e+07 9.999998577897406538e-01 5.249898346180630407e-04 9.384122562234137831e-05 1.069446282920062163e+00 -5.249965073501157084e-04 9.999998596619954494e-01 7.109613317445397963e-05 1.671064773557029621e-04 -9.380388770613040151e-05 -7.114538937892287383e-05 9.999999930695822048e-01 1.309940950840528598e-02 9.999979734420776367e-01 5.721917841583490372e-04 1.909061567857861519e-03 1.078349828720092773e+00 -5.714435828849673271e-04 9.999997019767761230e-01 -3.889025829266756773e-04 7.532557938247919083e-03 -1.909285550937056541e-03 3.878048155456781387e-04 9.999980330467224121e-01 1.715255528688430786e-02 5.847888183593750000e+01
8.730443000000000000e+07 9.999999829694914411e-01 -1.583003814348669263e-04 9.487890366687294803e-05 1.063635599551414845e+00 1.582960048208294896e-04 9.999999864070072686e-01 4.613415620743427169e-05 3.434776716467681144e-04 -9.488620543164345660e-05 -4.611913647048976529e-05 9.999999944348166858e-01 1.317807688909380763e-02 9.999966621398925781e-01 -2.073954383376985788e-04 2.598672872409224510e-03 1.076528191566467285e+00 2.071823109872639179e-04 1.000000000000000000e+00 8.120978600345551968e-05 9.561128914356231689e-03 -2.598691266030073166e-03 -8.067113958531990647e-05 9.999966025352478027e-01 1.808916591107845306e-02 5.859273529052734375e+01
8.740833000000000000e+07 9.999999534393015921e-01 -2.905229565063196053e-04 9.336920600604172696e-05 1.065816627034034125e+00 2.905185457943302760e-04 9.999999566832267206e-01 4.724956452509859110e-05 4.161439081540132027e-04 -9.338292904444132100e-05 -4.722243683982169722e-05 9.999999945248351230e-01 1.321613872922808297e-02 9.999979734420776367e-01 -3.664186515379697084e-04 1.984861912205815315e-03 1.067368388175964355e+00 3.617376787588000298e-04 9.999971985816955566e-01 2.360322978347539902e-03 1.137226261198520660e-02 -1.985725015401840210e-03 -2.359596779569983482e-03 9.999953508377075195e-01 1.876671053469181061e-02 5.807513427734375000e+01
8.751218000000000000e+07 9.999998577951907386e-01 -5.251736821654034645e-04 9.274807435651072221e-05 1.069454562592159430e+00 5.251694727641748398e-04 9.999998610677498512e-01 4.540384662218287405e-05 5.352229481586864585e-04 -9.277190637584081931e-05 -4.535513170881301347e-05 9.999999946681427110e-01 1.328398267219791859e-02 9.999994039535522461e-01 -5.547693581320345402e-04 8.508113678544759750e-04 1.052188515663146973e+00 5.518173566088080406e-04 9.999938011169433594e-01 3.470533993095159531e-03 1.323017384856939316e-02 -8.527236059308052063e-04 -3.470069495961070061e-03 9.999936223030090332e-01 1.777276024222373962e-02 5.842729568481445312e+01
8.761606000000000000e+07 9.999998685421324085e-01 -5.048975894131753047e-04 8.940988797556221831e-05 1.063255009184970179e+00 5.048939140112899049e-04 9.999998716954145994e-01 4.112513028522809156e-05 5.087083424909794472e-04 -8.943064048411000549e-05 -4.107998236831941286e-05 9.999999951572975387e-01 1.323204295329545414e-02 9.999998807907104492e-01 -4.944565007463097572e-04 -7.034480222500860691e-05 1.052540302276611328e+00 4.947799607180058956e-04 9.999893903732299805e-01 4.593261517584323883e-03 1.348840352147817612e-02 6.806837336625903845e-05 -4.593295510858297348e-03 9.999893903732299805e-01 1.791518554091453552e-02 5.587680053710937500e+01
8.771979000000000000e+07 9.999999046208996045e-01 -4.268839526672965298e-04 9.234868925894563140e-05 1.065519354917333850e+00 4.268797659563714256e-04 9.999999078584771439e-01 4.535086075952483203e-05 4.722269030882978976e-04 -9.236804030471528826e-05 -4.531143464669378613e-05 9.999999947075094431e-01 1.324611149078836099e-02 9.999998807907104492e-01 -4.062349908053874969e-04 -4.308110510464757681e-04 1.052093982696533203e+00 4.076920158695429564e-04 9.999941587448120117e-01 3.407287178561091423e-03 1.269976608455181122e-02 4.294246027711778879e-04 -3.407462732866406441e-03 9.999941587448120117e-01 1.699621416628360748e-02 5.634595108032226562e+01
8.782357000000000000e+07 9.999999602323611514e-01 -2.674450951464427519e-04 8.948965699657378606e-05 1.056028684452837929e+00 2.674416319631086779e-04 9.999999634882938970e-01 3.870898789936261833e-05 3.922094317021866650e-04 -8.950000625789584704e-05 -3.868505310057145894e-05 9.999999952466078756e-01 1.313346796876671205e-02 9.999995231628417969e-01 -3.832520451396703720e-04 -8.106022723950445652e-04 1.046985864639282227e+00 3.863158926833420992e-04 9.999927282333374023e-01 3.783459309488534927e-03 1.437038835138082504e-02 8.091473719105124474e-04 -3.783773165196180344e-03 9.999924898147583008e-01 1.667782291769981384e-02 5.787756729125976562e+01
8.792732000000000000e+07 9.999999554487931652e-01 -2.828114796558984416e-04 9.549911349014153473e-05 1.052099349880873502e+00 2.828082521316937310e-04 9.999999594382493751e-01 3.380819234579858924e-05 3.588526891284592657e-04 -9.550867096121648558e-05 -3.378118290284591173e-05 9.999999948684628048e-01 1.310277638417356796e-02 9.999995827674865723e-01 -3.178391780238598585e-04 -8.962572319433093071e-04 1.050797343254089355e+00 3.189707931596785784e-04 9.999991655349731445e-01 1.258286181837320328e-03 9.580409154295921326e-03 8.958552498370409012e-04 -1.258573960512876511e-03 9.999988675117492676e-01 1.697320677340030670e-02 5.635075378417968750e+01
8.803106000000000000e+07 9.999996439119908098e-01 -8.400045326025202359e-04 8.104516477466962429e-05 1.050353802043419993e+00 8.400028045052909025e-04 9.999996469695989765e-01 2.135432909953610456e-05 6.317660985851844720e-04 -8.106307389544117762e-05 -2.128624333382679815e-05 9.999999964878371062e-01 1.319777768616122067e-02 9.999966025352478027e-01 -8.622285095043480396e-04 -2.481936011463403702e-03 1.062971234321594238e+00 8.657449507154524326e-04 9.999986290931701660e-01 1.418391242623329163e-03 6.985118146985769272e-03 2.480710856616497040e-03 -1.420531305484473705e-03 9.999959468841552734e-01 9.525213390588760376e-03 5.625823974609375000e+01
8.813505000000000000e+07 9.999998268076678576e-01 -5.828075132325696893e-04 8.197588764147681448e-05 1.049038469096119641e+00 5.828057860031318716e-04 9.999998299462559137e-01 2.109228003356598439e-05 5.164045283847525482e-04 -8.198816644011216906e-05 -2.104450036020956812e-05 9.999999964175348977e-01 1.313534449411021300e-02 9.999997615814208984e-01 -5.494383512996137142e-04 -1.925644901348277926e-04 1.062061429023742676e+00 5.493247299455106258e-04 9.999997019767761230e-01 -6.197885959409177303e-04 2.992415102198719978e-03 1.929052814375609159e-04 6.196880713105201721e-04 9.999997615814208984e-01 8.703984320163726807e-03 5.686479949951171875e+01
8.823871000000000000e+07 9.999998462522123877e-01 -5.470221104041328658e-04 9.089746635201723199e-05 1.061843575565085684e+00 5.470189185525154351e-04 9.999998497678642684e-01 3.513600829671299758e-05 5.309428500124079671e-04 -9.091667287051357455e-05 -3.508628025879647862e-05 9.999999952515555846e-01 1.322065335822905814e-02 9.999928474426269531e-01 -7.926340913400053978e-04 3.700100816786289215e-03 1.068335175514221191e+00 8.073764620348811150e-04 9.999917149543762207e-01 -3.985336516052484512e-03 -1.999842468649148941e-03 -3.696911502629518509e-03 3.988295327872037888e-03 9.999851584434509277e-01 4.138195421546697617e-03 5.827670288085937500e+01
8.834260000000000000e+07 9.999996938567619065e-01 -7.774076914523284781e-04 8.901508066525381483e-05 1.061173292546564229e+00 7.774045205492154803e-04 9.999996971855679151e-01 3.565115108928496479e-05 6.202229341428593373e-04 -8.904276918832228107e-05 -3.558193945118552886e-05 9.999999954026556059e-01 1.327503836697014813e-02 9.999780058860778809e-01 -8.820624789223074913e-04 6.574743892997503281e-03 1.064598083496093750e+00 8.908852469176054001e-04 9.999986886978149414e-01 -1.339166657999157906e-03 1.480048755183815956e-03 -6.573550868779420853e-03 1.344990334473550320e-03 9.999775886535644531e-01 1.248800382018089294e-02 5.697564697265625000e+01
8.844633000000000000e+07 9.999995998005856146e-01 -8.909807794735962209e-04 8.094373699898969648e-05 1.054079692229088483e+00 8.909788034510041392e-04 9.999996027795109432e-01 2.444507709231905388e-05 6.416187497574421614e-04 -8.096548494115103232e-05 -2.437294815272215086e-05 9.999999964252747064e-01 1.322859625051848488e-02 9.999992251396179199e-01 -1.232638722285628319e-03 1.723877212498337030e-04 1.066233754158020020e+00 1.233138260431587696e-03 9.999949336051940918e-01 -2.944157924503087997e-03 5.085432901978492737e-03 -1.687724434304982424e-04 2.944366075098514557e-03 9.999955892562866211e-01 1.825616881251335144e-02 5.605635070800781250e+01
8.855019000000000000e+07 9.999994509746050753e-01 -1.045354523173221617e-03 7.269421649589788838e-05 1.046917807569263781e+00 1.045353347389675136e-03 9.999994534866699647e-01 1.621049099772782270e-05 7.516193610723361212e-04 -7.271112247701557872e-05 -1.613449095795486488e-05 9.999999972263855508e-01 1.320123756958266510e-02 9.999908208847045898e-01 -1.342445379123091698e-03 -4.085943568497896194e-03 1.056545257568359375e+00 1.332314917817711830e-03 9.999960064888000488e-01 -2.481059171259403229e-03 -4.861579742282629013e-03 4.089267924427986145e-03 2.475600456818938255e-03 9.999886155128479004e-01 1.687851548194885254e-02 5.619292831420898438e+01
8.865393000000000000e+07 9.999997393208682750e-01 -7.178192045953978809e-04 7.806273686938744677e-05 1.043468983823116591e+00 7.178180674786841572e-04 9.999997422620919840e-01 1.459374527001291622e-05 5.481889430151939448e-04 -7.807319242016580235e-05 -1.453770662343308937e-05 9.999999968466158906e-01 1.311916020776736531e-02 9.999909996986389160e-01 -8.425991400144994259e-04 -4.153362009674310684e-03 1.057914137840270996e+00 8.397636120207607746e-04 9.999994039535522461e-01 -6.847731419838964939e-04 -1.848283223807811737e-03 4.153938964009284973e-03 6.812794017605483532e-04 9.999911189079284668e-01 1.632734015583992004e-02 5.677782440185546875e+01
8.875782000000000000e+07 9.999999896532819621e-01 -1.115651620145849279e-04 9.081107120502760052e-05 1.047872172880834230e+00 1.115624682918228813e-04 9.999999933368287630e-01 2.966745869692776388e-05 2.592828155691452607e-04 -9.081438045475612045e-05 -2.965732728276971691e-05 9.999999954365956789e-01 1.303762670348910385e-02 9.999990463256835938e-01 -3.631986910477280617e-04 -1.367616001516580582e-03 1.052734494209289551e+00 3.641579532995820045e-04 9.999997019767761230e-01 7.100401562638580799e-04 1.715677906759083271e-03 1.367358723655343056e-03 -7.105406839400529861e-04 9.999988675117492676e-01 1.699708215892314911e-02 5.666988754272460938e+01
8.886169000000000000e+07 9.999998616585453748e-01 -5.200513110395876392e-04 7.892735023821841696e-05 1.046440287487143239e+00 5.200495074603351132e-04 9.999998645127300412e-01 2.286993466216327909e-05 4.841812275734512180e-04 -7.893923308395643017e-05 -2.282888536908475396e-05 9.999999966237197446e-01 1.310050900979202980e-02 9.999996423721313477e-01 -6.394651136361062527e-04 -3.639905771706253290e-04 1.051208376884460449e+00 6.395762902684509754e-04 9.999997019767761230e-01 2.769539714790880680e-04 3.114478662610054016e-03 3.638125199358910322e-04 -2.771966683212667704e-04 9.999998211860656738e-01 1.419595815241336823e-02 5.674918365478515625e+01
8.896556000000000000e+07 9.999999402965132900e-01 -3.362482791227526177e-04 7.964965990929414328e-05 1.038161292525895618e+00 3.362471791523271095e-04 9.999999433733783860e-01 1.382309710505604460e-05 3.410146544002876459e-04 -7.965430339147786800e-05 -1.379631430710479901e-05 9.999999967324268990e-01 1.300256980566904738e-02 1.000000000000000000e+00 -3.228523419238626957e-04 4.697621261584572494e-05 1.043787837028503418e+00 3.229230933357030153e-04 9.999989271163940430e-01 -1.420969609171152115e-03 7.024406222626566887e-04 -4.651689232559874654e-05 1.420989981852471828e-03 9.999990463256835938e-01 1.418153382837772369e-02 5.700294494628906250e+01
8.906945000000000000e+07 9.999999910047495666e-01 1.102915253399202114e-04 7.633007438174740716e-05 1.031247286306664401e+00 -1.102931723322457189e-04 9.999999936850030302e-01 2.157336701666794031e-05 1.685551321414632191e-04 -7.632769454017921046e-05 -2.158178550861918123e-05 9.999999968541547490e-01 1.286350073816547659e-02 9.999973177909851074e-01 -6.828871119068935513e-05 -2.335800556465983391e-03 1.037922382354736328e+00 6.381294952007010579e-05 9.999982118606567383e-01 -1.914535067044198513e-03 -6.883486639708280563e-04 2.335927216336131096e-03 1.914379303343594074e-03 9.999954104423522949e-01 1.571035757660865784e-02 5.737596893310546875e+01
8.917332000000000000e+07 9.999999963907542089e-01 3.197225978813243773e-05 7.871636496966963564e-05 1.028062616425102105e+00 -3.197318492009194825e-05 9.999999994198088826e-01 1.175149681403062251e-05 2.079551082302449536e-04 -7.871598920209074463e-05 -1.175401358450536672e-05 9.999999968328181499e-01 1.285459160649358133e-02 9.999958276748657227e-01 8.131183130899444222e-05 -2.884550252929329872e-03 1.036442279815673828e+00 -8.994212839752435684e-05 9.999954700469970703e-01 -2.992459107190370560e-03 -2.165920333936810493e-03 2.884295070543885231e-03 2.992710797116160393e-03 9.999914169311523438e-01 1.392703503370285034e-02 5.873110580444335938e+01
8.927742000000000000e+07 9.999999188602688438e-01 3.952357218928500963e-04 7.789856558067679367e-05 1.026932192216143402e+00 -3.952373518280819105e-04 9.999999216751136455e-01 2.090953314016759883e-05 5.060393184205271531e-05 -7.789029528519183436e-05 -2.094031986509263028e-05 9.999999967473025553e-01 1.275692474873734751e-02 9.999992251396179199e-01 4.757186688948422670e-04 -1.191745046526193619e-03 1.028200626373291016e+00 -4.777663561981171370e-04 9.999984502792358398e-01 -1.716799568384885788e-03 -1.717806328088045120e-03 1.190926181152462959e-03 1.717364299111068249e-03 9.999977350234985352e-01 1.346927694976329803e-02 5.810195159912109375e+01
8.938118000000000000e+07 9.999996709621495894e-01 8.068936143834536589e-04 8.365594818252504721e-05 1.030659678153749370e+00 -8.068964587854100335e-04 9.999996738819310060e-01 3.397301995647025469e-05 -1.022029714474567870e-04 -8.362850828919580072e-05 -3.404051046332812105e-05 9.999999959237583225e-01 1.270204071648572443e-02 9.999968409538269043e-01 8.720242185518145561e-04 2.373890019953250885e-03 1.034885168075561523e+00 -8.675805293023586273e-04 9.999978542327880859e-01 -1.869878731667995453e-03 -1.113003585487604141e-03 -2.375518437474966049e-03 1.867811311967670918e-03 9.999954700469970703e-01 1.306050363928079605e-02 5.792611312866210938e+01
8.948513000000000000e+07 9.999997102266453552e-01 7.568402194371603347e-04 8.209459501327167610e-05 1.031466226512261830e+00 -7.568429274756983223e-04 9.999997130511520949e-01 3.296075853449027468e-05 -8.722314646245174670e-05 -8.206962542924809432e-05 -3.302288169534841472e-05 9.999999960870330495e-01 1.270786266276582692e-02 9.999922513961791992e-01 6.714499904774129391e-04 3.857812844216823578e-03 1.032009005546569824e+00 -6.643087253905832767e-04 9.999980926513671875e-01 -1.850369386374950409e-03 -4.481726791709661484e-03 -3.859047312289476395e-03 1.847795676440000534e-03 9.999908208847045898e-01 1.458692643791437149e-02 5.980831909179687500e+01
8.958899000000000000e+07 9.999996866920458638e-01 7.883116706534410746e-04 7.197599247882494153e-05 1.014630350183277185e+00 -7.883129296527304451e-04 9.999996891288085443e-01 1.746524043025905190e-05 -1.048460951945217722e-04 -7.196220205121787907e-05 -1.752197456162721652e-05 9.999999972572110041e-01 1.256159148638002175e-02 9.999982118606567383e-01 8.317194296978414059e-04 1.732218428514897823e-03 1.026246428489685059e+00 -8.312173304148018360e-04 9.999995827674865723e-01 -3.010988875757902861e-04 -5.618112161755561829e-03 -1.732467673718929291e-03 2.996699477080255747e-04 9.999985098838806152e-01 1.491666678339242935e-02 5.812140655517578125e+01
8.969287000000000000e+07 9.999996463099364297e-01 8.378292257144501730e-04 7.363580291578351086e-05 1.016879023944490479e+00 -8.378309307048117417e-04 9.999996487522052613e-01 2.312657138801407067e-05 -1.041855015925017116e-04 -7.361640093509153136e-05 -2.318825755810209624e-05 9.999999970214652478e-01 1.255943706213122693e-02 9.999988079071044922e-01 1.080404384993016720e-03 -1.035090652294456959e-03 1.019501686096191406e+00 -1.079363166354596615e-03 9.999989867210388184e-01 9.935620473697781563e-04 -7.058836985379457474e-03 1.036162720993161201e-03 -9.924550540745258331e-04 9.999989867210388184e-01 1.245937030762434006e-02 5.906991958618164062e+01
8.979683000000000000e+07 9.999997627127386046e-01 6.855358559334204151e-04 6.793420713670172918e-05 1.010577897467891617e+00 -6.855366675965499177e-04 9.999997649486055407e-01 1.192521711361611261e-05 -8.347498067183111575e-05 -6.792601600474609867e-05 -1.197178567391498987e-05 9.999999976213663766e-01 1.254401412415236117e-02 9.999981522560119629e-01 9.787549497559666634e-04 -1.659318571910262108e-03 1.012132763862609863e+00 -9.754780912771821022e-04 9.999975562095642090e-01 1.975306775420904160e-03 -7.402364630252122879e-03 1.661248970776796341e-03 -1.973684411495923996e-03 9.999967217445373535e-01 9.000009857118129730e-03 5.851379013061523438e+01
8.990071000000000000e+07 9.999995666393269866e-01 9.284933644401874081e-04 6.797949396295591411e-05 1.010783767968733260e+00 -9.284944772716838485e-04 9.999995688153965334e-01 1.634037647582672933e-05 -1.511411597757636731e-04 -6.796429271978508553e-05 -1.640348798063021683e-05 9.999999975558901966e-01 1.249705633749137630e-02 9.999994039535522461e-01 1.095663988962769508e-03 3.823654551524668932e-04 1.015044331550598145e+00 -1.096029183827340603e-03 9.999988675117492676e-01 9.230425348505377769e-04 -3.876561066135764122e-03 -3.813550283666700125e-04 -9.234649478457868099e-04 9.999994635581970215e-01 1.067349128425121307e-02 5.879091262817382812e+01
9.000458000000000000e+07 9.999995301392082814e-01 9.666727146603441585e-04 7.256185155307226346e-05 1.011475090828916068e+00 -9.666742558415316027e-04 9.999995325454520412e-01 2.120748540722692429e-05 -1.843909087632254122e-04 -7.254131693614569894e-05 -2.127761911675031501e-05 9.999999971425100886e-01 1.249636862381253710e-02 9.999973177909851074e-01 9.963554330170154572e-04 2.065891632810235023e-03 1.013995885848999023e+00 -9.969314560294151306e-04 9.999995231628417969e-01 2.824467374011874199e-04 -7.343363016843795776e-03 -2.065608743578195572e-03 -2.845037961378693581e-04 9.999978542327880859e-01 1.132850255817174911e-02 5.888723373413085938e+01
9.010870000000000000e+07 9.999995646705568397e-01 9.311805301256603686e-04 5.967829662938975243e-05 1.001645959597669000e+00 -9.311810422011435138e-04 9.999995664142501406e-01 8.553386830721359521e-06 -1.607553173089418730e-04 -5.967030600628167087e-05 -8.608954406784593980e-06 9.999999981826701578e-01 1.242436445665640390e-02 9.999984502792358398e-01 1.043328084051609039e-03 1.466556452214717865e-03 1.007135987281799316e+00 -1.043846830725669861e-03 9.999994039535522461e-01 3.531230904627591372e-04 -4.593099467456340790e-03 -1.466187881305813789e-03 -3.546539519447833300e-04 9.999988675117492676e-01 1.711669936776161194e-02 5.921225738525390625e+01
9.021251000000000000e+07 9.999997655473943370e-01 6.825799056961041585e-04 5.467931672596864961e-05 9.956900118627242113e-01 -6.825797675753876885e-04 9.999997670391652660e-01 -2.544635614085362259e-06 -4.553489409492837182e-05 -5.468104090497028869e-05 2.507312022112966560e-06 9.999999985018486193e-01 1.241916244333985189e-02 9.999995827674865723e-01 7.413035491481423378e-04 -2.534499799367040396e-04 1.005106449127197266e+00 -7.417018641717731953e-04 9.999983906745910645e-01 -1.603923621587455273e-03 -6.140057928860187531e-03 2.522610884625464678e-04 1.604116521775722504e-03 9.999986886978149414e-01 2.276114746928215027e-02 5.870988845825195312e+01
9.031652000000000000e+07 9.999998527670468373e-01 5.402987536128610628e-04 5.042943714371017454e-05 9.912504888184840990e-01 -5.402985191665115759e-04 9.999998540278682846e-01 -4.662505432886318387e-06 1.876438470712596309e-05 -5.043194892840634409e-05 4.635257794958578195e-06 9.999999987175663962e-01 1.241493832258639546e-02 9.999997615814208984e-01 6.625528912991285324e-04 -1.785644708434119821e-04 9.972105026245117188e-01 -6.625871756114065647e-04 9.999997615814208984e-01 -1.510071451775729656e-04 -3.539571072906255722e-03 1.784653577487915754e-04 1.511239970568567514e-04 1.000000000000000000e+00 2.059142664074897766e-02 6.125574493408203125e+01
9.042032000000000000e+07 9.999997760712163730e-01 6.681106798473653323e-04 3.854391588414968342e-05 9.791946779178715143e-01 -6.681100087879977530e-04 9.999997766627445328e-01 -1.742050342951027717e-05 -3.789741473035331074e-05 -3.855554610033024579e-05 1.739474795239340357e-05 9.999999991054463466e-01 1.228011609800173411e-02 9.999996423721313477e-01 7.786428905092179775e-04 6.459461292251944542e-05 9.941585659980773926e-01 -7.786356145516037941e-04 9.999997615814208984e-01 4.841682311962358654e-06 -2.411159221082925797e-03 -6.459149881266057491e-05 -4.893014647677773610e-06 1.000000000000000000e+00 1.985492557287216187e-02 6.035830307006835938e+01
9.052433000000000000e+07 9.999997421878743520e-01 7.169264379582421546e-04 4.050521521584784818e-05 9.762792601167740170e-01 -7.169257526284212667e-04 9.999997428653636389e-01 -1.693153232630417563e-05 -4.120477741250202922e-05 -4.051734346359546057e-05 1.690248872952954514e-05 9.999999990363254154e-01 1.224645841506502575e-02 9.999986290931701660e-01 7.599808741360902786e-04 1.490805298089981079e-03 9.794872403144836426e-01 -7.628562161698937416e-04 9.999977946281433105e-01 1.926835975609719753e-03 -6.740442477166652679e-04 -1.489339279942214489e-03 -1.927966135554015636e-03 9.999969601631164551e-01 2.087081037461757660e-02 5.902652740478515625e+01
9.062822000000000000e+07 9.999997532442597148e-01 7.022789907010324687e-04 1.776628877865107971e-05 9.534199803681251417e-01 -7.022784190961297354e-04 9.999997528853689088e-01 -3.215937385298433821e-05 2.296438679601735386e-05 -1.778886924085226705e-05 3.214688903633283322e-05 9.999999993250667796e-01 1.202086777015017038e-02 9.999994635581970215e-01 8.546273456886410713e-04 7.136082276701927185e-04 9.578214883804321289e-01 -8.553326479159295559e-04 9.999992251396179199e-01 9.753106860443949699e-04 -1.846709405072033405e-03 -7.127771968953311443e-04 -9.759264066815376282e-04 9.999992847442626953e-01 2.144213207066059113e-02 5.968915176391601562e+01
9.073222000000000000e+07 9.999995955673487424e-01 8.993138563002998735e-04 9.984889682952624446e-06 9.364073015060396799e-01 -8.993133709311428980e-04 9.999995944410767779e-01 -4.850890564395022453e-05 -9.014545140841528437e-05 -1.002851036604459322e-05 4.849990648024525439e-05 9.999999987735940232e-01 1.183747514436793088e-02 9.999994635581970215e-01 8.558492991141974926e-04 5.663293995894491673e-04 9.400588274002075195e-01 -8.561511058360338211e-04 9.999994635581970215e-01 5.352806183509528637e-04 -8.771812426857650280e-04 -5.658691516146063805e-04 -5.357637419365346432e-04 9.999997019767761230e-01 2.208368293941020966e-02 5.922601699829101562e+01
9.083620000000000000e+07 9.999998539426344646e-01 5.402559713459086652e-04 -1.543370626288944917e-05 9.127367559055631352e-01 -5.402569127270507579e-04 9.999998521972935928e-01 -6.105623192263081884e-05 2.195026361079651842e-04 1.540071798833539648e-05 6.106456117129638577e-05 9.999999980169687053e-01 1.167957919140041705e-02 9.999992251396179199e-01 6.349426694214344025e-04 1.021560165099799633e-03 9.246850609779357910e-01 -6.357043166644871235e-04 9.999995827674865723e-01 7.483569206669926643e-04 1.720525557175278664e-03 -1.021080533973872662e-03 -7.490047137252986431e-04 9.999992251396179199e-01 1.993425935506820679e-02 5.942441558837890625e+01
9.094010000000000000e+07 9.999999964792832818e-01 7.549963148816768237e-05 -3.662293061295142821e-05 8.997775831554150061e-01 -7.550150374841596774e-05 9.999999958429331981e-01 -5.112393407823070929e-05 6.013834701637744886e-04 3.661907062253364869e-05 5.112669898456409528e-05 9.999999980225521279e-01 1.156284185299553784e-02 9.999983310699462891e-01 4.866646122536621988e-05 1.813789363950490952e-03 9.052957892417907715e-01 -5.181037704460322857e-05 9.999985098838806152e-01 1.736267004162073135e-03 4.089363384991884232e-03 -1.813703216612339020e-03 -1.736364327371120453e-03 9.999967813491821289e-01 2.268897555768489838e-02 6.030854415893554688e+01
9.104407000000000000e+07 9.999996531777889386e-01 -8.287066962455633904e-04 -8.300331914002194987e-05 8.699823244799680388e-01 8.287071057947214322e-04 9.999996566102217210e-01 4.899858974718203392e-06 1.412512101119640321e-03 8.299923009180923557e-05 -4.968642711985540399e-06 9.999999965432203597e-01 1.072521011778314673e-02 9.999996423721313477e-01 -7.331063388846814632e-04 3.757676458917558193e-04 8.841150999069213867e-01 7.333477842621505260e-04 9.999994039535522461e-01 -6.661230581812560558e-04 4.855979233980178833e-03 -3.752852207981050014e-04 6.664005341008305550e-04 9.999997615814208984e-01 2.243531495332717896e-02 5.919100952148437500e+01
9.114811000000000000e+07 9.999972327011521500e-01 -2.349704984467027632e-03 -1.160887570598304920e-04 8.530859250688294093e-01 2.349712118249829094e-03 9.999972375406084302e-01 6.135298579794811900e-05 2.625693366612189515e-03 1.159442749547896355e-04 -6.162559117142575712e-05 9.999999913796059348e-01 1.027149135919833839e-02 9.999965429306030273e-01 -2.290291711688041687e-03 -1.263625919818878174e-03 8.586768507957458496e-01 2.290260279551148415e-03 9.999974370002746582e-01 -3.193240263499319553e-05 1.080334000289440155e-02 1.263702404685318470e-03 2.904225584643427283e-05 9.999992251396179199e-01 1.980642415583133698e-02 5.904476928710937500e+01
9.125194000000000000e+07 9.999948638733168194e-01 -3.201291127766791277e-03 -1.547992305988346573e-04 8.312243551256752738e-01 3.201309330957830858e-03 9.999948688947757347e-01 1.174878167258046980e-04 3.394574862715823288e-03 1.544223236280694450e-04 -1.179827734811114047e-04 9.999999811169066888e-01 9.797331910756986589e-03 9.999948143959045410e-01 -3.094394924119114876e-03 -9.617963223718106747e-04 8.419125676155090332e-01 3.094271058216691017e-03 9.999951720237731934e-01 -1.200834885821677744e-04 7.473562844097614288e-03 9.621620411053299904e-04 1.171123876702040434e-04 9.999994635581970215e-01 1.672585494816303253e-02 5.933420944213867188e+01
9.135593000000000000e+07 9.999922351097301210e-01 -3.936072339641891529e-03 -1.924967908895076473e-04 8.087739102581321671e-01 3.936103903118810463e-03 9.999922400870385752e-01 1.638658032183252296e-04 4.039956331624237548e-03 1.918503094853308373e-04 -1.646222181770385935e-04 9.999999680464919383e-01 9.398637948843015927e-03 9.999920129776000977e-01 -4.000264219939708710e-03 -1.327370118815451860e-04 8.175176382064819336e-01 4.000549670308828354e-03 9.999898076057434082e-01 2.119438024237751961e-03 1.362621039152145386e-02 1.242553262272849679e-04 -2.119966084137558937e-03 9.999977350234985352e-01 2.538529410958290100e-02 6.087859344482421875e+01
9.145982000000000000e+07 9.999895896343813373e-01 -4.558813870412720300e-03 -1.945239137198901628e-04 7.900699252364942193e-01 4.558850813310155910e-03 9.999895903555884313e-01 1.898955524236799989e-04 4.572593323070654227e-03 1.936561903416537380e-04 -1.907803810184764400e-04 9.999999630500634451e-01 9.111865871115438706e-03 9.999904632568359375e-01 -4.352618940174579620e-03 -5.014901980757713318e-04 7.993400096893310547e-01 4.353847354650497437e-03 9.999874830245971680e-01 2.477288711816072464e-03 1.532764267176389694e-02 4.907050752080976963e-04 -2.479444257915019989e-03 9.999968409538269043e-01 2.757797949016094208e-02 5.930115127563476562e+01
9.156382000000000000e+07 9.999859299976625593e-01 -5.301619534902542001e-03 -1.806582606726239390e-04 7.668589949056545674e-01 5.301659304944810087e-03 9.999859218225165547e-01 2.203764423473577097e-04 5.151377579536420108e-03 1.794873652980134480e-04 -2.213311301857772914e-04 9.999999593984080226e-01 8.931208572580473862e-03 9.999860525131225586e-01 -5.140329711139202118e-03 -1.150106312707066536e-03 7.845205664634704590e-01 5.140679422765970230e-03 9.999867081642150879e-01 3.044382610823959112e-04 1.135215163230895996e-02 1.148527371697127819e-03 -3.103447379544377327e-04 9.999992847442626953e-01 2.438266761600971222e-02 5.938563156127929688e+01
9.166769000000000000e+07 9.999746070559245581e-01 -7.125035797990397768e-03 -1.382455446998033847e-04 7.551383212354433327e-01 7.125064165249050951e-03 9.999745952328297216e-01 2.057988948154382280e-04 6.848186072184595137e-03 1.367757082154897838e-04 -2.067786772826259156e-04 9.999999692674937934e-01 8.745849541577506783e-03 9.999747872352600098e-01 -6.980154663324356079e-03 -1.321424613706767559e-03 7.606204152107238770e-01 6.979160476475954056e-03 9.999753236770629883e-01 -7.525362307205796242e-04 9.878458455204963684e-03 1.326640136539936066e-03 7.432930287905037403e-04 9.999988675117492676e-01 2.307256124913692474e-02 6.174272155761718750e+01
9.177170000000000000e+07 9.999593641803680155e-01 -9.014426538327352176e-03 -1.005344139480483209e-04 7.374443539642008272e-01 9.014445403877685906e-03 9.999593512396289796e-01 1.888053798890172762e-04 8.621828049514366349e-03 9.882835522642733044e-05 -1.897039695582376740e-04 9.999999771226811829e-01 8.541252981881517978e-03 9.999568462371826172e-01 -9.087081067264080048e-03 -1.931261154823005199e-03 7.397371530532836914e-01 9.083165787160396576e-03 9.999566674232482910e-01 -2.063635038211941719e-03 1.042743679136037827e-02 1.949930796399712563e-03 2.046007430180907249e-03 9.999960064888000488e-01 2.260531112551689148e-02 6.173830413818359375e+01
9.187557000000000000e+07 9.999425641809511767e-01 -1.071702525738222819e-02 -1.170841735380759373e-04 7.170537295822356771e-01 1.071704844793535186e-02 9.999425509320015726e-01 1.992686948865035937e-04 1.019604679862316093e-02 1.149418795224676289e-04 -2.005120464877541511e-04 9.999999732916413642e-01 8.262703505865340650e-03 9.999374747276306152e-01 -1.101786457002162933e-02 -1.906964345835149288e-03 7.165031433105468750e-01 1.101445592939853668e-02 9.999377131462097168e-01 -1.772047253325581551e-03 1.228467002511024475e-02 1.926371012814342976e-03 1.750927302055060863e-03 9.999966025352478027e-01 2.279206551611423492e-02 6.164396667480468750e+01
9.197954000000000000e+07 9.999272877771795409e-01 -1.205805810280195095e-02 -1.496487051438564466e-04 6.959425669529710756e-01 1.205809036551349495e-02 9.999272751283013738e-01 2.165931661841146512e-04 1.145551881896279128e-02 1.470261290031990445e-04 -2.183818948063850972e-04 9.999999653463323979e-01 8.071521116563793244e-03 9.999273419380187988e-01 -1.205264776945114136e-02 -3.377417742740362883e-04 6.972413659095764160e-01 1.205272972583770752e-02 9.999273419380187988e-01 4.749041981995105743e-04 1.823658309876918793e-02 3.319940296933054924e-04 -4.789397353306412697e-04 9.999998807907104492e-01 2.465035393834114075e-02 6.145769500732421875e+01
9.208370000000000000e+07 9.999221047777046012e-01 -1.247935929198010739e-02 -2.235510378058310312e-04 6.717704446851632261e-01 1.247941445696413611e-02 9.999220985482641932e-01 2.470953800971095130e-04 1.194807528303242980e-02 2.204500309568055785e-04 -2.498659184853800315e-04 9.999999444844041019e-01 8.035258176061325225e-03 9.999194741249084473e-01 -1.268222089856863022e-02 -2.249076496809720993e-04 6.700134873390197754e-01 1.268228609114885330e-02 9.999195933341979980e-01 1.785202184692025185e-04 2.092024683952331543e-02 2.226272772531956434e-04 -1.813483831938356161e-04 9.999999403953552246e-01 2.482405304908752441e-02 6.118495941162109375e+01
9.218728000000000000e+07 9.999059777922398862e-01 -1.371081147896950625e-02 -2.218643328145512839e-04 6.607752557420711881e-01 1.371086648920492868e-02 9.999059708094863996e-01 2.483535848753640543e-04 1.299566522930958347e-02 2.184383419058372178e-04 -2.513721863713629275e-04 9.999999445483557237e-01 7.876320906412003636e-03 9.999011754989624023e-01 -1.404581591486930847e-02 6.688540452159941196e-04 6.525151133537292480e-01 1.404602546244859695e-02 9.999012947082519531e-01 -2.621213207021355629e-04 1.796150952577590942e-02 -6.651096045970916748e-04 2.714795700740069151e-04 9.999997615814208984e-01 2.224436961114406586e-02 6.135516738891601562e+01
9.229178000000000000e+07 9.998801525570449877e-01 -1.547850216972538641e-02 -3.106491144425614116e-04 6.200127868314629920e-01 1.547858699067565340e-02 9.998801623623688739e-01 2.725229607742982044e-04 1.441000037216899100e-02 3.063936399207196773e-04 -2.772987087407182815e-04 9.999999146141815842e-01 7.779974146196318337e-03 9.998791217803955078e-01 -1.539900805801153183e-02 2.134329406544566154e-03 6.223756074905395508e-01 1.540133636444807053e-02 9.998807311058044434e-01 -1.073908992111682892e-03 1.919070445001125336e-02 -2.117537660524249077e-03 1.106660929508507252e-03 9.999971389770507812e-01 2.713138051331043243e-02 6.104681777954101562e+01
9.239482000000000000e+07 9.998548975098203728e-01 -1.703237918108561899e-02 -2.863456927602480080e-04 6.114604205757069311e-01 1.703245242330862080e-02 9.998549046662100759e-01 2.553197379756145364e-04 1.566801516220304308e-02 2.819554428798492422e-04 -2.601598596876753097e-04 9.999999264089873829e-01 7.474465890745053687e-03 9.998535513877868652e-01 -1.710915006697177887e-02 3.960712638217955828e-04 6.052492856979370117e-01 1.710857264697551727e-02 9.998528361320495605e-01 1.298241899348795414e-03 2.214325405657291412e-02 -4.182233824394643307e-04 -1.291287015192210674e-03 9.999989867210388184e-01 2.438762597739696503e-02 6.133119964599609375e+01
9.249871000000000000e+07 9.998183125621361578e-01 -1.905856141535331935e-02 -3.363200590639169843e-04 5.774034528610606509e-01 1.905864711720874419e-02 9.998183353614336077e-01 2.534840325080446512e-04 1.705981113995089227e-02 3.314279207217763509e-04 -2.598477828101213114e-04 9.999999113173297927e-01 7.144736930731687523e-03 9.998082518577575684e-01 -1.955641433596611023e-02 -1.073205261491239071e-03 6.128587126731872559e-01 1.955981366336345673e-02 9.998031854629516602e-01 3.291752655059099197e-03 2.997124195098876953e-02 1.008618623018264771e-03 -3.312112996354699135e-03 9.999939799308776855e-01 2.622386626899242401e-02 6.103833770751953125e+01
9.260714000000000000e+07 9.997959591113917410e-01 -2.019782071429846587e-02 -2.969960485959700761e-04 5.783243519743336281e-01 2.019790109623838953e-02 9.997959650916287133e-01 2.701879571101338984e-04 1.793817802864725724e-02 2.914782434383630179e-04 -2.761315241892055403e-04 9.999999193959089316e-01 6.957917213861089523e-03 9.998121857643127441e-01 -1.937178336083889008e-02 -5.247714580036699772e-04 5.505172014236450195e-01 1.937339454889297485e-02 9.998074173927307129e-01 3.137623192742466927e-03 2.603364922106266022e-02 4.638888931367546320e-04 -3.147187409922480583e-03 9.999949932098388672e-01 2.008230425417423248e-02 6.158540725708007812e+01
9.270633000000000000e+07 9.997575557831543946e-01 -2.201728693633680026e-02 -2.621869558456002341e-04 5.555990828901283818e-01 2.201738195788867022e-02 9.997575213601704869e-01 3.652218971542132704e-04 1.940896314677290763e-02 2.540821859970413205e-04 -3.709060214332875476e-04 9.999998989354803580e-01 6.491821483078381166e-03 9.997482895851135254e-01 -2.243913896381855011e-02 7.755359547445550561e-05 5.792322158813476562e-01 2.243924327194690704e-02 9.997481107711791992e-01 -5.086418823339045048e-04 2.448637969791889191e-02 -6.612154538743197918e-05 5.102416034787893295e-04 9.999998807907104492e-01 1.917654275894165039e-02 6.149644851684570312e+01
9.281267000000000000e+07 9.997380512887565907e-01 -2.288615199193023281e-02 -2.299035840817589761e-04 5.354294560109175150e-01 2.288624062941490428e-02 9.997379993872567150e-01 3.906076224464856937e-04 2.002261339861158979e-02 2.209038438419627724e-04 -3.957669319975842294e-04 9.999998972850090428e-01 6.244055274574942735e-03 9.997515678405761719e-01 -2.226292900741100311e-02 1.018615439534187317e-03 5.391004681587219238e-01 2.226208336651325226e-02 9.997518658638000488e-01 7.599637610837817192e-04 2.531018108129501343e-02 -1.035277615301311016e-03 -7.370911771431565285e-04 9.999992251396179199e-01 1.409209985285997391e-02 6.135235214233398438e+01
9.291389000000000000e+07 9.997022899888737824e-01 -2.439869712254954387e-02 -1.870264097536131415e-04 5.189964862701675896e-01 2.439877610666670027e-02 9.997022120623288988e-01 4.323555709770848300e-04 2.138257669726296994e-02 1.764218030822856597e-04 -4.367900698246729506e-04 9.999998890448866806e-01 5.852924849518941972e-03 9.997137784957885742e-01 -2.392393909394741058e-02 3.785383014474064112e-04 5.394650697708129883e-01 2.392304502427577972e-02 9.997114539146423340e-01 2.180533716455101967e-03 3.477938100695610046e-02 -4.305991169530898333e-04 -2.170865191146731377e-03 9.999974966049194336e-01 1.102990284562110901e-02 6.143392181396484375e+01
9.301761000000000000e+07 9.996473927890571209e-01 -2.655341736536766251e-02 -7.849964453346749971e-05 5.260936827916695702e-01 2.655345376347927056e-02 9.996472667727381856e-01 5.061353321044910480e-04 2.318883571397818699e-02 6.503233326095661515e-05 -5.080413016941044690e-04 9.999998688324156504e-01 5.668858862145046904e-03 9.996378421783447266e-01 -2.690552547574043274e-02 -4.577607905957847834e-04 5.284971594810485840e-01 2.690614573657512665e-02 9.996370077133178711e-01 1.319543807767331600e-03 3.258249536156654358e-02 4.220906412228941917e-04 -1.331373467110097408e-03 9.999990463256835938e-01 1.015366706997156143e-02 6.120531082153320312e+01
9.312132000000000000e+07 9.995256714383055074e-01 -3.079661854665060108e-02 2.032088443943849424e-05 4.865675705008138396e-01 3.079659974702091477e-02 9.995254752921298724e-01 6.274369305009130709e-04 2.672682210675038361e-02 -3.963417767078145526e-05 -6.265135050908078118e-04 9.999998029549587164e-01 4.829216010284336641e-03 9.995439648628234863e-01 -3.012814559042453766e-02 -2.044287277385592461e-03 5.201393365859985352e-01 3.013070859014987946e-02 9.995452165603637695e-01 1.256401534192264080e-03 3.702307119965553284e-02 2.005506772547960281e-03 -1.317427493631839752e-03 9.999971389770507812e-01 9.644766338169574738e-03 6.090079879760742188e+01
9.322506000000000000e+07 9.994211819227410976e-01 -3.401872987758317035e-02 1.649744240008393719e-04 5.071487962557731377e-01 3.401859970563363145e-02 9.994209286930239022e-01 7.363690431022884043e-04 2.923697226829335277e-02 -1.899292299985746058e-04 -7.303306208875108476e-04 9.999997152720138116e-01 4.625832377531589185e-03 9.993966817855834961e-01 -3.457944840192794800e-02 -3.251036163419485092e-03 5.100972056388854980e-01 3.457717224955558777e-02 9.994016885757446289e-01 -7.617919472977519035e-04 3.387347608804702759e-02 3.275425639003515244e-03 6.489255465567111969e-04 9.999943971633911133e-01 8.419197052717208862e-03 6.150243377685546875e+01
9.332869000000000000e+07 9.992494824182130975e-01 -3.873491081317469165e-02 2.803875886269584792e-04 4.939575061069379491e-01 3.873465431179992646e-02 9.992491540444238263e-01 8.687593683445479862e-04 3.308280155958778085e-02 -3.138283763668109176e-04 -8.572466331980719764e-04 9.999995833199060158e-01 4.020996145889088776e-03 9.992592930793762207e-01 -3.841230273246765137e-02 -2.302228007465600967e-03 5.063743591308593750e-01 3.841058164834976196e-02 9.992617368698120117e-01 -7.930548163130879402e-04 3.400764241814613342e-02 2.331000519916415215e-03 7.040390046313405037e-04 9.999970197677612305e-01 5.703569855540990829e-03 6.151583862304687500e+01
9.343244000000000000e+07 9.990747951359850720e-01 -4.300638021309585723e-02 7.057910250060704486e-05 4.895750768613720272e-01 4.300629229914490481e-02 9.990743357925903068e-01 9.645619351526767138e-04 3.699074741416860657e-02 -1.119960873532659541e-04 -9.606341722387494453e-04 9.999995323193214825e-01 4.268416251773425596e-03 9.990763664245605469e-01 -4.296493902802467346e-02 6.222355295903980732e-04 5.076210498809814453e-01 4.296690225601196289e-02 9.990697503089904785e-01 -3.673177212476730347e-03 3.650707006454467773e-02 -4.638480022549629211e-04 3.696510102599859238e-03 9.999930262565612793e-01 -1.108704134821891785e-03 6.098364639282226562e+01
9.353624000000000000e+07 9.988295071087401888e-01 -4.836939227987349654e-02 1.328506951285960726e-04 4.937992613746614023e-01 4.836924008170492839e-02 9.988290460509871016e-01 9.764265079673996621e-04 4.202972329620834752e-02 -1.799242892771986922e-04 -9.688577206100266711e-04 9.999995144708719863e-01 4.815557146456803106e-03 9.987777471542358398e-01 -4.934596642851829529e-02 2.844583010300993919e-03 4.994428753852844238e-01 4.935568943619728088e-02 9.987754225730895996e-01 -3.415593178942799568e-03 3.182211890816688538e-02 -2.672546310350298882e-03 3.551818896085023880e-03 9.999901056289672852e-01 9.079605806618928909e-04 6.135388946533203125e+01
9.363969000000000000e+07 9.986918004574618646e-01 -5.113306544347581695e-02 3.120773659447996506e-04 4.912759758094586982e-01 5.113279791330851975e-02 9.986915326091828637e-01 8.122482313806219170e-04 4.445092142989383321e-02 -3.532017636823717166e-04 -7.952282602169359269e-04 9.999996214302032671e-01 5.133376708770827877e-03 9.986602663993835449e-01 -5.168642476201057434e-02 2.468550810590386391e-03 4.924291372299194336e-01 5.168107151985168457e-02 9.986612796783447266e-01 2.164198551326990128e-03 4.325058683753013611e-02 -2.577111590653657913e-03 -2.033727243542671204e-03 9.999946951866149902e-01 3.429161617532372475e-03 6.161897659301757812e+01
9.374329000000000000e+07 9.987768666561923636e-01 -4.944436476612629888e-02 1.592174524672614294e-04 4.790349384209395267e-01 4.944419789961915918e-02 9.987764626838491200e-01 9.213075819235808355e-04 4.312677360215276534e-02 -2.045761135080072343e-04 -9.123083203950292132e-04 9.999995629209622594e-01 5.070691304962165330e-03 9.986841678619384766e-01 -5.128383263945579529e-02 -2.836077692336402833e-05 4.898012876510620117e-01 5.128309503197669983e-02 9.986687302589416504e-01 5.547858774662017822e-03 6.004836037755012512e-02 -2.561955188866704702e-04 -5.542010534554719925e-03 9.999845623970031738e-01 6.399504840373992920e-03 6.156655883789062500e+01
9.384721000000000000e+07 9.986957622953692715e-01 -5.105572766248595712e-02 2.948584489636725558e-04 4.856110666933153297e-01 5.105546950752053864e-02 9.986954781197886488e-01 8.251738060386969512e-04 4.444228838358354333e-02 -3.366036504550759122e-04 -8.090434460509329101e-04 9.999996160732533834e-01 5.201898164428878438e-03 9.986567497253417969e-01 -5.177665874361991882e-02 -1.945398515090346336e-03 4.799842238426208496e-01 5.178180336952209473e-02 9.986550211906433105e-01 2.628669142723083496e-03 4.761088639497756958e-02 1.806685235351324081e-03 -2.725870814174413681e-03 9.999946355819702148e-01 1.380447996780276299e-03 6.132124710083007812e+01
9.395065000000000000e+07 9.986144204493988541e-01 -5.262225360300169796e-02 3.711086521956959801e-04 4.714530039314039356e-01 5.262198079102595183e-02 9.986142512946559746e-01 7.101226829602522508e-04 4.603103145439111504e-02 -4.079626444358315160e-04 -6.896102793129581850e-04 9.999996790020231341e-01 5.470675701520832240e-03 9.985963702201843262e-01 -5.290510877966880798e-02 -2.535036997869610786e-03 4.767711162567138672e-01 5.289984494447708130e-02 9.985975623130798340e-01 -2.109391149133443832e-03 3.869760036468505859e-02 2.643081126734614372e-03 1.972325611859560013e-03 9.999945759773254395e-01 2.232142491266131401e-03 6.084822463989257812e+01
9.405440000000000000e+07 9.986546500911727131e-01 -5.185395715482913476e-02 2.385759346184166611e-04 4.525692167225633944e-01 5.185377475377377782e-02 9.986544314004441869e-01 7.159803382381496866e-04 4.570394587048264012e-02 -2.753813289381542195e-04 -7.026460310817406098e-04 9.999997152267924294e-01 5.432347474191016878e-03 9.986339211463928223e-01 -5.223653838038444519e-02 -1.288772560656070709e-03 4.799963533878326416e-01 5.222940817475318909e-02 9.986227154731750488e-01 -4.975776188075542450e-03 3.832969442009925842e-02 1.546916551887989044e-03 4.901668988168239594e-03 9.999868273735046387e-01 5.642025265842676163e-03 6.118259048461914062e+01
9.415811000000000000e+07 9.987021491481096191e-01 -5.093070734246261944e-02 2.833816975868291518e-04 4.884598383084460815e-01 5.093045556538158825e-02 9.987018537680175667e-01 8.342330992990740430e-04 4.428811413480548270e-02 -3.255019090485165964e-04 -8.187176300160531632e-04 9.999996118748947227e-01 5.138442864508498652e-03 9.986885190010070801e-01 -5.115728452801704407e-02 2.075698459520936012e-03 4.703272283077239990e-01 5.114774778485298157e-02 9.986811876296997070e-01 4.467115737497806549e-03 4.723675549030303955e-02 -2.301496453583240509e-03 -4.355098586529493332e-03 9.999879002571105957e-01 8.423353545367717743e-03 5.920054244995117188e+01
9.426183000000000000e+07 9.987163241305182515e-01 -5.065248420947952163e-02 1.719255603611216448e-04 4.593332803282804688e-01 5.065232967491401644e-02 9.987160198727257354e-01 8.080518559175078278e-04 4.451792278516787660e-02 -2.126346484055787248e-04 -7.983061483257225099e-04 9.999996587468150677e-01 5.286300886170585550e-03 9.987095594406127930e-01 -5.071968212723731995e-02 2.576669212430715561e-03 4.707023799419403076e-01 5.069307237863540649e-02 9.986692667007446289e-01 9.478209540247917175e-03 6.268301606178283691e-02 -3.053964581340551376e-03 -9.335353970527648926e-03 9.999517202377319336e-01 8.629550226032733917e-03 5.931123352050781250e+01
9.436572000000000000e+07 9.987052931714260895e-01 -5.086924167597516727e-02 2.398718732624754687e-04 4.724082414168787603e-01 5.086902955556838607e-02 9.987049960257664560e-01 8.201469703860357445e-04 4.449459416805456174e-02 -2.812814943455795328e-04 -8.068830705589007286e-04 9.999996349101343274e-01 5.261402249076277925e-03 9.986599087715148926e-01 -5.169144272804260254e-02 2.537453779950737953e-03 4.646364450454711914e-01 5.167571082711219788e-02 9.986461997032165527e-01 5.950190592557191849e-03 5.284593254327774048e-02 -2.841596724465489388e-03 -5.811090581119060516e-03 9.999790787696838379e-01 7.131147431209683418e-04 6.114876937866210938e+01
9.446945000000000000e+07 9.986885274729383477e-01 -5.119723957582859170e-02 2.602453383113623089e-04 4.715012223787267143e-01 5.119701877509193894e-02 9.986882569828581246e-01 7.941076533932433243e-04 4.480189375723179351e-02 -3.005600834872208891e-04 -7.797424174076165440e-04 9.999996508326348676e-01 5.306062979797084023e-03 9.986345171928405762e-01 -5.192576721310615540e-02 5.723233800381422043e-03 4.698035120964050293e-01 5.192476138472557068e-02 9.986509680747985840e-01 3.360246773809194565e-04 4.153118655085563660e-02 -5.732961930334568024e-03 -3.838945485767908394e-05 9.999836683273315430e-01 5.083039868623018265e-04 6.111516952514648438e+01
9.457325000000000000e+07 9.987112232240030751e-01 -5.075255614416814692e-02 2.657255134445604900e-04 4.813614252359193491e-01 5.075231559056472136e-02 9.987109133877316580e-01 8.449267592244701520e-04 4.423846168887982100e-02 -3.082651637078516948e-04 -8.303516518879891246e-04 9.999996077442783182e-01 5.225559755322081203e-03 9.986636042594909668e-01 -5.127051845192909241e-02 6.511445157229900360e-03 4.809879064559936523e-01 5.128665268421173096e-02 9.986811876296997070e-01 -2.342642284929752350e-03 3.932521864771842957e-02 -6.382750347256660461e-03 2.673462033271789551e-03 9.999760389328002930e-01 2.510471502318978310e-03 6.158649444580078125e+01
9.467709000000000000e+07 9.987797667017177528e-01 -4.938542870650975553e-02 2.388399306821410489e-04 5.030844528402267368e-01 4.938519807593715755e-02 9.987794095862493338e-01 8.906083963023617850e-04 4.281209866632530031e-02 -2.825314826679894346e-04 -8.777264889212026827e-04 9.999995748859931144e-01 4.881184099425838439e-03 9.986969828605651855e-01 -5.061943456530570984e-02 6.476325914263725281e-03 4.747607111930847168e-01 5.060087144374847412e-02 9.987145662307739258e-01 2.990596229210495949e-03 4.110548272728919983e-02 -6.619385443627834320e-03 -2.658993005752563477e-03 9.999745488166809082e-01 6.926626898348331451e-03 6.133113479614257812e+01
9.478082000000000000e+07 9.987074071192265645e-01 -5.082760868970128548e-02 2.628908389255223653e-04 4.789901137537107556e-01 5.082737348412556116e-02 9.987071045915891787e-01 8.350416118818596500e-04 4.434243506594411771e-02 -3.049941176449525370e-04 -8.206001919127220391e-04 9.999996167968759897e-01 5.244154461401131714e-03 9.987016916275024414e-01 -5.060470476746559143e-02 5.853896029293537140e-03 4.824273288249969482e-01 5.053057894110679626e-02 9.986481070518493652e-01 1.218871772289276123e-02 6.686171889305114746e-02 -6.462792400270700455e-03 -1.187709532678127289e-02 9.999085664749145508e-01 6.513005588203668594e-03 6.093280029296875000e+01
9.488479000000000000e+07 9.987845878151425660e-01 -4.928809699147533585e-02 1.745201634162357599e-04 4.887601545309863682e-01 4.928791450285655018e-02 9.987841798606672539e-01 9.291734743958740810e-04 4.285597429464711727e-02 -2.201051740016751908e-04 -9.194424100167567903e-04 9.999995530895504636e-01 4.961538006298954126e-03 9.987649321556091309e-01 -4.965020343661308289e-02 1.833777641877532005e-03 4.718671441078186035e-01 4.964127764105796814e-02 9.987564682960510254e-01 4.619333427399396896e-03 5.350961536169052124e-02 -2.060848055407404900e-03 -4.522597882896661758e-03 9.999876618385314941e-01 3.070538397878408432e-03 6.138630294799804688e+01
9.498857000000000000e+07 9.988329148079481135e-01 -4.829915341724373007e-02 1.265088721290426110e-05 4.634908620471239193e-01 4.829911831756025092e-02 9.988324435579665206e-01 9.720855986856967489e-04 4.222135786123822065e-02 -5.958702635231298165e-05 -9.703400653430176550e-04 9.999995274446774607e-01 5.078959789720863434e-03 9.987821578979492188e-01 -4.923234507441520691e-02 -3.208802314475178719e-03 4.736129641532897949e-01 4.923493787646293640e-02 9.987868666648864746e-01 7.365024066530168056e-04 3.648610785603523254e-02 3.168651834130287170e-03 -8.935873047448694706e-04 9.999945759773254395e-01 -6.056147161871194839e-03 6.174307250976562500e+01
9.509244000000000000e+07 9.990489419854813313e-01 -4.360288387371034219e-02 -6.340691745168184465e-06 4.786352693025163751e-01 4.360286909551795015e-02 9.990484606748321061e-01 9.813432162551506948e-04 3.759167528281097403e-02 -3.645473586709718338e-05 -9.806863742780720043e-04 9.999995184625289912e-01 4.408606206400729650e-03 9.989770054817199707e-01 -4.516167193651199341e-02 -2.327847061678767204e-03 4.849037528038024902e-01 4.515866190195083618e-02 9.989789128303527832e-01 -1.329568796791136265e-03 3.456884250044822693e-02 2.385515253990888596e-03 1.223081024363636971e-03 9.999964237213134766e-01 -2.213241532444953918e-03 6.190115356445312500e+01
9.519646000000000000e+07 9.991420906202769237e-01 -4.141315345756869243e-02 1.829992886354659927e-04 4.894052707596497909e-01 4.141296244688345146e-02 9.991416665807312247e-01 9.469217273937473225e-04 3.552134319219545089e-02 -2.220572286499940718e-04 -9.385308117774977896e-04 9.999995349251478149e-01 4.114422205874574724e-03 9.991924166679382324e-01 -4.017477110028266907e-02 -7.444034563377499580e-04 4.845968186855316162e-01 4.017520323395729065e-02 9.991925358772277832e-01 5.980532150715589523e-04 3.218948096036911011e-02 7.197756785899400711e-04 -6.274789338931441307e-04 9.999995827674865723e-01 -9.565231390297412872e-03 6.164246368408203125e+01
9.530044000000000000e+07 9.993023876020287188e-01 -3.734543078222949536e-02 2.384970783405944319e-04 4.752343691273621107e-01 3.734522068867871664e-02 9.993020777492223061e-01 8.317728417017229052e-04 3.191884836881260512e-02 -2.693935421544508776e-04 -8.222858602791592890e-04 9.999996256364577230e-01 4.125952727865386457e-03 9.992969632148742676e-01 -3.747889399528503418e-02 -9.886078769341111183e-04 4.954902231693267822e-01 3.748386353254318237e-02 9.992817044258117676e-01 5.565780680626630783e-03 3.928800299763679504e-02 7.792981923557817936e-04 -5.598920863121747971e-03 9.999839663505554199e-01 -5.403174087405204773e-03 6.160015869140625000e+01
9.540457000000000000e+07 9.994129044963535602e-01 -3.426108962884764908e-02 1.552474296709178362e-04 4.863073445297683151e-01 3.426096613931314816e-02 9.994126480313326732e-01 7.383714342052837432e-04 2.946324292454776186e-02 -1.804536538550284585e-04 -7.326190129120072926e-04 9.999997153528991101e-01 4.491678439345226682e-03 9.994088411331176758e-01 -3.429811820387840271e-02 -2.343884436413645744e-03 4.952335059642791748e-01 3.431014716625213623e-02 9.993972182273864746e-01 5.294606555253267288e-03 3.441018238663673401e-02 2.160877222195267677e-03 -5.371890962123870850e-03 9.999832510948181152e-01 -8.657773025333881378e-03 6.157020950317382812e+01
9.550857000000000000e+07 9.996097438236345445e-01 -2.793479403082364462e-02 -8.592939341766340665e-05 4.853319619802267115e-01 2.793483564977840630e-02 9.996096064861983432e-01 5.287970329994803311e-04 2.446364354082076684e-02 7.112401185995349514e-05 -5.309910900374187901e-04 9.999998564949172941e-01 5.083261385830426145e-03 9.995902776718139648e-01 -2.862382866442203522e-02 -1.831133849918842316e-04 5.071898102760314941e-01 2.862420864403247833e-02 9.995879530906677246e-01 2.153828041628003120e-03 2.506033144891262054e-02 1.213874056702479720e-04 -2.158190356567502022e-03 9.999977350234985352e-01 -1.534832874312996864e-03 6.179328155517578125e+01
9.561282000000000000e+07 9.997440530370916845e-01 -2.262200083774211848e-02 -2.710836919901544475e-04 5.227632519096558905e-01 2.262210236879170708e-02 9.997440162153861110e-01 3.775145646079241255e-04 1.978456845215232837e-02 2.624741640176211075e-04 -3.835504240349297536e-04 9.999998919981850642e-01 6.127376130077569726e-03 9.997438788414001465e-01 -2.262353897094726562e-02 5.734777660109102726e-04 5.166486501693725586e-01 2.262292616069316864e-02 9.997436404228210449e-01 9.078578441403806210e-04 1.904721744358539581e-02 -5.938723334111273289e-04 -8.946523885242640972e-04 9.999993443489074707e-01 6.000404828228056431e-04 6.057468795776367188e+01
9.571708000000000000e+07 9.997776299757464846e-01 -2.108509159700020993e-02 -3.309629756790367699e-04 5.348573417409434594e-01 2.108520248517202836e-02 9.997776262216077070e-01 3.352117430840836042e-04 1.852834111161647326e-02 3.238214082707539711e-04 -3.421156230243484067e-04 9.999998890482978409e-01 6.492142470930825811e-03 9.997826218605041504e-01 -2.084139734506607056e-02 4.986491403542459011e-04 5.225940942764282227e-01 2.084114030003547668e-02 9.997826218605041504e-01 6.459514261223375797e-04 1.606696471571922302e-02 -5.120027926750481129e-04 -6.354165379889309406e-04 9.999996423721313477e-01 2.827043412253260612e-03 6.170918273925781250e+01
9.582121000000000000e+07 9.998370879793170296e-01 -1.804383534159884062e-02 -4.663946738204340406e-04 5.293309241213802752e-01 1.804394442132270515e-02 9.998371681660805921e-01 2.307382317270761387e-04 1.550453030119551892e-02 4.621553274784889428e-04 -2.391162408366641887e-04 9.999998646179361073e-01 6.813370594904073936e-03 9.998181462287902832e-01 -1.906233467161655426e-02 -6.008855416439473629e-04 5.306512117385864258e-01 1.906082779169082642e-02 9.998154640197753906e-01 -2.377803670242428780e-03 1.138226781040430069e-02 6.461016018874943256e-04 2.365909516811370850e-03 9.999970793724060059e-01 -1.577020011609420180e-04 6.177219009399414062e+01
9.592544000000000000e+07 9.998964868635251690e-01 -1.437773640210709795e-02 -5.442985882156631608e-04 5.526479330634688214e-01 1.437786254513257096e-02 9.998966070743118273e-01 2.285539885262759642e-04 1.247891187199934304e-02 5.409562227048558478e-04 -2.363561802063307181e-04 9.999998257510512856e-01 7.490962500440401239e-03 9.998825192451477051e-01 -1.516072172671556473e-02 -2.245734212920069695e-03 5.411020517349243164e-01 1.515855174511671066e-02 9.998846650123596191e-01 -9.812287753447890282e-04 1.246685069054365158e-02 2.260351087898015976e-03 9.470747318118810654e-04 9.999969601631164551e-01 3.529437584802508354e-03 6.216281509399414062e+01
9.602970000000000000e+07 9.999094752140126330e-01 -1.344454378827904251e-02 -5.344405153607427548e-04 5.635575370232281944e-01 1.344467959380704972e-02 9.999095846273946542e-01 2.513324171732336191e-04 1.184450530410817957e-02 5.310131441687462699e-04 -2.584950465699852517e-04 9.999998256026674248e-01 7.693163585614433073e-03 9.999002814292907715e-01 -1.404360961169004440e-02 -1.492585404776036739e-03 5.554451942443847656e-01 1.404507737606763840e-02 9.999008774757385254e-01 9.726184071041643620e-04 1.259315945208072662e-02 1.478778431192040443e-03 -9.934859117493033409e-04 9.999984502792358398e-01 5.862602498382329941e-03 5.995199966430664062e+01
9.613395000000000000e+07 9.999002384921001907e-01 -1.411736948508029478e-02 -4.614587880771616737e-04 5.789686836171040740e-01 1.411749104145408433e-02 9.999003091345838312e-01 2.612301800346533004e-04 1.283650180579059587e-02 4.577249019155182463e-04 -2.677187595612406327e-04 9.999998594072814218e-01 7.801557634173839073e-03 9.998926520347595215e-01 -1.463916432112455368e-02 -4.899068153463304043e-04 5.731647014617919922e-01 1.463952288031578064e-02 9.998925328254699707e-01 7.438058382831513882e-04 1.437618862837553024e-02 4.789671511389315128e-04 -7.509003044106066227e-04 9.999995827674865723e-01 3.978772088885307312e-03 6.069798278808593750e+01
9.623819000000000000e+07 9.999120132427097296e-01 -1.325778871326356925e-02 -4.436394005217061455e-04 5.952504394426753054e-01 1.325791474076741180e-02 9.999120701235975073e-01 2.823516203148775019e-04 1.236357394926482049e-02 4.398570333373407414e-04 -2.882085103069807839e-04 9.999998617308164528e-01 7.996148357511036198e-03 9.999038577079772949e-01 -1.384652126580476761e-02 -7.473708246834576130e-04 5.868079066276550293e-01 1.384615805000066757e-02 9.999040365219116211e-01 -4.769003426190465689e-04 1.275060418993234634e-02 7.539023645222187042e-04 4.665129526983946562e-04 9.999996423721313477e-01 3.219022182747721672e-03 6.184108734130859375e+01
9.634232000000000000e+07 9.999112029364241039e-01 -1.332028123812219189e-02 -3.954013195443526526e-04 6.137579020152955644e-01 1.332039874208191393e-02 9.999112357237746052e-01 2.960455063313516180e-04 1.259599143709786220e-02 3.914228124547889862e-04 -3.012861218283788755e-04 9.999998780074145222e-01 8.089813608247889073e-03 9.999030232429504395e-01 -1.391227263957262039e-02 -6.786274025216698647e-04 6.047257184982299805e-01 1.391183026134967804e-02 9.999030828475952148e-01 -6.573413265869021416e-04 1.181963458657264709e-02 6.877068080939352512e-04 6.478310097008943558e-04 9.999995827674865723e-01 3.685180330649018288e-03 6.117721557617187500e+01
9.644646000000000000e+07 9.998981280588464804e-01 -1.427012520490936187e-02 -3.115157220408040469e-04 6.315408976639178551e-01 1.427021211959829394e-02 9.998981365344958849e-01 2.785891200278764576e-04 1.340741483340944507e-02 3.075084885625109336e-04 -2.830061348071983706e-04 9.999999126730294563e-01 7.930605400757916729e-03 9.998971819877624512e-01 -1.433378644287586212e-02 4.604483838193118572e-04 6.215866804122924805e-01 1.433478109538555145e-02 9.998946785926818848e-01 -2.230443758890032768e-03 8.206522092223167419e-03 -4.284303286112844944e-04 2.236820990219712257e-03 9.999973177909851074e-01 4.401359241455793381e-03 6.164092636108398438e+01
9.655057000000000000e+07 9.999272382207418097e-01 -1.205695296727684815e-02 -3.848991812411849448e-04 6.291884675974287466e-01 1.205707026153351319e-02 9.999272647080865717e-01 3.038883155363464967e-04 1.153099396405725917e-02 3.812072183082864849e-04 -3.085069606172784890e-04 9.999998797522471339e-01 8.286900788993578626e-03 9.999139904975891113e-01 -1.309061050415039062e-02 -8.130113128572702408e-04 6.378338932991027832e-01 1.309039350599050522e-02 9.999143481254577637e-01 -2.732086868491023779e-04 1.053957920521497726e-02 8.165179169736802578e-04 2.625371562317013741e-04 9.999997019767761230e-01 4.795869812369346619e-03 6.134755325317382812e+01
9.665471000000000000e+07 9.999495390713271092e-01 -1.004035759585197862e-02 -3.324668853387802180e-04 6.619192949680193783e-01 1.004045172291061910e-02 9.999495534432697452e-01 2.826687925483520043e-04 9.839608266530665281e-03 3.296120178794975934e-04 -2.859926464037469847e-04 9.999999047820610221e-01 8.432229528634106394e-03 9.999464154243469238e-01 -1.027303654700517654e-02 -1.290858956053853035e-03 6.541821956634521484e-01 1.027445401996374130e-02 9.999466538429260254e-01 1.096864696592092514e-03 1.211217232048511505e-02 1.279522781260311604e-03 -1.110073411837220192e-03 9.999985694885253906e-01 4.731573164463043213e-03 6.152883148193359375e+01
9.675895000000000000e+07 9.999654737678388416e-01 -8.303234668386115166e-03 -3.279790285234434797e-04 6.777250408335294685e-01 8.303326195738645540e-03 9.999654879577999367e-01 2.786957918956829532e-04 8.315293688467315786e-03 3.256536328688444822e-04 -2.814094862844310598e-04 9.999999073792071869e-01 8.653161756757985629e-03 9.999622106552124023e-01 -8.571250364184379578e-03 -1.422027242369949818e-03 6.692683100700378418e-01 8.573771454393863678e-03 9.999616742134094238e-01 1.772592309862375259e-03 1.058182865381240845e-02 1.406778581440448761e-03 -1.784713240340352058e-03 9.999973773956298828e-01 4.487096797674894333e-03 6.071667098999023438e+01
9.686308000000000000e+07 9.999824153901736290e-01 -5.920163164619477759e-03 -3.472437395133255852e-04 6.891646686757521012e-01 5.920261038965263754e-03 9.999824354753401590e-01 2.815132577418671283e-04 6.193767359411834691e-03 3.455710359078649268e-04 -2.835640810420147714e-04 9.999999000860296805e-01 8.997443803553563033e-03 9.999782443046569824e-01 -6.410232745110988617e-03 -1.542066805996000767e-03 6.870483160018920898e-01 6.409901194274425507e-03 9.999793767929077148e-01 -2.165755140595138073e-04 5.055746994912624359e-03 1.543424557894468307e-03 2.066858141915872693e-04 9.999988079071044922e-01 3.533116774633526802e-03 6.021276855468750000e+01
9.696720000000000000e+07 9.999911363020226318e-01 -4.200839599018693638e-03 -2.833102464117396419e-04 7.107726860095813226e-01 4.200909222693324785e-03 9.999911459810790770e-01 2.456049534048352929e-04 4.767558124511858154e-03 2.822759910009851208e-04 -2.467929370206605171e-04 9.999999297067556636e-01 9.231765137765201440e-03 9.999907016754150391e-01 -4.270853940397500992e-03 -6.449104985222220421e-04 7.069401144981384277e-01 4.270962905138731003e-03 9.999909400939941406e-01 1.766653731465339661e-04 9.446993470191955566e-03 6.441495497711002827e-04 -1.794181589502841234e-04 9.999997615814208984e-01 7.515560835599899292e-03 5.998617553710937500e+01
9.707145000000000000e+07 9.999946803171885223e-01 -3.250976307897177845e-03 -2.655012394536692051e-04 7.224793023453754959e-01 3.251037667067737443e-03 9.999946886819529590e-01 2.310032666150656070e-04 4.165399712081805164e-03 2.647488431834253502e-04 -2.318651922374372217e-04 9.999999380732925713e-01 9.282147170805421163e-03 9.999937415122985840e-01 -3.527589142322540283e-03 -2.367201086599379778e-04 7.170429825782775879e-01 3.527457593008875847e-03 9.999935626983642578e-01 -5.730917328037321568e-04 7.567815482616424561e-03 2.387416461715474725e-04 5.722581408917903900e-04 9.999998211860656738e-01 4.311292897909879684e-03 5.789782333374023438e+01
9.717557000000000000e+07 9.999956549811557238e-01 -2.936756698464786444e-03 -2.558891278758231871e-04 7.288956415686501655e-01 2.936814203472122228e-03 9.999956623201256001e-01 2.246410679868593397e-04 3.942859823462676466e-03 2.552283017755799786e-04 -2.253915907128738226e-04 9.999999420285730078e-01 9.280221703337842784e-03 9.999953508377075195e-01 -2.875840757042169571e-03 9.646897087804973125e-04 7.340473532676696777e-01 2.875821432098746300e-03 9.999958872795104980e-01 3.019899486389476806e-05 3.356513101607561111e-03 -9.647724218666553497e-04 -2.742352626228239387e-05 9.999995231628417969e-01 2.146902028471231461e-03 6.005164718627929688e+01
9.727972000000000000e+07 9.999960952304997042e-01 -2.784966671725868335e-03 -2.312678778828727399e-04 7.456167124123709300e-01 2.785015946677155997e-03 9.999960991477053751e-01 2.130164068791532621e-04 3.774934951869104559e-03 2.306737321808702734e-04 -2.136596597907532776e-04 9.999999505695911228e-01 9.229845450566188936e-03 9.999948740005493164e-01 -2.680022967979311943e-03 1.771983690559864044e-03 7.487069368362426758e-01 2.682542661204934120e-03 9.999953508377075195e-01 -1.423332956619560719e-03 5.626256825053133070e-05 -1.768163405358791351e-03 1.428077579475939274e-03 9.999973773956298828e-01 3.533836686983704567e-03 5.944720077514648438e+01
9.738381000000000000e+07 9.999942221620324867e-01 -3.393530227434493184e-03 -1.989864185991699298e-04 7.648004765285010276e-01 3.393571580566523849e-03 9.999942202185031492e-01 2.078508192539145830e-04 4.039246681606697975e-03 1.982799204905796907e-04 -2.085248929545270233e-04 9.999999586012218167e-01 9.123337288805839079e-03 9.999919533729553223e-01 -3.225162858143448830e-03 2.383979968726634979e-03 7.585522532463073730e-01 3.228816902264952660e-03 9.999936819076538086e-01 -1.528574735857546329e-03 -8.327066316269338131e-04 -2.379033947363495827e-03 1.536266296170651913e-03 9.999960660934448242e-01 4.609504248946905136e-03 5.975340652465820312e+01
9.748794000000000000e+07 9.999953707769894118e-01 -3.035108281934899375e-03 -2.157366884762693853e-04 7.539183205577757452e-01 3.035153649626678909e-03 9.999953718023397720e-01 2.102765648439952975e-04 3.862185294576982349e-03 2.150974778614937332e-04 -2.109303854235374746e-04 9.999999546207227752e-01 9.176425185811420276e-03 9.999923706054687500e-01 -3.135586623102426529e-03 2.312032505869865417e-03 7.627001404762268066e-01 3.138123080134391785e-03 9.999944567680358887e-01 -1.097582164220511913e-03 9.904664329951629043e-05 -2.308578696101903915e-03 1.104819122701883316e-03 9.999966621398925781e-01 7.225776091217994690e-03 5.929571151733398438e+01
9.759207000000000000e+07 9.999951288093162916e-01 -3.114852174526946266e-03 -2.001339352875362648e-04 7.652347292325116790e-01 3.114893073727536751e-03 9.999951278244516573e-01 2.043734817116135672e-04 3.856836824022218287e-03 1.994963670173991539e-04 -2.049958819768391894e-04 9.999999590889432355e-01 9.146951627026979337e-03 9.999923110008239746e-01 -3.140799468383193016e-03 2.352299634367227554e-03 7.655373811721801758e-01 3.141765948385000229e-03 9.999949336051940918e-01 -4.030774580314755440e-04 1.408781157806515694e-03 -2.351022092625498772e-03 4.104721010662615299e-04 9.999971389770507812e-01 8.027681149542331696e-03 5.959209442138671875e+01
9.769624000000000000e+07 9.999931935917714121e-01 -3.684069709145731172e-03 -2.010013728612993129e-04 7.611540517136855533e-01 3.684112398842665729e-03 9.999931910720359918e-01 2.124298551647548817e-04 4.213091860201767860e-03 2.002173979228056926e-04 -2.131689208737209084e-04 9.999999572360047662e-01 9.082314728847741894e-03 9.999929666519165039e-01 -3.279449418187141418e-03 1.802709419280290604e-03 7.658976912498474121e-01 3.282917663455009460e-03 9.999927878379821777e-01 -1.925471005961298943e-03 -6.192673463374376297e-04 -1.796381780877709389e-03 1.931366277858614922e-03 9.999966025352478027e-01 8.874019607901573181e-03 5.971696090698242188e+01
9.780034000000000000e+07 9.999948810871107652e-01 -3.193550038302633929e-03 -1.975798555249630201e-04 7.661610295425582695e-01 3.193590485034081532e-03 9.999948795185999995e-01 2.047351117694431446e-04 3.922769720649092913e-03 1.969250120015186237e-04 -2.053650528904890768e-04 9.999999595228667992e-01 9.146283024645930973e-03 9.999936223030090332e-01 -3.505656495690345764e-03 7.230993360280990601e-04 7.630189061164855957e-01 3.507277462631464005e-03 9.999913573265075684e-01 -2.257563406601548195e-03 -1.400160486809909344e-03 -7.151803583838045597e-04 2.260087989270687103e-03 9.999971389770507812e-01 9.597756899893283844e-03 6.016128158569335938e+01
9.790432000000000000e+07 9.999930893025890111e-01 -3.712379261708610104e-03 -1.989658464253902571e-04 7.676240229758137801e-01 3.712420668174264745e-03 9.999930872804532189e-01 2.081447020440358657e-04 4.216564543769412213e-03 1.981917589620760072e-04 -2.088819085327659549e-04 9.999999585441869954e-01 9.095150199057117774e-03 9.999932646751403809e-01 -3.657890250906348228e-03 1.277073897654190660e-04 7.671949863433837891e-01 3.658145666122436523e-03 9.999911189079284668e-01 -2.086106687784194946e-03 9.370466577820479870e-04 -1.200744954985566437e-04 2.086563268676400185e-03 9.999978542327880859e-01 8.979369886219501495e-03 5.780793762207031250e+01
9.800832000000000000e+07 9.999926538647174734e-01 -3.827492763984750510e-03 -2.061951947689378217e-04 7.579902017549735582e-01 3.827537168345958481e-03 9.999926517568371587e-01 2.153886521056323018e-04 4.313399238810713271e-03 2.053692811294567145e-04 -2.161762895649092667e-04 9.999999555456362543e-01 9.066348680115942846e-03 9.999929666519165039e-01 -3.763204440474510193e-03 -1.616025983821600676e-04 7.669498324394226074e-01 3.763117827475070953e-03 9.999927282333374023e-01 -5.252967239357531071e-04 7.047045975923538208e-03 1.635775843169540167e-04 5.246842047199606895e-04 9.999998807907104492e-01 7.567921653389930725e-03 5.827353668212890625e+01
9.811232000000000000e+07 9.999934334678565184e-01 -3.618409094967234979e-03 -2.003441527556820234e-04 7.678784932552020770e-01 3.618450661262411633e-03 9.999934318577506920e-01 2.075021946731390792e-04 4.157724051369982715e-03 1.995920090950834469e-04 -2.082257674807550885e-04 9.999999584025320853e-01 9.112851754486018738e-03 9.999926686286926270e-01 -3.777410602197051048e-03 -4.973195027559995651e-04 7.685394883155822754e-01 3.777215722948312759e-03 9.999927878379821777e-01 -3.935345448553562164e-04 7.640638854354619980e-03 4.988023429177701473e-04 3.916566201951354742e-04 9.999997615814208984e-01 7.379220332950353622e-03 5.968652725219726562e+01
9.821647000000000000e+07 9.999953177869754795e-01 -3.053587498147476362e-03 -2.000194177233923453e-04 7.669479166082384669e-01 3.053627874341594516e-03 9.999953172922221301e-01 2.018679855212465572e-04 3.819365926322604039e-03 1.994020595505567052e-04 -2.024778251853949832e-04 9.999999596207747032e-01 9.156912481173130544e-03 9.999951720237731934e-01 -3.122437978163361549e-03 1.096869673347100616e-04 7.674444913864135742e-01 3.122429363429546356e-03 9.999951720237731934e-01 2.054604374279733747e-05 6.302411668002605438e-03 -1.097506392397917807e-04 -2.020457395701669157e-05 1.000000000000000000e+00 7.942341268062591553e-03 5.933440017700195312e+01
9.832032000000000000e+07 9.999986865334608011e-01 -1.607971469320316690e-03 -2.033698317734436163e-04 7.713794223420004093e-01 1.608008753953562089e-03 9.999986903530311277e-01 1.833037120835734248e-04 2.880680177955407834e-03 2.030748183118949717e-04 -1.836304917674817187e-04 9.999999625202322662e-01 9.263517637972847052e-03 9.999977946281433105e-01 -2.065371256321668625e-03 2.735254529397934675e-04 7.689298391342163086e-01 2.065195003524422646e-03 9.999976754188537598e-01 6.607139948755502701e-04 7.498976774513721466e-03 -2.748892875388264656e-04 -6.601414061151444912e-04 9.999997019767761230e-01 8.040201850235462189e-03 5.968166351318359375e+01
9.842432000000000000e+07 9.999995807897803513e-01 -8.935121776151815206e-04 -2.001405360091936458e-04 7.690488142699247742e-01 8.935469775701731935e-04 9.999995856739002376e-01 1.738557132750523794e-04 2.330907111277558032e-03 1.999851108854840804e-04 -1.740344753677994531e-04 9.999999648589770196e-01 9.275569271697705134e-03 9.999991655349731445e-01 -1.255859038792550564e-03 -2.353824238525703549e-04 7.669607400894165039e-01 1.256016432307660580e-03 9.999989867210388184e-01 6.275315536186099052e-04 4.882091190665960312e-03 2.345944812986999750e-04 -6.278333603404462337e-04 9.999997615814208984e-01 9.576453827321529388e-03 5.999676895141601562e+01
9.852832000000000000e+07 9.999997115508253431e-01 -7.322994472957432537e-04 -2.015832438451072169e-04 7.655217836177385937e-01 7.323336200881329101e-04 9.999997174785089094e-01 1.695004115515711155e-04 2.161422340156833339e-03 2.014590618398121578e-04 -1.696479888412788896e-04 9.999999653169036051e-01 9.264880066226633196e-03 9.999997615814208984e-01 -6.711285677738487720e-04 1.902038661683036480e-06 7.691383957862854004e-01 6.711222813464701176e-04 9.999989867210388184e-01 1.235346426256000996e-03 6.289793644100427628e-03 -2.730634150793775916e-06 -1.235344563610851765e-03 9.999992251396179199e-01 9.500487707555294037e-03 5.971849441528320312e+01
9.863232000000000000e+07 9.999999585787633372e-01 -2.194015123666355645e-04 -1.862939885664283970e-04 7.718939110226897826e-01 2.194297394464632238e-04 9.999999644473380744e-01 1.515120914427418018e-04 1.657255021228688134e-03 1.862607399620563051e-04 -1.515529636072140431e-04 9.999999711693183801e-01 9.278317631589391365e-03 9.999999403953552246e-01 -1.802983460947871208e-04 1.575134083395823836e-04 7.664133906364440918e-01 1.802788465283811092e-04 9.999999403953552246e-01 1.102015085052698851e-04 -1.282674726098775864e-03 -1.575341011630371213e-04 -1.101804664358496666e-04 1.000000000000000000e+00 1.243553403764963150e-02 6.192617416381835938e+01
9.873632000000000000e+07 9.999999215396507823e-01 -3.412167941359410149e-04 -2.012257411560322161e-04 7.635667500671461383e-01 3.412482801478444261e-04 9.999999295353269035e-01 1.564575308366456191e-04 1.740889857430094395e-03 2.011723410420574734e-04 -1.565261864959103882e-04 9.999999675146220568e-01 9.252878342382033286e-03 9.999998211860656738e-01 4.351398820290341973e-05 6.685123662464320660e-04 7.652063965797424316e-01 -4.294004611438140273e-05 9.999997019767761230e-01 -8.497301023453474045e-04 -1.095427200198173523e-02 -6.685496191494166851e-04 8.497046073898673058e-04 9.999994039535522461e-01 1.681613735854625702e-02 6.011721420288085938e+01
9.884032000000000000e+07 9.999999432452131298e-01 -2.741392837235468393e-04 -1.958500126328207777e-04 7.661402522413026661e-01 2.741696643313628668e-04 9.999999503856614735e-01 1.551118085261154024e-04 1.668057731699001435e-03 1.958074806772283985e-04 -1.551654958531540783e-04 9.999999687915502866e-01 9.242553141191791471e-03 9.999997615814208984e-01 1.458230872231069952e-05 7.984237163327634335e-04 7.649903893470764160e-01 -1.438042909285286441e-05 1.000000000000000000e+00 -2.541891881264746189e-04 -5.134139209985733032e-03 -7.984272087924182415e-04 2.541715803090482950e-04 9.999996423721313477e-01 1.651447825133800507e-02 5.990102386474609375e+01
9.894434000000000000e+07 9.999998972223681504e-01 -4.027327712011889477e-04 -2.082344058635139791e-04 7.570318592468893160e-01 4.027664937692328434e-04 9.999999057791255641e-01 1.619286606149417768e-04 1.729133728869893796e-03 2.081691722651517066e-04 -1.620125138139682402e-04 9.999999652087698809e-01 9.261660443741586562e-03 9.999992251396179199e-01 -3.513542651489842683e-06 1.168228685855865479e-03 7.609170079231262207e-01 3.513418278089375235e-06 1.000000000000000000e+00 -3.781830400839680806e-06 -3.071867628023028374e-03 -1.168229151517152786e-03 3.789074980886653066e-06 9.999993443489074707e-01 1.707815751433372498e-02 6.211888122558593750e+01
9.904820000000000000e+07 9.999999224419894306e-01 3.376843583346687827e-04 -2.026950814994704989e-04 7.557403725207122447e-01 -3.376556501215911832e-04 9.999999329619660982e-01 1.416500308117808347e-04 9.323966125003447635e-04 2.027429009088593456e-04 -1.415815786891637797e-04 9.999999694249872562e-01 9.266893023554653025e-03 9.999995827674865723e-01 -2.018924897129181772e-05 9.051543893292546272e-04 7.599711418151855469e-01 2.050677721854299307e-05 9.999998807907104492e-01 -3.548648383002728224e-04 -2.945203566923737526e-03 -9.051451343111693859e-04 3.548866952769458294e-04 9.999995231628417969e-01 1.531600113958120346e-02 6.213971328735351562e+01
9.915222000000000000e+07 9.999999705761583035e-01 -1.403200845314861249e-04 -1.978836971735010747e-04 7.628853444524178462e-01 1.403506207199095774e-04 9.999999782453143915e-01 1.543083763620881153e-04 1.500558016592672475e-03 1.978620403046359416e-04 -1.543361449208976912e-04 9.999999685154838946e-01 9.250209829626265812e-03 1.000000119209289551e+00 5.454761776491068304e-05 -4.338577491580508649e-05 7.556126713752746582e-01 -5.455569043988361955e-05 1.000000000000000000e+00 -1.668147306190803647e-04 -3.010136075317859650e-03 4.337750215199775994e-05 1.668195181991904974e-04 9.999999403953552246e-01 1.617474667727947235e-02 6.186585617065429688e+01
9.925607000000000000e+07 9.999999675183950387e-01 1.355996509689617597e-04 -2.158146075692115391e-04 7.459497853149736901e-01 -1.355674021736007488e-04 9.999999796452032630e-01 1.494358503878130998e-04 1.049173216178989239e-03 2.158348666250618135e-04 -1.494065881088361655e-04 9.999999655464910653e-01 9.285608616524792039e-03 9.999998211860656738e-01 3.125866351183503866e-04 -3.211353614460676908e-04 7.530640959739685059e-01 -3.122862835880368948e-04 9.999995231628417969e-01 9.231783333234488964e-04 -6.260637310333549976e-04 3.214251482859253883e-04 -9.230724535882472992e-04 9.999995231628417969e-01 1.513689197599887848e-02 6.234358215332031250e+01
9.936007000000000000e+07 9.999996047425608880e-01 8.669712556658679429e-04 -1.971687976871235287e-04 7.519619928821967836e-01 -8.669459444225192891e-04 9.999996159560787801e-01 1.284227246435915763e-04 3.190509913055970467e-04 1.972800607805658645e-04 -1.282517391877623667e-04 9.999999723160331033e-01 9.272123108761227625e-03 9.999994635581970215e-01 9.054684778675436974e-04 -5.443285335786640644e-04 7.507554888725280762e-01 -9.055459522642195225e-04 9.999995231628417969e-01 -1.341121969744563103e-04 -1.939105219207704067e-03 5.442023393698036671e-04 1.346046919934451580e-04 9.999998211860656738e-01 1.413981150835752487e-02 6.209059143066406250e+01
9.946410000000000000e+07 9.999992952412093405e-01 1.168437373848098997e-03 -2.104071910167846040e-04 7.415582108364500158e-01 -1.168411573262732482e-03 9.999993098789006218e-01 1.227033650605510913e-04 -7.380377853249703995e-05 2.105504170081900182e-04 -1.224574363868272781e-04 9.999999703363485759e-01 9.311097658187633686e-03 9.999991655349731445e-01 1.138278748840093613e-03 -5.826098495163023472e-04 7.453839182853698730e-01 -1.138859544880688190e-03 9.999988675117492676e-01 -9.985313517972826958e-04 -4.522467032074928284e-03 5.814731121063232422e-04 9.991833940148353577e-04 9.999993443489074707e-01 1.360298041254281998e-02 6.197055816650390625e+01
9.956794000000000000e+07 9.999989482592521739e-01 1.435588671762449064e-03 -2.063141772810628532e-04 7.415385305831586615e-01 -1.435564752717087946e-03 9.999989628441500189e-01 1.160364171848128167e-04 -3.879299584041586801e-04 2.064805438683294837e-04 -1.157401177815566701e-04 9.999999719850044544e-01 9.284401934970896997e-03 9.999988079071044922e-01 1.537069794721901417e-03 -2.708856663957703859e-05 7.414194941520690918e-01 -1.537066185846924782e-03 9.999987483024597168e-01 2.326763788005337119e-04 -5.914031993597745895e-03 2.744633638940285891e-05 -2.326280809938907623e-04 1.000000000000000000e+00 1.647351309657096863e-02 5.934147262573242188e+01
9.967195000000000000e+07 9.999991047533578481e-01 1.318405221846686345e-03 -2.286924020448576501e-04 7.242134185460400442e-01 -1.318377597314112585e-03 9.999991236312393283e-01 1.209021254468363655e-04 -4.178192516384538271e-04 2.288515996140837215e-04 -1.206005142803482917e-04 9.999999665412312444e-01 9.357305745713494216e-03 9.999985694885253906e-01 1.542519778013229370e-03 -5.519395344890654087e-04 7.315603494644165039e-01 -1.541937119327485561e-03 9.999982714653015137e-01 1.033231499604880810e-03 -3.474255558103322983e-03 5.535332020372152328e-04 -1.032379921525716782e-03 9.999993443489074707e-01 2.185595966875553131e-02 5.988000106811523438e+01
9.977595000000000000e+07 9.999991767272450316e-01 1.262540593732537023e-03 -2.292075003967388456e-04 7.257884449228741985e-01 -1.262512873114274379e-03 9.999991957042814184e-01 1.210455793028048269e-04 -3.405940809955272327e-04 2.293601410039856816e-04 -1.207561022288499179e-04 9.999999664059441296e-01 9.350087146496179752e-03 9.999984502792358398e-01 1.244913204573094845e-03 1.261721015907824039e-03 7.225415706634521484e-01 -1.241493155248463154e-03 9.999955296516418457e-01 -2.715288661420345306e-03 -7.066672202199697495e-03 -1.265096245333552361e-03 2.713719382882118225e-03 9.999954104423522949e-01 1.843268238008022308e-02 5.884169769287109375e+01
9.987994000000000000e+07 9.999993583752411208e-01 1.103325059318544920e-03 -2.567545085208550247e-04 7.041568492207473939e-01 -1.103291915215909736e-03 9.999993830276502349e-01 1.291945372212177168e-04 -3.722656739563168487e-04 2.568968936855149155e-04 -1.289111791441054740e-04 9.999999586929447792e-01 9.439604904621272732e-03 9.999980330467224121e-01 1.096495543606579304e-03 1.697511179372668266e-03 7.131206989288330078e-01 -1.093505648896098137e-03 9.999979138374328613e-01 -1.756789861246943474e-03 -5.593877285718917847e-03 -1.699429587461054325e-03 1.754928380250930786e-03 9.999970197677612305e-01 1.921605877578258514e-02 5.772761535644531250e+01
9.998382000000000000e+07 9.999992987712064130e-01 1.154025180760777586e-03 -2.658626970369542077e-04 6.962970821148872780e-01 -1.153990679062775115e-03 9.999993257168875438e-01 1.298894884146200570e-04 -5.162280073071397885e-04 2.660124135109939877e-04 -1.295825942572186766e-04 9.999999562228725214e-01 9.456258609742926660e-03 9.999966025352478027e-01 1.280128839425742626e-03 2.241986570879817009e-03 7.029426693916320801e-01 -1.286307815462350845e-03 9.999952912330627441e-01 2.753371605649590492e-03 5.455766338855028152e-03 -2.238458255305886269e-03 -2.756257075816392899e-03 9.999936819076538086e-01 1.737103611230850220e-02 5.729504013061523438e+01
1.000878000000000000e+08 9.999993445293864358e-01 1.107607694608034755e-03 -2.900792289491754264e-04 6.779948157441508805e-01 -1.107568365177135240e-03 9.999993774377201605e-01 1.357072472624203032e-04 -5.977978005907736434e-04 2.902293587518693868e-04 -1.353858757247981164e-04 9.999999487187893887e-01 9.553203138710124678e-03 9.999988079071044922e-01 1.489921938627958298e-03 5.131218349561095238e-04 6.890949010848999023e-01 -1.490206923335790634e-03 9.999987483024597168e-01 5.627011414617300034e-04 -1.190547947771847248e-03 -5.122845177538692951e-04 -5.634548142552375793e-04 9.999997019767761230e-01 2.214676141738891602e-02 5.724790573120117188e+01
1.001918000000000000e+08 9.999998768161156848e-01 3.929937589768212340e-04 -3.031891499277333010e-04 6.727094019123106561e-01 -3.929482557956237294e-04 9.999999115268027872e-01 1.501268004910250476e-04 8.574213228917126916e-05 3.032481219988187563e-04 -1.500076443510899970e-04 9.999999427691403930e-01 9.548059083875183942e-03 9.999959468841552734e-01 2.912604832090437412e-04 -2.821034053340554237e-03 6.759416460990905762e-01 -2.988080668728798628e-04 9.999964237213134766e-01 -2.675981959328055382e-03 -6.044718436896800995e-03 2.820250345394015312e-03 2.676816191524267197e-03 9.999924898147583008e-01 1.733341254293918610e-02 5.708313751220703125e+01
1.002957000000000000e+08 9.999999133590872225e-01 2.663008919681041087e-04 -3.199463414796233757e-04 6.573042926983999612e-01 -2.662518560967583802e-04 9.999999528052015974e-01 1.532956239413115558e-04 5.826570184730070750e-05 3.199871491392033041e-04 -1.532104243565595813e-04 9.999999370673962051e-01 9.595673721010085713e-03 9.999978542327880859e-01 4.058492486365139484e-04 -2.018465660512447357e-03 6.648399233818054199e-01 -4.068432317581027746e-04 9.999997615814208984e-01 -4.912367439828813076e-04 -9.427053853869438171e-03 2.018263796344399452e-03 4.920619539916515350e-04 9.999977350234985352e-01 2.286202833056449890e-02 5.703718566894531250e+01
1.003997000000000000e+08 9.999994746746592167e-01 9.754060183571509283e-04 -3.150135482017974884e-04 6.552044662947404952e-01 -9.753616880721590384e-04 9.999995144156061944e-01 1.408479946664027249e-04 -6.285291643244319496e-04 3.151507792137996479e-04 -1.405406685382139709e-04 9.999999404641534140e-01 9.632586875460084908e-03 9.999908804893493652e-01 1.259368495084345341e-03 -4.084113053977489471e-03 6.582591533660888672e-01 -1.249036286026239395e-03 9.999960064888000488e-01 2.531438600271940231e-03 -1.915337750688195229e-03 4.087285138666629791e-03 -2.526322612538933754e-03 9.999884963035583496e-01 1.796663552522659302e-02 5.598803329467773438e+01
1.005037000000000000e+08 9.999998832982329722e-01 3.598061836068279333e-04 -3.224019939505300006e-04 6.561069713650120594e-01 -3.597566877748125010e-04 9.999999234961597372e-01 1.535669561931586960e-04 -5.266623256942225750e-05 3.224572236224272767e-04 -1.534509520056002638e-04 9.999999362370741718e-01 9.611583384840418146e-03 9.999983906745910645e-01 3.539551107678562403e-04 -1.757072051987051964e-03 6.530410051345825195e-01 -3.488515503704547882e-04 9.999956488609313965e-01 2.906089415773749352e-03 -1.371153863146901131e-03 1.758094178512692451e-03 -2.905475674197077751e-03 9.999942183494567871e-01 1.870123669505119324e-02 5.584089660644531250e+01
1.006077000000000000e+08 9.999999150645710877e-01 2.490329476211833423e-04 -3.284104896712904489e-04 6.520253580770873914e-01 -2.489823409897409692e-04 9.999999571262472298e-01 1.541275505160391102e-04 2.081547084323836377e-05 3.284488584274577083e-04 -1.540457690165840886e-04 9.999999341956252730e-01 9.611773797766710870e-03 9.999998211860656738e-01 3.670400183182209730e-04 -3.780568658839911222e-04 6.490311026573181152e-01 -3.667103301268070936e-04 9.999996423721313477e-01 8.666024077683687210e-04 -3.380787093192338943e-03 3.783746506087481976e-04 -8.664632914587855339e-04 9.999995231628417969e-01 1.840793155133724213e-02 5.583468627929687500e+01
1.007116000000000000e+08 9.999997572599160778e-01 6.162081342977337745e-04 -3.252193840590716185e-04 6.412123739603613481e-01 -6.161608966476206633e-04 9.999997996126286370e-01 1.453287823555505847e-04 -3.809951669109493295e-04 3.253088716663839934e-04 -1.451283596126305914e-04 9.999999365559470998e-01 9.569181452743651117e-03 9.999997019767761230e-01 6.965982611291110516e-04 2.503829455235973001e-05 6.456462740898132324e-01 -6.965889479033648968e-04 9.999997615814208984e-01 -3.767732550841174088e-06 -4.924194887280464172e-03 -2.503955329302698374e-05 3.762377218663459644e-06 1.000000000000000000e+00 1.749375090003013611e-02 5.608060836791992188e+01
1.008156000000000000e+08 9.999998575932256273e-01 4.208676315674602297e-04 -3.281523838754716780e-04 6.426150586232205475e-01 -4.208189287392378542e-04 9.999999004340147657e-01 1.484702160282544143e-04 -2.000983761344988533e-04 3.282148375060435865e-04 -1.483321021610387318e-04 9.999999351363068056e-01 9.564993183027349286e-03 9.999990463256835938e-01 4.638070240616798401e-04 -1.322767580859363079e-03 6.380516886711120605e-01 -4.636101948563009501e-04 9.999998211860656738e-01 1.627937745070084929e-04 -3.588717663660645485e-03 1.322841853834688663e-03 -1.621947303647175431e-04 9.999990463256835938e-01 1.472311187535524368e-02 5.580531311035156250e+01
1.009196000000000000e+08 9.999999358058765386e-01 -1.309693214506131294e-04 -3.335195415053425223e-04 6.398305484296344936e-01 1.310222543753463147e-04 9.999999788248163934e-01 1.586932176967168070e-04 2.718453617876190114e-04 3.334987505007626623e-04 -1.587369059900736593e-04 9.999999317905893248e-01 9.528232980803475957e-03 9.999994635581970215e-01 5.748853436671197414e-05 -1.024200231768190861e-03 6.338347792625427246e-01 -5.598639472736977041e-05 9.999989867210388184e-01 1.453904085792601109e-03 -4.489876155275851488e-04 1.024284050799906254e-03 -1.453834236599504948e-03 9.999984502792358398e-01 1.213606726378202438e-02 5.584022521972656250e+01
1.010236000000000000e+08 9.999999414666916886e-01 8.274529025527725960e-05 -3.319937261957710967e-04 6.296495137697167843e-01 -8.269659812924374793e-05 9.999999858235870676e-01 1.466768536636594720e-04 8.595748598644649700e-06 3.320058583077007547e-04 -1.466493903273727707e-04 9.999999341330333413e-01 9.469576516053580459e-03 9.999997615814208984e-01 1.158497470896691084e-04 -7.461327477358281612e-04 6.287244558334350586e-01 -1.146753056673333049e-04 9.999987483024597168e-01 1.574085908941924572e-03 5.025458522140979767e-04 7.463138317689299583e-04 -1.574006280861794949e-03 9.999985098838806152e-01 1.119733322411775589e-02 5.569232177734375000e+01
1.011274000000000000e+08 9.999999169465180193e-01 -2.307413900016379099e-04 -3.359544253279920264e-04 6.279396591562456109e-01 2.307912279175091048e-04 9.999999623688803352e-01 1.483160497383764298e-04 2.699030487096681832e-04 3.359201900357846574e-04 -1.483935727509120195e-04 9.999999325684876261e-01 9.432463433018317689e-03 1.000000000000000000e+00 -4.752561653731390834e-05 -1.684331946307793260e-04 6.253126859664916992e-01 4.771747990162111819e-05 9.999993443489074707e-01 1.135046244598925114e-03 -7.351595559157431126e-04 1.683779555605724454e-04 -1.135054626502096653e-03 9.999993443489074707e-01 1.035976316779851913e-02 5.527094268798828125e+01
1.012315000000000000e+08 9.999998488590307044e-01 -4.318131520889257301e-04 -3.403223826969606542e-04 6.313150172117124592e-01 4.318672311015869271e-04 9.999998941290343391e-01 1.588477874454738631e-04 4.656044137524488567e-04 3.402537541044311858e-04 -1.589947375188885197e-04 9.999999294740271605e-01 9.467323506938990496e-03 9.999997019767761230e-01 -5.149930366314947605e-04 5.756657919846475124e-04 6.200790405273437500e-01 5.152039229869842529e-04 9.999997615814208984e-01 -3.882402670569717884e-04 -5.196497775614261627e-03 -5.754656158387660980e-04 3.885376499965786934e-04 9.999997019767761230e-01 1.158440206199884415e-02 5.575094223022460938e+01
1.013354000000000000e+08 9.999996904080639126e-01 -7.042458648759070475e-04 -3.510291867914093695e-04 6.207943720611764915e-01 7.042999985281974372e-04 9.999997401050867429e-01 1.541143427354901981e-04 5.744236362917837062e-04 3.509205611636822620e-04 -1.543615248978729099e-04 9.999999265136312321e-01 9.282054517488282780e-03 9.999994635581970215e-01 -6.216054316610097885e-04 8.411329472437500954e-04 6.164916157722473145e-01 6.222640513442456722e-04 9.999994635581970215e-01 -7.710130303166806698e-04 -5.562660284340381622e-03 -8.406538981944322586e-04 7.715286337770521641e-04 9.999993443489074707e-01 1.448931265622377396e-02 5.643411254882812500e+01
1.014393000000000000e+08 9.999995450894746396e-01 -8.860743969681037207e-04 -3.531189642690912541e-04 6.225498390316285269e-01 8.861325997461058385e-04 9.999995938209690349e-01 1.647024868047238064e-04 7.388824677896487642e-04 3.529728821822889244e-04 -1.650153221069605616e-04 9.999999240900407926e-01 9.289618127069595652e-03 9.999995827674865723e-01 -8.435283671133220196e-04 2.139167045243084431e-04 6.112325191497802734e-01 8.436401258222758770e-04 9.999995231628417969e-01 -5.211988463997840881e-04 -4.438170231878757477e-03 -2.134763781214132905e-04 5.213903496041893959e-04 9.999998211860656738e-01 2.069309167563915253e-02 5.581264114379882812e+01
1.015433000000000000e+08 9.999992461821405332e-01 -1.172794076484951408e-03 -3.635782654167153878e-04 6.179114836955407197e-01 1.172856426587001082e-03 9.999992975276029705e-01 1.713244197029739147e-04 9.150983897386012408e-04 3.633770817418024144e-04 -1.717507156747817261e-04 9.999999192293881345e-01 9.189705526976713404e-03 9.999989867210388184e-01 -1.349931466393172741e-03 -4.126600688323378563e-04 6.101971268653869629e-01 1.349641242995858192e-03 9.999988675117492676e-01 -6.808312609791755676e-04 -5.313707981258630753e-03 4.135786730330437422e-04 6.802658899687230587e-04 9.999997019767761230e-01 1.589435338973999023e-02 5.558243179321289062e+01
1.016472000000000000e+08 9.999984637635638274e-01 -1.710089658604318791e-03 -3.847906916006303690e-04 6.057042000390865377e-01 1.710159375695962779e-03 9.999985213092853487e-01 1.809258327217718202e-04 1.157930887413082845e-03 3.844807232191517531e-04 -1.815836081848689210e-04 9.999999096009793975e-01 8.935643246768055700e-03 9.999977350234985352e-01 -1.653106999583542347e-03 -1.280218828469514847e-03 6.065866351127624512e-01 1.652291277423501015e-03 9.999983906745910645e-01 -6.516030989587306976e-04 -9.643131867051124573e-03 1.281294855289161205e-03 6.494901026599109173e-04 9.999989271163940430e-01 1.878312975168228149e-02 5.608924865722656250e+01
1.017512000000000000e+08 9.999988548825980983e-01 -1.465420521755287893e-03 -3.778573144525954703e-04 6.072782384593375937e-01 1.465485671677798111e-03 9.999989113488108039e-01 1.722001867496582295e-04 9.937705324980239136e-04 3.776045574062108405e-04 -1.727537340493814910e-04 9.999999137854677089e-01 8.983478879972483372e-03 9.999983906745910645e-01 -1.436974969692528248e-03 -1.113153412006795406e-03 6.051679253578186035e-01 1.436946913599967957e-03 9.999989867210388184e-01 -2.176853740820661187e-05 -6.931377109140157700e-03 1.113182399421930313e-03 2.016552389250136912e-05 9.999994039535522461e-01 1.764196902513504028e-02 5.682556915283203125e+01
1.018551000000000000e+08 9.999980689704528469e-01 -1.926283031976561795e-03 -3.892160433169584814e-04 6.103641092174822980e-01 1.926358672401577753e-03 9.999981257399432888e-01 1.940591292506878502e-04 1.405728160470656263e-03 3.888415010249740176e-04 -1.948085242013007840e-04 9.999999054259605114e-01 9.026785292930081944e-03 9.999982118606567383e-01 -1.885061152279376984e-03 -4.400519901537336409e-05 6.029639244079589844e-01 1.885049627162516117e-03 9.999982118606567383e-01 6.674214819213375449e-05 -1.045852620154619217e-02 4.387928129290230572e-05 -6.682334060315042734e-05 1.000000000000000000e+00 1.498532854020595551e-02 5.662204742431640625e+01
1.019591000000000000e+08 9.999977612110600989e-01 -2.078703033144327014e-03 -3.956849178690151564e-04 6.086072473105728076e-01 2.078782505285163042e-03 9.999978192207504835e-01 2.005418305661255498e-04 1.509024766832354645e-03 3.952671880548344358e-04 -2.013639244826291792e-04 9.999999016082048442e-01 8.996889077164808499e-03 9.999977350234985352e-01 -2.129179425537586212e-03 7.745623588562011719e-05 5.992671251296997070e-01 2.129210159182548523e-03 9.999976754188537598e-01 -2.348003617953509092e-04 -7.882958278059959412e-03 -7.695591193623840809e-05 2.349709975533187389e-04 9.999998807907104492e-01 1.377888023853302002e-02 5.658483123779296875e+01
1.020629000000000000e+08 9.999983547086370717e-01 -1.772044821466632310e-03 -3.878622915551551212e-04 6.029406745473654405e-01 1.772114563178827122e-03 9.999984136862831718e-01 1.795407485423969091e-04 1.167922195757477560e-03 3.875435220289961610e-04 -1.802277895634892230e-04 9.999999086639766999e-01 8.883273306836384983e-03 9.999979734420776367e-01 -1.989699900150299072e-03 -1.439003244740888476e-04 5.979489088058471680e-01 1.989564392715692520e-03 9.999975562095642090e-01 -9.977313457056879997e-04 -8.918256498873233795e-03 1.458871847717091441e-04 9.974455460906028748e-04 9.999995231628417969e-01 1.378230657428503036e-02 5.674243164062500000e+01
1.021669000000000000e+08 9.999984683893494708e-01 -1.707109462700718292e-03 -3.860000675941997728e-04 6.055629734210931092e-01 1.707178935069391659e-03 9.999985266187987332e-01 1.797223882637667030e-04 1.151882627122358723e-03 3.856926930606791926e-04 -1.803810842232620923e-04 9.999999093518958659e-01 8.933018877824185772e-03 9.999982714653015137e-01 -1.878181472420692444e-03 1.883459772216156125e-04 5.958046317100524902e-01 1.878503011539578438e-03 9.999966621398925781e-01 -1.749512040987610817e-03 -1.015559025108814240e-02 -1.850608969107270241e-04 1.749861636199057102e-03 9.999984502792358398e-01 1.024268381297588348e-02 5.713308715820312500e+01
1.022708000000000000e+08 9.999976725710671976e-01 -2.120441498625513527e-03 -3.982213100062895542e-04 6.022745883070192985e-01 2.120519115928687619e-03 9.999977327642878278e-01 1.945889958944444810e-04 1.427459564452829809e-03 3.978077925548403546e-04 -1.954329789185505449e-04 9.999999017774487964e-01 8.856723944412231084e-03 9.999970793724060059e-01 -2.132145920768380165e-03 1.172395888715982437e-03 5.940028429031372070e-01 2.133402042090892792e-03 9.999971389770507812e-01 -1.077050575986504555e-03 -1.021035015583038330e-02 -1.170096918940544128e-03 1.079546520486474037e-03 9.999987483024597168e-01 8.956297300755977631e-03 5.759753417968750000e+01
1.023748000000000000e+08 9.999980009420720295e-01 -1.962191871218463973e-03 -3.845970449891504030e-04 5.841753456244382914e-01 1.962248712633975038e-03 9.999980639139393057e-01 1.474731521307793170e-04 1.017425247776376860e-03 3.843069297534351062e-04 -1.482275323860681078e-04 9.999999151683869325e-01 8.655429332199586490e-03 9.999979734420776367e-01 -1.796789467334747314e-03 8.917460800148546696e-04 5.879346728324890137e-01 1.796800643205642700e-03 9.999983310699462891e-01 -1.218110264744609594e-05 -9.099992923438549042e-03 -8.917228551581501961e-04 1.378622891934355721e-05 9.999995827674865723e-01 6.291042082011699677e-03 5.742537689208984375e+01
1.024787000000000000e+08 9.999984464895637082e-01 -1.719843159701640563e-03 -3.862097802934183000e-04 6.005968658782356862e-01 1.719909857811711138e-03 9.999985060872808029e-01 1.724335108805357319e-04 1.086272207473289089e-03 3.859126447383042771e-04 -1.730974890053741571e-04 9.999999105543417866e-01 8.857367794372419945e-03 9.999982118606567383e-01 -1.592163578607141972e-03 9.542952175252139568e-04 5.852478146553039551e-01 1.591698033735156059e-03 9.999986290931701660e-01 4.876716411672532558e-04 -6.372054107487201691e-03 -9.550714748911559582e-04 -4.861558554694056511e-04 9.999994039535522461e-01 7.779493462294340134e-03 5.723030471801757812e+01
1.025827000000000000e+08 9.999981508740677372e-01 -1.884360849767415576e-03 -3.839694603463919835e-04 5.865337417869335157e-01 1.884418794213388315e-03 9.999982131406134345e-01 1.506031359279431849e-04 9.997447058006556607e-04 3.836849835871022495e-04 -1.513264167281942914e-04 9.999999149430688350e-01 8.693309606394214115e-03 9.999973177909851074e-01 -1.891483669169247150e-03 1.328024314716458321e-03 5.802855491638183594e-01 1.890739542432129383e-03 9.999979734420776367e-01 5.566466134041547775e-04 -6.492889020591974258e-03 -1.329074031673371792e-03 -5.541372229345142841e-04 9.999989867210388184e-01 8.158751763403415680e-03 5.708012771606445312e+01
1.026866000000000000e+08 9.999993238839921528e-01 -1.104732832585209523e-03 -3.630384346993581501e-04 5.847866008185499398e-01 1.104774268039860697e-03 9.999993832438984764e-01 1.139544609292255875e-04 3.781280223312497328e-04 3.629123215567232083e-04 -1.143554594102967771e-04 9.999999276087341293e-01 8.732809256027413911e-03 9.999989271163940430e-01 -1.298944815061986446e-03 7.383770425803959370e-04 5.736734271049499512e-01 1.299058552831411362e-03 9.999991655349731445e-01 -1.462620712118223310e-04 -6.371477618813514709e-03 -7.381869363598525524e-04 1.472113071940839291e-04 9.999997019767761230e-01 9.437374770641326904e-03 5.714252853393554688e+01
1.027906000000000000e+08 9.999994565073834218e-01 -9.849823433532025555e-04 -3.417524825002326021e-04 5.700924021738981162e-01 9.850114675992169885e-04 9.999995112582921175e-01 8.506244729533676244e-05 6.237452641838885634e-05 3.416685304658227391e-04 -8.539903116703908312e-05 9.999999379848106829e-01 8.577633766102099599e-03 9.999997019767761230e-01 -7.144499686546623707e-04 1.609797036508098245e-04 5.627781748771667480e-01 7.144716219045221806e-04 9.999997615814208984e-01 -1.053632804541848600e-04 -7.798957172781229019e-03 -1.609036989975720644e-04 1.054918029694817960e-04 1.000000000000000000e+00 8.191375993192195892e-03 5.673433685302734375e+01
1.028944000000000000e+08 9.999999036257314344e-01 -3.153763233462496480e-04 -3.054280795886521330e-04 5.620324663978882862e-01 3.153903538582698623e-04 9.999999492115114741e-01 4.589013130281392738e-05 -5.558038125713324904e-04 3.054135914162392626e-04 -4.598645594559337690e-05 9.999999523038931581e-01 8.520710785323477171e-03 1.000000000000000000e+00 -2.125582104781642556e-04 -4.256268584867939353e-05 5.548619627952575684e-01 2.125722967321053147e-04 9.999999403953552246e-01 3.941761679016053677e-04 -2.670784015208482742e-03 4.247888864483684301e-05 -3.941835602745413780e-04 9.999998807907104492e-01 9.421605616807937622e-03 5.675600051879882812e+01
1.029985000000000000e+08 9.999998825918889889e-01 4.066019027380327966e-04 -2.636116742596144712e-04 5.455827405025360788e-01 -4.066041729526539061e-04 9.999999172999013419e-01 -8.558430313652340979e-06 -1.336810060233274006e-03 2.636081725850586855e-04 8.665614909322041362e-06 9.999999652178206411e-01 8.366460474329666733e-03 9.999997615814208984e-01 6.308867014013230801e-04 3.511189133860170841e-04 5.438410043716430664e-01 -6.312640034593641758e-04 9.999992251396179199e-01 1.069378107786178589e-03 -7.069650571793317795e-03 -3.504453925415873528e-04 -1.069598365575075150e-03 9.999993443489074707e-01 6.715536583214998245e-03 5.664073562622070312e+01
1.031024000000000000e+08 9.999987457766904564e-01 1.569137135831140568e-03 -2.150669082982747319e-04 5.429811418403144296e-01 -1.569149574511544826e-03 9.999987672206060996e-01 -5.767980231872412057e-05 -2.235266148283909099e-03 2.149761356513119840e-04 5.801720211225561927e-05 9.999999752096331296e-01 8.422282015259937096e-03 9.999988675117492676e-01 1.447585294954478741e-03 -1.160549072665162385e-04 5.318485498428344727e-01 -1.447464572265744209e-03 9.999984502792358398e-01 1.023211632855236530e-03 -5.825219675898551941e-03 1.175377983599901199e-04 -1.023056567646563053e-03 9.999995231628417969e-01 8.702240884304046631e-03 5.654569625854492188e+01
1.032065000000000000e+08 9.999992676541546999e-01 1.187773769365738910e-03 -2.321306566811619102e-04 5.212275678906541643e-01 -1.187791882370971318e-03 9.999992915402219351e-01 -7.790707683461004277e-05 -2.294384593351125184e-03 2.320379562445495686e-04 7.818274268656596484e-05 9.999999700229226240e-01 8.155651575936692307e-03 9.999991059303283691e-01 1.389521756209433079e-03 1.420655462425202131e-05 5.214565396308898926e-01 -1.389528159052133560e-03 9.999990463256835938e-01 3.841730649583041668e-04 -9.649405255913734436e-03 -1.367370441585080698e-05 -3.841903817374259233e-04 9.999999403953552246e-01 3.639331087470054626e-03 5.639523315429687500e+01
1.033103000000000000e+08 9.999993477518144269e-01 1.115231484197094910e-03 -2.464845703923760657e-04 5.099932605743338065e-01 -1.115251091283165534e-03 9.999993749532191112e-01 -7.942378219107543462e-05 -2.388718887722785216e-03 2.463958404228404255e-04 7.969862258139573385e-05 9.999999664686081147e-01 7.955664284906382652e-03 9.999991059303283691e-01 1.259042532183229923e-03 -5.096025779494084418e-05 5.094351768493652344e-01 -1.259056152775883675e-03 9.999990463256835938e-01 -5.538638215512037277e-04 -9.734906256198883057e-03 5.026280632591806352e-05 5.539322155527770519e-04 9.999998211860656738e-01 5.363976582884788513e-03 5.746265411376953125e+01
1.034143000000000000e+08 9.999992239722969023e-01 1.221614854076803194e-03 -2.443603938490189345e-04 5.062249649855269373e-01 -1.221634832104747390e-03 9.999992504726838982e-01 -8.162386506520927243e-05 -2.503967024516439831e-03 2.442604977714203781e-04 8.192232088197370823e-05 9.999999668127718122e-01 7.885200860600731498e-03 9.999989271163940430e-01 1.470088143832981586e-03 -2.311586576979607344e-04 4.966645538806915283e-01 -1.470121205784380436e-03 9.999988675117492676e-01 -7.634011126356199384e-05 -9.628060273826122284e-03 2.310455020051449537e-04 7.667544559808447957e-05 9.999999403953552246e-01 3.290538676083087921e-03 5.668489456176757812e+01
1.035183000000000000e+08 9.999992666407112596e-01 1.177770561796628607e-03 -2.820896274571676196e-04 4.838983686251380201e-01 -1.177787023793478056e-03 9.999993047151063408e-01 -5.819831869106216791e-05 -2.700242438900173850e-03 2.820208870586913804e-04 5.853051751026046512e-05 9.999999585191984286e-01 7.396618200245193460e-03 9.999982714653015137e-01 1.641627750359475613e-03 -8.329341071657836437e-04 4.848524928092956543e-01 -1.641514129005372524e-03 9.999986886978149414e-01 1.338357978966087103e-04 -8.444811217486858368e-03 8.331538410857319832e-04 -1.324595359619706869e-04 9.999996423721313477e-01 4.707955289632081985e-03 5.614134216308593750e+01
1.036223000000000000e+08 9.999996898417418123e-01 7.208394053148845480e-04 -3.173436532386477316e-04 4.751911836772189091e-01 -7.208473885973545360e-04 9.999997398759226108e-01 -2.504292615048802202e-05 -2.480303401482909960e-03 3.173255187625823991e-04 2.527167471870132273e-05 9.999999493329293498e-01 7.200159360412414569e-03 9.999992847442626953e-01 1.136417035013437271e-03 -3.196441102772951126e-04 4.757386147975921631e-01 -1.136317383497953415e-03 9.999993443489074707e-01 2.863599220290780067e-04 -7.312803063541650772e-03 3.199696948286145926e-04 -2.860001404769718647e-04 9.999998807907104492e-01 3.044135635718703270e-03 5.591651153564453125e+01
1.037263000000000000e+08 9.999996620955431403e-01 7.553019934519818093e-04 -3.245423423366615521e-04 4.690537595862613873e-01 -7.553054608415348068e-04 9.999997147010312171e-01 -1.056150485381417245e-05 -2.576861866793827855e-03 3.245342726197976337e-04 1.080662987627555884e-05 9.999999472803625666e-01 7.091678142588013142e-03 9.999994039535522461e-01 1.161854830570518970e-03 6.551061960635706782e-05 4.621981382369995117e-01 -1.161874504759907722e-03 9.999992847442626953e-01 1.668345357757061720e-04 -3.837312804535031319e-03 -6.531865801662206650e-05 -1.669133780524134636e-04 9.999999403953552246e-01 7.901690900325775146e-03 5.628476715087890625e+01
1.038303000000000000e+08 9.999994145585293648e-01 1.020625931764435187e-03 -3.594512909628595982e-04 4.421277514953987353e-01 -1.020608449214596399e-03 9.999994779874850082e-01 4.881683876863684334e-05 -3.075641314402679290e-03 3.595009270595336424e-04 -4.844995114100051752e-05 9.999999342058364382e-01 6.509852181071158067e-03 9.999992847442626953e-01 1.214868039824068546e-03 5.065304321760777384e-06 4.533020257949829102e-01 -1.214878633618354797e-03 9.999991655349731445e-01 4.626276204362511635e-04 -2.496079308912158012e-03 -4.502447609411319718e-06 -4.626257868949323893e-04 9.999999403953552246e-01 8.178343065083026886e-03 5.572943878173828125e+01
1.039343000000000000e+08 9.999993654854013592e-01 1.065973484166551693e-03 -3.643202924244292435e-04 4.398951355697638399e-01 -1.065953765997598593e-03 9.999994303961454722e-01 5.431305695435234668e-05 -3.130625243320626829e-03 3.643779811870304802e-04 -5.392467388879080593e-05 9.999999321604031710e-01 6.452649713957966070e-03 9.999992251396179199e-01 1.139473402872681618e-03 4.529032157734036446e-04 4.384515881538391113e-01 -1.139356405474245548e-03 9.999992847442626953e-01 -2.287808165419846773e-04 -3.397839376702904701e-03 -4.531624726951122284e-04 2.282588829984888434e-04 9.999998807907104492e-01 9.925523772835731506e-03 5.597475051879882812e+01
1.040384000000000000e+08 9.999997311174511072e-01 6.116482729332654075e-04 -4.045385337712828922e-04 4.254115588546387161e-01 -6.116079999932829640e-04 9.999998080008563051e-01 9.966901074450268340e-05 -2.990783623932415178e-03 4.045994184774393942e-04 -9.942156494606704180e-05 9.999999132073292829e-01 6.196637793389209864e-03 9.999995231628417969e-01 9.752513724379241467e-04 3.461597661953419447e-04 4.222915768623352051e-01 -9.750224417075514793e-04 9.999993443489074707e-01 -6.618807674385607243e-04 -3.736834740266203880e-03 -3.468049690127372742e-04 6.615439197048544884e-04 9.999997019767761230e-01 9.658726863563060760e-03 5.549961471557617188e+01
1.041423000000000000e+08 9.999993556311331799e-01 1.080401273402515402e-03 -3.485259896574853847e-04 4.047881501437931573e-01 -1.080361113780758855e-03 9.999994097517654890e-01 1.153947418053482540e-04 -3.743523781325731013e-03 3.486504565706242888e-04 -1.150181335101027152e-04 9.999999326068396144e-01 5.699178755153967192e-03 9.999989271163940430e-01 1.106339623220264912e-03 9.155928855761885643e-04 4.221780896186828613e-01 -1.105729024857282639e-03 9.999992251396179199e-01 -6.623248918913304806e-04 -8.926836890168488026e-04 -9.163254871964454651e-04 6.613058503717184067e-04 9.999993443489074707e-01 9.757054969668388367e-03 5.493254470825195312e+01
1.042510000000000000e+08 9.999996610638147709e-01 7.627418134017987638e-04 -3.099955153676961397e-04 3.909260745055143649e-01 -7.626949729481011676e-04 9.999996977188660985e-01 1.511905703791469567e-04 -3.861269041401694645e-03 3.101107410252719574e-04 -1.509540871272190866e-04 9.999999405220975079e-01 5.473053632461331863e-03 9.999985694885253906e-01 9.551392286084592342e-04 1.359078218229115009e-03 3.711633980274200439e-01 -9.563942439854145050e-04 9.999991059303283691e-01 9.248928399756550789e-04 1.022762851789593697e-03 -1.358193927444517612e-03 -9.261879022233188152e-04 9.999986290931701660e-01 8.627097122371196747e-03 5.488063812255859375e+01
1.043506000000000000e+08 9.999996608650348895e-01 7.710946726519665164e-04 -2.892798974277510150e-04 3.723708962185211524e-01 -7.710509710131841507e-04 9.999996913167727985e-01 1.511515593484260872e-04 -4.161683263353380124e-03 2.893963602875461948e-04 -1.509284585543483714e-04 9.999999467351751159e-01 5.205640765014677568e-03 9.999991655349731445e-01 9.594107978045940399e-04 8.407846908085048199e-04 3.696129024028778076e-01 -9.605794912204146385e-04 9.999985694885253906e-01 1.380752422846853733e-03 2.010358497500419617e-03 -8.394581964239478111e-04 -1.381552196107804775e-03 9.999986886978149414e-01 8.903742767870426178e-03 5.529481506347656250e+01
1.044552000000000000e+08 9.999995601497639885e-01 8.750187520536855789e-04 -3.377017944145173887e-04 3.463841238653862509e-01 -8.749750276431970345e-04 9.999996088108970005e-01 1.296024284292064286e-04 -4.250744796770807195e-03 3.378150668593112634e-04 -1.293068908000327894e-04 9.999999345803550765e-01 4.919450047489560586e-03 9.999995827674865723e-01 9.610711713321506977e-04 -8.464209531666710973e-05 3.424583971500396729e-01 -9.610230335965752602e-04 9.999993443489074707e-01 5.985244060866534710e-04 1.339516165899112821e-04 8.521629933966323733e-05 -5.984518211334943771e-04 9.999998211860656738e-01 8.547398261725902557e-03 5.474803161621093750e+01
1.045582000000000000e+08 9.999996923817583427e-01 6.832110844480011923e-04 -3.853038098805450944e-04 3.208862931548258079e-01 -6.831680392469428832e-04 9.999997603868135965e-01 1.118381135687469179e-04 -3.687623242577302545e-03 3.853801265926467385e-04 -1.115748519269226966e-04 9.999999195166050514e-01 4.648581860521374363e-03 9.999996423721313477e-01 7.340121665038168430e-04 -5.348488339222967625e-04 3.211951553821563721e-01 -7.346388301812112331e-04 9.999990463256835938e-01 -1.169193186797201633e-03 -2.088191220536828041e-03 5.339904455468058586e-04 1.169589930213987827e-03 9.999991655349731445e-01 1.369925588369369507e-02 5.477625656127929688e+01
1.046622000000000000e+08 9.999998226078328223e-01 4.262743935676384724e-04 -4.160221562629919079e-04 3.052992194619068012e-01 -4.262312320674086982e-04 9.999999037729995210e-01 1.038312247420926956e-04 -3.177218042786208486e-03 4.160663768240183157e-04 -1.036538846820813276e-04 9.999999080723143141e-01 4.485213240485456249e-03 9.999993443489074707e-01 6.151618435978889465e-04 -8.559295674785971642e-04 3.045074939727783203e-01 -6.158704054541885853e-04 9.999994635581970215e-01 -8.271078113466501236e-04 -3.524804720655083656e-03 8.554204832762479782e-04 8.276354637928307056e-04 9.999993443489074707e-01 1.041125878691673279e-02 5.461536026000976562e+01
1.047662000000000000e+08 9.999997769927095881e-01 5.058055708107127291e-04 -4.360908768340238258e-04 2.917592176980516872e-01 -5.057707559945577580e-04 9.999998689027247423e-01 7.994044046274807237e-05 -3.016070856662609375e-03 4.361312539840640616e-04 -7.971986062164008828e-05 9.999999017171311566e-01 4.347531968172464040e-03 9.999995827674865723e-01 7.138176588341593742e-04 -5.463166162371635437e-04 2.868742346763610840e-01 -7.141057285480201244e-04 9.999996423721313477e-01 -5.356891779229044914e-04 -1.381833804771304131e-03 5.459337844513356686e-04 5.360770737752318382e-04 9.999997019767761230e-01 1.075029931962490082e-02 5.476121520996093750e+01
1.048702000000000000e+08 9.999998488340982039e-01 2.622304594459470145e-04 -4.832876886689478190e-04 2.667733367218157459e-01 -2.622051985619131692e-04 9.999999642549283196e-01 5.233145720891469404e-05 -2.278803223873820775e-03 4.833013942948168485e-04 -5.220472876347786502e-05 9.999998818472163320e-01 4.161344190228697358e-03 9.999997019767761230e-01 5.917587550356984138e-04 -5.345168756321072578e-04 2.757911086082458496e-01 -5.914623616263270378e-04 9.999995827674865723e-01 5.518456455320119858e-04 -1.644809148274362087e-03 5.348433624021708965e-04 -5.515252705663442612e-04 9.999997019767761230e-01 8.992603980004787445e-03 5.480521774291992188e+01
1.049742000000000000e+08 9.999998346072236366e-01 3.288337062013870827e-04 -4.718622114073764981e-04 2.713589636190171794e-01 -3.288077390851848968e-04 9.999999444243109492e-01 5.510766703848414642e-05 -2.442731874081679067e-03 4.718803064401912986e-04 -5.495250599013022560e-05 9.999998871546023071e-01 4.198989706280771908e-03 9.999994039535522461e-01 4.976008203811943531e-04 -9.392346837557852268e-04 2.690865993499755859e-01 -4.975763149559497833e-04 9.999998807907104492e-01 2.040593062702100724e-05 -4.642525222152471542e-03 9.392455685883760452e-04 -1.993938712985254824e-05 9.999995231628417969e-01 7.438556756824254990e-03 5.474684906005859375e+01
1.050786000000000000e+08 9.999998580688010952e-01 7.795520175924888328e-05 -5.270534767866672052e-04 2.456011785594741648e-01 -7.794086306610712334e-05 9.999999965919869060e-01 2.722587082167449615e-05 -1.681270225176943831e-03 5.270555973886906134e-04 -2.718478795508560516e-05 9.999998607366842318e-01 3.993390903352318604e-03 9.999981522560119629e-01 3.651137812994420528e-04 -1.893136301077902317e-03 2.605431675910949707e-01 -3.659724316094070673e-04 9.999998211860656738e-01 -4.506282275542616844e-04 -4.956975579261779785e-03 1.892971340566873550e-03 4.513223248068243265e-04 9.999981522560119629e-01 6.093760486692190170e-03 5.465852737426757812e+01
1.051819000000000000e+08 9.999998420353606310e-01 2.043431192492760134e-04 -5.236154596502485886e-04 2.444098578045192927e-01 -2.043344978386842298e-04 9.999999789872745515e-01 1.651860047180593515e-05 -1.790838033734580342e-03 5.236188241099414215e-04 -1.641160516252353286e-05 9.999998627769863813e-01 3.988931022898793352e-03 9.999980926513671875e-01 4.384692001622170210e-04 -1.874683657661080360e-03 2.590916752815246582e-01 -4.392119299154728651e-04 9.999998211860656738e-01 -3.919485898222774267e-04 -7.655262481421232224e-03 1.874512410722672939e-03 3.927727520931512117e-04 9.999981522560119629e-01 4.612177610397338867e-03 5.441478347778320312e+01
1.052860000000000000e+08 9.999998422907010465e-01 1.947581015343678626e-04 -5.267711657737771808e-04 2.460746930183791703e-01 -1.947454172835784523e-04 9.999999807459726275e-01 2.413042920095984193e-05 -1.793642409746241517e-03 5.267758552278001966e-04 -2.402783912686492948e-05 9.999998609649236592e-01 3.984038032503055445e-03 9.999999403953552246e-01 2.860372478608042002e-04 -3.767689049709588289e-04 2.580931484699249268e-01 -2.860416716430336237e-04 1.000000000000000000e+00 -2.043170934484805912e-05 -6.228497717529535294e-03 3.767623566091060638e-04 2.053569733106996864e-05 9.999999403953552246e-01 4.303707741200923920e-03 5.426915359497070312e+01
1.053900000000000000e+08 9.999998452084764011e-01 -1.627467769995642884e-04 -5.320681492159150304e-04 2.483952287559936800e-01 1.627719705592529790e-04 9.999999856336531101e-01 4.730729051054447350e-05 -1.484234244453364743e-03 5.320604424631215868e-04 -4.739388896730736437e-05 9.999998573327448792e-01 4.012654573050417929e-03 9.999998807907104492e-01 8.415059710387140512e-05 5.467647570185363293e-04 2.562985122203826904e-01 -8.413511386606842279e-05 9.999999403953552246e-01 -3.219792415620759130e-05 -1.006721053272485733e-02 -5.467673763632774353e-04 3.214416574337519705e-05 9.999998807907104492e-01 3.716372186318039894e-03 5.515555191040039062e+01
1.054940000000000000e+08 9.999998561116971718e-01 -1.589091845038769925e-05 -5.362126912173562424e-04 2.432407077338394619e-01 1.590657686392409761e-05 9.999999994472399401e-01 2.919761704559961174e-05 -1.532785517953446459e-03 5.362122269439860596e-04 -2.920614215319342982e-05 9.999998558117072500e-01 3.965336710461804699e-03 9.999998807907104492e-01 1.207634995807893574e-04 5.051351618021726608e-04 2.530708312988281250e-01 -1.204287109430879354e-04 9.999998807907104492e-01 -6.491122767329216003e-04 -1.181587297469377518e-02 -5.052140913903713226e-04 6.490566884167492390e-04 9.999996423721313477e-01 4.292011260986328125e-03 5.433894348144531250e+01
1.055979000000000000e+08 9.999998298603511859e-01 -2.330915043948299074e-04 -5.347407110576504969e-04 2.479115323619121847e-01 2.331167311986827469e-04 9.999999717184341330e-01 4.711392602482735641e-05 -1.408616748365576878e-03 5.347297140787368513e-04 -4.723857501223758333e-05 9.999998559163183476e-01 4.012875437275656605e-03 1.000000000000000000e+00 1.254753442481160164e-04 2.488361787982285023e-04 2.527083754539489746e-01 -1.253404770977795124e-04 9.999998211860656738e-01 -5.559189012274146080e-04 -5.790357477962970734e-03 -2.489052130840718746e-04 5.558913107961416245e-04 9.999998211860656738e-01 3.950830083340406418e-03 5.448444747924804688e+01
1.057018000000000000e+08 9.999998560547866955e-01 -1.195146368814207783e-04 -5.230742405796086434e-04 2.510141956021610943e-01 1.195385948989964852e-04 9.999999918077561167e-01 4.577130378769955803e-05 -1.590432239703103851e-03 5.230687659537756797e-04 -4.583382475808017682e-05 9.999998621491555939e-01 4.041193814772505756e-03 9.999998807907104492e-01 2.419579141132999212e-05 3.405894094612449408e-04 2.512234151363372803e-01 -2.404739825578872114e-05 9.999998807907104492e-01 -4.235667583998292685e-04 -4.422684200108051300e-03 -3.405996831133961678e-04 4.235552041791379452e-04 9.999998211860656738e-01 5.239326041191816330e-03 5.459040069580078125e+01
1.058057000000000000e+08 9.999997515592286002e-01 -4.230592640441288360e-04 -5.638282918751563646e-04 2.342217075829756967e-01 4.230783274512276088e-04 9.999999099347914866e-01 3.369181803798102252e-05 -9.600576423874911287e-04 5.638139874581760223e-04 -3.393035319699248169e-05 9.999998404812474595e-01 3.904688304834420202e-03 1.000000000000000000e+00 -1.685252645984292030e-04 5.642581527354195714e-05 2.472628057003021240e-01 1.685051975073292851e-04 9.999999403953552246e-01 3.025893529411405325e-04 -3.132366808131337166e-03 -5.647661600960418582e-05 -3.025846090167760849e-04 1.000000000000000000e+00 4.435318056493997574e-03 5.488931274414062500e+01
1.059097000000000000e+08 9.999998392707186712e-01 -2.076068719938234657e-04 -5.275963706476315867e-04 2.498068389110182641e-01 2.076322036706073910e-04 9.999999772943991561e-01 4.795904596016855882e-05 -1.478519685045809546e-03 5.275864020409360517e-04 -4.806858424649460270e-05 9.999998596709929188e-01 4.029101799745195625e-03 1.000000000000000000e+00 -8.568959310650825500e-05 6.204385135788470507e-05 2.487948536872863770e-01 8.571020589442923665e-05 9.999999403953552246e-01 -3.544277569744735956e-04 -3.869623178616166115e-03 -6.201544601935893297e-05 3.544400387909263372e-04 9.999998211860656738e-01 9.583283099345862865e-04 5.445324707031250000e+01
1.060137000000000000e+08 9.999992643309936202e-01 -1.069392362392589200e-03 -5.724835926833337675e-04 2.395619726128700999e-01 1.069435520742934975e-03 9.999994253346373707e-01 7.508711791912903199e-05 -4.240740323922905430e-04 5.724029661073630135e-04 -7.569929696180344961e-05 9.999998333122184224e-01 3.969460170139890200e-03 9.999995231628417969e-01 -9.296992793679237366e-04 -1.899250346468761563e-04 2.471547871828079224e-01 9.295209893025457859e-04 9.999991059303283691e-01 -9.403818403370678425e-04 -3.351377323269844055e-03 1.908005360746756196e-04 9.402033756487071514e-04 9.999995827674865723e-01 4.729116335511207581e-03 5.460236740112304688e+01
1.061176000000000000e+08 9.999958991073666370e-01 -2.797358156081458744e-03 -6.136416239112814190e-04 2.397438086543194624e-01 2.797454561987344681e-03 9.999960749011568284e-01 1.563025575582284096e-04 1.254322900182211747e-03 6.132019810862689331e-04 -1.580185510868673329e-04 9.999997995067199108e-01 4.040341361720732605e-03 9.999962449073791504e-01 -2.751885913312435150e-03 1.445109082851558924e-04 2.463485300540924072e-01 2.752087311819195747e-03 9.999952316284179688e-01 -1.415075967088341713e-03 -3.792720381170511246e-03 -1.406158989993855357e-04 1.415468403138220310e-03 9.999990463256835938e-01 4.829318728297948837e-03 5.445222473144531250e+01
1.062215000000000000e+08 9.999903699445717997e-01 -4.329244568601640919e-03 -7.194855912038095004e-04 2.328341419239889354e-01 4.329384187444855134e-03 9.999906096229164154e-01 1.926096557165898838e-04 2.945692351455293442e-03 7.186449806539735525e-04 -1.957227304275322409e-04 9.999997226209628165e-01 3.947513929954216648e-03 9.999900460243225098e-01 -4.444665275514125824e-03 -8.106653694994747639e-05 2.450557798147201538e-01 4.444648977369070053e-03 9.999900460243225098e-01 -2.820322988554835320e-04 -1.262163510546088219e-03 8.231976244132965803e-05 2.816641645040363073e-04 9.999999403953552246e-01 5.466010887175798416e-03 5.466511917114257812e+01
1.063255000000000000e+08 9.999835944535516719e-01 -5.673088243164398949e-03 -7.917659010432291167e-04 2.315575777088967058e-01 5.673272581928575677e-03 9.999838802320255571e-01 2.307683263251373868e-04 4.303054588133686451e-03 7.904439688696459103e-04 -2.352564442630721703e-04 9.999996599263077934e-01 3.925567114227020669e-03 9.999814629554748535e-01 -6.084812339395284653e-03 4.117934076930396259e-05 2.435104995965957642e-01 6.084789056330919266e-03 9.999813437461853027e-01 4.039091290906071663e-04 -2.416076837107539177e-03 -4.363691914477385581e-05 -4.036457976326346397e-04 9.999998807907104492e-01 3.234189236536622047e-03 5.455791854858398438e+01
1.064293000000000000e+08 9.999777969325444049e-01 -6.616804793392632410e-03 -7.896424651628767633e-04 2.471428320137137036e-01 6.617034025341902125e-03 9.999780657058296995e-01 2.880397698049199750e-04 4.958569659934034847e-03 7.877192419382495836e-04 -2.932584656203561448e-04 9.999996467488634355e-01 4.049123175112707279e-03 9.999712109565734863e-01 -7.569625508040189743e-03 -4.920621286146342754e-04 2.413041144609451294e-01 7.569755893200635910e-03 9.999713897705078125e-01 2.641039027366787195e-04 -3.000190947204828262e-03 4.900483181700110435e-04 -2.678189775906503201e-04 9.999998211860656738e-01 3.008952829986810684e-03 5.555289459228515625e+01
1.065332000000000000e+08 9.999748182967427290e-01 -7.047921211054551834e-03 -8.304081631422609126e-04 2.375609948597154075e-01 7.048154895101380220e-03 9.999751225761785989e-01 2.788190544191700994e-04 5.535809299725935086e-03 8.284224099482221694e-04 -2.846648787892241809e-04 9.999996163410254102e-01 3.953481647271120392e-03 9.999708533287048340e-01 -7.644799072295427322e-03 -3.304140409454703331e-05 2.420129030942916870e-01 7.644821424037218094e-03 9.999698996543884277e-01 1.271350658498704433e-03 -2.370829926803708076e-03 2.332033545826561749e-05 -1.271570101380348206e-03 9.999991655349731445e-01 2.330845920369029045e-03 5.471753692626953125e+01
1.066377000000000000e+08 9.999852324388432967e-01 -5.380100566722836701e-03 -7.677395819038807965e-04 2.349767158880231299e-01 5.380277517728790544e-03 9.999855000728008481e-01 2.286042181207329372e-04 3.951942388747263502e-03 7.664985361339357551e-04 -2.327314939346859768e-04 9.999996791579924826e-01 3.965015719218077141e-03 9.999834299087524414e-01 -5.751729477196931839e-03 -1.901042924146167934e-05 2.371867895126342773e-01 5.751752294600009918e-03 9.999812841415405273e-01 2.082162071019411087e-03 3.920517337974160910e-04 7.033764632069505751e-06 -2.082232618704438210e-03 9.999978542327880859e-01 4.570093471556901932e-03 5.464928054809570312e+01
1.067410000000000000e+08 9.999910803926873593e-01 -4.162757369339109212e-03 -7.145538343909808290e-04 2.320142989758057772e-01 4.162891389985235238e-03 9.999913178001114122e-01 1.861737808463878282e-04 2.795717589254390588e-03 7.137726342587707171e-04 -1.891467300821965023e-04 9.999997273760491412e-01 3.941012147942909473e-03 9.999888539314270020e-01 -4.705355502665042877e-03 -3.505802305880934000e-04 2.354110479354858398e-01 4.705885425209999084e-03 9.999879002571105957e-01 1.443003537133336067e-03 -1.533571747131645679e-03 3.437877458054572344e-04 -1.444641849957406521e-03 9.999989867210388184e-01 6.935261189937591553e-03 5.470835113525390625e+01
1.068450000000000000e+08 9.999891960332735197e-01 -4.593387383208694802e-03 -7.131690880290070863e-04 2.399647343139739153e-01 4.593544075620677875e-03 9.999894258087455023e-01 2.182305454952546825e-04 3.081130957582214544e-03 7.121591294585174429e-04 -2.215041612163726886e-04 9.999997218826155443e-01 4.011783659727218704e-03 9.999878406524658203e-01 -4.908964503556489944e-03 -3.974664141424000263e-04 2.380357384681701660e-01 4.908586386591196060e-03 9.999874234199523926e-01 -9.699870133772492409e-04 -3.743905806913971901e-03 4.022228531539440155e-04 9.680303046479821205e-04 9.999994039535522461e-01 3.577058669179677963e-03 5.522639846801757812e+01
1.069494000000000000e+08 9.999886977998461157e-01 -4.693948379811293398e-03 -7.557264546801765060e-04 2.266265663556111809e-01 4.694093079857301204e-03 9.999889646705781843e-01 1.898117242861263165e-04 3.418469714854528805e-03 7.548271486057772216e-04 -1.933570291135372227e-04 9.999996964244888265e-01 3.883909767134448906e-03 9.999874234199523926e-01 -4.998791497200727463e-03 -1.949860597960650921e-04 2.354261875152587891e-01 4.998560529202222824e-03 9.999868869781494141e-01 -1.184018910862505436e-03 -3.594812238588929176e-03 2.009034942602738738e-04 1.183032873086631298e-03 9.999993443489074707e-01 2.119854791089892387e-03 5.480889511108398438e+01
1.070529000000000000e+08 9.999908946586700820e-01 -4.208323555127424856e-03 -7.075402449812669267e-04 2.358499723840032647e-01 4.208462797351686033e-03 9.999911252860622657e-01 1.954240867861305056e-04 2.775525231907471132e-03 7.067115580031950320e-04 -1.983999640852816956e-04 9.999997305980864448e-01 3.977803801183500861e-03 9.999918341636657715e-01 -4.044797271490097046e-03 -1.575722853885963559e-04 2.354857623577117920e-01 4.044951405376195908e-03 9.999912381172180176e-01 9.816129459068179131e-04 -2.950570487882941961e-04 1.536006020614877343e-04 -9.822489228099584579e-04 9.999994635581970215e-01 1.620751689188182354e-03 5.487942504882812500e+01
1.071568000000000000e+08 9.999974704365882650e-01 -2.160096635698232573e-03 -6.269790493541585116e-04 2.254625141881576866e-01 2.160163463003945180e-03 9.999976612336385351e-01 1.059285693061144234e-04 9.126493501366803604e-04 6.267487670404076408e-04 -1.072826786467109920e-04 9.999997978381757191e-01 3.891481047898130794e-03 9.999972581863403320e-01 -2.327597467228770256e-03 -1.787764776963740587e-04 2.328832298517227173e-01 2.328005619347095490e-03 9.999939203262329102e-01 2.621391788125038147e-03 4.604838788509368896e-03 1.726725749904289842e-04 -2.621803432703018188e-03 9.999965429306030273e-01 2.941329497843980789e-03 5.524047851562500000e+01
1.072607000000000000e+08 9.999996034945318746e-01 -6.590952436100639290e-04 -5.988357096031073209e-04 2.210629127053297116e-01 6.591115313029751246e-04 9.999997824214085229e-01 2.700199017720452652e-05 -4.609697306767985637e-04 5.988177824252665813e-04 -2.739667900810318203e-05 9.999998203333193558e-01 3.797203307144105585e-03 9.999998211860656738e-01 -5.716763553209602833e-04 -2.190626983065158129e-04 2.310395985841751099e-01 5.722168716602027416e-04 9.999971389770507812e-01 2.297841478139162064e-03 5.703411065042018890e-03 2.177494316129013896e-04 -2.297962550073862076e-03 9.999973177909851074e-01 6.002917885780334473e-03 5.683113479614257812e+01
1.073647000000000000e+08 9.999998269399380524e-01 6.707681412389970323e-05 -5.844833476907674609e-04 2.224670563886332886e-01 -6.707950281676500334e-05 9.999999977396795137e-01 -4.580516485574976127e-06 -1.190558838649417688e-03 5.844830391231847343e-04 4.619722546519300913e-06 9.999998291790973548e-01 3.782585022020893122e-03 9.999996423721313477e-01 7.447887910529971123e-04 -2.582388697192072868e-04 2.302100956439971924e-01 -7.447460084222257137e-04 9.999997019767761230e-01 6.566060619661584496e-05 -1.142166671343147755e-03 2.582895685918629169e-04 -6.547736848006024957e-05 1.000000000000000000e+00 4.031668417155742645e-03 5.504486465454101562e+01
1.074688000000000000e+08 9.999995946403347213e-01 6.856364903882286067e-04 -5.836281667410008790e-04 2.200740942099004838e-01 -6.856491895833017290e-04 9.999997647101858123e-01 -2.155924886447670294e-05 -1.774652455460085923e-03 5.836132476127581757e-04 2.195940427132219959e-05 9.999998294566806445e-01 3.719367305375509501e-03 9.999991655349731445e-01 1.324807060882449150e-03 1.382917980663478374e-04 2.287639379501342773e-01 -1.324821612797677517e-03 9.999990463256835938e-01 -4.693090450018644333e-04 -3.039514645934104919e-03 -1.389187818858772516e-04 4.691343638114631176e-04 9.999998211860656738e-01 2.684219973161816597e-03 5.627737426757812500e+01
1.075728000000000000e+08 9.999992432918110019e-01 1.075536506033972738e-03 -5.971909752856531745e-04 2.196160807032748463e-01 -1.075544086802561992e-03 9.999994215257573815e-01 -1.237303676743663449e-05 -2.163105555979384295e-03 5.971773221736057782e-04 1.301533261348044912e-05 9.999998216049112987e-01 3.646584742522833173e-03 9.999985098838806152e-01 1.716198516078293324e-03 2.473319182172417641e-04 2.276427000761032104e-01 -1.715919584967195988e-03 9.999982118606567383e-01 -8.109344635158777237e-04 -4.424456041306257248e-03 -2.487194724380970001e-04 8.105073357000946999e-04 9.999996423721313477e-01 3.562050638720393181e-03 5.519798278808593750e+01
1.076768000000000000e+08 9.999989150552052175e-01 1.330279304041580724e-03 -6.326494047857503765e-04 2.124668112621260485e-01 -1.330277139316335747e-03 9.999991151735451167e-01 3.842469538182164058e-06 -2.321734873360264528e-03 6.326539565587672564e-04 -3.000866283840745124e-06 9.999997998699522439e-01 3.502796334569227218e-03 9.999973773956298828e-01 2.238348359242081642e-03 4.665350716095417738e-04 2.309539169073104858e-01 -2.238470595329999924e-03 9.999974370002746582e-01 1.779801677912473679e-04 -1.119109569117426872e-03 -4.661374259740114212e-04 -1.790200185496360064e-04 9.999998807907104492e-01 8.093141950666904449e-03 5.564352035522460938e+01
1.077809000000000000e+08 9.999983130344385351e-01 1.727570985595980801e-03 -6.240407016710852435e-04 2.167235766742641179e-01 -1.727567063463274514e-03 9.999985077316368987e-01 6.824041035863025036e-06 -2.825952441213558809e-03 6.240515594500888269e-04 -5.745957371206114637e-06 9.999998052633003454e-01 3.496547579407081798e-03 9.999968409538269043e-01 2.513840794563293457e-03 2.021537220571190119e-04 2.271469980478286743e-01 -2.513884799554944038e-03 9.999968409538269043e-01 -1.463805674575269222e-04 -4.494099121075123549e-04 -2.025225403485819697e-04 1.458731421735137701e-04 9.999998807907104492e-01 7.849140092730522156e-03 5.563324737548828125e+01
1.078850000000000000e+08 9.999983108306713664e-01 1.734151578048954154e-03 -6.091421365204539211e-04 2.208360285330465134e-01 -1.734151847374303937e-03 9.999984963575662134e-01 8.603387716727510233e-08 -2.883147557561131780e-03 6.091413697842808879e-04 9.703112188289222007e-07 9.999998144729097538e-01 3.550134934380964023e-03 9.999966621398925781e-01 2.494707703590393066e-03 -6.339992396533489227e-04 2.254008501768112183e-01 -2.494847401976585388e-03 9.999968409538269043e-01 -2.366241969866678119e-04 3.859214193653315306e-04 6.334068020805716515e-04 2.381945523666217923e-04 9.999998211860656738e-01 8.869392797350883484e-03 5.624502563476562500e+01
1.079890000000000000e+08 9.999976563899218851e-01 2.070844425502991418e-03 -6.315203355645756904e-04 2.181171944796479467e-01 -2.070837261772086931e-03 9.999978557422076753e-01 1.199730414617416850e-05 -3.197561569688203535e-03 6.315438259730629840e-04 -1.068950016022732040e-05 9.999998005190412487e-01 3.449232994724499377e-03 9.999963045120239258e-01 2.704462269321084023e-03 -9.666576079325750470e-05 2.243596464395523071e-01 -2.704426879063248634e-03 9.999963641166687012e-01 -1.700621796771883965e-04 -6.912908283993601799e-04 9.620722266845405102e-05 1.703292218735441566e-04 1.000000000000000000e+00 7.933724671602249146e-03 5.567740631103515625e+01
1.080930000000000000e+08 9.999971953268680380e-01 2.281673725434822143e-03 -6.350616118101719927e-04 2.182271464353147117e-01 -2.281663190182238628e-03 9.999973968532059887e-01 1.731334391142478495e-05 -3.426293989807813797e-03 6.350994620545391328e-04 -1.586429860926306495e-05 9.999997981984726225e-01 3.412039705517500715e-03 9.999949336051940918e-01 3.185721812769770622e-03 2.541842404752969742e-04 2.248415499925613403e-01 -3.185842186212539673e-03 9.999948740005493164e-01 2.232083352282643318e-04 -1.263363170437514782e-03 -2.534736995585262775e-04 -2.240218891529366374e-04 9.999999403953552246e-01 8.087589405477046967e-03 5.567132949829101562e+01
1.081971000000000000e+08 9.999955104008666495e-01 2.926592913990744629e-03 -6.436084573928387139e-04 2.210682592008013925e-01 -2.926576108638672888e-03 9.999957172009947826e-01 2.705137863807991047e-05 -4.142274259652505702e-03 6.436848693217421405e-04 -2.516768801582649226e-05 9.999997925181626224e-01 3.331446000596377174e-03 9.999926090240478516e-01 3.829799592494964600e-03 1.155874924734234810e-04 2.238731235265731812e-01 -3.829647554084658623e-03 9.999926686286926270e-01 -2.698889002203941345e-04 -3.581772092729806900e-03 -1.166163492598570883e-04 2.694533905014395714e-04 1.000000000000000000e+00 7.059454917907714844e-03 5.585155105590820312e+01
1.083011000000000000e+08 9.999943373153522552e-01 3.302864599905872348e-03 -6.453079349825136327e-04 2.226918234061443513e-01 -3.302843841653357003e-03 9.999945450440900219e-01 3.323100970755343326e-05 -4.577670872579949098e-03 6.454141723848875849e-04 -3.109947012908851970e-05 9.999997912366566100e-01 3.285865208238513899e-03 9.999912381172180176e-01 4.182917997241020203e-03 6.466251215897500515e-05 2.238603830337524414e-01 -4.182954318821430206e-03 9.999911785125732422e-01 -2.541551657486706972e-05 -5.657022818922996521e-03 -6.476993439719080925e-05 2.514415245968848467e-05 9.999999403953552246e-01 4.911253228783607483e-03 5.584246444702148438e+01
1.084051000000000000e+08 9.999948111973542275e-01 3.151054651964745133e-03 -6.696511477972919317e-04 2.156119304194183961e-01 -3.151028001493226278e-03 9.999950346644866928e-01 4.084886546001506786e-05 -4.307685273956653703e-03 6.697765397656879486e-04 -3.873856392669502123e-05 9.999997749493236832e-01 3.213348170699746424e-03 9.999917149543762207e-01 3.988669253885746002e-03 -7.297522388398647308e-04 2.275327742099761963e-01 -3.988717682659626007e-03 9.999920725822448730e-01 -6.158580072224140167e-05 -5.652317777276039124e-03 7.295024115592241287e-04 6.448463682318106294e-05 9.999998211860656738e-01 3.945514094084501266e-03 5.638326263427734375e+01
1.085091000000000000e+08 9.999939301970437455e-01 3.432175810244137391e-03 -5.997812059703423130e-04 2.351166942882165212e-01 -3.432164828871825911e-03 9.999941099176022918e-01 1.933728064023962858e-05 -4.938397989824049733e-03 5.998440421605179002e-04 -1.727861517391816331e-05 9.999998199442594604e-01 3.444842695202286840e-03 9.999898076057434082e-01 4.143134225159883499e-03 -1.817086362279951572e-03 2.354867309331893921e-01 -4.143118392676115036e-03 9.999914765357971191e-01 1.130038435803726315e-05 -5.749121773988008499e-03 1.817116281017661095e-03 -3.758682169063831680e-06 9.999982714653015137e-01 3.951647318899631500e-03 5.662089538574218750e+01
1.086130000000000000e+08 9.999920668344640662e-01 3.942343135806949950e-03 -5.693849798153024968e-04 2.462086611395317981e-01 -3.942337481348354156e-03 9.999922288965681361e-01 1.105283520015128270e-05 -5.644607933288805883e-03 5.694241291334339958e-04 -8.808039842352793133e-06 9.999998378392819243e-01 3.547077256751350691e-03 9.999884963035583496e-01 4.563456866890192032e-03 -1.458836137317121029e-03 2.469817996025085449e-01 -4.564198199659585953e-03 9.999893903732299805e-01 -5.037813680246472359e-04 -9.318605996668338776e-03 1.456522499211132526e-03 5.104253650642931461e-04 9.999988079071044922e-01 7.987673743627965450e-04 5.597708892822265625e+01
1.087170000000000000e+08 9.999918545997754649e-01 4.002586967939635379e-03 -5.196460192303541982e-04 2.597212303641236453e-01 -4.002593514834918223e-03 9.999919895238409406e-01 -1.155940112276248325e-05 -5.914247159703540403e-03 5.195955891110046361e-04 1.363923871257249817e-05 9.999998649171909504e-01 3.763462067896841332e-03 9.999893903732299805e-01 4.587483126670122147e-03 -2.913096686825156212e-04 2.590273916721343994e-01 -4.587563220411539078e-03 9.999894499778747559e-01 -2.834270999301224947e-04 -8.215224370360374451e-03 2.900089602917432785e-04 2.847651485353708267e-04 9.999999403953552246e-01 1.232446520589292049e-03 5.588627243041992188e+01
1.088210000000000000e+08 9.999906007101119210e-01 4.310156324461585954e-03 -4.701528700222940027e-04 2.739797778787083082e-01 -4.310170533191735008e-03 9.999907107450753951e-01 -2.921247418184527925e-05 -6.461690372468861278e-03 4.700225923209248456e-04 3.123863866980665127e-05 9.999998890514479877e-01 3.960022472093615610e-03 9.999883174896240234e-01 4.831550177186727524e-03 4.113233881071209908e-04 2.705426216125488281e-01 -4.831361584365367889e-03 9.999882578849792480e-01 -4.731332010123878717e-04 -9.784440509974956512e-03 -4.136070783715695143e-04 4.711362125817686319e-04 9.999997615814208984e-01 7.268541230587288737e-05 5.610867309570312500e+01
1.089250000000000000e+08 9.999886577589571779e-01 4.737221580663324508e-03 -4.930354783494319626e-04 2.723196241601568701e-01 -4.737233135209581794e-03 9.999887789996019238e-01 -2.227034625236287707e-05 -6.856466671110587538e-03 4.929244464276194256e-04 2.460571778018743851e-05 9.999998782100107952e-01 3.868393034216270360e-03 9.999881982803344727e-01 4.843736998736858368e-03 2.521413262002170086e-04 2.815752327442169189e-01 -4.843519534915685654e-03 9.999879002571105957e-01 -8.166045299731194973e-04 -9.540200233459472656e-03 -2.560922876000404358e-04 8.153764647431671619e-04 9.999996423721313477e-01 1.781050697900354862e-03 5.625571060180664062e+01
1.090288000000000000e+08 9.999898351667041441e-01 4.490159982113506483e-03 -4.099094392566802049e-04 2.958275070130398365e-01 -4.490192180516793842e-03 9.999899160200087511e-01 -7.766356985248605875e-05 -6.895511648989880067e-03 4.095565838698455858e-04 7.950335265144561686e-05 9.999999129713033064e-01 4.255972903565420629e-03 9.999872446060180664e-01 4.978803452104330063e-03 8.748925756663084030e-04 2.927934527397155762e-01 -4.977140109986066818e-03 9.999858736991882324e-01 -1.901915413327515125e-03 -1.305241789668798447e-02 -8.843498071655631065e-04 1.897537149488925934e-03 9.999977946281433105e-01 2.835624385625123978e-03 5.599808120727539062e+01
1.091328000000000000e+08 9.999880633603833724e-01 4.868493828264264245e-03 -4.134063723497016958e-04 2.997605580033101402e-01 -4.868530458739670636e-03 9.999881447944847235e-01 -8.764639232705603606e-05 -7.309130199700035642e-03 4.129747654163247027e-04 8.965802761950557428e-05 9.999999107066375181e-01 4.247715868979079663e-03 9.999850392341613770e-01 5.273062735795974731e-03 1.477151759900152683e-03 3.016636967658996582e-01 -5.270439200103282928e-03 9.999845027923583984e-01 -1.779000856913626194e-03 -9.736970998346805573e-03 -1.486510853283107281e-03 1.771190087310969830e-03 9.999973177909851074e-01 3.964128438383340836e-03 5.707801437377929688e+01
1.092368000000000000e+08 9.999898481130689021e-01 4.490199213896094686e-03 -3.765379919009184196e-04 3.061294317247302832e-01 -4.490238234140576414e-03 9.999899135401296713e-01 -1.028476987739317702e-04 -7.007347265915386640e-03 3.760723872873360718e-04 1.045374000435892706e-04 9.999999238207392116e-01 4.409594099301142149e-03 9.999873042106628418e-01 4.842826630920171738e-03 1.382473157718777657e-03 3.092903196811676025e-01 -4.841315560042858124e-03 9.999876618385314941e-01 -1.088695717044174671e-03 -5.088354926556348801e-03 -1.387728145346045494e-03 1.081984257325530052e-03 9.999984502792358398e-01 3.124374663457274437e-03 5.661372756958007812e+01
1.093407000000000000e+08 9.999904622268596111e-01 4.355479500459907664e-03 -3.244283193007239680e-04 3.192539257117624207e-01 -4.355524437560332092e-03 9.999905051454980320e-01 -1.379341387667902248e-04 -6.965770286715973481e-03 3.238244695904394588e-04 1.393458786476988169e-04 9.999999378602179023e-01 4.597200938174922369e-03 9.999887943267822266e-01 4.686012864112854004e-03 6.394111551344394684e-04 3.170076906681060791e-01 -4.685463383793830872e-03 9.999886751174926758e-01 -8.647738141007721424e-04 -6.694037001579999924e-03 -6.434575188905000687e-04 8.617708808742463589e-04 9.999993443489074707e-01 2.848165575414896011e-03 5.672035217285156250e+01
1.094447000000000000e+08 9.999923679232394225e-01 3.893869924414288929e-03 -3.191744831334808442e-04 3.229295025079740866e-01 -3.893904905344719881e-03 9.999924127775828842e-01 -1.090500916158286467e-04 -6.628131771650189706e-03 3.187474346155483329e-04 1.102920944172881905e-04 9.999999431178620002e-01 4.653138324565681862e-03 9.999907016754150391e-01 4.250224214047193527e-03 7.696691900491714478e-04 3.246772289276123047e-01 -4.250301048159599304e-03 9.999908804893493652e-01 9.260174556402489543e-05 -8.132859133183956146e-03 -7.692690705880522728e-04 -9.586937085259705782e-05 9.999997019767761230e-01 2.710444678086787462e-04 5.751052856445312500e+01
1.095486000000000000e+08 9.999923308036827718e-01 3.906012657572968238e-03 -2.853056233358843398e-04 3.368664165726015791e-01 -3.906047293321432846e-03 9.999923640547410120e-01 -1.209426025172468240e-04 -6.605089015036127477e-03 2.848310414326880478e-04 1.220560922162126509e-04 9.999999519867940334e-01 4.813980694264463449e-03 9.999904632568359375e-01 4.230956546962261200e-03 1.020754687488079071e-03 3.343733251094818115e-01 -4.230995196849107742e-03 9.999910593032836914e-01 3.704571281559765339e-05 -7.438086904585361481e-03 -1.020587864331901073e-03 -4.136858478887006640e-05 9.999995231628417969e-01 2.225538017228245735e-03 5.692659378051757812e+01
1.096526000000000000e+08 9.999928837863514275e-01 3.762586494026121716e-03 -2.744451948476607983e-04 3.437937873636088826e-01 -3.762616820767801257e-03 9.999929152748997518e-01 -1.100695125932713020e-04 -6.479854198801148456e-03 2.740291044359259055e-04 1.111013613757060714e-04 9.999999562822696753e-01 4.888406722269365498e-03 9.999907612800598145e-01 4.157417919486761093e-03 1.080910675227642059e-03 3.408375382423400879e-01 -4.156349692493677139e-03 9.999909400939941406e-01 -9.883582824841141701e-04 -6.879941560328006744e-03 -1.085010590031743050e-03 9.838599944487214088e-04 9.999989271163940430e-01 4.372174851596355438e-03 5.692601776123046875e+01
1.097565000000000000e+08 9.999940842113955730e-01 3.429018669061684784e-03 -2.708756953818592566e-04 3.465260895285965925e-01 -3.429041901375093782e-03 9.999941171764663572e-01 -8.534962505501993504e-05 -6.238971125164208265e-03 2.705814364217410751e-04 8.627796421790201529e-05 9.999999596709003846e-01 4.924476598444920902e-03 9.999938011169433594e-01 3.517583012580871582e-03 4.023317596875131130e-04 3.493800461292266846e-01 -3.516906173899769783e-03 9.999923706054687500e-01 -1.666880794800817966e-03 -8.584131486713886261e-03 -4.081925144419074059e-04 1.665454357862472534e-03 9.999985098838806152e-01 4.964414052665233612e-03 5.692777633666992188e+01
1.098605000000000000e+08 9.999973208537770164e-01 2.297685181781390119e-03 -2.809416762689732135e-04 3.572933505194103576e-01 -2.297680440169535231e-03 9.999973601809823975e-01 1.719915993577717268e-05 -5.367551682849472199e-03 2.809804528876178801e-04 -1.655359968061796041e-05 9.999999603879820009e-01 5.047417000920840016e-03 9.999951124191284180e-01 2.586307236924767494e-03 -1.720660948194563389e-03 3.559387624263763428e-01 -2.590572461485862732e-03 9.999935626983642578e-01 -2.481532515957951546e-03 -1.090722251683473587e-02 1.714233774691820145e-03 2.485977020114660263e-03 9.999955296516418457e-01 2.961786929517984390e-03 5.722000122070312500e+01
1.099644000000000000e+08 9.999987726528460907e-01 1.538377582304665701e-03 -2.967949857369119818e-04 3.586367784118026925e-01 -1.538352029604566186e-03 9.999988130115978757e-01 8.630454510816609032e-05 -4.801989242482224834e-03 2.969274024195720559e-04 -8.584786402273934824e-05 9.999999522321307843e-01 5.062279494894765183e-03 9.999960660934448242e-01 1.592866610735654831e-03 -2.315277699381113052e-03 3.652888238430023193e-01 -1.595845445990562439e-03 9.999979138374328613e-01 -1.287262770347297192e-03 -7.772678975015878677e-03 2.313222503289580345e-03 1.290953950956463814e-03 9.999964833259582520e-01 2.495198044925928116e-03 5.709052658081054688e+01
1.100682000000000000e+08 9.999994168423824714e-01 1.041709592287645182e-03 -2.848790743212188106e-04 3.738033165885978892e-01 -1.041673427099091241e-03 9.999994493849525545e-01 1.270681938502291736e-04 -4.346484599276543605e-03 2.850112856113614377e-04 -1.267713688047616288e-04 9.999999513487951575e-01 5.217209480886295624e-03 9.999965429306030273e-01 1.391715253703296185e-03 -2.236552303656935692e-03 3.762755393981933594e-01 -1.388752483762800694e-03 9.999981522560119629e-01 1.326558412984013557e-03 -3.086431184783577919e-03 2.238394459709525108e-03 -1.323449425399303436e-03 9.999966621398925781e-01 1.311987638473510742e-03 5.688476943969726562e+01
1.101721000000000000e+08 9.999968240317789192e-01 2.501105586426920040e-03 -3.104793791956866303e-04 3.918872990830460923e-01 -2.501098424119393461e-03 9.999968719735033984e-01 2.345467318504574879e-05 -4.900917991088608178e-03 3.105370706198776740e-04 -2.267805923754072383e-05 9.999999515262173455e-01 5.278383638527746509e-03 9.999967813491821289e-01 2.516318578273057938e-03 6.205133104231208563e-05 3.876050710678100586e-01 -2.516508102416992188e-03 9.999910593032836914e-01 3.383941715583205223e-03 6.436183466576039791e-04 -5.353585220291279256e-05 -3.384085837751626968e-03 9.999942183494567871e-01 -2.089541521854698658e-04 5.696835327148437500e+01
1.102760000000000000e+08 9.999904090028823855e-01 4.366723089734723430e-03 -3.370939280858571414e-04 4.038865968204176093e-01 -4.366769332427471347e-03 9.999904562923518370e-01 -1.365665378516479238e-04 -5.765675621932486901e-03 3.364943627249292559e-04 1.380372394228539994e-04 9.999999338586320619e-01 5.287942598252202454e-03 9.999853372573852539e-01 5.292772781103849411e-03 1.244816696271300316e-03 4.007709324359893799e-01 -5.298986099660396576e-03 9.999732971191406250e-01 5.039638374000787735e-03 -1.906461268663406372e-02 -1.218110905028879642e-03 -5.046157166361808777e-03 9.999865889549255371e-01 -1.326236966997385025e-02 5.692492675781250000e+01
1.103800000000000000e+08 9.999735859237738334e-01 7.255646043672407848e-03 -4.278490674865270574e-04 4.100164294484215377e-01 -7.255758431804699808e-03 9.999736423892696680e-01 -2.617172214282499913e-04 -7.537274796183993791e-03 4.259388628701968435e-04 2.648146779127963086e-04 9.999998742246268835e-01 4.960894343838878791e-03 9.999685287475585938e-01 7.870750501751899719e-03 1.007738057523965836e-03 4.080320596694946289e-01 -7.868798449635505676e-03 9.999671578407287598e-01 -1.924818614497780800e-03 -4.490068927407264709e-02 -1.022855285555124283e-03 1.916826586239039898e-03 9.999976158142089844e-01 -2.284753695130348206e-02 5.727334213256835938e+01
1.104840000000000000e+08 9.999796797267207493e-01 6.364519545153752775e-03 -3.647246331798259262e-04 4.139205351187623116e-01 -6.364619292163033529e-03 9.999797083452139912e-01 -2.729808437256214110e-04 -6.820929006700039710e-03 3.629798403746766758e-04 2.752966301480731142e-04 9.999998962286936743e-01 5.249056394933174913e-03 9.999689459800720215e-01 7.877934724092483521e-03 1.855072187026962638e-04 4.025025069713592529e-01 -7.876107469201087952e-03 9.999337196350097656e-01 -8.396460674703121185e-03 -4.433039575815200806e-02 -2.516421081963926554e-04 8.394738659262657166e-03 9.999647140502929688e-01 -8.808981627225875854e-03 5.785375976562500000e+01
1.105878000000000000e+08 9.999949380614034933e-01 3.163740043733572274e-03 -3.385273815990860768e-04 4.026178263466598239e-01 -3.163752602989703885e-03 9.999949946536421663e-01 -3.657060093211869276e-05 -5.072821915621942776e-03 3.384099872809748200e-04 3.764143266880211358e-05 9.999999420309014786e-01 5.387092838768777099e-03 9.999899864196777344e-01 3.710662946105003357e-03 -2.484287833794951439e-03 3.976321220397949219e-01 -3.732095239683985710e-03 9.999553561210632324e-01 -8.678995072841644287e-03 -4.852667823433876038e-02 2.451973967254161835e-03 8.688182570040225983e-03 9.999592900276184082e-01 -5.824875552207231522e-03 5.719567871093750000e+01
1.106917000000000000e+08 9.999927229556121455e-01 -3.785027687424276626e-03 -4.770749745783233907e-04 3.878952231900898995e-01 3.785119357822168146e-03 9.999928180936233924e-01 1.913947100277368051e-04 -2.725412380623305417e-05 4.763471139591081123e-04 -1.931991030474465164e-04 9.999998678837517252e-01 5.546962450628642807e-03 9.999899268150329590e-01 -2.978580305352807045e-03 -3.369089448824524879e-03 3.908353447914123535e-01 2.966048428788781166e-03 9.999886751174926758e-01 -3.718661842867732048e-03 -2.205699868500232697e-02 3.380127483978867531e-03 3.708631033077836037e-03 9.999874234199523926e-01 2.084529260173439980e-03 5.713222503662109375e+01
1.107956000000000000e+08 9.999309011094033028e-01 -1.174363220965297418e-02 -5.292605013024943459e-04 3.770503944806518626e-01 1.174376765300047011e-02 9.999310074448719554e-01 2.535334320438603368e-04 7.890339930035066007e-03 5.262465830555290583e-04 -2.597314251785610029e-04 9.999998278020549858e-01 5.039625324840314204e-03 9.999349117279052734e-01 -1.120945252478122711e-02 -2.125509083271026611e-03 3.874817192554473877e-01 1.121696084737777710e-02 9.999307990074157715e-01 3.554497146978974342e-03 -7.696514483541250229e-03 2.085519488900899887e-03 -3.578107338398694992e-03 9.999914169311523438e-01 -4.174032714217901230e-03 5.710483169555664062e+01
1.108992000000000000e+08 9.998675409091269950e-01 -1.626918754385011517e-02 -4.627963652645487695e-04 3.831474275561168041e-01 1.626931232013694578e-02 9.998676102969580315e-01 2.671388287374210709e-04 1.238581452024476240e-02 4.583889642106096871e-04 -2.746328221666216444e-04 9.999998572281790787e-01 4.958169549125043297e-03 9.998555183410644531e-01 -1.657802611589431763e-02 -3.768549766391515732e-03 3.814043402671813965e-01 1.659686490893363953e-02 9.998496174812316895e-01 5.024745594710111618e-03 6.667250301688909531e-03 3.684686729684472084e-03 -5.086568184196949005e-03 9.999802708625793457e-01 -6.061343941837549210e-03 5.781673431396484375e+01
1.110029000000000000e+08 9.998500230923794696e-01 -1.731315719045406140e-02 -4.311844289616249392e-04 3.709783262056976505e-01 1.731329342402352159e-02 9.998500643236912788e-01 3.142490514790651033e-04 1.356776711668904872e-02 4.256791359863028269e-04 -3.216671436755848658e-04 9.999998576637554315e-01 4.740910389542735831e-03 9.998401999473571777e-01 -1.750545762479305267e-02 -3.613986540585756302e-03 3.783032894134521484e-01 1.753169298171997070e-02 9.998192787170410156e-01 7.358934264630079269e-03 8.079738356173038483e-03 3.484516404569149017e-03 -7.421118672937154770e-03 9.999664425849914551e-01 -6.710942368954420090e-03 5.747670364379882812e+01
1.111066000000000000e+08 9.998223964863800495e-01 -1.884168007288657479e-02 -4.081466377939639285e-04 3.693112607075454412e-01 1.884181579033510426e-02 9.998224223564213808e-01 3.312679804309704031e-04 1.511040573555080292e-02 4.018325149019281940e-04 -3.388993696791462178e-04 9.999998618389169813e-01 4.654305822473705535e-03 9.998189210891723633e-01 -1.891045458614826202e-02 -2.106411149725317955e-03 3.752753436565399170e-01 1.891170628368854523e-02 9.998209476470947266e-01 5.761371576227247715e-04 1.771854469552636147e-03 2.095127943903207779e-03 -6.158733158372342587e-04 9.999976158142089844e-01 -4.292757716029882431e-03 5.750684738159179688e+01
1.112102000000000000e+08 9.997408366831054272e-01 -2.276329959429037458e-02 -3.027939873347070335e-04 3.763714233347413285e-01 2.276342154034891735e-02 9.997407974924029661e-01 4.055779678265147414e-04 1.894199643458166493e-02 2.934832100226934457e-04 -4.123654837484725267e-04 9.999998719111544698e-01 4.526534763012033356e-03 9.997339844703674316e-01 -2.306681871414184570e-02 -1.395770668750628829e-04 3.735712468624114990e-01 2.306603081524372101e-02 9.997250437736511230e-01 -4.215900786221027374e-03 -4.488041624426841736e-03 2.367919805692508817e-04 4.211564082652330399e-03 9.999910593032836914e-01 -8.311239071190357208e-04 5.739977645874023438e+01
1.113140000000000000e+08 9.997070472085379800e-01 -2.420249333384237936e-02 -2.430919677493707321e-04 3.745636538477709609e-01 2.420260294544952437e-02 9.997069689379437518e-01 4.585665401542876585e-04 2.036217229774122187e-02 2.319222809198544016e-04 -4.643156600269553202e-04 9.999998653115063085e-01 4.395837709373356592e-03 9.996900558471679688e-01 -2.414589747786521912e-02 6.055166944861412048e-03 3.739606440067291260e-01 2.414846234023571014e-02 9.997083544731140137e-01 -3.447096969466656446e-04 4.181456286460161209e-03 -6.045076996088027954e-03 4.908269038423895836e-04 9.999815821647644043e-01 4.375937860459089279e-03 5.727174377441406250e+01
1.114177000000000000e+08 9.996538026446468717e-01 -2.631083695370228098e-02 -1.213820839338092006e-04 3.747313226057151780e-01 2.631089729265850136e-02 9.996536702354522630e-01 5.256283559525637460e-04 2.240516112097510476e-02 1.075103240684712960e-04 -5.286400562766708578e-04 9.999998544906034681e-01 4.220521278003337880e-03 9.996522665023803711e-01 -2.550111897289752960e-02 6.710550747811794281e-03 3.698181211948394775e-01 2.546774409711360931e-02 9.996630549430847168e-01 5.005931481719017029e-03 1.744092069566249847e-02 -6.835951935499906540e-03 -4.833295475691556931e-03 9.999650120735168457e-01 8.490069769322872162e-03 5.772438430786132812e+01
1.115213000000000000e+08 9.996476818328301484e-01 -2.654255462154856207e-02 -7.101151582698927837e-05 3.632587854455125442e-01 2.654259140784845719e-02 9.996475149971870700e-01 5.802099181677212569e-04 2.268868752790369550e-02 5.558623281204174587e-05 -5.818903292219299375e-04 9.999998291569033304e-01 4.013112314781306159e-03 9.996439218521118164e-01 -2.643462270498275757e-02 3.635877743363380432e-03 3.616249263286590576e-01 2.641724981367588043e-02 9.996398091316223145e-01 4.728351254016160965e-03 1.818117126822471619e-02 -3.759560873731970787e-03 -4.630611278116703033e-03 9.999822378158569336e-01 6.072332151234149933e-03 5.777679824829101562e+01
1.116251000000000000e+08 9.996441552355661564e-01 -2.667512900681352078e-02 2.005561407917877628e-05 3.354943209030189499e-01 2.667510895883799110e-02 9.996439201696626364e-01 6.866121568927978716e-04 2.299668017122432837e-02 -3.836394037798787995e-05 -6.858328438677657474e-04 9.999997640807334331e-01 3.520106152151248908e-03 9.996564984321594238e-01 -2.616375312209129333e-02 1.546996994875371456e-03 3.553029000759124756e-01 2.616026997566223145e-02 9.996551871299743652e-01 2.297237981110811234e-03 1.565154269337654114e-02 -1.606567762792110443e-03 -2.255974337458610535e-03 9.999961256980895996e-01 5.834001582115888596e-03 5.741724777221679688e+01
1.117287000000000000e+08 9.996833901387846000e-01 -2.516161053827199387e-02 -1.135426775832153981e-04 3.453577222150121528e-01 2.516167330624445933e-02 9.996832208049372115e-01 5.901641463626039041e-04 2.147958616234002180e-02 9.865723054173109212e-05 -5.928342180968493736e-04 9.999998194071700874e-01 3.831492442248289349e-03 9.996980428695678711e-01 -2.438518404960632324e-02 3.037186572328209877e-03 3.531458079814910889e-01 2.438381500542163849e-02 9.997025132179260254e-01 5.020523676648736000e-04 7.797677069902420044e-03 -3.048525191843509674e-03 -4.278431006241589785e-04 9.999952912330627441e-01 4.936794750392436981e-03 5.714515304565429688e+01
1.118325000000000000e+08 9.997515232749257796e-01 -2.228905545010705092e-02 -2.995562113988649148e-04 3.261015538364354649e-01 2.228920899856808024e-02 9.997514298006127120e-01 5.194142581208469056e-04 1.895706787258324283e-02 2.879044978568397520e-04 -5.259620665415635360e-04 9.999998202374424938e-01 3.653433158938467189e-03 9.997683167457580566e-01 -2.136424370110034943e-02 2.601643092930316925e-03 3.521535694599151611e-01 2.136744186282157898e-02 9.997709393501281738e-01 -1.249042456038296223e-03 6.279952824115753174e-03 -2.574365353211760521e-03 1.304344041272997856e-03 9.999957680702209473e-01 5.962801165878772736e-03 5.764419174194335938e+01
1.119364000000000000e+08 9.998903017776162860e-01 -1.480373917874068870e-02 -4.834417412473297738e-04 3.263189658027946805e-01 1.480392964414967150e-02 9.998903386721158526e-01 3.928050088180426273e-04 1.162045575747603157e-02 4.775737434458517182e-04 -3.999187563792282142e-04 9.999998059941338502e-01 4.170064134847204819e-03 9.998918175697326660e-01 -1.429980900138616562e-02 3.443457419052720070e-03 3.494898378849029541e-01 1.428536418825387955e-02 9.998892545700073242e-01 4.180673509836196899e-03 1.419605314731597900e-02 -3.502860199660062790e-03 -4.131034482270479202e-03 9.999853372573852539e-01 7.840291596949100494e-03 5.738963317871093750e+01
1.120402000000000000e+08 9.999675902640227099e-01 -8.027832838292007361e-03 -6.101822920979616156e-04 3.476055554799331593e-01 8.028013980222566820e-03 9.999677314637083203e-01 2.949979658540972981e-04 4.628630166223874839e-03 6.077944080858477087e-04 -2.998869569480329357e-04 9.999997703268622695e-01 4.713336693987510082e-03 9.999576210975646973e-01 -8.462941274046897888e-03 3.616480156779289246e-03 3.478126823902130127e-01 8.438639342784881592e-03 9.999421238899230957e-01 6.671983748674392700e-03 1.346332207322120667e-02 -3.672735998407006264e-03 -6.641184445470571518e-03 9.999712705612182617e-01 9.842046536505222321e-03 5.725577545166015625e+01
1.121442000000000000e+08 9.999969765839172853e-01 -2.416077192123724897e-03 -4.575957784116227423e-04 3.408301623050503659e-01 2.416194918644954358e-03 9.999970479993691708e-01 2.568940166635732148e-04 -8.802808681997098192e-04 4.569737518008045569e-04 -2.579988805843540841e-04 9.999998623057714253e-01 4.889970962832272672e-03 9.999933838844299316e-01 -2.219261135905981064e-03 2.917255274951457977e-03 3.439950048923492432e-01 2.207662211731076241e-03 9.999895691871643066e-01 3.985490184277296066e-03 2.657179487869143486e-03 -2.926067216321825981e-03 -3.979021217674016953e-03 9.999877214431762695e-01 5.218299571424722672e-03 5.720220947265625000e+01
1.122483000000000000e+08 9.999913256255980043e-01 4.154708186940746749e-03 -2.950835753366878715e-04 3.311241154510884965e-01 -4.154749129093971739e-03 9.999913594335854139e-01 -1.382704468564917668e-04 -6.794361034596926516e-03 2.945065523190185260e-04 1.394952456126797766e-04 9.999999469034848154e-01 4.745485514165554558e-03 9.999895691871643066e-01 4.553612787276506424e-03 1.706441544229164720e-04 3.386184573173522949e-01 -4.553745035082101822e-03 9.999884963035583496e-01 1.527690095826983452e-03 -4.864338319748640060e-03 -1.636836532270535827e-04 -1.528458553366363049e-03 9.999988675117492676e-01 5.427849013358354568e-03 5.719084930419921875e+01
1.123525000000000000e+08 9.999763206615273070e-01 6.872907763013634194e-03 -3.482163609508735075e-04 3.468768319108850862e-01 -6.872982147969660532e-03 9.999763581211059682e-01 -2.128726446185954450e-04 -8.821494487690637043e-03 3.467450743951524476e-04 2.152608887919122966e-04 9.999999167152973101e-01 4.566121774797760047e-03 9.999691843986511230e-01 7.860564626753330231e-03 -6.445500912377610803e-05 3.337129652500152588e-01 -7.860697805881500244e-03 9.999665021896362305e-01 -2.284259302541613579e-03 -1.423908025026321411e-02 4.649796755984425545e-05 2.284702146425843239e-03 9.999973773956298828e-01 5.762260872870683670e-03 5.722537612915039062e+01
1.124567000000000000e+08 9.999766578918282134e-01 6.819109677529991594e-03 -4.282691046659949487e-04 3.212769407996026172e-01 -6.819173995524585065e-03 9.999767380765605118e-01 -1.489010151023695261e-04 -8.952842581747867678e-03 4.272437699438765609e-04 1.518179809972222303e-04 9.999998972070249792e-01 4.207431753175881230e-03 9.999614953994750977e-01 8.145212195813655853e-03 3.265852108597755432e-03 3.094373345375061035e-01 -8.124846965074539185e-03 9.999474883079528809e-01 -6.238068919628858566e-03 -2.202577888965606689e-02 -3.316498827189207077e-03 6.211289204657077789e-03 9.999752044677734375e-01 5.735484417527914047e-03 5.758895874023437500e+01
1.125610000000000000e+08 9.999661756892856967e-01 8.196161047576032074e-03 -6.858719870824453013e-04 2.679192961200166923e-01 -8.196171477622417670e-03 9.999664107450675354e-01 -1.239755895321198627e-05 -9.924625611868265543e-03 6.857473367617189942e-04 1.801866411890902520e-05 9.999997647129276190e-01 3.163299291020340263e-03 9.999520182609558105e-01 9.560535661876201630e-03 2.111548557877540588e-03 2.750835716724395752e-01 -9.553270414471626282e-03 9.999486207962036133e-01 -3.394408849999308586e-03 -1.829606480896472931e-02 -2.143884077668190002e-03 3.374077379703521729e-03 9.999919533729553223e-01 2.729737432673573494e-03 5.687043380737304688e+01
1.126651000000000000e+08 9.999553775506961895e-01 9.408226988233023627e-03 -8.533312118189943438e-04 2.387061096380839187e-01 -9.408182650802945565e-03 9.999557405054168013e-01 5.595741987445588210e-05 -1.058740398010098692e-02 8.538199039089843564e-04 -4.792662717459194563e-05 9.999996343472454807e-01 2.474744952242747403e-03 9.999450445175170898e-01 1.032014563679695129e-02 1.845579012297093868e-03 2.347148060798645020e-01 -1.032248511910438538e-02 9.999459385871887207e-01 1.217685057781636715e-03 -6.302282214164733887e-03 -1.832915935665369034e-03 -1.236667158082127571e-03 9.999976158142089844e-01 5.976911634206771851e-03 5.647724914550781250e+01
1.127692000000000000e+08 9.999549674800495280e-01 9.456505143775495448e-03 -7.984496830728915560e-04 1.984139719702508187e-01 -9.456360848297262756e-03 9.999552706355361309e-01 1.843018713787612436e-04 -1.041361725525961034e-02 8.001568205309916772e-04 -1.767431434332002518e-04 9.999996642554035420e-01 2.253089880605606016e-03 9.999511241912841797e-01 9.874301962554454803e-03 4.075720789842307568e-04 1.982877105474472046e-01 -9.874499402940273285e-03 9.999509453773498535e-01 8.304233197122812271e-04 -7.433753460645675659e-03 -3.993511490989476442e-04 -8.344054804183542728e-04 9.999996423721313477e-01 7.846190594136714935e-03 5.633071899414062500e+01
1.128733000000000000e+08 9.999588671459304079e-01 9.045020878534962630e-03 -6.720229570435942061e-04 1.685041888399166909e-01 -9.044866681311393083e-03 9.999590674121721090e-01 2.321383431559977909e-04 -9.688452694671691873e-03 6.740951455321764684e-04 -2.260504366878819465e-04 9.999997472484395411e-01 2.155847182183680700e-03 9.999516010284423828e-01 9.759961627423763275e-03 -1.228508073836565018e-03 1.609255075454711914e-01 -9.760368615388870239e-03 9.999522566795349121e-01 -2.639454905875027180e-04 -8.013774640858173370e-03 1.225871616043150425e-03 2.759169728960841894e-04 9.999991059303283691e-01 5.504776258021593094e-03 5.686051177978515625e+01
1.129775000000000000e+08 9.999748422971017625e-01 7.040983866173119998e-03 -8.598384811016507355e-04 1.274184471483380265e-01 -7.040953738212354929e-03 9.999752114552090676e-01 3.806114949177772169e-05 -7.218896851439178530e-03 8.600851548811000403e-04 -3.200610936967239473e-05 9.999996296145221564e-01 1.460471796786609426e-03 9.999683499336242676e-01 7.876127026975154877e-03 -1.101645641028881073e-03 1.258167028427124023e-01 -7.878871634602546692e-03 9.999656677246093750e-01 -2.588483737781643867e-03 -9.422751143574714661e-03 1.081217429600656033e-03 2.597087528556585312e-03 9.999961256980895996e-01 1.935800304636359215e-03 5.603907012939453125e+01
1.130816000000000000e+08 9.999894135736959733e-01 4.547643499573979925e-03 -7.011990823967619458e-04 8.016088432767955185e-02 -4.547638223958375830e-03 9.999896593987562810e-01 9.117930848132787310e-06 -4.586616353318895799e-03 7.012332966739663175e-04 -5.929034725265906487e-06 9.999997541183366367e-01 7.672578370851097004e-04 9.999853968620300293e-01 5.311795044690370560e-03 -1.056831795722246170e-03 9.292919933795928955e-02 -5.313644651323556900e-03 9.999843835830688477e-01 -1.742964261211454868e-03 -4.967738408595323563e-03 1.047551166266202927e-03 1.748554641380906105e-03 9.999978542327880859e-01 1.033578417263925076e-03 5.600467300415039062e+01
1.131857000000000000e+08 9.999945326244102928e-01 3.279058967076876972e-03 -4.271925835814619756e-04 4.589185477322155204e-02 -3.279027613038791502e-03 9.999946212308805649e-01 7.407528479016933678e-05 -4.118395400532142564e-03 4.274331830396461149e-04 -7.267410350561925273e-05 9.999999060096692594e-01 -2.453349043446747543e-05 9.999918937683105469e-01 3.933307249099016190e-03 -8.059840765781700611e-04 5.720986798405647278e-02 -3.932955674827098846e-03 9.999920725822448730e-01 5.290842382237315178e-04 1.055061002261936665e-03 8.080626721493899822e-04 -5.259154131636023521e-04 9.999995827674865723e-01 9.696049382910132408e-04 5.583990478515625000e+01
1.132897000000000000e+08 9.999991049467870097e-01 1.303759460508876512e-03 -3.005278502963136967e-04 7.583458253588414542e-03 -1.303669007671585077e-03 9.999991049288606826e-01 3.009795520004961405e-04 -2.623741967622135809e-03 3.009199862201000211e-04 -3.005874937841520765e-04 9.999999095471608923e-01 -1.237299934986435795e-03 9.999971985816955566e-01 1.865180907770991325e-03 -1.457039150409400463e-03 2.563939057290554047e-02 -1.863689161837100983e-03 9.999977946281433105e-01 9.884153259918093681e-04 4.238625988364219666e-03 1.458886079490184784e-03 -9.856906253844499588e-04 9.999983906745910645e-01 2.080039121210575104e-04 5.610291290283203125e+01
1.133937000000000000e+08 9.999999989753202145e-01 -2.390206939907539344e-05 3.844542539473887275e-05 -1.515551115747343879e-02 2.388626377779264295e-05 9.999999152269566371e-01 4.110663367846118877e-04 -1.071410835878509491e-03 -3.845524747129265477e-05 -4.110654180458677342e-04 9.999999147732080429e-01 -6.015502713383970215e-04 9.999999403953552246e-01 -2.340522769372910261e-04 -4.374225391075015068e-04 -4.938449128530919552e-04 2.339541097171604633e-04 9.999999403953552246e-01 -8.874232298694550991e-05 8.959594997577369213e-04 4.374389245640486479e-04 8.863237599143758416e-05 9.999999403953552246e-01 1.104122056858614087e-04 5.625907135009765625e+01
1.134977000000000000e+08 9.999996451290907862e-01 -8.394210689348792064e-04 7.151192646138665259e-05 -8.706967917851492211e-03 8.393881381025807432e-04 9.999995422416746438e-01 4.592863890091817398e-04 -3.500561119994187562e-04 -7.189742840099820815e-05 -4.592261997585019733e-04 9.999998919710219036e-01 -1.074432461456420847e-04 9.999973177909851074e-01 -3.537372685968875885e-04 -2.274857135489583015e-03 -1.759754121303558350e-02 3.554183640517294407e-04 9.999996423721313477e-01 7.302628364413976669e-04 4.129660781472921371e-03 2.274602418765425682e-03 -7.310705841518938541e-04 9.999971389770507812e-01 2.588253933936357498e-03 5.688732910156250000e+01
1.136017000000000000e+08 9.999999771425457373e-01 -2.129449106269079041e-04 1.921907335708260536e-05 -1.458123549649020627e-02 2.129368828627717901e-04 9.999998904937785760e-01 4.167377038217543817e-04 -9.029282253919159590e-04 -1.930781342599198223e-05 -4.167336018465996527e-04 9.999999129801525610e-01 -5.790332085535726970e-04 9.999879598617553711e-01 4.602030676323920488e-04 -4.895147867500782013e-03 -8.305356837809085846e-03 -4.569448356050997972e-04 9.999997019767761230e-01 6.692630704492330551e-04 2.313849516212940216e-03 4.895455669611692429e-03 -6.670195143669843674e-04 9.999877810478210449e-01 3.610881278291344643e-03 5.614732742309570312e+01
1.137057000000000000e+08 9.999998591948158211e-01 -5.205461841369614156e-04 -1.031601503984710835e-04 -1.042285175784503706e-02 5.205879290619610253e-04 9.999997824619443199e-01 4.050484769438252291e-04 -6.983600540594893900e-04 1.029492815165073099e-04 -4.051021238403750870e-04 9.999999126468528399e-01 -7.289182701227429157e-04 9.999954104423522949e-01 -2.532275393605232239e-04 -3.014846704900264740e-03 -2.279035979881882668e-03 2.529598714318126440e-04 1.000000000000000000e+00 -7.740300497971475124e-05 3.069787984713912010e-03 3.014863003045320511e-03 7.664990698685869575e-05 9.999954104423522949e-01 7.470069685950875282e-04 5.602329635620117188e+01
1.138097000000000000e+08 9.999999197276671081e-01 -3.976667375274050035e-04 4.904915922527131842e-05 -1.344209305152084533e-02 3.976453826792688802e-04 9.999998264915758162e-01 4.346204743609228659e-04 -7.293920261849766440e-04 -4.922198482643547792e-05 -4.346009353006108789e-04 9.999999043496039519e-01 -4.277257483001323636e-04 9.999998211860656738e-01 -6.671511982858646661e-06 4.725463513750582933e-04 -3.445816226303577423e-03 6.909782314323820174e-06 9.999999403953552246e-01 -3.600875788833945990e-04 1.546562882140278816e-03 -4.725417529698461294e-04 3.600896743591874838e-04 9.999998211860656738e-01 -2.864126348868012428e-03 5.608655929565429688e+01
1.139136000000000000e+08 9.999999821103332520e-01 8.832805509081224113e-05 -1.672647286845654901e-04 -7.869469989935847301e-03 -8.826583904811998696e-05 9.999999269377184419e-01 3.719323941562544585e-04 -1.301119209571278187e-03 1.672975685273944680e-04 -3.719176237415302514e-04 9.999999168444024811e-01 -1.006597918416473648e-03 9.999997019767761230e-01 2.276124723721295595e-04 8.103451691567897797e-04 -2.386423526331782341e-03 -2.275379665661603212e-04 9.999999403953552246e-01 -1.484475651523098350e-04 2.647808985784649849e-03 -8.103800355456769466e-04 1.482590159866958857e-04 9.999997615814208984e-01 -2.712383400648832321e-03 5.634028625488281250e+01
1.140176000000000000e+08 9.999999576952566249e-01 -2.578486967231132052e-04 -1.346236772158679123e-04 -9.291284834201052334e-03 2.579009230849348046e-04 9.999998914442965736e-01 3.880702367856762609e-04 -9.655685316974822480e-04 1.345235991968277340e-04 -3.881049399391152659e-04 9.999999156389748345e-01 -8.588427145720035254e-04 9.999997615814208984e-01 -3.528429078869521618e-04 4.659180121961981058e-04 1.554759917780756950e-03 3.528990200720727444e-04 9.999998807907104492e-01 -3.030092557310126722e-05 2.864759335352573544e-05 -4.659038095269352198e-04 3.047025711566675454e-05 9.999998211860656738e-01 1.942132075782865286e-04 5.602454376220703125e+01
1.141216000000000000e+08 9.999999762255862290e-01 -1.861776653862147848e-05 -2.172606846061327329e-04 -4.736208207769155611e-03 1.869861190022379836e-05 9.999999305899652802e-01 3.721161442584174127e-04 -1.229446586950453659e-03 2.172537415544710288e-04 -3.721201978848499804e-04 9.999999071636794801e-01 -1.023480561395059786e-03 9.999997615814208984e-01 1.222190767293795943e-04 7.128439610823988914e-04 -6.628396804444491863e-04 -1.224512234330177307e-04 1.000000000000000000e+00 3.225902037229388952e-04 4.177202354185283184e-04 -7.128070574253797531e-04 -3.226733533665537834e-04 9.999997019767761230e-01 -5.474382196553051472e-04 5.615631866455078125e+01
1.142256000000000000e+08 9.999999955290119757e-01 -8.649566891414264098e-05 -3.821616922999484633e-05 -1.404190515992690715e-02 8.651072701162507877e-05 9.999999185617309827e-01 3.941984681810756230e-04 -1.060584140498997685e-03 3.818206965894685890e-05 -3.942017725270668960e-04 9.999999215735462244e-01 -7.609332633283320000e-04 1.000000000000000000e+00 -2.356696495553478599e-05 -1.103047252399846911e-04 -2.812009537592530251e-03 2.357327139179687947e-05 1.000000000000000000e+00 7.070439460221678019e-05 4.070632276125252247e-04 1.103073809645138681e-04 -7.071090658428147435e-05 1.000000000000000000e+00 -1.450416282750666142e-03 5.593852615356445312e+01
