0.000000000000000000e+00 9.998674791484012392e-01 1.627701912746354687e-02 -2.877508571790724878e-04 1.326001646596861872e-01 -1.627702213351326158e-02 9.998675204723553867e-01 -8.107780131018877542e-06 -1.580934084808413576e-02 2.875807655960977024e-04 1.279043256134081411e-05 9.999999585668548630e-01 1.396897491271193023e-03 9.998809695243835449e-01 1.540730800479650497e-02 -8.754385635256767273e-04 1.267472654581069946e-01 -1.540600229054689407e-02 9.998802542686462402e-01 1.482315361499786377e-03 -7.077238988131284714e-03 8.981724386103451252e-04 -1.468649599701166153e-03 9.999984502792358398e-01 -1.674103667028248310e-03 1.006893768310546875e+02
1.038720000000000000e+05 9.997852859515885537e-01 2.072117643976292140e-02 -1.218519331921168116e-04 1.367189555293391312e-01 -2.072118875170683022e-02 9.997852880545611276e-01 -1.006608935703511373e-04 -1.985451647696515401e-02 1.197399580209245536e-04 1.031641971334284271e-04 9.999999875097455027e-01 1.404515354561860401e-03 9.997869729995727539e-01 2.063241600990295410e-02 6.266154232434928417e-04 1.423365622758865356e-01 -2.063414454460144043e-02 9.997828602790832520e-01 2.896292833611369133e-03 -9.077743627130985260e-03 -5.667223595082759857e-04 -2.908609341830015182e-03 9.999956488609313965e-01 -1.576385460793972015e-03 5.883001708984375000e+01
2.077450000000000000e+05 9.996170892705793509e-01 2.767067315737727073e-02 9.332226556208199396e-05 1.502484755521774074e-01 -2.767064812199014623e-02 9.996170605944986187e-01 -2.596627394236829495e-04 -2.599753389497209966e-02 -1.004715713606238871e-04 2.569810242857987798e-04 9.999999619331086942e-01 1.401023894120485488e-03 9.996421337127685547e-01 2.669783867895603180e-02 1.675662118941545486e-03 1.631966829299926758e-01 -2.670083194971084595e-02 9.996418356895446777e-01 1.790653681382536888e-03 -1.503607071936130524e-02 -1.627255813218653202e-03 -1.834755181334912777e-03 9.999970197677612305e-01 -2.249306533485651016e-03 5.887049484252929688e+01
3.118740000000000000e+05 9.994261039861769280e-01 3.387047500466391220e-02 5.036210748365951406e-04 1.299024976289229194e-01 -3.387021823587178099e-02 9.994261094925683819e-01 -5.099229549075081020e-04 -3.160507655657204817e-02 -5.206033835858639349e-04 4.925725570513664461e-04 9.999997431721725505e-01 5.368699702458777125e-04 9.994365572929382324e-01 3.345261141657829285e-02 2.737503265962004662e-03 1.758958101272583008e-01 -3.345292434096336365e-02 9.994403123855590820e-01 6.513100379379466176e-05 -2.336610853672027588e-02 -2.733792643994092941e-03 -1.566717110108584166e-04 9.999962449073791504e-01 -1.601919298991560936e-03 5.886419296264648438e+01
4.158720000000000000e+05 9.993401097418442847e-01 3.631565862338399786e-02 7.197768880867943045e-04 1.578483550094784693e-01 -3.631530541426720993e-02 9.993402577709930013e-01 -4.978651587671288972e-04 -3.392828134461975398e-02 -7.373823209725555768e-04 4.713977064594768282e-04 9.999996170257070549e-01 1.199048846491808156e-03 9.992759227752685547e-01 3.795365616679191589e-02 2.645299769937992096e-03 1.890251189470291138e-01 -3.794702887535095215e-02 9.992765784263610840e-01 -2.525480231270194054e-03 -3.018522635102272034e-02 -2.739237388595938683e-03 2.423272002488374710e-03 9.999933242797851562e-01 -2.273577032610774040e-03 5.870636749267578125e+01
5.199990000000000000e+05 9.991434368421322487e-01 4.136908877744526619e-02 9.955413131879082937e-04 1.751869233658548963e-01 -4.136842873729052600e-02 9.991437323364393830e-01 -6.747074254739755805e-04 -3.818666185422849024e-02 -1.022600894839742914e-03 6.329455159226442251e-04 9.999992768334275972e-01 1.525576108142621002e-03 9.992054104804992676e-01 3.984622284770011902e-02 9.062464232556521893e-04 2.029566019773483276e-01 -3.984330222010612488e-02 9.992013573646545410e-01 -3.017930313944816589e-03 -3.551286831498146057e-02 -1.025776145979762077e-03 2.979425946250557899e-03 9.999949336051940918e-01 -2.817858709022402763e-03 5.937308883666992188e+01
6.241200000000000000e+05 9.990068778712175579e-01 4.454398954016095674e-02 1.044508168279155566e-03 1.908814620049643918e-01 -4.454319461949204223e-02 9.990071607914399188e-01 -7.723574115909392739e-04 -4.046126133401543173e-02 -1.077875019483419275e-03 7.250646365772853326e-04 9.999991562330167172e-01 1.637602170524016503e-03 9.990375638008117676e-01 4.383242502808570862e-02 1.628466066904366016e-03 2.158565521240234375e-01 -4.383271187543869019e-02 9.990388751029968262e-01 1.627992314752191305e-04 -3.099139779806137085e-02 -1.619764487259089947e-03 -2.340239443583413959e-04 9.999987483024597168e-01 -3.581955563277006149e-03 5.865196609497070312e+01
7.282460000000000000e+05 9.988492323137294626e-01 4.794203426650096855e-02 1.331323605624529184e-03 1.898339948815560285e-01 -4.794088653907395414e-02 9.988497860665576100e-01 -8.810440034748784691e-04 -4.369822719117575499e-02 -1.372031341071794407e-03 8.162052916202344396e-04 9.999987256686296844e-01 1.596626554236047759e-03 9.987792968750000000e-01 4.931394383311271667e-02 2.834476064890623093e-03 2.302617430686950684e-01 -4.931664094328880310e-02 9.987828135490417480e-01 8.782300865277647972e-04 -3.031134791672229767e-02 -2.787716919556260109e-03 -1.016943482682108879e-03 9.999955892562866211e-01 -2.881088992580771446e-03 5.900409698486328125e+01
8.324960000000000000e+05 9.987347334283599443e-01 5.024960137582643732e-02 1.977316879390008091e-03 1.797433872077758843e-01 -5.024811011956267087e-02 9.987364479766158709e-01 -7.967993376054447385e-04 -4.726813325785732961e-02 -2.014857286083211480e-03 6.964347368178239921e-04 9.999977276617842969e-01 1.278550222250740640e-03 9.987288117408752441e-01 4.983948171138763428e-02 7.538804318755865097e-03 2.441897690296173096e-01 -4.983447492122650146e-02 9.987571239471435547e-01 -8.598624845035374165e-04 -3.639760985970497131e-02 -7.572297006845474243e-03 4.830758552998304367e-04 9.999712705612182617e-01 3.857931122183799744e-03 5.873692703247070312e+01
9.366220000000000000e+05 9.987952492248497460e-01 4.902869261178319227e-02 2.058491229613160483e-03 1.552214348338225858e-01 -4.902725438180524642e-02 9.987971643746140771e-01 -7.434544836360883723e-04 -4.639560538278288820e-02 -2.092465804947843139e-03 6.416366314019789942e-04 9.999976049417357293e-01 6.878501411911209108e-04 9.987276196479797363e-01 4.970329999923706055e-02 8.530158549547195435e-03 2.573353350162506104e-01 -4.963946342468261719e-02 9.987387657165527344e-01 -7.538929581642150879e-03 -5.343773588538169861e-02 -8.894104510545730591e-03 7.105903699994087219e-03 9.999351501464843750e-01 5.501281470060348511e-03 5.996640014648437500e+01
1.040770000000000000e+06 9.984837855536536910e-01 5.500382991853902670e-02 2.169945986559877141e-03 1.969517492960769223e-01 -5.500180234109731947e-02 9.984857709772911871e-01 -9.833005552451132281e-04 -5.085368048826326842e-02 -2.220745488122672587e-03 8.624587198906742821e-04 9.999971622231760282e-01 1.629956965479769813e-03 9.985021948814392090e-01 5.452883616089820862e-02 4.471478052437305450e-03 2.632122635841369629e-01 -5.450852215290069580e-02 9.985030293464660645e-01 -4.532684106379747391e-03 -4.854474216699600220e-02 -4.711944609880447388e-03 4.282165784388780594e-03 9.999797344207763672e-01 3.285495564341545105e-03 5.945734405517578125e+01
1.144873000000000000e+06 9.983436513937076207e-01 5.742693183419918940e-02 3.478688740625326872e-03 2.078565714213373716e-01 -5.742528418563345310e-02 9.983496430961289470e-01 -5.717684871214523921e-04 -5.456900100255393515e-02 -3.505782572144225482e-03 3.710567528942090333e-04 9.999937858835139526e-01 1.739149227891763350e-03 9.983358383178710938e-01 5.755516141653060913e-02 3.599544987082481384e-03 2.732906043529510498e-01 -5.755543336272239685e-02 9.983422756195068359e-01 -2.886553738790098578e-05 -4.145846515893936157e-02 -3.595241578295826912e-03 -1.783572079148143530e-04 9.999935030937194824e-01 4.438582342118024826e-03 5.886777496337890625e+01
1.248998000000000000e+06 9.982782499860443082e-01 5.861801129434512925e-02 2.112926487244805914e-03 2.186954256780843098e-01 -5.861611359341611927e-02 9.982801462266036596e-01 -9.491988865007450465e-04 -5.242549385026114284e-02 -2.164932712167195062e-03 8.237130680178164285e-04 9.999973172780474151e-01 1.978118273344947435e-03 9.983035922050476074e-01 5.801388248801231384e-02 4.935557022690773010e-03 2.886991798877716064e-01 -5.801492184400558472e-02 9.983156919479370117e-01 5.838485594722442329e-05 -4.471372440457344055e-02 -4.923861008137464523e-03 -3.446204063948243856e-04 9.999877810478210449e-01 4.158214200288057327e-03 5.912156677246093750e+01
1.353147000000000000e+06 9.981706201353557351e-01 6.040785722075492359e-02 2.510736641168328891e-03 2.290246520676519348e-01 -6.040604646785530107e-02 9.981735740118675704e-01 -7.909541845702158444e-04 -5.400747443550310556e-02 -2.553930814983865379e-03 6.378435510924354915e-04 9.999965352904146565e-01 2.061415383276949276e-03 9.982262253761291504e-01 5.938060581684112549e-02 4.276927560567855835e-03 2.989794015884399414e-01 -5.936669930815696716e-02 9.982308149337768555e-01 -3.302893834188580513e-03 -5.003963783383369446e-02 -4.465480800718069077e-03 3.043127479031682014e-03 9.999853372573852539e-01 4.148078151047229767e-03 5.896976089477539062e+01
1.457124000000000000e+06 9.981965756752323449e-01 6.001765864273195944e-02 1.215283198426537516e-03 2.396159285880083423e-01 -6.001642073562930141e-02 9.981968577546554977e-01 -1.030709848163054209e-03 -5.175033753479175991e-02 -1.274952662572767254e-03 9.559140922053368811e-04 9.999987303611553857e-01 1.438753710735775435e-03 9.981392025947570801e-01 6.088525056838989258e-02 3.359474241733551025e-03 3.103204667568206787e-01 -6.086970865726470947e-02 9.981353878974914551e-01 -4.553460050374269485e-03 -5.393020063638687134e-02 -3.630450926721096039e-03 4.340498242527246475e-03 9.999840855598449707e-01 6.329190451651811600e-03 5.910953521728515625e+01
1.561124000000000000e+06 9.982373847671253131e-01 5.932746505437517387e-02 1.541298749797539135e-03 2.424462432227475484e-01 -5.932611108837800712e-02 9.982382404908360929e-01 -9.098478910782692008e-04 -5.176464894727202809e-02 -1.592562320183219839e-03 8.168049200143634881e-04 9.999983982862332699e-01 1.693028373614853532e-03 9.982206821441650391e-01 5.956889688968658447e-02 2.630422357469797134e-03 3.256781697273254395e-01 -5.955936759710311890e-02 9.982183575630187988e-01 -3.560540731996297836e-03 -5.365749076008796692e-02 -2.837847918272018433e-03 3.397537162527441978e-03 9.999901652336120605e-01 4.275043960660696030e-03 5.939315032958984375e+01
1.665128000000000000e+06 9.983501409175906671e-01 5.740989003877758345e-02 1.049061597166086766e-03 2.729626142353676621e-01 -5.740906534756870516e-02 9.983504189534817552e-01 -8.000412611378482494e-04 -4.965722336412441151e-02 -1.093261367545945604e-03 7.384956576739423609e-04 9.999991297014610980e-01 1.234562422617818591e-03 9.982972741127014160e-01 5.832614749670028687e-02 7.985380361787974834e-04 3.401788771152496338e-01 -5.832271277904510498e-02 9.982906579971313477e-01 -3.786744549870491028e-03 -5.196486413478851318e-02 -1.018028706312179565e-03 3.733730176463723183e-03 9.999924898147583008e-01 7.815337157808244228e-04 5.898771286010742188e+01
1.768997000000000000e+06 9.984186187915519151e-01 5.621256806377459420e-02 6.393150119796660660e-04 3.117420727533663505e-01 -5.621222377225312122e-02 9.984186944762798444e-01 -5.443349191623753861e-04 -4.835337950835143922e-02 -6.689025244199882023e-04 5.075367982586458711e-04 9.999996474878303232e-01 1.051822769120085762e-03 9.983131885528564453e-01 5.805354937911033630e-02 6.919208681210875511e-04 3.610456287860870361e-01 -5.805189162492752075e-02 9.983110427856445312e-01 -2.202601172029972076e-03 -4.831933602690696716e-02 -8.186226477846503258e-04 2.158716553822159767e-03 9.999973773956298828e-01 1.326596393482759595e-04 5.841884613037109375e+01
1.872875000000000000e+06 9.984472279041871623e-01 5.570560326813166208e-02 -1.376180910724119234e-04 3.801385683325391174e-01 -5.570563953154063219e-02 9.984471973671464884e-01 -2.754593172368369853e-04 -4.744357987495412959e-02 1.220597703153927360e-04 2.826976952745682186e-04 9.999999525917129262e-01 1.218929859081358891e-03 9.984045624732971191e-01 5.641376599669456482e-02 2.412579488009214401e-03 3.799351751804351807e-01 -5.641862750053405762e-02 9.984051585197448730e-01 2.009668387472629547e-03 -3.878766298294067383e-02 -2.295352518558502197e-03 -2.142577432096004486e-03 9.999950528144836426e-01 1.062683761119842529e-03 5.907097625732421875e+01
1.976766000000000000e+06 9.986003744434875928e-01 5.288921480788284779e-02 -1.521524109602761068e-04 3.688086081181159992e-01 -5.288924880646712900e-02 9.986003580113413935e-01 -2.288500226545697681e-04 -4.517726064548925613e-02 1.398357541911597385e-04 2.365769449456379383e-04 9.999999622386551712e-01 1.043858735597619214e-03 9.986038208007812500e-01 5.280049145221710205e-02 1.589483232237398624e-03 4.019157290458679199e-01 -5.280129238963127136e-02 9.986050128936767578e-01 4.131478781346231699e-04 -3.973026573657989502e-02 -1.565456273965537548e-03 -4.964994150213897228e-04 9.999986290931701660e-01 3.532203845679759979e-03 5.882038497924804688e+01
2.080499000000000000e+06 9.989012235948603324e-01 4.686316788658021620e-02 -4.348281453791870465e-04 3.996211155919975333e-01 -4.686324484227418624e-02 9.989013004134831286e-01 -1.685060555617915660e-04 -3.998865728754688598e-02 4.264536726057377393e-04 1.886983621973844995e-04 9.999998912650945870e-01 1.374314886651190146e-03 9.988079071044921875e-01 4.880089312791824341e-02 1.143379835411906242e-03 4.235782623291015625e-01 -4.879997298121452332e-02 9.988083243370056152e-01 -7.625666912645101547e-04 -4.177881404757499695e-02 -1.179236336611211300e-03 7.058644550852477551e-04 9.999991059303283691e-01 3.982766065746545792e-03 5.832342529296875000e+01
2.184123000000000000e+06 9.989541667900755373e-01 4.572041917138214284e-02 -4.647171448830371161e-04 4.344121270684899727e-01 -4.572048162202257959e-02 9.989542642482509560e-01 -1.246553965942847481e-04 -3.893292112471682248e-02 4.585318766797223927e-04 1.457721191342568889e-04 9.999998842494991491e-01 1.964893735631060949e-03 9.989513754844665527e-01 4.571360349655151367e-02 2.506387885659933090e-03 4.465171694755554199e-01 -4.571108147501945496e-02 9.989541172981262207e-01 -1.071072649210691452e-03 -3.810005635023117065e-02 -2.552727237343788147e-03 9.553794516250491142e-04 9.999962449073791504e-01 7.099129725247621536e-03 5.839081573486328125e+01
2.287894000000000000e+06 9.991300304297252577e-01 4.169848457320137619e-02 -6.469669653286550231e-04 4.463187724524420030e-01 -4.169865508360880851e-02 9.991302009143772089e-01 -2.523360770433807129e-04 -3.500808018007939282e-02 6.358822013273290972e-04 2.790942063879543831e-04 9.999997588800805248e-01 2.011878727465747294e-03 9.990755915641784668e-01 4.298717528581619263e-02 4.097115888725966215e-04 4.712058007717132568e-01 -4.298739880323410034e-02 9.990754127502441406e-01 6.233687163330614567e-04 -3.378672897815704346e-02 -3.825304447673261166e-04 -6.404032465070486069e-04 9.999997615814208984e-01 5.374152213335037231e-03 5.819622421264648438e+01
2.391499000000000000e+06 9.991286809798702873e-01 4.173411872438726605e-02 -3.770650491582989549e-04 4.907779119743672092e-01 -4.173416093303160962e-02 9.991287448746010158e-01 -1.047704553163773897e-04 -3.572574656941641946e-02 3.723640266815140144e-04 1.204156602667616396e-04 9.999999234225472877e-01 3.301329296166899581e-03 9.991627931594848633e-01 4.090029001235961914e-02 -9.043387253768742085e-04 4.928146302700042725e-01 -4.090095683932304382e-02 9.991629719734191895e-01 -7.054636953398585320e-04 -3.283537551760673523e-02 8.747219108045101166e-04 7.418646709993481636e-04 9.999993443489074707e-01 4.301706794649362564e-03 5.791174316406250000e+01
2.495127000000000000e+06 9.993073431576570131e-01 3.720890004459274925e-02 -5.759168344119567316e-04 5.052350061371680967e-01 -3.720902802326986336e-02 9.993074816221795276e-01 -2.131174380652829680e-04 -3.170480253650634350e-02 5.675881360387034693e-04 2.343991262669493599e-04 9.999998114503625413e-01 3.666590620176889831e-03 9.993030428886413574e-01 3.722140565514564514e-02 -2.851123688742518425e-03 5.152742266654968262e-01 -3.723029047250747681e-02 9.993019104003906250e-01 -3.101004054769873619e-03 -3.440634533762931824e-02 2.733711153268814087e-03 3.204985521733760834e-03 9.999911785125732422e-01 2.792106010019779205e-03 5.893443298339843750e+01
2.598751000000000000e+06 9.994970882349842878e-01 3.170386402782104929e-02 -6.600266907156860079e-04 5.210176636994472421e-01 -3.170404917366738407e-02 9.994972632888191599e-01 -2.719630243532198104e-04 -2.769440458767977523e-02 6.510725924989359172e-04 2.927517691990337350e-04 9.999997452004130150e-01 4.672091245012108436e-03 9.994810819625854492e-01 3.206098452210426331e-02 -3.099446650594472885e-03 5.409390330314636230e-01 -3.207170963287353516e-02 9.994794130325317383e-01 -3.497199388220906258e-03 -3.239639475941658020e-02 2.985714701935648918e-03 3.594790818169713020e-03 9.999890327453613281e-01 3.998073225375264883e-04 5.819267272949218750e+01
2.702273000000000000e+06 9.995850333030539270e-01 2.880419007131964845e-02 -2.825808460066789318e-04 5.717300654887332856e-01 -2.880434019018516048e-02 9.995849217645894624e-01 -5.423911503265231799e-04 -2.621886814058949425e-02 2.668404154602989353e-04 5.503056306811283721e-04 9.999998129799400060e-01 6.636913380779599185e-03 9.996169805526733398e-01 2.752454206347465515e-02 -2.875672886148095131e-03 5.682319402694702148e-01 -2.753163129091262817e-02 9.996178150177001953e-01 -2.485524863004684448e-03 -2.617163769900798798e-02 2.806153846904635429e-03 2.563745481893420219e-03 9.999927878379821777e-01 -1.839420583564788103e-04 5.788822555541992188e+01
2.805874000000000000e+06 9.997639904916965081e-01 2.172421397146478278e-02 -1.477834808185989567e-04 5.751876234910597852e-01 -2.172431145232150973e-02 9.997637587471316367e-01 -6.935302751472366281e-04 -1.999684265604556241e-02 1.326821680594929048e-04 6.965770897953042036e-04 9.999997485878666659e-01 7.384803938717687463e-03 9.997557997703552246e-01 2.205491438508033752e-02 -1.379557768814265728e-03 5.935623645782470703e-01 -2.205777168273925781e-02 9.997546672821044922e-01 -2.039305400103330612e-03 -1.972251944243907928e-02 1.334243686869740486e-03 2.069234149530529976e-03 9.999969005584716797e-01 -1.768816728144884109e-04 5.800121688842773438e+01
2.909375000000000000e+06 9.998939123322393430e-01 1.456584837925597314e-02 -1.189042148042278940e-05 6.310186697789125221e-01 -1.456585312279474673e-02 9.998936718204974872e-01 -6.935240361145057503e-04 -1.354673835765080742e-02 1.787391210496526599e-06 6.936236559000831439e-04 9.999997594414851143e-01 8.904988638540370718e-03 9.998731017112731934e-01 1.592956855893135071e-02 1.357412547804415226e-04 6.222267746925354004e-01 -1.592935435473918915e-02 9.998719692230224609e-01 -1.568167936056852341e-03 -1.652882620692253113e-02 -1.607002195669338107e-04 1.565809361636638641e-03 9.999987483024597168e-01 1.577893621288239956e-03 5.834928131103515625e+01
3.012876000000000000e+06 9.999254893558013890e-01 1.220695683717987375e-02 -7.708236801576284769e-05 6.391985562653209607e-01 -1.220699290818694042e-02 9.999253736627228273e-01 -4.862406392148046564e-04 -1.125081192775551943e-02 7.114109715974491904e-05 4.871453530291006617e-04 9.999998788141676309e-01 9.138606703485444016e-03 9.999258518218994141e-01 1.211918052285909653e-02 1.165193738415837288e-03 6.464377641677856445e-01 -1.211708877235651016e-02 9.999248981475830078e-01 -1.797507167793810368e-03 -1.249383389949798584e-02 -1.186896581202745438e-03 1.783256419003009796e-03 9.999977350234985352e-01 2.980897435918450356e-03 5.826422500610351562e+01
3.116499000000000000e+06 9.999498009717932012e-01 1.001887974195510983e-02 -1.325936791269956565e-04 6.798202421573764642e-01 -1.001890927116579760e-02 9.999497843896834048e-01 -2.239462808672669036e-04 -8.936233790345898126e-03 1.303433299058257976e-04 2.252634830765398038e-04 9.999999661334878498e-01 9.732151771216836569e-03 9.999313354492187500e-01 1.148105785250663757e-02 2.383889630436897278e-03 6.715447306632995605e-01 -1.148266624659299850e-02 9.999338388442993164e-01 6.976762670092284679e-04 -7.109963335096836090e-03 -2.375714946538209915e-03 -7.249984773807227612e-04 9.999969601631164551e-01 3.676205407828092575e-03 5.808707046508789062e+01
3.220123000000000000e+06 9.999413581979119670e-01 1.082911569858496445e-02 -1.020792689251336500e-04 6.895673521380766280e-01 -1.082914318050753194e-02 9.999413259457392567e-01 -2.726270884665087536e-04 -9.704641366817944037e-03 9.912096927925793022e-05 2.737165321261318066e-04 9.999999576271464408e-01 9.775034521443220353e-03 9.999360442161560059e-01 1.107834000140428543e-02 2.261589281260967255e-03 6.968422532081604004e-01 -1.108104642480611801e-02 9.999379515647888184e-01 1.160081941634416580e-03 -5.077249836176633835e-03 -2.248597098514437675e-03 -1.185075961984694004e-03 9.999967813491821289e-01 4.021581262350082397e-03 5.808111953735351562e+01
3.323750000000000000e+06 9.999545999623982162e-01 9.528301298914217468e-03 -9.743275984378809394e-05 7.198241052197483780e-01 -9.528309714671249694e-03 9.999546009068132069e-01 -8.627874996683501576e-05 -8.202228977057399173e-03 9.660624660266293497e-05 8.720320237217435520e-05 9.999999915314177201e-01 1.020121518787663918e-02 9.999431967735290527e-01 1.048982143402099609e-02 1.928959391079843044e-03 7.163515090942382812e-01 -1.049028616398572922e-02 9.999449253082275391e-01 2.536387182772159576e-04 -5.999388638883829117e-03 -1.926197553984820843e-03 -2.738575276453047991e-04 9.999980926513671875e-01 4.615150392055511475e-03 5.824768066406250000e+01
3.427371000000000000e+06 9.999623829615353898e-01 8.673324341852655175e-03 -7.813343204560784590e-05 7.378921391740240754e-01 -8.673329260048089420e-03 9.999623839976093942e-01 -6.282872730050554895e-05 -7.361310519068614729e-03 7.758555903442863584e-05 6.350404086939743251e-05 9.999999949738587190e-01 1.012798873764958127e-02 9.999414682388305664e-01 1.058738771826028824e-02 2.224166644737124443e-03 7.388367652893066406e-01 -1.058865524828433990e-02 9.999438524246215820e-01 5.171693046577274799e-04 -6.851248443126678467e-03 -2.218562178313732147e-03 -5.406841519288718700e-04 9.999973177909851074e-01 5.585657898336648941e-03 5.837251281738281250e+01
3.531001000000000000e+06 9.999469282951553017e-01 1.030245573294404603e-02 -7.951812957642542602e-07 7.586233924354519598e-01 -1.030245575230170386e-02 9.999469205972106867e-01 -1.240778211789281586e-04 -8.852139773728083527e-03 -4.831671519099526124e-07 1.240794284775140514e-04 9.999999923020310710e-01 1.033136294820453417e-02 9.999390244483947754e-01 1.090722251683473587e-02 1.696712570264935493e-03 7.571392655372619629e-01 -1.090643741190433502e-02 9.999403953552246094e-01 -4.061882791575044394e-04 -7.668834179639816284e-03 -1.701043220236897469e-03 3.876577538903802633e-04 9.999985098838806152e-01 4.779288079589605331e-03 5.933983993530273438e+01
3.634758000000000000e+06 9.999415348131981407e-01 1.081319647356393694e-02 4.172667265147359710e-05 7.707903203007140380e-01 -1.081319057624133446e-02 9.999415260781294723e-01 -1.390603088518584899e-04 -9.243256008129797224e-03 -4.322791912350621140e-05 1.386009802158307935e-04 9.999999894605579032e-01 1.043437610054044618e-02 9.999441504478454590e-01 1.051543653011322021e-02 1.108413329347968102e-03 7.738974690437316895e-01 -1.051490567624568939e-02 9.999446272850036621e-01 -5.130103672854602337e-04 -7.210365496575832367e-03 -1.113743055611848831e-03 5.013262270949780941e-04 9.999992847442626953e-01 4.109327681362628937e-03 5.827052688598632812e+01
3.738395000000000000e+06 9.999529780318137107e-01 9.697483154590298693e-03 2.342283259727965470e-05 7.720271224275127020e-01 -9.697480327272793577e-03 9.999529713774784057e-01 -1.179470642485923548e-04 -8.195742158424374965e-03 -2.456552068771568088e-05 1.177143756942335948e-04 9.999999927699306790e-01 1.027949009186701103e-02 9.999349713325500488e-01 1.083461102098226547e-02 3.559779608622193336e-03 7.921352386474609375e-01 -1.083758380264043808e-02 9.999408721923828125e-01 8.114270167425274849e-04 -6.006042938679456711e-03 -3.550780238583683968e-03 -8.499594987370073795e-04 9.999933838844299316e-01 4.052345175296068192e-03 5.847289657592773438e+01
3.842137000000000000e+06 9.999379119579895336e-01 1.114310166923167256e-02 5.933548767734394256e-05 7.980488301029613485e-01 -1.114309657418714739e-02 9.999379101183688556e-01 -8.551761457380410735e-05 -9.080912753773005830e-03 -6.028473496860544691e-05 8.485112391752361294e-05 9.999999945830190251e-01 1.057861096714418810e-02 9.999264478683471680e-01 1.159930694848299026e-02 3.538120770826935768e-03 7.997995615005493164e-01 -1.160338241606950760e-02 9.999319911003112793e-01 1.150170690380036831e-03 -4.454683046787977219e-03 -3.524542320519685745e-03 -1.191142480820417404e-03 9.999930858612060547e-01 4.652997478842735291e-03 5.918579101562500000e+01
3.945774000000000000e+06 9.998982981211177457e-01 1.426145896536058950e-02 6.484640918966908224e-05 8.065521374531465781e-01 -1.426145189367078632e-02 9.998982944663892258e-01 -1.082380506150309410e-04 -1.179459916650731771e-02 -6.638344645033341263e-05 1.073022386677543528e-04 9.999999920397338871e-01 1.062439299583561696e-02 9.999115467071533203e-01 1.239355187863111496e-02 4.829051904380321503e-03 8.057713508605957031e-01 -1.239494606852531433e-02 9.999231696128845215e-01 2.523057046346366405e-04 -6.505966652184724808e-03 -4.825551994144916534e-03 -3.121405316051095724e-04 9.999883174896240234e-01 7.552716881036758423e-03 5.862918472290039062e+01
4.049501000000000000e+06 9.999229420715960437e-01 1.241378223968567576e-02 8.907067571110221030e-05 8.066376011942681945e-01 -1.241377328532946786e-02 9.999229411104746390e-01 -1.003892159288338043e-04 -1.036682967965948422e-02 -9.031002185575344801e-05 9.927577699948606058e-05 9.999999909942102194e-01 1.058910459851956053e-02 9.999104142189025879e-01 1.313496194779872894e-02 2.570939948782324791e-03 8.098316788673400879e-01 -1.313528884202241898e-02 9.999136924743652344e-01 8.835514745442196727e-05 -8.037336170673370361e-03 -2.569557633250951767e-03 -1.221194688696414232e-04 9.999966621398925781e-01 1.029428374022245407e-02 5.846323013305664062e+01
4.153250000000000000e+06 9.999032777374567971e-01 1.390774413964066675e-02 9.913514070976642159e-05 8.177591135455793969e-01 -1.390773285661402875e-02 9.999032763545631086e-01 -1.136095898430979648e-04 -1.169202670866833008e-02 -1.007056050648121021e-04 1.122198562483138739e-04 9.999999886325426912e-01 1.063366142980819509e-02 9.998980760574340820e-01 1.426223944872617722e-02 6.642238004133105278e-04 8.101344704627990723e-01 -1.426189299672842026e-02 9.998982548713684082e-01 -4.453071451280266047e-04 -8.601076900959014893e-03 -6.705069681629538536e-04 4.357947327662259340e-04 9.999996423721313477e-01 1.183025352656841278e-02 5.878543853759765625e+01
4.257002000000000000e+06 9.999020587603009158e-01 1.399524851101167401e-02 7.682649672731401130e-05 7.997532619944887067e-01 -1.399523770126206122e-02 9.999020521343943146e-01 -1.394825995641732019e-04 -1.185589026590142328e-02 -7.877106541669218632e-05 1.383937333613436316e-04 9.999999873211465884e-01 1.044305347610119741e-02 9.998931288719177246e-01 1.459392812103033066e-02 -8.355019381269812584e-04 8.160827755928039551e-01 -1.459362171590328217e-02 9.998933672904968262e-01 4.055856261402368546e-04 -8.530764840543270111e-03 8.413257310166954994e-04 -3.933483385480940342e-04 9.999995827674865723e-01 1.046048104763031006e-02 5.887894439697265625e+01
4.360751000000000000e+06 9.998565871328449761e-01 1.693517788131729263e-02 7.016471618608441038e-05 8.156282871488894637e-01 -1.693515887164390860e-02 9.998565552743858831e-01 -2.632009345833188300e-04 -1.473743227560598938e-02 -7.461200598184670118e-05 2.619749375920740709e-04 9.999999629010903890e-01 1.065046646245542024e-02 9.998621344566345215e-01 1.657344028353691101e-02 -9.854956297203898430e-04 8.198852539062500000e-01 -1.657387427985668182e-02 9.998625516891479492e-01 -4.258244880475103855e-04 -1.171915978193283081e-02 9.782961569726467133e-04 4.420955374371260405e-04 9.999994635581970215e-01 1.124972663819789886e-02 5.894400024414062500e+01
4.464541000000000000e+06 9.997900812320135167e-01 2.048881642096802777e-02 4.324288788961402202e-05 8.473484961220379974e-01 -2.048878211729348794e-02 9.997898493947920961e-01 -6.832661873584462220e-04 -1.910670543162871701e-02 -5.723311591011981240e-05 6.822367628496721218e-04 9.999997656386564460e-01 1.136583189094900366e-02 9.997884631156921387e-01 2.052626572549343109e-02 -1.323409611359238625e-03 8.223639726638793945e-01 -2.052470296621322632e-02 9.997887015342712402e-01 1.191222690977156162e-03 -1.293501723557710648e-02 1.347593264654278755e-03 -1.163801294751465321e-03 9.999983310699462891e-01 1.249306090176105499e-02 5.959174346923828125e+01
4.568398000000000000e+06 9.996852474113637754e-01 2.508794115763077204e-02 -3.633390007515192204e-05 8.196286225844572337e-01 -2.508796702250880306e-02 9.996844542187827143e-01 -1.259328226399200482e-03 -2.426715192105780017e-02 4.728482804995042221e-06 1.259843393263936464e-03 9.999992063858226254e-01 1.111133875723917946e-02 9.996734857559204102e-01 2.554260566830635071e-02 -7.052377332001924515e-04 8.277322053909301758e-01 -2.554042823612689972e-02 9.996694922447204590e-01 2.936806762591004372e-03 -1.325904764235019684e-02 7.800235180184245110e-04 -2.917833393439650536e-03 9.999954104423522949e-01 1.078680157661437988e-02 5.924793624877929688e+01
4.672274000000000000e+06 9.994823544148724315e-01 3.217177697950706489e-02 3.538368085482035473e-06 8.416036753887013999e-01 -3.217174076117430143e-02 9.994810516525464150e-01 1.614471193647748362e-03 -2.297565488294827166e-02 4.840387365916727912e-05 -1.613749305245979577e-03 9.999986967343149624e-01 6.434873387785964606e-03 9.995449781417846680e-01 3.016400337219238281e-02 1.903245574794709682e-04 8.289836049079895020e-01 -3.016438335180282593e-02 9.995417594909667969e-01 2.517630346119403839e-03 -1.512144692242145538e-02 -1.143003100878559053e-04 -2.522239927202463150e-03 9.999968409538269043e-01 9.766380302608013153e-03 5.912384033203125000e+01
4.776128000000000000e+06 9.994347886715297946e-01 3.361551037038511269e-02 3.173766389289889994e-04 8.476314949123917586e-01 -3.361608713341736332e-02 9.994327545967984783e-01 2.031698169517181293e-03 -2.267816498888002713e-02 -2.489000419820894955e-04 -2.041218790835181655e-03 9.999978857352086470e-01 5.786899947514636926e-03 9.994527697563171387e-01 3.307594358921051025e-02 -7.774919504299759865e-05 8.352388143539428711e-01 -3.307580575346946716e-02 9.994519352912902832e-01 1.328883110545575619e-03 -2.004544809460639954e-02 1.216598611790686846e-04 -1.325573888607323170e-03 9.999991059303283691e-01 1.039040833711624146e-02 5.952627182006835938e+01
4.880125000000000000e+06 9.993756177170108890e-01 3.532927214688256351e-02 4.660856386329780780e-04 8.417156290083901427e-01 -3.533011041888186460e-02 9.993738270766947540e-01 1.933143905568069547e-03 -2.387993630607410100e-02 -3.974972209306521561e-04 -1.948403741919853922e-03 9.999980228574441021e-01 5.608538135796927240e-03 9.994117021560668945e-01 3.429880738258361816e-02 -5.324135054252110422e-05 8.367519974708557129e-01 -3.429882228374481201e-02 9.994116425514221191e-01 -6.993456918280571699e-05 -2.327519468963146210e-02 5.081584822619333863e-05 7.171688048401847482e-05 1.000000000000000000e+00 1.241294573992490768e-02 5.909231948852539062e+01
4.984148000000000000e+06 9.993455430411345430e-01 3.615867434232138827e-02 1.017801051566975768e-03 8.416158316263087080e-01 -3.616101263869663657e-02 9.993431396222025587e-01 2.381281273659132964e-03 -2.371414388344734656e-02 -9.310285272987342759e-04 -2.416527543026657839e-03 9.999966467847517526e-01 4.821115185951140719e-03 9.994227886199951172e-01 3.395960107445716858e-02 -8.270770194940268993e-04 8.381923437118530273e-01 -3.396043553948402405e-02 9.994227290153503418e-01 -1.015443238429725170e-03 -2.461939677596092224e-02 7.921056239865720272e-04 1.042948802933096886e-03 9.999991655349731445e-01 1.213285699486732483e-02 5.881692886352539062e+01
5.088126000000000000e+06 9.994508470243961273e-01 3.313329084129888746e-02 4.352289944552409882e-04 8.273903645191290623e-01 -3.313414454771158868e-02 9.994486484589589770e-01 2.127807017167034943e-03 -2.247542831153301335e-02 -3.644877817843513758e-04 -2.141059465976999886e-03 9.999976415037374888e-01 5.534883226903384093e-03 9.994572401046752930e-01 3.289036452770233154e-02 -1.881341799162328243e-03 8.405036926269531250e-01 -3.289029747247695923e-02 9.994589686393737793e-01 6.641644722549244761e-05 -2.242556959390640259e-02 1.882513985037803650e-03 -4.510297458182321861e-06 9.999982714653015137e-01 1.198297273367643356e-02 5.884179306030273438e+01
5.192023000000000000e+06 9.994766591589888671e-01 3.234505264534605351e-02 -4.531094480502497216e-04 8.399298379396105130e-01 -3.234559906459094636e-02 9.994759555998866674e-01 -1.255524266751271078e-03 -2.954534070856114358e-02 4.122619978285166744e-04 1.269523296934781933e-03 9.999991091748759997e-01 1.022232553895230725e-02 9.994674324989318848e-01 3.254225105047225952e-02 -2.408947562798857689e-03 8.409947156906127930e-01 -3.253961727023124695e-02 9.994698166847229004e-01 1.124475500546395779e-03 -2.054456621408462524e-02 2.444266341626644135e-03 -1.045480952598154545e-03 9.999964237213134766e-01 1.138967927545309067e-02 5.916723251342773438e+01
5.295877000000000000e+06 9.994320901899393927e-01 3.369710917962470687e-02 -4.449828343578442517e-05 8.503607450989086880e-01 -3.369702028373680602e-02 9.994312095717023947e-01 1.329739338600309387e-03 -2.434340684795090887e-02 8.928134299546320967e-05 -1.327484707122024215e-03 9.999991149062432694e-01 6.730202251029078833e-03 9.994645714759826660e-01 3.251156955957412720e-02 -3.692102618515491486e-03 8.418132662773132324e-01 -3.252466022968292236e-02 9.994646906852722168e-01 -3.544928273186087608e-03 -2.591914124786853790e-02 3.574866801500320435e-03 3.663108451291918755e-03 9.999869465827941895e-01 1.051115710288286209e-02 5.904323196411132812e+01
5.399752000000000000e+06 9.994599643027537450e-01 3.285603479196429894e-02 -5.106798597567369351e-04 8.604518095096678199e-01 -3.285692705638377370e-02 9.994583534375413025e-01 -1.849905062845886910e-03 -3.090210181918194229e-02 4.496227100644217562e-04 1.865685418096611975e-03 9.999981585270768525e-01 1.175503328724749122e-02 9.994864463806152344e-01 3.171650320291519165e-02 -4.571177065372467041e-03 8.431248068809509277e-01 -3.174606710672378540e-02 9.994744658470153809e-01 -6.552269682288169861e-03 -3.169369325041770935e-02 4.360969178378582001e-03 6.694031879305839539e-03 9.999680519104003906e-01 9.057827293872833252e-03 6.004835128784179688e+01
5.503628000000000000e+06 9.995298291267824542e-01 3.065879625079497364e-02 -3.986749244443538696e-04 8.601666463566746135e-01 -3.065943799804711142e-02 9.995284127202036517e-01 -1.717867941131181325e-03 -2.857631906282206286e-02 3.458191536710405502e-04 1.729283398261036858e-03 9.999984449928835950e-01 1.209080845527555834e-02 9.995125532150268555e-01 3.071575053036212921e-02 -5.594443995505571365e-03 8.402280211448669434e-01 -3.075401298701763153e-02 9.995033144950866699e-01 -6.874709855765104294e-03 -3.114794567227363586e-02 5.380508024245500565e-03 7.043403107672929764e-03 9.999606609344482422e-01 1.010437868535518646e-02 5.970025634765625000e+01
5.607400000000000000e+06 9.995465634333661198e-01 3.010946500155814443e-02 -2.961772860323036438e-04 8.346491483455680260e-01 -3.010991368380538935e-02 9.995452327520920610e-01 -1.649501699683862113e-03 -2.872384126458987774e-02 2.463769847313966588e-04 1.657671627137315704e-03 9.999985957107092593e-01 1.146746526429708035e-02 9.995648860931396484e-01 2.923963963985443115e-02 -3.879332216456532478e-03 8.434756994247436523e-01 -2.926581539213657379e-02 9.995480179786682129e-01 -6.880804430693387985e-03 -3.141238912940025330e-02 3.676384687423706055e-03 6.991341244429349899e-03 9.999688267707824707e-01 9.961904957890510559e-03 5.950473785400390625e+01
5.711251000000000000e+06 9.996058850857352240e-01 2.807171847015444907e-02 -2.305060228970704211e-04 8.464103072083183354e-01 -2.807204024094133235e-02 9.996047206900116056e-01 -1.537185711476425675e-03 -2.623889441701541744e-02 1.872634645964006434e-04 1.543050657945636795e-03 9.999987919628149369e-01 1.200941001128234646e-02 9.995827078819274902e-01 2.861655130982398987e-02 -3.946030512452125549e-03 8.502045273780822754e-01 -2.865035645663738251e-02 9.995509386062622070e-01 -8.774780668318271637e-03 -3.705010190606117249e-02 3.693157341331243515e-03 8.884179405868053436e-03 9.999536871910095215e-01 1.246251352131366730e-02 5.950774383544921875e+01
5.815003000000000000e+06 9.996327319465204697e-01 2.709903001529889374e-02 -2.092323147920396084e-04 8.475590800776403588e-01 -2.709930246515490984e-02 9.996317196664779026e-01 -1.432769100709535949e-03 -2.527363506001710503e-02 1.703286049749618090e-04 1.437912940281340811e-03 9.999989516967000558e-01 1.204275343231534130e-02 9.996013045310974121e-01 2.716101333498954773e-02 -7.705722935497760773e-03 8.430604934692382812e-01 -2.721091918647289276e-02 9.996088743209838867e-01 -6.458927877247333527e-03 -3.261204063892364502e-02 7.527281530201435089e-03 6.666036322712898254e-03 9.999494552612304688e-01 1.616594381630420685e-02 5.964582443237304688e+01
5.918752000000000000e+06 9.996526104890565145e-01 2.635587483560486097e-02 -1.619014753792098402e-04 8.410302701318796981e-01 -2.635607279250751570e-02 9.996516728613360492e-01 -1.374911100158789177e-03 -2.492508022495466824e-02 1.256080962547890048e-04 1.378700557490662639e-03 9.999990417032413870e-01 1.191359291003074063e-02 9.995393753051757812e-01 2.665097825229167938e-02 -1.451456360518932343e-02 8.336136341094970703e-01 -2.672138810157775879e-02 9.996320605278015137e-01 -4.679450299590826035e-03 -3.015574812889099121e-02 1.438450999557971954e-02 5.065142177045345306e-03 9.998837113380432129e-01 1.470023952424526215e-02 5.990703964233398438e+01
6.022375000000000000e+06 9.996498878347912509e-01 2.645913901022834552e-02 -1.255936226786231969e-04 8.347808598529847801e-01 -2.645928975279320666e-02 9.996489003600170786e-01 -1.407854390331555756e-03 -2.532756686535967555e-02 8.829891492705230650e-05 1.410684601197617887e-03 9.999990010857140454e-01 1.176618457886919981e-02 9.994930028915405273e-01 2.627472020685672760e-02 -1.798331923782825470e-02 8.282617330551147461e-01 -2.629566751420497894e-02 9.996537566184997559e-01 -9.273898322135210037e-04 -2.337446995079517365e-02 1.795272342860698700e-02 1.399805187247693539e-03 9.998378753662109375e-01 9.085897356271743774e-03 5.990435028076171875e+01
6.126131000000000000e+06 9.996654101326071240e-01 2.586633183833826968e-02 -2.608098020415335321e-05 8.058554253916059285e-01 -2.586634350666620549e-02 9.996645036261634365e-01 -1.346284547893490018e-03 -2.535556242232773344e-02 -8.751211767536542195e-06 1.346508714311863515e-03 9.999990934184634916e-01 1.100207990227665758e-02 9.995040893554687500e-01 2.681609056890010834e-02 -1.650575362145900726e-02 8.246240019798278809e-01 -2.680420130491256714e-02 9.996402859687805176e-01 9.371445048600435257e-04 -1.921942271292209625e-02 1.652496308088302612e-02 -4.942550440318882465e-04 9.998633265495300293e-01 3.786790417507290840e-03 6.002489471435546875e+01
6.229773000000000000e+06 9.996581133765852778e-01 2.614626811211503629e-02 -1.704289244116572767e-04 8.456471766885030883e-01 -2.614647216677906325e-02 9.996572357816364551e-01 -1.331527148887355454e-03 -2.446783806444568013e-02 1.355560427552182580e-04 1.335528032567174974e-03 9.999990989943395858e-01 1.196432916547265045e-02 9.995881915092468262e-01 2.679623104631900787e-02 -1.027257554233074188e-02 8.317983150482177734e-01 -2.682051435112953186e-02 9.996377229690551758e-01 -2.223757794126868248e-03 -2.287059649825096130e-02 1.020925771445035934e-02 2.498354297131299973e-03 9.999447464942932129e-01 6.563411559909582138e-03 6.008000183105468750e+01
6.333503000000000000e+06 9.996769441172211890e-01 2.541667542632349702e-02 4.358016660674021714e-06 8.032309914165695064e-01 -2.541664818674373161e-02 9.996760960984729660e-01 -1.302648285136596843e-03 -2.505968034965986441e-02 -3.746559331653507067e-05 1.302116690775435631e-03 9.999991515438774181e-01 1.105535947521206486e-02 9.996628165245056152e-01 2.573236450552940369e-02 -3.481239313259720802e-03 8.330118656158447266e-01 -2.573846466839313507e-02 9.996672868728637695e-01 -1.713080564513802528e-03 -2.327901124954223633e-02 3.435995662584900856e-03 1.802107319235801697e-03 9.999924302101135254e-01 7.362422067672014236e-03 6.066835021972656250e+01
6.437129000000000000e+06 9.996796913778646099e-01 2.530830038529535697e-02 -6.765171385876621400e-05 8.275851857908256282e-01 -2.530836637129812994e-02 9.996788691036831986e-01 -1.282675985063431697e-03 -2.445840493958471168e-02 3.516763959967173902e-05 1.283977287249062375e-03 9.999991750824392955e-01 1.158863612951899387e-02 9.996901750564575195e-01 2.484521269798278809e-02 1.550142769701778889e-03 8.341279625892639160e-01 -2.484173700213432312e-02 9.996890425682067871e-01 -2.184972399845719337e-03 -2.191538736224174500e-02 -1.603941782377660275e-03 2.145790262147784233e-03 9.999964833259582520e-01 9.074128232896327972e-03 6.041548919677734375e+01
6.540880000000000000e+06 9.997450226063983036e-01 2.258073908285206446e-02 4.519668443710351570e-06 8.316120102854182017e-01 -2.258072447490922993e-02 9.997445669681827018e-01 -9.548424243990824090e-04 -2.177997908788017328e-02 -2.607956059758628851e-05 9.544969037949758072e-04 9.999995441276763319e-01 1.141283343367801607e-02 9.997255206108093262e-01 2.267641201615333557e-02 5.889587569981813431e-03 8.345349431037902832e-01 -2.266110107302665710e-02 9.997396469116210938e-01 -2.665007719770073891e-03 -2.195649221539497375e-02 -5.948491860181093216e-03 2.530811354517936707e-03 9.999790787696838379e-01 1.193780731409788132e-02 6.013056182861328125e+01
6.644505000000000000e+06 9.997965152918555365e-01 2.017239248230363879e-02 5.093421689028922725e-05 8.218113450642455797e-01 -2.017235132577713946e-02 9.997962659459749268e-01 -7.091156252898039468e-04 -1.910913213312251044e-02 -6.522839847694197391e-05 7.079438681933122130e-04 9.999997472803373588e-01 1.096816206480351330e-02 9.997730851173400879e-01 2.046271413564682007e-02 5.914105568081140518e-03 8.290365338325500488e-01 -2.042761258780956268e-02 9.997737407684326172e-01 -5.935615394264459610e-03 -2.539420500397682190e-02 -6.034227553755044937e-03 5.813456606119871140e-03 9.999648928642272949e-01 1.542980689555406570e-02 5.995804977416992188e+01
6.748254000000000000e+06 9.998770461281917266e-01 1.568067470130086669e-02 9.527337560223915144e-05 8.171179994253556789e-01 -1.568065028973886568e-02 9.998770193477737322e-01 -2.517873050999821236e-04 -1.378820680032859063e-02 -9.920985348320269603e-05 2.502623984540991529e-04 9.999999637630693217e-01 1.068123269269784237e-02 9.998732209205627441e-01 1.592203415930271149e-02 7.121646922314539552e-05 8.220546245574951172e-01 -1.592166721820831299e-02 9.998669624328613281e-01 -3.519216319546103477e-03 -2.040607668459415436e-02 -1.272415393032133579e-04 3.517634468153119087e-03 9.999938011169433594e-01 1.826459541916847229e-02 6.072051239013671875e+01
6.851878000000000000e+06 9.999278752207703125e-01 1.200973935315197139e-02 1.025988454598014481e-04 8.224360494149607348e-01 -1.200972712093695272e-02 9.999278735480182645e-01 -1.190193144856156970e-04 -1.010813607066439468e-02 -1.040208362216163624e-04 1.177785461876048923e-04 9.999999876539406030e-01 1.080376229370784077e-02 9.999140501022338867e-01 1.294644363224506378e-02 -2.055379096418619156e-03 8.116897344589233398e-01 -1.295161806046962738e-02 9.999129176139831543e-01 -2.543902723118662834e-03 -1.427327748388051987e-02 2.022268250584602356e-03 2.570310607552528381e-03 9.999946951866149902e-01 1.403367053717374802e-02 5.991705703735351562e+01
6.955504000000000000e+06 9.999245666481300088e-01 1.228229755033342571e-02 7.866710128122980606e-05 7.846045894107174234e-01 -1.228228455589005022e-02 9.999245565205411301e-01 -1.635890173474870894e-04 -1.063607414369299384e-02 -8.067041524114959604e-05 1.626104656088537355e-04 9.999999835250610314e-01 1.045622748321066789e-02 9.999302029609680176e-01 1.150796562433242798e-02 -2.691942965611815453e-03 8.038085103034973145e-01 -1.151219569146633148e-02 9.999325275421142578e-01 -1.558691496029496193e-03 -1.223799958825111389e-02 2.673827344551682472e-03 1.589574967510998249e-03 9.999951720237731934e-01 1.207615341991186142e-02 6.067094421386718750e+01
7.059005000000000000e+06 9.999323586555006749e-01 1.163059511320514543e-02 8.582994593004786754e-05 8.019090443644336652e-01 -1.163058476323604838e-02 9.999323552450347652e-01 -1.201166193333321641e-04 -9.835101526747578454e-03 -8.722116779320912029e-05 1.191102419912428296e-04 9.999999891026086773e-01 1.065931346806561764e-02 9.999230504035949707e-01 1.193345058709383011e-02 -3.368452191352844238e-03 8.002520799636840820e-01 -1.191265508532524109e-02 9.999102354049682617e-01 6.124549079686403275e-03 -1.257826224900782108e-03 3.441241104155778885e-03 -6.083952262997627258e-03 9.999755620956420898e-01 1.425518468022346497e-02 6.090620803833007812e+01
7.162754000000000000e+06 9.999206765460816326e-01 1.259478655250590752e-02 1.094157403996256649e-04 8.208661116050319784e-01 -1.259477406350343297e-02 9.999206761808098198e-01 -1.140915520160617699e-04 -1.062735048573947363e-02 -1.108440198299627836e-04 1.127044353899473860e-04 9.999999875056569953e-01 1.083850269183613164e-02 9.999100565910339355e-01 1.332460157573223114e-02 1.544742379337549210e-03 8.035973310470581055e-01 -1.332896854728460312e-02 9.999071955680847168e-01 2.826868789270520210e-03 -7.852296403143554926e-05 -1.506938599050045013e-03 -2.847200492396950722e-03 9.999947547912597656e-01 1.249650865793228149e-02 6.096387100219726562e+01
7.266377000000000000e+06 9.999525870583068077e-01 9.737597221277965315e-03 5.324136746074285804e-05 7.912014643317129003e-01 -9.737590146932137425e-03 9.999525798907005214e-01 -1.315558822337075805e-04 -8.181568870517486394e-03 -5.451988095755589146e-05 1.310312021609849869e-04 9.999999899292031369e-01 1.042805875775269960e-02 9.999454617500305176e-01 1.041135750710964203e-02 -8.903274429030716419e-04 8.042898178100585938e-01 -1.041332539170980453e-02 9.999431967735290527e-01 -2.254868391901254654e-03 -1.355441659688949585e-02 8.667935617268085480e-04 2.264015842229127884e-03 9.999971389770507812e-01 1.111419592052698135e-02 6.052259063720703125e+01
7.370130000000000000e+06 9.999647802995820234e-01 8.392654001188890392e-03 3.900455125637763043e-05 8.182277586316806239e-01 -8.392649206367225681e-03 9.999647737180129559e-01 -1.215093098628101796e-04 -6.723373069340770475e-03 -4.002296283586347840e-05 1.211776788352000969e-04 9.999999918570665614e-01 1.054189443188738133e-02 9.999611377716064453e-01 8.630434982478618622e-03 -1.791001181118190289e-03 8.099488615989685059e-01 -8.636324666440486908e-03 9.999571442604064941e-01 -3.330076113343238831e-03 -1.259114220738410950e-02 1.762189320288598537e-03 3.345414297655224800e-03 9.999928474426269531e-01 1.242382358759641647e-02 6.038457489013671875e+01
7.473752000000000000e+06 9.999889129582435476e-01 4.708793899482166881e-03 -3.493732340712931138e-05 8.096826524881137743e-01 -4.708795178746829832e-03 9.999889128918492132e-01 -3.662453196858775161e-05 -3.128425298920374346e-03 3.476447868065057927e-05 3.678863861078639777e-05 9.999999987190135720e-01 1.001590970060878098e-02 9.999821782112121582e-01 4.800686147063970566e-03 -3.546778811141848564e-03 8.224918842315673828e-01 -4.802968353033065796e-03 9.999882578849792480e-01 -6.309557938948273659e-04 -4.456765949726104736e-03 3.543709870427846909e-03 6.479757139459252357e-04 9.999935030937194824e-01 9.510490112006664276e-03 6.019424057006835938e+01
7.577401000000000000e+06 9.999997013866364082e-01 -7.627652660720864479e-04 -1.241604019225194401e-04 8.360661615653007805e-01 7.627726851864511911e-04 9.999997073057682595e-01 5.971789198572837343e-05 1.751378659118764608e-03 1.241148148491289926e-04 -5.981258031340162384e-05 9.999999905089842489e-01 1.006072402176270628e-02 9.999973177909851074e-01 -1.692160585662350059e-04 -2.309712115675210953e-03 8.386055231094360352e-01 1.693791855359449983e-04 9.999999403953552246e-01 6.426282197935506701e-05 -9.529262897558510303e-04 2.309702103957533836e-03 -6.464523175964131951e-05 9.999973177909851074e-01 4.345473367720842361e-03 6.000681686401367188e+01
7.681003000000000000e+06 9.999919696928964985e-01 -4.005804192838459572e-03 -1.186711996035840031e-04 8.611945991593770167e-01 4.005811716269415922e-03 9.999919747053631625e-01 6.322757144223825133e-05 3.351562821205563824e-03 1.184169699672150673e-04 -6.370243817642070574e-05 9.999999909597104830e-01 1.037061324288260020e-02 9.999933242797851562e-01 -3.611027961596846581e-03 5.917900707572698593e-04 8.581505417823791504e-01 3.612263128161430359e-03 9.999912381172180176e-01 -2.129419241100549698e-03 4.350818926468491554e-04 -5.840891972184181213e-04 2.131529618054628372e-03 9.999975562095642090e-01 7.030961569398641586e-03 6.069647979736328125e+01
7.784655000000000000e+06 9.999782816729312351e-01 -6.590612902047706528e-03 2.140110322121226529e-06 8.681636509297581128e-01 6.590612710828894910e-03 9.999782785081764436e-01 7.960196476489615834e-05 5.051369894221674137e-03 -2.664689565061593090e-06 -7.958613130530012216e-05 9.999999968294736030e-01 1.025695583403373953e-02 9.999765753746032715e-01 -6.736673414707183838e-03 1.147649833001196384e-03 8.762705922126770020e-01 6.735108327120542526e-03 9.999763965606689453e-01 1.385630457662045956e-03 8.204955607652664185e-03 -1.156957820057868958e-03 -1.377869863063097000e-03 9.999984502792358398e-01 7.410568650811910629e-03 6.018972778320312500e+01
7.888275000000000000e+06 9.999692085288922616e-01 -7.847294192659799023e-03 4.437447080913927973e-05 8.944541568356342287e-01 7.847291835643227520e-03 9.999692081251184694e-01 5.304346092107061167e-05 6.064018071401854060e-03 -4.478935207115778490e-05 -5.269360821885489738e-05 9.999999976086488829e-01 1.082487510494923276e-02 9.999675154685974121e-01 -8.062919601798057556e-03 7.701063441345468163e-05 8.916886448860168457e-01 8.062768727540969849e-03 9.999660253524780273e-01 1.708709169179201126e-03 1.383783295750617981e-02 -9.079265146283432841e-05 -1.708034309558570385e-03 9.999984502792358398e-01 6.769759114831686020e-03 6.018547058105468750e+01
7.991881000000000000e+06 9.999751647416450506e-01 -7.047479194950723690e-03 5.420260064497132855e-05 9.205082474445315244e-01 7.047477195039641464e-03 9.999751655402248085e-01 3.699987463493697483e-05 5.118553362023199257e-03 -5.446201039412089520e-05 -3.661696414928423092e-05 9.999999978465436978e-01 1.159925656592072397e-02 9.999657869338989258e-01 -8.266513235867023468e-03 -2.436713111819699407e-04 9.083828926086425781e-01 8.266762830317020416e-03 9.999650120735168457e-01 1.331400126218795776e-03 1.324370037764310837e-02 2.326668763998895884e-04 -1.333353924565017223e-03 9.999991059303283691e-01 6.372991483658552170e-03 6.020892715454101562e+01
8.095633000000000000e+06 9.999776060672703748e-01 -6.692156510863172397e-03 4.903912707061232904e-05 9.162095172932068765e-01 6.692154464373673700e-03 9.999776064107033235e-01 4.177770044532932520e-05 4.769178969888897279e-03 -4.931761182088076470e-05 -4.144858746244863473e-05 9.999999979248939130e-01 1.149574036682190700e-02 9.999725818634033203e-01 -7.404032163321971893e-03 2.816107589751482010e-04 9.247135519981384277e-01 7.403341587632894516e-03 9.999696016311645508e-01 2.431871835142374039e-03 1.328298170119524002e-02 -2.996122930198907852e-04 -2.429731888696551323e-03 9.999969601631164551e-01 6.430453620851039886e-03 6.044195175170898438e+01
8.199389000000000000e+06 9.999862663905585425e-01 -5.240899421342999805e-03 1.966371612858973011e-06 9.159614018195908480e-01 5.240899378613018793e-03 9.999862661692577870e-01 2.114024591700742093e-05 3.600671924709819734e-03 -2.077138508264737095e-06 -2.112965002949387209e-05 9.999999997746117364e-01 1.164257013295913988e-02 9.999853372573852539e-01 -5.427362397313117981e-03 -1.004332007141783834e-04 9.424645304679870605e-01 5.427781958132982254e-03 9.999775290489196777e-01 3.943186718970537186e-03 1.527244877070188522e-02 7.903306686785072088e-05 -3.943677060306072235e-03 9.999923110008239746e-01 8.070422336459159851e-03 6.046105575561523438e+01
8.303130000000000000e+06 9.999976118368673061e-01 -2.185468805051383068e-03 -6.831978544535746719e-06 9.714547649623824777e-01 2.185468507527820858e-03 9.999976109252712853e-01 -4.325695489848367686e-05 1.505293393110386903e-03 6.926498947728405324e-06 4.324192051990249892e-05 9.999999990410799455e-01 1.267656920185652319e-02 9.999974370002746582e-01 -2.034348202869296074e-03 9.258561185561120510e-04 9.610834121704101562e-01 2.030106261372566223e-03 9.999877214431762695e-01 4.515205509960651398e-03 1.560232695192098618e-02 -9.350326145067811012e-04 -4.513312131166458130e-03 9.999893903732299805e-01 1.034770626574754715e-02 6.102326583862304688e+01
8.407006000000000000e+06 9.999998684451899544e-01 5.105418899083160808e-04 4.956377007926550512e-05 9.994868858477183871e-01 -5.105418983872166052e-04 9.999998696734569981e-01 1.584184798937555758e-07 1.843727051271948358e-05 -4.956368274051590995e-05 -1.837228416725974859e-07 9.999999987717037575e-01 1.248538752288960198e-02 9.999992847442626953e-01 3.272447211202234030e-04 1.219482976011931896e-03 9.766354560852050781e-01 -3.312541812192648649e-04 9.999946951866149902e-01 3.243534360080957413e-03 1.200007367879152298e-02 -1.218429766595363617e-03 -3.243932733312249184e-03 9.999939203262329102e-01 1.071156281977891922e-02 6.027503967285156250e+01
8.510755000000000000e+06 9.999997496796210195e-01 7.056379680274320375e-04 5.211292037913745133e-05 9.924472020749364187e-01 -7.056376854733449220e-04 9.999997510229012843e-01 -5.440145851711102162e-06 -7.121421110554949051e-05 -5.211674617765551241e-05 5.403371649631250222e-06 9.999999986273241381e-01 1.238918932386135277e-02 9.999989271163940430e-01 1.143676578067243099e-03 8.197145070880651474e-04 9.904410839080810547e-01 -1.144980313256382942e-03 9.999980926513671875e-01 1.586635364219546318e-03 8.726604282855987549e-03 -8.178851567208766937e-04 -1.587573089636862278e-03 9.999984502792358398e-01 1.138675585389137268e-02 6.011046218872070312e+01
8.614628000000000000e+06 9.999998573434291105e-01 5.304022368852112299e-04 6.313946379879829655e-05 1.009375864185890315e+00 -5.304026973556663985e-04 9.999998593100081212e-01 7.276389269881066994e-06 9.635914860791207175e-06 -6.313559550260784854e-05 -7.309877573371748312e-06 9.999999979802312033e-01 1.256809463952397211e-02 9.999997019767761230e-01 4.984057159163057804e-04 6.615921738557517529e-04 1.001204490661621094e+00 -4.984426195733249187e-04 9.999998211860656738e-01 9.329669410362839699e-05 7.557012606412172318e-03 -6.615443853661417961e-04 -9.362903801957145333e-05 9.999998211860656738e-01 9.397388435900211334e-03 6.051663970947265625e+01
8.718382000000000000e+06 9.999999982959951739e-01 1.725637650480321420e-05 5.576940937016812921e-05 1.004761454868298820e+00 -1.725584786953577028e-05 9.999999998061882556e-01 -9.479414134631701985e-06 2.382834689833542084e-04 -5.576957293969856739e-05 9.478451770035712740e-06 9.999999983999567910e-01 1.263068039914151675e-02 9.999995827674865723e-01 2.197266148868948221e-04 8.933852659538388252e-04 1.017318606376647949e+00 -2.196832210756838322e-04 1.000000000000000000e+00 6.844800373073667288e-05 6.333224009722471237e-03 -8.933732751756906509e-04 -6.864927854621782899e-05 9.999995231628417969e-01 8.193759247660636902e-03 6.025910568237304688e+01
8.822133000000000000e+06 9.999999933925353135e-01 -8.138906356801839219e-05 8.118343283666837448e-05 1.039387866230673918e+00 8.138772885391859664e-05 9.999999965528180157e-01 1.644388838091897739e-05 2.376222766650506470e-04 -8.118477090948652988e-05 -1.643728093706970142e-05 9.999999965694243986e-01 1.298360206065730937e-02 9.999997019767761230e-01 3.003712117788381875e-05 7.316292612813413143e-04 1.028917312622070312e+00 -2.996703187818638980e-05 1.000000000000000000e+00 -1.868250838015228510e-04 7.132274098694324493e-03 -7.316336268559098244e-04 1.868078397819772363e-04 9.999997019767761230e-01 9.809619747102260590e-03 6.047657775878906250e+01
8.925883000000000000e+06 9.999999932817467130e-01 9.612037047511409553e-05 6.478719698569182506e-05 1.019873090836786345e+00 -9.612060148035664526e-05 9.999999953740692504e-01 3.562495951356713540e-06 1.789172816595361703e-04 -6.478685425756122718e-05 -3.568723311744515904e-06 9.999999978949638546e-01 1.276132163473567629e-02 9.999999403953552246e-01 7.339643343584612012e-05 4.107922723051160574e-04 1.034749031066894531e+00 -7.347445352934300900e-05 1.000000000000000000e+00 3.207944973837584257e-04 6.384442094713449478e-03 -4.107719287276268005e-04 -3.208241832908242941e-04 9.999998211860656738e-01 1.096185017377138138e-02 6.072636795043945312e+01
9.029629000000000000e+06 9.999999797528237311e-01 -1.761091056860749672e-04 9.736496029770054181e-05 1.056816367887796204e+00 1.761057124357904246e-04 9.999999838858381063e-01 3.485831147381846174e-05 2.959481229601468723e-04 -9.737109759474120777e-05 -3.484116424251537458e-05 9.999999946524813499e-01 1.313171681784801662e-02 9.999995827674865723e-01 1.906748802866786718e-04 8.227955549955368042e-04 1.041211724281311035e+00 -1.921045768540352583e-04 9.999985694885253906e-01 1.653108512982726097e-03 9.765878319740295410e-03 -8.224789635278284550e-04 -1.653261482715606689e-03 9.999983310699462891e-01 1.283613778650760651e-02 6.040038299560546875e+01
9.133505000000000000e+06 9.999999918410243938e-01 1.045242380527226529e-04 7.343456208217788222e-05 1.024253016193649168e+00 -1.045248653796123067e-04 9.999999945008199997e-01 8.538879462214745650e-06 1.518066734373097317e-04 -7.343366915848206994e-05 -8.546555130230635335e-06 9.999999972672263260e-01 1.280399680320369778e-02 9.999997019767761230e-01 -6.650119757978245616e-05 8.673385018482804298e-04 1.038660168647766113e+00 6.609942647628486156e-05 9.999998211860656738e-01 5.030249012634158134e-04 7.886392995715141296e-03 -8.673823322169482708e-04 -5.029762396588921547e-04 9.999994635581970215e-01 1.474816724658012390e-02 6.070595169067382812e+01
9.237279000000000000e+06 9.999998487454379026e-01 -5.450640318913866104e-04 7.358197690946181207e-05 1.031572120931483427e+00 5.450635936112593590e-04 9.999998514349728307e-01 5.976273745793374903e-06 4.397539631991119165e-04 -7.358522342956493707e-05 -5.936165985738401584e-06 9.999999972749884503e-01 1.300173119336104320e-02 9.999997019767761230e-01 -6.684984546154737473e-04 3.846670006169006228e-05 1.036750316619873047e+00 6.684088730253279209e-04 9.999991059303283691e-01 1.168193528428673744e-03 8.800393901765346527e-03 -3.923270560335367918e-05 -1.168157788924872875e-03 9.999993443489074707e-01 1.745574362576007843e-02 6.126838302612304688e+01
9.341007000000000000e+06 9.999991104834271560e-01 -1.332987339226086561e-03 4.666001327244154677e-05 1.022368224905435330e+00 1.332987780816043003e-03 9.999991115269161179e-01 -9.434172594422826703e-06 9.032185570866841946e-04 -4.664739618399879774e-05 9.496361428401642365e-06 9.999999988669198148e-01 1.303592446477393717e-02 9.999980926513671875e-01 -1.369851524941623211e-03 1.412086770869791508e-03 1.034787178039550781e+00 1.369216013699769974e-03 9.999989271163940430e-01 4.477858019527047873e-04 8.647067472338676453e-03 -1.412698766216635704e-03 -4.458550829440355301e-04 9.999988675117492676e-01 1.656775176525115967e-02 6.041932678222656250e+01
9.444755000000000000e+06 9.999961523825059428e-01 -2.773834928074959526e-03 3.255922454495653991e-05 1.024866460468012663e+00 2.773835551025248970e-03 9.999961527283628415e-01 -1.910329749069648525e-05 1.647170638716999097e-03 -3.250610988783351633e-05 1.919353792157775857e-05 9.999999992874805121e-01 1.326985457948081683e-02 9.999932050704956055e-01 -2.364124637097120285e-03 2.813366474583745003e-03 1.034456372261047363e+00 2.365593332797288895e-03 9.999971389770507812e-01 -5.094806547276675701e-04 8.187599480152130127e-03 -2.812167163938283920e-03 5.161343724466860294e-04 9.999959468841552734e-01 1.773575693368911743e-02 6.029862213134765625e+01
9.548508000000000000e+06 9.999959450316230347e-01 -2.847429213867672115e-03 4.546637164960082560e-05 1.040184367130638332e+00 2.847429672860617329e-03 9.999959460135781075e-01 -1.003368027237469326e-05 1.673360778117433155e-03 -4.543761713524472744e-05 1.016310188174756978e-05 9.999999989160671676e-01 1.342126963511101195e-02 9.999941587448120117e-01 -2.786780474707484245e-03 1.976702362298965454e-03 1.031773209571838379e+00 2.787586068734526634e-03 9.999959468841552734e-01 -4.164139390923082829e-04 8.428205735981464386e-03 -1.975529594346880913e-03 4.219214606564491987e-04 9.999980330467224121e-01 1.876573078334331512e-02 6.037952041625976562e+01
9.652155000000000000e+06 9.999954208802881439e-01 -3.026135774520826490e-03 2.685061665236219795e-05 1.017997552316364684e+00 3.026136284901943200e-03 9.999954210589511172e-01 -1.898794876464995654e-05 1.809009771730747326e-03 -2.679303359535081813e-05 1.906911543988038560e-05 9.999999994592511099e-01 1.323925622470998285e-02 9.999962449073791504e-01 -2.666323678568005562e-03 6.285543786361813545e-04 1.026926517486572266e+00 2.666580025106668472e-03 9.999964237213134766e-01 -3.362816059961915016e-04 7.941093295812606812e-03 -6.276507629081606865e-04 3.379566478542983532e-04 9.999997019767761230e-01 1.879009045660495758e-02 6.050479888916015625e+01
9.755883000000000000e+06 9.999971017844148102e-01 -2.407473623029845414e-03 2.221787193849895998e-05 1.006076955504708437e+00 2.407474147988029108e-03 9.999971017507480742e-01 -2.363132369703890094e-05 1.506480144692448706e-03 -2.216091575815750457e-05 2.368474415968258086e-05 9.999999994739633413e-01 1.304549218942086496e-02 9.999969005584716797e-01 -2.474825596436858177e-03 -2.413290203548967838e-04 1.025322079658508301e+00 2.474622102454304695e-03 9.999966025352478027e-01 -7.219156250357627869e-04 6.337521132081747055e-03 2.431130269542336464e-04 7.213136414065957069e-04 9.999997019767761230e-01 1.909171044826507568e-02 6.026566314697265625e+01
9.859630000000000000e+06 9.999995388557901821e-01 -9.596132022678839765e-04 3.782462089484220244e-05 9.944203433939983183e-01 9.596141047787635917e-04 9.999995392858762600e-01 -2.384948530479868870e-05 7.449468092992746421e-04 -3.780171718736290268e-05 2.388577134674478347e-05 9.999999990002500505e-01 1.271532193479480398e-02 9.999993443489074707e-01 -1.016806112602353096e-03 -4.664806474465876818e-04 1.023241162300109863e+00 1.016928232274949551e-03 9.999995231628417969e-01 1.246697938768193126e-04 6.383051164448261261e-03 4.663586732931435108e-04 -1.251469657290726900e-04 9.999998807907104492e-01 1.875570602715015411e-02 6.038272094726562500e+01
9.963509000000000000e+06 9.999998922402898449e-01 4.583086643807784098e-04 7.397685869661286379e-05 1.023704282326312720e+00 -4.583097237653836233e-04 9.999998948737878202e-01 1.430416955712352344e-05 1.748665219184272887e-05 -7.397029519482389186e-05 -1.433807232957698009e-05 9.999999971614075278e-01 1.271928618587417348e-02 9.999980330467224121e-01 5.958153051324188709e-04 -1.913826679810881615e-03 1.014993667602539062e+00 -5.946911405771970749e-04 9.999997019767761230e-01 6.208017002791166306e-04 6.918988190591335297e-03 1.914195832796394825e-03 -6.196580943651497364e-04 9.999980330467224121e-01 2.027783356606960297e-02 6.048326492309570312e+01
1.006727000000000000e+07 9.999963506381369660e-01 2.700224978154031931e-03 8.657544263760447059e-05 9.882876695453934879e-01 -2.700224353289443040e-03 9.999963543606004146e-01 -7.333647547854932558e-06 -1.256948625380087479e-03 -8.659492951349859213e-05 7.099847660725473416e-06 9.999999962254551011e-01 1.201974232766362012e-02 9.999910593032836914e-01 3.237373195588588715e-03 -2.727545099332928658e-03 1.011161446571350098e+00 -3.233405528590083122e-03 9.999936819076538086e-01 1.437278231605887413e-03 6.777550559490919113e-03 2.732185646891593933e-03 -1.428444287739694118e-03 9.999952316284179688e-01 1.847713440656661987e-02 6.021907043457031250e+01
1.017113000000000000e+07 9.999878376527285839e-01 4.930782835940348934e-03 1.092120961823158661e-04 9.947707348081761269e-01 -4.930782183765848765e-03 9.999878436001882198e-01 -6.240079850391387821e-06 -2.563834809246134591e-03 -1.092415370349869081e-04 5.701502899083331943e-06 9.999999940168897705e-01 1.176157602202045592e-02 9.999863505363464355e-01 5.030849948525428772e-03 -1.390571938827633858e-03 1.005824208259582520e+00 -5.029086023569107056e-03 9.999865889549255371e-01 1.290212851017713547e-03 4.657307639718055725e-03 1.397037412971258163e-03 -1.283205696381628513e-03 9.999982118606567383e-01 1.668012514710426331e-02 6.122323226928710938e+01
1.027501000000000000e+07 9.999793805012443526e-01 6.420796527004629488e-03 1.092896706933937164e-04 1.028997181462557364e+00 -6.420795382068301450e-03 9.999793864222564777e-01 -1.082380727440616791e-05 -3.596653013087362794e-03 -1.093569153065478551e-04 1.012185747876579459e-05 9.999999939693064999e-01 1.225386814001591836e-02 9.999788403511047363e-01 6.297813728451728821e-03 1.653708401136100292e-03 1.007597446441650391e+00 -6.297239102423191071e-03 9.999800920486450195e-01 -3.646760596893727779e-04 1.263416372239589691e-03 -1.655979664064943790e-03 3.542501362971961498e-04 9.999985694885253906e-01 1.553986780345439911e-02 6.030204772949218750e+01
1.037888000000000000e+07 9.999837974074778923e-01 5.691449986833282092e-03 1.109928355652574844e-04 9.945066489140294008e-01 -5.691448505840615048e-03 9.999838034824883870e-01 -1.365443341412837839e-05 -3.052458614626746281e-03 -1.110687513930977405e-04 1.302250216569008659e-05 9.999999937470733791e-01 1.186267670584663370e-02 9.999720454216003418e-01 6.409969180822372437e-03 3.830301109701395035e-03 1.003117203712463379e+00 -6.405239924788475037e-03 9.999786615371704102e-01 -1.231578644365072250e-03 -4.825929645448923111e-03 -3.838108852505683899e-03 1.207012566737830639e-03 9.999918937683105469e-01 2.137680910527706146e-02 6.063846588134765625e+01
1.048276000000000000e+07 9.999806079499153899e-01 6.226714319608670639e-03 1.084179877983621653e-04 9.884939744006780993e-01 -6.226711766853878366e-03 9.999806135583290123e-01 -2.386714080512632760e-05 -3.419682625300689543e-03 -1.085644998208902149e-04 2.319159043915407334e-05 9.999999938379500186e-01 1.187933929891070092e-02 9.999817609786987305e-01 5.960017908364534378e-03 9.947509970515966415e-04 9.955888390541076660e-01 -5.962718278169631958e-03 9.999786019325256348e-01 2.706607105210423470e-03 2.726414008066058159e-03 -9.785955771803855896e-04 -2.712487010285258293e-03 9.999958276748657227e-01 2.227948047220706940e-02 6.054185485839843750e+01
1.058651000000000000e+07 9.999834351715453096e-01 5.754819557207807232e-03 1.069405282528934707e-04 9.642134152606895992e-01 -5.754816089843179175e-03 9.999834403749877643e-01 -3.270277712992199117e-05 -3.090085450612966439e-03 -1.071269559285758296e-04 3.208681237664829614e-05 9.999999937471262257e-01 1.164334002682836967e-02 9.999808073043823242e-01 5.837005097419023514e-03 -2.077908720821142197e-03 9.879391193389892578e-01 -5.841105710715055466e-03 9.999809265136718750e-01 -1.953070284798741341e-03 -2.628721995279192924e-03 2.066469285637140274e-03 1.965174684301018715e-03 9.999958872795104980e-01 2.166235446929931641e-02 6.057279968261718750e+01
1.069039000000000000e+07 9.999817205531077446e-01 6.045399797039285178e-03 1.081743323411357157e-04 9.785212381730836739e-01 -6.045396984752593461e-03 9.999817260750542003e-01 -2.630584958406006826e-05 -3.277825572531113067e-03 -1.083313849460376823e-04 2.565141195846877442e-05 9.999999938031581825e-01 1.178232283297507219e-02 9.999802112579345703e-01 5.656448192894458771e-03 -2.764643635600805283e-03 9.819975495338439941e-01 -5.656816996634006500e-03 9.999840855598449707e-01 -1.260264107258990407e-04 -1.535997958853840828e-03 2.763889729976654053e-03 1.416646846337243915e-04 9.999961853027343750e-01 1.978817768394947052e-02 6.060643386840820312e+01
1.079413000000000000e+07 9.999871597026203096e-01 5.066416654028319151e-03 1.088656681825629993e-04 1.001529221118575119e+00 -5.066416712081830802e-03 9.999871656282360854e-01 2.574836306376681997e-07 -2.647779718151888929e-03 -1.088629664407044981e-04 -8.090391745784220891e-07 9.999999940740998960e-01 1.183716810287542727e-02 9.999832510948181152e-01 5.698696710169315338e-03 -1.010615844279527664e-03 9.813482165336608887e-01 -5.696805194020271301e-03 9.999820590019226074e-01 1.859470969066023827e-03 2.372440416365861893e-03 1.021185889840126038e-03 -1.853688270784914494e-03 9.999977350234985352e-01 1.926209777593612671e-02 6.038899230957031250e+01
1.089801000000000000e+07 9.999915602650462088e-01 4.107297797182498170e-03 9.748479042094105110e-05 9.640968904890443447e-01 -4.107294763266353815e-03 9.999915645392853936e-01 -3.130176578287017098e-05 -2.097007692302507980e-03 -9.761253376697851957e-05 3.090110283033504807e-05 9.999999947584574667e-01 1.156969056591865275e-02 9.999895095825195312e-01 4.434683825820684433e-03 -1.159823150373995304e-03 9.761527180671691895e-01 -4.433338530361652374e-03 9.999894499778747559e-01 1.132042030803859234e-03 7.387062651105225086e-04 1.164833549410104752e-03 -1.126889721490442753e-03 9.999987483024597168e-01 1.825134269893169403e-02 6.045945739746093750e+01
1.100175000000000000e+07 9.999949683792033195e-01 3.171212913270206064e-03 8.139448320601420982e-05 9.673585426900638273e-01 -3.171210590657000134e-03 9.999949712887465925e-01 -2.864848130274694961e-05 -1.555367622920124761e-03 -8.148492432937202979e-05 2.839021811054796799e-05 9.999999962771013440e-01 1.176182136947384951e-02 9.999914169311523438e-01 3.879140364006161690e-03 1.430424861609935760e-03 9.742019176483154297e-01 -3.878294024616479874e-03 9.999923110008239746e-01 -5.728245014324784279e-04 -9.820128325372934341e-04 -1.432636985555291176e-03 5.672647384926676750e-04 9.999987483024597168e-01 1.533675380051136017e-02 6.038051223754882812e+01
1.110539000000000000e+07 9.999945936024488002e-01 3.287321737727756221e-03 7.925841420830967931e-05 9.654969759090723525e-01 -3.287319004675833423e-03 9.999945961542145989e-01 -3.458844978679031379e-05 -1.635106212709037336e-03 -7.937168926850908610e-05 3.432771510212324662e-05 9.999999962608715487e-01 1.173592652194201981e-02 9.999663233757019043e-01 2.950932364910840988e-03 7.662017829716205597e-03 9.794681072235107422e-01 -2.942616585642099380e-03 9.999950528144836426e-01 -1.103032729588449001e-03 -2.166571095585823059e-03 -7.665235083550214767e-03 1.080453512258827686e-03 9.999700784683227539e-01 1.381951570510864258e-02 6.124035263061523438e+01
1.120913000000000000e+07 9.999972728604592520e-01 2.334710521566541516e-03 5.829568343506844286e-05 9.616423634593010972e-01 -2.334708235029125511e-03 9.999972737943043644e-01 -3.926039266902347022e-05 -1.104668640318806280e-03 -5.838718616152562278e-05 3.912418218732470883e-05 9.999999975301173682e-01 1.187115139628263684e-02 9.999416470527648926e-01 2.432170556858181953e-03 1.052335742861032486e-02 9.767454266548156738e-01 -2.435793401673436165e-03 9.999970197677612305e-01 3.289732558187097311e-04 5.726443487219512463e-04 -1.052253041416406631e-02 -3.545789222698658705e-04 9.999445080757141113e-01 1.972005143761634827e-02 6.040675354003906250e+01
1.131289000000000000e+07 9.999993567553506768e-01 1.133799924061367793e-03 3.140972842645964384e-05 9.617356468789737267e-01 -1.133798873966488686e-03 9.999993566910506670e-01 -3.342981030137631183e-05 -2.898099548064017789e-04 -3.144761093803474604e-05 3.339417648183512629e-05 9.999999989479383400e-01 1.202693486864340154e-02 9.999849200248718262e-01 2.046438865363597870e-03 5.101603921502828598e-03 9.691765904426574707e-01 -2.049726434051990509e-03 9.999976158142089844e-01 6.441660225391387939e-04 1.880517811514437199e-03 -5.100273061543703079e-03 -6.546183140017092228e-04 9.999867677688598633e-01 2.044899389147758484e-02 6.036486434936523438e+01
1.141663000000000000e+07 9.999999761972657719e-01 2.181286669127458356e-04 -5.035196283164887509e-06 9.373228160834737865e-01 -2.181289040692335345e-04 9.999999750984542857e-01 -4.714735114989006390e-05 3.628820941584199114e-04 5.024911969054036954e-06 4.714844834948754440e-05 9.999999988758870861e-01 1.194486036707127774e-02 9.999657869338989258e-01 1.363763702102005482e-03 -8.167742751538753510e-03 9.520149230957031250e-01 -1.373463426716625690e-03 9.999983906745910645e-01 -1.181623782031238079e-03 -4.261733265593647957e-04 8.166122250258922577e-03 1.192799420095980167e-03 9.999660253524780273e-01 2.004845812916755676e-02 6.017631912231445312e+01
1.152039000000000000e+07 9.999993619233115139e-01 1.129496777671715885e-03 1.974716530617728118e-05 9.459181289147471361e-01 -1.129495903326621295e-03 9.999993611410292749e-01 -4.423221786610623149e-05 -2.515112976926273287e-04 -1.979711283997565176e-05 4.420988529939260840e-05 9.999999988267801454e-01 1.188736446704549178e-02 9.999810457229614258e-01 1.313530723564326763e-03 -6.010489538311958313e-03 9.480012059211730957e-01 -1.323800184763967991e-03 9.999976158142089844e-01 -1.706085051409900188e-03 -3.766860114410519600e-03 6.008239462971687317e-03 1.714014098979532719e-03 9.999805092811584473e-01 1.692428998649120331e-02 6.037075042724609375e+01
1.162401000000000000e+07 9.999999242849144654e-01 3.891322976051159936e-04 2.495196644354705587e-06 9.390415311266949727e-01 -3.891321849005035323e-04 9.999999232750700351e-01 -4.501113986879439605e-05 2.299855257394986898e-04 -2.512711740513936729e-06 4.501016549948750483e-05 9.999999989838856962e-01 1.192269791093971375e-02 9.999978542327880859e-01 7.594330818392336369e-04 -1.871720771305263042e-03 9.510756731033325195e-01 -7.697437540628015995e-04 9.999845027923583984e-01 -5.528367590159177780e-03 -6.214689463376998901e-03 1.867489074356853962e-03 5.529791582375764847e-03 9.999829530715942383e-01 1.287718676030635834e-02 6.025503921508789062e+01
1.172780000000000000e+07 9.999999807144601682e-01 1.963585916025282704e-04 -3.792515331027043571e-06 9.341663938040433157e-01 -1.963587759012637771e-04 9.999999795378977652e-01 -4.865629954674765244e-05 3.595574677353168816e-04 3.782961171070401038e-06 4.865704330204501972e-05 9.999999988090906289e-01 1.192002324254856117e-02 9.999981522560119629e-01 -1.659856498008593917e-04 1.906261546537280083e-03 9.520072340965270996e-01 1.729097421048209071e-04 9.999933838844299316e-01 -3.628843231126666069e-03 -4.693541675806045532e-03 -1.905644894577562809e-03 3.629172220826148987e-03 9.999915361404418945e-01 1.915476471185684204e-02 6.016179275512695312e+01
1.183151000000000000e+07 9.999994661701128162e-01 -1.032667725687519975e-03 -3.545262930223398587e-05 9.255036202340939377e-01 1.032665798693548900e-03 9.999994653247050724e-01 -5.432939704411497386e-05 1.102559083831347597e-03 3.550871455983290039e-05 5.429275732477601882e-05 9.999999978957139213e-01 1.210942064387150567e-02 9.999957084655761719e-01 -7.008360116742551327e-04 2.871695440262556076e-03 9.508250951766967773e-01 6.986589869484305382e-04 9.999994635581970215e-01 7.747032213956117630e-04 2.644312102347612381e-03 -2.872238401323556900e-03 -7.726983749307692051e-04 9.999956488609313965e-01 1.772553101181983948e-02 6.017446517944335938e+01
1.193526000000000000e+07 9.999999907877791250e-01 -1.356624277381637529e-04 -4.488582904652467284e-06 9.388122553405134907e-01 1.356622226463219687e-04 9.999999897554313621e-01 -4.566068946103441363e-05 5.537125872324553033e-04 4.494777298621592757e-06 4.566008010926780457e-05 9.999999989474770423e-01 1.202745025224037645e-02 9.999899864196777344e-01 -9.261221857741475105e-04 4.371818155050277710e-03 9.495205879211425781e-01 9.220247156918048859e-04 9.999990463256835938e-01 9.231415460817515850e-04 3.024500329047441483e-03 -4.372672643512487411e-03 -9.190987329930067062e-04 9.999900460243225098e-01 1.493395306169986725e-02 6.017046356201171875e+01
1.203893000000000000e+07 9.999992564382825799e-01 -1.219406156093324166e-03 -1.309695436782514253e-05 9.488659837743965708e-01 1.219405546247638063e-03 9.999992554449943505e-01 -4.647141639979152875e-05 1.085304609015052407e-03 1.315361214683003253e-05 4.645541134686542565e-05 9.999999988344386859e-01 1.234679853772800706e-02 9.999815821647644043e-01 -1.071791513822972775e-03 5.971422884613275528e-03 9.495880603790283203e-01 1.054048188962042332e-03 9.999950528144836426e-01 2.963296370580792427e-03 6.809722166508436203e-03 -5.974569357931613922e-03 -2.956941723823547363e-03 9.999777674674987793e-01 2.037965878844261169e-02 6.108358383178710938e+01
1.214264000000000000e+07 9.999991687262465012e-01 -1.289200605675639311e-03 -2.255244115260808627e-05 9.382595895342148440e-01 1.289199474367314080e-03 9.999991677266912848e-01 -5.010627226312676851e-05 1.172288043761878082e-03 2.261701941942557124e-05 5.007715601578991576e-05 9.999999984903744643e-01 1.225221878905906336e-02 9.999965429306030273e-01 -7.641289848834276199e-04 2.513969317078590393e-03 9.411048293113708496e-01 7.428653188981115818e-04 9.999641180038452148e-01 8.448959328234195709e-03 1.601715572178363800e-02 -2.520331181585788727e-03 -8.447066880762577057e-03 9.999610781669616699e-01 2.010785602033138275e-02 6.019091033935546875e+01
1.224638000000000000e+07 9.999980979299566419e-01 -1.949453007555700720e-03 -6.139569493622396750e-05 9.017300438251101280e-01 1.949450723477819895e-03 9.999980991257010343e-01 -3.724047069875375312e-05 1.740843119343448916e-03 6.146817677849810519e-05 3.712071198258353692e-05 9.999999974218579668e-01 1.161399459875637509e-02 9.999982714653015137e-01 -1.840188051573932171e-03 3.352393105160444975e-04 9.404581785202026367e-01 1.837722724303603172e-03 9.999719262123107910e-01 7.258467376232147217e-03 1.594930887222290039e-02 -3.485890338197350502e-04 -7.257840596139431000e-03 9.999736547470092773e-01 1.425468735396862030e-02 6.038079833984375000e+01
1.235015000000000000e+07 9.999969572997180478e-01 -2.466599894527467599e-03 -3.572251223532007277e-05 9.402950208947316035e-01 2.466597990829542605e-03 9.999969565253374881e-01 -5.323763290225020604e-05 1.711110799505712130e-03 3.585371945809032288e-05 5.314935783674062155e-05 9.999999979448281895e-01 1.241315498753102833e-02 9.999955296516418457e-01 -2.356107346713542938e-03 1.818901859223842621e-03 9.379172921180725098e-01 2.360256155952811241e-03 9.999946951866149902e-01 -2.262891735881567001e-03 1.297717331908643246e-03 -1.813560840673744678e-03 2.267175121232867241e-03 9.999957680702209473e-01 1.580377109348773956e-02 6.047001647949218750e+01
1.245388000000000000e+07 9.999946571348802271e-01 -3.268444019642578486e-03 -5.454605989756293211e-05 9.252979912263937790e-01 3.268441886416741191e-03 9.999946578630481975e-01 -3.915212936768078689e-05 2.203282696128268728e-03 5.467373504945581477e-05 3.897363955437114016e-05 9.999999977459190781e-01 1.207886600474426288e-02 9.999934434890747070e-01 -3.635208588093519211e-03 -2.944170846603810787e-04 9.339267611503601074e-01 3.633943386375904083e-03 9.999843835830688477e-01 -4.237586632370948792e-03 -2.411217428743839264e-03 3.098167944699525833e-04 4.236484412103891373e-03 9.999909996986389160e-01 1.911431550979614258e-02 6.032992172241210938e+01
1.255763000000000000e+07 9.999786189422007476e-01 -6.538938723535633532e-03 6.274705338543871643e-05 9.326244198544112463e-01 6.538936721175890240e-03 9.999786204098757292e-01 3.206387843303784520e-05 4.525183558884242167e-03 -6.295537562338960691e-05 -3.165289384624489895e-05 9.999999975173573530e-01 1.197445080054503064e-02 9.999753236770629883e-01 -5.885366350412368774e-03 -3.832714864984154701e-03 9.302322268486022949e-01 5.875787232071161270e-03 9.999796152114868164e-01 -2.501369919627904892e-03 2.104075625538825989e-03 3.847358748316764832e-03 2.478791167959570885e-03 9.999895095825195312e-01 1.398845389485359192e-02 6.009049606323242188e+01
1.266139000000000000e+07 9.999640239091460714e-01 -8.482039606977607310e-03 7.675051303907954421e-05 9.297858122129464276e-01 8.482038396260018626e-03 9.999640267354500400e-01 1.608649624332270101e-05 6.597279527279035702e-03 -7.688419837250259241e-05 -1.543491670745337010e-05 9.999999969252916232e-01 1.184583303377540961e-02 9.999599456787109375e-01 -8.943195454776287079e-03 4.626990994438529015e-04 9.316275119781494141e-01 8.945696987211704254e-03 9.999426007270812988e-01 -5.891359876841306686e-03 -4.092057642992585897e-04 -4.099874349776655436e-04 5.895260255783796310e-03 9.999825358390808105e-01 9.095727466046810150e-03 5.979471969604492188e+01
1.276505000000000000e+07 9.999595350675903882e-01 -8.995650950621592729e-03 8.058248353610683384e-05 9.321296642875751548e-01 8.995650239074774734e-03 9.999595382786783393e-01 9.188149050749315003e-06 7.147094031816743354e-03 -8.066187640974466862e-05 -8.462885434932448809e-06 9.999999967110206889e-01 1.189466695432162338e-02 9.999538064002990723e-01 -9.364823810756206512e-03 2.180579816922545433e-03 9.344694018363952637e-01 9.379852563142776489e-03 9.999316334724426270e-01 -6.977635901421308517e-03 -2.508891979232430458e-03 -2.115085953846573830e-03 6.997769232839345932e-03 9.999733567237854004e-01 1.447038445621728897e-02 6.002848052978515625e+01
1.286876000000000000e+07 9.999425155329174641e-01 -1.072197110177223502e-02 7.047619039304543970e-05 9.252356317918218886e-01 1.072197203393102614e-02 9.999425179237905192e-01 -1.286207925184033320e-05 8.739587823625084850e-03 -7.033423243510295172e-05 1.361698361467481705e-05 9.999999974338368292e-01 1.159289250811019155e-02 9.999336600303649902e-01 -1.144489739090204239e-02 -1.303301542066037655e-03 9.280372262001037598e-01 1.144647598266601562e-02 9.999337792396545410e-01 1.210498157888650894e-03 1.043925154954195023e-02 1.289360574446618557e-03 -1.225329935550689697e-03 9.999983906745910645e-01 7.815472781658172607e-03 5.997935867309570312e+01
1.297240000000000000e+07 9.999256387998493034e-01 -1.219485295286963124e-02 4.929879872269874027e-05 9.134306761687895904e-01 1.219485450930742586e-02 9.999256395032787292e-01 -3.139516297518058548e-05 9.996548670519205329e-03 -4.891227343894680038e-05 3.199402007833670406e-05 9.999999982919860475e-01 1.111166502068690505e-02 9.999198913574218750e-01 -1.260860823094844818e-02 1.060680835507810116e-03 9.305537939071655273e-01 1.260650437325239182e-02 9.999184608459472656e-01 2.034839941188693047e-03 1.619854755699634552e-02 -1.086253090761601925e-03 -2.021310152485966682e-03 9.999973177909851074e-01 6.013970356434583664e-03 6.057344055175781250e+01
1.307617000000000000e+07 9.999193994137318686e-01 -1.269619746297209056e-02 3.531921165616913860e-05 9.301781629051437683e-01 1.269619921591720602e-02 9.999193987722332366e-01 -4.985809010181033353e-05 1.032876403402293274e-02 -3.468335673274468934e-05 5.030249125403914368e-05 9.999999981333620447e-01 1.157600764160713128e-02 9.999032020568847656e-01 -1.333757955580949783e-02 3.955203574150800705e-03 9.297051429748535156e-01 1.333720050752162933e-02 9.999110698699951172e-01 1.147574803326278925e-04 9.995169006288051605e-03 -3.956373315304517746e-03 -6.199345807544887066e-05 9.999922513961791992e-01 7.516455370932817459e-03 6.022236633300781250e+01
1.317993000000000000e+07 9.999249210719982628e-01 -1.225359810348401572e-02 3.938385198314278007e-05 9.320996941449501971e-01 1.225359990808601134e-02 9.999249207715006360e-01 -4.591091457683911303e-05 9.966368500351530796e-03 -3.881832117214957837e-05 4.639006160469892327e-05 9.999999981705500751e-01 1.167776322921345450e-02 9.999175071716308594e-01 -1.276878919452428818e-02 1.435088459402322769e-03 9.227586388587951660e-01 1.276853773742914200e-02 9.999184012413024902e-01 2.049717732006683946e-04 1.150374673306941986e-02 -1.437590573914349079e-03 -1.866266684373840690e-04 9.999989271163940430e-01 1.070684939622879028e-02 5.985510253906250000e+01
1.328368000000000000e+07 9.999130201432999687e-01 -1.318907854486815572e-02 1.875036990544256166e-05 9.379589394656697721e-01 1.318907974210605134e-02 9.999130181756551439e-01 -6.522992152413855434e-05 1.069367538231522433e-02 -1.788841638843236231e-05 6.547154796360222465e-05 9.999999976967404169e-01 1.175193940504496749e-02 9.999093413352966309e-01 -1.342855952680110931e-02 1.012878492474555969e-03 9.267916679382324219e-01 1.342941634356975555e-02 9.999095797538757324e-01 -8.453975897282361984e-04 1.190765947103500366e-02 -1.001438940875232220e-03 8.589266217313706875e-04 9.999991655349731445e-01 6.326552480459213257e-03 5.999299240112304688e+01
1.338743000000000000e+07 9.999203331901466152e-01 -1.262237348577093139e-02 5.443691408488958655e-05 9.026825684316218679e-01 1.262237506703551941e-02 9.999203342371656422e-01 -2.880256540116814484e-05 1.037193065647641979e-02 -5.406902059542365501e-05 2.948739392733564066e-05 9.999999981035173624e-01 1.074665305747833297e-02 9.999091625213623047e-01 -1.347467489540576935e-02 -2.146739861927926540e-04 9.202423691749572754e-01 1.347413472831249237e-02 9.999062418937683105e-01 -2.427797066047787666e-03 7.319502532482147217e-03 2.473686472512781620e-04 2.424679463729262352e-03 9.999969601631164551e-01 1.214268896728754044e-02 6.083657455444335938e+01
1.349113000000000000e+07 9.999110488699722854e-01 -1.333769020192002337e-02 1.923449475033037762e-05 9.325493704255569671e-01 1.333769140113190248e-02 9.999110470145340379e-01 -6.362800265769382954e-05 1.083890891020286053e-02 -1.838413320719413461e-05 6.387888662718004104e-05 9.999999977907557680e-01 1.158976382054603682e-02 9.999026656150817871e-01 -1.358391437679529190e-02 -3.208071226254105568e-03 9.159111976623535156e-01 1.358590088784694672e-02 9.999074935913085938e-01 6.321609253063797951e-04 1.175357680767774582e-02 3.199185943230986595e-03 -6.756910588592290878e-04 9.999946951866149902e-01 1.816385425627231598e-02 6.016912078857421875e+01
1.359489000000000000e+07 9.999292109066909573e-01 -1.189830722847246697e-02 5.881479413382275056e-05 9.121829626050829143e-01 1.189830858251710727e-02 9.999292123620346917e-01 -2.272612986516429581e-05 9.754783700862548063e-03 -5.854022829542752346e-05 2.342431767995581886e-05 9.999999980121714316e-01 1.109771434227664610e-02 9.998632669448852539e-01 -1.293544191867113113e-02 -1.029830519109964371e-02 9.073141217231750488e-01 1.289611682295799255e-02 9.999093413352966309e-01 -3.872363828122615814e-03 6.326213013380765915e-03 1.034746598452329636e-02 3.739032661542296410e-03 9.999395012855529785e-01 1.188745535910129547e-02 6.006342315673828125e+01
1.369876000000000000e+07 9.999120896602841091e-01 -1.325941823579045685e-02 2.800227484234714753e-05 9.191647951483550294e-01 1.325941969912056324e-02 9.999120886423681354e-01 -5.273494697117577792e-05 1.081529555851710664e-02 -2.730057842627249247e-05 5.310160492857079605e-05 9.999999982174490043e-01 1.119272355331716283e-02 9.998869299888610840e-01 -1.390351727604866028e-02 -5.736191757023334503e-03 9.100995063781738281e-01 1.389984320849180222e-02 9.999031424522399902e-01 -7.048592669889330864e-04 7.447215728461742401e-03 5.745441652834415436e-03 6.250446313060820103e-04 9.999833106994628906e-01 5.949888378381729126e-03 6.010876846313476562e+01
1.380249000000000000e+07 9.999219783416500862e-01 -1.249142333776333789e-02 3.971187139017944121e-05 9.197636156247633865e-01 1.249142500545173153e-02 9.999219782261593581e-01 -4.202775930067148742e-05 1.019334144684647114e-02 -3.918378648212650253e-05 4.252053807359981545e-05 9.999999983283174299e-01 1.127956355222258129e-02 9.999106526374816895e-01 -1.286897715181112289e-02 3.603883087635040283e-03 9.169988036155700684e-01 1.286353729665279388e-02 9.999160766601562500e-01 1.525043509900569916e-03 1.351046748459339142e-02 -3.623209660872817039e-03 -1.478546066209673882e-03 9.999923110008239746e-01 1.087057590484619141e-02 6.050758361816406250e+01
1.390626000000000000e+07 9.999303484868310443e-01 -1.180232838526436810e-02 5.676334738298467422e-05 9.146825637530205944e-01 1.180232992454159115e-02 9.999303497190762391e-01 -2.685935107038211057e-05 9.663260172730669950e-03 -5.644239092384409671e-05 2.752742001792743008e-05 9.999999980282489043e-01 1.117408455027734358e-02 9.999074339866638184e-01 -1.308777835220098495e-02 3.732323413714766502e-03 9.166904687881469727e-01 1.308421324938535690e-02 9.999139904975891113e-01 9.745400748215615749e-04 1.143009494990110397e-02 -3.744760528206825256e-03 -9.256243356503546238e-04 9.999925494194030762e-01 1.449692342430353165e-02 6.071164703369140625e+01
1.401003000000000000e+07 9.999461031400556088e-01 -1.038191429014686563e-02 8.167912886651466974e-05 9.044574487235585991e-01 1.038191351345751391e-02 9.999461064347611172e-01 9.927295477759306823e-06 8.553908863848108321e-03 -8.177779121711370458e-05 -9.078774782183509273e-06 9.999999966149843988e-01 1.098593255242205288e-02 9.999386072158813477e-01 -1.088459696620702744e-02 -2.062547951936721802e-03 9.078241586685180664e-01 1.089017558842897415e-02 9.999369382858276367e-01 2.727307844907045364e-03 1.193121261894702911e-02 2.032735152170062065e-03 -2.749595791101455688e-03 9.999940991401672363e-01 1.653801836073398590e-02 6.044038391113281250e+01
1.411380000000000000e+07 9.999779657047219716e-01 -6.638174163181587324e-03 5.242539974790540495e-05 9.146895455790627905e-01 6.638171704893869839e-03 9.999779659941969712e-01 4.692677832907469798e-05 4.722042792630145626e-03 -5.273575273664366252e-05 -4.657773552217170409e-05 9.999999975247274575e-01 1.145949632258715968e-02 9.999523758888244629e-01 -7.922518067061901093e-03 -5.706178024411201477e-03 9.010642170906066895e-01 7.945326156914234161e-03 9.999604821205139160e-01 3.972535021603107452e-03 1.405326183885335922e-02 5.674484185874462128e-03 -4.017679952085018158e-03 9.999758005142211914e-01 1.461845729500055313e-02 6.045727920532226562e+01
1.421764000000000000e+07 9.999832313493316471e-01 -5.791050085492066395e-03 2.757539660523412387e-05 9.115894239753324912e-01 5.791048920069219626e-03 9.999832308476638287e-01 4.215707882735333250e-05 4.022076603821965815e-03 -2.781906793437518912e-05 -4.199668144573161211e-05 9.999999987311891658e-01 1.144777289132879391e-02 9.999511241912841797e-01 -5.489946343004703522e-03 -8.224400691688060760e-03 9.014961719512939453e-01 5.535519681870937347e-03 9.999693036079406738e-01 5.543465260416269302e-03 1.504676230251789093e-02 8.193711750209331512e-03 -5.588727071881294250e-03 9.999508261680603027e-01 1.061116904020309448e-02 6.022972869873046875e+01
1.432153000000000000e+07 9.999928980599921413e-01 -3.768022332595381135e-03 -7.639973688869146232e-05 9.003946597687344511e-01 3.768022040366410946e-03 9.999929009716991279e-01 -3.968577334203343542e-06 2.739952455124696970e-03 7.641414821318565206e-05 3.680673249845915734e-06 9.999999970736652699e-01 1.143843849942398870e-02 9.999876022338867188e-01 -3.878713585436344147e-03 -3.100282745435833931e-03 9.049425125122070312e-01 3.887227736413478851e-03 9.999887943267822266e-01 2.701619872823357582e-03 1.022281683981418610e-02 3.089777659624814987e-03 -2.713636495172977448e-03 9.999915361404418945e-01 1.037915516644716263e-02 6.096579360961914062e+01
1.442539000000000000e+07 9.999906200631406561e-01 -4.330965831210390436e-03 -5.020310492639622587e-05 9.076695410959406685e-01 4.330965903104584160e-03 9.999906213221412266e-01 1.323440656169764879e-06 3.035845899966365877e-03 5.019690231126955050e-05 -1.540856182131977913e-06 9.999999987389484035e-01 1.156509730714884963e-02 9.999916553497314453e-01 -4.061357118189334869e-03 -3.857087285723537207e-04 9.061522483825683594e-01 4.062007647007703781e-03 9.999899864196777344e-01 1.892979140393435955e-03 8.876601234078407288e-03 3.780133847612887621e-04 -1.894530374556779861e-03 9.999982118606567383e-01 1.197453588247299194e-02 6.017190551757812500e+01
1.452926000000000000e+07 9.999866736244795717e-01 -5.162552903973196584e-03 -2.491262657763581965e-05 8.925565640905087639e-01 5.162553883236906636e-03 9.999866731533589848e-01 3.940503139873843342e-05 3.699740193806623067e-03 2.470886400913126392e-05 -3.953311905112655766e-05 9.999999989133022682e-01 1.104311992627606508e-02 9.999864697456359863e-01 -5.202501080930233002e-03 -1.674421800998970866e-04 9.027755260467529297e-01 5.202392581850290298e-03 9.999862909317016602e-01 -6.156735471449792385e-04 6.188387516885995865e-03 1.706415350781753659e-04 6.147962994873523712e-04 9.999998211860656738e-01 9.610351175069808960e-03 6.043452835083007812e+01
1.463312000000000000e+07 9.999811360117862868e-01 -6.142166468359061722e-03 3.757966336428376539e-05 9.029870677342859420e-01 6.142164253891561725e-03 9.999811350050202829e-01 5.876162367385284589e-05 4.290821430784626071e-03 -3.793987809315263699e-05 -5.852969473384524228e-05 9.999999975674203068e-01 1.116687942467555969e-02 9.999775290489196777e-01 -6.154113914817571640e-03 2.660263096913695335e-03 9.066069126129150391e-01 6.149198394268751144e-03 9.999794363975524902e-01 1.839386997744441032e-03 8.951884694397449493e-03 -2.671528374776244164e-03 -1.822988502681255341e-03 9.999947547912597656e-01 1.186291687190532684e-02 6.020812988281250000e+01
1.473691000000000000e+07 9.999827597924810796e-01 -5.871934382409954058e-03 2.244247441363084652e-05 9.017992293197305553e-01 5.871933279414819594e-03 9.999827588550931345e-01 4.890155129400449780e-05 4.125798158882768886e-03 -2.272923418636970037e-05 -4.876892750581860657e-05 9.999999985524867796e-01 1.116419951889191520e-02 9.999731779098510742e-01 -5.707496311515569687e-03 4.578880965709686279e-03 9.094395041465759277e-01 5.703533068299293518e-03 9.999833703041076660e-01 8.842272800393402576e-04 1.017953082919120789e-02 -4.583847709000110626e-03 -8.580851717852056026e-04 9.999890923500061035e-01 1.595712080597877502e-02 6.033062362670898438e+01
1.484076000000000000e+07 9.999798410804916493e-01 -6.349442873066268866e-03 4.478523670571068170e-05 9.079218302053336798e-01 6.349440415470352164e-03 9.999798405971237480e-01 5.480549636707857152e-05 4.465439110834246161e-03 -4.513231824863523658e-05 -5.452003034052993360e-05 9.999999974953199811e-01 1.128750226399910864e-02 9.999778270721435547e-01 -6.183750461786985397e-03 2.484839875251054764e-03 9.029946923255920410e-01 6.182020064443349838e-03 9.999806284904479980e-01 7.029809639789164066e-04 1.113076321780681610e-02 -2.489147940650582314e-03 -6.876065745018422604e-04 9.999966621398925781e-01 1.866163127124309540e-02 6.074560165405273438e+01
1.494451000000000000e+07 9.999805597753156361e-01 -6.235340822797283238e-03 2.437562422309941151e-05 8.943416036664446622e-01 6.235339238397470500e-03 9.999805579992961935e-01 6.454377642664308021e-05 4.423398857575094531e-03 -2.477760277790783548e-05 -6.439053138667557284e-05 9.999999976199648311e-01 1.091901754806644254e-02 9.999799728393554688e-01 -6.281906273216009140e-03 -7.575523923151195049e-04 8.992011547088623047e-01 6.287378724664449692e-03 9.999524354934692383e-01 7.459276821464300156e-03 2.179354056715965271e-02 7.106592529453337193e-04 -7.463886868208646774e-03 9.999718666076660156e-01 1.637107320129871368e-02 6.075798416137695312e+01
1.504826000000000000e+07 9.999803065358864318e-01 -6.275860146026357965e-03 1.097045714410818200e-05 8.778792292948148779e-01 6.275859296216852214e-03 9.999803037244557880e-01 7.585359703824251444e-05 4.590765262487423413e-03 -1.144628762715764989e-05 -7.578325417364423851e-05 9.999999970629405155e-01 1.049489619005513838e-02 9.999732375144958496e-01 -6.610663142055273056e-03 -3.165868110954761505e-03 8.960045576095581055e-01 6.635034456849098206e-03 9.999480247497558594e-01 7.742495276033878326e-03 2.340449951589107513e-02 3.114524064585566521e-03 -7.763297762721776962e-03 9.999650716781616211e-01 1.545580010861158371e-02 6.039295959472656250e+01
1.515201000000000000e+07 9.999755743470034597e-01 -6.989226309996789815e-03 3.774540212984651023e-05 8.934152479859857054e-01 6.989224014497658760e-03 9.999755732386754747e-01 6.060861893964796031e-05 5.199878404926576436e-03 -3.816808748821027089e-05 -6.034332746217762819e-05 9.999999974509399259e-01 1.083797710474006075e-02 9.999709725379943848e-01 -7.086506579071283340e-03 -2.763424301519989967e-03 8.922395706176757812e-01 7.083070464432239532e-03 9.999741315841674805e-01 -1.260468503460288048e-03 1.103854365646839142e-02 2.772286999970674515e-03 1.240852405317127705e-03 9.999953508377075195e-01 1.477317977696657181e-02 6.035395050048828125e+01
1.525576000000000000e+07 9.999770695292657940e-01 -6.771927242767279004e-03 3.765754416842822936e-05 8.981242047531563522e-01 6.771925038898174432e-03 9.999770685510432910e-01 5.834671949234027251e-05 4.952314246839249756e-03 -3.805180035694987595e-05 -5.809036751398455778e-05 9.999999975887848835e-01 1.099093167029143760e-02 9.999670386314392090e-01 -7.451626472175121307e-03 -3.233151743188500404e-03 8.945818543434143066e-01 7.441314402967691422e-03 9.999673366546630859e-01 -3.168032271787524223e-03 5.162862595170736313e-03 3.256652969866991043e-03 3.143866779282689095e-03 9.999898076057434082e-01 1.092796400189399719e-02 6.060780715942382812e+01
1.535953000000000000e+07 9.999777184696914123e-01 -6.675423936794898372e-03 3.580324362759544263e-05 9.006586720821377900e-01 6.675421876327893023e-03 9.999777174790601686e-01 5.736375021661165204e-05 4.836103126544885264e-03 -3.618537317129499214e-05 -5.712347032196915704e-05 9.999999977137640217e-01 1.106603514635872039e-02 9.999745488166809082e-01 -7.005615625530481339e-03 1.391441328451037407e-03 8.981763720512390137e-01 7.004856597632169724e-03 9.999752640724182129e-01 5.975408130325376987e-04 1.233020238578319550e-02 -1.395598170347511768e-03 -5.877696676179766655e-04 9.999987483024597168e-01 9.260090999305248260e-03 6.049868774414062500e+01
1.546328000000000000e+07 9.999730023880161189e-01 -7.347984298912775721e-03 4.029148479557155706e-05 8.951937358277005652e-01 7.347982054778860565e-03 9.999730016724278636e-01 5.556546932288056748e-05 5.557738986535219403e-03 -4.069869117721640182e-05 -5.526790808928200424e-05 9.999999976445375083e-01 1.087013019833209596e-02 9.999603629112243652e-01 -7.255217991769313812e-03 5.161754786968231201e-03 9.020768404006958008e-01 7.251923903822898865e-03 9.999734759330749512e-01 6.443371530622243881e-04 8.304174058139324188e-03 -5.166290793567895889e-03 -6.068843649700284004e-04 9.999865293502807617e-01 1.482598949223756790e-02 6.082188796997070312e+01
1.556714000000000000e+07 9.999760098717779266e-01 -6.926653316606144577e-03 3.399263556539987893e-05 8.900906618465682651e-01 6.926651086592802188e-03 9.999760083336856065e-01 6.528784869147102312e-05 5.145705436173413777e-03 -3.444404631204854041e-05 -6.505082730523845764e-05 9.999999972909987545e-01 1.075511287271416205e-02 9.999678134918212891e-01 -7.478444371372461319e-03 2.898016246035695076e-03 9.027330279350280762e-01 7.475297432392835617e-03 9.999715089797973633e-01 1.112817553803324699e-03 1.042794249951839447e-02 -2.906260080635547638e-03 -1.091114827431738377e-03 9.999951720237731934e-01 1.955238543450832367e-02 6.008204650878906250e+01
1.567089000000000000e+07 9.999796339441289206e-01 -6.382123863871051912e-03 1.393019760734334094e-05 8.809110568947992048e-01 6.382122862673529455e-03 9.999796315432263327e-01 7.077102237353813895e-05 4.665583028184159056e-03 -1.438158327822331112e-05 -7.068067681896513844e-05 9.999999973987061530e-01 1.056025345284049462e-02 9.999703168869018555e-01 -6.751726381480693817e-03 -3.716783598065376282e-03 8.931940793991088867e-01 6.756758783012628555e-03 9.999762177467346191e-01 1.335855340585112572e-03 1.023511774837970734e-02 3.707678290084004402e-03 -1.360925845801830292e-03 9.999921917915344238e-01 1.469659898430109024e-02 6.100995254516601562e+01
1.577464000000000000e+07 9.999814106833946337e-01 -6.097361754331194657e-03 2.161456914193757176e-05 8.906649013636031009e-01 6.097360320371540514e-03 9.999814087609605329e-01 6.579873092144187055e-05 4.319708176953411354e-03 -2.201536596674768165e-05 -6.566571595143144344e-05 9.999999976016686887e-01 1.083963163985821911e-02 9.999746680259704590e-01 -6.545042153447866440e-03 -2.806308912113308907e-03 8.946751356124877930e-01 6.544539704918861389e-03 9.999786019325256348e-01 -1.849235704867169261e-04 1.167375035583972931e-02 2.807471668347716331e-03 1.665440504439175129e-04 9.999960660934448242e-01 1.536603365093469620e-02 6.333542251586914062e+01
1.587839000000000000e+07 9.999768922949449079e-01 -6.798058723274116866e-03 3.568398838343439316e-05 8.939018185964509033e-01 6.798056533225835252e-03 9.999768910774253783e-01 6.114005149782057572e-05 4.996294883520034993e-03 -3.609879742885524690e-05 -6.089605691911181991e-05 9.999999974942734848e-01 1.087132015286385034e-02 9.999731183052062988e-01 -7.020655088126659393e-03 -2.099705394357442856e-03 8.950293064117431641e-01 7.022728677839040756e-03 9.999748468399047852e-01 9.805435547605156898e-04 1.127602998167276382e-02 2.092755632475018501e-03 -9.952572872862219810e-04 9.999973177909851074e-01 1.391806639730930328e-02 6.315731048583984375e+01
1.598216000000000000e+07 9.999785174718274217e-01 -6.554673587874293959e-03 2.914758789292860725e-05 8.905570911531036637e-01 6.554671707372563931e-03 9.999785158512516370e-01 6.415072897725934893e-05 4.772287621932735403e-03 -2.956744876502425288e-05 -6.395829799031121877e-05 9.999999975175510869e-01 1.079750922501282982e-02 9.999737143516540527e-01 -7.132335565984249115e-03 1.295635476708412170e-03 8.991315364837646484e-01 7.131580263376235962e-03 9.999743700027465820e-01 5.447833100333809853e-04 1.203083526343107224e-02 -1.299485214985907078e-03 -5.355309695005416870e-04 9.999989867210388184e-01 1.456039771437644958e-02 6.293436813354492188e+01
1.608605000000000000e+07 9.999720623913844753e-01 -7.474858814008083184e-03 3.039203938784212225e-05 8.829262396859542950e-01 7.474856974436189065e-03 9.999720610550526523e-01 6.019772566239262241e-05 5.740419870755593575e-03 -3.084115975657595416e-05 -5.996886773940450673e-05 9.999999977262788997e-01 1.052540661567432853e-02 9.999665021896362305e-01 -8.153526112437248230e-03 7.329851505346596241e-04 8.974484205245971680e-01 8.156130090355873108e-03 9.999603033065795898e-01 -3.603903809562325478e-03 4.590410273522138596e-03 -7.035659509710967541e-04 3.609767183661460876e-03 9.999932050704956055e-01 1.435155700892210007e-02 6.327468872070312500e+01
1.618976000000000000e+07 9.999724739968055554e-01 -7.419543938294702150e-03 4.024267709683999330e-05 8.899687529415682974e-01 7.419541610431891650e-03 9.999724731597396943e-01 5.768970607871922449e-05 5.651761627425308694e-03 -4.066960062873544097e-05 -5.738953591090196137e-05 9.999999975262124918e-01 1.072773020861693058e-02 9.999682307243347168e-01 -7.974246516823768616e-03 1.272989611607044935e-04 8.962876200675964355e-01 7.974640466272830963e-03 9.999604821205139160e-01 -3.923217300325632095e-03 1.574551220983266830e-03 -9.601794590707868338e-05 3.924099728465080261e-03 9.999922513961791992e-01 1.429716497659683228e-02 6.334460830688476562e+01
1.629351000000000000e+07 9.999788929194203257e-01 -6.497083018531055881e-03 4.031831268480942355e-05 9.054799586643555998e-01 6.497080793815564193e-03 9.999788922304779781e-01 5.506659748253059134e-05 4.634189583938672953e-03 -4.067523393028869323e-05 -5.480348383788571465e-05 9.999999976710516325e-01 1.121407798318385489e-02 9.999766945838928223e-01 -6.840382702648639679e-03 1.370136305922642350e-05 8.956680297851562500e-01 6.840437650680541992e-03 9.999747276306152344e-01 -1.922538736835122108e-03 6.559928413480520248e-03 -5.553122832679946441e-07 1.922587980516254902e-03 9.999981522560119629e-01 1.372356060892343521e-02 6.314851379394531250e+01
1.639726000000000000e+07 9.999763976588753600e-01 -6.870492696898477906e-03 2.133816240525153405e-05 8.787272050815739810e-01 6.870491148012919901e-03 9.999763953172098319e-01 7.183189335982555234e-05 5.163862608318092046e-03 -2.183117922304823852e-05 -7.168359430316943227e-05 9.999999971924309339e-01 1.045792846222520257e-02 9.999754428863525391e-01 -6.980263628065586090e-03 -5.753205041401088238e-04 8.952921032905578613e-01 6.983340717852115631e-03 9.999606609344482422e-01 5.480735097080469131e-03 1.656025461852550507e-02 5.370509461499750614e-04 -5.484616383910179138e-03 9.999848604202270508e-01 1.437055692076683044e-02 6.310233688354492188e+01
1.650103000000000000e+07 9.999818611582648176e-01 -6.023058420049218036e-03 1.105035780672911129e-05 8.844897453932694109e-01 6.023057645626783869e-03 9.999818588555152710e-01 6.882481215391836663e-05 4.309502706755673727e-03 -1.146469320050223930e-05 -6.875700681019531726e-05 9.999999975705173849e-01 1.070005377049489982e-02 9.999810457229614258e-01 -6.107503548264503479e-03 7.719656568951904774e-04 8.963270783424377441e-01 6.104628555476665497e-03 9.999743700027465820e-01 3.726130584254860878e-03 1.622596383094787598e-02 -7.947034901008009911e-04 -3.721351735293865204e-03 9.999927282333374023e-01 1.341284066438674927e-02 6.340591812133789062e+01
1.660476000000000000e+07 9.999882287174726159e-01 -4.851907386359203232e-03 -3.769416612711927868e-05 9.012650238274110270e-01 4.851908126692711272e-03 9.999882292327414435e-01 1.957397710550534957e-05 3.424359130106322500e-03 3.759875131232212441e-05 -1.975663532841230780e-05 9.999999990980046327e-01 1.132249368138340054e-02 9.999877214431762695e-01 -4.857978783547878265e-03 9.704809053801000118e-04 8.962641954421997070e-01 4.860084969550371170e-03 9.999856352806091309e-01 -2.259571570903062820e-03 4.808327648788690567e-03 -9.594961884431540966e-04 2.264257986098527908e-03 9.999970197677612305e-01 1.392526458948850632e-02 6.326355361938476562e+01
1.670864000000000000e+07 9.999864201001822384e-01 -5.211357038044305348e-03 -3.705300713799440475e-05 8.804766073164618234e-01 5.211358858512994338e-03 9.999864195665424393e-01 4.920585638344540040e-05 3.855786072802088512e-03 3.679607465499937745e-05 -4.939828469066746060e-05 9.999999981029291662e-01 1.074865919804273047e-02 9.999881982803344727e-01 -4.847701173275709152e-03 2.577278646640479565e-04 8.953346014022827148e-01 4.848064389079809189e-03 9.999867677688598633e-01 -1.737537793815135956e-03 4.372919909656047821e-03 -2.492980565875768661e-04 1.738777267746627331e-03 9.999984502792358398e-01 1.479471288621425629e-02 6.352265548706054688e+01
1.681239000000000000e+07 9.999884831567318333e-01 -4.799213634028049770e-03 -3.321496670443365627e-05 9.010866422211022408e-01 4.799214296395042621e-03 9.999884835073493683e-01 1.989093369561474893e-05 3.388452399161914590e-03 3.311912334782488677e-05 -2.005011035210378352e-05 9.999999992505583801e-01 1.133127637996581352e-02 9.999860525131225586e-01 -4.709057509899139404e-03 -2.403346588835120201e-03 8.921899795532226562e-01 4.707052372395992279e-03 9.999885559082031250e-01 -8.771264110691845417e-04 4.882152657955884933e-03 2.407441614195704460e-03 8.657957077957689762e-04 9.999967217445373535e-01 1.614053919911384583e-02 6.328854370117187500e+01
1.691616000000000000e+07 9.999838420343771794e-01 -5.684668435310899666e-03 -1.463218247885033514e-05 8.786632578934315818e-01 5.684669377166165320e-03 9.999838400135977468e-01 6.515278801818835664e-05 4.168635665734639686e-03 1.426157401576216473e-05 -6.523491440348719317e-05 9.999999977705066323e-01 1.062229542155334813e-02 9.999787211418151855e-01 -5.855373572558164597e-03 2.859545638784766197e-03 8.989062905311584473e-01 5.872231442481279373e-03 9.999652504920959473e-01 -5.914182402193546295e-03 -2.810812788084149361e-03 -2.824806142598390579e-03 5.930851213634014130e-03 9.999784231185913086e-01 9.675047360360622406e-03 6.313036727905273438e+01
1.702001000000000000e+07 9.999856723596071140e-01 -5.353035975318992147e-03 -9.037918650124547725e-06 8.988193860169604310e-01 5.353036300882200484e-03 9.999856717365659398e-01 3.639042595835322724e-05 3.771734653865738141e-03 8.842989895395463753e-06 -3.643828487547940629e-05 9.999999992970264318e-01 1.116795967054981346e-02 9.999822974205017090e-01 -5.282708909362554550e-03 2.746796933934092522e-03 8.963710665702819824e-01 5.302628967911005020e-03 9.999590516090393066e-01 -7.324781734496355057e-03 -7.407153956592082977e-03 -2.707997336983680725e-03 7.339217700064182281e-03 9.999694228172302246e-01 1.171465218067169189e-02 6.373580932617187500e+01
1.712376000000000000e+07 9.999879416818255873e-01 -4.910616968009794310e-03 -4.829251633626786112e-05 8.859064765228534810e-01 4.910618766913120957e-03 9.999879421470720953e-01 3.720238952172539497e-05 3.609823888978470549e-03 4.810924734870381864e-05 -3.743908705826193121e-05 9.999999981419075423e-01 1.092456679074394268e-02 9.999859333038330078e-01 -5.025689955800771713e-03 1.729030511341989040e-03 8.927174210548400879e-01 5.030388478189706802e-03 9.999838471412658691e-01 -2.656064229086041451e-03 3.337615053169429302e-04 -1.715646707452833652e-03 2.664723666384816170e-03 9.999949932098388672e-01 1.834807731211185455e-02 6.346316909790039062e+01
1.722752000000000000e+07 9.999927641892786268e-01 -3.803006478878365616e-03 -9.333494246763530413e-05 8.814338597490329885e-01 3.803008499658158247e-03 9.999927683065710227e-01 2.148292067947980003e-05 3.016600286658739638e-03 9.325256781485478084e-05 -2.183771879783972522e-05 9.999999954135364577e-01 1.095334565411250349e-02 9.999874830245971680e-01 -4.333596210926771164e-03 -2.460235729813575745e-03 8.917217850685119629e-01 4.336817655712366104e-03 9.999896883964538574e-01 1.312483684159815311e-03 7.070065476000308990e-03 2.454518107697367668e-03 -1.323136268183588982e-03 9.999961256980895996e-01 1.428579911589622498e-02 6.329040145874023438e+01
1.733141000000000000e+07 9.999918160280037993e-01 -4.044487578719520478e-03 -9.998452623361431171e-05 8.786456417885534220e-01 4.044490799705206981e-03 9.999918205003881511e-01 3.203366437884470083e-05 3.175723377829421917e-03 9.985414864987078348e-05 -3.243778872096989788e-05 9.999999944884693237e-01 1.086796806783621970e-02 9.999907612800598145e-01 -3.729006275534629822e-03 -2.182183088734745979e-03 8.873990774154663086e-01 3.731642151251435280e-03 9.999923706054687500e-01 1.220329897478222847e-03 5.803015548735857010e-03 2.177617745473980904e-03 -1.228459528647363186e-03 9.999968409538269043e-01 1.052356511354446411e-02 6.335180664062500000e+01
1.743514000000000000e+07 9.999984221333675372e-01 -1.774606139165457340e-03 -8.064541190102287693e-05 8.839716659411639421e-01 1.774605922450924736e-03 9.999984253817932878e-01 -2.758729256516591612e-06 1.898459843252176980e-03 8.065018057338104503e-05 2.615611071515575430e-06 9.999999967443533588e-01 1.117086820970801704e-02 9.999978542327880859e-01 -1.997450599446892738e-03 5.307699902914464474e-04 8.903391957283020020e-01 1.996081788092851639e-03 9.999945163726806641e-01 2.650531008839607239e-03 6.943950895220041275e-03 -5.360624636523425579e-04 -2.649468136951327324e-03 9.999963045120239258e-01 1.491311937570571899e-02 6.323433685302734375e+01
1.753904000000000000e+07 9.999996092646454837e-01 -8.817051372261345242e-04 -6.376969427130183129e-05 8.889161704649445328e-01 8.817034346518797666e-04 9.999996109424020840e-01 -2.672198483267410456e-05 1.270817050423822710e-03 6.379323037353066715e-05 2.666574843057317200e-05 9.999999976096807242e-01 1.126491082728334550e-02 9.999987483024597168e-01 -9.270966984331607819e-04 1.273753005079925060e-03 8.896912336349487305e-01 9.263927931897342205e-04 9.999994635581970215e-01 5.453842459246516228e-04 4.373854957520961761e-03 -1.274254289455711842e-03 -5.442021065391600132e-04 9.999990463256835938e-01 1.283359527587890625e-02 6.342988967895507812e+01
1.764289000000000000e+07 9.999993127744940535e-01 -1.170327580531139305e-03 -6.916556070990291202e-05 8.888854059002484487e-01 1.170326238307672385e-03 9.999993149789840885e-01 -1.944323861870623547e-05 1.461141718740103027e-03 6.918826828876667976e-05 1.936227898520364408e-05 9.999999974190427743e-01 1.128047691969274145e-02 9.999927282333374023e-01 -1.162527129054069519e-03 3.640836337581276894e-03 8.888800740242004395e-01 1.169875962659716606e-03 9.999971985816955566e-01 -2.053299220278859138e-03 -2.688970183953642845e-03 -3.638443304225802422e-03 2.057546749711036682e-03 9.999912381172180176e-01 1.157312840223312378e-02 6.356406402587890625e+01
1.774664000000000000e+07 9.999993232044507296e-01 -1.161449943770610652e-03 -6.800472625775497940e-05 8.920440631622080785e-01 1.161447981585848324e-03 9.999993251018508555e-01 -2.888603837474575803e-05 1.422162745362999439e-03 6.803823004977450602e-05 2.880703487125037493e-05 9.999999972704769480e-01 1.137835099402379445e-02 9.999825358390808105e-01 -1.186588662676513195e-03 5.787562113255262375e-03 8.939906954765319824e-01 1.181339262984693050e-03 9.999988675117492676e-01 9.373638313263654709e-04 -2.010576572502031922e-04 -5.788665264844894409e-03 -9.305159328505396843e-04 9.999828934669494629e-01 1.624823734164237976e-02 6.335043334960937500e+01
1.785054000000000000e+07 9.999998239859867466e-01 -5.889172751820762356e-04 -7.214186438413734551e-05 8.802550975894524177e-01 5.889164896317641536e-04 9.999998265291629718e-01 -1.090972520985447433e-05 1.183266462800370167e-03 7.214827679508899335e-05 1.086723775726936195e-05 9.999999973382647234e-01 1.101676654801964431e-02 9.999954700469970703e-01 -8.420557132922112942e-04 2.895352663472294807e-03 8.844228386878967285e-01 8.407233399339020252e-04 9.999995231628417969e-01 4.327144997660070658e-04 -4.718933778349310160e-04 -2.895713783800601959e-03 -4.302747256588190794e-04 9.999956488609313965e-01 1.788069680333137512e-02 6.337488174438476562e+01
1.795427000000000000e+07 9.999996299392855947e-01 -8.559667147286317444e-04 -8.626839308165219712e-05 8.677593674066989005e-01 8.559676676546877335e-04 9.999996335989820295e-01 1.100974575081744012e-05 1.497590925164421450e-03 8.625893749642029749e-05 -1.108358463570135209e-05 9.999999962182747337e-01 1.068153889630233701e-02 9.999852776527404785e-01 -1.417405204847455025e-03 -5.239698104560375214e-03 8.732774853706359863e-01 1.414662809111177921e-03 9.999989271163940430e-01 -5.214515258558094501e-04 -2.728384453803300858e-03 5.240429658442735672e-03 5.140323773957788944e-04 9.999861121177673340e-01 1.614353246986865997e-02 6.327574539184570312e+01
1.805814000000000000e+07 9.999999750601719084e-01 -2.088233519454651380e-04 -7.919888814803459169e-05 8.682656430912840673e-01 2.088231052628553605e-04 9.999999781915789310e-01 -3.122979670465721317e-06 1.053616525203013299e-03 7.919953857190660713e-05 3.106441035028982408e-06 9.999999968588916266e-01 1.068252245973836528e-02 9.999905824661254883e-01 -3.269680382800288498e-05 -4.336505662649869919e-03 8.713409900665283203e-01 3.173277582391165197e-05 9.999999403953552246e-01 -2.312860160600394011e-04 -3.167849266901612282e-03 4.336510319262742996e-03 2.311434072908014059e-04 9.999905824661254883e-01 1.214032340794801712e-02 6.329772949218750000e+01
1.816189000000000000e+07 9.999999842270427264e-01 1.634948493470085812e-04 -6.939271348935345735e-05 8.662351973221430468e-01 -1.634952132567184019e-04 9.999999866209363653e-01 -5.238566117248348293e-06 7.859357110830082066e-04 6.939185608237256680e-05 5.249911411021520051e-06 9.999999975786043604e-01 1.062043655903320040e-02 9.999998211860656738e-01 9.186953684547916055e-05 5.541170248761773109e-04 8.732681870460510254e-01 -9.352334018331021070e-05 9.999956488609313965e-01 2.953976625576615334e-03 1.578485243953764439e-03 -5.538376863114535809e-04 -2.954027382656931877e-03 9.999955296516418457e-01 1.047391258180141449e-02 6.315468978881835938e+01
1.826577000000000000e+07 9.999997025033737774e-01 -7.663866621290026451e-04 -8.743377825475542777e-05 8.653780275962783541e-01 7.663881307642351690e-04 9.999997061840519841e-01 1.676484815937531424e-05 1.466115351412279090e-03 8.742090420967622247e-05 -1.683185137978793002e-05 9.999999960371372953e-01 1.060478008510616632e-02 9.999998211860656738e-01 -6.915348349139094353e-04 1.755906414473429322e-04 8.729640245437622070e-01 6.913010147400200367e-04 9.999985694885253906e-01 1.535678398795425892e-03 9.514840785413980484e-04 -1.766611530911177397e-04 -1.535557908937335014e-03 9.999987483024597168e-01 1.844357326626777649e-02 6.321196746826171875e+01
1.836958000000000000e+07 9.999997340436408422e-01 -7.218153125789790849e-04 -1.043806000992968607e-04 8.505126331650585403e-01 7.218200408738560279e-04 9.999997384632868247e-01 4.526802408064869022e-05 1.634920174092473286e-03 1.043478976474532444e-04 -4.534335604928403933e-05 9.999999935277482654e-01 1.026855889745458689e-02 9.999990463256835938e-01 -3.713740152306854725e-04 1.286339247599244118e-03 8.696155548095703125e-01 3.748387389350682497e-04 9.999963045120239258e-01 -2.707922132685780525e-03 -6.289092358201742172e-03 -1.285328879021108150e-03 2.708401763811707497e-03 9.999955296516418457e-01 1.686302945017814636e-02 6.347375869750976562e+01
1.847338000000000000e+07 9.999991634068100543e-01 -1.290061632084156832e-03 -9.448104274237809682e-05 8.670315414902148854e-01 1.290063722719768076e-03 9.999991676239085026e-01 2.206996755493130792e-05 1.821506605818289061e-03 9.445249248028693466e-05 -2.219183565692882206e-05 9.999999952931245550e-01 1.067174230042771538e-02 9.999943375587463379e-01 -1.070442143827676773e-03 -3.214912023395299911e-03 8.620750308036804199e-01 1.069567864760756493e-03 9.999994039535522461e-01 -2.568174677435308695e-04 -3.084279596805572510e-03 3.215179312974214554e-03 2.533782098907977343e-04 9.999948143959045410e-01 1.201952435076236725e-02 6.327913665771484375e+01
1.857716000000000000e+07 9.999999240182851912e-01 -3.766757097631613107e-04 -1.003934226025234093e-04 8.503242457013325817e-01 3.766789206698616652e-04 9.999999285455749565e-01 3.196625013778906784e-05 1.371741877495537710e-03 1.003813745194707881e-04 -3.200406379356059708e-05 9.999999944496599236e-01 1.028959333906814475e-02 9.999948740005493164e-01 1.192967320093885064e-04 -3.205729648470878601e-03 8.577710390090942383e-01 -9.294999472331255674e-05 9.999663233757019043e-01 8.205509744584560394e-03 1.777070946991443634e-02 3.206614404916763306e-03 -8.205180056393146515e-03 9.999611973762512207e-01 1.781324669718742371e-02 6.324544143676757812e+01
1.868099000000000000e+07 9.999996668530930499e-01 -8.094453158929861393e-04 -1.053186366557520674e-04 8.519949322076688647e-01 8.094494524184032589e-04 9.999996716258807705e-01 3.923959763544061503e-05 1.685252855775364565e-03 1.052868397648522823e-04 -3.932483467159042100e-05 9.999999936841196257e-01 1.027761109170733690e-02 9.999979138374328613e-01 -3.437520063016563654e-04 -1.992013305425643921e-03 8.522274494171142578e-01 3.569954133126884699e-04 9.999780654907226562e-01 6.624843925237655640e-03 1.509619690477848053e-02 1.989692915230989456e-03 -6.625531706959009171e-03 9.999760985374450684e-01 1.492515578866004944e-02 6.335116958618164062e+01
1.878486000000000000e+07 9.999999417612271957e-01 -3.185367948304374300e-04 -1.225228795349029339e-04 8.346238744258194231e-01 3.185440165993313707e-04 9.999999475286468487e-01 5.892721083550888907e-05 1.507725765016685324e-03 1.225041026216568910e-04 -5.896623633266251673e-05 9.999999907578641656e-01 1.008124622276557886e-02 9.999936819076538086e-01 -4.177103401161730289e-04 -3.538945456966757774e-03 8.495890498161315918e-01 4.092784656677395105e-04 9.999970197677612305e-01 -2.388125052675604820e-03 3.679170273244380951e-03 3.539930097758769989e-03 2.386652631685137749e-03 9.999909400939941406e-01 1.280102599412202835e-02 6.332147216796875000e+01
1.888852000000000000e+07 9.999997904243635993e-01 -6.327120524622406161e-04 -1.372103578881153792e-04 8.263479636975286091e-01 6.327233926827768862e-04 9.999997964174346388e-01 8.262077514809667547e-05 1.836576596052577441e-03 1.371580547935938332e-04 -8.270757403705280197e-05 9.999999871735623103e-01 9.945077998765552985e-03 9.999998807907104492e-01 -3.284477279521524906e-04 -5.940377013757824898e-05 8.452917337417602539e-01 3.282524994574487209e-04 9.999987483024597168e-01 -1.590127125382423401e-03 1.218555029481649399e-03 5.992764636175706983e-05 1.590118394233286381e-03 9.999986886978149414e-01 1.308891363441944122e-02 6.310121536254882812e+01
1.899237000000000000e+07 9.999989032388953980e-01 -1.473142345187946570e-03 -1.528807989820136473e-04 8.234702530194080161e-01 1.473158430202388489e-03 9.999989093728407497e-01 1.051535576141271553e-04 2.460010338486808348e-03 1.527257260806315581e-04 -1.053786599337376681e-04 9.999999827850943879e-01 9.849038508460947888e-03 9.999966621398925781e-01 -1.748150447383522987e-03 -1.924458076246082783e-03 8.366791009902954102e-01 1.749271177686750889e-03 9.999982714653015137e-01 5.865632556378841400e-04 4.161916673183441162e-03 1.923424308188259602e-03 -5.899310926906764507e-04 9.999979734420776367e-01 1.295913942158222198e-02 6.040687942504882812e+01
1.909604000000000000e+07 9.999983990055966165e-01 -1.783690799830693315e-03 -1.429456672964896384e-04 8.310040791956498918e-01 1.783704587498094766e-03 9.999984045527551269e-01 9.638453237560139805e-05 2.576445300684966633e-03 1.427735190353884907e-04 -9.663935089989806747e-05 9.999999851382793681e-01 9.931990472856493460e-03 9.999960064888000488e-01 -1.616184250451624393e-03 2.326578600332140923e-03 8.420578837394714355e-01 1.633560750633478165e-03 9.999709129333496094e-01 -7.454589940607547760e-03 -5.821477156132459641e-03 -2.314460463821887970e-03 7.458360400050878525e-03 9.999696016311645508e-01 1.008165627717971802e-02 6.049219131469726562e+01
1.919989000000000000e+07 9.999952080662312115e-01 -3.091508014001829400e-03 -1.625513207244892668e-04 8.232707062545968624e-01 3.091530162955016554e-03 9.999952119362055525e-01 1.361839649120574075e-04 3.504796435863239291e-03 1.621295286064243176e-04 -1.366858446303160699e-04 9.999999775154980730e-01 9.683108622463377016e-03 9.999870657920837402e-01 -3.458447055891156197e-03 3.720005042850971222e-03 8.332093358039855957e-01 3.481874242424964905e-03 9.999740123748779297e-01 -6.309360731393098831e-03 -6.759141106158494949e-03 -3.698086831718683243e-03 6.322231609374284744e-03 9.999731183052062988e-01 1.225274428725242615e-02 6.778336334228515625e+01
1.930352000000000000e+07 9.999983485977693709e-01 -1.812671922830512384e-03 -1.304691987762597756e-04 8.384537126818607522e-01 1.812683406363973333e-03 9.999983532202166847e-01 8.795283136398694462e-05 2.538093632800796952e-03 1.303095542931844602e-04 -8.818918547176138139e-05 9.999999876210436955e-01 1.003502310348633984e-02 9.999760985374450684e-01 -1.952177728526294231e-03 6.639588624238967896e-03 8.380625844001770020e-01 1.978293294087052345e-03 9.999903440475463867e-01 -3.927256446331739426e-03 -2.693898044526576996e-03 -6.631869822740554810e-03 3.940299153327941895e-03 9.999702572822570801e-01 1.635058782994747162e-02 6.130278396606445312e+01
1.940739000000000000e+07 9.999930692308720559e-01 -3.719216858985408859e-03 -1.700481293833468188e-04 8.205144828691482983e-01 3.719241824167106823e-03 9.999930728309878170e-01 1.467326896909333558e-04 3.835176331240577538e-03 1.695012207454573566e-04 -1.473641228267957252e-04 9.999999747765757618e-01 9.581805237611689535e-03 9.999932646751403809e-01 -3.632795065641403198e-03 3.770850016735494137e-04 8.237262964248657227e-01 3.633210202679038048e-03 9.999925494194030762e-01 -1.254374161362648010e-03 3.679612884297966957e-03 -3.725178248714655638e-04 1.255735987797379494e-03 9.999991655349731445e-01 1.641214080154895782e-02 6.099609756469726562e+01
1.951115000000000000e+07 9.999828763131030085e-01 -5.850597231302299278e-03 -1.326355872106251834e-04 7.952426869124384901e-01 5.850622558891706987e-03 9.999828666478408623e-01 1.913792783067818748e-04 5.376680816960192205e-03 1.315136316291318772e-04 -1.921520019558709436e-04 9.999999728908857133e-01 9.033113026616414534e-03 9.999763965606689453e-01 -5.186943337321281433e-03 -4.501621704548597336e-03 8.147945404052734375e-01 5.176872480660676956e-03 9.999841451644897461e-01 -2.247062278911471367e-03 2.533268183469772339e-03 4.513211082667112350e-03 2.223707502707839012e-03 9.999873042106628418e-01 1.780396141111850739e-02 6.126364898681640625e+01
1.961477000000000000e+07 9.999779854718640060e-01 -6.634522080134870430e-03 -1.081226396353427853e-04 7.976161672063513119e-01 6.634541025772436144e-03 9.999779757353656207e-01 1.758171875045613168e-04 6.038855701103698626e-03 1.069537953570184907e-04 -1.765306610265119757e-04 9.999999786989064443e-01 8.994419070154507229e-03 9.999766349792480469e-01 -6.240638438612222672e-03 -2.780198352411389351e-03 8.104811906814575195e-01 6.238779984414577484e-03 9.999802708625793457e-01 -6.750836037099361420e-04 5.912681110203266144e-03 2.784353913739323616e-03 6.577218882739543915e-04 9.999959468841552734e-01 1.181255374103784561e-02 6.323315048217773438e+01
1.971839000000000000e+07 9.999648795408490054e-01 -8.380744210247675907e-03 -5.304965870394102848e-05 7.969477483907582149e-01 8.380751739200168610e-03 9.999648706130908060e-01 1.433281538689465222e-04 7.456186538873994969e-03 5.184659855641205394e-05 -1.437677161194935598e-04 9.999999883213874785e-01 8.831158670023006238e-03 9.999613165855407715e-01 -8.498580195009708405e-03 -2.282887930050492287e-03 8.081719875335693359e-01 8.495731279253959656e-03 9.999631047248840332e-01 -1.266487524844706059e-03 8.672649972140789032e-03 2.293565310537815094e-03 1.247042673639953136e-03 9.999966025352478027e-01 6.136895623058080673e-03 6.543065643310546875e+01
1.982214000000000000e+07 9.999515575579497328e-01 -9.842892470226523305e-03 2.767914553313175993e-06 8.012568459831613810e-01 9.842892107344451691e-03 9.999515515460446480e-01 1.097179703638544884e-04 8.600370054603533043e-03 -3.847722609598520026e-06 -1.096854110739330763e-04 9.999999939771530011e-01 8.742358400677635588e-03 9.999392628669738770e-01 -9.698274545371532440e-03 5.245752632617950439e-03 8.109716176986694336e-01 9.705309756100177765e-03 9.999520182609558105e-01 -1.321204123087227345e-03 1.153508853167295456e-02 -5.232682451605796814e-03 1.372038037516176701e-03 9.999853372573852539e-01 1.351258903741836548e-02 6.498668670654296875e+01
1.992567000000000000e+07 9.999263702016593092e-01 -1.213459269701828297e-02 7.637102472927305007e-05 8.036380085504998272e-01 1.213458813225775507e-02 9.999263713762189809e-01 5.995306669503918745e-05 1.045207952447343297e-02 -7.709290769521627183e-05 -5.902192141430094720e-05 9.999999952865480379e-01 8.544580146431354425e-03 9.999260902404785156e-01 -1.188214402645826340e-02 2.544661518186330795e-03 8.051899075508117676e-01 1.189249753952026367e-02 9.999209642410278320e-01 -4.078678321093320847e-03 8.378877304494380951e-03 -2.495999448001384735e-03 4.108638036996126175e-03 9.999884963035583496e-01 1.817473955452442169e-02 6.343417739868164062e+01
2.002941000000000000e+07 9.999155369027153961e-01 -1.299682299461855754e-02 4.072220536734352694e-05 7.575277437402115899e-01 1.299681947302357317e-02 9.999155341152964338e-01 8.558156505197461749e-05 1.158363600764466400e-02 -4.183105414542708758e-05 -8.504507743431015388e-05 9.999999955087489623e-01 8.158345274741490849e-03 9.999030232429504395e-01 -1.371602248400449753e-02 -2.435433678328990936e-03 7.958840131759643555e-01 1.370299141854047775e-02 9.998921751976013184e-01 -5.283493548631668091e-03 5.794267170131206512e-03 2.507642144337296486e-03 5.249612499028444290e-03 9.999830722808837891e-01 1.403531059622764587e-02 6.575926208496093750e+01
2.013289000000000000e+07 9.998968170805550004e-01 -1.436448742492511463e-02 1.291818197945804954e-04 7.994920165361174558e-01 1.436448569878058870e-02 9.998968253482143353e-01 1.428008264123820843e-05 1.238501381554899319e-02 -1.293736175777141298e-04 -1.242297873037839675e-05 9.999999915540680462e-01 8.301618154741103803e-03 9.998956918716430664e-01 -1.438708323985338211e-02 -1.265578204765915871e-03 7.936821579933166504e-01 1.438688579946756363e-02 9.998964071273803711e-01 -1.437238388461992145e-04 1.204985566437244415e-02 1.267502550035715103e-03 1.254977833013981581e-04 9.999991059303283691e-01 1.096954755485057831e-02 6.223113632202148438e+01
2.023664000000000000e+07 9.999078557568027437e-01 -1.357460970691043087e-02 9.988946199146136822e-05 7.879155404421700482e-01 1.357460497280877157e-02 9.999078596622259507e-01 4.791977268214675403e-05 1.178199323504808965e-02 -1.005307503166313779e-04 -4.655939724295562435e-05 9.999999938628957308e-01 8.215919479760143418e-03 9.999026060104370117e-01 -1.395063661038875580e-02 1.837055606301873922e-04 7.929912209510803223e-01 1.395103987306356430e-02 9.999002218246459961e-01 -2.242643851786851883e-03 1.045049261301755905e-02 -1.523850805824622512e-04 2.244995441287755966e-03 9.999974966049194336e-01 1.086706388741731644e-02 6.649481964111328125e+01
2.034039000000000000e+07 9.999144178762844337e-01 -1.308250900735504624e-02 6.986149448095837762e-05 7.743745646097390800e-01 1.308250402635206117e-02 9.999144178409454797e-01 7.128554005733382030e-05 1.147691288730995351e-02 -7.078810930643460457e-05 -7.036547600349898142e-05 9.999999950188716014e-01 8.196783763287245062e-03 9.999035596847534180e-01 -1.375042274594306946e-02 -1.997147221118211746e-03 7.815290689468383789e-01 1.374709140509366989e-02 9.999040961265563965e-01 -1.672273385338485241e-03 7.831547409296035767e-03 2.019940409809350967e-03 1.644647330977022648e-03 9.999965429306030273e-01 1.427122205495834351e-02 6.570726776123046875e+01
2.044402000000000000e+07 9.999037278254173655e-01 -1.387526816392223306e-02 1.095887509136825343e-04 7.899208232631282911e-01 1.387526368919484582e-02 9.999037330322553263e-01 4.148731257211253203e-05 1.201027093309406726e-02 -1.101538487375335561e-04 -3.996274564623778929e-05 9.999999931345541215e-01 8.211659177252103245e-03 9.998896121978759766e-01 -1.378031261265277863e-02 -5.541104823350906372e-03 7.739815711975097656e-01 1.379248593002557755e-02 9.999025464057922363e-01 2.164924750104546547e-03 1.072103157639503479e-02 5.510737653821706772e-03 -2.241106005385518074e-03 9.999823570251464844e-01 1.658716984093189240e-02 6.638976287841796875e+01
2.054777000000000000e+07 9.999192462173988050e-01 -1.270819060733750262e-02 5.413103283660761303e-05 7.712561002432194446e-01 1.270818632657946638e-02 9.999192446395502865e-01 7.870458747485769831e-05 1.117642741179097898e-02 -5.512685439781551180e-05 -7.801032450738470210e-05 9.999999954377094546e-01 8.218418394292313980e-03 9.998637437820434570e-01 -1.296180207282304764e-02 -1.022094395011663437e-02 7.632828950881958008e-01 1.302052754908800125e-02 9.998990297317504883e-01 5.699903238564729691e-03 1.922809891402721405e-02 1.014603115618228912e-02 -5.832212045788764954e-03 9.999315142631530762e-01 1.172237843275070190e-02 6.663107299804687500e+01
2.065152000000000000e+07 9.999129809372367950e-01 -1.319202018921049845e-02 -3.402094951387720189e-05 7.203971951473726598e-01 1.319202550095970559e-02 9.999129684934097151e-01 1.609433689116039092e-04 1.215320100799546429e-02 3.189482045823761419e-05 -1.613781690018176119e-04 9.999999864699035124e-01 7.895787771250339232e-03 9.998690485954284668e-01 -1.377238985151052475e-02 -8.510021492838859558e-03 7.605006098747253418e-01 1.380081754177808762e-02 9.998992681503295898e-01 3.291161265224218369e-03 1.571100950241088867e-02 8.463838137686252594e-03 -3.408174030482769012e-03 9.999582767486572266e-01 5.982113536447286606e-03 6.538460540771484375e+01
2.075527000000000000e+07 9.999136288572237907e-01 -1.314266508990121103e-02 7.201175589450388979e-05 7.732469098003312835e-01 1.314266009497859315e-02 9.999136291074008920e-01 6.940227047970652771e-05 1.152811853063891862e-02 -7.291766694194969935e-05 -6.844985012759967227e-05 9.999999949988160886e-01 8.184341118045848629e-03 9.999052882194519043e-01 -1.363084744662046432e-02 -1.854420290328562260e-03 7.680279016494750977e-01 1.363059040158987045e-02 9.999071359634399414e-01 -1.543166872579604387e-04 1.183689385652542114e-02 1.856352551840245724e-03 1.290243089897558093e-04 9.999982714653015137e-01 5.057035945355892181e-03 6.485987091064453125e+01
2.085914000000000000e+07 9.999343685801654891e-01 -1.145680266131939365e-02 1.420867192819784893e-05 7.739095767820800553e-01 1.145680111568977283e-02 9.999343632415850225e-01 1.044689530318582002e-04 1.019200757347012848e-02 -1.540461952420458467e-05 -1.042993106537634136e-04 9.999999944421755771e-01 8.375805912182019211e-03 9.999188184738159180e-01 -1.209174841642379761e-02 4.015035927295684814e-03 7.714513540267944336e-01 1.208000630140304565e-02 9.999227523803710938e-01 2.935528056696057320e-03 1.612060330808162689e-02 -4.050220828503370285e-03 -2.886789152398705482e-03 9.999877214431762695e-01 1.010497659444808960e-02 6.451776123046875000e+01
2.096289000000000000e+07 9.999445759174482307e-01 -1.052829341716390518e-02 -1.144378728700271788e-05 7.751835784238759741e-01 1.052829471424648541e-02 9.999445687804410232e-01 1.199035913852858419e-04 9.430001150825534709e-03 1.018077275162472909e-05 -1.200174294039808783e-04 9.999999927460841986e-01 8.484946558691010277e-03 9.999334216117858887e-01 -1.106802467256784439e-02 3.268760396167635918e-03 7.628248333930969238e-01 1.105541456490755081e-02 9.999314546585083008e-01 3.851331071928143501e-03 2.108523622155189514e-02 -3.311173757538199425e-03 -3.814938012510538101e-03 9.999872446060180664e-01 1.470854319632053375e-02 6.568160247802734375e+01
2.106677000000000000e+07 9.999530836207286555e-01 -9.686355444218369345e-03 -7.123023382393808378e-05 7.521156439250687997e-01 9.686366453084066866e-03 9.999530739031748938e-01 1.558674746219607013e-04 8.989294454803252454e-03 6.971710347574466599e-05 -1.565501240452806767e-04 9.999999853157917062e-01 8.497560090176926179e-03 9.999367594718933105e-01 -9.404910728335380554e-03 -6.169877480715513229e-03 7.488561272621154785e-01 9.423922747373580933e-03 9.999509453773498535e-01 3.060109680518507957e-03 2.059835009276866913e-02 6.140791811048984528e-03 -3.118059365078806877e-03 9.999762177467346191e-01 1.511626690626144409e-02 6.420441436767578125e+01
2.117064000000000000e+07 9.999745646667792531e-01 -7.130688186593779100e-03 -1.526568411450420566e-04 7.411193586966003943e-01 7.130719986441957405e-03 9.999745542954965316e-01 2.087884999597268106e-04 6.874151568331958104e-03 1.511641509541112628e-04 -2.098717425718338943e-04 9.999999665516241532e-01 8.735593063748877535e-03 9.999392628669738770e-01 -6.932543590664863586e-03 -8.558948524296283722e-03 7.437019944190979004e-01 6.951040122658014297e-03 9.999735951423645020e-01 2.132593421265482903e-03 1.769567839801311493e-02 8.543962612748146057e-03 -2.191959181800484657e-03 9.999611377716064453e-01 6.357577163726091385e-03 6.163030242919921875e+01
2.127452000000000000e+07 9.999917003614293698e-01 -4.068025385047587851e-03 -2.244516509683594269e-04 7.460869506074278013e-01 4.068075026189231329e-03 9.999917008940347740e-01 2.211548243238295366e-04 4.485770196198510598e-03 2.235501248254668973e-04 -2.220660749296126020e-04 9.999999503560011993e-01 9.096838756181516161e-03 9.999871253967285156e-01 -3.609571373090147972e-03 -3.562578000128269196e-03 7.489289641380310059e-01 3.621391719207167625e-03 9.999879002571105957e-01 3.320065094158053398e-03 1.898675411939620972e-02 3.550548339262604713e-03 -3.332928521558642387e-03 9.999881386756896973e-01 -3.838546108454465866e-04 6.432908630371093750e+01
2.137853000000000000e+07 9.999999538909671859e-01 -2.383844411520043445e-04 -1.881247572819981127e-04 7.692481589712335532e-01 2.384132813608517813e-04 9.999999598297060199e-01 1.532961055511729493e-04 1.664794480621116296e-03 1.880882063195761891e-04 -1.533409499222291932e-04 9.999999705546902540e-01 9.255816818808807259e-03 9.999936819076538086e-01 -1.662419090280309319e-04 3.555575385689735413e-03 7.597422003746032715e-01 1.595840294612571597e-04 9.999982714653015137e-01 1.875352696515619755e-03 9.747816249728202820e-03 -3.555890405550599098e-03 -1.874766312539577484e-03 9.999918937683105469e-01 7.060706149786710739e-03 6.212393569946289062e+01
2.148252000000000000e+07 9.999989637091728500e-01 1.429665144359326245e-03 -1.692280214716133057e-04 7.570395227485385847e-01 -1.429647214899036536e-03 9.999989724335311969e-01 1.060221243897276262e-04 -2.584651002631623419e-04 1.693794237166894128e-04 -1.057800781466429723e-04 9.999999800605924305e-01 9.265440173278830308e-03 9.999810457229614258e-01 1.507151057012379169e-03 5.978521890938282013e-03 7.577392458915710449e-01 -1.523475977592170238e-03 9.999951124191284180e-01 2.726149745285511017e-03 8.141499944031238556e-03 -5.974386818706989288e-03 -2.735215704888105392e-03 9.999784231185913086e-01 1.621883735060691833e-02 6.776371002197265625e+01
2.158640000000000000e+07 9.999974685918265882e-01 2.245641816555105259e-03 -1.410774613097764345e-04 7.612308709389162820e-01 -2.245630217181017289e-03 9.999974751806488538e-01 8.232456789470765212e-05 -1.066051544243423700e-03 1.412619766039703833e-04 -8.200755169251867081e-05 9.999999866599078580e-01 9.292991800298648977e-03 9.999915957450866699e-01 2.964058658108115196e-03 2.812202088534832001e-03 7.564026713371276855e-01 -2.960172249004244804e-03 9.999946355819702148e-01 -1.384623115882277489e-03 6.929772906005382538e-03 -2.816281514242291451e-03 1.376291154883801937e-03 9.999951124191284180e-01 9.450427256524562836e-03 6.366963195800781250e+01
2.169042000000000000e+07 9.999970040383090453e-01 2.443017645359699293e-03 -1.535553554999839591e-04 7.546050602323094436e-01 -2.443005354086607954e-03 9.999970126434704065e-01 8.018124085835714088e-05 -1.321990621143661563e-03 1.537507809597841427e-04 -7.980586408634899427e-05 9.999999849958607356e-01 9.309023309482319583e-03 9.999957680702209473e-01 2.894003177061676979e-03 -4.259788547642529011e-04 7.497546076774597168e-01 -2.895015757530927658e-03 9.999929666519165039e-01 -2.398984739556908607e-03 6.413593422621488571e-03 4.190285690128803253e-04 2.400206634774804115e-03 9.999970197677612305e-01 5.548615939915180206e-03 6.349305725097656250e+01
2.179428000000000000e+07 9.999958992600487262e-01 2.860180242089653806e-03 -1.443338976928730142e-04 7.538424607844810277e-01 -2.860170440880622795e-03 9.999959073876748539e-01 6.806727814141170108e-05 -1.751531339373374636e-03 1.445279916694118235e-04 -6.765417947771936152e-05 9.999999872672860057e-01 9.341501993518108379e-03 9.999932646751403809e-01 3.643652889877557755e-03 -3.016785194631665945e-04 7.469996213912963867e-01 -3.643975825980305672e-03 9.999928474426269531e-01 -1.079895417205989361e-03 2.320827450603246689e-03 2.977334661409258842e-04 1.080989954061806202e-03 9.999993443489074707e-01 1.134929805994033813e-02 6.359833526611328125e+01
2.189827000000000000e+07 9.999919678257847000e-01 4.004678041875979477e-03 -1.638232821042928406e-04 7.362104699871439006e-01 -4.004670101223305884e-03 9.999919800874506048e-01 4.877019309090966460e-05 -3.018833393606303647e-03 1.640172771727718476e-04 -4.811374317570252175e-05 9.999999853917004300e-01 9.509281548918850982e-03 9.999856352806091309e-01 4.756224807351827621e-03 2.475332934409379959e-03 7.538595199584960938e-01 -4.759929142892360687e-03 9.999875426292419434e-01 1.492396462708711624e-03 1.018930040299892426e-02 -2.468203427270054817e-03 -1.504162442870438099e-03 9.999957680702209473e-01 1.334618870168924332e-02 6.457033538818359375e+01
2.200215000000000000e+07 9.999896520351351237e-01 4.546759496318645948e-03 -1.509983310198597772e-04 7.392646257999686554e-01 -4.546755123618646983e-03 9.999896630264480946e-01 2.928926119100064166e-05 -3.518763818581777288e-03 1.511299413820670621e-04 -2.860240566369848947e-05 9.999999881708213634e-01 9.567412269970492975e-03 9.999856948852539062e-01 5.201752763241529465e-03 -1.197870238684117794e-03 7.485662102699279785e-01 -5.201615858823060989e-03 9.999864101409912109e-01 1.177083395305089653e-04 4.335878882557153702e-03 1.198470592498779297e-03 -1.114756669267080724e-04 9.999993443489074707e-01 7.800609339028596878e-03 6.349670410156250000e+01
2.210615000000000000e+07 9.999870032893756200e-01 5.095382841849067750e-03 -1.741438229696363972e-04 7.238373274918177280e-01 -5.095378601949355178e-03 9.999870181671316471e-01 2.478211631792569359e-05 -4.158760960306559160e-03 1.742678366337032379e-04 -2.389446552413698849e-05 9.999999845298876977e-01 9.677578929880768788e-03 9.999806880950927734e-01 5.871768109500408173e-03 2.048157155513763428e-03 7.482835054397583008e-01 -5.875075235962867737e-03 9.999814033508300781e-01 1.612888532690703869e-03 6.167361512780189514e-03 -2.038652077317237854e-03 -1.624885131604969501e-03 9.999966025352478027e-01 1.121399551630020142e-02 6.344972610473632812e+01
2.221007000000000000e+07 9.999854480620614661e-01 5.392479448438174117e-03 -1.575742388839076970e-04 7.283309717140555861e-01 -5.392477080717779370e-03 9.999854603705228273e-01 1.544706223415466133e-05 -4.412973832255905407e-03 1.576552457781495219e-04 -1.459712198140157194e-05 9.999999874658737076e-01 9.695207638474145906e-03 9.999745488166809082e-01 6.016892381012439728e-03 3.862867830321192741e-03 7.468630671501159668e-01 -6.012594327330589294e-03 9.999812841415405273e-01 -1.121611334383487701e-03 4.031675402075052261e-03 -3.869551932439208031e-03 1.098354463465511799e-03 9.999918937683105469e-01 1.659362949430942535e-02 6.343167877197265625e+01
2.231390000000000000e+07 9.999906398895831439e-01 4.323043798160713241e-03 -1.772741627082342257e-04 7.283174207595770611e-01 -4.323035931462288622e-03 9.999906546361790882e-01 4.473508770910229434e-05 -3.387624782034710964e-03 1.774658977541500955e-04 -4.396830643270357617e-05 9.999999832863220028e-01 9.565057322024405478e-03 9.999861121177673340e-01 5.187516566365957260e-03 -8.976457174867391586e-04 7.356477975845336914e-01 -5.187261849641799927e-03 9.999865293502807617e-01 2.960230049211531878e-04 6.105773150920867920e-03 8.991851937025785446e-04 -2.913561183959245682e-04 9.999995827674865723e-01 1.094534434378147125e-02 6.204905700683593750e+01
2.241777000000000000e+07 9.999878561825218393e-01 4.925199435264156211e-03 -1.729098712511501173e-04 7.257224461603537513e-01 -4.925194404118198033e-03 9.999878707209491902e-01 2.951068923620319274e-05 -3.985718710185812141e-03 1.730531200101121975e-04 -2.865871612704894611e-05 9.999999846156475414e-01 9.645835563797264256e-03 9.999849200248718262e-01 5.379839800298213959e-03 -1.091424375772476196e-03 7.324835658073425293e-01 -5.377859808504581451e-03 9.999839067459106445e-01 1.808049273677170277e-03 8.245688863098621368e-03 1.101129455491900444e-03 -1.802168437279760838e-03 9.999977946281433105e-01 1.114438939839601517e-02 6.400547027587890625e+01
2.252152000000000000e+07 9.999940864433475296e-01 3.431242078900184275e-03 -2.316373696525833418e-04 7.099579267405986549e-01 -3.431224219925615125e-03 9.999941103332755654e-01 7.745227257746415664e-05 -2.679014610481653472e-03 2.319017628882573824e-04 -7.665701478860104318e-05 9.999999701726360879e-01 9.527352336192012813e-03 9.999895095825195312e-01 4.151013214141130447e-03 -1.950155827216804028e-03 7.280902862548828125e-01 -4.148899577558040619e-03 9.999908208847045898e-01 1.089451834559440613e-03 8.161638863384723663e-03 1.954658422619104385e-03 -1.081331633031368256e-03 9.999974966049194336e-01 1.464324444532394409e-02 6.651718139648437500e+01
2.262540000000000000e+07 9.999974909324135242e-01 2.227003356193376846e-03 -2.420432955378738771e-04 7.084503708986265025e-01 -2.226978078220798012e-03 9.999975148048968476e-01 1.046551334517387751e-04 -1.496940298658787794e-03 2.422757613452082798e-04 -1.041158457547913167e-04 9.999999652311726273e-01 9.450434807674417542e-03 9.999948143959045410e-01 2.623797859996557236e-03 -1.880260184407234192e-03 7.218954563140869141e-01 -2.623143838718533516e-03 9.999964237213134766e-01 3.464292094577103853e-04 6.815157830715179443e-03 1.881160074844956398e-03 -3.414952952880412340e-04 9.999981522560119629e-01 1.387302204966545105e-02 6.068553543090820312e+01
2.272917000000000000e+07 9.999994700762026012e-01 1.002357571148099246e-03 -2.347906435109465358e-04 7.224665694843178665e-01 -1.002326837420086615e-03 9.999994890925189006e-01 1.309795542197292263e-04 -7.260158981572853009e-05 2.349218118984448193e-04 -1.307441478546365952e-04 9.999999638588554784e-01 9.371138865831780615e-03 9.999961853027343750e-01 1.895314664579927921e-03 -1.987184630706906319e-03 7.160536646842956543e-01 -1.900562900118529797e-03 9.999946951866149902e-01 -2.644690684974193573e-03 2.871317090466618538e-03 1.982157118618488312e-03 2.648445311933755875e-03 9.999945163726806641e-01 6.127935834228992462e-03 6.032012939453125000e+01
2.283290000000000000e+07 9.999998377910336300e-01 -5.092081125227754202e-04 -2.551960300878014054e-04 7.178000810452562774e-01 5.092513304801638040e-04 9.999998559976409629e-01 1.693156458988303117e-04 1.465484219609114284e-03 2.551097764409754787e-04 -1.694455773484444447e-04 9.999999531035993483e-01 9.368173679535782283e-03 9.999990463256835938e-01 -3.214760217815637589e-04 1.300206175073981285e-03 7.210123538970947266e-01 3.260445373598486185e-04 9.999938011169433594e-01 -3.526841290295124054e-03 5.230851937085390091e-03 -1.299050869420170784e-03 3.527268301695585251e-03 9.999929666519165039e-01 1.006466522812843323e-02 6.259315109252929688e+01
2.293652000000000000e+07 9.999943094411199995e-01 -3.362211726692342084e-03 -2.767989515444549669e-04 7.147537785458180082e-01 3.362276487714873675e-03 9.999943201935245218e-01 2.338321791061596521e-04 4.212792770762659351e-03 2.760111860837195568e-04 -2.347615230788533953e-04 9.999999343524239581e-01 9.285532029618952243e-03 9.999848008155822754e-01 -3.673953702673316002e-03 4.120177589356899261e-03 7.186445593833923340e-01 3.684971248731017113e-03 9.999895691871643066e-01 -2.669380279257893562e-03 6.277703214436769485e-03 -4.110340494662523270e-03 2.684522187337279320e-03 9.999879002571105957e-01 1.380946114659309387e-02 6.520204925537109375e+01
2.304014000000000000e+07 9.999757487902658504e-01 -6.961108058718246117e-03 -2.116717036035776361e-04 7.214274134329788923e-01 6.961155086625012839e-03 9.999757461667170277e-01 2.222546863362128691e-04 6.850521418485561349e-03 2.101194308322020118e-04 -2.237227759786666686e-04 9.999999528989700348e-01 8.832160056686520419e-03 9.999744892120361328e-01 -7.106985431164503098e-03 7.578262593597173691e-04 7.101239562034606934e-01 7.108064368367195129e-03 9.999738335609436035e-01 -1.412697136402130127e-03 1.259670220315456390e-02 -7.477669278159737587e-04 1.418050844222307205e-03 9.999986886978149414e-01 1.628266833722591400e-02 6.129100799560546875e+01
2.314377000000000000e+07 9.999400734174052063e-01 -1.094712411538617015e-02 -1.002681973872647595e-04 7.197568477163451828e-01 1.094714297915095301e-02 9.999400602710192265e-01 1.895571169817590249e-04 1.031792691142686610e-02 9.818708215830872102e-05 -1.906434077091712445e-04 9.999999770071948957e-01 8.222072349092092447e-03 9.999404549598693848e-01 -1.084654312580823898e-02 -1.182841253466904163e-03 7.009995579719543457e-01 1.084238011389970779e-02 9.999351501464843750e-01 -3.466193331405520439e-03 9.475279599428176880e-03 1.220369478687644005e-03 3.453161567449569702e-03 9.999932646751403809e-01 1.287754811346530914e-02 6.101673507690429688e+01
2.324742000000000000e+07 9.999103056350717722e-01 -1.339293292076124478e-02 -1.001937592862787833e-04 6.986188458466012774e-01 1.339295244492646683e-02 9.999102910266840505e-01 1.967993215374933241e-04 1.250094030000624239e-02 9.754905098667486746e-05 -1.981235599547251120e-04 9.999999756156193742e-01 7.845301885691751548e-03 9.998967647552490234e-01 -1.436847355216741562e-02 -2.390116424066945910e-04 6.970859766006469727e-01 1.436756178736686707e-02 9.998908638954162598e-01 -3.458245191723108292e-03 1.278493739664554596e-02 2.886714937631040812e-04 3.454455407336354256e-03 9.999940395355224609e-01 8.284409530460834503e-03 6.049724960327148438e+01
2.335102000000000000e+07 9.998887665342610642e-01 -1.491486165479883469e-02 -3.808306164841682775e-05 7.000480606035233144e-01 1.491486817336045226e-02 9.998887514888930017e-01 1.770402780211345964e-04 1.369431064445159225e-02 3.543829359051335262e-05 -1.775885890864340464e-04 9.999999836032092970e-01 7.587961893736037272e-03 9.998811483383178711e-01 -1.533025223761796951e-02 1.624377793632447720e-03 6.929484605789184570e-01 1.533100567758083344e-02 9.998823404312133789e-01 -4.519679641816765070e-04 1.861091330647468567e-02 -1.617251895368099213e-03 4.768150974996387959e-04 9.999986290931701660e-01 6.982800550758838654e-03 6.064783859252929688e+01
2.345465000000000000e+07 9.998791644120983424e-01 -1.554526705780789539e-02 -3.526407854621389185e-05 6.960156116472914212e-01 1.554527294658837946e-02 9.998791499133684590e-01 1.733621212674038450e-04 1.420801788880916676e-02 3.256485637171963998e-05 -1.738893626865566924e-04 9.999999843510095632e-01 7.493462511782824666e-03 9.998539090156555176e-01 -1.628888957202434540e-02 5.177937913686037064e-03 6.874253153800964355e-01 1.626562699675559998e-02 9.998576045036315918e-01 4.502858966588973999e-03 2.743665315210819244e-02 -5.250550340861082077e-03 -4.417977761477231979e-03 9.999764561653137207e-01 8.920459076762199402e-03 6.072793579101562500e+01
2.355827000000000000e+07 9.998795605942588649e-01 -1.551933871733257066e-02 -1.201626035808724629e-04 6.725665799335937001e-01 1.551936356101480362e-02 9.998795456580378271e-01 2.086546926486163175e-04 1.435471596661030622e-02 1.169099467238577712e-04 -2.104944094759934035e-04 9.999999710120844876e-01 7.570532865806829485e-03 9.998421072959899902e-01 -1.659820415079593658e-02 6.343559827655553818e-03 6.859320402145385742e-01 1.659687422215938568e-02 9.998622536659240723e-01 2.640403981786221266e-04 2.076593786478042603e-02 -6.347069516777992249e-03 -1.587145234225317836e-04 9.999797940254211426e-01 1.363106351345777512e-02 6.107590484619140625e+01
2.366202000000000000e+07 9.998655382308948569e-01 -1.639821417513455046e-02 -6.350053909468680413e-05 6.799355587631275011e-01 1.639822669335945851e-02 9.998655196562878933e-01 2.019058791325927047e-04 1.499298150085942929e-02 6.018110369839681223e-05 -2.029200267377859917e-04 9.999999776008486885e-01 7.406546858714466684e-03 9.998301267623901367e-01 -1.709539815783500671e-02 6.890207529067993164e-03 6.810680031776428223e-01 1.709757372736930847e-02 9.998537302017211914e-01 -2.580983855295926332e-04 1.683690585196018219e-02 -6.884798873215913773e-03 3.758590028155595064e-04 9.999762773513793945e-01 1.391704753041267395e-02 6.110796737670898438e+01
2.376565000000000000e+07 9.998516091433291564e-01 -1.722662519780110771e-02 -5.563905421212379061e-05 6.747381966686093469e-01 1.722663684975683437e-02 9.998515871137999556e-01 2.162100345003363901e-04 1.566461611143119687e-02 5.190622765648421387e-05 -2.171364246337531166e-04 9.999999750787594843e-01 7.290879475674531124e-03 9.998143315315246582e-01 -1.776559278368949890e-02 7.463046815246343613e-03 6.750175952911376953e-01 1.776910386979579926e-02 9.998420476913452148e-01 -4.041721986141055822e-04 1.788228936493396759e-02 -7.454678416252136230e-03 5.367095000110566616e-04 9.999720454216003418e-01 1.560380123555660248e-02 6.772621154785156250e+01
2.386940000000000000e+07 9.998637209578529195e-01 -1.650869429372831682e-02 -5.031021875967780322e-05 6.826644976705794621e-01 1.650870391005200555e-02 9.998637026324825872e-01 1.971277720938253552e-04 1.505868911772564010e-02 4.704903955580863026e-05 -1.979314641970743738e-04 9.999999793047619212e-01 7.373596238056947041e-03 9.998280405998229980e-01 -1.751606911420822144e-02 6.079794839024543762e-03 6.676185727119445801e-01 1.750534027814865112e-02 9.998451471328735352e-01 1.805620966479182243e-03 2.040585502982139587e-02 -6.110488437116146088e-03 -1.698882086202502251e-03 9.999799132347106934e-01 1.815643720328807831e-02 6.427961730957031250e+01
2.397302000000000000e+07 9.998483648141466285e-01 -1.741352574595477973e-02 -1.284699077841015846e-04 6.531388343287026776e-01 1.741355606167427697e-02 9.998483440330740990e-01 2.387562607329224917e-04 1.591968090793746682e-02 1.242928363308452844e-04 -2.409571747885016558e-04 9.999999632454652509e-01 7.329322392913617534e-03 9.998346567153930664e-01 -1.797674223780632019e-02 2.761896699666976929e-03 6.564826369285583496e-01 1.797553710639476776e-02 9.998383522033691406e-01 4.847846284974366426e-04 1.879205740988254547e-02 -2.770164515823125839e-03 -4.350574163254350424e-04 9.999960660934448242e-01 1.753648743033409119e-02 6.383603286743164062e+01
2.407678000000000000e+07 9.998564857463471123e-01 -1.694053832038314861e-02 -1.614775741753335121e-04 6.479630891232979195e-01 1.694057701702896684e-02 9.998564689976875419e-01 2.413636950076836468e-04 1.556228999163728789e-02 1.573655662504616897e-04 -2.440645791342611632e-04 9.999999578342794182e-01 7.417121504060100561e-03 9.998328089714050293e-01 -1.827527396380901337e-02 5.501414998434484005e-04 6.553083658218383789e-01 1.827652379870414734e-02 9.998298883438110352e-01 -2.466024598106741905e-03 1.395898312330245972e-02 -5.049877217970788479e-04 2.475667046383023262e-03 9.999968409538269043e-01 1.309601962566375732e-02 6.384032058715820312e+01
2.418054000000000000e+07 9.998459346537784675e-01 -1.755256674345657616e-02 -1.198715911911727355e-04 6.551745565901925250e-01 1.755259514348477337e-02 9.998459125059865338e-01 2.401269906133740020e-04 1.601027046525266284e-02 1.156382756156324826e-04 -2.421940527931725493e-04 9.999999639849157518e-01 7.293971965863094153e-03 9.998434185981750488e-01 -1.767745427787303925e-02 7.933077285997569561e-04 6.384374499320983887e-01 1.767665520310401917e-02 9.998431205749511719e-01 1.112779253162443638e-03 1.792384870350360870e-02 -8.128460613079369068e-04 -1.098584150895476341e-03 9.999990463256835938e-01 8.621488697826862335e-03 6.394553756713867188e+01
2.428416000000000000e+07 9.998758205573401447e-01 -1.575810218342956967e-02 -1.602473158535941736e-04 6.596117219764737749e-01 1.575813787862876195e-02 9.998758077487660545e-01 2.239825674502095537e-04 1.460249487590253685e-02 1.566978741769170188e-04 -2.264799527293847215e-04 9.999999620763027064e-01 7.565807274243972064e-03 9.998631477355957031e-01 -1.652446575462818146e-02 7.556785712949931622e-04 6.409701704978942871e-01 1.652139984071254730e-02 9.998561739921569824e-01 3.841412020847201347e-03 2.132897637784481049e-02 -8.190429653041064739e-04 -3.828406333923339844e-03 9.999923706054687500e-01 9.565767832100391388e-03 6.424710083007812500e+01
2.438790000000000000e+07 9.998916072921356646e-01 -1.472074975583170624e-02 -2.705565040769196124e-04 6.384856362628581472e-01 1.472082159391410912e-02 9.998916075967494432e-01 2.654743571916796897e-04 1.382499010071633339e-02 2.666191963636558074e-04 -2.694283955990126912e-04 9.999999281612718116e-01 7.827232457730643259e-03 9.998809099197387695e-01 -1.478289347141981125e-02 4.444469232112169266e-03 6.357983946800231934e-01 1.477138325572013855e-02 9.998875260353088379e-01 2.594736870378255844e-03 1.610424928367137909e-02 -4.482333548367023468e-03 -2.528778975829482079e-03 9.999867677688598633e-01 7.022128906100988388e-03 6.463948822021484375e+01
2.449165000000000000e+07 9.999283103185712118e-01 -1.196958747104152725e-02 -3.212691931407440698e-04 6.485998424162930931e-01 1.196967780050269166e-02 9.999283214404641740e-01 2.807299055590989139e-04 1.150377015699275036e-02 3.178859442136916730e-04 -2.845552684592134391e-04 9.999999089884179515e-01 8.209664273251222194e-03 9.999155402183532715e-01 -1.262080576270818710e-02 3.097929293289780617e-03 6.363071203231811523e-01 1.263026986271142960e-02 9.999155402183532715e-01 -3.051145700737833977e-03 6.343011744320392609e-03 -3.059158567339181900e-03 3.090021433308720589e-03 9.999905824661254883e-01 1.085330918431282043e-02 6.444355010986328125e+01
2.459540000000000000e+07 9.999423253910948439e-01 -1.073369225174529082e-02 -3.657093943878116657e-04 6.457282275490514589e-01 1.073380055274015046e-02 9.999423474488293717e-01 2.954750152858540298e-04 1.042978332570319681e-02 3.625167724611331544e-04 -2.993834255366163775e-04 9.999998894755721679e-01 8.411530690567712784e-03 9.999367594718933105e-01 -1.122380048036575317e-02 6.599288899451494217e-04 6.306879520416259766e-01 1.122589036822319031e-02 9.999317526817321777e-01 -3.233483526855707169e-03 5.792994052171707153e-03 -6.235922919586300850e-04 3.240691265091300011e-03 9.999945163726806641e-01 1.154029928147792816e-02 6.354927825927734375e+01
2.469927000000000000e+07 9.999527954012948916e-01 -9.704528603399440248e-03 -4.786398361257523438e-04 6.167224305821386032e-01 9.704682789646304139e-03 9.999528569769848829e-01 3.208705122297866451e-04 9.256121686361626355e-03 4.755033746117837633e-04 -3.255004133298425718e-04 9.999998339730011843e-01 8.591634099832993338e-03 9.999447464942932129e-01 -1.018726639449596405e-02 -2.629912924021482468e-03 6.210358142852783203e-01 1.019844505935907364e-02 9.999387860298156738e-01 4.295498132705688477e-03 1.978915557265281677e-02 2.585989655926823616e-03 -4.322082269936800003e-03 9.999873042106628418e-01 1.142958272248506546e-02 6.492889404296875000e+01
2.480311000000000000e+07 9.999593909150072957e-01 -8.996645934867888994e-03 -5.262013493846919802e-04 5.983584285821405002e-01 8.996805515939593212e-03 9.999594824175332963e-01 3.016932311974466715e-04 8.198274886111134307e-03 5.234658019661838670e-04 -3.064151106204238855e-04 9.999998160466615493e-01 8.496848532439206861e-03 9.999422430992126465e-01 -9.045579470694065094e-03 -5.796259269118309021e-03 6.133903861045837402e-01 9.073572233319282532e-03 9.999472498893737793e-01 4.801342729479074478e-03 2.019343338906764984e-02 5.752531345933675766e-03 -4.853670019656419754e-03 9.999716877937316895e-01 9.988423436880111694e-03 6.375292968750000000e+01
2.490678000000000000e+07 9.999536257702692499e-01 -9.617983228580930313e-03 -4.906163676683661639e-04 6.109189541154385061e-01 9.618138749373872018e-03 9.999536948211684706e-01 3.156222568640055918e-04 9.061018557144232335e-03 4.875579999148482485e-04 -3.203264365784731977e-04 9.999998298390652129e-01 8.545263269226775413e-03 9.999008774757385254e-01 -9.357836097478866577e-03 -1.051805913448333740e-02 6.064031720161437988e-01 9.350746870040893555e-03 9.999560713768005371e-01 -7.286941981874406338e-04 8.306906558573246002e-03 1.052440889179706573e-02 6.302760448306798935e-04 9.999443888664245605e-01 3.101904876530170441e-03 6.369039916992187500e+01
2.501054000000000000e+07 9.999634719989453080e-01 -8.529944781754839056e-03 -5.428750514593157130e-04 5.951491046459173040e-01 8.530107857383621012e-03 9.999635733306972973e-01 2.987894268696714888e-04 7.673345598420250671e-03 5.403066191393564831e-04 -3.034092952107101879e-04 9.999998080057691530e-01 8.530799217764839515e-03 9.999317526817321777e-01 -8.524904027581214905e-03 -7.988833822309970856e-03 6.097052097320556641e-01 8.480927906930446625e-03 9.999488592147827148e-01 -5.518169607967138290e-03 -2.599229337647557259e-04 8.035473525524139404e-03 5.450048949569463730e-03 9.999528527259826660e-01 -2.601421670988202095e-03 6.348636627197265625e+01
2.511427000000000000e+07 9.999752189581678774e-01 -7.021238151658457452e-03 -5.135030545712029231e-04 6.216869168391462308e-01 7.021408036227741109e-03 9.999752952313567533e-01 3.297834921935878039e-04 6.620363289626648821e-03 5.111748802070812487e-04 -3.333808342161108862e-04 9.999998137787170505e-01 8.897255366576947364e-03 9.999763369560241699e-01 -6.856325548142194748e-03 6.685335538350045681e-04 6.154987215995788574e-01 6.857483182102441788e-03 9.999747872352600098e-01 -1.802795217372477055e-03 2.825682284310460091e-03 -6.561533082276582718e-04 1.807335298508405685e-03 9.999981522560119629e-01 -7.165140938013792038e-03 6.365219116210937500e+01
2.521804000000000000e+07 9.999782139454660435e-01 -6.582911579404568045e-03 -4.867341163709833305e-04 6.316600443071375137e-01 6.583070228249663855e-03 9.999782785238748861e-01 3.250651051650555704e-04 6.340436652539340780e-03 4.845836689686305095e-04 -3.282622281108676606e-04 9.999998287112761286e-01 8.956055491933630208e-03 9.999468922615051270e-01 -6.265429314225912094e-03 8.176024071872234344e-03 6.290990710258483887e-01 6.242254283279180527e-03 9.999764561653137207e-01 2.859281376004219055e-03 1.415412593632936478e-02 -8.193749934434890747e-03 -2.808094257488846779e-03 9.999625086784362793e-01 3.120577894151210785e-03 6.393580627441406250e+01
2.532177000000000000e+07 9.999805210297335600e-01 -6.223307346944515622e-03 -4.775026024143281481e-04 6.305755463429844054e-01 6.223462609209468380e-03 9.999805814640380097e-01 3.243608441275077931e-04 5.946843816404744423e-03 4.754747328909489194e-04 -3.273262453544569829e-04 9.999998333906482406e-01 9.009842763156595755e-03 9.999204277992248535e-01 -4.636542871594429016e-03 1.172609161585569382e-02 6.321754455566406250e-01 4.596792161464691162e-03 9.999836087226867676e-01 3.415365004912018776e-03 1.209418103098869324e-02 -1.174173690378665924e-02 -3.361194627359509468e-03 9.999254345893859863e-01 9.056275710463523865e-03 6.381289672851562500e+01
2.542552000000000000e+07 9.999960604244156892e-01 -2.778468600029834496e-03 -3.990583530797392605e-04 6.301659705718790638e-01 2.778570778446057352e-03 9.999961070673444308e-01 2.557230361415585140e-04 2.476971847963831651e-03 3.983462811174896898e-04 -2.568308406247904723e-04 9.999998876790689994e-01 9.391227299192913755e-03 9.999471306800842285e-01 -2.361117629334330559e-03 1.001508999615907669e-02 6.325367689132690430e-01 2.339219674468040466e-03 9.999948740005493164e-01 2.192887943238019943e-03 9.033896028995513916e-03 -1.002021972090005875e-02 -2.169332234188914299e-03 9.999474287033081055e-01 1.750386506319046021e-02 6.481756591796875000e+01
2.552939000000000000e+07 9.999991279781724751e-01 -1.268408912813651221e-03 -3.676705978341452069e-04 6.263362221419525033e-01 1.268477552509422604e-03 9.999991780880664871e-01 1.865149791146174100e-04 1.124275551618932056e-03 3.674337183718054184e-04 -1.869811983845239142e-04 9.999999150152406591e-01 9.407444712086664856e-03 9.999994635581970215e-01 -1.062741503119468689e-03 3.456291233305819333e-05 6.220709085464477539e-01 1.062903786078095436e-03 9.999912381172180176e-01 -4.043116234242916107e-03 -3.598184848669916391e-04 -3.026582999154925346e-05 4.043138585984706879e-03 9.999918937683105469e-01 1.277734711766242981e-02 6.381996917724609375e+01
2.563321000000000000e+07 9.999981922354553854e-01 -1.860845817695999747e-03 -3.908689241884193144e-04 6.062141479903873087e-01 1.860919290954925892e-03 9.999982508734536202e-01 1.876946523016836108e-04 1.276264018022643752e-03 3.905189696861376646e-04 -1.884216885449753530e-04 9.999999059960925640e-01 8.969344109587749220e-03 9.999918341636657715e-01 -1.355805085040628910e-03 -3.804164007306098938e-03 6.190323829650878906e-01 1.342558884061872959e-03 9.999930858612060547e-01 -3.470897907391190529e-03 -9.974611202778760344e-06 3.808843437582254410e-03 3.465769579634070396e-03 9.999867081642150879e-01 8.668722584843635559e-03 6.330515289306640625e+01
2.573702000000000000e+07 9.999977876003599553e-01 -2.066422440710372760e-03 -3.933101566770450495e-04 6.181362126774667676e-01 2.066505997245251386e-03 9.999978422690172231e-01 2.121567007338299494e-04 1.656400607344611815e-03 3.928709026717867349e-04 -2.129690091197332890e-04 9.999999001483269589e-01 9.233590598505810737e-03 9.999985694885253906e-01 -1.655854750424623489e-03 -3.755344660021364689e-04 6.203613281250000000e-01 1.654426101595163345e-03 9.999913573265075684e-01 -3.798099234700202942e-03 -2.477000467479228973e-03 3.818197583314031363e-04 3.797470359131693840e-03 9.999926686286926270e-01 -7.278564153239130974e-04 6.339465713500976562e+01
2.584080000000000000e+07 9.999968955160148942e-01 -2.462091142455464544e-03 -3.834913870624729118e-04 6.363184496252810574e-01 2.462183282567308694e-03 9.999969400269276276e-01 2.399799331659622278e-04 2.316616307576594043e-03 3.828993611313903297e-04 -2.409234142183201092e-04 9.999998976719903787e-01 9.450116264394559790e-03 9.999966025352478027e-01 -1.824086881242692471e-03 1.890049781650304794e-03 6.247975826263427734e-01 1.819684053771197796e-03 9.999956488609313965e-01 2.348202047869563103e-03 3.798184683546423912e-03 -1.894325600005686283e-03 -2.344753593206405640e-03 9.999954104423522949e-01 2.032412157859653234e-04 6.296867370605468750e+01
2.594452000000000000e+07 9.999962012570575709e-01 -2.730025997511704820e-03 -3.800388977623428964e-04 6.393231399589950348e-01 2.730120266479678544e-03 9.999962425237457486e-01 2.477534589054825953e-04 2.609939469430663968e-03 3.793610963964618734e-04 -2.487900696429050850e-04 9.999998970943253518e-01 9.414599846530299909e-03 9.999878406524658203e-01 -2.783238189294934273e-03 4.053335636854171753e-03 6.283971667289733887e-01 2.784049604088068008e-03 9.999960660934448242e-01 -1.854373404057696462e-04 5.256443284451961517e-03 -4.052802920341491699e-03 1.967203716048970819e-04 9.999918341636657715e-01 6.492924410849809647e-03 6.299139022827148438e+01
2.604815000000000000e+07 9.999925684684018989e-01 -3.834842592868916919e-03 -3.962207333222793901e-04 6.429544080289306685e-01 3.834957166266814502e-03 9.999926048186498218e-01 2.888116245925939369e-04 3.682968741622080159e-03 3.951102561245990177e-04 -2.903289677579762567e-04 9.999998797984857024e-01 9.294659268230963736e-03 9.999786615371704102e-01 -3.308891318738460541e-03 5.626626312732696533e-03 6.398551464080810547e-01 3.309487132355570793e-03 9.999945163726806641e-01 -1.098206339520402253e-04 8.630342781543731689e-03 -5.626235622912645340e-03 1.284415920963510871e-04 9.999841451644897461e-01 1.331828441470861435e-02 6.054256057739257812e+01
2.615190000000000000e+07 9.999908620872294263e-01 -4.255047199005136671e-03 -4.126942348182554600e-04 6.382456502515952979e-01 4.255175741785265087e-03 9.999908983085253888e-01 3.110959143663835549e-04 3.971944725568042969e-03 4.113667508876934185e-04 -3.128491579847769797e-04 9.999998664513998214e-01 9.243191407711091878e-03 9.999859333038330078e-01 -4.375081043690443039e-03 3.002483863383531570e-03 6.426677703857421875e-01 4.378827754408121109e-03 9.999897480010986328e-01 -1.246195286512374878e-03 8.670482784509658813e-03 -2.997000701725482941e-03 1.259321696124970913e-03 9.999946951866149902e-01 1.349162403494119644e-02 6.253081512451171875e+01
2.625554000000000000e+07 9.999772772212108807e-01 -6.724937586256514097e-03 -4.693142249974197565e-04 6.425036991764064842e-01 6.725088202601344281e-03 9.999773351081671091e-01 3.200918034451553451e-04 6.639374725025917745e-03 4.671509906472947173e-04 -3.232407096189337387e-04 9.999998386426852681e-01 8.959329483217657111e-03 9.999787807464599609e-01 -6.431858520954847336e-03 1.094236969947814941e-03 6.460449099540710449e-01 6.433938164263963699e-03 9.999774098396301270e-01 -1.946427510119974613e-03 9.888917207717895508e-03 -1.081692869774997234e-03 1.953427679836750031e-03 9.999975562095642090e-01 1.123122125864028931e-02 6.246300888061523438e+01
2.635915000000000000e+07 9.999643340705699490e-01 -8.432180211726260713e-03 -4.784624909326356634e-04 6.279152009782641430e-01 8.432334864242671882e-03 9.999643953458359213e-01 3.221366882979687985e-04 8.141634722884493608e-03 4.757291409351426643e-04 -3.261597547861420812e-04 9.999998336507918140e-01 8.765476198806953015e-03 9.999613761901855469e-01 -8.385580964386463165e-03 2.621283289045095444e-03 6.482596397399902344e-01 8.390689268708229065e-03 9.999629259109497070e-01 -1.903915079310536385e-03 9.018205106258392334e-03 -2.605225192382931709e-03 1.925835967995226383e-03 9.999946951866149902e-01 1.055564079433679581e-02 6.238502502441406250e+01
2.646280000000000000e+07 9.999487007057696886e-01 -1.012260358415997298e-02 -3.589591778211496812e-04 6.537752133258531995e-01 1.012270952092503458e-02 9.999487206823245433e-01 2.945435594823647631e-04 9.939636702428249204e-03 3.559592228950297834e-04 -2.981620891571287106e-04 9.999998921961923415e-01 8.478361239358262608e-03 9.999489188194274902e-01 -9.995679371058940887e-03 1.451758900657296181e-03 6.464877724647521973e-01 9.998778812587261200e-03 9.999476075172424316e-01 -2.200318966060876846e-03 9.119182825088500977e-03 -1.429685740731656551e-03 2.214722568169236183e-03 9.999965429306030273e-01 9.803045541048049927e-03 6.063161468505859375e+01
2.656661000000000000e+07 9.999366402547043009e-01 -1.125094754230211713e-02 -3.628423601557024549e-04 6.429915050328239845e-01 1.125105468932589836e-02 9.999366614766636019e-01 2.946223449990070364e-04 1.088477790069480866e-02 3.595045976828477861e-04 -2.986860370706473800e-04 9.999998907715409446e-01 8.350311963406171697e-03 9.999309182167053223e-01 -1.167545653879642487e-02 -1.390820252709090710e-03 6.464000344276428223e-01 1.167714409530162811e-02 9.999310374259948730e-01 1.205316511914134026e-03 1.478254143148660660e-02 1.376642030663788319e-03 -1.221472281031310558e-03 9.999983310699462891e-01 1.069895178079605103e-02 6.130495834350585938e+01
2.667029000000000000e+07 9.999300349325178638e-01 -1.182523429235715802e-02 -2.984555112593689752e-04 6.557822380497171366e-01 1.182531552278911872e-02 9.999300415486757077e-01 2.718881344080240677e-04 1.138859688131699938e-02 2.952194909274421923e-04 -2.753984422786537453e-04 9.999999185005729041e-01 8.192487975761605229e-03 9.999204277992248535e-01 -1.213221810758113861e-02 -3.455703612416982651e-03 6.479428410530090332e-01 1.213820930570363998e-02 9.999248981475830078e-01 1.682476722635328770e-03 2.090703323483467102e-02 3.435038262978196144e-03 -1.724291127175092697e-03 9.999926090240478516e-01 1.078884676098823547e-02 6.160911941528320312e+01
2.677390000000000000e+07 9.999315086079830772e-01 -1.169896172722156152e-02 -3.352533692253850043e-04 6.467510351161813720e-01 1.169905784906006413e-02 9.999315227261158512e-01 2.862017251894475342e-04 1.128308978831287293e-02 3.318821491403153097e-04 -2.901042711860580517e-04 9.999999028468760098e-01 8.265975743670531464e-03 9.999191164970397949e-01 -1.222607214003801346e-02 -3.504702588543295860e-03 6.550698876380920410e-01 1.222952734678983688e-02 9.999247789382934570e-01 9.776676306501030922e-04 1.726588606834411621e-02 3.492491086944937706e-03 -1.020449330098927021e-03 9.999933838844299316e-01 7.811950054019689560e-03 6.138307189941406250e+01
2.687767000000000000e+07 9.999197939569287596e-01 -1.266222749764019800e-02 -2.713836307340086827e-04 6.564480393406959546e-01 1.266229912752403833e-02 9.999197950607101593e-01 2.638706051546877329e-04 1.212538593059609739e-02 2.680206748179517337e-04 -2.672857818238816492e-04 9.999999283616123336e-01 8.066713253595590369e-03 9.999210238456726074e-01 -1.250895950943231583e-02 -1.255268463864922523e-03 6.665039658546447754e-01 1.250763237476348877e-02 9.999212622642517090e-01 -1.031913096085190773e-03 1.728605851531028748e-02 1.268075546249747276e-03 1.016132184304296970e-03 9.999987483024597168e-01 1.015275437384843826e-02 6.107987213134765625e+01
2.698128000000000000e+07 9.999328456616147776e-01 -1.158688584853429134e-02 -2.196545012291523211e-04 6.811982358907254786e-01 1.158693925425331554e-02 9.999328395344443399e-01 2.434419918233813207e-04 1.115363842354958994e-02 2.168190146598487325e-04 -2.459707669116296654e-04 9.999999462439488340e-01 8.147696761978977589e-03 9.999210834503173828e-01 -1.224163919687271118e-02 2.805923577398061752e-03 6.761448383331298828e-01 1.224469020962715149e-02 9.999244213104248047e-01 -1.067367731593549252e-03 1.662218943238258362e-02 -2.792650600895285606e-03 1.101642032153904438e-03 9.999954700469970703e-01 1.079278066754341125e-02 5.894607925415039062e+01
2.708502000000000000e+07 9.999329687838440783e-01 -1.157490425260938177e-02 -2.820204801902026644e-04 6.622921136886130711e-01 1.157498019028042543e-02 9.999329714559312965e-01 2.691352571671065566e-04 1.119281516870216167e-02 2.788863620494029896e-04 -2.723815980567821367e-04 9.999999240153308877e-01 8.205226891844693074e-03 9.999270439147949219e-01 -1.186113711446523666e-02 2.274634782224893570e-03 6.736611723899841309e-01 1.185742858797311783e-02 9.999283552169799805e-01 1.626934972591698170e-03 2.517061494290828705e-02 -2.293765777722001076e-03 -1.599843497388064861e-03 9.999960660934448242e-01 1.249848213046789169e-02 6.111561584472656250e+01
2.718879000000000000e+07 9.999246156871834934e-01 -1.227650190205037059e-02 -2.246099255871112049e-04 6.730399703506224629e-01 1.227655769914254638e-02 9.999246092885426540e-01 2.487487623367545656e-04 1.175454329270710259e-02 2.215392275477898361e-04 -2.514874471894043757e-04 9.999999438372177973e-01 8.061824372528780813e-03 9.999232292175292969e-01 -1.233780570328235626e-02 1.150954398326575756e-03 6.738742589950561523e-01 1.233644224703311920e-02 9.999232888221740723e-01 1.157740945927798748e-03 2.197663299739360809e-02 -1.165149151347577572e-03 -1.143458066508173943e-03 9.999987483024597168e-01 8.799895644187927246e-03 6.111577606201171875e+01
2.729253000000000000e+07 9.999471237599323326e-01 -1.027966542328604543e-02 -2.795862056534965815e-04 6.751434899941868295e-01 1.027973974330029586e-02 9.999471267830741805e-01 2.656962679523405444e-04 1.008036130220965956e-02 2.768401544334348841e-04 -2.685562922159768205e-04 9.999999256185244656e-01 8.352904567436989294e-03 9.999399781227111816e-01 -1.044912636280059814e-02 3.286294639110565186e-03 6.871132850646972656e-01 1.043471693992614746e-02 9.999358654022216797e-01 4.393649753183126450e-03 1.732540503144264221e-02 -3.331984626129269600e-03 -4.359091632068157196e-03 9.999848604202270508e-01 9.448106400668621063e-03 6.136640167236328125e+01
2.739627000000000000e+07 9.999670699533630414e-01 -8.110738015553108429e-03 -2.737512711381763931e-04 6.949126140589849676e-01 8.110808301082196234e-03 9.999670739255015484e-01 2.566234650954100872e-04 8.091448114720742671e-03 2.716608519538136601e-04 -2.588353584869553014e-04 9.999999296023190931e-01 8.667972926266077210e-03 9.999688863754272461e-01 -7.874661125242710114e-03 -2.885523717850446701e-04 6.891995072364807129e-01 7.875525392591953278e-03 9.999632239341735840e-01 3.385875374078750610e-03 1.469065248966217041e-02 2.618706494104117155e-04 -3.388049313798546791e-03 9.999942779541015625e-01 1.024943590164184570e-02 6.167168045043945312e+01
2.750002000000000000e+07 9.999840920122277099e-01 -5.629076785481680785e-03 -3.594671760459734050e-04 6.829391593338230981e-01 5.629181442145979146e-03 9.999841137497919030e-01 2.907988343369391536e-04 5.983065274999562269e-03 3.578245364736030304e-04 -2.928177142927670907e-04 9.999998931096867327e-01 9.083986625397010711e-03 9.999832510948181152e-01 -4.859168082475662231e-03 3.163770306855440140e-03 7.049564719200134277e-01 4.856397863477468491e-03 9.999878406524658203e-01 8.866277639754116535e-04 7.229358889162540436e-03 -3.168035997077822685e-03 -8.712431881576776505e-04 9.999945759773254395e-01 1.375322882086038589e-02 6.222880172729492188e+01
2.760390000000000000e+07 9.999974654707051158e-01 -2.234459245202425910e-03 -2.761240405643706434e-04 7.142146808401332869e-01 2.234517870708950787e-03 9.999974809496776640e-01 2.121900568755855261e-04 3.237598328436100317e-03 2.756492150007454952e-04 -2.128065231235434611e-04 9.999999393654503965e-01 9.325450061115337502e-03 9.999884963035583496e-01 -2.831398509442806244e-03 3.869076725095510483e-03 7.148811221122741699e-01 2.841408131644129753e-03 9.999926686286926270e-01 -2.559667918831110001e-03 -4.411405883729457855e-03 -3.861804725602269173e-03 2.570631681010127068e-03 9.999892711639404297e-01 1.114161498844623566e-02 6.239123153686523438e+01
2.770778000000000000e+07 9.999997010142960274e-01 -7.259532253249126928e-04 -2.663892934127158499e-04 7.122738974790346900e-01 7.259990710541538387e-04 9.999997216630464036e-01 1.720441788327452650e-04 1.660827308134777596e-03 2.662643232449198147e-04 -1.722375257662641821e-04 9.999999497187730402e-01 9.403266641285034158e-03 9.999923706054687500e-01 -3.418285341467708349e-04 -3.891503904014825821e-03 7.091949582099914551e-01 3.250214213039726019e-04 9.999907016754150391e-01 -4.302844870835542679e-03 -4.802953451871871948e-03 3.892936743795871735e-03 4.301548935472965240e-03 9.999831914901733398e-01 9.276294149458408356e-03 6.266182327270507812e+01
2.781165000000000000e+07 9.999997998980278968e-01 5.857412919702475410e-04 -2.389792067075530147e-04 7.218040622167939402e-01 -5.857079073486382622e-04 9.999998187090837209e-01 1.397428475648633095e-04 4.075247578742549268e-04 2.390610165351619864e-04 -1.396028475973286776e-04 9.999999616804386982e-01 9.404386335177409087e-03 9.999991059303283691e-01 1.292845816351473331e-03 -2.627890498843044043e-04 7.197315096855163574e-01 -1.293156528845429420e-03 9.999984502792358398e-01 -1.206331537105143070e-03 -1.594519941136240959e-03 2.612290554679930210e-04 1.206667860969901085e-03 9.999992847442626953e-01 6.816782522946596146e-03 6.248166275024414062e+01
2.791552000000000000e+07 9.999999614618871879e-01 1.142700550615135239e-04 -2.530189332944847002e-04 7.158632931980412062e-01 -1.142316848502215339e-04 9.999999819753613295e-01 1.516588278569086664e-04 8.263291995837564186e-04 2.530362587960862265e-04 -1.516299192339376337e-04 9.999999564905097671e-01 9.402718638127895157e-03 9.999957680702209473e-01 7.949037826620042324e-04 -2.822817303240299225e-03 7.305032610893249512e-01 -8.048323215916752815e-04 9.999933838844299316e-01 -3.522329032421112061e-03 -6.529921665787696838e-03 2.820001216605305672e-03 3.524585394188761711e-03 9.999898076057434082e-01 8.310992270708084106e-03 6.220739364624023438e+01
2.801940000000000000e+07 9.999997309587100869e-01 -6.880540169743067352e-04 -2.542915440865394080e-04 7.219545272574379169e-01 6.880977067442288226e-04 9.999997485096149274e-01 1.717622319903557449e-04 1.726685580210089548e-03 2.541732984436591162e-04 -1.719371632035837216e-04 9.999999529167731271e-01 9.370154123511505173e-03 9.999998211860656738e-01 1.511009031673893332e-04 -5.392818711698055267e-04 7.455793023109436035e-01 -1.533218164695426822e-04 9.999917745590209961e-01 -4.050435498356819153e-03 -1.476156245917081833e-02 5.386716802604496479e-04 4.050516057759523392e-03 9.999916553497314453e-01 7.342767436057329178e-03 6.252566528320312500e+01
2.812328000000000000e+07 9.999998533725042993e-01 5.078267933877585530e-04 -1.880609561536361780e-04 7.610961352232330501e-01 -5.078017782343150974e-04 9.999998622188399633e-01 1.330400692790874718e-04 8.493332483478310910e-04 1.881284915529290828e-04 -1.329445520855358364e-04 9.999999734667085471e-01 9.282519359681081286e-03 9.999836087226867676e-01 6.232440937310457230e-04 5.688607227057218552e-03 7.480694651603698730e-01 -6.046385387890040874e-04 9.999944567680358887e-01 -3.271192079409956932e-03 -1.172630488872528076e-02 -5.690624471753835678e-03 3.267701249569654465e-03 9.999784827232360840e-01 7.360043935477733612e-03 6.255168151855468750e+01
2.822715000000000000e+07 9.999990159023378622e-01 1.388626170079843231e-03 -1.997792591912131422e-04 7.450774301293576762e-01 -1.388602396525713588e-03 9.999990288001859851e-01 1.190886459658050252e-04 -2.429139726089358641e-04 1.999444347728844106e-04 -1.188111148180613202e-04 9.999999729530711923e-01 9.333154725121185075e-03 9.999950528144836426e-01 1.126928837038576603e-03 2.914550714194774628e-03 7.511351108551025391e-01 -1.124894595704972744e-03 9.999991059303283691e-01 -6.809009355492889881e-04 -9.598175995051860809e-03 -2.915313467383384705e-03 6.776179070584475994e-04 9.999955296516418457e-01 1.108551770448684692e-02 6.213113784790039062e+01
2.833090000000000000e+07 9.999984465401898781e-01 1.754579328700637923e-03 -1.684303557883924662e-04 7.561474876730589489e-01 -1.754562783741604910e-03 9.999984559194445843e-01 9.832782788572966563e-05 -5.077224796551571204e-04 1.686026196815945677e-04 -9.803215352237107101e-05 9.999999809814278384e-01 9.315524095348300809e-03 9.999947547912597656e-01 1.748209353536367416e-03 2.722867997363209724e-03 7.510215044021606445e-01 -1.748218084685504436e-03 9.999985098838806152e-01 2.661066901055164635e-05 -5.237972363829612732e-03 -2.722818637266755104e-03 -3.136685336357913911e-05 9.999963045120239258e-01 1.351748034358024597e-02 6.366774368286132812e+01
2.843477000000000000e+07 9.999991824969675092e-01 1.262072000748062136e-03 -2.053768583040642491e-04 7.442262140714285268e-01 -1.262046884062238954e-03 9.999991961301606391e-01 1.223792760787025305e-04 -1.077415583282773938e-04 2.055311446663449649e-04 -1.221199808079617721e-04 9.999999714218288371e-01 9.325962354559796594e-03 9.999986886978149414e-01 1.489343238063156605e-03 5.938193062320351601e-04 7.531107068061828613e-01 -1.489426591433584690e-03 9.999988675117492676e-01 1.570875429024454206e-05 -3.677439643070101738e-03 -5.937989917583763599e-04 -1.659641748119611293e-05 9.999998211860656738e-01 8.861449547111988068e-03 6.260892868041992188e+01
2.853865000000000000e+07 9.999983818785144196e-01 1.793177852936043591e-03 -1.440606289180936016e-04 7.668314590730530567e-01 -1.793165090702292892e-03 9.999983883469849566e-01 8.866969424280549703e-05 -5.062299218124602070e-04 1.442193972780116584e-04 -8.841122626768799437e-05 9.999999856921097940e-01 9.291563820179123481e-03 9.999974966049194336e-01 2.157745650038123131e-03 6.028077332302927971e-04 7.517737150192260742e-01 -2.158657880499958992e-03 9.999966621398925781e-01 1.394028309732675552e-03 -8.364113164134323597e-04 -5.997880361974239349e-04 -1.395321800373494625e-03 9.999988079071044922e-01 8.981725201010704041e-03 6.031177520751953125e+01
2.864242000000000000e+07 9.999988817401200825e-01 1.483655492558874937e-03 -1.878428763463033807e-04 7.513732554889345217e-01 -1.483634845917729478e-03 9.999988933625670873e-01 1.100061002958727390e-04 -2.592313299862894450e-04 1.880058796230736932e-04 -1.097272870507265874e-04 9.999999763068562197e-01 9.330528010085088406e-03 9.999980926513671875e-01 1.916963839903473854e-03 -4.499915812630206347e-04 7.473123669624328613e-01 -1.916650682687759399e-03 9.999978542327880859e-01 8.064121939241886139e-04 -1.446241512894630432e-03 4.515240434557199478e-04 -8.055525831878185272e-04 9.999995827674865723e-01 1.106955762952566147e-02 6.231980895996093750e+01
2.874615000000000000e+07 9.999995209266171470e-01 9.555632488759231106e-04 -2.122390597113949797e-04 7.421743614339193496e-01 -9.555365234462547593e-04 9.999995355384984075e-01 1.259870808597109474e-04 2.049632002899771585e-04 2.123593497582142707e-04 -1.257842183304283220e-04 9.999999695409181877e-01 9.330376153512379492e-03 9.999930262565612793e-01 1.380546949803829193e-03 -3.477053251117467880e-03 7.473775744438171387e-01 -1.382190501317381859e-03 9.999989867210388184e-01 -5.041438271291553974e-04 -2.355620963498950005e-03 3.476364072412252426e-03 5.089471815153956413e-04 9.999938607215881348e-01 1.000620611011981964e-02 6.220732879638671875e+01
2.884990000000000000e+07 9.999999754363844140e-01 -6.467892282236407681e-05 -2.119996898599890538e-04 7.504300483024042290e-01 6.471113400474150495e-05 9.999999863638957542e-01 1.519364269321370805e-04 1.339900871237201295e-03 2.119898598848851852e-04 -1.519501419401209866e-04 9.999999659857268242e-01 9.293675508149792583e-03 9.999753236770629883e-01 8.328045951202511787e-04 -6.977937649935483932e-03 7.436992526054382324e-01 -8.387261768803000450e-04 9.999992847442626953e-01 -8.357770857401192188e-04 -4.142840392887592316e-03 6.977236829698085785e-03 8.416079217568039894e-04 9.999752640724182129e-01 1.679929206147789955e-03 6.181135940551757812e+01
2.895380000000000000e+07 9.999995951457286703e-01 8.775079618299482876e-04 -1.992187991684264789e-04 7.525856539445178184e-01 -8.774825032167133743e-04 9.999996068401354465e-01 1.278436781911833223e-04 3.712477188705827491e-04 1.993309046926501442e-04 -1.276688154169619777e-04 9.999999719839307577e-01 9.287841647253988059e-03 9.999943971633911133e-01 1.127594732679426670e-03 -3.128555137664079666e-03 7.452116012573242188e-01 -1.120190368965268135e-03 9.999965429306030273e-01 2.355294767767190933e-03 1.601990545168519020e-03 3.131196135655045509e-03 -2.351775765419006348e-03 9.999923706054687500e-01 -1.267636311240494251e-03 5.920230484008789062e+01
2.905752000000000000e+07 9.999993473946721112e-01 1.128773882288571428e-03 -1.762944011593217881e-04 7.598978531525936164e-01 -1.128753828649171767e-03 9.999993564809325219e-01 1.138089579165396203e-04 1.509590660086756195e-04 1.764227522933855717e-04 -1.136098906583369889e-04 9.999999779839017222e-01 9.279950213438565784e-03 9.999929070472717285e-01 1.615173416212201118e-03 3.413844155147671700e-03 7.504922747611999512e-01 -1.619790680706501007e-03 9.999977946281433105e-01 1.357716508209705353e-03 3.313046880066394806e-03 -3.411644604057073593e-03 -1.363236689940094948e-03 9.999932050704956055e-01 9.598341421224176884e-04 6.160528182983398438e+01
2.916127000000000000e+07 9.999992285973710038e-01 1.225140036070361538e-03 -2.045399811630585431e-04 7.477995238963776048e-01 -1.225115522508403443e-03 9.999992423541609332e-01 1.199295985030575216e-04 -2.565037829556300652e-05 2.046867567421816793e-04 -1.196789208910903818e-04 9.999999718901442236e-01 9.315493432325296433e-03 9.999890923500061035e-01 1.216400880366563797e-03 4.509895574301481247e-03 7.482526898384094238e-01 -1.225646818056702614e-03 9.999971985816955566e-01 2.036368940025568008e-03 3.133788239210844040e-03 -4.507406614720821381e-03 -2.041871659457683563e-03 9.999877810478210449e-01 3.566054860129952431e-03 6.126943969726562500e+01
2.926490000000000000e+07 9.999973391228327291e-01 2.304076614147086005e-03 -1.139224210646026840e-04 7.762909286876349402e-01 -2.304069073454730748e-03 9.999973434329598732e-01 6.627846595698232667e-05 -9.446626879110929737e-04 1.140748290824034717e-04 -6.601580447629135269e-05 9.999999913144236308e-01 9.397104066062433175e-03 9.999952912330627441e-01 2.629322465509176254e-03 1.610583974979817867e-03 7.480123043060302734e-01 -2.635120647028088570e-03 9.999899864196777344e-01 3.621542826294898987e-03 6.503181997686624527e-03 -1.601038849912583828e-03 -3.625772660598158836e-03 9.999921321868896484e-01 9.067620150744915009e-03 6.069699096679687500e+01
2.936865000000000000e+07 9.999895978900300575e-01 4.560397630438758378e-03 -8.297898023713940103e-05 7.656734823006345891e-01 -4.560396289114574710e-03 9.999896012053304251e-01 1.634666196790241483e-05 -3.296278062591873233e-03 8.305266463312225070e-05 -1.596807490045572115e-05 9.999999964236377936e-01 9.523621748216328647e-03 9.999863505363464355e-01 5.168732721358537674e-03 6.939290906302630901e-04 7.481040358543395996e-01 -5.170741584151983261e-03 9.999824166297912598e-01 2.916236640885472298e-03 4.471898544579744339e-03 -6.788530736230313778e-04 -2.919782651588320732e-03 9.999955296516418457e-01 7.104562595486640930e-03 5.932217788696289062e+01
2.947253000000000000e+07 9.999761645674327681e-01 6.904106245941500804e-03 -6.011503608553291409e-05 7.578038051898928762e-01 -6.904108551857838887e-03 9.999761656274606114e-01 -3.823573889458962679e-05 -5.636009914455383796e-03 5.984961967690230288e-05 3.864986826510936240e-05 9.999999974621053278e-01 9.828457230071486680e-03 9.999762773513793945e-01 6.847671233117580414e-03 8.200822630897164345e-04 7.438430786132812500e-01 -6.846916861832141876e-03 9.999761581420898438e-01 -8.688757661730051041e-04 -3.568108892068266869e-03 -8.260058821178972721e-04 8.632312528789043427e-04 9.999992251396179199e-01 4.822286311537027359e-03 6.033475112915039062e+01
2.957630000000000000e+07 9.999718737754200726e-01 7.499868261387370762e-03 -6.028245617415031672e-05 7.529137282419698929e-01 -7.499871304657574310e-03 9.999718742986610787e-01 -5.041699612475094232e-05 -6.239414778075430025e-03 5.990263985762257830e-05 5.086768874953404219e-05 9.999999969120759724e-01 9.907831534478384050e-03 9.999555349349975586e-01 9.410633705556392670e-03 5.062223062850534916e-04 7.451844811439514160e-01 -9.410679340362548828e-03 9.999557733535766602e-01 -1.045789576892275363e-05 -6.397938821464776993e-03 -5.063047283329069614e-04 5.695917025150265545e-06 9.999999403953552246e-01 9.206176735460758209e-03 5.942313766479492188e+01
2.968017000000000000e+07 9.999522598363860260e-01 9.771167904920300892e-03 -4.825738207145759058e-05 7.415917385281333152e-01 -9.771172149317304892e-03 9.999522570417157530e-01 -8.851499010238315056e-05 -8.366313109776391324e-03 4.739018331719228942e-05 8.898229555579320084e-05 9.999999949181609393e-01 1.031314478717281283e-02 9.999430179595947266e-01 1.058884430676698685e-02 -1.351614715531468391e-03 7.381514906883239746e-01 -1.059174910187721252e-02 9.999414682388305664e-01 -2.192836487665772438e-03 -1.000010315328836441e-02 1.328318729065358639e-03 2.207029378041625023e-03 9.999966621398925781e-01 1.230298168957233429e-02 5.830390548706054688e+01
2.978390000000000000e+07 9.999465482960929741e-01 1.033895621827321185e-02 -8.085985872637826055e-05 7.251673109649889870e-01 -1.033897001840129032e-02 9.999465366035947822e-01 -1.721531462866829115e-04 -9.051609283630676628e-03 7.907565189599142293e-05 1.729799520374482237e-04 9.999999819124891776e-01 1.021671341908085562e-02 9.999306201934814453e-01 1.126460917294025421e-02 -3.443870693445205688e-03 7.427960634231567383e-01 -1.126536913216114044e-02 9.999364614486694336e-01 -2.053292118944227695e-04 -5.890166386961936951e-03 3.441342851147055626e-03 2.441094402456656098e-04 9.999940395355224609e-01 1.296387612819671631e-02 5.819343948364257812e+01
2.988778000000000000e+07 9.999301985041563201e-01 1.181516463329076484e-02 -1.462287162068721664e-06 7.533197975925398637e-01 -1.181516465928070768e-02 9.999301724553925075e-01 -2.282441978655382227e-04 -1.039675950507045615e-02 -1.234557758643343842e-06 2.282455432427277057e-04 9.999999739512231978e-01 1.039520707019006042e-02 9.999235272407531738e-01 1.236011367291212082e-02 1.835539114836137742e-05 7.434338331222534180e-01 -1.236014906316995621e-02 9.999199509620666504e-01 2.702062251046299934e-03 -2.787010045722126961e-03 1.504243664385285228e-05 -2.702086465433239937e-03 9.999963045120239258e-01 9.375387802720069885e-03 6.024313735961914062e+01
2.999166000000000000e+07 9.999418032074404161e-01 1.078842680062947444e-02 6.876307781955134555e-06 7.582181111133780016e-01 -1.078842578453125846e-02 9.999417942937267600e-01 -1.337744295852328887e-04 -9.301515700866604119e-03 -8.319123159877396903e-06 1.336924598076398866e-04 9.999999910285592986e-01 1.040566603479206424e-02 9.999086260795593262e-01 1.154994126409292221e-02 7.037813775241374969e-03 7.483808994293212891e-01 -1.152094174176454544e-02 9.999250769615173340e-01 -4.144288599491119385e-03 -1.133539527654647827e-02 -7.085152436047792435e-03 4.062830004841089249e-03 9.999666810035705566e-01 8.493972942233085632e-03 5.743135833740234375e+01
3.009553000000000000e+07 9.999652640695851913e-01 8.334838063049141224e-03 -3.355997285864910351e-05 7.569768082177534829e-01 -8.334840597347096744e-03 9.999652617161114421e-01 -7.609736955035869806e-05 -7.016542828989379491e-03 3.292454776827957264e-05 7.637444327136794610e-05 9.999999965414591019e-01 1.003465996180557748e-02 9.999260902404785156e-01 8.942992426455020905e-03 8.225955069065093994e-03 7.479320168495178223e-01 -8.898071944713592529e-03 9.999454021453857422e-01 -5.480239633470773697e-03 -1.534996461123228073e-02 -8.274519816040992737e-03 5.406642798334360123e-03 9.999510645866394043e-01 1.150716468691825867e-02 5.762697601318359375e+01
3.019928000000000000e+07 9.999769805718237148e-01 6.784541041978193326e-03 -9.125159214309963367e-05 7.459133520131883133e-01 -6.784543786939651114e-03 9.999769842725313440e-01 -2.980540348423685291e-05 -5.613657083844258988e-03 9.104727592721685006e-05 3.042381783639256155e-05 9.999999953923921492e-01 9.826857395715980423e-03 9.999564290046691895e-01 7.564072497189044952e-03 5.483199842274188995e-03 7.427001595497131348e-01 -7.557237986475229263e-03 9.999706149101257324e-01 -1.269942382350564003e-03 -6.295310333371162415e-03 -5.492642056196928024e-03 1.228451728820800781e-03 9.999842643737792969e-01 9.072955697774887085e-03 6.069327926635742188e+01
3.030305000000000000e+07 9.999936443756755056e-01 3.562698852914905363e-03 -1.355927139978674203e-04 7.527269307231658768e-01 -3.562692439778008830e-03 9.999936524627025536e-01 4.750924819587147699e-05 -2.436069304593074195e-03 1.357611144588536669e-04 -4.702587111723102736e-05 9.999999896787438169e-01 9.410274525909924706e-03 9.999825954437255859e-01 5.094326566904783249e-03 2.969661960378289223e-03 7.444185018539428711e-01 -5.110659636557102203e-03 9.999716877937316895e-01 5.515358876436948776e-03 5.406801123172044754e-03 -2.941485028713941574e-03 -5.530443508177995682e-03 9.999803900718688965e-01 9.403042495250701904e-03 6.070080184936523438e+01
3.040678000000000000e+07 9.999976983258980212e-01 2.138376372915576883e-03 -1.751841546775865165e-04 7.474701557691342257e-01 -2.138360300609220416e-03 9.999977094839588299e-01 9.188119698988391490e-05 -1.060500153453161013e-03 1.753802299922184850e-04 -9.150637867531944162e-05 9.999999804341790366e-01 9.315107351328913432e-03 9.999946951866149902e-01 2.554736565798521042e-03 1.989851007238030434e-03 7.439220547676086426e-01 -2.553587779402732849e-03 9.999965429306030273e-01 -5.620399606414139271e-04 -3.244090592488646507e-03 -1.991276629269123077e-03 5.569616332650184631e-04 9.999978542327880859e-01 1.032448094338178635e-02 6.158793640136718750e+01
3.051040000000000000e+07 9.999989197298047028e-01 1.458731334410162976e-03 -1.806713364159485708e-04 7.512525321139350565e-01 -1.458711837789791873e-03 9.999989302476580688e-01 1.079968884236217529e-04 -3.297260044761575297e-04 1.808286815864868597e-04 -1.077332243423634865e-04 9.999999778472700163e-01 9.268881354613688756e-03 9.999984502792358398e-01 1.702205510810017586e-03 4.077727789990603924e-04 7.523662447929382324e-01 -1.701724017038941383e-03 9.999978542327880859e-01 -1.276019844226539135e-03 -9.898944990709424019e-04 -4.099470970686525106e-04 1.275323913432657719e-03 9.999991059303283691e-01 1.036885008215904236e-02 6.234201431274414062e+01
3.061403000000000000e+07 9.999997753865125238e-01 6.429450275985228776e-04 -1.893373042265075452e-04 7.578193049369149614e-01 -6.429203727691065479e-04 9.999997848443342718e-01 1.302485253661669830e-04 6.253368378125860085e-04 1.894210061314731245e-04 -1.301267673000545424e-04 9.999999735933530198e-01 9.266525044187758769e-03 9.999981522560119629e-01 1.070815604180097580e-03 -1.643845112994313240e-03 7.489147782325744629e-01 -1.070995582267642021e-03 9.999993443489074707e-01 -1.479581842431798577e-04 3.143133828416466713e-03 1.643682597205042839e-03 1.497151097282767296e-04 9.999986886978149414e-01 6.104103755205869675e-03 6.216899108886718750e+01
3.071778000000000000e+07 9.999998320915465255e-01 -5.323517565532289450e-04 -2.289508605482792100e-04 7.409389496513605344e-01 5.323898782105483110e-04 9.999998444231803507e-01 1.664771525766588797e-04 1.736883822440289096e-03 2.288622005270058671e-04 -1.665990157406888853e-04 9.999999599334310485e-01 9.301821905036599530e-03 9.999984502792358398e-01 5.760797066614031792e-04 -1.659169327467679977e-03 7.547003030776977539e-01 -5.707802483811974525e-04 9.999945163726806641e-01 3.259203163906931877e-03 8.270679041743278503e-03 1.661044778302311897e-03 -3.258250420913100243e-03 9.999932050704956055e-01 5.051592830568552017e-03 6.227340698242187500e+01
3.082141000000000000e+07 9.999999057313085915e-01 -3.794364909731127826e-04 -2.111050025906998501e-04 7.530121937236889940e-01 3.794708010650895032e-04 9.999999147962206347e-01 1.625098816308678644e-04 1.671708865358989375e-03 2.110433224241595879e-04 -1.625899744961856349e-04 9.999999645126073089e-01 9.278943473226143601e-03 9.999989867210388184e-01 -4.507756093516945839e-04 1.319643459282815456e-03 7.595078945159912109e-01 4.497232439462095499e-04 9.999995231628417969e-01 8.900318644009530544e-04 2.904776949435472488e-03 -1.320052309893071651e-03 -8.894419879652559757e-04 9.999988079071044922e-01 1.094967499375343323e-02 6.241577529907226562e+01
3.092516000000000000e+07 9.999987325534319682e-01 -1.578200045425225519e-03 -2.101815024487422928e-04 7.633783845597212903e-01 1.578239301722006481e-03 9.999987371439580386e-01 1.867386217244192484e-04 2.897597360154914158e-03 2.098865261321637991e-04 -1.870701017354695322e-04 9.999999604762126459e-01 9.255770937604487075e-03 9.999974370002746582e-01 -1.844519749283790588e-03 1.320523326285183430e-03 7.610082626342773438e-01 1.843425678089261055e-03 9.999979734420776367e-01 7.269202033057808876e-04 -2.555106068029999733e-03 -1.321860705502331257e-03 -7.244799053296446800e-04 9.999988079071044922e-01 1.807438395917415619e-02 6.249971389770507812e+01
3.102878000000000000e+07 9.999989080868403324e-01 -1.464283110467757805e-03 -1.992492626738851685e-04 7.718878728348508300e-01 1.464319631821918736e-03 9.999989110890852295e-01 1.832725526194851689e-04 2.776118535961328865e-03 1.989806828265982381e-04 -1.835641170861275701e-04 9.999999633554536027e-01 9.277167441942789014e-03 9.999977946281433105e-01 -1.482821069657802582e-03 1.454974524676799774e-03 7.631735801696777344e-01 1.484836917370557785e-03 9.999980330467224121e-01 -1.368483295664191246e-03 -4.525307100266218185e-03 -1.452940749004483223e-03 1.370634534396231174e-03 9.999979734420776367e-01 1.826940849423408508e-02 6.233295822143554688e+01
3.113253000000000000e+07 9.999975103822398292e-01 -2.222077174473507943e-03 -2.039665837498318981e-04 7.647570274214818831e-01 2.222117462498710352e-03 9.999975115889926380e-01 1.975090369114753774e-04 3.336105173529393779e-03 2.035271958757348262e-04 -1.979617828956791099e-04 9.999999596939058710e-01 9.220610632162349121e-03 9.999985098838806152e-01 -1.742741325870156288e-03 -5.421796959126368165e-05 7.662771344184875488e-01 1.742549589835107327e-03 9.999922513961791992e-01 -3.518403507769107819e-03 -8.036875165998935699e-03 6.035283877281472087e-05 3.518312238156795502e-03 9.999938011169433594e-01 1.741676218807697296e-02 6.213679885864257812e+01
3.123630000000000000e+07 9.999945218980181849e-01 -3.303870587386915567e-03 -2.015271206930003092e-04 7.664671879288139644e-01 3.303911762843158087e-03 9.999945211936759337e-01 2.043276255352791441e-04 3.964115054648914560e-03 2.008509445379541201e-04 -2.049923340271729241e-04 9.999999588185199961e-01 9.130182321327166839e-03 9.999942779541015625e-01 -3.245746484026312828e-03 9.769384050741791725e-04 7.748529314994812012e-01 3.246765118092298508e-03 9.999941587448120117e-01 -1.039429567754268646e-03 -3.855036338791251183e-04 -9.735623607411980629e-04 1.042590476572513580e-03 9.999989867210388184e-01 1.309619285166263580e-02 6.354336166381835938e+01
3.134005000000000000e+07 9.999918423666164236e-01 -4.034414275078973544e-03 -1.967289310112431064e-04 7.679937511926655525e-01 4.034455027067923583e-03 9.999918400888637704e-01 2.071929491242219560e-04 4.395226130364800893e-03 1.958914235595564726e-04 -2.079849529159004092e-04 9.999999591844054292e-01 9.061798382431410573e-03 9.999876022338867188e-01 -4.480013158172369003e-03 2.177696209400892258e-03 7.761430144309997559e-01 4.477636888623237610e-03 9.999893903732299805e-01 1.090909703634679317e-03 5.897293332964181900e-03 -2.182561904191970825e-03 -1.081139780580997467e-03 9.999970793724060059e-01 1.658796519041061401e-02 6.036048126220703125e+01
3.144365000000000000e+07 9.999885019298364597e-01 -4.791503367336347879e-03 -1.936607104729326956e-04 7.748038402909088740e-01 4.791543454644362626e-03 9.999884990516986205e-01 2.070664674919300678e-04 4.779097825246085389e-03 1.926663235524157098e-04 -2.079920203018939247e-04 9.999999598095042908e-01 8.998057043117223611e-03 9.999734163284301758e-01 -5.217887926846742630e-03 5.086004734039306641e-03 7.842777371406555176e-01 5.205220077186822891e-03 9.999833106994628906e-01 2.506612334400415421e-03 1.120342500507831573e-02 -5.098997615277767181e-03 -2.480074297636747360e-03 9.999839067459106445e-01 1.156340818852186203e-02 6.009519958496093750e+01
3.154741000000000000e+07 9.999848660736507799e-01 -5.499313772246459953e-03 -1.586623536254348765e-04 7.811095020374613229e-01 5.499346603336376094e-03 9.999848570065786868e-01 2.072354102519725341e-04 5.192428014045381846e-03 1.575202985339349548e-04 -2.081048131832753537e-04 9.999999659398728369e-01 8.957980814779978665e-03 9.999761581420898438e-01 -5.523108411580324173e-03 4.148981068283319473e-03 7.823952436447143555e-01 5.519093479961156845e-03 9.999843239784240723e-01 9.664660901762545109e-04 9.264499880373477936e-03 -4.154247697442770004e-03 -9.435503743588924408e-04 9.999908804893493652e-01 1.078553963452577591e-02 6.211487960815429688e+01
3.165103000000000000e+07 9.999896325881517667e-01 -4.549239191563287862e-03 -1.978362128486349926e-04 7.731601250872328635e-01 4.549279411742171431e-03 9.999896313036489293e-01 2.033278194003127382e-04 4.641742712613519325e-03 1.969091746681360150e-04 -2.042257236194552537e-04 9.999999597593148826e-01 9.026877505086646977e-03 9.999889731407165527e-01 -4.671048372983932495e-03 5.093798972666263580e-04 7.862163186073303223e-01 4.670697730034589767e-03 9.999887347221374512e-01 8.339112391695380211e-04 1.071255188435316086e-02 -5.132760852575302124e-04 -8.315225713886320591e-04 9.999995231628417969e-01 1.594182476401329041e-02 6.067017745971679688e+01
3.175479000000000000e+07 9.999899611225256946e-01 -4.476455848432434395e-03 -1.974782665262435214e-04 7.770709277151595096e-01 4.476495682861339129e-03 9.999899600941624112e-01 2.017367989204131367e-04 4.567878268220868301e-03 1.965732180103730090e-04 -2.026187842967962672e-04 9.999999601522991943e-01 9.051480997936338369e-03 9.999892115592956543e-01 -4.374814219772815704e-03 -1.572122564539313316e-03 7.872439622879028320e-01 4.385039210319519043e-03 9.999687671661376953e-01 6.576939951628446579e-03 1.727459765970706940e-02 1.543302438221871853e-03 -6.583753041923046112e-03 9.999771118164062500e-01 1.907790452241897583e-02 6.031558227539062500e+01
3.185853000000000000e+07 9.999904378386481607e-01 -4.368601945644440092e-03 -1.988686540240939909e-04 7.766945622670946570e-01 4.368641424139435743e-03 9.999904377362943686e-01 1.985157777907972827e-04 4.529316365746691858e-03 1.979995159961346813e-04 -1.993826653712313206e-04 9.999999605213722997e-01 9.067034094886239348e-03 9.999718070030212402e-01 -4.731706343591213226e-03 -5.830255337059497833e-03 7.883974909782409668e-01 4.753558430820703506e-03 9.999817013740539551e-01 3.743430133908987045e-03 1.751627959311008453e-02 5.812431219965219498e-03 -3.771048737689852715e-03 9.999760389328002930e-01 6.663993000984191895e-03 6.005577468872070312e+01
3.196228000000000000e+07 9.999866272447284210e-01 -5.168585499496276651e-03 -1.762277354033851525e-04 7.808596860408543172e-01 5.168621606359520733e-03 9.999866215630957011e-01 2.050514187503854266e-04 4.970783477740518472e-03 1.751655519846881761e-04 -2.059595311095141945e-04 9.999999634488505595e-01 8.981988302943505129e-03 9.999862909317016602e-01 -4.708768334239721298e-03 -2.269821241497993469e-03 7.914883494377136230e-01 4.718063864856958389e-03 9.999805092811584473e-01 4.080379847437143326e-03 1.517070550471544266e-02 2.250567311421036720e-03 -4.091036505997180939e-03 9.999890327453613281e-01 8.959452621638774872e-03 6.091155242919921875e+01
3.206603000000000000e+07 9.999902342588852244e-01 -4.414983193307255548e-03 -1.982683867580704547e-04 7.848255602566636124e-01 4.415021425094380579e-03 9.999902351580939319e-01 1.928065516359628035e-04 4.512883828500961064e-03 1.974152130175381990e-04 -1.936800279085043673e-04 9.999999617576397215e-01 9.091328298117186402e-03 9.999880194664001465e-01 -4.750755149871110916e-03 1.184994936920702457e-03 7.969204187393188477e-01 4.747619386762380600e-03 9.999853968620300293e-01 2.599818864837288857e-03 1.342811342328786850e-02 -1.197326695546507835e-03 -2.594152465462684631e-03 9.999959468841552734e-01 1.596334949135780334e-02 6.015264129638671875e+01
3.216965000000000000e+07 9.999904763700357968e-01 -4.359869399591842845e-03 -1.967437588648574378e-04 7.840883755150394041e-01 4.359907988269939513e-03 9.999904763211912018e-01 1.961359480491265946e-04 4.498883161151609814e-03 1.958867580250949923e-04 -1.969918648061912429e-04 9.999999614112909940e-01 9.087621716306339484e-03 9.999906420707702637e-01 -4.195878747850656509e-03 -1.020112307742238045e-03 7.939795851707458496e-01 4.198194947093725204e-03 9.999887347221374512e-01 2.227065619081258774e-03 1.421561744064092636e-02 1.010757638141512871e-03 -2.231328515335917473e-03 9.999969601631164551e-01 1.381876412779092789e-02 6.039414215087890625e+01
3.227341000000000000e+07 9.999915846521593155e-01 -4.097603231720169971e-03 -2.006822473853926757e-04 7.901141478359733350e-01 4.097641142605613039e-03 9.999915867985960105e-01 1.888646023144319316e-04 4.312208995248490925e-03 1.999066668347915883e-04 -1.896853367502193547e-04 9.999999620283998025e-01 9.170813933763236753e-03 9.999862313270568848e-01 -4.286632407456636429e-03 -3.022009273990988731e-03 7.997527122497558594e-01 4.287775140255689621e-03 9.999907016754150391e-01 4.056406905874609947e-04 1.141491718590259552e-02 3.020242787897586823e-03 -4.185905854683369398e-04 9.999953508377075195e-01 1.510060485452413559e-02 6.041353607177734375e+01
3.237715000000000000e+07 9.999865591758381189e-01 -5.182082348852883394e-03 -1.658061280096525516e-04 7.898029814577622876e-01 5.182115641622726462e-03 9.999865525490035933e-01 2.009977881367363617e-04 4.931177163665419021e-03 1.647623113070587639e-04 -2.018543130432676679e-04 9.999999660541097901e-01 9.037849015041551914e-03 9.999877214431762695e-01 -4.932289943099021912e-03 -5.314224981702864170e-04 8.013262748718261719e-01 4.932458512485027313e-03 9.999879002571105957e-01 1.846074010245501995e-04 8.592882193624973297e-03 5.305117228999733925e-04 -1.872247521532699466e-04 9.999998211860656738e-01 1.642475277185440063e-02 6.037343978881835938e+01
3.248091000000000000e+07 9.999886402036506361e-01 -4.762615850279733332e-03 -1.922356233444173616e-04 7.875724423589806067e-01 4.762653743677229545e-03 9.999886390672667602e-01 1.971454591323137896e-04 4.705424456232381453e-03 1.912945113055805320e-04 -1.980587712863699835e-04 9.999999620895668739e-01 9.050200984927550540e-03 9.999860525131225586e-01 -4.927749745547771454e-03 1.861014286987483501e-03 7.996967434883117676e-01 4.927301313728094101e-03 9.999878406524658203e-01 2.778311900328844786e-04 7.243860047310590744e-03 -1.862368430010974407e-03 -2.686599618755280972e-04 9.999982714653015137e-01 1.316933799535036087e-02 6.017916870117187500e+01
3.258453000000000000e+07 9.999894898390235820e-01 -4.580596852958087120e-03 -1.958171653101030483e-04 7.895780942041676909e-01 4.580634443090423821e-03 9.999894904166359844e-01 1.919499350725337682e-04 4.580273255644588121e-03 1.949358621016232464e-04 -1.928448844826615761e-04 9.999999624054300984e-01 9.093603432915986495e-03 9.999883770942687988e-01 -4.770604427903890610e-03 -7.842024788260459900e-04 7.942828536033630371e-01 4.767950158566236496e-03 9.999831318855285645e-01 -3.307632869109511375e-03 3.519871970638632774e-03 7.999737863428890705e-04 3.303850069642066956e-03 9.999942183494567871e-01 8.309173397719860077e-03 5.998652648925781250e+01
3.268828000000000000e+07 9.999857836041780024e-01 -5.329679508347126039e-03 -1.646409011106082733e-04 7.823519292571210482e-01 5.329714113248207839e-03 9.999857748251078648e-01 2.104653183660353964e-04 5.077323702419731660e-03 1.635168464001322439e-04 -2.113398152189626788e-04 9.999999642988620652e-01 8.974934809179810347e-03 9.999877214431762695e-01 -4.759881179779767990e-03 -1.326534315012395382e-03 7.889248132705688477e-01 4.755813628435134888e-03 9.999842047691345215e-01 -3.005907172337174416e-03 2.476322930306196213e-03 1.340815797448158264e-03 2.999564865604043007e-03 9.999945759773254395e-01 3.381160320714116096e-03 6.040518569946289062e+01
3.279190000000000000e+07 9.999889928894544200e-01 -4.687834418627701179e-03 -1.957270157481933901e-04 7.805629281153761978e-01 4.687874129573876662e-03 9.999889912683193050e-01 2.029260484927030458e-04 4.699551388161029956e-03 1.947735773563011687e-04 -2.038413584491267330e-04 9.999999602559774825e-01 9.028409872119046511e-03 9.999863505363464355e-01 -4.495269618928432465e-03 -2.659873105585575104e-03 7.903514504432678223e-01 4.496539477258920670e-03 9.999897480010986328e-01 4.565460258163511753e-04 8.874028921127319336e-03 2.657794393599033356e-03 -4.684976011049002409e-04 9.999964237213134766e-01 -5.790495197288691998e-04 6.029628753662109375e+01
3.289566000000000000e+07 9.999890129416056928e-01 -4.683844274541959854e-03 -1.886777713363311745e-04 7.974164097551331709e-01 4.683880067118706067e-03 9.999890125788405415e-01 1.897090635074258358e-04 4.560995728752852314e-03 1.877871305601325528e-04 -1.905907231984314820e-04 9.999999642055849014e-01 9.169745740508298756e-03 9.999866485595703125e-01 -4.494889173656702042e-03 2.573477104306221008e-03 7.954443097114562988e-01 4.482402931898832321e-03 9.999781847000122070e-01 4.843089263886213303e-03 1.608195900917053223e-02 -2.595191355794668198e-03 -4.831495229154825211e-03 9.999849796295166016e-01 1.863721758127212524e-03 6.068975830078125000e+01
3.299941000000000000e+07 9.999891616098393055e-01 -4.651693638793403737e-03 -1.959860646315206116e-04 7.846825261657572881e-01 4.651731991819190240e-03 9.999891614887496116e-01 1.956933821579682868e-04 4.644173665209992696e-03 1.950736348321790471e-04 -1.966029357449599647e-04 9.999999616467830643e-01 9.055253338749300399e-03 9.999860525131225586e-01 -4.932319279760122299e-03 1.860597287304699421e-03 7.910003066062927246e-01 4.925843793898820877e-03 9.999820590019226074e-01 3.423655405640602112e-03 1.468178071081638336e-02 -1.877455040812492371e-03 -3.414451610296964645e-03 9.999924302101135254e-01 -4.000523593276739120e-03 6.009318542480468750e+01
3.310317000000000000e+07 9.999893662706748065e-01 -4.607512390351019976e-03 -1.953825310965373748e-04 7.876435204727482153e-01 4.607549973453532038e-03 9.999893666864472230e-01 1.923446560876151176e-04 4.594044484853747681e-03 1.944942231126991854e-04 -1.932428455569311040e-04 9.999999624145977650e-01 9.072970804378341358e-03 9.999849796295166016e-01 -4.412092268466949463e-03 -3.270811866968870163e-03 7.796840667724609375e-01 4.405487328767776489e-03 9.999881386756896973e-01 -2.050928538665175438e-03 6.539550144225358963e-03 3.279828233644366264e-03 2.036498393863439560e-03 9.999925494194030762e-01 3.231567097827792168e-03 6.015686416625976562e+01
3.320678000000000000e+07 9.999892130915079003e-01 -4.640756328419880922e-03 -1.925673578327006326e-04 7.719904670402183422e-01 4.640796318873364329e-03 9.999892098679036279e-01 2.077454046100870363e-04 4.702179140938459595e-03 1.916011842428581228e-04 -2.086368295292336059e-04 9.999999598798305911e-01 9.020395329807277471e-03 9.999618530273437500e-01 -4.348738584667444229e-03 -7.566536776721477509e-03 7.793193459510803223e-01 4.339767154306173325e-03 9.999898672103881836e-01 -1.204435015097260475e-03 8.184025064110755920e-03 7.571696303784847260e-03 1.171555602923035622e-03 9.999706149101257324e-01 -2.201321767643094063e-03 6.019744110107421875e+01
3.331053000000000000e+07 9.999919931465502954e-01 -3.996871958287199524e-03 -1.966155035162694780e-04 7.803195508963742810e-01 3.996911021238548807e-03 9.999919925810268895e-01 1.986867717906123780e-04 4.309572066646462883e-03 1.958198035626804699e-04 -1.994710355921488045e-04 9.999999609329552896e-01 9.112186531232404837e-03 9.999829530715942383e-01 -3.366493619978427887e-03 -4.787086974829435349e-03 7.839714288711547852e-01 3.393889637663960457e-03 9.999778270721435547e-01 5.735070444643497467e-03 1.665496081113815308e-02 4.767687525600194931e-03 -5.751217715442180634e-03 9.999720454216003418e-01 -5.178221501410007477e-03 6.003238296508789062e+01
3.341428000000000000e+07 9.999941335881329385e-01 -3.419644607076373442e-03 -1.970269590209852858e-04 7.960448711531508126e-01 3.419679758617679647e-03 9.999941369733973406e-01 1.783499958297007470e-04 3.875120074413256933e-03 1.964159102214156237e-04 -1.790227186850990168e-04 9.999999646858261926e-01 9.292301583889540223e-03 9.999900460243225098e-01 -3.191252704709768295e-03 3.098262939602136612e-03 7.946200966835021973e-01 3.169723553583025932e-03 9.999710321426391602e-01 6.918374449014663696e-03 1.702751591801643372e-02 -3.120260545983910561e-03 -6.908487528562545776e-03 9.999713301658630371e-01 -2.448966959491372108e-03 6.014377593994140625e+01
3.351817000000000000e+07 9.999952332631919516e-01 -3.081042665685413458e-03 -2.015615329091360668e-04 7.956459134780364817e-01 3.081077835687634752e-03 9.999952382588734867e-01 1.744104760422369397e-04 3.682825002888669153e-03 2.010232070109357536e-04 -1.750306714407475752e-04 9.999999644769667073e-01 9.320024157153892000e-03 9.999342560768127441e-01 -3.021348966285586357e-03 1.106573734432458878e-02 8.012632727622985840e-01 3.019639756530523300e-03 9.999954104423522949e-01 1.754193654051050544e-04 5.592412315309047699e-03 -1.106622070074081421e-02 -1.419912878191098571e-04 9.999386668205261230e-01 3.609429113566875458e-03 5.998675155639648438e+01
3.362178000000000000e+07 9.999972543359492150e-01 -2.335283608011935134e-03 -1.943478348196740432e-04 7.974514302164786850e-01 2.335315599173092786e-03 9.999972596094409694e-01 1.645439401500633364e-04 3.201297129506511935e-03 1.939630454678248849e-04 -1.649973518940514475e-04 9.999999675771051866e-01 9.413861312789791394e-03 9.999323487281799316e-01 -2.298948587849736214e-03 1.140134222805500031e-02 8.046565651893615723e-01 2.344891428947448730e-03 9.999891519546508789e-01 -4.021411295980215073e-03 9.804241562960669398e-05 -1.139198150485754013e-02 4.047874361276626587e-03 9.999269843101501465e-01 4.815642721951007843e-03 6.018921661376953125e+01
3.372553000000000000e+07 9.999980247421531576e-01 -1.978893057449140295e-03 -1.857261856343384574e-04 8.020919552573249067e-01 1.978921225193770120e-03 9.999980304419888721e-01 1.516017283661316099e-04 2.975738461626261863e-03 1.854258162400096313e-04 -1.519689663898694603e-04 9.999999712613506508e-01 9.513907655097793986e-03 9.999543428421020508e-01 -1.822447753511369228e-03 9.380873292684555054e-03 8.051934838294982910e-01 1.815139548853039742e-03 9.999980330467224121e-01 7.869746186770498753e-04 7.387589663267135620e-03 -9.382297284901142120e-03 -7.699166890233755112e-04 9.999557137489318848e-01 1.181076839566230774e-02 6.019273757934570312e+01
3.382928000000000000e+07 9.999962759213057995e-01 -2.721573566296753548e-03 -2.029310416243040730e-04 7.895225901355119591e-01 2.721609463276012438e-03 9.999962807802934561e-01 1.768266795997238989e-04 3.477494688015279976e-03 2.024490400728306595e-04 -1.773783201143190938e-04 9.999999637756590287e-01 9.290671599093561564e-03 9.999893903732299805e-01 -2.222864190116524696e-03 4.034133628010749817e-03 8.007738590240478516e-01 2.213750267401337624e-03 9.999949932098388672e-01 2.254143590107560158e-03 8.426339365541934967e-03 -4.039110615849494934e-03 -2.245190553367137909e-03 9.999893307685852051e-01 1.946698687970638275e-02 6.079142379760742188e+01
3.393305000000000000e+07 9.999940577113289875e-01 -3.441541226422539790e-03 -2.008382932094588324e-04 7.819100313619973264e-01 3.441579801663366932e-03 9.999940593063958438e-01 1.920426702697631291e-04 3.981971859451592308e-03 2.001761773238401165e-04 -1.927327301099739001e-04 9.999999613917956998e-01 9.178953057660197909e-03 9.999825954437255859e-01 -3.045033197849988937e-03 -5.048179533332586288e-03 7.897036671638488770e-01 3.041591029614210129e-03 9.999950528144836426e-01 -7.029192638583481312e-04 5.541916470974683762e-03 5.050285719335079193e-03 6.875484832562506199e-04 9.999869465827941895e-01 1.267285272479057312e-02 5.989660644531250000e+01
3.403666000000000000e+07 9.999905711075841586e-01 -4.338008736038148801e-03 -1.984377603465559917e-04 7.796450816754163515e-01 4.338047403611241908e-03 9.999905716460684157e-01 1.948463607808741268e-04 4.493189200091686139e-03 1.975906442532487147e-04 -1.957053559422783210e-04 9.999999613286776334e-01 9.084395326116566360e-03 9.999629855155944824e-01 -4.569383803755044937e-03 -7.292726542800664902e-03 7.904373407363891602e-01 4.561329726129770279e-03 9.999889731407165527e-01 -1.117057166993618011e-03 4.648086614906787872e-03 7.297758013010025024e-03 1.083757146261632442e-03 9.999728202819824219e-01 5.851492751389741898e-03 5.982323074340820312e+01
3.414041000000000000e+07 9.999854728232480117e-01 -5.387655256117554990e-03 -1.652676420959978739e-04 7.827084694098356277e-01 5.387690059013746681e-03 9.999854640597198863e-01 2.108676879121264855e-04 5.122111302978874132e-03 1.641291573717103356e-04 -2.117550354296897483e-04 9.999999641107117920e-01 8.968678393155517584e-03 9.999771714210510254e-01 -4.657111130654811859e-03 -4.900046158581972122e-03 7.922575473785400391e-01 4.657050129026174545e-03 9.999891519546508789e-01 -1.991138196899555624e-05 9.343084879219532013e-03 4.900088533759117126e-03 -2.907033149313065223e-06 9.999879598617553711e-01 4.373603500425815582e-03 6.006470489501953125e+01
3.424403000000000000e+07 9.999886883225578282e-01 -4.752356559423904017e-03 -1.957911017484976037e-04 7.758104523908262440e-01 4.752396987011048290e-03 9.999886859684935514e-01 2.065380755271102890e-04 4.749843636321963124e-03 1.948073439878526543e-04 -2.074662162732316187e-04 9.999999595039332778e-01 9.017198600725442187e-03 9.999852180480957031e-01 -4.655055236071348190e-03 -2.795869717374444008e-03 7.929236888885498047e-01 4.651541821658611298e-03 9.999883770942687988e-01 -1.275682589039206505e-03 7.705683819949626923e-03 2.801785711199045181e-03 1.262659556232392788e-03 9.999952316284179688e-01 6.997894961386919022e-03 5.982204818725585938e+01
3.434778000000000000e+07 9.999868562001017480e-01 -5.123860972100779260e-03 -1.829656925126138978e-04 7.831906141198315963e-01 5.123897550316381527e-03 9.999868527483601888e-01 2.000124804635384297e-04 4.924955538379932607e-03 1.819384509001739203e-04 -2.009473489793849803e-04 9.999999632592817544e-01 9.002829250510591824e-03 9.999859333038330078e-01 -4.514602478593587875e-03 -2.784971380606293678e-03 7.916671633720397949e-01 4.513558931648731232e-03 9.999896287918090820e-01 -3.978857130277901888e-04 8.201810531318187714e-03 2.786736935377120972e-03 3.853145753964781761e-04 9.999960660934448242e-01 -1.658556284382939339e-04 5.974307250976562500e+01
3.445153000000000000e+07 9.999909929096137962e-01 -4.240165602969254988e-03 -1.873393816853455101e-04 8.023287792541470287e-01 4.240198777855740467e-03 9.999909946447721465e-01 1.770435633014111776e-04 4.259426056930068483e-03 1.865870006312300342e-04 -1.778363248387396028e-04 9.999999667797672132e-01 9.290122122061889726e-03 9.999902248382568359e-01 -4.365485627204179764e-03 7.138929213397204876e-04 7.982197403907775879e-01 4.366631153970956802e-03 9.999890923500061035e-01 -1.674774335697293282e-03 6.715391296893358231e-03 -7.065741810947656631e-04 1.677860622294247150e-03 9.999982714653015137e-01 1.827921485528349876e-03 5.990627288818359375e+01
3.455516000000000000e+07 9.999919358560447336e-01 -4.011379916304903294e-03 -1.924962355845623644e-04 7.972817127263329695e-01 4.011414635678168562e-03 9.999919379868881242e-01 1.803180575340827807e-04 4.177701046682986280e-03 1.917713594767198255e-04 -1.810887856040312757e-04 9.999999652152997687e-01 9.262101310130263498e-03 9.999789595603942871e-01 -3.852271009236574173e-03 5.217038094997406006e-03 8.055208325386047363e-01 3.854328766465187073e-03 9.999924898147583008e-01 -3.748016897588968277e-04 6.834070663899183273e-03 -5.215555895119905472e-03 3.949050442315638065e-04 9.999864101409912109e-01 7.955363020300865173e-03 5.973961639404296875e+01
3.465891000000000000e+07 9.999920072186989639e-01 -3.993726422842284150e-03 -1.888096444513992153e-04 8.117063142778052631e-01 3.993757103180458658e-03 9.999920117344044401e-01 1.623966862033983383e-04 4.020736384576905492e-03 1.881595682980677017e-04 -1.631494480088535592e-04 9.999999689891189147e-01 9.415342288341625038e-03 9.999797940254211426e-01 -3.439538646489381790e-03 5.343089811503887177e-03 8.071326017379760742e-01 3.449872368946671486e-03 9.999922513961791992e-01 -1.943942741490900517e-03 4.263869021087884903e-03 -5.336373578757047653e-03 1.962338341400027275e-03 9.999837875366210938e-01 1.418125163763761520e-02 6.007372665405273438e+01
3.476253000000000000e+07 9.999947322477983347e-01 -3.240016250767994987e-03 -1.943490153063299531e-04 8.030767604725721487e-01 3.240048342540692572e-03 9.999947374109287024e-01 1.650374999363418758e-04 3.657124397590693753e-03 1.938132683552478363e-04 -1.656663307532185649e-04 9.999999674955419859e-01 9.381105074705992086e-03 9.999815821647644043e-01 -2.928586676716804504e-03 5.332938861101865768e-03 8.111974596977233887e-01 2.937966957688331604e-03 9.999940991401672363e-01 -1.728083938360214233e-03 3.719260916113853455e-03 -5.327844060957431793e-03 1.743728760629892349e-03 9.999842643737792969e-01 1.398740336298942566e-02 6.063919830322265625e+01
3.486628000000000000e+07 9.999977987489292452e-01 -2.090079017852245185e-03 -1.845728599513904596e-04 8.037983270204506203e-01 2.090105882670038277e-03 9.999978051443587646e-01 1.454785530171173887e-04 2.967847876918330938e-03 1.842683931794607418e-04 -1.458640095899241761e-04 9.999999723844255062e-01 9.512616542890626331e-03 9.999839663505554199e-01 -2.309566363692283630e-03 5.155737046152353287e-03 8.123725652694702148e-01 2.319177612662315369e-03 9.999955296516418457e-01 -1.874099485576152802e-03 4.406650085002183914e-03 -5.151389166712760925e-03 1.886023674160242081e-03 9.999849200248718262e-01 1.118561439216136932e-02 6.209110260009765625e+01
3.497003000000000000e+07 9.999987198520450260e-01 -1.590184130046076900e-03 -1.777882879716487371e-04 8.052096611712590279e-01 1.590207939951350860e-03 9.999987266590458779e-01 1.338617431804884879e-04 2.640031226752969848e-03 1.775751967645518563e-04 -1.341442921679474368e-04 9.999999752361785621e-01 9.578528242347282215e-03 9.999750256538391113e-01 -1.837038318626582623e-03 6.837015971541404724e-03 8.179281353950500488e-01 1.846663188189268112e-03 9.999973773956298828e-01 -1.399614615365862846e-03 3.295833244919776917e-03 -6.834425497800111771e-03 1.412203069776296616e-03 9.999756813049316406e-01 1.531694550067186356e-02 5.943606567382812500e+01
3.507391000000000000e+07 9.999975507177392142e-01 -2.204786118928635415e-03 -1.935894674805466024e-04 7.981905958193582507e-01 2.204816424273304924e-03 9.999975571478261216e-01 1.564707783097855692e-04 3.093123246085530999e-03 1.932440099834241572e-04 -1.568972242896538244e-04 9.999999690200075397e-01 9.435095543659566264e-03 9.999967813491821289e-01 -1.938659697771072388e-03 1.616088440641760826e-03 8.121361732482910156e-01 1.938431174494326115e-03 9.999980926513671875e-01 1.253996888408437371e-04 6.157939787954092026e-03 -1.616326626390218735e-03 -1.222668215632438660e-04 9.999986886978149414e-01 1.309904176741838455e-02 5.967238235473632812e+01
3.517756000000000000e+07 9.999983958762139746e-01 -1.781189231520817571e-03 -1.887061881942082018e-04 7.963243634245331659e-01 1.781217295390555636e-03 9.999984025822823419e-01 1.486537411976924432e-04 2.775334379150139631e-03 1.884411063172315422e-04 -1.489896294538525453e-04 9.999999711460204610e-01 9.445169982618222687e-03 9.999706745147705078e-01 -1.341423718258738518e-03 -7.542229723185300827e-03 7.977469563484191895e-01 1.405858783982694149e-03 9.999624490737915039e-01 8.537332527339458466e-03 1.861258223652839661e-02 7.530495990067720413e-03 -8.547692559659481049e-03 9.999351501464843750e-01 1.872003823518753052e-02 5.961580657958984375e+01
3.528128000000000000e+07 9.999999048176798633e-01 -3.971632826619703465e-04 -1.806265673570328569e-04 7.865734216246825783e-01 3.971891570358615227e-04 9.999999108623096600e-01 1.432345801828686037e-04 1.936268712357259439e-03 1.805696637399500991e-04 -1.433063094639893732e-04 9.999999734289485298e-01 9.446391906799782995e-03 9.999051690101623535e-01 -7.237952668219804764e-04 -1.375058293342590332e-02 7.970309257507324219e-01 7.576374337077140808e-04 9.999967813491821289e-01 2.457902533933520317e-03 1.104198396205902100e-02 1.374877057969570160e-02 -2.468077233061194420e-03 9.999023675918579102e-01 3.708566073328256607e-03 5.947046279907226562e+01
3.538505000000000000e+07 9.999997923531721566e-01 -6.178350011555652907e-04 -1.832307823299709527e-04 7.896598136310895022e-01 6.178615287352340205e-04 9.999997986464483901e-01 1.447556210132013856e-04 2.101402435934130418e-03 1.831413103456186974e-04 -1.448688022075856339e-04 9.999999727361446045e-01 9.471776066952552336e-03 9.999408125877380371e-01 -8.973747026175260544e-04 -1.084559410810470581e-02 7.951672673225402832e-01 8.950012270361185074e-04 9.999995231628417969e-01 -2.228690718766301870e-04 4.668352194130420685e-03 1.084577757865190506e-02 2.131454239133745432e-04 9.999411106109619141e-01 -6.983511615544557571e-03 5.926374435424804688e+01
3.548866000000000000e+07 9.999999114627586838e-01 -3.941818598977017761e-04 -1.472926809759477894e-04 8.156869965712301163e-01 3.941956798226844906e-04 9.999999179048110198e-01 9.380903481307192242e-05 1.745272073411325382e-03 1.472556910636236150e-04 -9.386708864675150717e-05 9.999999847523652896e-01 9.811657890608274299e-03 9.999966025352478027e-01 2.512211904104333371e-05 2.593456767499446869e-03 8.116387128829956055e-01 -2.461767508066259325e-05 9.999999403953552246e-01 -1.794642157619819045e-04 3.573609516024589539e-03 -2.593458164483308792e-03 1.793944975361227989e-04 9.999966621398925781e-01 -5.998315755277872086e-03 5.947059249877929688e+01
3.559241000000000000e+07 9.999997704134363508e-01 -6.598079954249986070e-04 -1.543582942176184775e-04 8.130831176470900701e-01 6.598242470898210872e-04 9.999997767763210144e-01 1.052581130465654499e-04 1.965044731350510093e-03 1.542888096165064699e-04 -1.053599382261485249e-04 9.999999825471231896e-01 9.766006961329280756e-03 9.999720454216003418e-01 -2.489371690899133682e-04 7.467695977538824081e-03 8.172044157981872559e-01 2.397300413576886058e-04 9.999992251396179199e-01 1.223054481670260429e-03 7.186014670878648758e-03 -7.467991206794977188e-03 -1.221226761117577553e-03 9.999713301658630371e-01 7.943758741021156311e-03 5.975020980834960938e+01
3.569616000000000000e+07 9.999994837567570682e-01 -1.001593387305275583e-03 -1.711634609805143953e-04 8.054669946070460718e-01 1.001615107988730992e-03 9.999994903365282406e-01 1.268616699971124816e-04 2.306681822849447529e-03 1.710363099379965529e-04 -1.270330444100192292e-04 9.999999773045934459e-01 9.636410803044023407e-03 9.999980330467224121e-01 -1.653129933401942253e-03 1.142535475082695484e-03 8.118822574615478516e-01 1.655065687373280525e-03 9.999972581863403320e-01 -1.662730472162365913e-03 2.923148451372981071e-03 -1.139789354056119919e-03 1.664620009250938892e-03 9.999979734420776367e-01 6.848968565464019775e-03 6.009705734252929688e+01
3.579978000000000000e+07 9.999993069066607232e-01 -1.163585571806417286e-03 -1.795962316467055809e-04 8.014427916382719230e-01 1.163610406207156271e-03 9.999993134504950865e-01 1.382365811990610963e-04 2.450281682368034807e-03 1.794352582526090008e-04 -1.384454654335823883e-04 9.999999743179200928e-01 9.572647761439101108e-03 9.999976754188537598e-01 -1.259447773918509483e-03 -1.740287174470722675e-03 8.111459016799926758e-01 1.254242379218339920e-03 9.999946951866149902e-01 -3.007130231708288193e-03 5.945722296019084752e-05 1.744073233567178249e-03 3.004945814609527588e-03 9.999939799308776855e-01 7.948706857860088348e-03 6.004489517211914062e+01
3.590353000000000000e+07 9.999989556528707801e-01 -1.433316297837042589e-03 -1.851962862337714060e-04 7.964528951852287708e-01 1.433343961952557007e-03 9.999989616121834901e-01 1.493309990961724472e-04 2.656656874970498260e-03 1.849820553843361810e-04 -1.495962931079123130e-04 9.999999717012951761e-01 9.481421975155005649e-03 9.999982714653015137e-01 -1.754302997142076492e-03 -6.377979298122227192e-04 8.175603151321411133e-01 1.751453382894396782e-03 9.999886155128479004e-01 -4.444651771336793900e-03 -2.646851819008588791e-03 6.455862894654273987e-04 4.443520680069923401e-03 9.999899268150329590e-01 1.275876071304082870e-02 5.957167816162109375e+01
3.600718000000000000e+07 9.999991965536886296e-01 -1.257825275789563671e-03 -1.573770397150601737e-04 8.167380573393436816e-01 1.257842556659199539e-03 9.999992028926679710e-01 1.097547789606508176e-04 2.332229266665601826e-03 1.572388619318263424e-04 -1.099526463190450028e-04 9.999999815931774894e-01 9.754614358410363881e-03 9.999845623970031738e-01 -1.734310411848127842e-03 5.286446772515773773e-03 8.217303156852722168e-01 1.735976664349436760e-03 9.999984502792358398e-01 -3.303316480014473200e-04 5.270225810818374157e-04 -5.285871680825948715e-03 3.395069797988981009e-04 9.999860525131225586e-01 1.053004991263151169e-02 5.942047882080078125e+01
3.611091000000000000e+07 9.999991643760222093e-01 -1.282041979536984984e-03 -1.661795027533484426e-04 8.104992485976980632e-01 1.282062301541909326e-03 9.999991706863934349e-01 1.222406947498695543e-04 2.424983390662173964e-03 1.660226472368264889e-04 -1.224536450774626800e-04 9.999999787207926039e-01 9.664523608190304926e-03 9.999909400939941406e-01 -1.079281908459961414e-03 4.109872039407491684e-03 8.175240159034729004e-01 1.071388600394129753e-03 9.999974966049194336e-01 1.945289201103150845e-03 4.813316278159618378e-03 -4.111961461603641510e-03 -1.940870890393853188e-03 9.999896287918090820e-01 8.963268250226974487e-03 5.957699203491210938e+01
3.621453000000000000e+07 9.999993622744616228e-01 -1.116424415880242545e-03 -1.704322411137198482e-04 8.113802113815549166e-01 1.116444673128480763e-03 9.999993697176073892e-01 1.188092391667109655e-04 2.333703084450249217e-03 1.702994921531644714e-04 -1.189994415734466348e-04 9.999999784186069940e-01 9.697705839542611686e-03 9.999989867210388184e-01 -1.116381259635090828e-03 -8.685856009833514690e-04 8.163388967514038086e-01 1.117489766329526901e-03 9.999985098838806152e-01 1.337512396275997162e-03 6.018348969519138336e-03 8.670936804264783859e-04 -1.338486210443079472e-03 9.999987483024597168e-01 8.269468322396278381e-03 5.962460708618164062e+01
3.631829000000000000e+07 9.999996491714866487e-01 -8.201818357822959239e-04 -1.701725654343972576e-04 8.047749289092370750e-01 8.202033160727407145e-04 9.999996556706126638e-01 1.261951577318229172e-04 2.187392993491134655e-03 1.700690038690801738e-04 -1.263346895530387465e-04 9.999999775580411532e-01 9.654187299309844109e-03 9.999912977218627930e-01 -1.362715032882988453e-03 -3.947973251342773438e-03 8.137466311454772949e-01 1.358932466246187687e-03 9.999986290931701660e-01 -9.752621990628540516e-04 5.082986317574977875e-03 3.949287813156843185e-03 9.698929497972130775e-04 9.999917149543762207e-01 8.981430903077125549e-03 5.935587310791015625e+01
3.642204000000000000e+07 9.999981767738684857e-01 -1.902192940777071295e-03 -1.676628081545415597e-04 8.142705568866575039e-01 1.902214894844476024e-03 9.999981822227753669e-01 1.308797217337365822e-04 2.834911085467106771e-03 1.674135448887204523e-04 -1.311984138134272501e-04 9.999999773798394775e-01 9.663272538457015615e-03 9.999941587448120117e-01 -1.742400461807847023e-03 -2.942370716482400894e-03 8.133693933486938477e-01 1.741146552376449108e-03 9.999984502792358398e-01 -3.997651801910251379e-04 7.529535796493291855e-03 2.943067112937569618e-03 3.946431097574532032e-04 9.999955892562866211e-01 1.997291343286633492e-03 5.908435058593750000e+01
3.652578000000000000e+07 9.999969730638997856e-01 -2.455281588006852107e-03 -1.595478806565530619e-04 8.224799716233309743e-01 2.455301301488024227e-03 9.999969781195922058e-01 1.234802292993416163e-04 3.064440793545738975e-03 1.592442197967092708e-04 -1.238715936409676892e-04 9.999999796485536940e-01 9.724233679328855851e-03 9.999962449073791504e-01 -2.224550582468509674e-03 1.632245024666190147e-03 8.168660998344421387e-01 2.229722449555993080e-03 9.999925494194030762e-01 -3.149661701172590256e-03 2.680024830624461174e-03 -1.625228091143071651e-03 3.153292927891016006e-03 9.999936819076538086e-01 -3.633569460362195969e-03 5.918886566162109375e+01
3.662953000000000000e+07 9.999929310007728001e-01 -3.755119516659733564e-03 -1.924198856654502554e-04 8.025393764004704611e-01 3.755152430793716987e-03 9.999929347730214246e-01 1.709788716575386981e-04 3.935290718611129945e-03 1.917764800552286433e-04 -1.717002290342576503e-04 9.999999668704048217e-01 9.325780948223760455e-03 9.999857544898986816e-01 -3.875475376844406128e-03 3.679819637909531593e-03 8.179993629455566406e-01 3.875727765262126923e-03 9.999924302101135254e-01 -5.742988651036284864e-05 6.025314796715974808e-03 -3.679562592878937721e-03 7.169150921981781721e-05 9.999932646751403809e-01 -5.921402480453252792e-03 5.925408172607421875e+01
3.673328000000000000e+07 9.999919547697598832e-01 -4.007319783439060659e-03 -1.782819989462470611e-04 8.171621641210596865e-01 4.007347132422055605e-03 9.999919588002820214e-01 1.533111166223860339e-04 3.931814596779752841e-03 1.776661986959853000e-04 -1.540243210314239661e-04 9.999999723556157738e-01 9.480445583073024429e-03 9.999894499778747559e-01 -4.135040100663900375e-03 1.977283041924238205e-03 8.196343183517456055e-01 4.135446622967720032e-03 9.999914169311523438e-01 -2.304314548382535577e-04 8.966051973402500153e-03 -1.976314466446638107e-03 2.386010455666109920e-04 9.999979734420776367e-01 5.047176498919725418e-03 5.974924850463867188e+01
3.683704000000000000e+07 9.999909978605413530e-01 -4.239698026634906164e-03 -1.707605874922775620e-04 8.204332083144757481e-01 4.239723857823137973e-03 9.999910009007477729e-01 1.511945318314057945e-04 4.052713094029809435e-03 1.701180316659918230e-04 -1.519171484675589960e-04 9.999999739905182095e-01 9.499036892113076752e-03 9.999877810478210449e-01 -4.918362945318222046e-03 -4.294643003959208727e-04 8.172085881233215332e-01 4.917452111840248108e-03 9.999858736991882324e-01 -2.061557956039905548e-03 6.615486927330493927e-03 4.395909782033413649e-04 2.059419639408588409e-03 9.999978542327880859e-01 -4.759914241731166840e-03 5.940073776245117188e+01
3.694079000000000000e+07 9.999899692937906925e-01 -4.475684981539966231e-03 -1.719186986568708173e-04 8.204667524015197833e-01 4.475711244855047968e-03 9.999899722977607652e-01 1.526861673754614942e-04 4.162779575738842150e-03 1.712335995310236949e-04 -1.534540942670751824e-04 9.999999735654476751e-01 9.470826478429715881e-03 9.999874830245971680e-01 -4.708996508270502090e-03 -1.678374363109469414e-03 8.146273493766784668e-01 4.710553679615259171e-03 9.999884366989135742e-01 9.091984829865396023e-04 8.619923144578933716e-03 1.674083527177572250e-03 -9.170891134999692440e-04 9.999981522560119629e-01 -2.469749422743916512e-03 5.906758499145507812e+01
3.704454000000000000e+07 9.999889403697997947e-01 -4.699784334632854665e-03 -1.765402682519938470e-04 8.133409619285664194e-01 4.699813503430023964e-03 9.999889421746170903e-01 1.651747454395992092e-04 4.371713989511277765e-03 1.757620304607261609e-04 -1.660026249607069110e-04 9.999999707754196887e-01 9.350433816988176772e-03 9.999884366989135742e-01 -4.321918822824954987e-03 -2.137604868039488792e-03 8.138402700424194336e-01 4.332521930336952209e-03 9.999783635139465332e-01 4.949883557856082916e-03 1.500608120113611221e-02 2.116162795573472977e-03 -4.959085490554571152e-03 9.999854564666748047e-01 -5.709310062229633331e-03 5.967721557617187500e+01
3.714829000000000000e+07 9.999831346272127774e-01 -5.806959253406697961e-03 -9.842019283789170143e-05 8.276584516205353070e-01 5.806974779815060085e-03 9.999831268647209059e-01 1.582116745286708001e-04 4.972507221165932065e-03 9.749980346522644885e-05 -1.587805297876791614e-04 9.999999826412663273e-01 9.399028225679801479e-03 9.999698400497436523e-01 -5.783149041235446930e-03 -5.184296052902936935e-03 8.106645941734313965e-01 5.782525055110454559e-03 9.999832510948181152e-01 -1.275402028113603592e-04 7.884859107434749603e-03 5.184949841350317001e-03 9.754103666637092829e-05 9.999865889549255371e-01 -8.102573701762594283e-06 5.924966430664062500e+01
3.725204000000000000e+07 9.999658002610180008e-01 -8.270070086052457720e-03 -6.518468859341235676e-05 7.929105425150593245e-01 8.270079721178751758e-03 9.999657912116356462e-01 1.489557747295350678e-04 7.470800380992245228e-03 6.395058400619649339e-05 -1.494897630527339456e-04 9.999999867815666521e-01 8.796703753380595223e-03 9.999602437019348145e-01 -8.516168221831321716e-03 -2.647168934345245361e-03 8.166720271110534668e-01 8.505200035870075226e-03 9.999553561210632324e-01 -4.118646495044231415e-03 2.864227863028645515e-03 2.682123100385069847e-03 4.095974843949079514e-03 9.999880194664001465e-01 -3.304630983620882034e-03 5.932278442382812500e+01
3.735566000000000000e+07 9.999522703798590095e-01 -9.770208014122620452e-03 6.915493796765003788e-08 8.046866233828550152e-01 9.770207950613037443e-03 9.999522646383474100e-01 1.071621252484633764e-04 8.529852384681482075e-03 -1.116147864559335857e-06 -1.071563347829573669e-04 9.999999942581372370e-01 8.792450178999345126e-03 9.999486207962036133e-01 -1.003132946789264679e-02 -1.437065307982265949e-03 8.179239630699157715e-01 1.002598274499177933e-02 9.999427795410156250e-01 -3.739560721442103386e-03 5.885227583348751068e-03 1.474500168114900589e-03 3.724967828020453453e-03 9.999920129776000977e-01 7.244471926242113113e-04 5.920246505737304688e+01
3.745941000000000000e+07 9.999410901066219104e-01 -1.085428783328165267e-02 2.745002377107405410e-05 7.976945847378950072e-01 1.085428521921486325e-02 9.999410861263022809e-01 9.365053065535353430e-05 9.466321870911138109e-03 -2.846491638647043356e-05 -9.334706332913257306e-05 9.999999952380371759e-01 8.604257182405235585e-03 9.999308586120605469e-01 -1.174221932888031006e-02 6.951944669708609581e-04 8.195151090621948242e-01 1.174550317227840424e-02 9.999182820320129395e-01 -5.041176918894052505e-03 5.463664419949054718e-03 -6.359516410157084465e-04 5.048993974924087524e-03 9.999869465827941895e-01 3.895108820870518684e-04 5.845036697387695312e+01
3.756303000000000000e+07 9.998989394901457439e-01 -1.421596699690408361e-02 1.307135760403226672e-04 8.022479653276174405e-01 1.421596493424537311e-02 9.998989479239682732e-01 1.669562747317204922e-05 1.224052665853119642e-02 -1.309377116543387269e-04 -1.483572056549311977e-05 9.999999913176084165e-01 8.344077325811426540e-03 9.998902678489685059e-01 -1.478671375662088394e-02 -8.869213052093982697e-04 8.146287202835083008e-01 1.478464063256978989e-02 9.998878836631774902e-01 -2.368475077673792839e-03 8.779039606451988220e-03 9.218398481607437134e-04 2.355104777961969376e-03 9.999968409538269043e-01 -3.367177676409482956e-03 5.858415985107421875e+01
3.766666000000000000e+07 9.998861581947636745e-01 -1.508816277381812634e-02 1.341434749686281822e-04 8.128239934071119777e-01 1.508816455794825470e-02 9.998861670904716226e-01 -1.229807956333790910e-05 1.282613784541133256e-02 -1.339426496001846101e-04 1.432065835383753598e-05 9.999999909271426457e-01 8.403396766159379472e-03 9.998784065246582031e-01 -1.548459101468324661e-02 1.815016730688512325e-03 8.216599225997924805e-01 1.548277679830789566e-02 9.998797178268432617e-01 9.965372737497091293e-04 1.665112562477588654e-02 -1.830227323807775974e-03 -9.683218668214976788e-04 9.999978542327880859e-01 -1.682203845120966434e-03 5.892639923095703125e+01
3.777028000000000000e+07 9.998969259183062563e-01 -1.435680264537626122e-02 1.405881362930915077e-04 8.118967558108161064e-01 1.435680188850068512e-02 9.998969357922768975e-01 6.391408717689426883e-06 1.232168584093697519e-02 -1.406654068787584102e-04 -4.372353987816535430e-06 9.999999900970633071e-01 8.429599067491012204e-03 9.998683929443359375e-01 -1.565148495137691498e-02 4.264797549694776535e-03 8.253441452980041504e-01 1.565634086728096008e-02 9.998768568038940430e-01 -1.109406817704439163e-03 1.342594530433416367e-02 -4.246904980391263962e-03 1.176032470539212227e-03 9.999902248382568359e-01 -2.801551716402173042e-03 5.866153717041015625e+01
3.787404000000000000e+07 9.999017796305615935e-01 -1.401476580049452678e-02 1.320247025999844129e-04 8.128604073838350264e-01 1.401476460671647467e-02 9.999017883137759632e-01 9.962938626105100775e-06 1.201386112948230056e-02 -1.321513644832810971e-04 -8.111664927057750835e-06 9.999999912351088538e-01 8.478703464801555512e-03 9.998722076416015625e-01 -1.518434938043355942e-02 5.007591564208269119e-03 8.236210346221923828e-01 1.517311390489339828e-02 9.998822212219238281e-01 2.289506373926997185e-03 1.645084097981452942e-02 -5.041756201535463333e-03 -2.213222905993461609e-03 9.999848008155822754e-01 4.659606143832206726e-03 5.796169662475585938e+01
3.797779000000000000e+07 9.999276747352392469e-01 -1.202655573111147472e-02 8.521768811787692284e-05 8.175233485995717642e-01 1.202655180036401802e-02 9.999276773331022827e-01 4.648925318114782170e-05 1.028643479074666314e-02 -8.577063051786972718e-05 -4.546101593743456294e-05 9.999999952883477095e-01 8.720020331232179039e-03 9.999175667762756348e-01 -1.283565629273653030e-02 2.646626962814480066e-04 8.209043741226196289e-01 1.283408887684345245e-02 9.999052882194519043e-01 4.977814853191375732e-03 1.999712549149990082e-02 -3.285397542640566826e-04 -4.974009003490209579e-03 9.999876618385314941e-01 4.786754492670297623e-03 5.783417510986328125e+01
3.808153000000000000e+07 9.999551688987586839e-01 -9.468900986187306010e-03 1.036149954150473396e-05 8.197178675418668181e-01 9.468899955621340112e-03 9.999551644152899765e-01 9.535938748431611054e-05 8.109191078078639009e-03 -1.126398356984852634e-05 -9.525700041608872607e-05 9.999999953996132618e-01 8.991635107430857171e-03 9.999409914016723633e-01 -1.048819255083799362e-02 -2.842131536453962326e-03 8.156320452690124512e-01 1.050467137247323990e-02 9.999275803565979004e-01 5.865224637091159821e-03 1.967781223356723785e-02 2.780407201498746872e-03 -5.894742440432310104e-03 9.999787211418151855e-01 2.880305517464876175e-03 5.811404800415039062e+01
3.818528000000000000e+07 9.999719193500297143e-01 -7.493640634573998580e-03 -7.655251403100461879e-05 8.059497183728572267e-01 7.493651892806181894e-03 9.999719112653637776e-01 1.478527457194321886e-04 6.675440429618408056e-03 7.544240840136623319e-05 -1.484222518217659099e-04 9.999999861396386969e-01 9.017817499611870125e-03 9.999690055847167969e-01 -7.380539551377296448e-03 -2.728075021877884865e-03 8.151874542236328125e-01 7.395558524876832962e-03 9.999575018882751465e-01 5.501931067556142807e-03 1.718020997941493988e-02 2.687348751351237297e-03 -5.521938670426607132e-03 9.999811649322509766e-01 -1.162908039987087250e-03 5.808572769165039062e+01
3.828916000000000000e+07 9.999974238122267822e-01 -2.263325497034799662e-03 -1.724146585436321622e-04 8.146719424723072311e-01 2.263348414967716535e-03 9.999974297999603134e-01 1.328444043880940191e-04 2.983409620637306105e-03 1.721135452881718448e-04 -1.332342965841796384e-04 9.999999763127755958e-01 9.636425353590799547e-03 9.999976754188537598e-01 -2.157145179808139801e-03 -3.184296074323356152e-04 8.199152946472167969e-01 2.158914227038621902e-03 9.999806880950927734e-01 5.843838211148977280e-03 1.568194665014743805e-02 3.058235452044755220e-04 -5.844510160386562347e-03 9.999828338623046875e-01 -1.642361166886985302e-04 5.890435028076171875e+01
3.839316000000000000e+07 9.999946523188419922e-01 3.269795738989513933e-03 -6.140107219796366229e-05 8.161616004148845027e-01 -3.269796121262533595e-03 9.999946541838808933e-01 -6.126484205142032078e-06 -1.678956486073896089e-03 6.138071160821664623e-05 6.327220420084892311e-06 9.999999980961873369e-01 9.989416759572418078e-03 9.999922513961791992e-01 3.385138697922229767e-03 -1.980487490072846413e-03 8.181540369987487793e-01 -3.369429614394903183e-03 9.999632239341735840e-01 7.877301424741744995e-03 1.502223778516054153e-02 2.007089322432875633e-03 -7.870576344430446625e-03 9.999670386314392090e-01 8.794555440545082092e-03 5.880787277221679688e+01
3.849716000000000000e+07 9.999710730401087933e-01 7.606044590395175629e-03 3.417171198723195711e-05 8.220514985272743269e-01 -7.606040690875327977e-03 9.999710672879476014e-01 -1.128318003409974594e-04 -5.935944926536486713e-03 -3.502892702629927511e-05 1.125686250236505626e-04 9.999999930506393575e-01 1.049380802429547045e-02 9.999551773071289062e-01 8.856640197336673737e-03 -3.335734363645315170e-03 8.146450519561767578e-01 -8.831384591758251190e-03 9.999328851699829102e-01 7.506154477596282959e-03 9.468342177569866180e-03 3.401975613087415695e-03 -7.476349826902151108e-03 9.999663233757019043e-01 2.480608643963932991e-03 5.882096099853515625e+01
3.860116000000000000e+07 9.999471372006877301e-01 1.028190937630460607e-02 7.169843534384978613e-05 8.070879338878733655e-01 -1.028190029927180706e-02 9.999471319462265306e-01 -1.258399400492863100e-04 -8.619063024606066908e-03 -7.298851968396923820e-05 1.250960916124361393e-04 9.999999895118215631e-01 1.060702107701058140e-02 9.999246001243591309e-01 1.136663183569908142e-02 -4.655016120523214340e-03 8.116965293884277344e-01 -1.135225594043731689e-02 9.999307394027709961e-01 3.104020841419696808e-03 -4.505646065808832645e-04 4.689993802458047867e-03 -3.050947794690728188e-03 9.999843239784240723e-01 4.014979931525886059e-04 5.940614318847656250e+01
3.870516000000000000e+07 9.999232153303022619e-01 1.239180535972186220e-02 8.127414227767052900e-05 7.897547415049992470e-01 -1.239179258612911963e-02 9.999232066490081339e-01 -1.558310532135973937e-04 -1.070262793118286967e-02 -8.319892901867177737e-05 1.548119554775278324e-04 9.999999845555984646e-01 1.051880606634100594e-02 9.999153614044189453e-01 1.272926945239305496e-02 -2.684616483747959137e-03 8.122420310974121094e-01 -1.274412218481302261e-02 9.999033212661743164e-01 -5.570117849856615067e-03 -1.053874474018812180e-02 2.613439923152327538e-03 5.603864323347806931e-03 9.999808669090270996e-01 -6.991670001298189163e-03 5.909766387939453125e+01
3.880929000000000000e+07 9.999344630716722193e-01 1.144822618689979137e-02 8.762084197868343462e-05 8.064832876281714524e-01 -1.144821545904061051e-02 9.999344595943014946e-01 -1.219726498131609797e-04 -9.675657302461431603e-03 -8.901146977092047922e-05 1.209615538124321753e-04 9.999999887226301842e-01 1.068068959612486317e-02 9.999253153800964355e-01 1.178702339529991150e-02 3.232585731893777847e-03 8.203621506690979004e-01 -1.177911274135112762e-02 9.999276399612426758e-01 -2.446153201162815094e-03 -9.991687722504138947e-03 -3.261186880990862846e-03 2.407895866781473160e-03 9.999917745590209961e-01 -2.904008142650127411e-03 5.960924911499023438e+01
3.891329000000000000e+07 9.999354177416629463e-01 1.136454154235950510e-02 8.683293386054474598e-05 8.060294985030385106e-01 -1.136453097311933801e-02 9.999354142797447498e-01 -1.212583047455795574e-04 -9.598888678296439714e-03 -8.820537074926634326e-05 1.202636580334477017e-04 9.999999888782323820e-01 1.067700766447852827e-02 9.999281167984008789e-01 1.187600567936897278e-02 1.645038486458361149e-03 8.165070414543151855e-01 -1.188227720558643341e-02 9.999218583106994629e-01 3.879790194332599640e-03 3.619904164224863052e-03 -1.598823117092251778e-03 -3.899056231603026390e-03 9.999911189079284668e-01 4.790113773196935654e-03 5.967750549316406250e+01
3.901716000000000000e+07 9.999484853303551857e-01 1.014994342325110238e-02 7.304322259493361343e-05 8.134500886552964438e-01 -1.014993396224788541e-02 9.999484798052596934e-01 -1.287516653044637569e-04 -8.463166846729491474e-03 -7.434628149619410757e-05 1.280036488285171594e-04 9.999999890438482364e-01 1.063941208618352646e-02 9.999363422393798828e-01 1.116941496729850769e-02 1.574349007569253445e-03 8.163999915122985840e-01 -1.116567198187112808e-02 9.999348521232604980e-01 -2.370000584051012993e-03 -6.830609403550624847e-03 -1.600721268914639950e-03 2.352263079956173897e-03 9.999958872795104980e-01 8.161815349012613297e-04 6.005462265014648438e+01
3.912116000000000000e+07 9.999558564595372179e-01 9.395876285542521106e-03 5.141078929234738651e-05 7.991086523436723432e-01 -9.395869599989153248e-03 9.999558495522486989e-01 -1.287737157367247929e-04 -7.817957909659419349e-03 -5.261846135793770335e-05 1.282849821476705584e-04 9.999999903871306106e-01 1.045895747029419731e-02 9.999516010284423828e-01 9.516102261841297150e-03 -2.510400256142020226e-03 8.121749162673950195e-01 -9.529002942144870758e-03 9.999413490295410156e-01 -5.157721694558858871e-03 -1.271745655685663223e-02 2.461171476170420647e-03 5.181395914405584335e-03 9.999835491180419922e-01 -4.748552164528518915e-04 5.999673461914062500e+01
3.922504000000000000e+07 9.999526232865945108e-01 9.733846904201258129e-03 5.834269081135180524e-05 8.033751653926589631e-01 -9.733839222437612806e-03 9.999526165432939262e-01 -1.305349670475121305e-04 -8.116924910612569044e-03 -5.961053375579245369e-05 1.299608843404568572e-04 9.999999897783760083e-01 1.053317478167610337e-02 9.999432563781738281e-01 1.042291056364774704e-02 -2.211611717939376831e-03 8.112982511520385742e-01 -1.042986568063497543e-02 9.999405741691589355e-01 -3.185520879924297333e-03 -6.159753073006868362e-03 2.178279450163245201e-03 3.208418609574437141e-03 9.999924898147583008e-01 2.061968902125954628e-03 6.040147018432617188e+01
3.932891000000000000e+07 9.999683599319655336e-01 7.954771229775267627e-03 2.741262909266375280e-05 8.063099687578971775e-01 -7.954767928818318873e-03 9.999683533134487989e-01 -1.184929691200190601e-04 -6.379994763968783143e-03 -2.835434600875462056e-05 1.182711588979560517e-04 9.999999926039822018e-01 1.039219736617182088e-02 9.999610185623168945e-01 8.782709948718547821e-03 -9.180972701869904995e-04 8.188464641571044922e-01 -8.780529722571372986e-03 9.999586939811706543e-01 2.345239277929067612e-03 1.544746919535100460e-03 9.386515594087541103e-04 -2.337097888812422752e-03 9.999968409538269043e-01 3.045584307983517647e-03 6.022179031372070312e+01
3.943266000000000000e+07 9.999744017977340027e-01 7.155105724815782192e-03 1.451338141449986755e-05 8.058017082735567937e-01 -7.155104289925138389e-03 9.999743972454961938e-01 -9.661994754855705099e-05 -5.581414178959580481e-03 -1.520433578114007928e-05 9.651362949253855560e-05 9.999999952269736925e-01 1.027673985230590122e-02 9.999701976776123047e-01 7.534759119153022766e-03 1.646732212975621223e-03 8.185300827026367188e-01 -7.537977304309606552e-03 9.999696612358093262e-01 1.989056123420596123e-03 1.501217251643538475e-03 -1.631694845855236053e-03 -2.001407556235790253e-03 9.999966621398925781e-01 -2.452527405694127083e-04 6.020137786865234375e+01
3.953641000000000000e+07 9.999795455226361263e-01 6.395973417262335037e-03 7.710435710109233426e-06 8.149390540276432171e-01 -6.395972733814925260e-03 9.999795418908540290e-01 -8.562481526822917960e-05 -4.770054277720465682e-03 -8.257932024026328616e-06 8.557374811964624467e-05 9.999999963044700069e-01 1.027303274098670047e-02 9.999660253524780273e-01 6.038335151970386505e-03 5.610655993223190308e-03 8.251827359199523926e-01 -6.055342499166727066e-03 9.999771118164062500e-01 3.010468091815710068e-03 5.311900749802589417e-03 -5.592342000454664230e-03 -3.044341225177049637e-03 9.999797344207763672e-01 -1.169528462924063206e-03 6.016835021972656250e+01
3.964016000000000000e+07 9.999836557500134671e-01 5.717359636316620038e-03 -5.471371026084485150e-06 8.205881148596726460e-01 -5.717360049379610100e-03 9.999836526642615908e-01 -7.871858248941871969e-05 -4.049868052120277583e-03 5.021219114297479640e-06 7.874857769290002603e-05 9.999999968867242517e-01 1.025363623432045887e-02 9.999666810035705566e-01 5.800588056445121765e-03 5.750293377786874771e-03 8.270095586776733398e-01 -5.808477289974689484e-03 9.999822378158569336e-01 1.354830106720328331e-03 3.165313508361577988e-03 -5.742340814322233200e-03 -1.388188451528549194e-03 9.999825954437255859e-01 4.525581374764442444e-03 6.012070465087890625e+01
3.974382000000000000e+07 9.999871702807560103e-01 5.065431095227019426e-03 -2.609884882394222555e-05 8.155094672106000253e-01 -5.065432529977747372e-03 9.999871690903038290e-01 -5.520406100196180508e-05 -3.437289370823604084e-03 2.581888157872132153e-05 5.533555471003498362e-05 9.999999981356808565e-01 1.012083853884276387e-02 9.999740719795227051e-01 4.715220537036657333e-03 5.450254771858453751e-03 8.296135663986206055e-01 -4.712569527328014374e-03 9.999887347221374512e-01 -5.122877191752195358e-04 2.991884713992476463e-03 -5.452616605907678604e-03 4.865916853304952383e-04 9.999849796295166016e-01 6.313073681667447090e-04 5.997552108764648438e+01
3.984756000000000000e+07 9.999950014127726439e-01 3.161191393693050643e-03 -6.339085590060593810e-05 8.184141374505495836e-01 -3.161192023781102690e-03 9.999950033715584441e-01 -9.841999988193504169e-06 -1.585825125524792075e-03 6.335942671426493024e-05 1.004234146096815317e-05 9.999999979423671581e-01 1.000239092207419814e-02 9.999921321868896484e-01 3.470211522653698921e-03 -1.899627968668937683e-03 8.233968019485473633e-01 -3.464153967797756195e-03 9.999888539314270020e-01 3.207388799637556076e-03 6.470301654189825058e-03 1.910740043967962265e-03 -3.200782462954521179e-03 9.999929666519165039e-01 4.069879185408353806e-03 5.977916717529296875e+01
3.995129000000000000e+07 9.999946766627201278e-01 3.262221330952274310e-03 -6.751759450070568731e-05 8.096537070558685878e-01 -3.262221190505177650e-03 9.999946789401047420e-01 2.190180023047417612e-06 -1.703336254845666010e-03 6.752438008726607637e-05 -1.969911045073577220e-06 9.999999977182888466e-01 9.890041138432637338e-03 9.999609589576721191e-01 3.242063801735639572e-03 -8.217726834118366241e-03 8.193485736846923828e-01 -3.194280434399843216e-03 9.999780058860778809e-01 5.807243753224611282e-03 1.025836449116468430e-02 8.236379362642765045e-03 -5.780772306025028229e-03 9.999493956565856934e-01 4.270625300705432892e-03 6.034041595458984375e+01
4.005504000000000000e+07 9.999991298186007294e-01 1.314029494163558359e-03 -1.169981286799779758e-04 8.128044756956899208e-01 -1.314023108743879670e-03 9.999991351786616800e-01 5.463726293152641723e-05 2.952220225453478994e-04 1.170698224711384637e-04 -5.448347714529201355e-05 9.999999916631038266e-01 9.865541077564161931e-03 9.999168515205383301e-01 2.068350557237863541e-03 -1.273023057729005814e-02 8.147663474082946777e-01 -2.043390413746237755e-03 9.999960064888000488e-01 1.971421297639608383e-03 6.700078491121530533e-03 1.273425947874784470e-02 -1.945238793268799782e-03 9.999170303344726562e-01 -2.584723290055990219e-03 6.008531188964843750e+01
4.015866000000000000e+07 9.999995843817962582e-01 9.035683843332020836e-04 -1.216568327038445327e-04 8.184286590765291747e-01 -9.035610015769225027e-04 9.999995899448150816e-01 6.072638417196729008e-05 7.276275034362380146e-04 1.217116532602897352e-04 -6.061643456010569741e-05 9.999999907559603551e-01 9.943948310698107196e-03 9.999704957008361816e-01 1.706182258203625679e-03 -7.479378022253513336e-03 8.231375813484191895e-01 -1.711821416392922401e-03 9.999982714653015137e-01 -7.516394252888858318e-04 4.782192409038543701e-03 7.478083949536085129e-03 7.644214783795177937e-04 9.999718070030212402e-01 -1.544087193906307220e-02 5.976694488525390625e+01
4.026242000000000000e+07 9.999986418220806472e-01 1.646334947374926720e-03 -7.704089043730132048e-05 8.460431289710075298e-01 -1.646335476111424881e-03 9.999986447657425170e-01 -6.800149065688962111e-06 -1.129450476055417251e-04 7.702959070605814814e-05 6.926974977940761474e-06 9.999999970092297019e-01 1.034925933795377041e-02 9.999986886978149414e-01 1.585644553415477276e-03 -3.428078780416399240e-04 8.332259058952331543e-01 -1.585073187015950680e-03 9.999969601631164551e-01 1.867325627245008945e-03 6.920492276549339294e-03 3.457671846263110638e-04 -1.866789418272674084e-03 9.999982118606567383e-01 -1.482320576906204224e-02 6.018467330932617188e+01
4.036616000000000000e+07 9.999996311070786792e-01 8.528696679416300887e-04 -1.019754695416783100e-04 8.348081914715782537e-01 -8.528665309853014935e-04 9.999996358348911540e-01 3.080139983501298408e-05 5.994922709261730695e-04 1.020017019868293848e-04 -3.071441700296693116e-05 9.999999943261383972e-01 1.014450729025280842e-02 9.999859929084777832e-01 1.105528092011809349e-03 5.180582869797945023e-03 8.433123826980590820e-01 -1.116788480430841446e-03 9.999970793724060059e-01 2.174540422856807709e-03 7.697640452533960342e-03 -5.178163293749094009e-03 -2.180283423513174057e-03 9.999842047691345215e-01 -1.179098617285490036e-03 5.987974548339843750e+01
4.046991000000000000e+07 9.999999940301930179e-01 3.415521788622839506e-05 -1.037932322980552225e-04 8.428404009534197217e-01 -3.415173413019971792e-05 9.999999988534923334e-01 3.356597229864252642e-05 1.110566963263044530e-03 1.037943786321491690e-04 -3.356242737939776942e-05 9.999999940501451690e-01 1.021527938717260720e-02 9.999980926513671875e-01 8.574797902838326991e-06 1.987132709473371506e-03 8.415888547897338867e-01 -4.367745987110538408e-06 9.999976754188537598e-01 -2.131404355168342590e-03 1.700187916867434978e-03 -1.987143652513623238e-03 2.131386194378137589e-03 9.999957084655761719e-01 -2.599185565486550331e-03 6.023395156860351562e+01
4.057354000000000000e+07 9.999999614158833205e-01 -2.586211291628676872e-04 -1.014068293155714271e-04 8.470221594068718662e-01 2.586245439459782620e-04 9.999999659900932203e-01 3.366242768259301881e-05 1.296902559753198387e-03 1.013981200518474581e-04 -3.368865267822936078e-05 9.999999942917480178e-01 1.026486377229554950e-02 9.999977350234985352e-01 -1.002413220703601837e-03 1.830392982810735703e-03 8.492805361747741699e-01 1.009204308502376080e-03 9.999924898147583008e-01 -3.735859878361225128e-03 -1.545441453345119953e-03 -1.826644176617264748e-03 3.737689228728413582e-03 9.999913573265075684e-01 6.223635864444077015e-05 6.052601623535156250e+01
4.067728000000000000e+07 9.999982026527344248e-01 -1.893284204340187635e-03 -1.008267143050208399e-04 8.584143268535868732e-01 1.893288580714300130e-03 9.999982067888480985e-01 4.332715986600381067e-05 2.239312046184562064e-03 1.007445028695562000e-04 -4.351797606928116266e-05 9.999999939783651426e-01 1.040308754312893255e-02 9.999939203262329102e-01 -1.959251938387751579e-03 2.897661877796053886e-03 8.548107147216796875e-01 1.960591180250048637e-03 9.999979734420776367e-01 -4.447406390681862831e-04 7.924675941467285156e-03 -2.896782942116260529e-03 4.504315147642046213e-04 9.999957084655761719e-01 5.741015542298555374e-03 5.978793716430664062e+01
4.078104000000000000e+07 9.999920115093490214e-01 -3.994788865556155380e-03 -1.363099518518930532e-04 8.475073605302249069e-01 3.994801307986682246e-03 9.999920165974940378e-01 9.113058639234963842e-05 3.591969283393120146e-03 1.359448162056459423e-04 -9.167438953651147610e-05 9.999999865574074054e-01 1.001474238264715537e-02 9.999912381172180176e-01 -3.919512033462524414e-03 1.459307735785841942e-03 8.581248521804809570e-01 3.920610528439283371e-03 9.999920725822448730e-01 -7.592985057272017002e-04 9.678532369434833527e-03 -1.456316094845533371e-03 7.650183397345244884e-04 9.999986886978149414e-01 6.528902798891067505e-03 5.967702484130859375e+01
4.088479000000000000e+07 9.999907553526656834e-01 -4.298052626641437647e-03 -1.263069936780159756e-04 8.574503291410082717e-01 4.298062275370576231e-03 9.999907603832861591e-01 7.621920305937794323e-05 3.600960772072352937e-03 1.259782325151509647e-04 -7.676137374580790842e-05 9.999999891185885614e-01 1.026186094432490585e-02 9.999882578849792480e-01 -4.782956559211015701e-03 -8.385036489926278591e-04 8.608180284500122070e-01 4.782751668244600296e-03 9.999884963035583496e-01 -2.655361604411154985e-04 7.652397733181715012e-03 8.397675701417028904e-04 2.615238481666892767e-04 9.999995827674865723e-01 6.364022847265005112e-03 5.998694229125976562e+01
4.098841000000000000e+07 9.999893177323365689e-01 -4.621058854261515629e-03 -1.011721983688102286e-04 8.616232160866900136e-01 4.621066357588289771e-03 9.999893200734351062e-01 7.405619551697233312e-05 3.737558346019992806e-03 1.008288998116373141e-04 -7.452292788129521127e-05 9.999999921399328473e-01 1.034084037795415280e-02 9.999904632568359375e-01 -4.336975049227476120e-03 4.850308760069310665e-04 8.649864792823791504e-01 4.336688667535781860e-03 9.999904036521911621e-01 6.428705528378486633e-04 9.704208001494407654e-03 -4.878178588114678860e-04 -6.407736800611019135e-04 9.999996423721313477e-01 7.605341728776693344e-03 5.972768020629882812e+01
4.109217000000000000e+07 9.999921438971051124e-01 -3.962113026598906851e-03 -1.174919452717377194e-04 8.629007754532155294e-01 3.962119851180140317e-03 9.999921490955143710e-01 5.790976464919256014e-05 3.322945370948596384e-03 1.172615778196604738e-04 -5.837482687516593364e-05 9.999999914210508933e-01 1.042295875131672017e-02 9.999921321868896484e-01 -3.963569644838571548e-03 3.867145642288960516e-05 8.690611720085144043e-01 3.963330294936895370e-03 9.999847412109375000e-01 3.832357237115502357e-03 1.428961940109729767e-02 -5.385122494772076607e-05 -3.832165850326418877e-03 9.999926686286926270e-01 1.622510887682437897e-02 5.972262573242187500e+01
4.119579000000000000e+07 9.999914548426988015e-01 -4.132463616048413953e-03 -1.139549511534652617e-04 8.682723777717287206e-01 4.132469125878663989e-03 9.999914601532461367e-01 4.815795511745260283e-05 3.308482290780522667e-03 1.137549669946265660e-04 -4.862845892617465292e-05 9.999999923475401120e-01 1.054159505510293172e-02 9.999868273735046387e-01 -4.732504487037658691e-03 -1.957277534529566765e-03 8.641744256019592285e-01 4.734859801828861237e-03 9.999880790710449219e-01 1.177150756120681763e-03 1.165893580764532089e-02 1.951676444150507450e-03 -1.186417532153427601e-03 9.999974370002746582e-01 8.675802499055862427e-03 5.953849411010742188e+01
4.129942000000000000e+07 9.999878930423524714e-01 -4.919940596516260249e-03 -8.917763618114442977e-05 8.596893911669311050e-01 4.919947956158886478e-03 9.999878935795767365e-01 8.249725544812663370e-05 3.954815454195595610e-03 8.877067495304758675e-05 -8.293500599692741953e-05 9.999999926207757683e-01 1.024751540557610613e-02 9.999775886535644531e-01 -5.184646230190992355e-03 -4.247405100613832474e-03 8.704847693443298340e-01 5.163886118680238724e-03 9.999746680259704590e-01 -4.897658713161945343e-03 5.880807875655591488e-04 4.272694233804941177e-03 4.875621758401393890e-03 9.999789595603942871e-01 1.159972231835126877e-02 5.977417755126953125e+01
4.140316000000000000e+07 9.999829529946374640e-01 -5.838920051481058179e-03 -2.707080855414550202e-05 8.649971385677112101e-01 5.838922475826352140e-03 9.999829492644820572e-01 9.035873627662292676e-05 4.435953108798041181e-03 2.654274954098603839e-05 -9.051526028293779109e-05 9.999999955512350880e-01 1.026351610026355644e-02 9.999731183052062988e-01 -6.043928675353527069e-03 -4.155356902629137039e-03 8.700720667839050293e-01 6.035255733877420425e-03 9.999796152114868164e-01 -2.080262871459126472e-03 -1.013790490105748177e-03 4.167840350419282913e-03 2.055135322734713554e-03 9.999891519546508789e-01 1.786059513688087463e-02 5.977516937255859375e+01
4.150679000000000000e+07 9.999729677936013417e-01 -7.352785146339682262e-03 1.533559177043037551e-05 8.708660266543144512e-01 7.352784009740384943e-03 9.999729652623136067e-01 7.289947643671629957e-05 5.722451935771980663e-03 -1.587119133916977992e-05 -7.278474651444566423e-05 9.999999972252431313e-01 1.022969839406442233e-02 9.999678730964660645e-01 -7.577594369649887085e-03 -2.636666642501950264e-03 8.783435225486755371e-01 7.573876064270734787e-03 9.999703764915466309e-01 -1.407708507031202316e-03 1.808282569982111454e-03 2.647262997925281525e-03 1.387693569995462894e-03 9.999955892562866211e-01 1.646027155220508575e-02 5.981727981567382812e+01
4.161054000000000000e+07 9.999673064912846243e-01 -8.086066081433137404e-03 3.853492839677336588e-05 8.843851914932323588e-01 8.086063767173360534e-03 9.999673054621270873e-01 5.983824057463586082e-05 6.359858196078666676e-03 -3.901752447484037106e-05 -5.952468836934536578e-05 9.999999974672221237e-01 1.053135643356778971e-02 9.999576210975646973e-01 -9.010912850499153137e-03 1.849343650974333286e-03 8.867039680480957031e-01 9.010464884340763092e-03 9.999593496322631836e-01 2.745146630331873894e-04 8.260360918939113617e-03 -1.851747627370059490e-03 -2.578427083790302277e-04 9.999982118606567383e-01 8.632314391434192657e-03 5.973961639404296875e+01
4.171417000000000000e+07 9.999674178701959404e-01 -8.072303427774169676e-03 3.341679421251134250e-05 8.837929405129626437e-01 8.072301437884631808e-03 9.999674166886736160e-01 5.926023675394221442e-05 6.340567561727214300e-03 -3.389407198546627803e-05 -5.898855549866130975e-05 9.999999976857711914e-01 1.051571980159486663e-02 9.999516606330871582e-01 -8.163425140082836151e-03 5.479045212268829346e-03 8.924002051353454590e-01 8.144659921526908875e-03 9.999608993530273438e-01 3.434106241911649704e-03 1.400615926831960678e-02 -5.506873596459627151e-03 -3.389313351362943649e-03 9.999790787696838379e-01 1.182446442544460297e-02 5.940752029418945312e+01
4.181792000000000000e+07 9.999711623337044220e-01 -7.594220323048686376e-03 4.814963244208806889e-05 8.995567185305204383e-01 7.594217917283816073e-03 9.999711622635726327e-01 4.995184309788561021e-05 5.789474175277140207e-03 -4.852758921952795071e-05 -4.958474380013188330e-05 9.999999975932131191e-01 1.099020814113445266e-02 9.999466538429260254e-01 -8.214210160076618195e-03 6.260557100176811218e-03 9.019414186477661133e-01 8.196583949029445648e-03 9.999624490737915039e-01 2.839055145159363747e-03 1.273323874920606613e-02 -6.283635273575782776e-03 -2.787590492516756058e-03 9.999763369560241699e-01 1.437751203775405884e-02 5.936147308349609375e+01
4.192154000000000000e+07 9.999695595287565464e-01 -7.802485635309375049e-03 3.514412473665652452e-05 8.876243257536342579e-01 7.802483628289208668e-03 9.999695585438265200e-01 5.688786471229447049e-05 6.053915473377417117e-03 -3.558692163586179289e-05 -5.661192156704295052e-05 9.999999977643306837e-01 1.063939217409504319e-02 9.999393820762634277e-01 -8.356346748769283295e-03 7.179519627243280411e-03 9.095800518989562988e-01 8.329332806169986725e-03 9.999581575393676758e-01 3.780279541388154030e-03 1.785126514732837677e-02 -7.210812065750360489e-03 -3.720253240317106247e-03 9.999670982360839844e-01 1.378647517412900925e-02 5.963657760620117188e+01
4.202530000000000000e+07 9.999735833614381564e-01 -7.268471214340926391e-03 4.363786316697665845e-05 9.011538583507091582e-01 7.268469025860874698e-03 9.999735830743736731e-01 5.010180403445803170e-05 5.441277439571368460e-03 -4.400087391763989964e-05 -4.978330004902216215e-05 9.999999977927730432e-01 1.104669754552703095e-02 9.999609589576721191e-01 -8.262624032795429230e-03 3.118210472166538239e-03 9.063690304756164551e-01 8.256295695900917053e-03 9.999638795852661133e-01 2.012745942920446396e-03 1.318447757512331009e-02 -3.134733065962791443e-03 -1.986921997740864754e-03 9.999930858612060547e-01 2.134093455970287323e-02 5.891862487792968750e+01
4.212892000000000000e+07 9.999632207552984209e-01 -8.576329477208662067e-03 6.092395234262290625e-05 9.046200345615931226e-01 8.576327269692256283e-03 9.999632219675398392e-01 3.640328283438049934e-05 6.779259242811174965e-03 -6.123391821730800268e-05 -3.587944021193926824e-05 9.999999974815365622e-01 1.108679877648362927e-02 9.999548792839050293e-01 -9.099129587411880493e-03 -2.757872687652707100e-03 9.021275043487548828e-01 9.099707007408142090e-03 9.999585747718811035e-01 1.774281990947201848e-04 1.168901100754737854e-02 2.756147878244519234e-03 -2.025162684731185436e-04 9.999961853027343750e-01 1.482717692852020264e-02 5.935148620605468750e+01
4.223267000000000000e+07 9.999661083933122363e-01 -8.232885417670213202e-03 4.078869075493601437e-05 8.842156532161932203e-01 8.232883133624344096e-03 9.999661076842272234e-01 5.585201791076372627e-05 6.492838572098501293e-03 -4.124713158687521902e-05 -5.551431647837407643e-05 9.999999976084174014e-01 1.051667220068596559e-02 9.999297857284545898e-01 -9.062347002327442169e-03 -7.631128188222646713e-03 8.952921628952026367e-01 9.051179513335227966e-03 9.999578595161437988e-01 -1.500770798884332180e-03 1.401168759912252426e-02 7.644406985491514206e-03 1.431594602763652802e-03 9.999698400497436523e-01 7.916808128356933594e-03 5.850255966186523438e+01
4.233629000000000000e+07 9.999635644073118224e-01 -8.536216542862065312e-03 5.351125329348632004e-05 8.929865883319803022e-01 8.536214106197323806e-03 9.999635648201847804e-01 4.559975955783163789e-05 6.762538418725504152e-03 -5.389855303122742546e-05 -4.514131457890512781e-05 9.999999975286038012e-01 1.074868403790053308e-02 9.999191164970397949e-01 -9.100398048758506775e-03 -8.879597298800945282e-03 8.891781568527221680e-01 9.100374765694141388e-03 9.999586343765258789e-01 -5.018028241465799510e-05 3.869692562147974968e-03 8.879686705768108368e-03 -3.062622636207379401e-05 9.999605417251586914e-01 -1.663190079852938652e-03 5.876063919067382812e+01
4.244004000000000000e+07 9.999670604421108111e-01 -8.116369617153104676e-03 5.075709526601574737e-05 9.017913418607343967e-01 8.116367379489744516e-03 9.999670607743695872e-01 4.413740420038612787e-05 6.319795734317706914e-03 -5.111365884610031993e-05 -4.372398710955042474e-05 9.999999977378034588e-01 1.102513501104410154e-02 9.999411106109619141e-01 -8.360076695680618286e-03 -6.923535373061895370e-03 8.921524286270141602e-01 8.329971693456172943e-03 9.999557733535766602e-01 -4.366284236311912537e-03 -7.824742351658642292e-04 6.959735881537199020e-03 4.308356903493404388e-03 9.999665021896362305e-01 -2.390802837908267975e-03 5.846700668334960938e+01
4.254379000000000000e+07 9.999667289380480550e-01 -8.157062000026409077e-03 5.790441468680453482e-05 9.068215531905268190e-01 8.157059689757138049e-03 9.999667298324771414e-01 4.002265127843620098e-05 6.348186939140049168e-03 -5.822895546241028643e-05 -3.954898989017764806e-05 9.999999975226329108e-01 1.116927624546785493e-02 9.999496340751647949e-01 -8.547215722501277924e-03 -5.261173006147146225e-03 8.954774141311645508e-01 8.517823182046413422e-03 9.999482035636901855e-01 -5.572089459747076035e-03 -3.559263190254569054e-03 5.308527965098619461e-03 5.526999011635780334e-03 9.999706149101257324e-01 -3.173819975927472115e-03 6.106313705444335938e+01
4.264742000000000000e+07 9.999713328239984156e-01 -7.571655995397576049e-03 5.964348299756533519e-05 9.092495212290263584e-01 7.571653443717328742e-03 9.999713337021346460e-01 4.289246684527999229e-05 5.723771745565847668e-03 -5.996654023410041671e-05 -4.243963746907276571e-05 9.999999973014457311e-01 1.126102761373343197e-02 9.999650120735168457e-01 -8.201248012483119965e-03 1.628265250474214554e-03 9.057454466819763184e-01 8.213999681174755096e-03 9.999345541000366211e-01 -7.961736992001533508e-03 -7.230324205011129379e-03 -1.562863937579095364e-03 7.974836044013500214e-03 9.999669790267944336e-01 -3.605973906815052032e-03 5.832473754882812500e+01
4.275118000000000000e+07 9.999572354352217474e-01 -9.247804699986048385e-03 7.357134211690785977e-05 9.168493559378693147e-01 9.247803525526723453e-03 9.999572380199190924e-01 1.628775409557620027e-05 7.439760982674886031e-03 -7.371882202303033441e-05 -1.560668426981962509e-05 9.999999971609834226e-01 1.142778741088293186e-02 9.999459385871887207e-01 -9.448926895856857300e-03 4.350335802882909775e-03 9.186086654663085938e-01 9.469696320593357086e-03 9.999436140060424805e-01 -4.796073772013187408e-03 -2.531697787344455719e-02 -4.304768517613410950e-03 4.837001673877239227e-03 9.999790787696838379e-01 1.105492468923330307e-02 5.817417526245117188e+01
4.285479000000000000e+07 9.999584726435908344e-01 -9.112995898435191297e-03 7.934625397823953088e-05 9.279279000280569178e-01 9.112995299665896734e-03 9.999584757658499523e-01 7.904564420649138722e-06 7.283702633378847172e-03 -7.941499344748479414e-05 -7.181154140904512644e-06 9.999999968208449497e-01 1.176853329459925761e-02 9.999269247055053711e-01 -9.352847933769226074e-03 7.652290631085634232e-03 9.250702857971191406e-01 9.383105672895908356e-03 9.999483227729797363e-01 -3.930022474378347397e-03 -1.811422966420650482e-02 -7.615139242261648178e-03 4.001546185463666916e-03 9.999629855155944824e-01 1.175755355507135391e-02 5.816358566284179688e+01
4.295854000000000000e+07 9.999641497187382599e-01 -8.467219397142200857e-03 7.400076227435191238e-05 9.234035732459682233e-01 8.467217747358845789e-03 9.999641522159458118e-01 2.257907401504761916e-05 6.605785577959457505e-03 -7.418929147618973249e-05 -2.195168400882053844e-05 9.999999970070364563e-01 1.163716010696288009e-02 9.999508857727050781e-01 -9.175595827400684357e-03 3.764026332646608353e-03 9.259595870971679688e-01 9.185132570564746857e-03 9.999546408653259277e-01 -2.502685412764549255e-03 -2.265686355531215668e-02 -3.740892512723803520e-03 2.537135034799575806e-03 9.999898076057434082e-01 1.390362437814474106e-02 5.807398223876953125e+01
4.306229000000000000e+07 9.999705893059176454e-01 -7.669116975472105996e-03 7.190627117780740835e-05 9.258912795481141211e-01 7.669115072897931401e-03 9.999705915494497832e-01 2.669759089114835367e-05 5.745520572424396566e-03 -7.210890346461545236e-05 -2.614534825199835285e-05 9.999999970583635100e-01 1.174265742165522992e-02 9.999631643295288086e-01 -8.015444502234458923e-03 3.055010922253131866e-03 9.256529808044433594e-01 8.014366962015628815e-03 9.999678134918212891e-01 3.547992091625928879e-04 -5.191973410546779633e-03 -3.057767171412706375e-03 -3.303050179965794086e-04 9.999952316284179688e-01 8.136996999382972717e-03 5.879180908203125000e+01
4.316606000000000000e+07 9.999650267172036644e-01 -8.362915436342098149e-03 8.357796434709714750e-05 9.413286006197638667e-01 8.362914898414780876e-03 9.999650301914531081e-01 6.783646160215504127e-06 6.443105432258758487e-03 -8.363177270286599268e-05 -6.084453484727135616e-06 9.999999964843528932e-01 1.218070788246579036e-02 9.999656081199645996e-01 -8.272029459476470947e-03 5.517665995284914970e-04 9.813978075981140137e-01 8.269508369266986847e-03 9.999557137489318848e-01 4.489975981414318085e-03 -3.321141004562377930e-02 -5.888841697014868259e-04 -4.485260695219039917e-03 9.999898076057434082e-01 7.423729449510574341e-02 5.869116973876953125e+01
4.326979000000000000e+07 9.999752713150211747e-01 -7.032163846584195237e-03 7.369793912260613322e-05 9.406800184243324647e-01 7.032162372105458213e-03 9.999752738361722404e-01 2.024712603507975681e-05 5.017231323641012028e-03 -7.383849795929142961e-05 -1.972836948953153905e-05 9.999999970793338466e-01 1.218135658707159008e-02 9.999685883522033691e-01 -7.665569894015789032e-03 2.006869995966553688e-03 1.003769397735595703e+00 7.654946297407150269e-03 9.999569058418273926e-01 5.256351549178361893e-03 -3.586421161890029907e-02 -2.047074027359485626e-03 -5.240832455456256866e-03 9.999841451644897461e-01 9.205868095159530640e-02 5.874278259277343750e+01
4.337356000000000000e+07 9.999822898141731420e-01 -5.951101383990350241e-03 6.670382544987482263e-05 9.533491100952067310e-01 5.951101124344587018e-03 9.999822920320925457e-01 4.090323445406329181e-06 3.930698438399279383e-03 -6.672698619079299399e-05 -3.693289784071870815e-06 9.999999977669343787e-01 1.258271315388435202e-02 9.999819397926330566e-01 -5.828682798892259598e-03 1.411002944223582745e-03 1.004665136337280273e+00 5.832340102642774582e-03 9.999794960021972656e-01 -2.646402455866336823e-03 -5.148556828498840332e-02 -1.395552884787321091e-03 2.654585288837552071e-03 9.999955296516418457e-01 9.587366133928298950e-02 5.913891220092773438e+01
4.347733000000000000e+07 9.999834705699903736e-01 -5.749495103458069668e-03 4.352186168062502467e-05 9.422820117117530758e-01 5.749494639026297114e-03 9.999834714615520870e-01 1.078883406237731765e-05 3.841656815753132729e-03 -4.358317267406385562e-05 -1.053842702853244658e-05 9.999999989947243595e-01 1.231292294255528774e-02 9.999842047691345215e-01 -5.565750878304243088e-03 -8.389379363507032394e-04 9.834129810333251953e-01 5.566888954490423203e-03 9.999837279319763184e-01 1.233832444995641708e-03 -3.467203676700592041e-02 8.320627384819090366e-04 -1.238470198586583138e-03 9.999988079071044922e-01 7.168190181255340576e-02 5.956739044189453125e+01
4.358104000000000000e+07 9.999844751189508330e-01 -5.572038045036159341e-03 4.374392651538202572e-05 9.504857688360893730e-01 5.572038094130466086e-03 9.999844760749572181e-01 -1.000519296114788743e-06 3.670297656904609150e-03 -4.373767250644960817e-05 1.244246584726164189e-06 9.999999990427339558e-01 1.254111379551663304e-02 9.999771118164062500e-01 -5.473875440657138824e-03 -3.979336004704236984e-03 9.780562520027160645e-01 5.465750582516193390e-03 9.999829530715942383e-01 -2.045580884441733360e-03 -3.299520537257194519e-02 3.990464378148317337e-03 2.023783046752214432e-03 9.999900460243225098e-01 5.807794257998466492e-02 5.900931167602539062e+01
4.368494000000000000e+07 9.999808568389972896e-01 -6.187174222397434815e-03 6.949633284484309085e-05 9.503470436000689414e-01 6.187173452294632107e-03 9.999808591949370662e-01 1.129073461131110126e-05 4.128523422181978007e-03 -6.956486037291614085e-05 -1.086053259471918254e-05 9.999999975213894610e-01 1.248342638384852994e-02 9.999619126319885254e-01 -6.561387330293655396e-03 -5.755270365625619888e-03 9.786148071289062500e-01 6.553965620696544647e-03 9.999775886535644531e-01 -1.287564169615507126e-03 -3.407035395503044128e-02 5.763591732829809189e-03 1.249779947102069855e-03 9.999825954437255859e-01 6.347333639860153198e-02 5.927686309814453125e+01
4.378869000000000000e+07 9.999862805508450414e-01 -5.238108094881111648e-03 3.055840721534979322e-05 9.558607167209121069e-01 5.238108376528492413e-03 9.999862809744778369e-01 -9.143947918652296046e-06 3.416322786891393907e-03 -3.051009099642179050e-05 9.303890716696421777e-06 9.999999994912860402e-01 1.268653496605356111e-02 9.999860525131225586e-01 -5.220034159719944000e-03 7.617719238623976707e-04 9.785072207450866699e-01 5.220585037022829056e-03 9.999862909317016602e-01 -6.152840214781463146e-04 -2.296751737594604492e-02 -7.585451821796596050e-04 6.192600121721625328e-04 9.999995231628417969e-01 4.254081472754478455e-02 5.954473495483398438e+01
4.389243000000000000e+07 9.999850007618811265e-01 -5.476822240463699414e-03 5.166325029897490232e-05 9.672200232547929488e-01 5.476822827512381649e-03 9.999850020301926934e-01 -1.122835963371269388e-05 3.549477012377506239e-03 -5.160097972468585359e-05 1.151114168842857688e-05 9.999999986024162846e-01 1.281525156671123843e-02 9.999758005142211914e-01 -5.235585849732160568e-03 4.584722686558961868e-03 9.849155545234680176e-01 5.217748228460550308e-03 9.999787807464599609e-01 3.885079408064484596e-03 -1.443538442254066467e-02 -4.604974761605262756e-03 -3.861061530187726021e-03 9.999819397926330566e-01 4.729999601840972900e-02 5.945686340332031250e+01
4.399606000000000000e+07 9.999849305837020808e-01 -5.489629309707893222e-03 5.075716927850920798e-05 9.669425273145939581e-01 5.489629549947605026e-03 9.999849318599904890e-01 -4.595010926154166012e-06 3.564954872487460704e-03 -5.073117955635523006e-05 4.873579731527940892e-06 9.999999987012978542e-01 1.281708090139004226e-02 9.999663233757019043e-01 -5.132369231432676315e-03 6.401347927749156952e-03 9.844540357589721680e-01 5.117159336805343628e-03 9.999841451644897461e-01 2.390058478340506554e-03 -6.310178898274898529e-03 -6.413508672267198563e-03 -2.357212360948324203e-03 9.999765753746032715e-01 3.844989836215972900e-02 6.046096038818359375e+01
4.409996000000000000e+07 9.999830003851108984e-01 -5.830503014522421361e-03 6.462671096903040786e-05 9.677960543794713599e-01 5.830503134534707928e-03 9.999830024713600718e-01 -1.668758422948121421e-06 3.819394721267993075e-03 -6.461588277403375379e-05 2.045536282025748370e-06 9.999999979103018077e-01 1.283142825347097574e-02 9.999822974205017090e-01 -5.742143373936414719e-03 -1.556298695504665375e-03 9.809476733207702637e-01 5.740979686379432678e-03 9.999831914901733398e-01 -7.692432263866066933e-04 -1.166783180087804794e-02 1.560692675411701202e-03 7.602905970998108387e-04 9.999985098838806152e-01 4.160162433981895447e-02 5.973318481445312500e+01
4.420356000000000000e+07 9.999843607859807415e-01 -5.592488999957462813e-03 4.742079739461942643e-05 9.587498878951234982e-01 5.592489334859719781e-03 9.999843618844599380e-01 -6.932691728044112825e-06 3.657143208441391603e-03 -4.738128481857795560e-05 7.197783622645910929e-06 9.999999988516028449e-01 1.272671030345242163e-02 9.999730587005615234e-01 -5.443314090371131897e-03 -4.913005512207746506e-03 9.630243778228759766e-01 5.457194987684488297e-03 9.999811649322509766e-01 2.812577178701758385e-03 -2.738441980909556150e-04 4.897603765130043030e-03 -2.839314984157681465e-03 9.999839663505554199e-01 3.253935649991035461e-02 5.964060974121093750e+01
4.430730000000000000e+07 9.999850562621108718e-01 -5.466715505060209396e-03 4.769367922462181073e-05 9.583188867949788969e-01 5.466715934023919435e-03 9.999850573578012991e-01 -8.868417967208190675e-06 3.573908178499674015e-03 -4.764448543808024285e-05 9.129013230507584595e-06 9.999999988233321258e-01 1.272398806776496236e-02 9.999724030494689941e-01 -5.644896067678928375e-03 -4.826575051993131638e-03 9.749346375465393066e-01 5.646679550409317017e-03 9.999839663505554199e-01 3.541022888384759426e-04 -3.062572563067078590e-03 4.824492614716291428e-03 -3.813510993495583534e-04 9.999883174896240234e-01 3.581382334232330322e-02 5.987126541137695312e+01
4.441104000000000000e+07 9.999860084741548638e-01 -5.289710632971204515e-03 4.263759827460981728e-05 9.629663117225826241e-01 5.289711230964626656e-03 9.999860092830398228e-01 -1.392447803085654806e-05 3.424793787499632106e-03 -4.256334528618165101e-05 1.414982378364107012e-05 9.999999989940721035e-01 1.276790395989017661e-02 9.999815225601196289e-01 -5.680004600435495377e-03 -2.172648441046476364e-03 9.682477712631225586e-01 5.666848737746477127e-03 9.999660849571228027e-01 -5.969809368252754211e-03 -1.263943593949079514e-02 2.206484787166118622e-03 5.957393441349267960e-03 9.999798536300659180e-01 2.611866034567356110e-02 6.068281555175781250e+01
4.451479000000000000e+07 9.999837800949080702e-01 -5.695281071810379646e-03 5.762580410774762976e-05 9.632531807831602455e-01 5.695281496115430810e-03 9.999837817269524587e-01 -7.201690720585320327e-06 3.727113016927288344e-03 -5.758385386403339399e-05 7.529769084448386604e-06 9.999999983137012327e-01 1.277665624740062164e-02 9.999813437461853027e-01 -5.747067742049694061e-03 2.073311014100909233e-03 9.734192490577697754e-01 5.755438935011625290e-03 9.999752044677734375e-01 -4.066347144544124603e-03 -1.160002406686544418e-02 -2.049886388704180717e-03 4.078195895999670029e-03 9.999895691871643066e-01 2.810301072895526886e-02 5.992809677124023438e+01
4.461854000000000000e+07 9.999845969764574738e-01 -5.550051180130057861e-03 5.236521754546564800e-05 9.625093081721812771e-01 5.550051533018179363e-03 9.999845983238236924e-01 -6.596071888036008988e-06 3.626683938061299114e-03 -5.232780249724482629e-05 6.886599940857683168e-06 9.999999986071879121e-01 1.276521164451645263e-02 9.999817609786987305e-01 -6.017740815877914429e-03 5.239019519649446011e-04 9.646313190460205078e-01 6.020964123308658600e-03 9.999631047248840332e-01 -6.123363040387630463e-03 -7.588629610836505890e-03 -4.870326083619147539e-04 6.126413121819496155e-03 9.999810457229614258e-01 2.457186207175254822e-02 5.977100753784179688e+01
4.472233000000000000e+07 9.999800743847508944e-01 -6.312223457618682150e-03 8.166298340349854477e-05 9.646432833036626686e-01 6.312222787855855353e-03 9.999800776877079134e-01 8.456689451010683439e-06 4.178526100642412922e-03 -8.171473700110773615e-05 -7.941046006081965781e-06 9.999999966298207532e-01 1.281785473045642110e-02 9.999758005142211914e-01 -6.939893122762441635e-03 -3.928898659069091082e-04 9.687789678573608398e-01 6.937825586646795273e-03 9.999648928642272949e-01 -4.711024928838014603e-03 -7.567704655230045319e-03 4.255653766449540854e-04 4.708182532340288162e-03 9.999889135360717773e-01 2.429995127022266388e-02 5.993641662597656250e+01
4.482616000000000000e+07 9.999821997502421622e-01 -5.966264520079233788e-03 6.221753341962915022e-05 9.582812586064168858e-01 5.966264511489786926e-03 9.999822016857862206e-01 3.236589497802807426e-07 3.940135561698440356e-03 -6.221835708731271474e-05 4.755306599139457232e-08 9.999999980644369568e-01 1.273126682516624933e-02 9.999805092811584473e-01 -6.090029608458280563e-03 1.381886540912091732e-03 9.626705050468444824e-01 6.099134683609008789e-03 9.999596476554870605e-01 -6.589103024452924728e-03 -1.060685049742460251e-02 -1.341699040494859219e-03 6.597410887479782104e-03 9.999773502349853516e-01 2.206915244460105896e-02 5.990185546875000000e+01
4.492979000000000000e+07 9.999859849447929605e-01 -5.294131314757835778e-03 4.568251300249433992e-05 9.633700136594490759e-01 5.294131864024362137e-03 9.999859859144084595e-01 -1.191102475463606645e-05 3.434210939034116131e-03 -4.561881427306107000e-05 1.215270707491038991e-05 9.999999988856177469e-01 1.277156219127691464e-02 9.999827742576599121e-01 -5.674793850630521774e-03 1.491192961111664772e-03 9.618332982063293457e-01 5.673103500157594681e-03 9.999832510948181152e-01 1.124809146858751774e-03 -3.766779627767391503e-05 -1.497550634667277336e-03 -1.116331317462027073e-03 9.999982714653015137e-01 2.520088665187358856e-02 5.977465438842773438e+01
4.503354000000000000e+07 9.999882239354012103e-01 -4.853033669735298122e-03 7.377103551172728573e-06 9.438752676321636725e-01 4.853033774724964389e-03 9.999882238601255358e-01 -1.428118007129787351e-05 3.182977550085857536e-03 -7.307709628753867074e-06 1.431681322834725217e-05 9.999999998708131166e-01 1.242800383924136561e-02 9.999893307685852051e-01 -4.459098447114229202e-03 1.233970513567328453e-03 9.606306552886962891e-01 4.456771537661552429e-03 9.999883174896240234e-01 1.894105458632111549e-03 5.955885164439678192e-03 -1.242398517206311226e-03 -1.888590399175882339e-03 9.999973773956298828e-01 2.317085675895214081e-02 5.954297637939453125e+01
4.513734000000000000e+07 9.999854958051216380e-01 -5.385811084829957192e-03 3.489661089023338392e-05 9.459576935352381755e-01 5.385811105468826278e-03 9.999854964137823155e-01 -4.974820404066699084e-07 3.573016868706382909e-03 -3.489342541987829304e-05 6.854213830000886142e-07 9.999999993909894913e-01 1.243828303138013944e-02 9.999796152114868164e-01 -5.796077195554971695e-03 -2.691748086363077164e-03 9.507144093513488770e-01 5.793645046651363373e-03 9.999828338623046875e-01 -9.037748095579445362e-04 1.234745024703443050e-03 2.696939045563340187e-03 8.881592657417058945e-04 9.999959468841552734e-01 2.168270200490951538e-02 5.947859191894531250e+01
4.524104000000000000e+07 9.999855957317169697e-01 -5.367242679156503972e-03 3.219526118973326586e-05 9.424277188771129632e-01 5.367242577728858176e-03 9.999855962453003677e-01 3.235964338866743443e-06 3.559299656735168994e-03 -3.221216566215807312e-05 -3.063117959081418478e-06 9.999999994764968703e-01 1.232718418853366235e-02 9.999858140945434570e-01 -5.250409245491027832e-03 -8.804881945252418518e-04 9.571855068206787109e-01 5.252903327345848083e-03 9.999820590019226074e-01 2.880825893953442574e-03 8.575091138482093811e-03 8.653384284116327763e-04 -2.885404508560895920e-03 9.999954700469970703e-01 2.057051472365856171e-02 5.968249511718750000e+01
4.534481000000000000e+07 9.999872696917467829e-01 -5.045769378228663962e-03 2.582689097341669466e-05 9.538425111347006435e-01 5.045769879341228600e-03 9.999872698350485978e-01 -1.937450160324886734e-05 3.289191439490837289e-03 -2.572880293055274944e-05 1.950457150228699060e-05 9.999999994788002500e-01 1.266792666403927098e-02 9.999834895133972168e-01 -5.558029282838106155e-03 1.435658428817987442e-03 9.514304399490356445e-01 5.565532017499208450e-03 9.999706745147705078e-01 -5.258730612695217133e-03 -1.790150883607566357e-03 -1.406388357281684875e-03 5.266636144369840622e-03 9.999850988388061523e-01 1.378739904612302780e-02 6.024720001220703125e+01
4.544854000000000000e+07 9.999818866051554123e-01 -6.018568783652734899e-03 5.736968859316588485e-05 9.341354322058392778e-01 6.018567297119768733e-03 9.999818879204916966e-01 2.604899057704482073e-05 4.076458882729373789e-03 -5.752542715080782322e-05 -2.570323540873601016e-05 9.999999980150844348e-01 1.204495239149844937e-02 9.999754428863525391e-01 -6.752186920493841171e-03 1.875973772257566452e-03 9.516499042510986328e-01 6.749062798917293549e-03 9.999758601188659668e-01 1.678655738942325115e-03 5.267134401947259903e-03 -1.887264545075595379e-03 -1.665956224314868450e-03 9.999968409538269043e-01 2.404061332345008850e-02 5.929004669189453125e+01
4.555229000000000000e+07 9.999874790998900531e-01 -5.004132748564996992e-03 1.724641812442826648e-05 9.426752172561737586e-01 5.004132898845155102e-03 9.999874792101738352e-01 -8.681593591696218059e-06 3.312478049167056487e-03 -1.720275833633436998e-05 8.767788263619678745e-06 9.999999998135954415e-01 1.238050564019830407e-02 9.999852180480957031e-01 -4.866296425461769104e-03 -2.431519329547882080e-03 9.448029398918151855e-01 4.864695947617292404e-03 9.999879002571105957e-01 -6.610266864299774170e-04 4.441963974386453629e-03 2.434713300317525864e-03 6.491860258392989635e-04 9.999969005584716797e-01 1.969078183174133301e-02 5.885408020019531250e+01
4.565617000000000000e+07 9.999848909606688929e-01 -5.497000262960826875e-03 2.894873162425089610e-05 9.332159225005882686e-01 5.496999791956174927e-03 9.999848912490271191e-01 1.632481309029797328e-05 3.716398633100378643e-03 -2.903803174828043909e-05 -1.616543526391804646e-05 9.999999994477356546e-01 1.207083127543233554e-02 9.999819397926330566e-01 -6.004023365676403046e-03 -3.628213016781955957e-04 9.478927850723266602e-01 6.002526730298995972e-03 9.999739527702331543e-01 -4.015893209725618362e-03 -2.950464840978384018e-03 3.869227075483649969e-04 4.013645462691783905e-03 9.999918937683105469e-01 1.661737635731697083e-02 5.886307144165039062e+01
4.575992000000000000e+07 9.999887964819427211e-01 -4.733593427375966563e-03 1.959166723891610079e-06 9.452212263362417266e-01 4.733593465608513899e-03 9.999887962838149846e-01 -1.999318116327181946e-05 3.096099776682074284e-03 -1.864505182905077631e-06 2.000223106811666285e-05 9.999999997982171873e-01 1.248124546913597852e-02 9.999843239784240723e-01 -4.443104844540357590e-03 3.412778489291667938e-03 9.508533477783203125e-01 4.433614667505025864e-03 9.999862313270568848e-01 2.775019034743309021e-03 5.252550356090068817e-03 -3.425058908760547638e-03 -2.759849885478615761e-03 9.999903440475463867e-01 1.886342652142047882e-02 5.960486221313476562e+01
4.586367000000000000e+07 9.999913732215512940e-01 -4.153624524018658185e-03 -2.976860638220930731e-05 9.376704120898787798e-01 4.153623699609280615e-03 9.999913732843485059e-01 -2.770244295730109137e-05 2.726128835677014538e-03 2.988341512081779829e-05 2.757855638822147485e-05 9.999999991732023696e-01 1.234466938411624484e-02 9.999882578849792480e-01 -3.621632233262062073e-03 3.218085039407014847e-03 9.497234225273132324e-01 3.598459996283054352e-03 9.999679327011108398e-01 7.161578163504600525e-03 1.228022668510675430e-02 -3.243922255933284760e-03 -7.149910554289817810e-03 9.999691247940063477e-01 2.454411797225475311e-02 5.896931076049804688e+01
4.596742000000000000e+07 9.999940615288905876e-01 -3.445921093253684949e-03 -5.034530070913281952e-05 9.429516161762780957e-01 3.445918553517989761e-03 9.999940615325534354e-01 -5.044628143408563537e-05 2.254443848401507106e-03 5.051883564227129469e-05 5.027249605270423237e-05 9.999999974602616915e-01 1.256124881025768962e-02 9.999912381172180176e-01 -4.039632156491279602e-03 1.090416801162064075e-03 9.480180740356445312e-01 4.038380458950996399e-03 9.999911189079284668e-01 1.167591079138219357e-03 4.042199812829494476e-03 -1.095124403946101665e-03 -1.163183362223207951e-03 9.999986886978149414e-01 1.591386646032333374e-02 5.877920150756835938e+01
4.607129000000000000e+07 9.999965620007221778e-01 -2.622005769921102302e-03 -3.274777732174782537e-05 9.478879263972167513e-01 2.622004173164517709e-03 9.999965613549116616e-01 -4.870735946345624049e-05 1.827572684590616364e-03 3.287537569245601275e-05 4.862132719802076037e-05 9.999999982775881202e-01 1.253226577423082258e-02 9.999855756759643555e-01 -2.726234495639801025e-03 4.608074203133583069e-03 9.488264322280883789e-01 2.738476032391190529e-03 9.999927878379821777e-01 -2.651155693456530571e-03 -3.485275665298104286e-03 -4.600820597261190414e-03 2.663738327100872993e-03 9.999858736991882324e-01 1.522268448024988174e-02 5.808848190307617188e+01
4.617505000000000000e+07 9.999970275440877021e-01 -2.437803306764367052e-03 -4.492618165363059028e-05 9.326010481712868616e-01 2.437800994491963989e-03 9.999970272352837197e-01 -5.145135356614355892e-05 1.818036057138247780e-03 4.505147637146018842e-05 5.134167954513264354e-05 9.999999976671983815e-01 1.237486838953182067e-02 9.999937415122985840e-01 -2.838682616129517555e-03 2.141549484804272652e-03 9.409911036491394043e-01 2.832444617524743080e-03 9.999917745590209961e-01 2.911561401560902596e-03 2.624845365062355995e-03 -2.149787265807390213e-03 -2.905472181737422943e-03 9.999934434890747070e-01 2.661705575883388519e-02 5.820550537109375000e+01
4.627879000000000000e+07 9.999982872546010482e-01 -1.850338714565129923e-03 -4.164832509249747581e-05 9.304166947172791691e-01 1.850336581190859713e-03 9.999982868149190907e-01 -5.120391033679066767e-05 1.527492168228426934e-03 4.174299831670552191e-05 5.112675921980556581e-05 9.999999978217883889e-01 1.228578422648177529e-02 9.999739527702331543e-01 -2.025822410359978676e-03 -6.925255991518497467e-03 9.400607347488403320e-01 2.023790497332811356e-03 9.999979138374328613e-01 -3.134115831926465034e-04 -2.488524653017520905e-03 6.925870664417743683e-03 2.993879606947302818e-04 9.999760389328002930e-01 2.435362152755260468e-02 5.798860931396484375e+01
4.638267000000000000e+07 9.999997701896319313e-01 -6.772853426357404363e-04 -3.008731115244013242e-05 9.278936138809382728e-01 6.772837966097565530e-04 9.999997693241123864e-01 -5.136515560892404841e-05 9.220828830992921100e-04 3.012209307916582530e-05 5.134476615627731831e-05 9.999999982281871924e-01 1.203008861429749089e-02 9.999721050262451172e-01 -1.124870264902710915e-03 -7.380562834441661835e-03 9.334835410118103027e-01 1.107710995711386204e-03 9.999967217445373535e-01 -2.305556554347276688e-03 -7.523224223405122757e-03 7.383137941360473633e-03 2.297311788424849510e-03 9.999700188636779785e-01 1.464988198131322861e-02 5.827068710327148438e+01
4.648654000000000000e+07 9.999999890022599480e-01 1.482971045458357810e-04 -1.857100949652739393e-06 9.429640398303348325e-01 -1.482971794633526326e-04 9.999999881876443508e-01 -4.040616189740006686e-05 3.830595941899279933e-04 1.851108810936203634e-06 4.040643685585479378e-05 9.999999991819465972e-01 1.201103031690606282e-02 9.999995827674865723e-01 6.812366191297769547e-04 -6.752412300556898117e-04 9.398329854011535645e-01 -6.814122898504137993e-04 9.999997615814208984e-01 -3.751941549126058817e-04 -4.251310136169195175e-03 6.749944877810776234e-04 3.756573132704943419e-04 9.999997615814208984e-01 1.422602776437997818e-02 5.785052871704101562e+01
4.659042000000000000e+07 9.999991424866392364e-01 1.309439941665804276e-03 1.982539595977613397e-05 9.381288854706287816e-01 -1.309438902691423354e-03 9.999991413153686004e-01 -5.232883097380181062e-05 -3.663528567989879511e-04 -1.989390039655475700e-05 5.230282595671659050e-05 9.999999984343236337e-01 1.179259835764263215e-02 9.999938011169433594e-01 1.307760830968618393e-03 3.266126848757266998e-03 9.457740187644958496e-01 -1.312022097408771515e-03 9.999982714653015137e-01 1.310228602960705757e-03 -1.818654011003673077e-03 -3.264411585405468941e-03 -1.314499182626605034e-03 9.999937415122985840e-01 1.633460819721221924e-02 5.780163192749023438e+01
4.669417000000000000e+07 9.999977944018491050e-01 2.100001675612742178e-03 3.441709114587506710e-05 9.353560405225074259e-01 -2.099999431541813098e-03 9.999977928792238568e-01 -6.510917856760754861e-05 -9.096111218526253773e-04 -3.455374456305514440e-05 6.503675909332517699e-05 9.999999972881293830e-01 1.166472881502239774e-02 9.999884963035583496e-01 1.793711562640964985e-03 4.438045434653759003e-03 9.505640268325805664e-01 -1.795258256606757641e-03 9.999982714653015137e-01 3.439579159021377563e-04 -3.421188797801733017e-03 -4.437426570802927017e-03 -3.519190649967640638e-04 9.999901056289672852e-01 1.560285408049821854e-02 5.776601409912109375e+01
4.679805000000000000e+07 9.999958982680546837e-01 2.863558782078548179e-03 5.897772500152076078e-05 9.548518733742226150e-01 -2.863555965598642977e-03 9.999958988736441512e-01 -4.778418570026965044e-05 -1.388919876226432952e-03 -5.911431594762674797e-05 4.761510369028952653e-05 9.999999971191498860e-01 1.171522712663993632e-02 9.999920129776000977e-01 3.419764572754502296e-03 2.078888937830924988e-03 9.544404745101928711e-01 -3.419492626562714577e-03 9.999941587448120117e-01 -1.447350223315879703e-04 -4.871194716542959213e-03 -2.079371130093932152e-03 1.376205764245241880e-04 9.999978542327880859e-01 1.711943373084068298e-02 5.809030532836914062e+01
4.690192000000000000e+07 9.999862529004340805e-01 5.242659964724004015e-03 9.234274520122823064e-05 9.488778105812675223e-01 -5.242655497325986527e-03 9.999862560087315888e-01 -4.855424678544946010e-05 -2.760259543891520513e-03 -9.259602944411681478e-05 4.806945811412420105e-05 9.999999945576513172e-01 1.156837723179786510e-02 9.999871253967285156e-01 5.049886181950569153e-03 -3.355320659466087818e-04 9.515103697776794434e-01 -5.049717612564563751e-03 9.999870657920837402e-01 5.466313450597226620e-04 -5.254724528640508652e-03 3.382849681656807661e-04 -5.449409363791346550e-04 9.999998211860656738e-01 1.772464625537395477e-02 5.867375946044921875e+01
4.700580000000000000e+07 9.999813271546229565e-01 6.110256351050733295e-03 1.005416229806944142e-04 9.519282644395390403e-01 -6.110252063209134152e-03 9.999813313150270888e-01 -4.289947239140866136e-05 -3.348825382098621992e-03 -1.008018727799180660e-04 4.228433666400058211e-05 9.999999940255085429e-01 1.164489661769190637e-02 9.999709725379943848e-01 6.419618614017963409e-03 -4.104408901184797287e-03 9.505569338798522949e-01 -6.403148174285888672e-03 9.999713897705078125e-01 4.003746435046195984e-03 -1.830969238653779030e-03 4.129995126277208328e-03 -3.977338317781686783e-03 9.999834895133972168e-01 1.722006499767303467e-02 5.882668685913085938e+01
4.710967000000000000e+07 9.999755678494792743e-01 6.989637831595035822e-03 9.309660201995792364e-05 9.487863243620651144e-01 -6.989633914416218397e-03 9.999755713142806091e-01 -4.233560327048264808e-05 -3.953607075655335770e-03 -9.339023832727276465e-05 4.168385775229218151e-05 9.999999947703596126e-01 1.170302959268659099e-02 9.999639987945556641e-01 7.419255562126636505e-03 -4.137802403420209885e-03 9.520053863525390625e-01 -7.409936282783746719e-03 9.999700188636779785e-01 2.275215694680809975e-03 -5.035035312175750732e-03 4.154557827860116959e-03 -2.244477858766913414e-03 9.999888539314270020e-01 1.466117054224014282e-02 5.918384170532226562e+01
4.721356000000000000e+07 9.999744246763087041e-01 7.151328139292402464e-03 9.219981051053343388e-05 9.537650660714210860e-01 -7.151324240961563772e-03 9.999744280497685489e-01 -4.254190938143221560e-05 -4.053745487304799035e-03 -9.250168392533880798e-05 4.188147064004531521e-05 9.999999948446905984e-01 1.176385776761928667e-02 9.999700188636779785e-01 7.350767962634563446e-03 -2.429668325930833817e-03 9.580838680267333984e-01 -7.353841327130794525e-03 9.999722242355346680e-01 -1.243793172761797905e-03 -8.089966140687465668e-03 2.420460106804966927e-03 1.261626835912466049e-03 9.999963045120239258e-01 1.309717725962400436e-02 5.922540664672851562e+01
4.731742000000000000e+07 9.999695500432979056e-01 7.803189104405333643e-03 9.604157040595601364e-05 9.561520403956782488e-01 -7.803184586411670426e-03 9.999695535707187055e-01 -4.732722562838162901e-05 -4.600505107308461988e-03 -9.640794958660365828e-05 4.657635438963461124e-05 9.999999942680750653e-01 1.190232496247633533e-02 9.999637603759765625e-01 8.457152172923088074e-03 8.777470211498439312e-04 9.632232189178466797e-01 -8.458172902464866638e-03 9.999634623527526855e-01 1.232867129147052765e-03 -5.880611948668956757e-03 -8.672949043102562428e-04 -1.240248675458133221e-03 9.999988079071044922e-01 1.510147657245397568e-02 5.998438262939453125e+01
4.742117000000000000e+07 9.999694502614911995e-01 7.815968319924851762e-03 9.583300369549389137e-05 9.750333651066689367e-01 -7.815964391518289908e-03 9.999694540315126057e-01 -4.129843404497552897e-05 -4.521448256804701596e-03 -9.615286363044502787e-05 4.054814505662101041e-05 9.999999945552374703e-01 1.208250249546694889e-02 9.999652504920959473e-01 8.335941471159458160e-03 2.451358595862984657e-04 9.654988646507263184e-01 -8.335741236805915833e-03 9.999648332595825195e-01 -8.221620228141546249e-04 -8.245074190199375153e-03 -2.519665285944938660e-04 8.200895972549915314e-04 9.999996423721313477e-01 1.589227467775344849e-02 5.926636886596679688e+01
4.752505000000000000e+07 9.999720712934455635e-01 7.473174142783187146e-03 9.111694772981521228e-05 9.544341683684822719e-01 -7.473170241202323205e-03 9.999720745456827098e-01 -4.308503080119832114e-05 -4.288324618039364086e-03 -9.143638518022916657e-05 4.240289504162246705e-05 9.999999949206910266e-01 1.183376247059820044e-02 9.999629259109497070e-01 7.847975939512252808e-03 3.552295034751296043e-03 9.697378277778625488e-01 -7.859515026211738586e-03 9.999638199806213379e-01 3.242290578782558441e-03 -3.052637679502367973e-03 -3.526727668941020966e-03 -3.270097775384783745e-03 9.999884963035583496e-01 1.258459780365228653e-02 5.929759979248046875e+01
4.762880000000000000e+07 9.999642751332317170e-01 8.452184198766404116e-03 9.506952363434142039e-05 9.778720416299188090e-01 -8.452180808668569717e-03 9.999642790329671405e-01 -3.600457655652596772e-05 -4.903644991875484062e-03 -9.537044497766226459e-05 3.519974547973372936e-05 9.999999948327279453e-01 1.219866405185885024e-02 9.999347329139709473e-01 8.936460129916667938e-03 7.123212330043315887e-03 9.790868759155273438e-01 -8.941336534917354584e-03 9.999598264694213867e-01 6.585895898751914501e-04 -6.475424859672784805e-03 -7.117043249309062958e-03 -7.222339045256376266e-04 9.999743103981018066e-01 1.227163150906562805e-02 5.949318313598632812e+01
4.773267000000000000e+07 9.999651826333478821e-01 8.344138054473057217e-03 9.424172386256208904e-05 9.721954287343768097e-01 -8.344134361583580364e-03 9.999651863244922723e-01 -3.951074091267630365e-05 -4.871042601207907149e-03 -9.456812603708148076e-05 3.872299964995881840e-05 9.999999947786993859e-01 1.213943982333893015e-02 9.999307394027709961e-01 9.097442030906677246e-03 7.466801907867193222e-03 9.806824922561645508e-01 -9.124089032411575317e-03 9.999521374702453613e-01 3.542543156072497368e-03 -5.444174166768789291e-04 -7.434214465320110321e-03 -3.610425395891070366e-03 9.999659061431884766e-01 1.879373565316200256e-02 5.966928100585937500e+01
4.783644000000000000e+07 9.999645582589169468e-01 8.418609058871154988e-03 9.617113668432181780e-05 9.792796057142053590e-01 -8.418605614130252740e-03 9.999645622584508731e-01 -3.616770595233103123e-05 -4.894686790215299968e-03 -9.647221036777806861e-05 3.535679724980707723e-05 9.999999947215048035e-01 1.219458793802829198e-02 9.999538064002990723e-01 9.238496422767639160e-03 -2.662943443283438683e-03 9.702540636062622070e-01 -9.232520125806331635e-03 9.999548792839050293e-01 2.245117211714386940e-03 -1.639346708543598652e-03 2.683554776012897491e-03 -2.220422727987170219e-03 9.999939799308776855e-01 1.815807446837425232e-02 5.969689559936523438e+01
4.794017000000000000e+07 9.999751451301283067e-01 7.049760090417161139e-03 1.000307133727607549e-04 9.633454555838718569e-01 -7.049756026633131369e-03 9.999751493247308609e-01 -4.091997297883246440e-05 -3.971303856717662770e-03 -1.003167035257792656e-04 4.021376381505097867e-05 9.999999941597063069e-01 1.185395065865939811e-02 9.999365210533142090e-01 7.841036655008792877e-03 -8.087909780442714691e-03 9.686450362205505371e-01 -7.839607074856758118e-03 9.999691843986511230e-01 2.090380730805918574e-04 -4.816989880055189133e-03 8.089313283562660217e-03 -1.456297613913193345e-04 9.999672770500183105e-01 1.393351797014474869e-02 5.967315292358398438e+01
4.804392000000000000e+07 9.999752071318165347e-01 7.040868548766725243e-03 1.062624548234834208e-04 9.712470596306006509e-01 -7.040865005276571165e-03 9.999752122354436112e-01 -3.368392223628328096e-05 -3.977488965290744416e-03 -1.064969848836829549e-04 3.293490751493676795e-05 9.999999937868420119e-01 1.191122311719149812e-02 9.999558329582214355e-01 7.515809964388608932e-03 -5.639006383717060089e-03 9.731611013412475586e-01 -7.522741798311471939e-03 9.999710321426391602e-01 -1.210772548802196980e-03 -7.172733079642057419e-03 5.629732273519039154e-03 1.253144699148833752e-03 9.999833703041076660e-01 1.053011789917945862e-02 5.951424026489257812e+01
4.814769000000000000e+07 9.999773007790487833e-01 6.736999967136706249e-03 1.037266788426315106e-04 9.813221977298093313e-01 -6.736996997737573420e-03 9.999773057597274306e-01 -2.894999309648418114e-05 -3.761002057367475622e-03 -1.039193609421885917e-04 2.825052964770802515e-05 9.999999942013371168e-01 1.192636306942893541e-02 9.999728798866271973e-01 7.365948520600795746e-03 3.144483489450067282e-04 9.818368554115295410e-01 -7.365208584815263748e-03 9.999703168869018555e-01 -2.284812740981578827e-03 -9.760045446455478668e-03 -3.312523767817765474e-04 2.282442757859826088e-03 9.999972581863403320e-01 1.194267719984054565e-02 5.964019012451171875e+01
4.825142000000000000e+07 9.999786505944442405e-01 6.533499432618256227e-03 1.083428666102012031e-04 9.757276282038493953e-01 -6.533496360788399772e-03 9.999786560723741280e-01 -2.868259127546171877e-05 -3.622019769263706748e-03 -1.085279518516984261e-04 2.797412115628422407e-05 9.999999937195657163e-01 1.184701404948556268e-02 9.999712705612182617e-01 6.892054807394742966e-03 3.159476211294531822e-03 9.886726737022399902e-01 -6.890575401484966278e-03 9.999760389328002930e-01 -4.865860682912170887e-04 -7.746369112282991409e-03 -3.162766341120004654e-03 4.647879977710545063e-04 9.999949336051940918e-01 1.469997130334377289e-02 6.048735809326171875e+01
4.835505000000000000e+07 9.999814535345262767e-01 6.089400076808806732e-03 1.085944549382991068e-04 9.846635153059994927e-01 -6.089397592635776256e-03 9.999814591772090422e-01 -2.319167632402121680e-05 -3.301938065314055301e-03 -1.087336649068146018e-04 2.252997137141985124e-05 9.999999938346950668e-01 1.182463055120085496e-02 9.999780058860778809e-01 6.323624402284622192e-03 1.963179558515548706e-03 9.895078539848327637e-01 -6.324194371700286865e-03 9.999799728393554688e-01 2.620568557176738977e-04 -4.681625869125127792e-03 -1.961481990292668343e-03 -2.744550001807510853e-04 9.999980330467224121e-01 1.705092377960681915e-02 5.967606353759765625e+01
4.845880000000000000e+07 9.999843750324047820e-01 5.589142549703904859e-03 1.057113157957569402e-04 9.913075442511141144e-01 -5.589141465180886593e-03 9.999843805703226840e-01 -1.055192831083993918e-05 -2.946936503009068686e-03 -1.057686408799666573e-04 9.960927906174439666e-06 9.999999943568869121e-01 1.179722526465884838e-02 9.999824762344360352e-01 5.739533808082342148e-03 1.482154359109699726e-03 9.933236837387084961e-01 -5.737613420933485031e-03 9.999827742576599121e-01 -1.236231764778494835e-03 -7.529230322688817978e-03 -1.489228452555835247e-03 1.227699220180511475e-03 9.999982118606567383e-01 1.415409613400697708e-02 5.952944183349609375e+01
4.856255000000000000e+07 9.999871070877577317e-01 5.076794156711260213e-03 1.087179111637346008e-04 9.899137062005785026e-01 -5.076793666172631399e-03 9.999871129886559462e-01 -4.787527187307958259e-06 -2.611782443746159602e-03 -1.087408154046197261e-04 4.235527064406312666e-06 9.999999940787477337e-01 1.172272266562403645e-02 9.999833106994628906e-01 5.574119277298450470e-03 1.476922538131475449e-03 9.954302906990051270e-01 -5.576170049607753754e-03 9.999835491180419922e-01 1.354158623144030571e-03 -1.876220107078552246e-03 -1.469348091632127762e-03 -1.362369046546518803e-03 9.999979138374328613e-01 1.518085878342390060e-02 5.976124954223632812e+01
4.866619000000000000e+07 9.999845227454194907e-01 5.562500194413975106e-03 1.134058886710816714e-04 9.840001024596919388e-01 -5.562498807045104278e-03 9.999845291049894724e-01 -1.254540227798761997e-05 -2.929671194069344807e-03 -1.134739179837698938e-04 1.191438798289570054e-05 9.999999934908585519e-01 1.174027488982357613e-02 9.999833106994628906e-01 5.662311799824237823e-03 1.170857343822717667e-03 1.000317454338073730e+00 -5.666482262313365936e-03 9.999776482582092285e-01 3.543689148500561714e-03 4.143350291997194290e-03 -1.150766038335859776e-03 -3.550270339474081993e-03 9.999930858612060547e-01 1.519203837960958481e-02 5.999321746826171875e+01
4.876994000000000000e+07 9.999888756863898331e-01 4.715593507906293107e-03 1.080760530827774992e-04 9.930376115183220387e-01 -4.715593580987270141e-03 9.999888815262382158e-01 4.213866900307949420e-07 -2.378852721687081933e-03 -1.080728643535475083e-04 -9.310247652964360230e-07 9.999999941596943165e-01 1.171138863496147368e-02 9.999867081642150879e-01 5.145540926605463028e-03 3.406585019547492266e-04 9.990330338478088379e-01 -5.146148148924112320e-03 9.999846816062927246e-01 2.015548991039395332e-03 3.601687494665384293e-04 -3.302835393697023392e-04 -2.017274964600801468e-03 9.999978542327880859e-01 1.548212021589279175e-02 5.986579132080078125e+01
4.887355000000000000e+07 9.999887832448850489e-01 4.735273195242182577e-03 1.028217156679321804e-04 9.898190289385364604e-01 -4.735272968858185959e-03 9.999887885291797174e-01 -2.445048078652026067e-06 -2.417946085000700733e-03 -1.028321408558373503e-04 1.958131765034891691e-06 9.999999947108583198e-01 1.168893314429305871e-02 9.999890923500061035e-01 4.669859539717435837e-03 5.072965359431691468e-05 1.003500342369079590e+00 -4.669958725571632385e-03 9.999870657920837402e-01 2.019437495619058609e-03 9.241945808753371239e-04 -4.129804801777936518e-05 -2.019645180553197861e-03 9.999979734420776367e-01 1.702789962291717529e-02 5.977372741699218750e+01
4.897730000000000000e+07 9.999913502707927782e-01 4.157858570573763103e-03 1.076860303074738415e-04 9.991247134615076630e-01 -4.157860013694842337e-03 9.999913559761156590e-01 1.318078784747680812e-05 -2.036933089931858721e-03 -1.076302956169977162e-04 -1.362841726173842858e-05 9.999999941149930738e-01 1.178842006183480895e-02 9.999884963035583496e-01 4.754578229039907455e-03 -6.174374721013009548e-04 1.005625605583190918e+00 -4.753643181174993515e-03 9.999876618385314941e-01 1.460458384826779366e-03 3.269990265835076571e-04 6.243813550099730492e-04 -1.457507954910397530e-03 9.999987483024597168e-01 1.545938476920127869e-02 5.987164688110351562e+01
4.908093000000000000e+07 9.999910700800546115e-01 4.224724407050189576e-03 1.070738106186653823e-04 1.001567553310092951e+00 -4.224725720411709809e-03 9.999910757344429024e-01 1.204273596984738642e-05 -2.071037071173392665e-03 -1.070219778257781157e-04 -1.249498588634390264e-05 9.999999941950861171e-01 1.181140273126806035e-02 9.999890923500061035e-01 4.644011612981557846e-03 -5.572897498495876789e-04 1.009483933448791504e+00 -4.642885643988847733e-03 9.999870061874389648e-01 2.095330739393830299e-03 1.996405422687530518e-03 5.670036771334707737e-04 -2.092726761475205421e-03 9.999976158142089844e-01 1.291598472744226456e-02 5.985923385620117188e+01
4.918467000000000000e+07 9.999940137705305432e-01 3.458633738331517906e-03 1.013702319450660862e-04 1.006638172879158688e+00 -3.458636099107326254e-03 9.999940186330289471e-01 2.312260769968154091e-05 -1.568551435083141666e-03 -1.012896529824497264e-04 -2.347307202146281608e-05 9.999999945947105617e-01 1.197726473431182624e-02 9.999916553497314453e-01 4.070222843438386917e-03 4.264845920260995626e-04 1.008605241775512695e+00 -4.069589544087648392e-03 9.999905824661254883e-01 -1.504161162301898003e-03 -3.290901426225900650e-03 -4.325968620833009481e-04 1.502412836998701096e-03 9.999988079071044922e-01 1.341607049107551575e-02 6.030624008178710938e+01
4.928832000000000000e+07 9.999937051507477026e-01 3.546757295680494186e-03 1.008571796004954866e-04 1.005903984268998741e+00 -3.546759531293461505e-03 9.999937099870239710e-01 2.199591454381094987e-05 -1.635502330469960908e-03 -1.007785310409273129e-04 -2.235349222868966663e-05 9.999999946720047328e-01 1.195805634747708693e-02 9.999925494194030762e-01 3.804722800850868225e-03 5.845674313604831696e-04 1.016867399215698242e+00 -3.804698819294571877e-03 9.999927878379821777e-01 -6.358519021887332201e-05 2.846366805897559971e-05 -5.848146975040435791e-04 6.136346200946718454e-05 9.999998211860656738e-01 1.309139281511306763e-02 6.005324935913085938e+01
4.939205000000000000e+07 9.999924891056790610e-01 3.874505042438199532e-03 9.971863602340170715e-05 1.004122044460329599e+00 -3.874506814933640752e-03 9.999924939160829140e-01 1.758792910684408285e-05 -1.835231091275985353e-03 -9.964974301107755786e-05 -1.797415751742600733e-05 9.999999948734294986e-01 1.188573817720170456e-02 9.999920725822448730e-01 3.837139811366796494e-03 1.055340049788355827e-03 1.013474941253662109e+00 -3.837330499663949013e-03 9.999925494194030762e-01 1.990517484955489635e-04 2.588383213151246309e-04 -1.054559717886149883e-03 -2.030983596341684461e-04 9.999994039535522461e-01 1.165635325014591217e-02 5.983536148071289062e+01
4.949580000000000000e+07 9.999937741273576819e-01 3.527277712625877682e-03 1.000931158279737775e-04 1.015046294893544143e+00 -3.527280554443033411e-03 9.999937787282280333e-01 2.822942347649804977e-05 -1.615569511126576253e-03 -9.999292010660134353e-05 -2.858230421996225916e-05 9.999999945922339872e-01 1.205257808402170928e-02 9.999929666519165039e-01 3.552815644070506096e-03 1.246858737431466579e-03 1.013887643814086914e+00 -3.556036157533526421e-03 9.999903440475463867e-01 2.592299599200487137e-03 2.265019342303276062e-03 -1.237630960531532764e-03 -2.596716862171888351e-03 9.999958872795104980e-01 1.485543511807918549e-02 6.014652633666992188e+01
4.959942000000000000e+07 9.999921242669839172e-01 3.967379416540951081e-03 1.063232538818429762e-04 1.008187379862992561e+00 -3.967381583861822464e-03 9.999921297071068249e-01 2.018110527635460851e-05 -1.908450756819700779e-03 -1.062423509853461915e-04 -2.060277125302942521e-05 9.999999941440443907e-01 1.191480821630247489e-02 9.999900460243225098e-01 4.043059423565864563e-03 1.838941127061843872e-03 1.015432834625244141e+00 -4.045622888952493668e-03 9.999908208847045898e-01 1.422274508513510227e-03 2.547248732298612595e-03 -1.833176007494330406e-03 -1.429692143574357033e-03 9.999973177909851074e-01 1.712915860116481781e-02 6.041110229492187500e+01
4.970317000000000000e+07 9.999940179759954084e-01 3.457497078119798738e-03 9.862205698894258249e-05 1.007813311972864501e+00 -3.457499404301977042e-03 9.999940225567438556e-01 2.342610196948441295e-05 -1.574711808021068580e-03 -9.854047180297291258e-05 -2.376694753354796402e-05 9.999999948624538337e-01 1.198702597910327600e-02 9.999926090240478516e-01 3.854908281937241554e-03 -3.262390382587909698e-04 1.009589076042175293e+00 -3.854368580505251884e-03 9.999912381172180176e-01 1.619252492673695087e-03 2.550893928855657578e-03 3.324741846881806850e-04 -1.617987756617367268e-03 9.999986886978149414e-01 1.949591934680938721e-02 5.998316955566406250e+01
4.980680000000000000e+07 9.999953748975508594e-01 3.040029826863459295e-03 9.166569363444459757e-05 1.003224175906047400e+00 -3.040031469730954117e-03 9.999953789356614831e-01 1.778837789451907564e-05 -1.350240381099768010e-03 -9.161119284460313443e-05 -1.806696220151602728e-05 9.999999956404873602e-01 1.205289979488670220e-02 9.999867677688598633e-01 3.923009149730205536e-03 -3.321650670841336250e-03 1.009382963180541992e+00 -3.922993782907724380e-03 9.999923110008239746e-01 2.087003304040990770e-05 -7.947004633024334908e-04 3.321707481518387794e-03 -7.846182597859296948e-06 9.999945163726806641e-01 1.822050474584102631e-02 5.984867095947265625e+01
4.991055000000000000e+07 9.999971120800945634e-01 2.401885711389478012e-03 8.231997371509396989e-05 9.985109724867275993e-01 -2.401886662387570787e-03 9.999971154004941853e-01 1.145554469766389054e-05 -1.008530081049207380e-03 -8.229222134618713813e-05 -1.165323485921737916e-05 9.999999965460962814e-01 1.213307152533204918e-02 9.999968409538269043e-01 2.495924476534128189e-03 8.080464613158255816e-05 1.011310100555419922e+00 -2.495870459824800491e-03 9.999967217445373535e-01 -6.723939441144466400e-04 -2.122525620507076383e-04 -8.248117228504270315e-05 6.722019170410931110e-04 9.999997019767761230e-01 1.447171997278928757e-02 6.008492660522460938e+01
5.001417000000000000e+07 9.999995226376952040e-01 9.747361692235633574e-04 6.792482983200722304e-05 1.011684993150838263e+00 -9.747374646425838911e-04 9.999995247620474537e-01 1.904086801201156591e-05 -1.827034294670589636e-04 -6.790623772881201501e-05 -1.910706779901225251e-05 9.999999975118314399e-01 1.249036946134469105e-02 9.999878406524658203e-01 1.146142021752893925e-03 4.787538200616836548e-03 1.017299890518188477e+00 -1.127820927649736404e-03 9.999918937683105469e-01 -3.845433937385678291e-03 -3.135632257908582687e-03 -4.791910294443368912e-03 3.839985933154821396e-03 9.999811649322509766e-01 1.763808540999889374e-02 6.017836761474609375e+01
5.011799000000000000e+07 9.999998606795038603e-01 5.243274032603541419e-04 6.100614637852208794e-05 1.004968320913499857e+00 -5.243273802567681267e-04 9.999998625403138108e-01 -3.930629647594227999e-07 2.483476807055491099e-06 -6.100634408631799637e-05 3.610757174091363713e-07 9.999999981390478299e-01 1.253079372321250565e-02 9.999644160270690918e-01 4.177526861894875765e-04 8.427958004176616669e-03 1.019974589347839355e+00 -3.793831565417349339e-04 9.999896287918090820e-01 -4.549697507172822952e-03 -7.085877470672130585e-03 -8.429772220551967621e-03 4.546336364001035690e-03 9.999541640281677246e-01 1.809366419911384583e-02 6.038908767700195312e+01
5.022158000000000000e+07 9.999996887367563758e-01 7.860098102031437810e-04 6.866579439590931786e-05 1.010922089193483364e+00 -7.860107972298354968e-04 9.999996909905363163e-01 1.434855499866251673e-05 -9.093587069753522600e-05 -6.865449507294995809e-05 -1.440252258631188107e-05 9.999999975395639229e-01 1.253102115126406881e-02 9.999831318855285645e-01 7.345012272708117962e-04 5.769428797066211700e-03 1.020757794380187988e+00 -7.241105195134878159e-04 9.999981522560119629e-01 -1.797018107026815414e-03 -5.483442917466163635e-03 -5.770746618509292603e-03 1.792806899175047874e-03 9.999817609786987305e-01 1.897047460079193115e-02 6.041001510620117188e+01
5.032530000000000000e+07 9.999998161021858012e-01 6.032245585399900528e-04 6.257568661769107856e-05 1.005210220923506537e+00 -6.032248353761718524e-04 9.999998180501743494e-01 4.405242095947430599e-06 -2.350398857202032734e-05 -6.257301788176449506e-05 -4.442988495120342149e-06 9.999999980324385529e-01 1.252479864082674602e-02 9.999989867210388184e-01 1.064560608938336372e-03 -1.001864555291831493e-03 1.011890649795532227e+00 -1.065757940523326397e-03 9.999987483024597168e-01 -1.136510516516864300e-03 -4.079024773091077805e-03 1.000653137452900410e-03 1.137576531618833542e-03 9.999988675117492676e-01 2.279012091457843781e-02 5.985417556762695312e+01
5.042899000000000000e+07 9.999996147732833629e-01 8.751440337151146932e-04 6.764739291205929081e-05 1.005116229081168600e+00 -8.751445337390436393e-04 9.999996170338293355e-01 7.362374049214939910e-06 -1.686655995317154228e-04 -6.764092386737689756e-05 -7.421572461871230313e-06 9.999999976848127359e-01 1.246721986944338521e-02 9.999724030494689941e-01 6.975083961151540279e-04 -7.386431097984313965e-03 1.005530595779418945e+00 -7.148743607103824615e-04 9.999969005584716797e-01 -2.367365406826138496e-03 -7.541718427091836929e-03 7.384761702269315720e-03 2.372586866840720177e-03 9.999698996543884277e-01 2.057242393493652344e-02 6.003926467895507812e+01
5.053269000000000000e+07 9.999996254108131089e-01 8.631657938405662466e-04 6.421065016049434077e-05 1.000652416366762276e+00 -8.631660180645946969e-04 9.999996274661232531e-01 3.464376378369835648e-06 -1.534161612509518506e-04 -6.420763590851101944e-05 -3.519799534701559230e-06 9.999999979324951660e-01 1.243317500060644835e-02 9.999694824218750000e-01 8.745842496864497662e-04 -7.765066809952259064e-03 1.006198883056640625e+00 -8.864184492267668247e-04 9.999984502792358398e-01 -1.505200867541134357e-03 -6.813894491642713547e-03 7.763747125864028931e-03 1.512036658823490143e-03 9.999687671661376953e-01 1.797010935842990875e-02 6.017692947387695312e+01
5.063645000000000000e+07 9.999996757112161738e-01 8.032009929620529754e-04 5.869970373258722693e-05 9.986831514008045474e-01 -8.032008986627560887e-04 9.999996774327915006e-01 -1.630025969042157817e-06 -1.319642095051897120e-04 -5.870099403640914490e-05 1.582877787678109712e-06 9.999999982758439598e-01 1.242438218658492056e-02 9.999946951866149902e-01 1.224574400112032890e-03 -3.008585190400481224e-03 1.008448958396911621e+00 -1.233628368936479092e-03 9.999946951866149902e-01 -3.021475858986377716e-03 -1.041335519403219223e-02 3.004870377480983734e-03 3.025168552994728088e-03 9.999908208847045898e-01 1.715943776071071625e-02 6.005721664428710938e+01
5.074021000000000000e+07 9.999992347993158504e-01 1.234855666293323230e-03 7.437946364961216651e-05 1.013398231618177103e+00 -1.234857373288019864e-03 9.999992373009678470e-01 2.290826218224476112e-05 -3.089097433436383856e-04 -7.435111852381814056e-05 -2.300009267963046318e-05 9.999999969714534753e-01 1.245511650814357801e-02 9.999969601631164551e-01 1.317044254392385483e-03 2.065856708213686943e-03 1.017974734306335449e+00 -1.311290310695767403e-03 9.999952316284179688e-01 -2.802433911710977554e-03 -1.103971712291240692e-02 -2.069540554657578468e-03 2.799722133204340935e-03 9.999939799308776855e-01 1.903420872986316681e-02 6.017100906372070312e+01
5.084399000000000000e+07 9.999996256752419210e-01 8.623965001126479915e-04 7.015421845883901047e-05 1.008461504316503943e+00 -8.623975820814685188e-04 9.999996280166304485e-01 1.539393038138950736e-05 -1.416973940761725006e-04 -7.014091669027153143e-05 -1.545442545052910378e-05 9.999999974207061104e-01 1.249237895821302471e-02 9.999891519546508789e-01 1.254954258911311626e-03 4.501175601035356522e-03 1.016141295433044434e+00 -1.237042946740984917e-03 9.999914169311523438e-01 -3.956984728574752808e-03 -1.497248653322458267e-02 -4.506107419729232788e-03 3.951376769691705704e-03 9.999820590019226074e-01 2.304155938327312469e-02 6.007427215576171875e+01
5.094760000000000000e+07 9.999995944787466451e-01 8.975684595677396131e-04 7.357427395160608054e-05 1.017955116307789343e+00 -8.975700339230278935e-04 9.999995969556269015e-01 2.136795023529514717e-05 -1.779926500169007916e-04 -7.355506509904938413e-05 -2.143397963605070205e-05 9.999999970651183290e-01 1.256909415202070446e-02 9.999908804893493652e-01 7.122067036107182503e-04 4.199258517473936081e-03 1.016415238380432129e+00 -6.994056166149675846e-04 9.999951124191284180e-01 -3.060276387259364128e-03 -1.288100797683000565e-02 -4.201417788863182068e-03 3.057308029383420944e-03 9.999865293502807617e-01 2.237378060817718506e-02 6.047753524780273438e+01
5.105120000000000000e+07 9.999998679742228003e-01 5.104059219183054935e-04 5.947548616856289556e-05 1.006083273457663463e+00 -5.104062747387560833e-04 9.999998697252032720e-01 5.917172237358100808e-06 4.811720864209055679e-06 -5.947245826067449996e-05 -5.947528117277614677e-06 9.999999982138267907e-01 1.255350449831796160e-02 9.999957680702209473e-01 6.930643576197326183e-04 2.841506619006395340e-03 1.017321109771728516e+00 -6.857471307739615440e-04 9.999964833259582520e-01 -2.554695354774594307e-03 -1.105527579784393311e-02 -2.843264024704694748e-03 2.552739577367901802e-03 9.999926686286926270e-01 2.236300893127918243e-02 6.044764709472656250e+01
5.115495000000000000e+07 9.999999691451542105e-01 2.391227828290210943e-04 6.730517332443304644e-05 1.017095427138931640e+00 -2.391233791180057545e-04 9.999999713708296323e-01 8.851574646551006601e-06 1.129877393923349775e-04 -6.730305478441260471e-05 -8.867668613665892615e-06 9.999999976958316994e-01 1.272230169513512144e-02 9.999992251396179199e-01 4.550049197860062122e-04 1.128564355894923210e-03 1.011509537696838379e+00 -4.539116343948990107e-04 9.999992251396179199e-01 -1.130335615016520023e-03 -9.446835145354270935e-03 -1.129082986153662205e-03 1.129818498156964779e-03 9.999987483024597168e-01 2.414594590663909912e-02 6.037795257568359375e+01
5.125856000000000000e+07 9.999999921803420788e-01 1.136818266945143830e-04 5.211293657392704028e-05 1.000512108916159715e+00 -1.136815896484816779e-04 9.999999935278893748e-01 -4.551638019380401358e-06 2.050398464585488829e-04 -5.211345367516881686e-05 4.545713702340368643e-06 9.999999986317622547e-01 1.258377065788114472e-02 9.999973773956298828e-01 -2.308512011950369924e-05 -2.264126669615507126e-03 1.013267278671264648e+00 2.030338873737491667e-05 9.999991655349731445e-01 -1.311618601903319359e-03 -7.751218974590301514e-03 2.264153212308883667e-03 1.311575993895530701e-03 9.999965429306030273e-01 2.426977828145027161e-02 6.045497512817382812e+01
5.136231000000000000e+07 9.999999492440234672e-01 -3.128486770298236530e-04 6.031300398817145017e-05 1.018124578798945024e+00 3.128487531934028942e-04 9.999999510620434240e-01 -1.253375013486993579e-06 3.627340914188813357e-04 -6.031260891987151715e-05 1.272243797490909616e-06 9.999999981803853188e-01 1.283144328055024069e-02 9.999942183494567871e-01 -1.744652690831571817e-04 -3.405862720683217049e-03 1.008695244789123535e+00 1.681775320321321487e-04 9.999982714653015137e-01 -1.806609099730849266e-03 -9.238825179636478424e-03 3.406181233003735542e-03 1.806023065000772476e-03 9.999925494194030762e-01 2.100750803947448730e-02 5.994720077514648438e+01
5.146593000000000000e+07 9.999999926779936654e-01 -1.098575701019000300e-04 5.074767927212171917e-05 1.002474497408290421e+00 1.098580435370821468e-04 9.999999939221132506e-01 -9.326505393331495619e-06 2.957280409794267595e-04 -5.074665437646678920e-05 9.332080365781115794e-06 9.999999986688447029e-01 1.265887996504133119e-02 9.999998807907104492e-01 -2.113195660058408976e-04 4.420890181791037321e-04 1.015690684318542480e+00 2.116877876687794924e-04 9.999998211860656738e-01 -6.504561170004308224e-04 -6.706648506224155426e-03 -4.419613687787204981e-04 6.505478522740304470e-04 9.999997019767761230e-01 1.819410547614097595e-02 6.052252960205078125e+01
5.156968000000000000e+07 9.999999980464195914e-01 2.721637225858833972e-05 5.627103863864286012e-05 1.007610800864586320e+00 -2.721624172027256009e-05 9.999999996269455238e-01 -2.320577956132176886e-06 2.322498395887912502e-04 -5.627110177536414796e-05 2.319046465410799166e-06 9.999999984140925946e-01 1.267005806848324825e-02 9.999945759773254395e-01 2.823420509230345488e-04 3.271442838013172150e-03 1.016879558563232422e+00 -2.761379873845726252e-04 9.999980926513671875e-01 -1.901385257951915264e-03 -1.058384217321872711e-02 -3.271959256380796432e-03 1.900472328998148441e-03 9.999928474426269531e-01 2.098699472844600677e-02 6.014764785766601562e+01
5.167332000000000000e+07 9.999999061954509827e-01 4.270110530655774127e-04 7.259922396894785354e-05 1.015185212463767472e+00 -4.270118060644772996e-04 9.999999087768216555e-01 1.035681244017458271e-05 2.577324998279952820e-05 -7.259479487277326396e-05 -1.038781219479725946e-05 9.999999973110444973e-01 1.266349542473077516e-02 9.999979734420776367e-01 4.711745423264801502e-04 1.966233132407069206e-03 1.012377858161926270e+00 -4.695929819718003273e-04 9.999995827674865723e-01 -7.955009932629764080e-04 -8.380946703255176544e-03 -1.966617535799741745e-03 7.945788092911243439e-04 9.999977350234985352e-01 2.187140844762325287e-02 5.980003356933593750e+01
5.177693000000000000e+07 9.999997413500851806e-01 7.164186287182396041e-04 6.359336706716125229e-05 1.005783399317639049e+00 -7.164189714480999381e-04 9.999997433574971950e-01 5.366780272307459856e-06 -8.461653826369016154e-05 -6.358950588507614318e-05 -5.412338378354196068e-06 9.999999979635406655e-01 1.250522113742544468e-02 9.999967217445373535e-01 7.346547208726406097e-04 -2.433605724945664406e-03 1.013437986373901367e+00 -7.380811730399727821e-04 9.999987483024597168e-01 -1.399456639774143696e-03 -9.809805080294609070e-03 2.432571491226553917e-03 1.401242800056934357e-03 9.999960660934448242e-01 2.384914271533489227e-02 5.976876831054687500e+01
5.188067000000000000e+07 9.999999240406691747e-01 3.854142342080701402e-04 5.809070241909427873e-05 1.004741250929122920e+00 -3.854142196158539244e-04 9.999999257279053033e-01 -2.623913953066136850e-07 7.084312560445013909e-05 -5.809079923395113715e-05 2.400023934860740161e-07 9.999999983127008107e-01 1.256249691638959380e-02 9.999983310699462891e-01 5.426481948234140873e-04 -1.785999047569930553e-03 1.011375904083251953e+00 -5.446511204354465008e-04 9.999992847442626953e-01 -1.112321158871054649e-03 -7.532186340540647507e-03 1.785397646017372608e-03 1.113287173211574554e-03 9.999978542327880859e-01 1.892260275781154633e-02 5.977635192871093750e+01
5.198430000000000000e+07 9.999998173566936321e-01 6.005164936662529991e-04 6.831185808959586961e-05 1.007763005208112128e+00 -6.005172598013172429e-04 9.999998196268217177e-01 1.119529866459624895e-05 -2.272631586431992810e-05 -6.830512280628166818e-05 -1.123631907082445807e-05 9.999999976040776506e-01 1.255106024427166643e-02 9.999997615814208984e-01 5.253370618447661400e-04 3.165923117194324732e-04 1.013848543167114258e+00 -5.247918888926506042e-04 9.999983906745910645e-01 -1.702748006209731102e-03 -8.532941341400146484e-03 -3.174840821884572506e-04 1.702586538158357143e-03 9.999984502792358398e-01 1.919040828943252563e-02 5.975417709350585938e+01
5.208805000000000000e+07 9.999999977607956225e-01 3.196092700208569471e-05 5.879547446343142943e-05 1.008949895584704270e+00 -3.196097998325680788e-05 9.999999994888427723e-01 9.001703201046959086e-07 2.208391678199609080e-04 -5.879544566309984370e-05 -9.020494790693581515e-07 9.999999982711409441e-01 1.267850020720977591e-02 9.999962449073791504e-01 2.741341995715629309e-05 2.765973098576068878e-03 1.014324784278869629e+00 -2.528481127228587866e-05 9.999997615814208984e-01 -7.667750469408929348e-04 -5.827914457768201828e-03 -2.765991725027561188e-03 7.667057798244059086e-04 9.999959468841552734e-01 2.044378221035003662e-02 6.022604751586914062e+01
5.219167000000000000e+07 9.999999142266232655e-01 -4.104654419880362799e-04 5.536130731270999566e-05 1.012778590232023879e+00 4.104657798361030768e-04 9.999999157403693939e-01 -6.091379127100580098e-06 4.367984419291558824e-04 -5.535880234746842727e-05 6.114102525826539187e-06 9.999999984490104410e-01 1.280058381332787286e-02 9.999995231628417969e-01 -3.009586653206497431e-04 8.219218580052256584e-04 1.011938691139221191e+00 3.033724206034094095e-04 9.999955296516418457e-01 -2.966463798657059669e-03 -7.406550925225019455e-03 -8.210283122025430202e-04 2.966717584058642387e-03 9.999951720237731934e-01 1.959787122905254364e-02 5.968681716918945312e+01
5.229543000000000000e+07 9.999998581434194067e-01 -5.308207964100789336e-04 4.407277448253624349e-05 1.006023263775704502e+00 5.308212702677815760e-04 9.999998590566914203e-01 -1.074070862066305894e-05 5.198482107498705179e-04 -4.406706687899416067e-05 1.076410186428667997e-05 9.999999989711138015e-01 1.275445501494528941e-02 9.999990463256835938e-01 -6.183065124787390232e-04 1.282235956750810146e-03 1.009669423103332520e+00 6.230559083633124828e-04 9.999929070472717285e-01 -3.712962148711085320e-03 -7.648760452866554260e-03 -1.279928139410912991e-03 3.713749581947922707e-03 9.999923110008239746e-01 1.929561793804168701e-02 5.972419357299804688e+01
5.239917000000000000e+07 9.999998225316896194e-01 -5.940228073016341108e-04 4.553574503434238319e-05 1.009632990973993394e+00 5.940233752041523081e-04 9.999998234904902139e-01 -1.245906669985645902e-05 5.245588174933688442e-04 -4.552833602728905793e-05 1.248611378493575859e-05 9.999999988856338451e-01 1.280501043327053091e-02 9.999987483024597168e-01 -6.206132820807397366e-04 1.435772050172090530e-03 1.006950974464416504e+00 6.277522188611328602e-04 9.999873042106628418e-01 -5.005498882383108139e-03 -8.083036169409751892e-03 -1.432655495591461658e-03 5.006394814699888229e-03 9.999864101409912109e-01 1.880468614399433136e-02 5.973449707031250000e+01
5.250293000000000000e+07 9.999995355441922973e-01 -9.635535271308371579e-04 2.181729469030223523e-05 9.877536161497664224e-01 9.635540485261961203e-04 9.999995354960732330e-01 -2.390037291062063469e-05 7.936735662617733136e-04 -2.179425526732607074e-05 2.392138395270742711e-05 9.999999994763889566e-01 1.265692060319610103e-02 9.999974370002746582e-01 -9.280062513425946236e-04 2.045351546257734299e-03 1.001995563507080078e+00 9.406431345269083977e-04 9.999808073043823242e-01 -6.126302760094404221e-03 -1.023773849010467529e-02 -2.039622981101274490e-03 6.128213834017515182e-03 9.999791979789733887e-01 1.899062283337116241e-02 5.969388961791992188e+01
5.260668000000000000e+07 9.999994990668185091e-01 -1.000577375425756995e-03 2.666533595735248957e-05 9.918185086176425358e-01 1.000578019497258423e-03 9.999994991300465985e-01 -2.415150228175222798e-05 7.949881230770205250e-04 -2.664115715501608314e-05 2.417817093217958880e-05 9.999999993528324582e-01 1.269951851593218405e-02 9.999994039535522461e-01 -9.687612764537334442e-04 6.504403427243232727e-04 9.994344115257263184e-01 9.734330233186483383e-04 9.999731183052062988e-01 -7.263396866619586945e-03 -1.282043289393186569e-02 -6.433816743083298206e-04 7.264024112373590469e-03 9.999733567237854004e-01 1.801806315779685974e-02 5.964505767822265625e+01
5.271043000000000000e+07 9.999988911728490137e-01 -1.489052341966357615e-03 1.939680018968838038e-05 9.898318224274692545e-01 1.489052977329476070e-03 9.999988908226603579e-01 -3.278292648675706336e-05 1.044550311392256590e-03 -1.934796318262635518e-05 3.281177299870502483e-05 9.999999992745219890e-01 1.276507374539956850e-02 9.999976158142089844e-01 -1.475103548727929592e-03 1.555343740619719028e-03 9.956107735633850098e-01 1.479945378378033638e-03 9.999940395355224609e-01 -3.131313715130090714e-03 -4.434805363416671753e-03 -1.550717279314994812e-03 3.133612452074885368e-03 9.999938607215881348e-01 1.679822802543640137e-02 5.979513549804687500e+01
5.281418000000000000e+07 9.999990713958384347e-01 -1.362661880209553719e-03 1.897467685757240285e-05 9.889646509191810653e-01 1.362662529168007100e-03 9.999990709891104501e-01 -3.423046834271242675e-05 9.807464580381323842e-04 -1.892801467496741026e-05 3.425629263763009638e-05 9.999999992341183086e-01 1.273861078832577362e-02 9.999983310699462891e-01 -1.306544290855526924e-03 1.313801505602896214e-03 9.920246005058288574e-01 1.311023836024105549e-03 9.999933838844299316e-01 -3.387285163626074791e-03 -4.799257498234510422e-03 -1.309375045821070671e-03 3.389002056792378426e-03 9.999934434890747070e-01 1.600947044789791107e-02 5.987360000610351562e+01
5.291793000000000000e+07 9.999985813938687684e-01 -1.684371053396010749e-03 1.021707717666599848e-05 9.811757269163382533e-01 1.684371437166060342e-03 9.999985807358995338e-01 -3.767004602253550401e-05 1.187268805753771217e-03 -1.015361234047944516e-05 3.768720193664097949e-05 9.999999992382895275e-01 1.272111974895329817e-02 9.999971985816955566e-01 -1.424412010237574577e-03 1.904257689602673054e-03 9.825193285942077637e-01 1.426168251782655716e-03 9.999984502792358398e-01 -9.313350892625749111e-04 -1.914939959533512592e-03 -1.902919611893594265e-03 9.340522810816764832e-04 9.999977946281433105e-01 1.823769137263298035e-02 6.070816040039062500e+01
5.302168000000000000e+07 9.999990617561244077e-01 -1.369839692083239108e-03 5.106368060992023502e-06 9.724342868843165455e-01 1.369839887206261014e-03 9.999990610313801431e-01 -3.840608792469292845e-05 1.064056985872957779e-03 -5.053753082229242330e-06 3.841304679711597312e-05 9.999999992494487122e-01 1.257813495920967646e-02 9.999976754188537598e-01 -1.524866558611392975e-03 1.512048416770994663e-03 9.724467992782592773e-01 1.525492523796856403e-03 9.999988079071044922e-01 -4.202723794151097536e-04 -3.254451323300600052e-03 -1.511401962488889694e-03 4.225796437822282314e-04 9.999986886978149414e-01 1.946428976953029633e-02 6.078390502929687500e+01
5.312543000000000000e+07 9.999984324848385508e-01 -1.770410130597261560e-03 -2.599740810664127327e-05 9.476629053773863998e-01 1.770408812416136976e-03 9.999984315428933623e-01 -5.064010367164950165e-05 1.404588498045005428e-03 2.608702108252184291e-05 5.059399825254698468e-05 9.999999983798573133e-01 1.243012282301438065e-02 9.999983906745910645e-01 -1.709232921712100506e-03 -4.388798261061310768e-04 9.616070985794067383e-01 1.708446769043803215e-03 9.999969601631164551e-01 -1.763767795637249947e-03 -2.791741630062460899e-03 4.418850294314324856e-04 1.763007952831685543e-03 9.999983310699462891e-01 1.922869496047496796e-02 6.016470336914062500e+01
5.322918000000000000e+07 9.999984678776319136e-01 -1.750156216608775512e-03 -3.457982108348241662e-05 9.412321575600561818e-01 1.750154399847422609e-03 9.999984671006308945e-01 -5.249879070321091906e-05 1.406377863332458795e-03 3.467164915628158617e-05 5.243819024574474414e-05 9.999999980240565911e-01 1.238552202470408030e-02 9.999978542327880859e-01 -1.769045251421630383e-03 1.072574523277580738e-03 9.501894116401672363e-01 1.770273083820939064e-03 9.999977946281433105e-01 -1.102874870412051678e-03 -1.800826052203774452e-03 -1.070623518899083138e-03 1.104780822061002254e-03 9.999988079071044922e-01 2.027445286512374878e-02 6.021651077270507812e+01
5.333293000000000000e+07 9.999994403741236937e-01 -1.057403767737005859e-03 -3.389333765226055768e-05 9.269705978656517242e-01 1.057402071571364325e-03 9.999994396991390699e-01 -5.002313580055018597e-05 1.140017317675772086e-03 3.394621331184200245e-05 4.998726892237012511e-05 9.999999981744638333e-01 1.209782242147479370e-02 9.999952316284179688e-01 -1.676616142503917217e-03 2.584184519946575165e-03 9.373587965965270996e-01 1.678382861427962780e-03 9.999983310699462891e-01 -7.047280087135732174e-04 -1.078846631571650505e-03 -2.583006396889686584e-03 7.090604631230235100e-04 9.999964833259582520e-01 2.081735245883464813e-02 6.015843200683593750e+01
5.343655000000000000e+07 9.999991380559893894e-01 -1.312166269217066852e-03 -4.590190952786274669e-05 9.196025625138333215e-01 1.312163605194664870e-03 9.999991374298551339e-01 -5.801934124257643365e-05 1.316114550548267304e-03 4.597800095567727510e-05 5.795906041894025550e-05 9.999999972633853984e-01 1.210113494858025031e-02 9.999921917915344238e-01 -9.500759188085794449e-04 3.860619151964783669e-03 9.249030947685241699e-01 9.435481042601168156e-04 9.999980330467224121e-01 1.704610185697674751e-03 5.279150209389626980e-04 -3.862196113914251328e-03 -1.700972090475261211e-03 9.999910593032836914e-01 2.167924679815769196e-02 6.049612808227539062e+01
5.354030000000000000e+07 9.999999036321309820e-01 -4.371531738495617746e-04 -4.040828151703505577e-05 9.092133943141117447e-01 4.371509805725723864e-04 9.999999029768438241e-01 -5.427081309591298068e-05 9.035374132025051361e-04 4.043200225494177281e-05 5.425314334587315952e-05 9.999999977109247373e-01 1.181659759780270304e-02 9.999727010726928711e-01 -2.833335202012676746e-05 7.378949318081140518e-03 9.131033420562744141e-01 -4.178956260147970170e-06 9.999904632568359375e-01 4.391453228890895844e-03 5.434884224086999893e-03 -7.379042915999889374e-03 -4.391360562294721603e-03 9.999631643295288086e-01 2.068464457988739014e-02 6.009203338623046875e+01
5.364405000000000000e+07 9.999998902887682339e-01 4.654904466901738807e-04 -5.235558881067142658e-05 8.834776535453067181e-01 -4.654924862238745526e-04 9.999998908998222191e-01 -3.894998024208200623e-05 3.737972824545466623e-04 5.233745225596769877e-05 3.897434710068898748e-05 9.999999978708957737e-01 1.107555407052123256e-02 9.999799132347106934e-01 5.812168237753212452e-04 6.321514956653118134e-03 8.947013020515441895e-01 -6.254038889892399311e-04 9.999752044677734375e-01 7.007965818047523499e-03 1.046714372932910919e-02 -6.317274179309606552e-03 -7.011746522039175034e-03 9.999554753303527832e-01 2.475746907293796539e-02 6.023433685302734375e+01
5.374780000000000000e+07 9.999998585886098468e-01 5.296856163244210861e-04 -4.749643634765381758e-05 8.844829930888367109e-01 -5.296876422886288979e-04 9.999998588058681692e-01 -4.265264979757361560e-05 3.308301507013403520e-04 4.747383714660098012e-05 4.267780204109854550e-05 9.999999979624200064e-01 1.111954104807664524e-02 9.999954700469970703e-01 8.806258556433022022e-04 2.858431544154882431e-03 8.778635859489440918e-01 -8.996829274110496044e-04 9.999773502349853516e-01 6.675425451248884201e-03 1.061566639691591263e-02 -2.852536970749497414e-03 -6.677987053990364075e-03 9.999736547470092773e-01 2.553443610668182373e-02 6.007011032104492188e+01
5.385155000000000000e+07 9.999997856849665023e-01 6.476797153532148866e-04 -9.560858824568192521e-05 8.459165509823808327e-01 -6.476786156798713988e-04 9.999997901896834351e-01 1.153233959981540883e-05 6.043754712835295488e-04 9.561603744853265174e-05 -1.147041348943532202e-05 9.999999953630014371e-01 1.029799844201956423e-02 9.999981522560119629e-01 8.760976488701999187e-04 1.733965822495520115e-03 8.587424755096435547e-01 -8.875043131411075592e-04 9.999783635139465332e-01 6.521784234791994095e-03 1.068431604653596878e-02 -1.728207920677959919e-03 -6.523309741169214249e-03 9.999772310256958008e-01 2.130700089037418365e-02 6.051055908203125000e+01
5.395530000000000000e+07 9.999996410270627356e-01 8.424884213142327027e-04 -9.032745386469630505e-05 8.462268206632005407e-01 -8.424877542636297978e-04 9.999996450796028169e-01 7.422600694019243810e-06 4.639294851206210522e-04 9.033367526040616169e-05 -7.346498260339928643e-06 9.999999958929283173e-01 1.032235878009933258e-02 9.999992847442626953e-01 1.124650356359779835e-03 4.525945696514099836e-04 8.411873579025268555e-01 -1.127330004237592220e-03 9.999809265136718750e-01 6.064917892217636108e-03 7.635475136339664459e-03 -4.457724862731993198e-04 -6.065431516617536545e-03 9.999814629554748535e-01 2.297787927091121674e-02 6.108448028564453125e+01
5.405905000000000000e+07 9.999998374192051731e-01 5.562762929122422838e-04 -1.253723937833499272e-04 8.218023786807551190e-01 -5.562690656582310999e-04 9.999998436192121254e-01 5.767379298331749382e-05 9.386313113836030307e-04 1.254044567424643191e-04 -5.760404281973027774e-05 9.999999904777477910e-01 9.964284635010329377e-03 9.999989867210388184e-01 1.183458836749196053e-03 -7.224463042803108692e-04 8.234124183654785156e-01 -1.180759631097316742e-03 9.999922513961791992e-01 3.762667300179600716e-03 4.896223545074462891e-03 7.269266643561422825e-04 -3.761821193620562553e-03 9.999927282333374023e-01 2.254821360111236572e-02 6.039523315429687500e+01
5.416280000000000000e+07 9.999998369711733393e-01 5.533738020405745955e-04 -1.408370321881708504e-04 8.060824148394227784e-01 -5.533617496892237215e-04 9.999998432315987396e-01 8.560116497876374614e-05 1.079338888783984993e-03 1.408843795503738521e-04 -8.552321719860406029e-05 9.999999864186857046e-01 9.769717246235820607e-03 9.999986886978149414e-01 8.160966099239885807e-04 -1.385812996886670589e-03 8.061101436614990234e-01 -8.135768002830445766e-04 9.999980330467224121e-01 1.772194053046405315e-03 5.398905486799776554e-04 1.387250376865267754e-03 -1.771053066477179527e-03 9.999974370002746582e-01 2.282728441059589386e-02 6.019734573364257812e+01
5.426655000000000000e+07 9.999999840787129335e-01 7.995742430831464652e-05 -1.595286320290300588e-04 7.983009996002514708e-01 -7.993948588226762887e-05 9.999999904823780872e-01 1.124496446395024300e-04 1.536186876383608844e-03 1.595376216945466061e-04 -1.124368902124733090e-04 9.999999809528464789e-01 9.632705252702490964e-03 9.999973773956298828e-01 5.763131193816661835e-04 -2.201899886131286621e-03 7.940198183059692383e-01 -5.777871701866388321e-04 9.999996423721313477e-01 -6.867720512673258781e-04 -3.263311926275491714e-03 2.201523864641785622e-03 6.880430737510323524e-04 9.999972581863403320e-01 2.137154527008533478e-02 6.037059020996093750e+01
5.437018000000000000e+07 9.999999630814613294e-01 2.135866571619017031e-04 -1.679815984586179652e-04 7.801808398861386218e-01 -2.135650819697575663e-04 9.999999689458823893e-01 1.284452856438656105e-04 1.282927673943952407e-03 1.680090274406671128e-04 -1.284094058988194214e-04 9.999999776419958852e-01 9.366155285175545644e-03 9.999998211860656738e-01 5.254955030977725983e-04 -5.472112752613611519e-05 7.834764122962951660e-01 -5.255935247987508774e-04 9.999994039535522461e-01 -8.531790808774530888e-04 -5.459156818687915802e-03 5.424612754723057151e-05 8.532009669579565525e-04 9.999997019767761230e-01 2.269763499498367310e-02 6.099427032470703125e+01
5.447393000000000000e+07 9.999997312229614854e-01 7.134895512486287604e-04 -1.687799610947855755e-04 7.661409866811098590e-01 -7.134683770239753876e-04 9.999997376085951739e-01 1.254815756115137081e-04 6.476465652770005410e-04 1.688694465997372929e-04 -1.253611227223330228e-04 9.999999778838496445e-01 9.270191160566647326e-03 9.999996423721313477e-01 5.820328369736671448e-04 -6.054592668078839779e-04 7.709910869598388672e-01 -5.817490746267139912e-04 9.999997615814208984e-01 5.042671691626310349e-04 -3.548731794580817223e-03 6.057511200197041035e-04 -5.039167590439319611e-04 9.999997019767761230e-01 2.445673756301403046e-02 6.062985610961914062e+01
5.457757000000000000e+07 9.999987847093628757e-01 1.553477821162571691e-03 -1.314780930478092347e-04 7.802125274106979091e-01 -1.553466632387871110e-03 9.999987897439417406e-01 8.515929992410438052e-05 -1.418700057529313297e-04 1.316102270075767940e-04 -8.495494960310461874e-05 9.999999877307024221e-01 9.416339689371435936e-03 9.999980926513671875e-01 1.967884134501218796e-03 9.491789114690618590e-07 7.588034272193908691e-01 -1.967853400856256485e-03 9.999977946281433105e-01 7.431135745719075203e-04 -2.195579232648015022e-03 5.595705943051143549e-07 -7.431022240780293941e-04 9.999997019767761230e-01 2.366389892995357513e-02 6.056991958618164062e+01
5.468131000000000000e+07 9.999943221882596767e-01 3.367345060142304218e-03 -1.287565360603807078e-04 7.572067278000957913e-01 -3.367338327297214606e-03 9.999943291234193454e-01 5.247236372886904037e-05 -2.183950749306770751e-03 1.289324984565234033e-04 -5.203849897260140185e-05 9.999999903342025043e-01 9.392255096658775129e-03 9.999931454658508301e-01 3.632142674177885056e-03 7.474744925275444984e-04 7.458858489990234375e-01 -3.632948733866214752e-03 9.999927878379821777e-01 1.056650071404874325e-03 -3.184995381161570549e-03 -7.436515879817306995e-04 -1.059366273693740368e-03 9.999991059303283691e-01 2.072796039283275604e-02 6.027993774414062500e+01
5.478506000000000000e+07 9.999870878820851239e-01 5.079906220828885911e-03 -1.364638424532528267e-04 7.410122656344778624e-01 -5.079904353719018155e-03 9.999870971045256018e-01 1.402521644318277745e-05 -4.004412184895014826e-03 1.365333284575084947e-04 -1.333181209357653861e-05 9.999999905904566333e-01 9.628620046677608887e-03 9.999827742576599121e-01 5.711728706955909729e-03 1.333644380792975426e-03 7.369775772094726562e-01 -5.716427695006132126e-03 9.999772310256958008e-01 3.595863003283739090e-03 -2.114763949066400528e-03 -1.313028158619999886e-03 -3.603417426347732544e-03 9.999926090240478516e-01 2.279788069427013397e-02 6.026742553710937500e+01
5.488880000000000000e+07 9.999787317705575163e-01 6.520535510414563092e-03 -1.364706864564450449e-04 7.274854867815767623e-01 -6.520536597705055108e-03 9.999787410474852978e-01 -7.523790518310974152e-06 -5.445172232267054407e-03 1.364187260906291033e-04 8.413492584335553151e-06 9.999999906595723465e-01 9.898523814161295023e-03 9.999733567237854004e-01 7.110563106834888458e-03 1.631637918762862682e-03 7.234820127487182617e-01 -7.111940532922744751e-03 9.999744296073913574e-01 7.935065659694373608e-04 -7.559182122349739075e-03 -1.625967095606029034e-03 -8.050959440879523754e-04 9.999984502792358398e-01 2.508197538554668427e-02 6.112783813476562500e+01
5.499268000000000000e+07 9.999770781501126082e-01 6.768397919099942636e-03 -1.787868717876425154e-04 7.116536655380403253e-01 -6.768397771375413846e-03 9.999770941328268714e-01 1.431304844447697101e-06 -5.714225875037872750e-03 1.787924641599414853e-04 -2.211713921436096533e-07 9.999999840166030607e-01 1.006989056828680972e-02 9.999769330024719238e-01 6.773743778467178345e-03 -3.993579302914440632e-04 7.079215049743652344e-01 -6.772746797651052475e-03 9.999740719795227051e-01 2.429182874038815498e-03 -7.457185536623001099e-03 4.157871298957616091e-04 -2.426426392048597336e-03 9.999969601631164551e-01 2.648783288896083832e-02 6.030931091308593750e+01
5.509643000000000000e+07 9.999752184438831515e-01 7.038668217934279658e-03 -1.401694855483135436e-04 7.234210360444600640e-01 -7.038670452122947063e-03 9.999752281327536352e-01 -1.545226860017541023e-05 -5.934451895286650680e-03 1.400572498957616265e-04 1.643849249192335253e-05 9.999999900568712352e-01 1.002184859674171147e-02 9.999592900276184082e-01 7.442814297974109650e-03 -5.116341635584831238e-03 7.001923918724060059e-01 -7.431101985275745392e-03 9.999697804450988770e-01 2.297405386343598366e-03 -6.609900854527950287e-03 5.133295897394418716e-03 -2.259293338283896446e-03 9.999842643737792969e-01 2.577890455722808838e-02 6.007638549804687500e+01
5.520018000000000000e+07 9.999702531115365334e-01 7.711355683606867760e-03 -1.669954372866859428e-04 7.013546012137461538e-01 -7.711358822134286618e-03 9.999702668666178296e-01 -1.815836338075716382e-05 -6.578889459142892200e-03 1.668504463950578167e-04 1.944558492329326001e-05 9.999999858913992679e-01 1.010127260534644626e-02 9.999471306800842285e-01 8.310928940773010254e-03 -6.048091687262058258e-03 6.988865733146667480e-01 -8.291754871606826782e-03 9.999606013298034668e-01 3.196753794327378273e-03 -7.527126930654048920e-03 6.074360571801662445e-03 -3.146429313346743584e-03 9.999765753746032715e-01 2.074773609638214111e-02 6.025936126708984375e+01
5.530405000000000000e+07 9.999531022799810209e-01 9.683952065763248157e-03 -1.196491154559912903e-04 7.067396654914255283e-01 -9.683971005770376783e-03 9.999530966544057931e-01 -1.587441511537485584e-04 -8.504141339319183646e-03 1.181062328090784632e-04 1.598953849445726232e-04 9.999999802421922768e-01 1.008116310549440550e-02 9.999468326568603516e-01 9.887531399726867676e-03 -2.924173604696989059e-03 7.020152211189270020e-01 -9.884124621748924255e-03 9.999504685401916504e-01 1.151946722529828548e-03 -1.039982028305530548e-02 2.935484750196337700e-03 -1.122974674217402935e-03 9.999950528144836426e-01 1.502273138612508774e-02 6.078335952758789062e+01
5.540781000000000000e+07 9.999355449287202768e-01 1.135345564688458077e-02 -7.094198933775552884e-05 7.249794595411166442e-01 -1.135347359155837281e-02 9.999355139872755371e-01 -2.578840772381874708e-04 -1.008736909048297929e-02 6.800953913395558397e-05 2.586728933053801809e-04 9.999999642315177129e-01 1.014392692824351086e-02 9.999279975891113281e-01 1.189711224287748337e-02 1.624343218281865120e-03 7.142571806907653809e-01 -1.189828850328922272e-02 9.999290108680725098e-01 6.914459518156945705e-04 -1.355689391493797302e-02 -1.616025227122008801e-03 -7.107271812856197357e-04 9.999984502792358398e-01 1.737093739211559296e-02 5.992425537109375000e+01
5.551168000000000000e+07 9.999393233576229223e-01 1.101551320300716945e-02 -8.985609365394358358e-05 7.062117431067617135e-01 -1.101553683999370072e-02 9.999392915031184437e-01 -2.669429025088949220e-04 -9.829193516682644544e-03 8.691012561057110460e-05 2.679165184026069619e-04 9.999999603336845455e-01 9.968637252445297983e-03 9.998978376388549805e-01 1.240398641675710678e-02 7.097522728145122528e-03 7.201424837112426758e-01 -1.242640521377325058e-02 9.999178647994995117e-01 3.121818648651242256e-03 -8.035860955715179443e-03 -7.058208342641592026e-03 -3.209703369066119194e-03 9.999699592590332031e-01 2.089079283177852631e-02 5.976380920410156250e+01
5.561543000000000000e+07 9.999346698497015851e-01 1.143033714556447589e-02 -5.854626465578183247e-05 7.292275827404013366e-01 -1.143035161282621170e-02 9.999346393814152467e-01 -2.530405606733542642e-04 -1.014872698853784908e-02 5.565009916797814796e-05 2.536932338743477702e-04 9.999999662714048609e-01 1.018684503605338937e-02 9.999154210090637207e-01 1.139350980520248413e-02 6.270547863095998764e-03 7.250546216964721680e-01 -1.139281690120697021e-02 9.999350905418395996e-01 -1.547758583910763264e-04 -1.188068836927413940e-02 -6.271945778280496597e-03 8.330798300448805094e-05 9.999803900718688965e-01 1.941379159688949585e-02 5.958310317993164062e+01
5.571918000000000000e+07 9.999433567023865432e-01 1.064333734840727796e-02 -5.245972402717951954e-05 7.379361070010425072e-01 -1.064334617588953355e-02 9.999433433687839878e-01 -1.709672716796184499e-04 -9.294916524751537651e-03 5.063708941022330117e-05 1.715159345560678822e-04 9.999999840090838532e-01 1.030718349310450442e-02 9.999194145202636719e-01 1.170328631997108459e-02 4.923235625028610229e-03 7.305856943130493164e-01 -1.169981248676776886e-02 9.999312758445739746e-01 -7.196536171250045300e-04 -1.312972884625196457e-02 -4.931249190121889114e-03 6.620044005103409290e-04 9.999875426292419434e-01 2.126037143170833588e-02 5.944387054443359375e+01
5.582293000000000000e+07 9.999469795364753777e-01 1.029714181482883906e-02 -8.361834778507757672e-05 7.228120812913546578e-01 -1.029715645881117136e-02 9.999469672822204336e-01 -1.766285854851776097e-04 -9.037076918887309782e-03 8.179514378160008224e-05 1.774802517198695458e-04 9.999999809051581812e-01 1.019851856129660311e-02 9.999327659606933594e-01 1.140810642391443253e-02 2.095245290547609329e-03 7.283415198326110840e-01 -1.140419207513332367e-02 9.999331831932067871e-01 -1.907357946038246155e-03 -1.129710394889116287e-02 -2.116916468366980553e-03 1.883329008705914021e-03 9.999960660934448242e-01 2.009415067732334137e-02 5.962268829345703125e+01
5.592668000000000000e+07 9.999504438548645346e-01 9.955118197315112813e-03 -7.385684490093952779e-05 7.306619905249226443e-01 -9.955127635919566384e-03 9.999504382257006219e-01 -1.285483504564469603e-04 -8.635958324358304974e-03 7.257347038492222740e-05 1.292772344230946403e-04 9.999999890102437838e-01 1.028936158531074119e-02 9.999396800994873047e-01 1.088531035929918289e-02 -1.448026625439524651e-03 7.323727011680603027e-01 -1.088928338140249252e-02 9.999365806579589844e-01 -2.873698482289910316e-03 -1.189737301319837570e-02 1.416608807630836964e-03 2.889310708269476891e-03 9.999947547912597656e-01 1.799185201525688171e-02 5.944291305541992188e+01
5.603043000000000000e+07 9.999658576149367262e-01 8.262742040665821408e-03 -1.034412632923919860e-04 7.295000007393822594e-01 -8.262747011565679811e-03 9.999658617854293441e-01 -4.772051694772307611e-05 -7.036958262226434418e-03 1.030434296806765330e-04 4.857359662334421172e-05 9.999999935113288441e-01 1.015709125772459517e-02 9.999541044235229492e-01 8.827038109302520752e-03 -3.724505892023444176e-03 7.318136096000671387e-01 -8.842638693749904633e-03 9.999521970748901367e-01 -4.180753603577613831e-03 -1.329809334129095078e-02 3.687507472932338715e-03 4.213485866785049438e-03 9.999843239784240723e-01 1.687077805399894714e-02 5.924076843261718750e+01
5.613405000000000000e+07 9.999771689440896116e-01 6.756116629891261924e-03 -1.283641183851623024e-04 7.304187050003707604e-01 -6.756118612580418875e-03 9.999771770567759122e-01 -1.501847715751041052e-05 -5.654359029812873819e-03 1.282597221519246643e-04 1.588537750390949126e-05 9.999999916485489138e-01 9.906545362214443443e-03 9.999569654464721680e-01 7.577912881970405579e-03 -5.344307515770196915e-03 7.369209527969360352e-01 -7.611477747559547424e-03 9.999513626098632812e-01 -6.265080999583005905e-03 -1.623836159706115723e-02 5.296577699482440948e-03 6.305486429482698441e-03 9.999660849571228027e-01 1.090404950082302094e-02 5.896371078491210938e+01
5.623780000000000000e+07 9.999832049348030827e-01 5.794829350743373186e-03 -9.899944750529674040e-05 7.502857822222650519e-01 -5.794830099930993114e-03 9.999832098044719730e-01 -7.282425814707766098e-06 -4.623486095403611662e-03 9.895558487006681013e-05 7.855988488009116191e-06 9.999999950730378284e-01 9.699360963278428130e-03 9.999771118164062500e-01 6.317306309938430786e-03 -2.427725121378898621e-03 7.468932271003723145e-01 -6.333442870527505875e-03 9.999574422836303711e-01 -6.716197822242975235e-03 -1.505093835294246674e-02 2.385176718235015869e-03 6.731428205966949463e-03 9.999744892120361328e-01 8.167783729732036591e-03 5.910652923583984375e+01
5.634158000000000000e+07 9.999866675862587595e-01 5.163512480419840504e-03 -5.280474049397417398e-05 7.728456762874309494e-01 -5.163512824890204196e-03 9.999866689582576074e-01 -6.389226277156899393e-06 -3.833393699740996960e-03 5.277104570183231296e-05 6.661799050691460998e-06 9.999999985854185480e-01 9.631442274905251816e-03 9.999751448631286621e-01 5.803355015814304352e-03 4.009659402072429657e-03 7.563754916191101074e-01 -5.779847968369722366e-03 9.999662041664123535e-01 -5.843542981892824173e-03 -1.120434235781431198e-02 -4.043483175337314606e-03 5.820238497108221054e-03 9.999748468399047852e-01 5.776557140052318573e-03 5.955657577514648438e+01
5.644535000000000000e+07 9.999885438490068168e-01 4.786353886302064861e-03 -5.465671688629052398e-05 7.848661743030028726e-01 -4.786354352740617574e-03 9.999885453051359230e-01 -8.406353118807669711e-06 -3.341510903507061495e-03 5.461585502960394065e-05 8.667863227548629342e-06 9.999999984709883050e-01 9.738939553070147248e-03 9.998854994773864746e-01 5.243800580501556396e-03 1.419308409094810486e-02 7.773737907409667969e-01 -5.200353916734457016e-03 9.999817013740539551e-01 -3.097960259765386581e-03 -1.011862140148878098e-02 -1.420906558632850647e-02 3.023789264261722565e-03 9.998944997787475586e-01 9.988104924559593201e-03 5.905177688598632812e+01
5.654907000000000000e+07 9.999907142079619282e-01 4.308955194780201246e-03 -6.635407691210501663e-05 7.834232855252948324e-01 -4.308954886411192099e-03 9.999907163992727277e-01 4.789583687300367695e-06 -2.888711671371696488e-03 6.637409900898380349e-05 -4.503622486489756993e-06 9.999999977870981382e-01 9.656970715071136815e-03 9.998592734336853027e-01 4.468346480280160904e-03 1.617246493697166443e-02 7.888128161430358887e-01 -4.483544267714023590e-03 9.999895095825195312e-01 9.080527815967798233e-04 1.265506725758314133e-03 -1.616825908422470093e-02 -9.804200381040573120e-04 9.998688101768493652e-01 1.673087477684020996e-02 5.942054367065429688e+01
5.665294000000000000e+07 9.999911993111757491e-01 4.194923240250323683e-03 -6.260209341722372599e-05 7.954895749588181131e-01 -4.194923805279891955e-03 9.999912012287538454e-01 -8.897154487942935595e-06 -2.640823897011058789e-03 6.256421971519772907e-05 9.159687201514732813e-06 9.999999980009092182e-01 9.795480528105386317e-03 9.998486638069152832e-01 5.781239364296197891e-03 1.640556380152702332e-02 7.901656627655029297e-01 -5.817994941025972366e-03 9.999806880950927734e-01 2.184778684750199318e-03 2.296790480613708496e-03 -1.639259420335292816e-02 -2.279928419739007950e-03 9.998630285263061523e-01 2.213767357170581818e-02 6.008601760864257812e+01
5.675668000000000000e+07 9.999849505461413379e-01 5.486068175912980557e-03 -4.168504325658371756e-05 7.802567117401809638e-01 -5.486069163664212059e-03 9.999849511306406757e-01 -2.361829810769673426e-05 -4.075168690132908826e-03 4.155484435210913402e-05 2.384662969224939468e-05 9.999999988522666472e-01 9.765117476666768798e-03 9.999722242355346680e-01 6.151333916932344437e-03 4.201162606477737427e-03 7.875015139579772949e-01 -6.148034241050481796e-03 9.999808073043823242e-01 -7.825358770787715912e-04 -1.566349179483950138e-03 -4.205837845802307129e-03 7.566835265606641769e-04 9.999908804893493652e-01 2.451421506702899933e-02 6.003254318237304688e+01
5.686044000000000000e+07 9.999842457471802559e-01 5.613119338597360834e-03 -3.389753165745140528e-05 7.942757090215576410e-01 -5.613120815921424263e-03 9.999842453609458781e-01 -4.364532493478415724e-05 -4.068761089355137604e-03 3.365201119905234867e-05 4.383490827399627766e-05 9.999999984730214564e-01 9.971235952393731755e-03 9.999792575836181641e-01 5.904846359044313431e-03 -2.579285996034741402e-03 7.897569537162780762e-01 -5.902738776057958603e-03 9.999822378158569336e-01 7.953742169775068760e-04 2.537591717555187643e-05 2.583892317488789558e-03 -7.801272440701723099e-04 9.999963641166687012e-01 1.987455226480960846e-02 6.015983963012695312e+01
5.696428000000000000e+07 9.999817393177847791e-01 6.043195129390854271e-03 -2.870581705674187520e-05 7.893861430301511994e-01 -6.043196516578243534e-03 9.999817385459600638e-01 -4.848586467147594071e-05 -4.555127828485636826e-03 2.841228330891430417e-05 4.865845417817751660e-05 9.999999984125484964e-01 9.951096623414742992e-03 9.999764561653137207e-01 6.575582548975944519e-03 -1.976788043975830078e-03 7.932630181312561035e-01 -6.576322484761476517e-03 9.999783039093017578e-01 -3.359503461979329586e-04 1.055564935086295009e-04 1.974536338821053505e-03 3.489674127195030451e-04 9.999979734420776367e-01 1.608294248580932617e-02 5.994556808471679688e+01
5.706806000000000000e+07 9.999848463891617412e-01 5.505094096573646956e-03 -3.048702160580570112e-05 8.015692509076273176e-01 -5.505095627989743320e-03 9.999848455764906996e-01 -5.037772009301715200e-05 -3.927685263911297534e-03 3.020922548865779698e-05 5.054479066668172678e-05 9.999999982663133613e-01 1.002727406011030137e-02 9.999718666076660156e-01 6.121315993368625641e-03 4.337248858064413071e-03 8.056803345680236816e-01 -6.098414305597543716e-03 9.999675750732421875e-01 -5.257873795926570892e-03 -6.918393541127443314e-03 -4.369361326098442078e-03 5.231277085840702057e-03 9.999768137931823730e-01 1.182487048208713531e-02 5.971958541870117188e+01
5.717189000000000000e+07 9.999845902832942279e-01 5.551433750547787697e-03 -2.792435911738110857e-05 7.965589979263913989e-01 -5.551434980095497872e-03 9.999845896918090338e-01 -4.414827819347984038e-05 -4.004764433619733069e-03 2.767884255682652862e-05 4.430261814249539140e-05 9.999999986355798676e-01 9.975444938178687493e-03 9.999594688415527344e-01 6.270250771194696426e-03 6.457094568759202957e-03 8.064166903495788574e-01 -6.247926037758588791e-03 9.999744296073913574e-01 -3.476056735962629318e-03 -6.475744303315877914e-03 -6.478684488683938980e-03 3.435573773458600044e-03 9.999731183052062988e-01 1.210471242666244507e-02 6.024969482421875000e+01
5.727556000000000000e+07 9.999854305281882239e-01 5.397920542777616751e-03 -3.443200194257548652e-05 8.015599658817962325e-01 -5.397922176371956413e-03 9.999854299826451687e-01 -4.752890527233580916e-05 -3.809526949130959302e-03 3.417494301704735257e-05 4.771407406564398275e-05 9.999999982777202368e-01 1.002322129698953596e-02 9.999704957008361816e-01 6.621398497372865677e-03 3.905755933374166489e-03 8.089231848716735840e-01 -6.601203698664903641e-03 9.999648928642272949e-01 -5.162696354091167450e-03 -1.277514174580574036e-02 -3.939776681363582611e-03 5.136744584888219833e-03 9.999790787696838379e-01 1.764521189033985138e-02 5.998764801025390625e+01
5.737933000000000000e+07 9.999861829285944248e-01 5.256704696108708934e-03 -3.174111527538922317e-05 8.046774198942708844e-01 -5.256706183268474060e-03 9.999861823222462309e-01 -4.695255944501776417e-05 -3.652259697277015788e-03 3.149386094591217594e-05 4.711876441592056176e-05 9.999999983939793502e-01 1.003557359164542612e-02 9.999827742576599121e-01 5.448918323963880539e-03 2.160372212529182434e-03 7.995506525039672852e-01 -5.440395325422286987e-03 9.999773502349853516e-01 -3.960331901907920837e-03 -8.941943757236003876e-03 -2.181823365390300751e-03 3.948492929339408875e-03 9.999898076057434082e-01 1.789528504014015198e-02 6.000352096557617188e+01
5.748306000000000000e+07 9.999851000049883032e-01 5.458781550208843987e-03 -3.838972165744940977e-05 7.910096018813274066e-01 -5.458783004810066446e-03 9.999851000161744663e-01 -3.788822916514322212e-05 -3.945940728448854400e-03 3.818232609719936151e-05 3.809722577844715821e-05 9.999999985453558171e-01 9.895844307396015754e-03 9.999803900718688965e-01 6.098206620663404465e-03 -1.449568429961800575e-03 7.918568253517150879e-01 -6.101819220930337906e-03 9.999781847000122070e-01 -2.552624559029936790e-03 -4.680403508245944977e-03 1.433891477063298225e-03 2.561441389843821526e-03 9.999957084655761719e-01 1.254024542868137360e-02 6.012752151489257812e+01
5.758681000000000000e+07 9.999822519898045048e-01 5.957763740218324604e-03 -2.754085293047129100e-05 7.890821466327847533e-01 -5.957765004061044319e-03 9.999822513017737613e-01 -4.603777100706549035e-05 -4.485669582919023235e-03 2.726608196797915658e-05 4.620103584934314768e-05 9.999999985610126263e-01 9.935015820323557512e-03 9.999790787696838379e-01 6.317974999547004700e-03 -1.412198529578745365e-03 7.891081571578979492e-01 -6.319594569504261017e-03 9.999794363975524902e-01 -1.121902489103376865e-03 -3.015616210177540779e-03 1.405052840709686279e-03 1.130810822360217571e-03 9.999983906745910645e-01 1.325021125376224518e-02 6.001657485961914062e+01
5.769056000000000000e+07 9.999803832470420817e-01 6.263595562616737326e-03 -2.215215739887180284e-05 7.870126073680236978e-01 -6.263596688180625947e-03 9.999803821791356517e-01 -5.111153254491650281e-05 -4.812026649732532163e-03 2.183158084512692131e-05 5.124928208587060252e-05 9.999999984484465587e-01 9.939003764521099279e-03 9.999759197235107422e-01 6.900107488036155701e-03 6.867310730740427971e-04 7.849974632263183594e-01 -6.900298409163951874e-03 9.999760985374450684e-01 3.415777173358947039e-04 -2.315559831913560629e-04 -6.843591690994799137e-04 -3.462947206571698189e-04 9.999997019767761230e-01 1.226252038031816483e-02 6.054240036010742188e+01
5.779430000000000000e+07 9.999700613863958809e-01 7.737979289834747212e-03 -2.826798320255329639e-06 7.746126703674174330e-01 -7.737979474159587326e-03 9.999700587705560029e-01 -7.236477990907166436e-05 -6.341337999800949338e-03 2.266756519736168168e-06 7.238448711507191517e-05 9.999999973776739770e-01 1.001406008608454051e-02 9.999624490737915039e-01 8.612992241978645325e-03 9.858841076493263245e-04 7.769849896430969238e-01 -8.614161983132362366e-03 9.999623298645019531e-01 1.047261524945497513e-03 -7.771729724481701851e-04 -9.768131421878933907e-04 -1.055739820003509521e-03 9.999989867210388184e-01 1.514307688921689987e-02 6.094828796386718750e+01
5.789820000000000000e+07 9.999598636693128872e-01 8.959400003360666956e-03 1.433699314805399606e-05 7.738946765796977934e-01 -8.959398449953344043e-03 9.999598582759303689e-01 -1.049748405596682440e-04 -7.512965643459082812e-03 -1.527692918207185506e-05 1.048421764263842408e-04 9.999999943873669750e-01 1.017048528532921159e-02 9.999521970748901367e-01 9.777171537280082703e-03 -4.534265826805494726e-05 7.708180546760559082e-01 -9.777145460247993469e-03 9.999515414237976074e-01 -1.159703126177191734e-03 -5.059728398919105530e-03 3.405961979296989739e-05 1.160083687864243984e-03 9.999992847442626953e-01 1.624940149486064911e-02 6.019244766235351562e+01
5.800193000000000000e+07 9.999514209591033875e-01 9.856737372485572732e-03 -2.115841017174736289e-05 7.533727844766316961e-01 -9.856739503047136711e-03 9.999514158498792327e-01 -1.030709901124750002e-04 -8.436910963522576551e-03 2.014143850129752094e-05 1.032745359653592125e-04 9.999999944643461758e-01 1.027050455445041935e-02 9.999440908432006836e-01 1.057554036378860474e-02 -1.318700524279847741e-04 7.596822977066040039e-01 -1.057579368352890015e-02 9.999399185180664062e-01 -2.887339796870946884e-03 -9.180362336337566376e-03 1.012791544781066477e-04 2.888587070629000664e-03 9.999958276748657227e-01 1.752021536231040955e-02 6.053955078125000000e+01
5.810581000000000000e+07 9.999489797787400880e-01 1.010137091730508620e-02 1.205552945440374623e-05 7.637391767478448612e-01 -1.010136945740384116e-02 9.999489731876959331e-01 -1.155692238376494291e-04 -8.654893624130043095e-03 -1.322232189248288652e-05 1.154415501136150018e-04 9.999999932492094068e-01 1.030244257825626078e-02 9.999408125877380371e-01 1.084992941468954086e-02 8.615264669060707092e-04 7.549852728843688965e-01 -1.084887795150279999e-02 9.999403357505798340e-01 -1.274825190193951130e-03 -4.933631513267755508e-03 -8.753272704780101776e-04 1.265413942746818066e-03 9.999988079071044922e-01 1.897615939378738403e-02 6.049552154541015625e+01
5.820968000000000000e+07 9.999562429339854397e-01 9.354746911635064902e-03 -3.046417624173689088e-05 7.505270975181236315e-01 -9.354749564096929634e-03 9.999562394903219742e-01 -8.812187776698230063e-05 -7.984724696850339920e-03 2.963848525467174472e-05 8.840300654997644981e-05 9.999999956532342749e-01 1.017622653581846254e-02 9.999434947967529297e-01 1.056633610278367996e-02 1.170977600850164890e-03 7.436383366584777832e-01 -1.056622806936502457e-02 9.999441504478454590e-01 -9.586779196979478002e-05 -4.300668369978666306e-03 -1.171868760138750076e-03 8.348303526872768998e-05 9.999992847442626953e-01 1.845433004200458527e-02 6.002934265136718750e+01
5.831344000000000000e+07 9.999524931901109248e-01 9.746919059998127716e-03 -9.452520888143060569e-05 7.211528936196254236e-01 -9.746930630433092019e-03 9.999524900136671501e-01 -1.227275387161506199e-04 -8.463770802001372232e-03 9.332450264540285566e-05 1.236430389443357613e-04 9.999999880014683873e-01 1.021047912981785759e-02 9.999447464942932129e-01 1.043641101568937302e-02 -1.221045036800205708e-03 7.292209863662719727e-01 -1.044097077101469040e-02 9.999385476112365723e-01 -3.727237926796078682e-03 -8.402548730373382568e-03 1.182029722258448601e-03 3.739755833521485329e-03 9.999923110008239746e-01 1.769768260419368744e-02 6.006320190429687500e+01
5.841731000000000000e+07 9.999441203016338209e-01 1.057126706695305125e-02 -6.776897802550016503e-05 7.309050170343897035e-01 -1.057127842899513274e-02 9.999441081032319767e-01 -1.695519198723787792e-04 -9.241691052649459240e-03 6.597281175600711034e-05 1.702588500608315757e-04 9.999999833297568141e-01 1.024593919270174423e-02 9.999306201934814453e-01 1.085110846906900406e-02 -4.590833093971014023e-03 7.197712063789367676e-01 -1.085229218006134033e-02 9.999410510063171387e-01 -2.418707736069336534e-04 -5.130173172801733017e-03 4.587889183312654495e-03 2.916934899985790253e-04 9.999895095825195312e-01 1.952407509088516235e-02 5.989884948730468750e+01
5.852106000000000000e+07 9.999268270175273310e-01 1.209698189096053422e-02 -6.035338549334358230e-05 7.072589968122973136e-01 -1.209700179829256012e-02 9.999267703949290542e-01 -3.411712217418896376e-04 -1.090842814365116514e-02 5.622182382502598154e-05 3.418763522256980077e-04 9.999999399798324973e-01 9.825508140977478114e-03 9.998774528503417969e-01 1.287828199565410614e-02 -8.901895023882389069e-03 7.138031125068664551e-01 -1.284523028880357742e-02 9.999104142189025879e-01 3.765869187191128731e-03 1.120179658755660057e-03 8.949577808380126953e-03 -3.651054110378026962e-03 9.999532103538513184e-01 1.553429104387760162e-02 6.004102325439453125e+01
5.862493000000000000e+07 9.999070629679729372e-01 1.363323548878505112e-02 -1.764391556912532679e-05 7.085437438509294417e-01 -1.363324213037981486e-02 9.999069585749853495e-01 -4.570522606268057281e-04 -1.241173565682350197e-02 1.141117266777543935e-05 4.572503273252302627e-04 9.999998953959530201e-01 9.663701550891553096e-03 9.998598098754882812e-01 1.481049973517656326e-02 -7.808028720319271088e-03 7.080584168434143066e-01 -1.475322153419256210e-02 9.998641610145568848e-01 7.340769749134778976e-03 6.531578488647937775e-03 7.915751077234745026e-03 -7.224574219435453415e-03 9.999425411224365234e-01 1.470348052680492401e-02 6.054617691040039062e+01
5.872868000000000000e+07 9.998735728683953994e-01 1.590083427578180969e-02 4.183693406629464522e-05 7.074117610852795890e-01 -1.590080598411237195e-02 9.998733901290604020e-01 -6.066980162746922305e-04 -1.459395072786828264e-02 -5.147864164848899114e-05 6.059560722178965360e-04 9.999998150835780475e-01 9.396425438334469332e-03 9.998365640640258789e-01 1.727658137679100037e-02 -5.340053699910640717e-03 7.178731560707092285e-01 -1.726467348635196686e-02 9.998484849929809570e-01 2.257979474961757660e-03 -4.820761270821094513e-03 5.378351081162691116e-03 -2.165421145036816597e-03 9.999831914901733398e-01 1.335827540606260300e-02 6.051353454589843750e+01
5.883268000000000000e+07 9.998239525578845877e-01 1.876315405607300799e-02 8.909196409888472858e-05 6.956287674324252990e-01 -1.876307224796000886e-02 9.998236016759480815e-01 -8.441845332244324838e-04 -1.756906148027516726e-02 -1.049158130549907595e-04 8.423642777168082775e-04 9.999996397074788490e-01 9.158579108836767749e-03 9.998068213462829590e-01 1.932267285883426666e-02 -3.599368268623948097e-03 7.028584480285644531e-01 -1.933418028056621552e-02 9.998080134391784668e-01 -3.182853572070598602e-03 -1.511557213962078094e-02 3.537111449986696243e-03 3.251857124269008636e-03 9.999884366989135742e-01 1.030756533145904541e-02 5.982790374755859375e+01
5.893658000000000000e+07 9.997880908496180608e-01 2.058543391062501310e-02 1.152857876844681252e-04 6.990255351472330902e-01 -2.058531604655060993e-02 9.997876541069143919e-01 -9.441628307420036345e-04 -1.937972683124925335e-02 -1.346973094690380977e-04 9.415895595314254787e-04 9.999995476327495636e-01 9.055563992492793660e-03 9.997740387916564941e-01 2.086710371077060699e-02 -4.043275956064462662e-03 7.105359435081481934e-01 -2.088078297674655914e-02 9.997762441635131836e-01 -3.384723095223307610e-03 -2.015831135213375092e-02 3.971678204834461212e-03 3.468394977971911430e-03 9.999861121177673340e-01 1.293966919183731079e-02 6.026774215698242188e+01
5.904043000000000000e+07 9.997703691927373182e-01 2.142880530428865546e-02 1.233212725889462277e-04 6.952606860660849319e-01 -2.142866745280251964e-02 9.997698516184557738e-01 -1.027631618047511377e-03 -2.025015263240841426e-02 -1.453138072746553225e-04 1.024753031758993214e-03 9.999994643824413609e-01 9.050007694211005191e-03 9.997498393058776855e-01 2.134733274579048157e-02 -6.685377564281225204e-03 7.138745188713073730e-01 -2.138424478471279144e-02 9.997562170028686523e-01 -5.486968904733657837e-03 -2.497445046901702881e-02 6.566699128597974777e-03 5.628528539091348648e-03 9.999626278877258301e-01 1.484537962824106216e-02 5.988735961914062500e+01
5.914431000000000000e+07 9.997846597148887238e-01 2.075137850961842126e-02 1.204316062140659379e-04 6.912563060663601266e-01 -2.075124874980220982e-02 9.997841757097259974e-01 -9.938263521999180557e-04 -1.957258799250508746e-02 -1.410288802363188036e-04 9.911132352267250974e-04 9.999994989025968728e-01 9.023301330521489583e-03 9.997598528861999512e-01 2.071237564086914062e-02 -7.155755069106817245e-03 7.071319818496704102e-01 -2.075731568038463593e-02 9.997649788856506348e-01 -6.271558813750743866e-03 -2.620660513639450073e-02 7.024138700217008591e-03 6.418609060347080231e-03 9.999547004699707031e-01 1.346514094620943069e-02 5.957334518432617188e+01
5.924819000000000000e+07 9.997866675976878614e-01 2.065447945729700918e-02 1.084015530246235396e-04 7.076131154641138732e-01 -2.065437097891034690e-02 9.997862513364680348e-01 -9.211821941524901908e-04 -1.944392600591686449e-02 -1.274049219945270735e-04 9.187467101292471966e-04 9.999995698361201502e-01 9.117465152692860036e-03 9.997794032096862793e-01 2.039142139256000519e-02 -5.036249756813049316e-03 7.297435402870178223e-01 -2.043108455836772919e-02 9.997595548629760742e-01 -7.956359535455703735e-03 -2.961577102541923523e-02 4.872749559581279755e-03 8.057506754994392395e-03 9.999555945396423340e-01 1.444966159760951996e-02 5.921651077270507812e+01
5.935206000000000000e+07 9.998177472093648932e-01 1.909091685810048247e-02 9.637344008839527146e-05 7.222122961695993659e-01 -1.909083747027063779e-02 9.998174594755576683e-01 -7.666040070498662731e-04 -1.786763543775360397e-02 -1.109910202234999123e-04 7.646244418073029712e-04 9.999997015152075619e-01 9.239866175051089300e-03 9.998065233230590820e-01 1.956755295395851135e-02 -1.970187993720173836e-03 7.276660203933715820e-01 -1.957798562943935394e-02 9.997936487197875977e-01 -5.434369668364524841e-03 -2.537215501070022583e-02 1.863567507825791836e-03 5.471881013363599777e-03 9.999833106994628906e-01 7.498546037822961807e-03 5.923984146118164062e+01
5.945581000000000000e+07 9.998470211538402763e-01 1.749081866605040059e-02 7.449755235809342934e-05 7.404875295034496485e-01 -1.749076981438849737e-02 9.998468372018873840e-01 -6.124592898539693705e-04 -1.623399182304238048e-02 -8.519855656407212554e-05 6.110625769879660845e-04 9.999998096718469842e-01 9.477753937182436042e-03 9.998224377632141113e-01 1.833575963973999023e-02 4.354374017566442490e-03 7.489604949951171875e-01 -1.832562685012817383e-02 9.998292326927185059e-01 -2.356464508920907974e-03 -2.000043354928493500e-02 -4.396942909806966782e-03 2.276257146149873734e-03 9.999877214431762695e-01 9.548611007630825043e-03 5.911049652099609375e+01
5.955956000000000000e+07 9.998935122124792407e-01 1.459327498011180752e-02 2.364309720233269386e-05 7.619439374260368325e-01 -1.459326531172695091e-02 9.998934451092756914e-01 -3.674687643042291989e-04 -1.313792993187661885e-02 -2.900315068286832992e-05 3.670846033751115362e-04 9.999999322038527483e-01 1.008222531690336141e-02 9.998451471328735352e-01 1.557507831603288651e-02 8.191606961190700531e-03 7.562625408172607422e-01 -1.558133214712142944e-02 9.998783469200134277e-01 7.025066879577934742e-04 -1.186699885874986649e-02 -8.179675787687301636e-03 -8.300307090394198895e-04 9.999662041664123535e-01 1.320443768054246902e-02 5.856169509887695312e+01
5.966331000000000000e+07 9.999326413644757938e-01 1.160653559640563090e-02 3.266120609407748427e-05 7.673350357324373316e-01 -1.160652967349206505e-02 9.999326264707101286e-01 -1.760391098687755218e-04 -1.010386242301198126e-02 -3.470220976655156883e-05 1.756481688610185478e-04 9.999999839717387262e-01 1.043404304563346971e-02 9.998582601547241211e-01 1.330841146409511566e-02 1.031856238842010498e-02 7.542566657066345215e-01 -1.327060721814632416e-02 9.999049305915832520e-01 -3.729043994098901749e-03 -1.545250508934259415e-02 -1.036722864955663681e-02 3.591574029996991158e-03 9.999397993087768555e-01 1.303547900170087814e-02 5.986243057250976562e+01
5.976694000000000000e+07 9.999494874355063789e-01 1.005092882330841340e-02 -3.749531572005833201e-05 7.447588888004674779e-01 -1.005093251063079486e-02 9.999494831526484218e-01 -9.948396770327402210e-05 -8.619468774119280752e-03 3.649351528300369575e-05 9.985580540570535685e-05 9.999999943485206044e-01 1.031945982130559950e-02 9.999337196350097656e-01 1.003488339483737946e-02 5.643150769174098969e-03 7.612465620040893555e-01 -1.002651918679475784e-02 9.999486207962036133e-01 -1.505352789536118507e-03 -9.516959078609943390e-03 -5.657852627336978912e-03 1.448665629141032696e-03 9.999829530715942383e-01 1.981178112328052521e-02 5.970966339111328125e+01
5.987068000000000000e+07 9.999725072791285641e-01 7.415163533915072533e-03 -5.873516797783377167e-06 7.783918128870401798e-01 -7.415163917346867528e-03 9.999725049680300293e-01 -6.819737341167514085e-05 -5.982992148889919835e-03 5.367660618145587548e-06 6.823905157103011545e-05 9.999999976573099580e-01 9.992715641330463666e-03 9.999614953994750977e-01 8.319217711687088013e-03 2.777676330879330635e-03 7.637279629707336426e-01 -8.324134163558483124e-03 9.999638199806213379e-01 1.769072958268225193e-03 -5.015195929445326328e-04 -2.762938151136040688e-03 -1.792107010260224342e-03 9.999946355819702148e-01 2.325874567031860352e-02 5.981584167480468750e+01
5.997431000000000000e+07 9.999747102746864291e-01 7.111860181035109009e-03 -1.600977323839113453e-05 7.775632190742947092e-01 -7.111861168264502729e-03 9.999747084441648060e-01 -6.247576621531213234e-05 -5.701185739025621188e-03 1.556504941660282970e-05 6.258804550386402768e-05 9.999999979202328637e-01 9.944898114609612358e-03 9.999659061431884766e-01 7.988848723471164703e-03 2.116162562742829323e-03 7.680808305740356445e-01 -7.996867410838603973e-03 9.999606609344482422e-01 3.816330339759588242e-03 3.422261448577046394e-03 -2.085646381601691246e-03 -3.833133028820157051e-03 9.999904632568359375e-01 2.162216790020465851e-02 6.004873657226562500e+01
6.007808000000000000e+07 9.999787772903218075e-01 6.514922012556364182e-03 -2.757205418449096621e-05 7.760395405988094186e-01 -6.514923215497140686e-03 9.999787767048323728e-01 -4.376640417986390157e-05 -5.119873560923447059e-03 2.728633430528396546e-05 4.394510515368005478e-05 9.999999986621418424e-01 9.873197978241338851e-03 9.999547600746154785e-01 7.873464375734329224e-03 5.344407167285680771e-03 7.745489478111267090e-01 -7.875698618590831757e-03 9.999688863754272461e-01 3.865557082463055849e-04 -1.422515953890979290e-03 -5.341145209968090057e-03 -4.286373732611536980e-04 9.999855756759643555e-01 1.671555824577808380e-02 6.069542312622070312e+01
6.018180000000000000e+07 9.999767234772490854e-01 6.822674536199593333e-03 -6.013825330770610866e-05 7.581217910292366025e-01 -6.822676666181173334e-03 9.999767246485553596e-01 -3.528437353463004217e-05 -5.551643918348525032e-03 5.989611977568708699e-05 3.569385608826359803e-05 9.999999975692017706e-01 9.820719397754059179e-03 9.999709725379943848e-01 7.224853616207838058e-03 2.434625988826155663e-03 7.679090499877929688e-01 -7.234015502035617828e-03 9.999666810035705566e-01 3.777368227019906044e-03 1.577800256200134754e-03 -2.407185034826397896e-03 -3.794870804995298386e-03 9.999899268150329590e-01 2.412815392017364502e-02 6.011308670043945312e+01
6.028556000000000000e+07 9.999817380004936140e-01 6.043018240970983446e-03 -7.480958833383176117e-05 7.599274008067308239e-01 -6.043019504022922525e-03 9.999817406522180097e-01 -1.666904600314543142e-05 -4.766885536072792279e-03 7.470749101166675188e-05 1.712081738919286254e-05 9.999999970628342671e-01 9.727749313563908290e-03 9.999272823333740234e-01 7.695716340094804764e-03 -9.281177073717117310e-03 7.562003135681152344e-01 -7.557621225714683533e-03 9.998615384101867676e-01 1.482428982853889465e-02 1.954350620508193970e-02 9.393875487148761749e-03 -1.475306507200002670e-02 9.998469948768615723e-01 3.234728053212165833e-02 6.005459213256835938e+01
6.038931000000000000e+07 9.999818576129266834e-01 6.022791527450405830e-03 -1.021157601785297505e-04 7.473195726247354731e-01 -6.022792542127269194e-03 9.999818627743362054e-01 -9.631935085559344302e-06 -4.843299820020425389e-03 1.020558969455957158e-04 1.024678237113375284e-05 9.999999947397987254e-01 9.747579635884648028e-03 9.997927546501159668e-01 6.857906933873891830e-03 -1.916688866913318634e-02 7.517821788787841797e-01 -6.711085326969623566e-03 9.999477863311767578e-01 7.713677827268838882e-03 1.575061865150928497e-02 1.921879127621650696e-02 -7.583450991660356522e-03 9.997866153717041016e-01 2.140796370804309845e-02 6.027072143554687500e+01
6.049306000000000000e+07 9.999860309513080026e-01 5.284953786082418128e-03 -8.465240804603213227e-05 7.612381839411317408e-01 -5.284953719323054466e-03 9.999860345342135304e-01 1.012303424587181832e-06 -4.015314238102014530e-03 8.465657581249527047e-05 -5.649052297475973130e-07 9.999999964164725252e-01 9.628291447531796970e-03 9.998357295989990234e-01 4.066802561283111572e-03 -1.766365021467208862e-02 7.546106576919555664e-01 -4.121721722185611725e-03 9.999868273735046387e-01 -3.073909087106585503e-03 1.581249991431832314e-03 1.765093579888343811e-02 3.146209288388490677e-03 9.998392462730407715e-01 -5.692388731404207647e-05 6.016207885742187500e+01
6.059681000000000000e+07 9.999957617151753464e-01 2.909261382829128433e-03 -1.129166918418236316e-04 7.672338460071344013e-01 -2.909254790987726713e-03 9.999957663984344602e-01 5.849833539684074748e-05 -1.626308497624130624e-03 1.130864007399285672e-04 -5.816958404863244658e-05 9.999999919138830018e-01 9.347135309683937687e-03 9.999908804893493652e-01 4.183217417448759079e-03 -8.497805683873593807e-04 7.790769338607788086e-01 -4.178327042609453201e-03 9.999750852584838867e-01 5.681115202605724335e-03 1.562460046261548996e-02 8.735178271308541298e-04 -5.677511915564537048e-03 9.999834895133972168e-01 6.467595230787992477e-04 6.052502441406250000e+01
6.070058000000000000e+07 9.999997580698994915e-01 6.784790112991109052e-04 -1.533831014878010105e-04 7.909456708062087005e-01 -6.784638362169532382e-04 9.999997649462296634e-01 9.896620845844772928e-05 8.374844917861962862e-04 1.534502119295096025e-04 -9.886211962853405134e-05 9.999999833396567839e-01 9.543724030390807883e-03 9.999340772628784180e-01 1.235965639352798462e-03 1.142053864896297455e-02 7.942236661911010742e-01 -1.345323049463331699e-03 9.999533295631408691e-01 9.572762995958328247e-03 2.403348498046398163e-02 -1.140815857797861099e-02 -9.587497450411319733e-03 9.998889565467834473e-01 1.313832122832536697e-02 6.053539276123046875e+01
6.080418000000000000e+07 9.999999448694815163e-01 -2.767581494367333281e-04 -1.834828720715033108e-04 7.767613063229222847e-01 2.767844822415498865e-04 9.999999513981079335e-01 1.435065686427510823e-04 1.704915132036219187e-03 1.834431465428186362e-04 -1.435573459412448560e-04 9.999999728699506818e-01 9.308718675203780588e-03 9.999669194221496582e-01 -1.713295932859182358e-03 7.949688471853733063e-03 7.883779406547546387e-01 1.697171828709542751e-03 9.999964833259582520e-01 2.034357050433754921e-03 1.395564619451761246e-02 -7.953169755637645721e-03 -2.020798623561859131e-03 9.999662637710571289e-01 2.142775058746337891e-02 6.052864074707031250e+01
6.090796000000000000e+07 9.999967608273897524e-01 -2.536303899669539990e-03 -2.133020619353678436e-04 7.561722920874428544e-01 2.536344997681083419e-03 9.999967649196802588e-01 1.926259034173196381e-04 3.366860944909722247e-03 2.128128140947833610e-04 -1.931662870437728249e-04 9.999999586987482481e-01 9.169917949227753343e-03 9.998904466629028320e-01 -2.276328159496188164e-03 -1.462506968528032303e-02 7.641864418983459473e-01 2.341323066502809525e-03 9.999874830245971680e-01 4.427860956639051437e-03 1.513378974050283432e-02 1.461486890912055969e-02 -4.461618606001138687e-03 9.998832345008850098e-01 3.272691369056701660e-02 6.011743927001953125e+01
6.101160000000000000e+07 9.999977416838474742e-01 -2.112571593006241054e-03 -2.316646234295471592e-04 7.443711575797040680e-01 2.112616869327507869e-03 9.999977493379705873e-01 1.953688428901645294e-04 3.114672577421410786e-03 2.312513713657045442e-04 -1.958578202739852023e-04 9.999999540812579690e-01 9.228901628956894670e-03 9.996524453163146973e-01 -2.677677199244499207e-03 -2.622378990054130554e-02 7.393910884857177734e-01 2.719297073781490326e-03 9.999951124191284180e-01 1.551640336401760578e-03 1.607674546539783478e-02 2.621948719024658203e-02 -1.622412470169365406e-03 9.996548891067504883e-01 1.925278082489967346e-02 6.041238403320312500e+01
6.111533000000000000e+07 9.999872229070901897e-01 -5.050244569372226190e-03 -2.214790121183342071e-04 7.394728640954874033e-01 5.050294029804849004e-03 9.999872222453873860e-01 2.233310646734616885e-04 4.886519745520975441e-03 2.203483056437746787e-04 -2.244467452582300186e-04 9.999999505351413465e-01 8.953682680997240503e-03 9.997467398643493652e-01 -5.437586922198534012e-03 -2.183955721557140350e-02 7.508075237274169922e-01 5.465814378112554550e-03 9.999843239784240723e-01 1.233015907928347588e-03 1.098302751779556274e-02 2.183251827955245972e-02 -1.352075021713972092e-03 9.997607469558715820e-01 -1.633306848816573620e-03 6.032934570312500000e+01
6.121894000000000000e+07 9.999919252567873729e-01 -4.013855561441352811e-03 -1.959200696514850812e-04 7.631636297944019987e-01 4.013895932364060053e-03 9.999919230481045807e-01 2.061017124109018204e-04 4.280713594004668596e-03 1.950912247057133933e-04 -2.068864509671275843e-04 9.999999595687042442e-01 9.026361186030772490e-03 9.999902844429016113e-01 -4.394836723804473877e-03 -3.891141386702656746e-04 7.654411792755126953e-01 4.396211355924606323e-03 9.999837875366210938e-01 3.620709758251905441e-03 1.062576565891504288e-02 3.732050536200404167e-04 -3.622379852458834648e-03 9.999933242797851562e-01 -3.843487706035375595e-03 6.031184005737304688e+01
6.132269000000000000e+07 9.999953500455298627e-01 -3.043052259865629099e-03 -1.992996531296760247e-04 7.697701259377577321e-01 3.043090566253343725e-03 9.999953513216799372e-01 1.921846123092280621e-04 3.640649400547010198e-03 1.987138988365588592e-04 -1.927902055479772416e-04 9.999999616723611595e-01 9.118998066162441532e-03 9.998799562454223633e-01 -3.207089612260460854e-03 1.515966467559337616e-02 7.708680629730224609e-01 3.113207640126347542e-03 9.999758601188659668e-01 6.213089916855096817e-03 1.783865876495838165e-02 -1.517922990024089813e-02 -6.165150087326765060e-03 9.998658299446105957e-01 1.240801624953746796e-02 6.028451156616210938e+01
6.142643000000000000e+07 9.999971664068835198e-01 -2.368887502655203994e-03 -2.356908698100271065e-04 7.403265827404162946e-01 2.368936104138441232e-03 9.999971728192783571e-01 2.061435607092624623e-04 3.354091762257817213e-03 2.352018725631294300e-04 -2.067013131949043357e-04 9.999999509773217499e-01 9.228622818353937260e-03 9.999608993530273438e-01 -2.551648765802383423e-03 8.465898223221302032e-03 7.542427182197570801e-01 2.536796964704990387e-03 9.999951720237731934e-01 1.763605163432657719e-03 1.266533881425857544e-02 -8.470372296869754791e-03 -1.742066931910812855e-03 9.999626278877258301e-01 2.495664730668067932e-02 6.025670242309570312e+01
6.153019000000000000e+07 9.999979301294883438e-01 -2.020701505403567702e-03 -2.377021145549834008e-04 7.385875395070292670e-01 2.020748528283928050e-03 9.999979387332635916e-01 1.977491825625881413e-04 3.023243769545182463e-03 2.373020325292101189e-04 -1.982291094304465995e-04 9.999999521964830773e-01 9.231985453407309805e-03 9.999893307685852051e-01 -2.472906373441219330e-03 -3.903903067111968994e-03 7.310809493064880371e-01 2.453506225720047951e-03 9.999847412109375000e-01 -4.966434091329574585e-03 1.541071920655667782e-03 3.916125278919935226e-03 4.956802818924188614e-03 9.999800920486450195e-01 2.326045185327529907e-02 6.032432174682617188e+01
6.163382000000000000e+07 9.999960061776810294e-01 -2.811701242297658283e-03 -2.862955580522738206e-04 6.991552009923924782e-01 2.811763920931223751e-03 9.999960230554177931e-01 2.187631940264817769e-04 3.420427899879817553e-03 2.856793227521536708e-04 -2.195673158122624297e-04 9.999999350887598393e-01 9.242569664070672542e-03 9.999407529830932617e-01 -3.186050569638609886e-03 -1.040623430162668228e-02 7.155020833015441895e-01 3.138192929327487946e-03 9.999844431877136230e-01 -4.610193427652120590e-03 -3.441659500822424889e-04 1.042077224701642990e-02 4.577259067445993423e-03 9.999351501464843750e-01 1.509390771389007568e-02 6.085567855834960938e+01
6.173760000000000000e+07 9.999973946248644774e-01 -2.265760307174179665e-03 -2.776215502383795760e-04 7.054376217015440043e-01 2.265818142140913795e-03 9.999974113600397230e-01 2.081859215792038458e-04 2.990512292537331890e-03 2.771491321795789401e-04 -2.088144191205430506e-04 9.999999397924467237e-01 9.276421630482015526e-03 9.999742507934570312e-01 -2.535720821470022202e-03 -6.725565064698457718e-03 7.130407691001892090e-01 2.513020532205700874e-03 9.999911189079284668e-01 -3.375736298039555550e-03 3.583003301173448563e-03 6.734061054885387421e-03 3.358747810125350952e-03 9.999717473983764648e-01 1.167040411382913589e-02 6.085027313232421875e+01
6.184131000000000000e+07 9.999968698812053969e-01 -2.486168889332145658e-03 -2.814111093328930738e-04 7.036828293575319027e-01 2.486228798477319903e-03 9.999968866994551897e-01 2.127391003979773774e-04 3.202019292077066918e-03 2.808813278967195112e-04 -2.134380868848991355e-04 9.999999377749311247e-01 9.266157635974964224e-03 9.999934434890747070e-01 -2.801164286211133003e-03 -2.280117478221654892e-03 7.099732756614685059e-01 2.794694621115922928e-03 9.999920725822448730e-01 -2.848540199920535088e-03 5.987653974443674088e-03 2.288076793774962425e-03 2.842155285179615021e-03 9.999933242797851562e-01 1.213525328785181046e-02 6.005548858642578125e+01
6.194506000000000000e+07 9.999994953083181093e-01 -9.599660992440657960e-04 -2.963920033927604962e-04 6.846235438947595453e-01 9.600194207032545666e-04 9.999995230150768855e-01 1.798119898414061502e-04 1.495907534542140465e-03 2.962192486075627225e-04 -1.800964411649242313e-04 9.999999399097138086e-01 9.414852006687072367e-03 9.999928474426269531e-01 -5.472805351018905640e-04 -3.738093655556440353e-03 6.994643807411193848e-01 5.349353305064141750e-04 9.999942779541015625e-01 -3.311445936560630798e-03 6.131124682724475861e-03 3.739884356036782265e-03 3.309409134089946747e-03 9.999875426292419434e-01 1.054350752383470535e-02 6.052278518676757812e+01
6.204884000000000000e+07 9.999999594823427707e-01 3.948095531807317113e-05 -2.819158901938071640e-04 6.898242852115895607e-01 -3.943738425011710549e-05 9.999999872783639221e-01 1.545573210402077552e-04 5.510588372553599807e-04 2.819219886779019443e-04 -1.545461967529111985e-04 9.999999483177327564e-01 9.443810529266042850e-03 9.999796152114868164e-01 6.757635856047272682e-04 -6.361257750540971756e-03 6.859650611877441406e-01 -6.752270855940878391e-04 9.999998211860656738e-01 7.954477041494101286e-05 9.094897657632827759e-03 6.361321546137332916e-03 -7.523942622356116772e-05 9.999797344207763672e-01 1.000603567808866501e-02 6.017158508300781250e+01
6.215261000000000000e+07 9.999998965633416503e-01 3.466116899032261603e-04 -2.945057586123091199e-04 6.777670803368271990e-01 -3.465681517157587774e-04 9.999999290120534789e-01 1.478729318112315919e-04 1.171793934544339071e-04 2.945569921928602240e-04 -1.477708501990703557e-04 9.999999456999755232e-01 9.499247188096223218e-03 9.999904036521911621e-01 8.089725743047893047e-04 -4.289520904421806335e-03 6.762363314628601074e-01 -8.000392117537558079e-04 9.999974370002746582e-01 2.107242355123162270e-03 1.520500332117080688e-02 4.291200544685125351e-03 -2.103792037814855576e-03 9.999886155128479004e-01 1.015302725136280060e-02 6.060406494140625000e+01
6.225640000000000000e+07 9.999991586627666740e-01 1.259630471400158139e-03 -3.098464911360418982e-04 6.582176874467530192e-01 -1.259587794898815337e-03 9.999991972120222394e-01 1.378909389826441846e-04 -8.939432462122651104e-04 3.100199340220582923e-04 -1.375005441145278292e-04 9.999999424906192980e-01 9.661984890494702480e-03 9.999911189079284668e-01 1.890753628686070442e-03 -3.790118265897035599e-03 6.661258339881896973e-01 -1.870416337624192238e-03 9.999839663505554199e-01 5.345119163393974304e-03 1.630844920873641968e-02 3.800174221396446228e-03 -5.337975919246673584e-03 9.999785423278808594e-01 1.042995136231184006e-02 6.025564956665039062e+01
6.236006000000000000e+07 9.999802617390759485e-01 6.278373566489953324e-03 -2.411568431788339026e-04 6.510848995837801301e-01 -6.278366045655309029e-03 9.999802903553806077e-01 3.193087850166900798e-05 -5.365084948612508856e-03 2.413525640515846440e-04 -3.041617726794023713e-05 9.999999704118968102e-01 9.801621087143707126e-03 9.999776482582092285e-01 6.390413735061883926e-03 -1.959981629624962807e-03 6.621072888374328613e-01 -6.380991078913211823e-03 9.999681711196899414e-01 4.790904000401496887e-03 1.340199355036020279e-02 1.990535994991660118e-03 -4.778296221047639847e-03 9.999865293502807617e-01 1.370814070105552673e-02 6.029155349731445312e+01
6.246396000000000000e+07 9.999243800343022848e-01 1.229749847697261117e-02 -7.580513766594744538e-05 6.552638810276457670e-01 -1.229753211257936935e-02 9.999242764654171500e-01 -4.604793686144912192e-04 -1.127568106368351600e-02 7.013665318099746992e-05 4.613767632821599114e-04 9.999998911061617202e-01 9.280638922785217071e-03 9.999220371246337891e-01 1.246938481926918030e-02 -6.316489889286458492e-04 6.537151932716369629e-01 -1.246622763574123383e-02 9.999109506607055664e-01 4.767880309373140335e-03 9.457302279770374298e-03 6.910357624292373657e-04 -4.759638104587793350e-03 9.999884963035583496e-01 1.674707047641277313e-02 6.063078308105468750e+01
6.256793000000000000e+07 9.998793984367287946e-01 1.553024105023751746e-02 1.383643042251222859e-05 6.588695708837697396e-01 -1.553022746650330708e-02 9.998791509899525032e-01 -7.038800777073771437e-04 -1.440231561788061707e-02 -2.476618572947592023e-05 7.035803057537877219e-04 9.999997521806606171e-01 9.041491042891400959e-03 9.998573064804077148e-01 1.682339236140251160e-02 -1.518315984867513180e-03 6.495364904403686523e-01 -1.681940257549285889e-02 9.998551607131958008e-01 2.598246093839406967e-03 1.638323999941349030e-03 1.561822835355997086e-03 -2.572332276031374931e-03 9.999954700469970703e-01 1.361707877367734909e-02 6.065439987182617188e+01
6.267181000000000000e+07 9.998458923319274438e-01 1.755528344307282634e-02 6.006733746761019118e-05 6.586623770656492294e-01 -1.755522520157382083e-02 9.998455237981680455e-01 -8.617463453682087894e-04 -1.641094073380449173e-02 -7.518625994643621073e-05 8.605590480037838890e-04 9.999996268925034348e-01 9.002838140844768994e-03 9.998267292976379395e-01 1.859585382044315338e-02 -8.380794897675514221e-04 6.339437365531921387e-01 -1.859747804701328278e-02 9.998250603675842285e-01 -1.969405449926853180e-03 -6.994654890149831772e-03 8.013046463020145893e-04 1.984645379707217216e-03 9.999976754188537598e-01 9.654740802943706512e-03 6.027094268798828125e+01
6.277581000000000000e+07 9.998385679131474024e-01 1.796765029364931834e-02 4.070865180514564134e-05 6.311277153030957487e-01 -1.796760320195953456e-02 9.998381127982248762e-01 -9.557364418782118625e-04 -1.686064981403619795e-02 -5.787439970905232367e-05 9.548507184498183356e-04 9.999995424552262646e-01 8.839312805122765543e-03 9.998230338096618652e-01 1.876869797706604004e-02 1.239703386090695858e-03 6.277527213096618652e-01 -1.876316778361797333e-02 9.998145699501037598e-01 -4.335999488830566406e-03 -1.004106365144252777e-02 -1.320852898061275482e-03 4.311976954340934753e-03 9.999898076057434082e-01 1.355009712278842926e-02 6.039078521728515625e+01
6.287983000000000000e+07 9.998538192505701527e-01 1.709794689958376093e-02 -1.841632546288813396e-05 5.986823943721604202e-01 -1.709795661340066456e-02 9.998533938380738118e-01 -9.223380171635110411e-04 -1.602844624097629622e-02 2.643538929168656382e-06 9.225180706363437719e-04 9.999995744766160266e-01 8.437941352577853216e-03 9.998409748077392578e-01 1.783144846558570862e-02 -1.229295157827436924e-04 5.990421772003173828e-01 -1.783175021409988403e-02 9.998355507850646973e-01 -3.319787327200174332e-03 -3.378020133823156357e-03 6.371811468852683902e-05 3.321449505165219307e-03 9.999945163726806641e-01 1.299885567277669907e-02 6.044931030273437500e+01
6.298369000000000000e+07 9.998474455824823970e-01 1.746657283045037826e-02 -6.632873984440282940e-05 5.746396608518448135e-01 -1.746661853071391005e-02 9.998471537627187100e-01 -7.657371991731975244e-04 -1.614323738880279330e-02 5.294379735261967160e-05 7.667789213644598482e-04 9.999997046234800901e-01 7.835671349705424990e-03 9.998459815979003906e-01 1.752930879592895508e-02 -8.624690817669034004e-04 5.749124288558959961e-01 -1.753176562488079071e-02 9.998420476913452148e-01 -2.926151501014828682e-03 -5.770097021013498306e-03 8.110309136100113392e-04 2.940827282145619392e-03 9.999952912330627441e-01 1.329049747437238693e-02 6.012486267089843750e+01
6.308756000000000000e+07 9.998551739802822302e-01 1.701823647737252254e-02 -1.034531702856968799e-04 5.506866740980904673e-01 -1.701829884747188548e-02 9.998549764447525190e-01 -6.352901026569389908e-04 -1.553913521176404113e-02 9.262665033280860494e-05 6.369586930281657478e-04 9.999997928519496204e-01 7.409252121335449352e-03 9.998428821563720703e-01 1.772825792431831360e-02 -1.698647974990308285e-04 5.583559274673461914e-01 -1.772844605147838593e-02 9.998420476913452148e-01 -1.216771081089973450e-03 -1.723280729493126273e-04 1.482650259276852012e-04 1.219595898874104023e-03 9.999992251396179199e-01 1.075247116386890411e-02 6.067068862915039062e+01
6.319144000000000000e+07 9.998505682579256204e-01 1.728668559142918990e-02 -1.078968808429339640e-04 5.513191256600341594e-01 -1.728675034073312924e-02 9.998503737369092148e-01 -6.311790337418615683e-04 -1.578178530500034052e-02 9.696974262202134431e-05 6.329499020829083182e-04 9.999997949856147539e-01 7.389467166845416213e-03 9.998396039009094238e-01 1.786622963845729828e-02 1.215808559209108353e-03 5.337271094322204590e-01 -1.786810159683227539e-02 9.998391866683959961e-01 1.540479483082890511e-03 -2.215535845607519150e-03 -1.188091817311942577e-03 -1.561961718834936619e-03 9.999981522560119629e-01 1.033906172960996628e-02 6.051545715332031250e+01
6.329544000000000000e+07 9.998163911317654584e-01 1.915969141451333291e-02 -3.004208612701221429e-04 5.247719127109875537e-01 -1.915982879750632167e-02 9.998163272180806693e-01 -4.612939842757307878e-04 -1.718855052615437390e-02 2.915274318304416604e-04 4.669652988238069116e-04 9.999998484775730612e-01 6.544939527696107782e-03 9.998135566711425781e-01 1.919277571141719818e-02 2.136372961103916168e-03 5.180826783180236816e-01 -1.919930987060070038e-02 9.998108744621276855e-01 3.083990188315510750e-03 4.567596595734357834e-03 -2.076777163892984390e-03 -3.124440554529428482e-03 9.999929666519165039e-01 1.075019408017396927e-02 6.016297531127929688e+01
6.339931000000000000e+07 9.998251753700186928e-01 1.869121942324220367e-02 -5.069454072899134576e-04 4.898216613467441527e-01 -1.869139578999246334e-02 9.998252409232303295e-01 -3.454230679924207514e-04 -1.664954295260647962e-02 5.004004352626361752e-04 3.548381972992718163e-04 9.999998118446010720e-01 5.506935214389269487e-03 9.998174905776977539e-01 1.910099200904369354e-02 3.871989028993993998e-04 4.914195537567138672e-01 -1.910001412034034729e-02 9.998146891593933105e-01 -2.414476359263062477e-03 -4.062131047248840332e-03 -4.332493408583104610e-04 2.406643703579902649e-03 9.999970197677612305e-01 1.492360886186361313e-02 6.065203094482421875e+01
6.350319000000000000e+07 9.998387268264904426e-01 1.794836800143205860e-02 -6.135383903020720812e-04 4.698562252833410335e-01 -1.794855436049264466e-02 9.998388668388403788e-01 -2.995998598425236815e-04 -1.605334298335119037e-02 6.080622004739089917e-04 3.105636693931619141e-04 9.999997669052604898e-01 4.912293834222695998e-03 9.998478293418884277e-01 1.698650978505611420e-02 -3.967452328652143478e-03 4.552878439426422119e-01 -1.700006425380706787e-02 9.998497366905212402e-01 -3.407783340662717819e-03 -8.011533878743648529e-03 3.908974584192037582e-03 3.474708413705229759e-03 9.999863505363464355e-01 1.715226098895072937e-02 6.062115097045898438e+01
6.360706000000000000e+07 9.998775622214802761e-01 1.562807357244102441e-02 -7.898656188979427152e-04 4.292368554733059227e-01 -1.562827037405416924e-02 9.998778414525982816e-01 -2.436030539252724829e-04 -1.423167594188092314e-02 7.859620836957968964e-04 2.559174608957162146e-04 9.999996583848770326e-01 3.982974777963233133e-03 9.998293519020080566e-01 1.620768383145332336e-02 -8.861809037625789642e-03 4.293163418769836426e-01 -1.627291738986968994e-02 9.998406171798706055e-01 -7.336289156228303909e-03 -1.271190587431192398e-02 8.741501718759536743e-03 7.479245774447917938e-03 9.999338388442993164e-01 1.453529298305511475e-02 5.965500640869140625e+01
6.371081000000000000e+07 9.998835982296182534e-01 1.522950387097228749e-02 -9.231464287824550858e-04 4.099817678866332638e-01 -1.522973124348366881e-02 9.998839921664676167e-01 -2.397740719477036526e-04 -1.401210450425578909e-02 9.193876963452628356e-04 2.538054340654152981e-04 9.999995451544216873e-01 3.583231283213987508e-03 9.998316168785095215e-01 1.504534669220447540e-02 -1.051197480410337448e-02 4.048408567905426025e-01 -1.510367076843976974e-02 9.998708367347717285e-01 -5.498972721397876740e-03 -8.529572747647762299e-03 1.042788382619619370e-02 5.656820256263017654e-03 9.999296069145202637e-01 7.518572267144918442e-03 5.965785598754882812e+01
6.381468000000000000e+07 9.999267275023827617e-01 1.208343334815128491e-02 -7.281983336249967659e-04 3.851040467783919397e-01 -1.208360953304632619e-02 9.999269621968808197e-01 -2.380341614677905862e-04 -1.191683678085993410e-02 7.252688778520513004e-04 2.468159839619842120e-04 9.999997065334352842e-01 3.802464941884515885e-03 9.998759031295776367e-01 1.322896964848041534e-02 -8.560436777770519257e-03 3.777609467506408691e-01 -1.324316486716270447e-02 9.999110698699951172e-01 -1.591710723005235195e-03 -7.429241086356341839e-04 8.538614027202129364e-03 1.704887836240231991e-03 9.999620318412780762e-01 3.307206789031624794e-03 6.048259353637695312e+01
6.391844000000000000e+07 9.999434133632808530e-01 1.062096433649454066e-02 -6.043071829695821932e-04 3.517295491818793751e-01 -1.062109524064043520e-02 9.999435717153016823e-01 -2.138231846974220996e-04 -1.151260750465569679e-02 6.020020745168944186e-04 2.202294893517567700e-04 9.999997945462145710e-01 3.830777461305609650e-03 9.999158978462219238e-01 1.095086894929409027e-02 -6.946278735995292664e-03 3.668912649154663086e-01 -1.092960499227046967e-02 9.999355077743530273e-01 3.075302578508853912e-03 3.337576519697904587e-03 6.979515310376882553e-03 -2.999129472300410271e-03 9.999712109565734863e-01 -4.807195626199245453e-03 5.977865600585937500e+01
6.402219000000000000e+07 9.999580765771524105e-01 9.142778734178973535e-03 -5.046627066616173659e-04 3.428190223204355402e-01 -9.142883227837446045e-03 9.999581819273830607e-01 -2.051391586140940428e-04 -1.059986769446651447e-02 5.027660606873216812e-04 2.097446307128756336e-04 9.999998516167267759e-01 4.046508879643326805e-03 9.999450445175170898e-01 9.802331216633319855e-03 -3.719102824106812477e-03 3.514204621315002441e-01 -9.805230423808097839e-03 9.999516606330871582e-01 -7.288117194548249245e-04 -4.825623705983161926e-03 3.711770987138152122e-03 7.652331260032951832e-04 9.999928474426269531e-01 -4.896667320281267166e-03 5.959369659423828125e+01
6.412596000000000000e+07 9.999698590407476440e-01 7.749936080370117483e-03 -4.685127564612476215e-04 3.249943003379303641e-01 -7.750012450531413091e-03 9.999699551772179840e-01 -1.614103591043601410e-04 -9.672281478835193305e-03 4.672477601846250538e-04 1.650364735310529346e-04 9.999998772212459475e-01 4.068990309842087510e-03 9.999617934226989746e-01 8.601164445281028748e-03 -1.551601337268948555e-03 3.367231488227844238e-01 -8.606630377471446991e-03 9.999566078186035156e-01 -3.570544067770242691e-03 -7.129694335162639618e-03 1.520828227512538433e-03 3.583765123039484024e-03 9.999924302101135254e-01 1.770007889717817307e-03 5.958995056152343750e+01
6.422969000000000000e+07 9.999820732137595369e-01 5.973418246379127473e-03 -4.141576153879637985e-04 3.133207674811534504e-01 -5.973471935176075630e-03 9.999821503992375460e-01 -1.285181602494809129e-04 -8.318102615637670144e-03 4.133825301373206056e-04 1.309898151576031498e-04 9.999999059782741506e-01 4.235380129172826476e-03 9.999783635139465332e-01 6.459041498601436615e-03 1.223759492859244347e-03 3.218312263488769531e-01 -6.449330132454633713e-03 9.999493956565856934e-01 -7.723607588559389114e-03 -1.454355195164680481e-02 -1.273577800020575523e-03 7.715553976595401764e-03 9.999694228172302246e-01 2.987448824569582939e-03 5.999043273925781250e+01
6.433331000000000000e+07 9.999880800486846688e-01 4.867032992375957753e-03 -3.895516015297853713e-04 3.057139502470517800e-01 -4.867073698944117399e-03 9.999881503584587827e-01 -1.036162677337891915e-04 -7.345094410419417998e-03 3.890426816904848559e-04 1.055110089828404317e-04 9.999999187566063208e-01 4.338486292360143812e-03 9.999842643737792969e-01 5.264746490865945816e-03 1.956154359504580498e-03 3.045865893363952637e-01 -5.246379412710666656e-03 9.999430179595947266e-01 -9.290026500821113586e-03 -1.409497670829296112e-02 -2.004957059398293495e-03 9.279611520469188690e-03 9.999549388885498047e-01 2.342898631468415260e-03 5.949267196655273438e+01
6.443707000000000000e+07 9.999890427132195336e-01 4.658342741346048997e-03 -4.629214872781853935e-04 2.800182717572386459e-01 -4.658362026918578570e-03 9.999891489488735852e-01 -4.059107116875946208e-05 -6.879594958875695151e-03 4.627273769708353151e-04 4.274708228832662727e-05 9.999998920280244175e-01 3.995232322530155832e-03 9.999839067459106445e-01 5.104799754917621613e-03 2.439873758703470230e-03 2.868760228157043457e-01 -5.107961595058441162e-03 9.999862313270568848e-01 1.281719421967864037e-03 3.160450374707579613e-03 -2.433300483971834183e-03 -1.294154790230095387e-03 9.999961256980895996e-01 3.533754264935851097e-03 6.086627197265625000e+01
6.454071000000000000e+07 9.999898312601543937e-01 4.478907635690987550e-03 -5.260827356336839414e-04 2.602650127921924406e-01 -4.478910441555944595e-03 9.999899696218704781e-01 -4.155481602923456738e-06 -6.435482270451838190e-03 5.260588468070665630e-04 6.511716762278999397e-06 9.999998616098365600e-01 3.712155632590267030e-03 9.999864697456359863e-01 5.010774359107017517e-03 1.427103648893535137e-03 2.652251124382019043e-01 -5.019248463213443756e-03 9.999693036079406738e-01 6.003763526678085327e-03 1.386181358247995377e-02 -1.396974432282149792e-03 -6.010843440890312195e-03 9.999809861183166504e-01 6.970029789954423904e-03 5.976764678955078125e+01
6.464444000000000000e+07 9.999967669780837065e-01 2.463252427356284451e-03 -6.312059143869306731e-04 2.197330738068827838e-01 -2.463239940659109947e-03 9.999969660085821221e-01 2.055893165428859985e-05 -3.695799790337631324e-03 6.312546411515497502e-04 -1.900405357903954049e-05 9.999998005781935984e-01 3.403076850209644112e-03 9.999916553497314453e-01 3.641827264800667763e-03 1.850608969107270241e-03 2.470954209566116333e-01 -3.654673229902982712e-03 9.999693036079406738e-01 6.944054737687110901e-03 1.390175055712461472e-02 -1.825268263928592205e-03 -6.950757466256618500e-03 9.999741911888122559e-01 4.717931151390075684e-03 5.956332778930664062e+01
6.474808000000000000e+07 9.999978326185016142e-01 1.986465580857812128e-03 -6.234683972217193448e-04 2.180550711505407635e-01 -1.986458464982952289e-03 9.999980269170688496e-01 1.203240928245364097e-05 -3.155625752097690993e-03 6.234910690335153383e-04 -1.079388914174749599e-05 9.999998055711726286e-01 3.467825769993052726e-03 9.999940991401672363e-01 3.065874334424734116e-03 1.500184996984899044e-03 2.256474941968917847e-01 -3.069438505917787552e-03 9.999922513961791992e-01 2.440431388095021248e-03 8.748818188905715942e-03 -1.492686220444738865e-03 -2.445033518597483635e-03 9.999959468841552734e-01 1.524221966974437237e-03 6.029225540161132812e+01
6.485169000000000000e+07 9.999991453795453733e-01 1.085263027786405061e-03 -7.290023026934943718e-04 1.860187281495636336e-01 -1.085235299811777333e-03 9.999994103935717638e-01 3.843000363847694684e-05 -1.657416256467510304e-03 7.290435795307262162e-04 -3.763883177114207590e-05 9.999997335393560061e-01 3.170084343351147957e-03 9.999970793724060059e-01 2.286457922309637070e-03 -8.152448572218418121e-04 2.018226981163024902e-01 -2.287828363478183746e-03 9.999960660934448242e-01 -1.644884236156940460e-03 1.531915040686726570e-03 8.114801603369414806e-04 1.646752934902906418e-03 9.999982118606567383e-01 3.287070663645863533e-03 6.014761734008789062e+01
6.495531000000000000e+07 9.999996247385232184e-01 4.436533195081020123e-04 -7.441065760054785781e-04 1.777302584582430289e-01 -4.436268412524667468e-04 9.999999009586323373e-01 3.574863379140273928e-05 -8.617018712141941931e-04 7.441223623071099337e-04 -3.541851474914085971e-05 9.999997225136999512e-01 3.166290089175490333e-03 9.999969005584716797e-01 1.965721370652318001e-03 -1.523199141956865788e-03 1.770626008510589600e-01 -1.972365658730268478e-03 9.999884963035583496e-01 -4.371196962893009186e-03 -2.194317989051342010e-03 1.514588831923902035e-03 4.374190233647823334e-03 9.999893307685852051e-01 6.079438142478466034e-03 5.992358398437500000e+01
6.505906000000000000e+07 9.999996447682358847e-01 2.356032418987617506e-05 -8.425605941498685294e-04 1.605116267708772693e-01 -2.357967469805937708e-05 9.999999994585017093e-01 -2.295638552132897025e-05 -2.339753543663617298e-04 8.425600528337700299e-04 2.297624467005257785e-05 9.999996447822824264e-01 2.903960620854374990e-03 9.999987483024597168e-01 8.748123073019087315e-04 -1.288126804865896702e-03 1.593649387359619141e-01 -8.804829558357596397e-04 9.999896883964538574e-01 -4.459289368242025375e-03 -1.340208691544830799e-03 1.284213969483971596e-03 4.460415337234735489e-03 9.999892115592956543e-01 5.239610560238361359e-03 5.980124664306640625e+01
6.516271000000000000e+07 9.999993555698724057e-01 -7.778327476240359242e-04 -8.269437778917638213e-04 1.565049520859260190e-01 7.777889711410073065e-04 9.999996961038967180e-01 -5.325795173903940757e-05 5.657524202354617584e-04 8.269849523671353583e-04 5.261472964548523411e-05 9.999996566637184836e-01 2.872480216320992975e-03 9.999967813491821289e-01 -1.146253271144814789e-04 -2.528783632442355156e-03 1.509228646755218506e-01 1.088820063159801066e-04 9.999973773956298828e-01 -2.267607953399419785e-03 8.830979466438293457e-03 2.529036719352006912e-03 2.267318079248070717e-03 9.999942779541015625e-01 -2.505060750991106033e-03 5.980825424194335938e+01
6.526632000000000000e+07 9.999968821312619216e-01 -2.418713766764767417e-03 -6.209276570038147012e-04 1.392078440297321029e-01 2.418714429807356132e-03 9.999970749057778274e-01 3.169034433204287336e-07 2.087785575444554842e-03 6.209250742330615740e-04 -1.818749214796929530e-06 9.999998072243438951e-01 2.834446156037174081e-03 9.999957084655761719e-01 -1.536005991511046886e-03 -2.521553309634327888e-03 1.495711058378219604e-01 1.540372846648097038e-03 9.999971985816955566e-01 1.759981969371438026e-03 1.489499304443597794e-02 2.518846420571208000e-03 -1.763857901096343994e-03 9.999952316284179688e-01 -4.388245870359241962e-04 5.966467285156250000e+01
6.537006000000000000e+07 9.999959495275215771e-01 -2.753145680346972147e-03 -7.218846189509477889e-04 1.583083781061227491e-01 2.753134343964870872e-03 9.999962099790581371e-01 -1.669712427090246356e-05 2.399182865013165834e-03 7.219278526087393897e-04 1.470961130034424146e-05 9.999997393018671410e-01 3.107996003425705922e-03 9.999970793724060059e-01 -2.388953464105725288e-03 2.879634848795831203e-04 1.521728932857513428e-01 2.389512956142425537e-03 9.999956488609313965e-01 -1.735717873089015484e-03 1.176635455340147018e-02 -2.838165382854640484e-04 1.736404257826507092e-03 9.999984502792358398e-01 -2.784793265163898468e-03 6.020617675781250000e+01
6.547369000000000000e+07 9.999910862847722903e-01 -4.156130383719681097e-03 -7.442661289583639992e-04 1.683361765606193605e-01 4.156172116673244495e-03 9.999913615927429333e-01 5.453475057512972141e-05 3.615811179500702521e-03 7.440330461615333188e-04 -5.762756245538650131e-05 9.999997215469194067e-01 3.288012898311245148e-03 9.999815821647644043e-01 -4.178642760962247849e-03 4.384104162454605103e-03 1.575762331485748291e-01 4.215835593640804291e-03 9.999547600746154785e-01 -8.524018339812755585e-03 -9.838698897510766983e-04 -4.348284564912319183e-03 8.542346768081188202e-03 9.999541044235229492e-01 -3.278207266703248024e-03 5.985792160034179688e+01
6.557744000000000000e+07 9.999863821906183059e-01 -5.187900367629728372e-03 -5.666776988269418662e-04 1.466251043371065432e-01 5.187981338413360198e-03 9.999865323217802526e-01 1.415104515145627906e-04 4.494525052812193937e-03 5.659359248847699482e-04 -1.444484377225094263e-04 9.999998294255776354e-01 3.063236806672395111e-03 9.999824166297912598e-01 -5.364599172025918961e-03 2.533349674195051193e-03 1.531651318073272705e-01 5.379759706556797028e-03 9.999674558639526367e-01 -6.014561280608177185e-03 2.311123302206397057e-03 -2.501007867977023125e-03 6.028085015714168549e-03 9.999786019325256348e-01 -4.053554031997919083e-03 5.962588882446289062e+01
6.568106000000000000e+07 9.999883694294059433e-01 -4.771851031018780991e-03 -7.003164372098579253e-04 1.640127849477162059e-01 4.771922390477997648e-03 9.999886092871274057e-01 1.002604801935260749e-04 4.155916315422222146e-03 6.998300320192552210e-04 -1.036011698721274997e-04 9.999997497523247514e-01 3.250354121424321122e-03 9.999904632568359375e-01 -4.137511830776929855e-03 -1.417296123690903187e-03 1.472532749176025391e-01 4.133781418204307556e-03 9.999877810478210449e-01 -2.698977943509817123e-03 1.019999478012323380e-02 1.428449293598532677e-03 2.693088492378592491e-03 9.999954104423522949e-01 -5.122764268890023232e-04 5.979264068603515625e+01
6.578481000000000000e+07 9.999921039073850215e-01 -3.949127423215043065e-03 -4.433009441784324742e-04 1.248670454687261233e-01 3.949163975821616546e-03 9.999921986915040195e-01 8.161048254516976950e-05 3.396053181184998000e-03 4.429751956615308886e-04 -8.336050623270958892e-05 9.999998984119974343e-01 2.795693121629575038e-03 9.999909996986389160e-01 -3.809536108747124672e-03 -1.838808762840926647e-03 1.453380286693572998e-01 3.814474213868379593e-03 9.999890327453613281e-01 2.735533053055405617e-03 1.957967691123485565e-02 1.828365493565797806e-03 -2.742519835010170937e-03 9.999945759773254395e-01 5.754520534537732601e-04 5.978956985473632812e+01
6.588857000000000000e+07 9.999894802038636898e-01 -4.552420450456357709e-03 -5.612040806048917280e-04 1.434687727443699490e-01 4.552481421413767312e-03 9.999896316340459723e-01 1.074135867996247972e-04 3.934306113356758269e-03 5.607092700351387279e-04 -1.099673279360929666e-04 9.999998367561402368e-01 3.008840597802443870e-03 9.999879002571105957e-01 -4.658902529627084732e-03 -1.593259396031498909e-03 1.451780200004577637e-01 4.664754495024681091e-03 9.999824762344360352e-01 3.628270700573921204e-03 2.198365703225135803e-02 1.576332026161253452e-03 -3.635653993114829063e-03 9.999921321868896484e-01 1.457475125789642334e-03 5.988668823242187500e+01
6.599219000000000000e+07 9.999857732269633592e-01 -5.313228332158422863e-03 -4.721748736519620362e-04 1.341724605073820464e-01 5.313300596066689897e-03 9.999858727787623858e-01 1.519224013174065796e-04 4.573374058856942599e-03 4.713610047475040956e-04 -1.544290469235529693e-04 9.999998769852319613e-01 2.951316789265084548e-03 9.999835491180419922e-01 -5.317408591508865356e-03 -2.120002871379256248e-03 1.482395231723785400e-01 5.322784651070833206e-03 9.999825358390808105e-01 2.569579752162098885e-03 1.944175362586975098e-02 2.106297761201858521e-03 -2.580818254500627518e-03 9.999943971633911133e-01 -4.290023643989115953e-04 5.969996643066406250e+01
6.609594000000000000e+07 9.999789474746060280e-01 -6.464740588329919574e-03 -5.583356248943788366e-04 1.505425546920938218e-01 6.464856517619400195e-03 9.999790813629881869e-01 2.060790956169781922e-04 5.603723901011587946e-03 5.569916974429994653e-04 -2.096843166669228205e-04 9.999998228963606905e-01 3.168988333139039545e-03 9.999819993972778320e-01 -5.954434629529714584e-03 -8.380656363442540169e-04 1.615596264600753784e-01 5.954504013061523438e-03 9.999822974205017090e-01 1.817340234993025661e-04 1.564081571996212006e-02 8.369706338271498680e-04 -1.867310929810628295e-04 9.999996423721313477e-01 -9.982299525290727615e-04 5.943721771240234375e+01
6.619969000000000000e+07 9.999827760964132839e-01 -5.812433422986676597e-03 -8.143275626690255195e-04 1.845119359491095568e-01 5.812547697109013249e-03 9.999830974757895063e-01 1.380331047129107578e-04 5.107470724112873200e-03 8.135114902739776091e-04 -1.427640448830630362e-04 9.999996589086946885e-01 3.569479845330313962e-03 9.999792575836181641e-01 -6.433244794607162476e-03 1.845290098572149873e-04 1.763907372951507568e-01 6.433356553316116333e-03 9.999792575836181641e-01 9.773980127647519112e-05 1.645900681614875793e-02 -1.851540000643581152e-04 -9.655015310272574425e-05 1.000000000000000000e+00 -2.392269438132643700e-03 5.968364715576171875e+01
6.630331000000000000e+07 9.999758068057327254e-01 -6.900908144449538137e-03 -8.736534734657211160e-04 1.972019475733290950e-01 6.901091975207548218e-03 9.999761656368961749e-01 2.075766383733193001e-04 5.997342091357409609e-03 8.722001831888534680e-04 -2.136007793581705708e-04 9.999995968206957242e-01 3.673554496243099446e-03 9.999772310256958008e-01 -6.590566132217645645e-03 1.445657573640346527e-03 1.941404044628143311e-01 6.583009846508502960e-03 9.999653697013854980e-01 5.105365067720413208e-03 2.418732084333896637e-02 -1.479255617596209049e-03 -5.095731467008590698e-03 9.999859333038330078e-01 -5.031708162277936935e-03 6.039612960815429688e+01
6.640707000000000000e+07 9.999581057096864622e-01 -9.113846092319482020e-03 -8.512571045629636598e-04 2.029687949687259130e-01 9.114079287528697657e-03 9.999584293413039671e-01 2.704657854088799752e-04 8.008072373659264748e-03 8.487567338150680532e-04 -2.782128788344289620e-04 9.999996011047387334e-01 3.572652774676121808e-03 9.999579191207885742e-01 -8.977418765425682068e-03 1.855814247392117977e-03 2.119258493185043335e-01 8.961919695138931274e-03 9.999262094497680664e-01 8.195876143872737885e-03 3.390650823712348938e-02 -1.929254038259387016e-03 -8.178903721272945404e-03 9.999646544456481934e-01 -4.036572296172380447e-03 5.958316802978515625e+01
6.651069000000000000e+07 9.999508378666953634e-01 -9.878127310156234464e-03 -8.628182017517020469e-04 2.167815501804818412e-01 9.878393101234048124e-03 9.999511611752038842e-01 3.043333352842898082e-04 8.578149849069800770e-03 8.597698194401083528e-04 -3.128416305724419813e-04 9.999995814629183410e-01 3.511329462721790237e-03 9.999571442604064941e-01 -9.134695865213871002e-03 1.521153841167688370e-03 2.241034358739852905e-01 9.125529788434505463e-03 9.999405145645141602e-01 5.981984548270702362e-03 2.962607517838478088e-02 -1.575707574374973774e-03 -5.967841949313879013e-03 9.999809265136718750e-01 1.315177418291568756e-03 5.961900711059570312e+01
6.661431000000000000e+07 9.999567335353114483e-01 -9.265620127139200662e-03 -8.242225751112164595e-04 2.347506320357619358e-01 9.265874953034027028e-03 9.999570240732359450e-01 3.058917194143695234e-04 7.712098952761883841e-03 8.213528769698711990e-04 -3.135156277166414656e-04 9.999996135436347577e-01 3.700573779783531986e-03 9.999523162841796875e-01 -9.453832171857357025e-03 2.446048660203814507e-03 2.339860945940017700e-01 9.459836408495903015e-03 9.999521970748901367e-01 -2.474952256307005882e-03 1.392018888145685196e-02 -2.422536490485072136e-03 2.497977577149868011e-03 9.999939203262329102e-01 8.128106594085693359e-03 5.964249420166015625e+01
6.671809000000000000e+07 9.999296838710692858e-01 -1.183339315356956960e-02 -7.733841331599439076e-04 2.398157413962395124e-01 1.183366031325483632e-02 9.999299213796303265e-01 3.417840655055483928e-04 1.006677820648404012e-02 7.692854703347512665e-04 -3.509119974992296748e-04 9.999996425302614123e-01 3.459522285122053169e-03 9.999346733093261719e-01 -1.126167736947536469e-02 1.941982656717300415e-03 2.477315813302993774e-01 1.127507630735635757e-02 9.999118447303771973e-01 -7.017643656581640244e-03 6.996842101216316223e-03 -1.862781005911529064e-03 7.039083633571863174e-03 9.999735355377197266e-01 6.670784205198287964e-03 6.000288009643554688e+01
6.682169000000000000e+07 9.999166592124754116e-01 -1.289006819147088881e-02 -7.216426498652600075e-04 2.521207482950078571e-01 1.289032881675776163e-02 9.999168522867568631e-01 3.576767814948138171e-04 1.087885333499058298e-02 7.169721687336139604e-04 -3.669491836568943119e-04 9.999996756495439509e-01 3.501983619359493559e-03 9.999321699142456055e-01 -1.157952751964330673e-02 1.317437272518873215e-03 2.512685954570770264e-01 1.158570591360330582e-02 9.999210238456726074e-01 -4.851482808589935303e-03 1.185391750186681747e-02 -1.261158497072756290e-03 4.866411443799734116e-03 9.999873042106628418e-01 6.727938540279865265e-03 6.009699249267578125e+01
6.692544000000000000e+07 9.998755848275967528e-01 -1.576066846712679409e-02 -6.451365214314003747e-04 2.550958374999606759e-01 1.576093396748220327e-02 9.998757053033421327e-01 4.085469392746679464e-04 1.356838716758602785e-02 6.386173616769485507e-04 -4.186640637075034264e-04 9.999997084440981343e-01 3.340497186671422675e-03 9.998849034309387207e-01 -1.516568381339311600e-02 -1.142229521065019071e-04 2.634123265743255615e-01 1.516528427600860596e-02 9.998795390129089355e-01 -3.306151600554585457e-03 1.737513020634651184e-02 1.643513969611376524e-04 3.304039128124713898e-03 9.999945759773254395e-01 6.159613840281963348e-04 5.963734436035156250e+01
6.702907000000000000e+07 9.998555525746771755e-01 -1.698653116683772682e-02 -5.759810185031999895e-04 2.572051598800045857e-01 1.698678487241529408e-02 9.998556180183748587e-01 4.384819453803611312e-04 1.468617231811547401e-02 5.684495702420904774e-04 -4.482026731202216462e-04 9.999997379896993221e-01 3.291410646726751835e-03 9.998665452003479004e-01 -1.633198373019695282e-02 -4.354524426162242889e-04 2.700429558753967285e-01 1.632983610033988953e-02 9.998563528060913086e-01 -4.532265942543745041e-03 1.731876842677593231e-02 5.094098742119967937e-04 4.524549469351768494e-03 9.999895691871643066e-01 -1.594999921508133411e-03 5.948799896240234375e+01
6.713282000000000000e+07 9.998388587187476695e-01 -1.794385974261922256e-02 -5.239148126445396583e-04 2.669171646359652095e-01 1.794409620685298579e-02 9.998388903915259585e-01 4.501834783867891083e-04 1.547552828879979019e-02 5.157523755674015779e-04 -4.595121132433546089e-04 9.999997614240189181e-01 3.304100335553132942e-03 9.998457431793212891e-01 -1.754835434257984161e-02 8.305243682116270065e-04 2.706596255302429199e-01 1.754881255328655243e-02 9.998459219932556152e-01 -5.459591629914939404e-04 2.252618595957756042e-02 -8.208152139559388161e-04 5.604510661214590073e-04 9.999995827674865723e-01 5.249824374914169312e-03 5.981315231323242188e+01
6.723644000000000000e+07 9.998107951926564763e-01 -1.944665568223045288e-02 -4.487782945667103708e-04 2.860572669022232173e-01 1.944686467795721935e-02 9.998107831878497720e-01 4.661313643629588039e-04 1.670320344209427418e-02 4.396286820943970906e-04 -4.747705007653930291e-04 9.999997906597765107e-01 3.378545175655264365e-03 9.997832775115966797e-01 -2.079521864652633667e-02 9.217526530846953392e-04 2.882368862628936768e-01 2.079599909484386444e-02 9.997833371162414551e-01 -8.290890255011618137e-04 2.675913274288177490e-02 -9.043125319294631481e-04 8.480784599669277668e-04 9.999991655349731445e-01 5.047507118433713913e-03 6.057526397705078125e+01
6.734007000000000000e+07 9.997804031534052172e-01 -2.095329270242772546e-02 -3.240389234636280118e-04 2.816761797193610417e-01 2.095345313465867693e-02 9.997803273277020564e-01 4.998961208427231970e-04 1.814318006061804364e-02 3.134932713678168100e-04 -5.065760795380827271e-04 9.999998225513088146e-01 3.171897239009215542e-03 9.997594952583312988e-01 -2.192049846053123474e-02 -6.899412255734205246e-04 2.994228601455688477e-01 2.192026004195213318e-02 9.997596740722656250e-01 -3.385911404620856047e-04 2.818544022738933563e-02 6.971972179599106312e-04 3.233979223296046257e-04 9.999997019767761230e-01 3.369918325915932655e-03 5.975408172607421875e+01
6.744369000000000000e+07 9.997786820909732031e-01 -2.103496319308406984e-02 -3.423098540767465598e-04 2.978409993818613155e-01 2.103512872757602389e-02 9.997786184097989803e-01 4.873870600243792803e-04 1.807219058557850075e-02 3.319819044849575988e-04 -4.944797241260676275e-04 9.999998226388995270e-01 3.360361321856365421e-03 9.997590780258178711e-01 -2.183123864233493805e-02 -2.254447434097528458e-03 2.995447218418121338e-01 2.183348312973976135e-02 9.997611641883850098e-01 9.745467104949057102e-04 2.912108227610588074e-02 2.232634462416172028e-03 -1.023549237288534641e-03 9.999970197677612305e-01 -1.249642809852957726e-04 5.965545654296875000e+01
6.754732000000000000e+07 9.997454540791040900e-01 -2.256049684126508470e-02 -2.259462882573320475e-04 3.022347713879351971e-01 2.256062129168452668e-02 9.997453175518411506e-01 5.642883986413830622e-04 1.943793168645639377e-02 2.131581176030159430e-04 -5.692422497658274549e-04 9.999998152634296256e-01 3.211581270093214098e-03 9.997245669364929199e-01 -2.311005257070064545e-02 -4.077390301972627640e-03 3.231982290744781494e-01 2.313596569001674652e-02 9.997116327285766602e-01 6.427204236388206482e-03 4.124660044908523560e-02 3.927682060748338699e-03 -6.519762799143791199e-03 9.999710321426391602e-01 -2.149192849174141884e-03 5.963868713378906250e+01
6.765108000000000000e+07 9.997578148209111948e-01 -2.200521425557909472e-02 -2.868351240353114143e-04 3.101428872398892533e-01 2.200536354498928981e-02 9.997577131809893825e-01 5.281426769861515989e-04 1.885422039345096765e-02 2.751437354876044047e-04 -5.343266795288984352e-04 9.999998193954549031e-01 3.393521712867442197e-03 9.997278451919555664e-01 -2.303769998252391815e-02 -3.675781423225998878e-03 3.347160220146179199e-01 2.305485680699348450e-02 9.997231364250183105e-01 4.696786869317293167e-03 4.319145902991294861e-02 3.566561499610543251e-03 -4.780255723744630814e-03 9.999822378158569336e-01 -3.437306964769959450e-03 6.011872100830078125e+01
6.775469000000000000e+07 9.996835978986056137e-01 -2.515351484508849059e-02 -6.916504924241455472e-05 3.263080546247361102e-01 2.515355409435065734e-02 9.996833933639377445e-01 6.416768285386508690e-04 2.162429489745005401e-02 5.300272350581831764e-05 -6.432135474483514177e-04 9.999997917335002873e-01 3.417698180551681942e-03 9.996686577796936035e-01 -2.573873475193977356e-02 -2.670748217497020960e-04 3.343408405780792236e-01 2.573934569954872131e-02 9.996653199195861816e-01 2.603718778118491173e-03 3.163582459092140198e-02 1.999692467506974936e-04 -2.609733957797288895e-03 9.999966025352478027e-01 1.017288072034716606e-03 5.974892807006835938e+01
6.785832000000000000e+07 9.996944094273354509e-01 -2.471966638008511741e-02 -1.608873093692919230e-04 3.507837081827967496e-01 2.471975123619272324e-02 9.996942696730874989e-01 5.487372459889119534e-04 2.101462477999112982e-02 1.472735202775627425e-04 -5.525466511315041884e-04 9.999998365013491597e-01 3.964516207399724525e-03 9.996709227561950684e-01 -2.564371563494205475e-02 8.031908073462545872e-04 3.646398484706878662e-01 2.564677596092224121e-02 9.996629357337951660e-01 -4.039346706122159958e-03 2.675852924585342407e-02 -6.993377464823424816e-04 4.058612510561943054e-03 9.999915361404418945e-01 2.957968041300773621e-03 5.965244674682617188e+01
6.796208000000000000e+07 9.996956907412131166e-01 -2.466744256921304945e-02 -2.078158025975796255e-04 3.619609615086735177e-01 2.466754509650415095e-02 9.996955816776438297e-01 5.061521240730313103e-04 2.089710297073517006e-02 1.952670611430886924e-04 -5.111244030032793557e-04 9.999998503112977888e-01 4.160530969281728622e-03 9.996766448020935059e-01 -2.540479227900505066e-02 1.026722253300249577e-03 3.613111078739166260e-01 2.540791220963001251e-02 9.996723532676696777e-01 -3.117742249742150307e-03 2.544805780053138733e-02 -9.471782832406461239e-04 3.142820671200752258e-03 9.999946355819702148e-01 3.897462040185928345e-03 5.969795227050781250e+01
6.806569000000000000e+07 9.996713083311266068e-01 -2.563685842233759393e-02 -1.637260136104913121e-04 3.769149036043230039e-01 2.563693680234063743e-02 9.996711966521095727e-01 4.960564268930581569e-04 2.172467780444044955e-02 1.509548518827338610e-04 -5.000908106411799600e-04 9.999998635609009812e-01 4.336136539902384936e-03 9.996561408042907715e-01 -2.622302062809467316e-02 8.918794628698378801e-05 3.918149173259735107e-01 2.622303552925586700e-02 9.996560811996459961e-01 -2.786475524771958590e-04 3.274304792284965515e-02 -8.185119804693385959e-05 2.808923891279846430e-04 1.000000000000000000e+00 2.455515787005424500e-03 5.961446380615234375e+01
6.816932000000000000e+07 9.996819468446610513e-01 -2.521856575476501619e-02 -1.705683283615485474e-04 3.896939721985543947e-01 2.521864021033322009e-02 9.996818584877966707e-01 4.494393621433905701e-04 2.121523128001267036e-02 1.591798473781412223e-04 -4.535979178441877798e-04 9.999998844553458222e-01 4.565776464714037773e-03 9.996521472930908203e-01 -2.637330628931522369e-02 -1.450088020646944642e-04 4.066707789897918701e-01 2.637334913015365601e-02 9.996520280838012695e-01 4.676171811297535896e-04 3.557752817869186401e-02 1.326266792602837086e-04 -4.712800728157162666e-04 9.999998807907104492e-01 2.368615707382559776e-03 6.059519958496093750e+01
6.827307000000000000e+07 9.996776956045529960e-01 -2.538638149711944236e-02 -1.912136293408704061e-04 4.213321851767301007e-01 2.538645528297847620e-02 9.996776344221607324e-01 3.938802862815103147e-04 2.152628095569138894e-02 1.811527937085712688e-04 -3.986075730571260987e-04 9.999999041478320194e-01 4.814171968639850523e-03 9.996535181999206543e-01 -2.632069215178489685e-02 -2.068491012323647738e-04 4.075064659118652344e-01 2.632091008126735687e-02 9.996523261070251465e-01 1.561817596666514874e-03 3.405110910534858704e-02 1.656658278079703450e-04 -1.566722174175083637e-03 9.999987483024597168e-01 2.048083581030368805e-03 6.042227172851562500e+01
6.837670000000000000e+07 9.996765829701135253e-01 -2.542999070172362666e-02 -2.121947470457271126e-04 4.386125137883241654e-01 2.543007391266300862e-02 9.996765236996005832e-01 3.991205077293050922e-04 2.173319856410389425e-02 2.019764761551278917e-04 -4.043875535224291480e-04 9.999998978380983949e-01 4.933147380694125235e-03 9.996650218963623047e-01 -2.585707791149616241e-02 -1.129064825363457203e-03 4.376847445964813232e-01 2.585555240511894226e-02 9.996646642684936523e-01 -1.429487718269228935e-03 4.506792500615119934e-02 1.165652065537869930e-03 1.399823580868542194e-03 9.999983310699462891e-01 1.945949858054518700e-03 5.997673416137695312e+01
6.848032000000000000e+07 9.997059703564409316e-01 -2.424642651702832441e-02 -2.892090333862652849e-04 4.549276753636600223e-01 2.424653508519489936e-02 9.997059380968770226e-01 3.779910450231183648e-04 2.076835304521112285e-02 2.799590560407417433e-04 -3.848922213434091103e-04 9.999998867404473746e-01 5.110240646997244243e-03 9.996992349624633789e-01 -2.452280931174755096e-02 -1.448960683774203062e-04 4.531054794788360596e-01 2.452264726161956787e-02 9.996989369392395020e-01 -8.684510248713195324e-04 6.704556196928024292e-02 1.661487476667389274e-04 8.646380738355219364e-04 9.999995827674865723e-01 3.678265027701854706e-03 5.966099166870117188e+01
6.858407000000000000e+07 9.997386381699618907e-01 -2.285929520865228118e-02 -3.285942364213539349e-04 4.728144913460914367e-01 2.285940904618747119e-02 9.997386293617935848e-01 3.469602282115530063e-04 1.959135922981929123e-02 3.205770852773155407e-04 -3.543810160900924956e-04 9.999998858222077791e-01 5.492220322761806779e-03 9.997457861900329590e-01 -2.254670672118663788e-02 3.328328893985599279e-04 4.628015458583831787e-01 2.254718728363513947e-02 9.997445344924926758e-01 -1.574628520756959915e-03 6.852022558450698853e-02 -2.972448419313877821e-04 1.581737655214965343e-03 9.999986886978149414e-01 4.671181552112102509e-03 6.021180725097656250e+01
6.868782000000000000e+07 9.997773435374551765e-01 -2.109785317647117422e-02 -3.794025736660597888e-04 4.881583125913196430e-01 2.109796759672754804e-02 9.997773680572010768e-01 3.001494332233746432e-04 1.791809372246149293e-02 3.729855979441173367e-04 -3.080872261146382096e-04 9.999998829819970458e-01 5.863149994782742083e-03 9.997817873954772949e-01 -2.088546566665172577e-02 -1.373198319924995303e-04 4.923679530620574951e-01 2.088539674878120422e-02 9.997817277908325195e-01 -4.229258629493415356e-04 5.749297142028808594e-02 1.461213105358183384e-04 4.199628310743719339e-04 9.999999403953552246e-01 3.946240525692701340e-03 5.992399978637695312e+01
6.879157000000000000e+07 9.998130093051569300e-01 -1.933294473324028220e-02 -4.285673202950642663e-04 5.044918298632807829e-01 1.933305381137443227e-02 9.998130673271843349e-01 2.518530815608924418e-04 1.632132136000304795e-02 4.236181453251078050e-04 -2.600915024908072109e-04 9.999998764500303006e-01 6.294167250843228818e-03 9.998080134391784668e-01 -1.959617994725704193e-02 -2.121802390320226550e-05 5.023342967033386230e-01 1.959623396396636963e-02 9.998077750205993652e-01 -6.344516878016293049e-04 5.912267416715621948e-02 3.364736767252907157e-05 6.339171668514609337e-04 9.999997615814208984e-01 3.371022408828139305e-03 5.984844970703125000e+01
6.889532000000000000e+07 9.998300583022962096e-01 -1.842965753533888640e-02 -4.497055800846839059e-04 5.192230791772608489e-01 1.842976348635393113e-02 9.998301304269108236e-01 2.326050225298598000e-04 1.569248442120213527e-02 4.453423578418541228e-04 -2.408534607957223996e-04 9.999998718298879208e-01 6.623333618631856157e-03 9.998262524604797363e-01 -1.862774603068828583e-02 -6.940859602764248848e-04 5.298602581024169922e-01 1.862792111933231354e-02 9.998264908790588379e-01 3.367015160620212555e-04 5.107401311397552490e-02 6.876940024085342884e-04 -3.495792625471949577e-04 9.999997019767761230e-01 3.736309008672833443e-03 5.970665740966796875e+01
6.899907000000000000e+07 9.998377937720857034e-01 -1.800459670402191487e-02 -4.697246408742142428e-04 5.228657569902166458e-01 1.800470455199022074e-02 9.998378765384652311e-01 2.263885896959004019e-04 1.534749751296647646e-02 4.655724522175324980e-04 -2.348091214690384895e-04 9.999998640534742966e-01 6.722458951606244924e-03 9.998318552970886230e-01 -1.833123341202735901e-02 -4.838005406782031059e-04 5.490025281906127930e-01 1.832992210984230042e-02 9.998289942741394043e-01 -2.429126063361763954e-03 5.038134381175041199e-02 5.282440688461065292e-04 2.419855911284685135e-03 9.999969005584716797e-01 2.483104821294546127e-03 5.982579040527343750e+01
6.910284000000000000e+07 9.998253562884853451e-01 -1.868460360302055465e-02 -3.775145980645702162e-04 5.662324945769909856e-01 1.868469723787080997e-02 9.998253955356275480e-01 2.460439475245597245e-04 1.668317136002352152e-02 3.728514487883478456e-04 -2.530547233342075875e-04 9.999998984725487761e-01 7.159107628376236085e-03 9.998288750648498535e-01 -1.849863119423389435e-02 1.259595883311703801e-04 5.565780997276306152e-01 1.849911175668239594e-02 9.998217225074768066e-01 -3.786725690588355064e-03 3.022366389632225037e-02 -5.588683052337728441e-05 3.788404166698455811e-03 9.999929070472717285e-01 2.426283201202750206e-03 6.006633758544921875e+01
6.920657000000000000e+07 9.997937060230875916e-01 -2.030877389258427257e-02 -3.148369523254302988e-04 5.697463722940498965e-01 2.030886520488434099e-02 9.997937117974435850e-01 2.895981464561133106e-04 1.802888964180665576e-02 3.088906222276053019e-04 -2.959323849804623295e-04 9.999999085053044023e-01 6.875636250840288718e-03 9.998194575309753418e-01 -1.899782754480838776e-02 -2.961938735097646713e-04 5.751637816429138184e-01 1.899625733494758606e-02 9.998099803924560547e-01 -4.367972724139690399e-03 6.090328097343444824e-03 3.791171475313603878e-04 4.361554048955440521e-03 9.999903440475463867e-01 -3.329410916194319725e-03 6.043360137939453125e+01
6.931032000000000000e+07 9.998158548103739385e-01 -1.918834563508476157e-02 -2.527543925241244232e-04 6.017688872621898000e-01 1.918841247282567983e-02 9.998158504307644856e-01 2.647213133224843740e-04 1.726320835760275507e-02 2.476282841774316490e-04 -2.695225214017582614e-04 9.999999330189236479e-01 7.130247258977872281e-03 9.998188018798828125e-01 -1.901402696967124939e-02 -9.554407442919909954e-04 5.940057635307312012e-01 1.900943554937839508e-02 9.998084902763366699e-01 -4.657238256186246872e-03 1.271783839911222458e-02 1.043811789713799953e-03 4.638228565454483032e-03 9.999887943267822266e-01 -1.685437280684709549e-03 5.975068664550781250e+01
6.941395000000000000e+07 9.998422645078381965e-01 -1.775902274267958034e-02 -2.514446843429875246e-04 6.155919591434111382e-01 1.775908834334059480e-02 9.998422608649575327e-01 2.611111448957243396e-04 1.621393078960799497e-02 2.467679430542478155e-04 -2.655353866321325169e-04 9.999999342982701656e-01 7.350834059180707744e-03 9.998403191566467285e-01 -1.786207966506481171e-02 -5.026653525419533253e-04 6.030565500259399414e-01 1.786152832210063934e-02 9.998398423194885254e-01 -1.030318555422127247e-03 1.685070991516113281e-02 5.209870287217199802e-04 1.021176227368414402e-03 9.999992847442626953e-01 -7.042899378575384617e-04 5.991027069091796875e+01
6.951769000000000000e+07 9.998615309173612964e-01 -1.663918690691302063e-02 -2.376233618137184832e-04 6.298985425802540172e-01 1.663924743631052874e-02 9.998615256129508300e-01 2.550644843004458255e-04 1.533421764153057067e-02 2.333463916559734932e-04 -2.589830394683071595e-04 9.999999392386246244e-01 7.551876893897781218e-03 9.998658299446105957e-01 -1.633311249315738678e-02 -1.243488048203289509e-03 6.269207000732421875e-01 1.633441075682640076e-02 9.998660087585449219e-01 1.071588951162993908e-03 2.319919317960739136e-02 1.225822023116052151e-03 -1.091750804334878922e-03 9.999986886978149414e-01 1.009851344861090183e-03 5.994659042358398438e+01
6.962144000000000000e+07 9.998943117967677985e-01 -1.453640950548174514e-02 -2.409274784115102966e-04 6.473456493973168691e-01 1.453647083395043400e-02 9.998943074699506717e-01 2.547857427583432146e-04 1.364858793283159170e-02 2.371983444760359815e-04 -2.582610499949172496e-04 9.999999385190889711e-01 7.793789535181333897e-03 9.998893737792968750e-01 -1.485444325953722000e-02 -6.098682642914354801e-04 6.382511258125305176e-01 1.485550962388515472e-02 9.998883008956909180e-01 1.663429313339293003e-03 2.230958081781864166e-02 5.850895540788769722e-04 -1.672301557846367359e-03 9.999983310699462891e-01 -9.293673210777342319e-04 5.976831817626953125e+01
6.972532000000000000e+07 9.999156101046833278e-01 -1.299003584304608827e-02 -1.778742310506452079e-04 6.789390165677798850e-01 1.299007665572099457e-02 9.999155988864247835e-01 2.302467109594312240e-04 1.229054037691577027e-02 1.748683052654848263e-04 -2.325378803401101629e-04 9.999999576736045004e-01 7.944627555872284946e-03 9.999151825904846191e-01 -1.295398082584142685e-02 1.382519258186221123e-03 6.704795956611633301e-01 1.295343600213527679e-02 9.999159574508666992e-01 4.502798838075250387e-04 8.353452198207378387e-03 -1.388235134072601795e-03 -4.323338216636329889e-04 9.999989867210388184e-01 1.088276039808988571e-02 5.977356719970703125e+01
6.982907000000000000e+07 9.999412237031057860e-01 -1.083964769664375570e-02 -2.262433720394723042e-04 6.844304920995049057e-01 1.083970217592938358e-02 9.999412196700266930e-01 2.409785728897302116e-04 1.042134840786977656e-02 2.236179507504294588e-04 -2.434168196447004072e-04 9.999999453716347242e-01 8.249633238199265139e-03 9.999366998672485352e-01 -1.116438396275043488e-02 1.430229516699910164e-03 6.870243549346923828e-01 1.116406824439764023e-02 9.999377131462097168e-01 2.061735140159726143e-04 1.294504967518150806e-03 -1.432443270459771156e-03 -1.901946670841425657e-04 9.999989867210388184e-01 1.661793515086174011e-02 5.984121704101562500e+01
6.993284000000000000e+07 9.999637139636443628e-01 -8.516029119199264655e-03 -2.191043922171272064e-04 7.060192359220968106e-01 8.516079523148834332e-03 9.999637110531177653e-01 2.301501493177113907e-04 8.290460771187585509e-03 2.171364758481967997e-04 -2.320077084409632312e-04 9.999999495120875936e-01 8.580868766244816037e-03 9.999570250511169434e-01 -8.844630792737007141e-03 2.771941013634204865e-03 7.040221691131591797e-01 8.842095732688903809e-03 9.999604821205139160e-01 9.411428472958505154e-04 -4.499455681070685387e-04 -2.780156442895531654e-03 -9.165981900878250599e-04 9.999957084655761719e-01 2.126545459032058716e-02 5.971692657470703125e+01
7.003672000000000000e+07 9.999705502808697855e-01 -7.672231891144715155e-03 -1.882369212286224300e-04 7.220290309896113534e-01 7.672272568779642254e-03 9.999705442845151504e-01 2.163361212466291344e-04 7.460350324910457187e-03 1.865715958099413549e-04 -2.177739550694681087e-04 9.999999588827742647e-01 8.717659217933465543e-03 9.999722838401794434e-01 -7.107417099177837372e-03 2.220164518803358078e-03 7.178892493247985840e-01 7.105929777026176453e-03 9.999744892120361328e-01 6.135948933660984039e-04 3.317925613373517990e-03 -2.224474912509322166e-03 -5.978036788292229176e-04 9.999973177909851074e-01 1.721646450459957123e-02 5.982096099853515625e+01
7.014057000000000000e+07 9.999856274578318160e-01 -5.355618898071985191e-03 -2.494501173441923247e-04 7.275900040019462889e-01 5.355678079399162593e-03 9.999856301248826185e-01 2.371864817947056010e-04 5.389320984042133764e-03 2.481762524338705905e-04 -2.385190472835686326e-04 9.999999407586069866e-01 9.034578750616454115e-03 9.999854564666748047e-01 -5.386029370129108429e-03 2.785361430142074823e-04 7.312733530998229980e-01 5.385835655033588409e-03 9.999850988388061523e-01 8.999916026368737221e-04 5.196886559133417904e-05 -2.833695616573095322e-04 -8.984749438241124153e-04 9.999995827674865723e-01 1.706683635711669922e-02 6.088153457641601562e+01
7.024432000000000000e+07 9.999923520340187055e-01 -3.903965149158443535e-03 -2.343713488602428138e-04 7.376145557994236990e-01 3.904018876262378614e-03 9.999923530180900855e-01 2.292210746771932686e-04 4.437418794347237558e-03 2.334746855599400964e-04 -2.301343117516902478e-04 9.999999462638846648e-01 9.129695449650766445e-03 9.999911189079284668e-01 -4.197028465569019318e-03 4.014435107819736004e-04 7.458541393280029297e-01 4.196555353701114655e-03 9.999907016754150391e-01 1.045630313456058502e-03 7.031180430203676224e-03 -4.058295453432947397e-04 -1.043937983922660351e-03 9.999993443489074707e-01 1.132689043879508972e-02 6.001033782958984375e+01
7.034820000000000000e+07 9.999929763998050003e-01 -3.742456541129953254e-03 -2.029064451057986391e-04 7.598724578828129905e-01 3.742499738171254850e-03 9.999929741537547656e-01 2.129313658864058338e-04 4.243679768002849018e-03 2.021081331860155172e-04 -2.136892476092017309e-04 9.999999567446059556e-01 9.072780419168325824e-03 9.999940991401672363e-01 -3.408082993701100349e-03 3.359307884238660336e-04 7.612500190734863281e-01 3.407701384276151657e-03 9.999935626983642578e-01 1.120617729611694813e-03 2.177598653361201286e-03 -3.397483960725367069e-04 -1.119466731324791908e-03 9.999993443489074707e-01 1.357610151171684265e-02 5.995593643188476562e+01
7.045194000000000000e+07 9.999954713868173251e-01 -3.002806107350616469e-03 -2.009015310224954729e-04 7.661861867799606429e-01 3.002846683053995297e-03 9.999954710492924281e-01 2.019722464563556189e-04 3.750852153483118841e-03 2.002941376599965784e-04 -2.025746082924706633e-04 9.999999594228927702e-01 9.138844561321156357e-03 9.999952912330627441e-01 -2.994764363393187523e-03 -8.018054068088531494e-04 7.747022509574890137e-01 2.995449816808104515e-03 9.999952316284179688e-01 8.293028222396969795e-04 7.514279335737228394e-03 7.993140607140958309e-04 -8.316984167322516441e-04 9.999993443489074707e-01 1.138758659362792969e-02 5.983625411987304688e+01
7.055582000000000000e+07 9.999935622146113312e-01 -3.582733788843311690e-03 -1.988668992216559750e-04 7.872337492442855744e-01 3.582770474860125492e-03 9.999935648506363961e-01 1.844265532702426213e-04 3.977496237484237640e-03 1.982048682453078458e-04 -1.851378604203853168e-04 9.999999632194011001e-01 9.177995197254953247e-03 9.999954700469970703e-01 -2.936749020591378212e-03 -4.884339286945760250e-04 7.903926968574523926e-01 2.936090575531125069e-03 9.999947547912597656e-01 -1.311039668507874012e-03 8.707466768100857735e-04 4.922779044136404991e-04 1.309598563238978386e-03 9.999989271163940430e-01 1.161527447402477264e-02 5.996182250976562500e+01
7.065957000000000000e+07 9.999960325111680870e-01 -2.810227801276920893e-03 -1.938590618564529043e-04 8.040440246029553206e-01 2.810257859524109905e-03 9.999960392119736641e-01 1.549543041731321917e-04 3.368140490797868862e-03 1.934228371122389623e-04 -1.554984833659025687e-04 9.999999692039123200e-01 9.439240328003993541e-03 9.999949336051940918e-01 -2.935925032943487167e-03 -1.286000246182084084e-03 8.042038679122924805e-01 2.933905692771077156e-03 9.999943971633911133e-01 -1.614500069990754128e-03 3.830150235444307327e-03 1.290741609409451485e-03 1.610720995813608170e-03 9.999979138374328613e-01 8.020677603781223297e-03 5.960022354125976562e+01
7.076333000000000000e+07 9.999963946557944849e-01 -2.678556584502717400e-03 -1.897634905958521295e-04 8.053187205800063087e-01 2.678585354618711820e-03 9.999964011048708690e-01 1.515188118961769250e-04 3.302376572147977529e-03 1.893569559539191405e-04 -1.520265633151543809e-04 9.999999705159338115e-01 9.467081818201859150e-03 9.999949336051940918e-01 -2.763992408290505409e-03 -1.552310655824840069e-03 8.201292157173156738e-01 2.762625692412257195e-03 9.999958276748657227e-01 -8.476572693325579166e-04 3.722335444763302803e-03 1.554642338305711746e-03 8.433634066022932529e-04 9.999983906745910645e-01 9.501466527581214905e-03 5.970281600952148438e+01
7.086719000000000000e+07 9.999969202321402628e-01 -2.476832059198097371e-03 -1.575726638641925155e-04 8.238757310371751519e-01 2.476849955052788741e-03 9.999969261637217111e-01 1.134784897861304765e-04 2.958770693699983197e-03 1.572911123482303509e-04 -1.138684241467102413e-04 9.999999811467437105e-01 9.751934421386833710e-03 9.999948143959045410e-01 -2.885553985834121704e-03 -1.451099175028502941e-03 8.325212001800537109e-01 2.885129535570740700e-03 9.999958276748657227e-01 -2.945346641354262829e-04 7.360116578638553619e-03 1.451942254789173603e-03 2.903517161030322313e-04 9.999988675117492676e-01 8.828734979033470154e-03 5.988716888427734375e+01
7.097082000000000000e+07 9.999969285390305496e-01 -2.474798022649541806e-03 -1.352300966952965091e-04 8.365149555090146682e-01 2.474810390059257060e-03 9.999969334783480601e-01 9.136389066527838654e-05 2.803032804121667262e-03 1.350035748306224954e-04 -9.169827889698200824e-05 9.999999866827299355e-01 9.929619893918986348e-03 9.999946355819702148e-01 -2.693640068173408508e-03 -1.811671303585171700e-03 8.450615406036376953e-01 2.691500121727585793e-03 9.999956488609313965e-01 -1.208066707476973534e-03 5.804633256047964096e-03 1.814922434277832508e-03 1.203179941512644291e-03 9.999976754188537598e-01 8.820800110697746277e-03 5.969500732421875000e+01
7.107469000000000000e+07 9.999964905258874603e-01 -2.646599682736505265e-03 -1.201924366507855336e-04 8.461970684845796509e-01 2.646608731282599960e-03 9.999964948985023971e-01 7.518727699754212859e-05 2.797551796902587005e-03 1.199930247461565412e-04 -7.550511547323457428e-05 9.999999899503260181e-01 1.005089578578106414e-02 9.999966621398925781e-01 -2.456574002280831337e-03 -7.738373824395239353e-04 8.547561764717102051e-01 2.454592147842049599e-03 9.999935626983642578e-01 -2.595921978354454041e-03 2.728494815528392792e-03 7.802078616805374622e-04 2.594012301415205002e-03 9.999963045120239258e-01 8.739965036511421204e-03 6.021561431884765625e+01
7.117844000000000000e+07 9.999980618849472203e-01 -1.966457622814294943e-03 -9.628513538274081560e-05 8.663740768986277763e-01 1.966460320731371319e-03 9.999980661249253666e-01 2.793343065607329070e-05 2.155582203776135360e-03 9.623001927253115387e-05 -2.812271741312821503e-05 9.999999949744481365e-01 1.061912107332802467e-02 9.999977946281433105e-01 -1.943489187397062778e-03 -8.083216962404549122e-04 8.622900247573852539e-01 1.941015361808240414e-03 9.999937415122985840e-01 -2.969534834846854210e-03 2.785391174256801605e-03 8.140859426930546761e-04 2.967960899695754051e-03 9.999952316284179688e-01 7.987992838025093079e-03 6.173168182373046875e+01
7.128219000000000000e+07 9.999975571208254976e-01 -2.208501512285289143e-03 -9.095930528573769670e-05 8.747534256695999044e-01 2.208502712666658967e-03 9.999975611691954702e-01 1.309857895426603435e-05 2.198812830294425303e-03 9.093015522080944368e-05 -1.329943082258296057e-05 9.999999957774161619e-01 1.084679066607329226e-02 9.999976754188537598e-01 -2.120949327945709229e-03 -2.774471358861774206e-04 8.787257671356201172e-01 2.120530232787132263e-03 9.999964237213134766e-01 -1.620575203560292721e-03 4.402074962854385376e-03 2.808858698699623346e-04 1.619985792785882950e-03 9.999986290931701660e-01 8.969031274318695068e-03 5.979705429077148438e+01
7.138595000000000000e+07 9.999983411033922520e-01 -1.819309606879336572e-03 -8.889882704659920305e-05 8.718200700441436357e-01 1.819310993129340248e-03 9.999983449320167805e-01 1.551519058059719491e-05 1.989541041379458072e-03 8.887045297758035289e-05 -1.567689945662373847e-05 9.999999959281387074e-01 1.078135698010109639e-02 9.999953508377075195e-01 -1.649845275096595287e-03 -2.564847469329833984e-03 8.847469687461853027e-01 1.652982202358543873e-03 9.999979138374328613e-01 1.207971945405006409e-03 8.948496542870998383e-03 2.562850713729858398e-03 -1.212205621413886547e-03 9.999960064888000488e-01 1.059948652982711792e-02 5.907203292846679688e+01
7.148957000000000000e+07 9.999997145056781500e-01 -7.533136260714357177e-04 -5.922125002212964194e-05 8.905720311213656259e-01 7.533118423763354591e-04 9.999997158065198066e-01 -3.013571267733979603e-05 1.153473960304141240e-03 5.924393483428861497e-05 3.009109200586333356e-05 9.999999977923412775e-01 1.132022656975022884e-02 9.999928474426269531e-01 -1.327367266640067101e-03 -3.543096361681818962e-03 8.981201052665710449e-01 1.323798671364784241e-03 9.999986886978149414e-01 -9.955659043043851852e-04 5.176509730517864227e-03 3.544413018971681595e-03 9.908684296533465385e-04 9.999932050704956055e-01 7.532655727118253708e-03 5.964249420166015625e+01
7.159333000000000000e+07 9.999998899177985345e-01 -4.675472470492685897e-04 -3.954712243888377197e-05 9.127469948034778735e-01 4.675449138946269887e-04 9.999998889612314867e-01 -5.898551224608746484e-05 8.739597637840325469e-04 3.957469655994475834e-05 5.896701569791111037e-05 9.999999974783673196e-01 1.185127913665866110e-02 9.999960660934448242e-01 -2.989778295159339905e-04 -2.788388868793845177e-03 9.095477461814880371e-01 2.984054153785109520e-04 9.999998807907104492e-01 -2.297733299201354384e-04 7.756788283586502075e-03 2.788458950817584991e-03 2.289402909809723496e-04 9.999960660934448242e-01 3.611780237406492233e-03 5.995507049560546875e+01
7.169720000000000000e+07 9.999999348992871795e-01 -3.603274066323631109e-04 -1.912029886061110740e-05 9.286397924786514713e-01 3.603263927301175295e-04 9.999999336777063430e-01 -5.300450854167191737e-05 7.296483035365657326e-04 1.913939656897662933e-05 5.299761554295347578e-05 9.999999984124682273e-01 1.196688714905076202e-02 9.999984502792358398e-01 -5.529715563170611858e-04 1.626963494345545769e-03 9.250981211662292480e-01 5.489735049195587635e-04 9.999968409538269043e-01 2.450557192787528038e-03 1.125063281506299973e-02 -1.628312980756163597e-03 -2.449659863486886024e-03 9.999957084655761719e-01 4.279736895114183426e-03 5.974387359619140625e+01
7.180095000000000000e+07 9.999997713783326247e-01 -6.757631013017505314e-04 -2.423863436372856664e-05 9.341347984865395748e-01 6.757619297328942799e-04 9.999997705059305853e-01 -4.831043815260466917e-05 8.902030263133437578e-04 2.427127521275783477e-05 4.829404756138929767e-05 9.999999985392951096e-01 1.208615079202288341e-02 9.999963045120239258e-01 -1.620363946130964905e-06 2.753019100055098534e-03 9.389699101448059082e-01 1.916369228638359345e-06 1.000000000000000000e+00 -1.397452288074418902e-04 8.665455505251884460e-03 -2.753020962700247765e-03 1.397513551637530327e-04 9.999962449073791504e-01 6.534481421113014221e-03 5.982144165039062500e+01
7.190472000000000000e+07 9.999999915507866710e-01 -1.296726186638787811e-04 -9.134471161875486748e-06 9.388424490693217939e-01 1.296722257165148432e-04 9.999999906678187500e-01 -4.300554008158178476e-05 5.416746738444199512e-04 9.140047717604241891e-06 4.300435523101805302e-05 9.999999990335425304e-01 1.201467494220124881e-02 9.999963641166687012e-01 -7.424807990901172161e-04 2.584053436294198036e-03 9.484356641769409180e-01 7.407495868392288685e-04 9.999994039535522461e-01 6.834646337665617466e-04 7.644423749297857285e-03 -2.584558445960283279e-03 -6.815532688051462173e-04 9.999963641166687012e-01 1.065559498965740204e-02 5.946214294433593750e+01
7.200847000000000000e+07 9.999997884832216855e-01 -6.503028980090027255e-04 -1.181724616191886237e-05 9.490152642214210177e-01 6.503023876814024518e-04 9.999997876229491656e-01 -4.313763469667180364e-05 8.154931725321556968e-04 1.184529618142772573e-05 4.312994078884345542e-05 9.999999989997485628e-01 1.220849708403597828e-02 9.999997615814208984e-01 -5.116340471431612968e-04 -4.863148496951907873e-04 9.586549401283264160e-01 5.103762960061430931e-04 9.999964237213134766e-01 -2.625638153403997421e-03 2.736288122832775116e-03 4.876557795796543360e-04 2.625390887260437012e-03 9.999964237213134766e-01 6.286134477704763412e-03 6.011616134643554688e+01
7.211220000000000000e+07 9.999995978328329871e-01 -8.968374455705618300e-04 4.091308656923067033e-06 9.620146346268311222e-01 8.968375911712057847e-04 9.999995972029028790e-01 -3.572586109716845815e-05 8.492150340194660162e-04 -4.059266717762564817e-06 3.572951596893600971e-05 9.999999993534619547e-01 1.239370860055208183e-02 9.999981522560119629e-01 -9.867978515103459358e-04 -1.624489319510757923e-03 9.675787687301635742e-01 9.824116714298725128e-04 9.999958872795104980e-01 -2.692122478038072586e-03 8.675254066474735737e-04 1.627139281481504440e-03 2.690523164346814156e-03 9.999950528144836426e-01 6.026680115610361099e-03 5.990278244018554688e+01
7.221595000000000000e+07 9.999997330505802084e-01 -7.306190292108847477e-04 9.726781068385785523e-06 9.695740704091710960e-01 7.306193675908561431e-04 9.999997324910560037e-01 -3.483050381698475113e-05 7.520951798117851868e-04 -9.701330637869941633e-06 3.483760109353144756e-05 9.999999993461128334e-01 1.243836433200451105e-02 9.999997019767761230e-01 -6.411764770746231079e-04 -5.854680784977972507e-04 9.817691445350646973e-01 6.395582458935678005e-04 9.999962449073791504e-01 -2.679179655387997627e-03 2.807397628203034401e-03 5.871828179806470871e-04 2.678805729374289513e-03 9.999962449073791504e-01 6.958575919270515442e-03 5.974019241333007812e+01
7.231970000000000000e+07 9.999996500197176896e-01 -8.364373077047121754e-04 1.825134346732698975e-05 9.791527091191722931e-01 8.364378451364831366e-04 9.999996497519249017e-01 -2.945841252052858877e-05 7.581398577917505127e-04 -1.822669696095130133e-05 2.947366832421142308e-05 9.999999993995452030e-01 1.255631973445789362e-02 9.999995231628417969e-01 -8.998756529763340950e-04 2.388287684880197048e-04 9.924880862236022949e-01 9.002626757137477398e-04 9.999986886978149414e-01 -1.367627060972154140e-03 4.780467599630355835e-03 -2.375964686507359147e-04 1.367841614410281181e-03 9.999990463256835938e-01 5.831330548971891403e-03 5.979344177246093750e+01
7.242345000000000000e+07 9.999995663536522805e-01 -9.308634987246228870e-04 2.802919125429167909e-05 9.923915035001725782e-01 9.308641922503978899e-04 9.999995664397879347e-01 -2.474011013934426651e-05 7.678677768053798801e-04 -2.800614943597236768e-05 2.476619078192144612e-05 9.999999993011456922e-01 1.269040950623888213e-02 9.999995827674865723e-01 -9.075023699551820755e-04 2.940566046163439751e-04 1.005726933479309082e+00 9.079854353331029415e-04 9.999980330467224121e-01 -1.745824352838099003e-03 4.104173276573419571e-03 -2.924721629824489355e-04 1.746091176755726337e-03 9.999984502792358398e-01 6.654717028141021729e-03 6.060230255126953125e+01
7.252720000000000000e+07 9.999993539417817434e-01 -1.135795937395969865e-03 4.564606249041887559e-05 1.011734765803647962e+00 1.135796603710298664e-03 9.999993548766042961e-01 -1.457414005407064399e-05 8.084851125792584785e-04 -4.562947979343873661e-05 1.462597528286772526e-05 9.999999988520156258e-01 1.291558485094082727e-02 9.999995231628417969e-01 -8.793833549134433270e-04 3.071647079195827246e-04 1.015359520912170410e+00 8.795813773758709431e-04 9.999993443489074707e-01 -7.425664225593209267e-04 6.231900304555892944e-03 -3.065109485760331154e-04 7.428358076140284538e-04 9.999997615814208984e-01 8.325337432324886322e-03 5.998278427124023438e+01
7.263095000000000000e+07 9.999997499240887988e-01 -7.051510186733435772e-04 5.397965958112187012e-05 1.016781430750587800e+00 7.051514869135434458e-04 9.999997513431989615e-01 -8.655841889602170129e-06 5.518314610093024786e-04 -5.397354248302223468e-05 8.693903561978772400e-06 9.999999985056363672e-01 1.289061442964831161e-02 9.999993443489074707e-01 -7.376957219094038010e-04 -8.940850966610014439e-04 1.025061845779418945e+00 7.377425208687782288e-04 9.999997019767761230e-01 -3.047059635719051585e-06 5.466225557029247284e-03 8.940864354372024536e-04 2.387305130469030701e-06 9.999995231628417969e-01 7.247926201671361923e-03 5.984841537475585938e+01
7.273470000000000000e+07 9.999995735026036003e-01 -9.215734510956526604e-04 6.080266086987866288e-05 1.028797274235135895e+00 9.215734319634329803e-04 9.999995753510452223e-01 3.426772032276515003e-07 6.736893998124419362e-04 -6.080295085231235825e-05 -2.866429388159811376e-07 9.999999981514594571e-01 1.303041953273006461e-02 9.999990463256835938e-01 -1.031203195452690125e-03 -9.186759707517921925e-04 1.039470553398132324e+00 1.032391330227255821e-03 9.999986290931701660e-01 1.304610632359981537e-03 7.725575473159551620e-03 9.173295111395418644e-04 -1.305557321757078171e-03 9.999986886978149414e-01 7.061542011797428131e-03 5.975574493408203125e+01
7.283847000000000000e+07 9.999997637932569461e-01 -6.843479630897204673e-04 6.388501506479113249e-05 1.027553319798335085e+00 6.843480930368078460e-04 9.999997658317915095e-01 -2.012240108205737731e-06 5.221234552837201092e-04 -6.388362303253078379e-05 2.055959221182576762e-06 9.999999979573278575e-01 1.298608628276005754e-02 9.999999403953552246e-01 -4.193490894977003336e-04 1.760588929755613208e-04 1.049035787582397461e+00 4.192462365608662367e-04 9.999995827674865723e-01 7.625426515005528927e-04 5.706941708922386169e-03 -1.763780892360955477e-04 -7.624717545695602894e-04 9.999997615814208984e-01 6.737687624990940094e-03 6.013292694091796875e+01
7.294220000000000000e+07 9.999999698586486963e-01 2.273000084636007739e-04 9.282999929686078342e-05 1.059904383600144717e+00 -2.273045008229816961e-04 9.999999729957430583e-01 4.838571893040837467e-05 1.634488289092460495e-04 -9.281899871590545861e-05 -4.840681814831866204e-05 9.999999945207067586e-01 1.308742308640324994e-02 9.999989271163940430e-01 3.297431394457817078e-04 1.417996827512979507e-03 1.052239656448364258e+00 -3.293515183031558990e-04 1.000000000000000000e+00 -2.673691196832805872e-04 4.476092755794525146e-03 -1.418084837496280670e-03 2.669043024070560932e-04 9.999988675117492676e-01 2.018067054450511932e-02 6.057868957519531250e+01
7.304595000000000000e+07 9.999996167664998437e-01 8.701750581484845584e-04 9.624025288364910699e-05 1.055533895784469545e+00 -8.701804901622747215e-04 9.999996198015551618e-01 5.641475647167987863e-05 -8.456242710581511916e-05 -9.619112557700134041e-05 -5.649848124593468394e-05 9.999999937775941872e-01 1.291327087460305244e-02 9.999994039535522461e-01 9.123897179961204529e-04 6.421171710826456547e-04 1.047417998313903809e+00 -9.155065054073929787e-04 9.999884963035583496e-01 4.717046860605478287e-03 2.531853690743446350e-02 -6.378079997375607491e-04 -4.717631731182336807e-03 9.999886751174926758e-01 1.105901505798101425e-02 6.065356826782226562e+01
7.314970000000000000e+07 9.999977575002938490e-01 2.115521025103116615e-03 9.780149045758395037e-05 1.054189710926697332e+00 -2.115528247048702442e-03 9.999977595444755618e-01 7.379851550877144020e-05 -6.329895868823009293e-04 -9.764514902497063156e-05 -7.400525183332964181e-05 9.999999924943236973e-01 1.266518821783816674e-02 9.999964833259582520e-01 2.145984908565878868e-03 -1.533062080852687359e-03 1.057712435722351074e+00 -2.140729455277323723e-03 9.999919533729553223e-01 3.372069913893938065e-03 1.879611797630786896e-02 1.540288445539772511e-03 -3.368780948221683502e-03 9.999931454658508301e-01 1.004932913929224014e-02 6.064239883422851562e+01
7.325345000000000000e+07 9.999911105825675106e-01 4.215091452732772082e-03 1.084458423129566572e-04 1.066049906375634126e+00 -4.215096172399429575e-03 9.999911155042546795e-01 4.332927296552520829e-05 -2.089912043166572940e-03 -1.082622419845258836e-04 -4.378599743264524824e-05 9.999999931810369391e-01 1.250989400860848429e-02 9.999877214431762695e-01 3.925189375877380371e-03 -3.038740018382668495e-03 1.062481760978698730e+00 -3.918527625501155853e-03 9.999899864196777344e-01 2.190851140767335892e-03 1.670385897159576416e-02 3.047309117391705513e-03 -2.178916474804282188e-03 9.999929666519165039e-01 8.680128492414951324e-03 6.107936096191406250e+01
7.335722000000000000e+07 9.999751781017968133e-01 7.044934202627397592e-03 1.099227827019682430e-04 1.070151353606812128e+00 -7.044935334993416252e-03 9.999751840862968200e-01 9.917666658738514369e-06 -4.075291420152670450e-03 -1.098501855595860482e-04 -1.069181936914825122e-05 9.999999939093109358e-01 1.271086791387745531e-02 9.999726414680480957e-01 7.232058793306350708e-03 -1.515456242486834526e-03 1.075300335884094238e+00 -7.224349770694971085e-03 9.999611377716064453e-01 5.036654416471719742e-03 1.636418141424655914e-02 1.551825786009430885e-03 -5.025568883866071701e-03 9.999861717224121094e-01 1.015123445540666580e-02 6.080678558349609375e+01
7.346107000000000000e+07 9.999488375245846328e-01 1.011496516955131923e-02 9.906552276637115397e-05 1.069127344289677373e+00 -1.011496575220013731e-02 9.999488424114461038e-01 5.382181063824001620e-06 -6.311663537019473504e-03 -9.900601423977637100e-05 -6.383950057087350043e-06 9.999999950785272151e-01 1.318675445209362661e-02 9.999489188194274902e-01 9.951569139957427979e-03 -1.777498284354805946e-03 1.075612902641296387e+00 -9.939755313098430634e-03 9.999291896820068359e-01 6.537277251482009888e-03 1.868696324527263641e-02 1.842423342168331146e-03 -6.519276648759841919e-03 9.999770522117614746e-01 1.269710808992385864e-02 6.073443222045898438e+01
7.356495000000000000e+07 9.999189675538943112e-01 1.272996376415132594e-02 7.966282920765197526e-05 1.072441501542445108e+00 -1.272996313847052016e-02 9.999189707002837935e-01 -8.356262613503692959e-06 -8.408297650109830892e-03 -7.976274910611104473e-05 7.341480591062815472e-06 9.999999967920032429e-01 1.372667053427375876e-02 9.999135732650756836e-01 1.302859839051961899e-02 -1.776845310814678669e-03 1.081355929374694824e+00 -1.301968470215797424e-02 9.999032616615295410e-01 4.908990114927291870e-03 1.296619139611721039e-02 1.840634737163782120e-03 -4.885432776063680649e-03 9.999862909317016602e-01 6.028995383530855179e-03 6.085478210449218750e+01
7.366882000000000000e+07 9.998814405531286642e-01 1.539812064903918302e-02 5.221228065984489342e-05 1.068204555135791933e+00 -1.539811701735653744e-02 9.998814395735918792e-01 -6.925897753032200809e-05 -1.049182935847556633e-02 -5.327254840476231028e-05 6.844679544515080267e-05 9.999999962385359709e-01 1.407807770894960696e-02 9.998862147331237793e-01 1.508578285574913025e-02 2.676034928299486637e-04 1.081588387489318848e+00 -1.508675049990415573e-02 9.998789429664611816e-01 3.794037969782948494e-03 1.509124320000410080e-02 -2.103367587551474571e-04 -3.797649173066020012e-03 9.999928474426269531e-01 -2.502137096598744392e-03 6.083273696899414062e+01
7.377270000000000000e+07 9.998687590025304717e-01 1.620076174629660193e-02 -1.022464157947331742e-05 1.087724447639267789e+00 -1.620076220604414752e-02 9.998687579610167075e-01 -4.660902280383142835e-05 -9.948944068722672882e-03 9.468198046116196978e-06 4.676855276696397997e-05 9.999999988615279056e-01 1.424484912483156389e-02 9.998620152473449707e-01 1.641302742063999176e-02 2.570465672761201859e-03 1.080552101135253906e+00 -1.641840301454067230e-02 9.998630285263061523e-01 2.072987845167517662e-03 1.362867467105388641e-02 -2.536091953516006470e-03 -2.114904578775167465e-03 9.999945759773254395e-01 -2.585374284535646439e-03 6.050604629516601562e+01
7.387670000000000000e+07 9.998634460981478123e-01 1.652540496696259381e-02 -1.250327485091489917e-05 1.093079953901822776e+00 -1.652540598346213113e-02 9.998634424518220154e-01 -8.610686296847169829e-05 -1.040159807383718264e-02 1.107861669988763528e-05 8.630172642702840628e-05 9.999999962146381982e-01 1.439641227777745808e-02 9.998461604118347168e-01 1.708519645035266876e-02 3.956298809498548508e-03 1.094140291213989258e+00 -1.709516905248165131e-02 9.998508095741271973e-01 2.501291455700993538e-03 8.413454517722129822e-03 -3.912973683327436447e-03 -2.568535739555954933e-03 9.999889731407165527e-01 2.472892636433243752e-03 6.073433685302734375e+01
7.398060000000000000e+07 9.998287746133165399e-01 1.850404571615449009e-02 -1.475023688068699838e-04 1.102392999328039247e+00 -1.850406781932490211e-02 9.998287738446013373e-01 -1.499203770824796629e-04 -1.068398112906957832e-02 1.447029791103461290e-04 1.526241006682153216e-04 9.999999778834662845e-01 1.467082370874170545e-02 9.998383522033691406e-01 1.789444126188755035e-02 1.764222979545593262e-03 1.092294335365295410e+00 -1.789959892630577087e-02 9.998354315757751465e-01 2.948483685031533241e-03 8.647705428302288055e-03 -1.711175427772104740e-03 -2.979581709951162338e-03 9.999941587448120117e-01 4.231725353747606277e-03 6.187244796752929688e+01
7.408445000000000000e+07 9.998243828496381491e-01 1.873999059124791672e-02 -1.272712164283471491e-04 1.078542745358687993e+00 -1.874001136766311609e-02 9.998243770999021285e-01 -1.640631421798623027e-04 -1.103693454075237342e-02 1.241743228238023926e-04 1.664193940150335792e-04 9.999999784426603089e-01 1.455057178805739884e-02 9.998266696929931641e-01 1.847971603274345398e-02 -2.235976047813892365e-03 1.087119340896606445e+00 -1.847908832132816315e-02 9.998292326927185059e-01 2.888126473408192396e-04 5.215356592088937759e-03 2.240939531475305557e-03 -2.474515931680798531e-04 9.999974370002746582e-01 5.819994024932384491e-03 6.018153762817382812e+01
7.418845000000000000e+07 9.998080990688702485e-01 1.958934718946477027e-02 -1.500447907028339394e-04 1.080567518958458040e+00 -1.958937946051601819e-02 9.998080862085056975e-01 -2.167138521305369192e-04 -1.165276796088193616e-02 1.457707121530892481e-04 2.196115488782287651e-04 9.999999652608330125e-01 1.446919464704379474e-02 9.998061060905456543e-01 1.940672099590301514e-02 -3.359901020303368568e-03 1.093116521835327148e+00 -1.939857751131057739e-02 9.998087882995605469e-01 2.444016980007290840e-03 5.230423994362354279e-03 3.406688105314970016e-03 -2.378370612859725952e-03 9.999913573265075684e-01 4.168019164353609085e-03 6.036585617065429688e+01
7.429233000000000000e+07 9.997916883184890802e-01 2.040923248633319184e-02 -2.078871405586968943e-04 1.091770720810813167e+00 -2.040928299797136261e-02 9.997916791691682237e-01 -2.438238783199592706e-04 -1.185125694835877444e-02 2.028675753411462470e-04 2.480159142552389824e-04 9.999999486664274961e-01 1.463803234092119800e-02 9.997850060462951660e-01 2.067950926721096039e-02 -1.462519401684403419e-03 1.092044353485107422e+00 -2.067819051444530487e-02 9.997857809066772461e-01 9.204783709719777107e-04 7.178612053394317627e-03 1.481235958635807037e-03 -8.900342509150505066e-04 9.999984502792358398e-01 1.161926332861185074e-02 6.279299163818359375e+01
7.439620000000000000e+07 9.997694424399614643e-01 2.146815098002050407e-02 -4.248117160157272140e-04 1.102458479926081036e+00 -2.146783870169024708e-02 9.997692754444359453e-01 7.264895032180443586e-04 -1.059423462444743745e-02 4.403100875860099686e-04 -7.172022163380617314e-04 9.999996458739474070e-01 1.358223003982051390e-02 9.997568130493164062e-01 2.184994518756866455e-02 2.981867175549268723e-03 1.110858678817749023e+00 -2.185613848268985748e-02 9.997590780258178711e-01 2.049253322184085846e-03 1.604338176548480988e-02 -2.936369739472866058e-03 -2.113916212692856789e-03 9.999934434890747070e-01 2.779796533286571503e-02 6.296108627319335938e+01
7.450011000000000000e+07 9.997237139532407779e-01 2.349972340168796428e-02 -5.087110232271736723e-04 1.112849082251968991e+00 -2.349899400794408164e-02 9.997228869546023189e-01 1.395208648862384824e-03 -1.063379258361869979e-02 5.413570684880131267e-04 -1.382868975503935430e-03 9.999988973024070971e-01 1.234857405306752885e-02 9.997246861457824707e-01 2.334508299827575684e-02 2.400825032964348793e-03 1.111221313476562500e+00 -2.334408462047576904e-02 9.997273683547973633e-01 -4.312255477998405695e-04 4.543136339634656906e-03 -2.410235116258263588e-03 3.750510222744196653e-04 9.999970793724060059e-01 2.402416057884693146e-02 6.099798583984375000e+01
7.460382000000000000e+07 9.996981567729693596e-01 2.456135779257035204e-02 -5.788451148618183311e-04 1.090817536301607937e+00 -2.456092854149273877e-02 9.996980629681012642e-01 7.373605388236294331e-04 -1.339782836313114373e-02 5.967809156993773151e-04 -7.229209983605935745e-04 9.999995606187976893e-01 1.288973066519282819e-02 9.996891021728515625e-01 2.482288517057895660e-02 -2.339709782972931862e-03 1.091514468193054199e+00 -2.482144907116889954e-02 9.996917247772216797e-01 6.139167235232889652e-04 8.599707856774330139e-03 2.354227239266037941e-03 -5.556420655921101570e-04 9.999970197677612305e-01 2.630332484841346741e-02 6.078505706787109375e+01
7.470783000000000000e+07 9.996675970468950068e-01 2.577444490494316953e-02 -6.110624744976374690e-04 1.117983744724510453e+00 -2.577345514411990418e-02 9.996665673897022764e-01 1.575768454213431801e-03 -1.202166809992643096e-02 6.514732839721279999e-04 -1.559495472678242402e-03 9.999985717771805449e-01 1.202697177650086449e-02 9.996336698532104492e-01 2.628869190812110901e-02 -6.429291795939207077e-03 1.106921315193176270e+00 -2.626181580126285553e-02 9.996461272239685059e-01 4.233084153383970261e-03 6.385423708707094193e-03 6.538305431604385376e-03 -4.062685649842023849e-03 9.999703764915466309e-01 2.141801454126834869e-02 5.995500946044921875e+01
7.481170000000000000e+07 9.996300074921217194e-01 2.719099592140871921e-02 -7.056015086327968328e-04 1.050926514491995034e+00 -2.719003515390292294e-02 9.996293881912287072e-01 1.337259946582111669e-03 -1.550904725695587127e-02 7.417014335793119858e-04 -1.317579840899239275e-03 9.999988569305374719e-01 1.124593933493412898e-02 9.996203780174255371e-01 2.717415429651737213e-02 -4.544187337160110474e-03 1.090090990066528320e+00 -2.717232145369052887e-02 9.996306896209716797e-01 4.616473161149770021e-04 5.507253110408782959e-03 4.555055871605873108e-03 -3.379986155778169632e-04 9.999896287918090820e-01 2.024308778345584869e-02 6.272793579101562500e+01
7.491545000000000000e+07 9.995716604711420983e-01 2.926586427839344626e-02 6.938995056375430576e-05 1.120649306934693223e+00 -2.926593504697883388e-02 9.995663568988798486e-01 3.256262617522855552e-03 -1.062859261502914661e-02 2.593747483684012459e-05 -3.256898593280903396e-03 9.999946959556059722e-01 8.646950472164443430e-03 9.995601773262023926e-01 2.950516343116760254e-02 -2.995160641148686409e-03 1.108464956283569336e+00 -2.947749197483062744e-02 9.995256066322326660e-01 8.923133835196495056e-03 2.008985960856080055e-03 3.257010830566287041e-03 -8.830932900309562683e-03 9.999557137489318848e-01 1.269080862402915955e-02 6.066444778442382812e+01
7.501933000000000000e+07 9.995003895482024170e-01 3.160537697717746147e-02 2.672647863721550228e-04 1.096503806992559005e+00 -3.160605528533356329e-02 9.994955792210035161e-01 3.105539925957038951e-03 -1.295474212380269899e-02 -1.689782115314275406e-04 -3.112435551425192602e-03 9.999951420838093519e-01 7.686227385493920108e-03 9.995044469833374023e-01 3.128873184323310852e-02 -3.454473102465271950e-03 1.109401822090148926e+00 -3.129859641194343567e-02 9.995060563087463379e-01 -2.847595140337944031e-03 -1.034329552203416824e-02 3.363670781254768372e-03 2.954319352284073830e-03 9.999899268150329590e-01 6.815134081989526749e-03 6.249254226684570312e+01
7.512333000000000000e+07 9.995765424100286900e-01 2.909863436761720226e-02 -7.317506201779059162e-05 1.123819920277113305e+00 -2.909827686964200702e-02 9.995719184456902662e-01 3.044692299749608699e-03 -1.102667085754922144e-02 1.617401237524030799e-04 -3.041273733524232394e-03 9.999953622364220474e-01 9.161750945196002818e-03 9.995290637016296387e-01 3.067930787801742554e-02 -6.775148212909698486e-04 1.086506247520446777e+00 -3.067413531243801117e-02 9.995076060295104980e-01 6.598724983632564545e-03 -4.525661002844572067e-03 8.796322508715093136e-04 -6.574842613190412521e-03 9.999780058860778809e-01 1.199685316532850266e-02 6.060863876342773438e+01
7.522710000000000000e+07 9.995620204465939240e-01 2.958452279717592448e-02 -7.234199229147461390e-04 1.106218548096384424e+00 -2.958479835565554217e-02 9.995622043959385694e-01 -3.732213374214041006e-04 -1.911882581145158549e-02 7.120616382681549611e-04 3.944601055664186313e-04 9.999996686846862604e-01 1.420138657726001570e-02 9.995566606521606445e-01 2.964786626398563385e-02 -2.725052181631326675e-03 1.112752676010131836e+00 -2.965173497796058655e-02 9.995594024658203125e-01 -1.337147899903357029e-03 -9.519321843981742859e-03 2.684202510863542557e-03 1.417365972883999348e-03 9.999953508377075195e-01 1.765884086489677429e-02 6.061238479614257812e+01
7.533095000000000000e+07 9.995969496703612789e-01 2.838067574487513137e-02 -6.895390517060105392e-04 1.097210810362154287e+00 -2.838070833048888728e-02 9.995971858690410050e-01 -3.751637027485271486e-05 -1.775261461378940114e-02 6.881965557091110743e-04 5.707085575265506542e-05 9.999997615641836868e-01 1.363806284664823704e-02 9.995782375335693359e-01 2.843306958675384521e-02 -5.907701328396797180e-03 1.091783285140991211e+00 -2.844343334436416626e-02 9.995940327644348145e-01 -1.682563568465411663e-03 -1.352349203079938889e-02 5.857456475496292114e-03 1.849881722591817379e-03 9.999812245368957520e-01 1.815707050263881683e-02 6.057084655761718750e+01
7.543482000000000000e+07 9.996601306892785033e-01 2.606592588128605822e-02 -4.366192854505272173e-04 1.102536363265895769e+00 -2.606635447057403451e-02 9.996597081718545663e-01 -1.006499157442702647e-03 -1.780794541399735587e-02 4.102353757428582734e-04 1.017538152036234420e-03 9.999993981613577443e-01 1.571297989167318512e-02 9.996402859687805176e-01 2.661588788032531738e-02 -3.293932881206274033e-03 1.112888097763061523e+00 -2.662472426891326904e-02 9.996418952941894531e-01 -2.685431623831391335e-03 -1.089016534388065338e-02 3.221296705305576324e-03 2.772166626527905464e-03 9.999909400939941406e-01 1.498621329665184021e-02 6.025129699707031250e+01
7.553857000000000000e+07 9.997074187295136305e-01 2.418610513929327771e-02 -3.306026732242286874e-04 1.089731589985457605e+00 -2.418636659597764998e-02 9.997071379858344375e-01 -8.111558798858892281e-04 -1.644475642959263018e-02 3.108871523049947135e-04 8.189146277531916731e-04 9.999996163639599533e-01 1.537213098543081975e-02 9.997010827064514160e-01 2.444184571504592896e-02 -5.657632136717438698e-04 1.115530848503112793e+00 -2.444280683994293213e-02 9.996996521949768066e-01 -1.768584479577839375e-03 -1.040989346802234650e-02 5.223617772571742535e-04 1.781880506314337254e-03 9.999982714653015137e-01 1.741865091025829315e-02 5.997718429565429688e+01
7.564220000000000000e+07 9.997386988850995859e-01 2.285719764439797866e-02 -2.871542450593433373e-04 1.100693762718379931e+00 -2.285737380901138940e-02 9.997385401324548893e-01 -6.259605134360538220e-04 -1.487477751065066980e-02 2.727714623052124440e-04 6.323605412963442243e-04 9.999997628579050390e-01 1.534342885856728594e-02 9.997382760047912598e-01 2.287607081234455109e-02 -1.266782055608928204e-04 1.110413789749145508e+00 -2.287614345550537109e-02 9.997380971908569336e-01 -5.826172418892383575e-04 -1.324386149644851685e-02 1.133115583797916770e-04 5.853688926436007023e-04 9.999997615814208984e-01 1.893709599971771240e-02 5.973350524902343750e+01
7.574595000000000000e+07 9.997596280598876062e-01 2.192282382980083669e-02 -2.755084637072130818e-04 1.111936193307704990e+00 -2.192294449119741237e-02 9.997595652948184641e-01 -4.428480377345551445e-04 -1.320288127195046006e-02 2.657337425596257522e-04 4.487815461501389329e-04 9.999998639903440179e-01 1.523585973356268719e-02 9.997492432594299316e-01 2.235749736428260803e-02 -1.252124202437698841e-03 1.129616022109985352e+00 -2.235502377152442932e-02 9.997481703758239746e-01 1.955515006557106972e-03 -9.428345598280429840e-03 1.295532099902629852e-03 -1.927036559209227562e-03 9.999973177909851074e-01 1.725038141012191772e-02 5.937676620483398438e+01
7.584958000000000000e+07 9.997541989143625685e-01 2.216914479241832020e-02 -2.660383721302502966e-04 1.104807759873089434e+00 -2.216928100903366866e-02 9.997540958050956661e-01 -5.204849866642585277e-04 -1.397335926245549947e-02 2.544342452446569903e-04 5.262549302718109523e-04 9.999998291594685007e-01 1.526945536797236214e-02 9.997466206550598145e-01 2.234642952680587769e-02 -2.705960068851709366e-03 1.126658916473388672e+00 -2.234378084540367126e-02 9.997498989105224609e-01 1.005225349217653275e-03 -7.068145554512739182e-03 2.727750688791275024e-03 -9.445045725442469120e-04 9.999958872795104980e-01 1.637008786201477051e-02 5.930195236206054688e+01
7.595332000000000000e+07 9.997798049108200802e-01 2.098328999149684515e-02 -2.079161358466139527e-04 1.104886368914916872e+00 -2.098337007119427389e-02 9.997797484844890281e-01 -3.907636758953631417e-04 -1.300383335009339461e-02 1.996708343889668728e-04 3.950404129188022717e-04 9.999999020373092629e-01 1.520172005194636231e-02 9.997738599777221680e-01 2.124840207397937775e-02 -8.265001815743744373e-04 1.119756340980529785e+00 -2.124868147075176239e-02 9.997741580009460449e-01 -3.247915592510253191e-04 -9.101606905460357666e-03 8.194142137654125690e-04 3.422785957809537649e-04 9.999995827674865723e-01 1.319293119013309479e-02 5.927068710327148438e+01
7.605695000000000000e+07 9.998307377880103486e-01 1.839777182695031058e-02 -1.332928114399447748e-04 1.136201296037001374e+00 -1.839779583703675045e-02 9.998307298115390873e-01 -1.812008580087419224e-04 -1.081763358333707493e-02 1.299365569089346419e-04 1.836224814757717256e-04 9.999999746996375283e-01 1.505395528761819222e-02 9.998250007629394531e-01 1.829748786985874176e-02 3.908157814294099808e-03 1.136306166648864746e+00 -1.828652247786521912e-02 9.998287558555603027e-01 -2.822585403919219971e-03 -8.657054044306278229e-03 -3.959149122238159180e-03 2.750620013102889061e-03 9.999883174896240234e-01 1.288025081157684326e-02 5.921753692626953125e+01
7.616058000000000000e+07 9.999066363993857065e-01 1.366423649954556091e-02 8.442496643031877762e-05 1.123122886107291274e+00 -1.366423619327224170e-02 9.999066399588557585e-01 -4.203521574117112663e-06 -9.232551577491110786e-03 -8.447452242430870614e-05 3.049526450038679128e-06 9.999999964273778019e-01 1.436861979932997808e-02 9.999051094055175781e-01 1.366959605365991592e-02 1.718540093861520290e-03 1.133039474487304688e+00 -1.366146001964807510e-02 9.998958706855773926e-01 -4.661212209612131119e-03 -8.575668558478355408e-03 -1.782074919901788235e-03 4.637292120605707169e-03 9.999877214431762695e-01 1.507670339196920395e-02 5.931097412109375000e+01
7.626420000000000000e+07 9.999545793378524783e-01 9.530061019605767791e-03 1.311423831283418766e-04 1.117007680179104900e+00 -9.530062902934552382e-03 9.999545878250096775e-01 1.374353643170374495e-05 -6.279981155826404315e-03 -1.310054509268275720e-04 -1.499270735020695664e-05 9.999999913063952750e-01 1.358403121849009916e-02 9.999539256095886230e-01 9.350724518299102783e-03 -2.159171504899859428e-03 1.141354084014892578e+00 -9.365418925881385803e-03 9.999323487281799316e-01 -6.897748447954654694e-03 -6.189943756908178329e-03 2.094537718221545219e-03 6.917654536664485931e-03 9.999738931655883789e-01 5.905518308281898499e-03 5.906476974487304688e+01
7.636770000000000000e+07 9.999814522047500986e-01 6.089133158138804180e-03 1.330525052527099903e-04 1.111133189039937852e+00 -6.089138111088743255e-03 9.999814603471842700e-01 3.685220040120312465e-05 -3.546475574345183714e-03 -1.328256405445850277e-04 -3.766169197412069423e-05 9.999999904694728547e-01 1.295211114224534797e-02 9.999737143516540527e-01 6.275237537920475006e-03 -3.618510905653238297e-03 1.141603112220764160e+00 -6.286425516009330750e-03 9.999754428863525391e-01 -3.090925049036741257e-03 4.044149536639451981e-03 3.599020186811685562e-03 3.113589016720652580e-03 9.999886751174926758e-01 5.116294603794813156e-03 5.964089584350585938e+01
7.647133000000000000e+07 9.999905498790159220e-01 4.345628106597884850e-03 1.251727467241224774e-04 1.136945544383211271e+00 -4.345634527941935089e-03 9.999905563810227438e-01 5.107363989247588377e-05 -2.547023849868165681e-03 -1.249496175858575212e-04 -5.161711227369841250e-05 9.999999908616329369e-01 1.336926324771457730e-02 9.999902248382568359e-01 4.396741744130849838e-03 -4.655175725929439068e-04 1.146265983581542969e+00 -4.396205767989158630e-03 9.999896883964538574e-01 1.147296512499451637e-03 1.242874562740325928e-02 4.705541359726339579e-04 -1.145240967161953449e-03 9.999991655349731445e-01 7.845353335142135620e-03 5.959001541137695312e+01
7.657495000000000000e+07 9.999940158026620063e-01 3.457994836541440978e-03 1.031054097063871533e-04 1.127878375955788437e+00 -3.458000022192623743e-03 9.999940198421604087e-01 5.015887784521567760e-05 -1.890293402579878643e-03 -1.029313439813437151e-04 -5.051511618919153488e-05 9.999999934266807777e-01 1.334247780594663250e-02 9.999939203262329102e-01 3.486532252281904221e-03 9.913623944157734513e-05 1.146729111671447754e+00 -3.486679866909980774e-03 9.999927878379821777e-01 1.494743744842708111e-03 1.433284953236579895e-02 -9.392419451614841819e-05 -1.495074131526052952e-03 9.999989271163940430e-01 1.005621906369924545e-02 5.976435089111328125e+01
7.667858000000000000e+07 9.999943006147006264e-01 3.374535410212824334e-03 1.060601643455743513e-04 1.143514309338710344e+00 -3.374540551463130027e-03 9.999943050537002387e-01 4.833333437310610725e-05 -1.932959595013040944e-03 -1.058964577885399629e-04 -4.869096323213059619e-05 9.999999932075650522e-01 1.354606069184549795e-02 9.999924898147583008e-01 3.286312334239482880e-03 -2.064127475023269653e-03 1.151415348052978516e+00 -3.285249229520559311e-03 9.999945163726806641e-01 5.224075284786522388e-04 1.234524045139551163e-02 2.065836684778332710e-03 -5.156233673915266991e-04 9.999977350234985352e-01 7.720260415226221085e-03 6.003039932250976562e+01
7.678220000000000000e+07 9.999923198458277041e-01 3.917411442675091011e-03 1.189005754092650388e-04 1.154155691695627262e+00 -3.917416973434738152e-03 9.999923258201721676e-01 4.631864336553640936e-05 -2.364336501341006338e-03 -1.187182137660661521e-04 -4.678407075140740947e-05 9.999999918586184311e-01 1.364981339443677687e-02 9.999881386756896973e-01 3.548109205439686775e-03 -3.353790612891316414e-03 1.157486081123352051e+00 -3.551538102328777313e-03 9.999931454658508301e-01 -1.019377843476831913e-03 9.351195767521858215e-03 3.350142156705260277e-03 1.031271414831280708e-03 9.999938607215881348e-01 7.080146111547946930e-03 6.107673645019531250e+01
7.688586000000000000e+07 9.999939640295014698e-01 3.472579985134033320e-03 1.144226968705485135e-04 1.156381524417619655e+00 -3.472585250152919467e-03 9.999939695065424017e-01 4.584726348327538268e-05 -2.095407744647957097e-03 -1.142627985522695280e-04 -4.624432932844613230e-05 9.999999924027372922e-01 1.371856953707834351e-02 9.999903440475463867e-01 3.433994250372052193e-03 -2.734919078648090363e-03 1.169399738311767578e+00 -3.439750289544463158e-03 9.999919533729553223e-01 -2.100373851135373116e-03 7.529404945671558380e-03 2.727698534727096558e-03 2.109766937792301178e-03 9.999940991401672363e-01 2.951791277155280113e-03 6.022387313842773438e+01
7.698956000000000000e+07 9.999942769661620545e-01 3.381162974423178487e-03 1.173536380585990925e-04 1.177355252779613171e+00 -3.381168948155733982e-03 9.999942825445246042e-01 5.074267078823935614e-05 -2.138655558932589604e-03 -1.171813978549032396e-04 -5.113917286272034638e-05 9.999999918266524457e-01 1.400172156030362811e-02 9.999951720237731934e-01 3.062404226511716843e-03 5.097048124298453331e-04 1.180704832077026367e+00 -3.061947645619511604e-03 9.999948740005493164e-01 -8.829425787553191185e-04 8.514421060681343079e-03 -5.124152521602809429e-04 8.813802269287407398e-04 9.999994039535522461e-01 2.903027227148413658e-03 6.090940856933593750e+01
7.709325000000000000e+07 9.999966185617558123e-01 2.598560326292935572e-03 1.017321846129673907e-04 1.191824434718439019e+00 -2.598565946187043809e-03 9.999966222011825723e-01 5.514889887334851706e-05 -1.619332611699321424e-03 -1.015885332447033750e-04 -5.541307017536115418e-05 9.999999933045808920e-01 1.424044146525050604e-02 9.999871253967285156e-01 2.763603581115603447e-03 4.255588632076978683e-03 1.193757772445678711e+00 -2.767201978713274002e-03 9.999958276748657227e-01 8.398473146371543407e-04 1.174074504524469376e-02 -4.253251478075981140e-03 -8.516214438714087009e-04 9.999906420707702637e-01 3.228135639801621437e-03 6.061465454101562500e+01
7.719695000000000000e+07 9.999982340700416250e-01 1.876056671071743825e-03 1.107625411865324175e-04 1.199953686154182630e+00 -1.876064163749313358e-03 9.999982379065514015e-01 6.758121581458311205e-05 -1.181684787296708198e-03 -1.106355598281202088e-04 -6.778889409478506135e-05 9.999999915822197494e-01 1.442141736896288169e-02 9.999937415122985840e-01 2.070994116365909576e-03 2.889500232413411140e-03 1.200266599655151367e+00 -2.072437666356563568e-03 9.999976754188537598e-01 4.985259147360920906e-04 1.171236019581556320e-02 -2.888457849621772766e-03 -5.045082652941346169e-04 9.999957084655761719e-01 4.808374680578708649e-03 6.285612869262695312e+01
7.730058000000000000e+07 9.999989715307762150e-01 1.430472192459308163e-03 1.033762710182461152e-04 1.206156635897723595e+00 -1.430479526970167498e-03 9.999989743494589467e-01 7.091057786195840854e-05 -8.799601202231351017e-04 -1.032747293784080271e-04 -7.105838257497369085e-05 9.999999921425181126e-01 1.451301291601285459e-02 9.999989271163940430e-01 1.369618694297969341e-03 -4.731710941996425390e-04 1.205146789550781250e+00 -1.368431025184690952e-03 9.999959468841552734e-01 2.496198518201708794e-03 1.638699136674404144e-02 4.765875637531280518e-04 -2.495547290891408920e-03 9.999967217445373535e-01 6.431882269680500031e-03 6.094265747070312500e+01
7.740420000000000000e+07 9.999999091711267996e-01 4.153939730876971296e-04 9.542317778065338262e-05 1.194657726165208267e+00 -4.154006532935511061e-04 9.999999112713560123e-01 6.999696398130943436e-05 -1.875315299565423585e-04 -9.539409299653485886e-05 -7.003659647446731668e-05 9.999999929974209278e-01 1.452646298944182054e-02 9.999898076057434082e-01 5.714967264793813229e-04 -4.464357625693082809e-03 1.206201791763305664e+00 -5.675094434991478920e-04 9.999995231628417969e-01 8.964545559138059616e-04 1.469789166003465652e-02 4.464870784431695938e-03 -8.939171093516051769e-04 9.999896287918090820e-01 5.977648776024580002e-03 6.016755294799804688e+01
7.750783000000000000e+07 9.999999949966145163e-01 4.922339576471309485e-05 8.708517779985774682e-05 1.203279900069002206e+00 -4.922951484157059965e-05 9.999999963196651853e-01 7.026467510656193871e-05 3.758965439671960152e-05 -8.708171881345700099e-05 -7.026896191603763920e-05 9.999999937395236405e-01 1.464870126100406046e-02 9.999953508377075195e-01 -2.843121183104813099e-05 -3.045864636078476906e-03 1.220838785171508789e+00 2.731807398959062994e-05 9.999998807907104492e-01 -3.654196625575423241e-04 1.269061770290136337e-02 3.045876976102590561e-03 3.653441963251680136e-04 9.999952912330627441e-01 6.118754856288433075e-03 6.074067306518554688e+01
7.761158000000000000e+07 9.999999956993789185e-01 -1.029908220509043128e-06 9.273716392714688450e-05 1.231883033213799550e+00 1.023016635379661641e-06 9.999999972382578317e-01 7.431310617170774229e-05 -6.553541857792181342e-06 -9.273724020670941204e-05 -7.431301098045415394e-05 9.999999929386903519e-01 1.500009042017918202e-02 1.000000000000000000e+00 -3.375578671693801880e-04 9.352992492495104671e-05 1.228588700294494629e+00 3.377402899786829948e-04 9.999981522560119629e-01 -1.922448514960706234e-03 1.120001636445522308e-02 -9.288227010983973742e-05 1.922480296343564987e-03 9.999981522560119629e-01 6.255216896533966064e-03 6.047353744506835938e+01
7.771520000000000000e+07 9.999998861408208040e-01 -4.687665868788715813e-04 8.930975428077898501e-05 1.238506923591251585e+00 4.687598766520861176e-04 9.999998873090402141e-01 7.514043330664733314e-05 2.847422167401985347e-04 -8.934496754087932827e-05 -7.509855992176583147e-05 9.999999931888414739e-01 1.511521954138525005e-02 9.999998211860656738e-01 -9.775062062544748187e-05 4.890693817287683487e-04 1.240680575370788574e+00 9.724291157908737659e-05 9.999994039535522461e-01 1.034492277540266514e-03 1.363063231110572815e-02 -4.891626304015517235e-04 -1.034448971040546894e-03 9.999994039535522461e-01 7.606834638863801956e-03 6.118399810791015625e+01
7.781895000000000000e+07 9.999999892464580542e-01 -1.092278222491392897e-04 9.785891259065274237e-05 1.242333201714290958e+00 1.092195628738602592e-04 9.999999904736763812e-01 8.440221822479765748e-05 7.406306587179472558e-05 -9.786813072884078982e-05 -8.439152920959491397e-05 9.999999916499494601e-01 1.511437087077876183e-02 9.999996423721313477e-01 1.711433433229103684e-04 -8.566162432543933392e-04 1.247153878211975098e+00 -1.691758661763742566e-04 9.999974370002746582e-01 2.303453395143151283e-03 1.586120016872882843e-02 8.570066420361399651e-04 -2.303302986547350883e-03 9.999969601631164551e-01 8.041001856327056885e-03 6.016067123413085938e+01
7.792271000000000000e+07 9.999998483707314145e-01 5.412537404974606618e-04 1.015031531946059337e-04 1.250058718226550125e+00 -5.412632207099934110e-04 9.999998491558255154e-01 9.339400275770027128e-05 -2.918186616260491986e-04 -1.014525880280300131e-04 -9.344892852230991982e-05 9.999999904873346779e-01 1.508758446260195611e-02 9.999997615814208984e-01 5.005238926969468594e-04 -5.545060266740620136e-04 1.250877857208251953e+00 -4.990641609765589237e-04 9.999963641166687012e-01 2.625594614073634148e-03 1.746554486453533173e-02 5.558105185627937317e-04 -2.625319873914122581e-03 9.999963045120239258e-01 5.688308738172054291e-03 6.081660842895507812e+01
7.802633000000000000e+07 9.999973390056429157e-01 2.304479237220422461e-03 1.065701276842598441e-04 1.244106216795502151e+00 -2.304489082391356167e-03 9.999973403971312846e-01 9.235175469878959778e-05 -1.413911634396466032e-03 -1.063570215533645466e-04 -9.259709864181492561e-05 9.999999900569808142e-01 1.479096485440810002e-02 9.999970793724060059e-01 2.086663153022527695e-03 1.188672729767858982e-03 1.262264609336853027e+00 -2.087324624881148338e-03 9.999976754188537598e-01 5.583424936048686504e-04 1.321775838732719421e-02 -1.187512301839888096e-03 -5.608294741250574589e-04 9.999991655349731445e-01 5.546689499169588089e-03 6.036137771606445312e+01
7.813008000000000000e+07 9.999967585279506688e-01 2.543743846699841535e-03 1.109078364987549348e-04 1.275791492214721101e+00 -2.543758096406316220e-03 9.999967563818336069e-01 1.285312136586170097e-04 -1.344521280994674575e-03 -1.105805262578093452e-04 -1.288129197477393812e-04 9.999999855895886913e-01 1.502341577652471609e-02 9.999947547912597656e-01 2.795966574922204018e-03 1.584476907737553120e-03 1.273052215576171875e+00 -2.799014095216989517e-03 9.999942779541015625e-01 1.921088201925158501e-03 1.472158171236515045e-02 -1.579082338139414787e-03 -1.925506978295743465e-03 9.999969005584716797e-01 8.038362488150596619e-03 6.078995132446289062e+01
7.823383000000000000e+07 9.999983357289591313e-01 1.821559571856550550e-03 1.022743819477157955e-04 1.277368085076078019e+00 -1.821574913957303135e-03 9.999983296634693541e-01 1.501170051459869482e-04 -7.606449122201742801e-04 -1.020007640483634357e-04 -1.503030557584829146e-04 9.999999835024176997e-01 1.507906649212083575e-02 9.999959468841552734e-01 2.101808553561568260e-03 -1.919382484629750252e-03 1.273397922515869141e+00 -2.106085885316133499e-03 9.999952316284179688e-01 -2.230438170954585075e-03 8.346259593963623047e-03 1.914676860906183720e-03 2.234477549791336060e-03 9.999956488609313965e-01 6.049679126590490341e-03 6.002355194091796875e+01
7.833745000000000000e+07 9.999978615065481247e-01 2.065175597844691978e-03 1.096908605225966628e-04 1.268889960786058646e+00 -2.065190526893707218e-03 9.999978582216152434e-01 1.361626756958633853e-04 -1.010773815158374795e-03 -1.094094257541814580e-04 -1.363889170386834435e-04 9.999999847138203446e-01 1.500365553512140147e-02 9.999971985816955566e-01 2.371574984863400459e-03 -2.653409319464117289e-04 1.285454988479614258e+00 -2.371665555983781815e-03 9.999970793724060059e-01 -4.941723309457302094e-04 9.313085116446018219e-03 2.641688915900886059e-04 4.947913694195449352e-04 9.999998211860656738e-01 5.989247467368841171e-03 6.030060958862304688e+01
7.844120000000000000e+07 9.999955262601453176e-01 2.989355421288687059e-03 1.058971038965662289e-04 1.285929089099748568e+00 -2.989371931049494661e-03 9.999955196358001341e-01 1.560901052300350583e-04 -1.481581479375327238e-03 -1.054300206542576674e-04 -1.564059727416007605e-04 9.999999822108417424e-01 1.502309330801200951e-02 9.999954104423522949e-01 2.954457188025116920e-03 5.850071902386844158e-04 1.292233109474182129e+00 -2.955368719995021820e-03 9.999945163726806641e-01 1.478622783906757832e-03 1.234366185963153839e-02 -5.806210683658719063e-04 -1.480340026319026947e-03 9.999988079071044922e-01 6.398821715265512466e-03 6.065974426269531250e+01
7.854483000000000000e+07 9.999954043046720420e-01 3.030094079630019262e-03 9.949484931243715797e-05 1.302014268793981966e+00 -3.030110976498880809e-03 9.999953947330957327e-01 1.701172852000438227e-04 -1.427817143349683314e-03 -9.897891972332050620e-05 -1.704179838336966580e-04 9.999999805804415942e-01 1.514155637174819692e-02 9.999932646751403809e-01 3.568383865058422089e-03 9.050993248820304871e-04 1.301329731941223145e+00 -3.567865351215004921e-03 9.999935030937194824e-01 -5.263185594230890274e-04 9.557631798088550568e-03 -9.069772786460816860e-04 5.230887909419834614e-04 9.999994039535522461e-01 7.880155928432941437e-03 6.008646392822265625e+01
7.864858000000000000e+07 9.999937342818475683e-01 3.538383939707710497e-03 1.059994712571758058e-04 1.297109336310389160e+00 -3.538400306159630773e-03 9.999937278891445347e-01 1.546136851967960628e-04 -1.924412165196936336e-03 -1.054517238251209520e-04 -1.549877850001257600e-04 9.999999824293597239e-01 1.508317080048467845e-02 9.999937415122985840e-01 3.491818439215421677e-03 5.250461399555206299e-04 1.308479309082031250e+00 -3.493113908916711807e-03 9.999909400939941406e-01 2.441260265186429024e-03 1.250624842941761017e-02 -5.165214533917605877e-04 -2.443084493279457092e-03 9.999969005584716797e-01 7.150335237383842468e-03 6.052489471435546875e+01
7.875233000000000000e+07 9.999947132220933232e-01 3.250112142232154753e-03 1.014853010389928144e-04 1.331701319831838815e+00 -3.250133719143387303e-03 9.999946955796976678e-01 2.131750844431589992e-04 -1.334275259646837885e-03 -1.007919198102339515e-04 -2.135037982221635571e-04 9.999999721285590670e-01 1.536054263007919848e-02 9.999921321868896484e-01 3.475260222330689430e-03 1.955465413630008698e-03 1.335645794868469238e+00 -3.475712379440665245e-03 9.999939799308776855e-01 1.826087100198492408e-04 4.483473021537065506e-03 -1.954820705577731133e-03 -1.893977751024067402e-04 9.999980926513671875e-01 -1.421341113746166229e-02 6.013919830322265625e+01
7.885595000000000000e+07 9.999951387921238721e-01 3.116407515989122381e-03 1.019650128996693736e-04 1.321548446506018326e+00 -3.116427856884657153e-03 9.999951239386948298e-01 1.999419855882517746e-04 -1.338237657854743053e-03 -1.013414150405558692e-04 -2.002587802174481905e-04 9.999999748131703781e-01 1.529659837527714249e-02 9.999953508377075195e-01 3.044347744435071945e-03 1.843359350459650159e-04 1.343394756317138672e+00 -3.044457640498876572e-03 9.999940991401672363e-01 1.575582078658044338e-03 7.346631493419408798e-03 -1.795446878531947732e-04 -1.576150767505168915e-03 9.999986886978149414e-01 -1.212183479219675064e-02 5.997372817993164062e+01
7.895971000000000000e+07 9.999966908564561496e-01 2.570508414948399420e-03 1.037430591844561904e-04 1.338569685608427262e+00 -2.570532727566779765e-03 9.999966685849641657e-01 2.349052279925647568e-04 -7.161669505899742084e-04 -1.031388877076683198e-04 -2.351711255864830552e-04 9.999999670284551723e-01 1.547526450787020148e-02 9.999954104423522949e-01 2.841514535248279572e-03 -1.007583108730614185e-03 1.350877761840820312e+00 -2.841095905750989914e-03 9.999958872795104980e-01 4.870504490099847317e-04 5.222403910011053085e-03 1.008971710689365864e-03 -4.841774934902787209e-04 9.999994039535522461e-01 -1.466729957610368729e-02 5.970764923095703125e+01
7.906333000000000000e+07 9.999970958940237464e-01 2.408110088372751156e-03 9.596634628332658030e-05 1.352401594252451433e+00 -2.408134369812081708e-03 9.999970682550510803e-01 2.537131855173902157e-04 -5.262191203128231513e-04 -9.535509567589106259e-05 -2.539435485555690966e-04 9.999999632100406988e-01 1.560668680325871457e-02 9.999963045120239258e-01 2.724000718444585800e-03 -3.708268923219293356e-04 1.353313565254211426e+00 -2.724071033298969269e-03 9.999963045120239258e-01 -1.006935563054867089e-04 6.959472782909870148e-03 3.705393173731863499e-04 1.017093309201300144e-04 9.999999403953552246e-01 -6.234338041394948959e-03 6.003020858764648438e+01
7.916708000000000000e+07 9.999975542663163131e-01 2.209218503160022967e-03 1.039962268540490533e-04 1.353208681710153183e+00 -2.209243969774203273e-03 9.999975295056522384e-01 2.454055839605133807e-04 -4.609839060575563353e-04 -1.034538153999605380e-04 -2.456347367903617945e-04 9.999999644804430377e-01 1.567028504565731381e-02 9.999967217445373535e-01 2.479910152032971382e-03 5.305696395225822926e-04 1.363831281661987305e+00 -2.479647286236286163e-03 9.999967217445373535e-01 -5.186047055758535862e-04 2.767021534964442253e-03 -5.318514886312186718e-04 5.172733799554407597e-04 9.999997019767761230e-01 -1.004244200885295868e-02 5.961836624145507812e+01
7.927083000000000000e+07 9.999971866216103011e-01 2.369906585689239044e-03 1.014474768743419553e-04 1.365283882777293289e+00 -2.369931470392452021e-03 9.999971614791143271e-01 2.458830827709479906e-04 -5.529230172825051574e-04 -1.008644689713238807e-04 -2.461228145789167831e-04 9.999999646249585483e-01 1.574778643729534203e-02 9.999957084655761719e-01 2.533695660531520844e-03 -1.427022274583578110e-03 1.369667530059814453e+00 -2.534328727051615715e-03 9.999967217445373535e-01 -4.619893443305045366e-04 4.422338213771581650e-03 1.425861613824963570e-03 4.656071832869201899e-04 9.999989271163940430e-01 -3.557957243174314499e-03 5.954880142211914062e+01
7.937446000000000000e+07 9.999949188530566913e-01 3.185996606282106951e-03 1.081398079431980920e-04 1.369825240720346171e+00 -3.186022516999784289e-03 9.999948957494532165e-01 2.402833503701754078e-04 -1.208144860311337332e-03 -1.073737140712557826e-04 -2.406266653005282338e-04 9.999999652848479137e-01 1.574943601577944927e-02 9.999961853027343750e-01 2.737877191975712776e-03 -4.422361380420625210e-04 1.376504898071289062e+00 -2.737937495112419128e-03 9.999963045120239258e-01 -1.344406337011605501e-04 4.562428686767816544e-03 4.418554017320275307e-04 1.356516877422109246e-04 9.999998807907104492e-01 -1.822673832066357136e-03 5.969286346435546875e+01
7.947821000000000000e+07 9.999959665071662673e-01 2.838397799002927938e-03 1.023101681453246644e-04 1.355910543612293573e+00 -2.838422317980764716e-03 9.999959427966601533e-01 2.403102188907122318e-04 -8.887369232970850508e-04 -1.016276570589610810e-04 -2.405996490644423617e-04 9.999999658918137246e-01 1.563595487311152804e-02 9.999951720237731934e-01 3.100791946053504944e-03 1.220555350300855935e-04 1.381920456886291504e+00 -3.100904170423746109e-03 9.999948740005493164e-01 6.861174479126930237e-04 5.224866792559623718e-03 -1.199238540721125901e-04 -6.864932947792112827e-04 9.999997615814208984e-01 1.136233285069465637e-02 5.932310485839843750e+01
7.958195000000000000e+07 9.999948213673264252e-01 3.216266617723111988e-03 1.134372642565316196e-04 1.393424815040052112e+00 -3.216295382046150016e-03 9.999947953729065864e-01 2.543060296388246393e-04 -1.197270373398275469e-03 -1.126187578988536867e-04 -2.546695604150373037e-04 9.999999612302160612e-01 1.594057724228450934e-02 9.999935626983642578e-01 3.561642253771424294e-03 3.563842910807579756e-04 1.390191555023193359e+00 -3.561984049156308174e-03 9.999930262565612793e-01 1.075927866622805595e-03 4.614513833075761795e-03 -3.525450883898884058e-04 -1.077187247574329376e-03 9.999992847442626953e-01 1.157571561634540558e-02 5.955846405029296875e+01
7.968570000000000000e+07 9.999927302321848233e-01 3.811276657544686829e-03 1.168470085530419429e-04 1.406550562390979309e+00 -3.811305122985768346e-03 9.999927070927902006e-01 2.443659065830720910e-04 -1.739337048910174393e-03 -1.159148103360041238e-04 -2.448094696957810418e-04 9.999999633160400192e-01 1.604908602036175455e-02 9.999915361404418945e-01 4.078195430338382721e-03 5.653926054947078228e-04 1.396270751953125000e+00 -4.077979363501071930e-03 9.999915957450866699e-01 -4.715813847724348307e-04 2.488115103915333748e-03 -5.673152045346796513e-04 4.692804068326950073e-04 9.999997615814208984e-01 8.855891413986682892e-03 6.012745666503906250e+01
7.978945000000000000e+07 9.999918901290779649e-01 4.025813088322663033e-03 1.118269594696076152e-04 1.390439553311019427e+00 -4.025837025637921465e-03 9.999918732451400505e-01 2.146628428529823531e-04 -2.007198994285522373e-03 -1.109618582085517469e-04 -2.151112990729374028e-04 9.999999707072975141e-01 1.592803047844257996e-02 9.999925494194030762e-01 3.857903415337204933e-03 6.025157745170872658e-06 1.404487013816833496e+00 -3.857884788885712624e-03 9.999925494194030762e-01 4.074079624842852354e-04 4.360199440270662308e-03 -4.454559984878869727e-06 -4.074440221302211285e-04 9.999998807907104492e-01 9.911163710057735443e-03 5.922326278686523438e+01
7.989321000000000000e+07 9.999933611349154372e-01 3.642234984215721779e-03 1.086755473008110340e-04 1.401409780531253757e+00 -3.642261876511796673e-03 9.999933361176037705e-01 2.482917000059631728e-04 -1.542606067335783402e-03 -1.077704863809879820e-04 -2.486858764348858831e-04 9.999999632704277275e-01 1.599591338924951159e-02 9.999928474426269531e-01 3.766708076000213623e-03 -2.546753094065934420e-04 1.412181973457336426e+00 -3.766920184716582298e-03 9.999926090240478516e-01 -7.110491278581321239e-04 2.289759693667292595e-03 2.519997651688754559e-04 7.120159571059048176e-04 9.999997019767761230e-01 9.438873268663883209e-03 5.892051315307617188e+01
7.999697000000000000e+07 9.999975451968623474e-01 2.213270312434632674e-03 1.050463872737799362e-04 1.416878220084981876e+00 -2.213298589657464177e-03 9.999975142449103460e-01 2.698394396725182988e-04 -5.567612065225488634e-04 -1.044488985296062288e-04 -2.700712762920255369e-04 9.999999580759655338e-01 1.625234899099589278e-02 9.999960660934448242e-01 2.667209831997752190e-03 -9.186728275381028652e-04 1.416080236434936523e+00 -2.667429391294717789e-03 9.999963641166687012e-01 -2.719694748520851135e-04 4.289326723664999008e-03 9.179359185509383678e-04 2.744138182606548071e-04 9.999995231628417969e-01 9.697438217699527740e-03 5.897545623779296875e+01
8.010058000000000000e+07 9.999978168862845296e-01 2.087256090965793065e-03 9.790217917338555904e-05 1.435982067390817241e+00 -2.087282420318394005e-03 9.999977852792835131e-01 2.696085850190756204e-04 -5.663743957047013416e-04 -9.733922020689380055e-05 -2.698123459228647593e-04 9.999999588631878211e-01 1.647461795770720910e-02 9.999971985816955566e-01 2.299114363268017769e-03 -4.559355729725211859e-04 1.429267287254333496e+00 -2.299473853781819344e-03 9.999970793724060059e-01 -7.905726670287549496e-04 2.087332308292388916e-03 4.541202797554433346e-04 7.916147005744278431e-04 9.999996423721313477e-01 8.429218083620071411e-03 5.901955032348632812e+01
8.020433000000000000e+07 9.999988654188058934e-01 1.502402227252404949e-03 1.093103584656582615e-04 1.445167565629784656e+00 -1.502429715256331380e-03 9.999988396448259431e-01 2.518214860374906909e-04 -4.475594798229961570e-04 -1.089318944830045699e-04 -2.519854314486541817e-04 9.999999623185934494e-01 1.670228148024005543e-02 9.999980926513671875e-01 1.972720958292484283e-03 4.277900188753847033e-06 1.431427001953125000e+00 -1.972672529518604279e-03 9.999980330467224121e-01 -5.910424442845396698e-05 4.875470418483018875e-03 -4.399341833050129935e-06 5.909520041313953698e-05 9.999999403953552246e-01 7.049188483506441116e-03 5.916828918457031250e+01
8.030798000000000000e+07 9.999991243538950414e-01 1.318872854087913037e-03 1.089307165272685780e-04 1.440262501618649660e+00 -1.318899885185572307e-03 9.999990993870924161e-01 2.484515283163292259e-04 -3.360712557472659906e-04 -1.086029424584163773e-04 -2.485949794650684440e-04 9.999999632029691332e-01 1.668387824035734435e-02 9.999988079071044922e-01 1.529150875285267830e-03 -7.394229760393500328e-05 1.444313287734985352e+00 -1.529200701043009758e-03 9.999987483024597168e-01 -3.509537200443446636e-04 3.499036887660622597e-03 7.341676973737776279e-05 3.510727838147431612e-04 9.999999403953552246e-01 8.059526793658733368e-03 5.908889770507812500e+01
8.041171000000000000e+07 9.999993768759767310e-01 1.110458160487545927e-03 1.145874856445562866e-04 1.453933475771162165e+00 -1.110485112965919202e-03 9.999993557003228339e-01 2.354181631314518569e-04 -3.346972062457554569e-04 -1.143259897870790398e-04 -2.355452641377724001e-04 9.999999657239966311e-01 1.689427492930115765e-02 9.999991655349731445e-01 1.254392671398818493e-03 1.522310049040243030e-04 1.448782682418823242e+00 -1.254342147149145603e-03 9.999991059303283691e-01 -5.193149554543197155e-04 5.783934611827135086e-03 -1.528846478322520852e-04 5.191234522499144077e-04 9.999998807907104492e-01 8.243875578045845032e-03 5.980355072021484375e+01
8.051533000000000000e+07 9.999993984098417554e-01 1.090843350876085326e-03 1.150688096949436921e-04 1.461704587593698035e+00 -1.090871022522977608e-03 9.999993760339511706e-01 2.406911224419637843e-04 -3.736562361805994799e-04 -1.148061816055699088e-04 -2.408165028650081582e-04 9.999999644134783816e-01 1.700868528121924836e-02 9.999989271163940430e-01 1.365343690849840641e-03 -5.067059537395834923e-04 1.457494139671325684e+00 -1.365814590826630592e-03 9.999985098838806152e-01 -1.063118572346866131e-03 2.762642456218600273e-03 5.052494234405457973e-04 1.063809148035943508e-03 9.999992847442626953e-01 9.098775684833526611e-03 5.983340835571289062e+01
8.061908000000000000e+07 9.999993722804288998e-01 1.114567994635743678e-03 1.147906634149182463e-04 1.446195487349573483e+00 -1.114595362732100125e-03 9.999993503662050198e-01 2.386300631678535541e-04 -3.226719595122865881e-04 -1.145246194042043764e-04 -2.387578585199929485e-04 9.999999649393965795e-01 1.682245370699906803e-02 9.999991655349731445e-01 1.200859318487346172e-03 -4.281816363800317049e-04 1.462264418601989746e+00 -1.201404724270105362e-03 9.999985098838806152e-01 -1.248100423254072666e-03 2.766265533864498138e-03 4.266906762495636940e-04 1.248616725206375122e-03 9.999991059303283691e-01 6.957300938665866852e-03 6.055094528198242188e+01
8.072274000000000000e+07 9.999998023337643982e-01 6.176777297005837724e-04 1.175017057489243606e-04 1.481525803111004125e+00 -6.177028490256093957e-04 9.999997863530183384e-01 2.138623488633982050e-04 -3.423772015902949045e-04 -1.173695826337442906e-04 -2.139348877290875750e-04 9.999999702281217040e-01 1.736703798155311840e-02 9.999973177909851074e-01 1.067703589797019958e-03 2.094313967972993851e-03 1.475192666053771973e+00 -1.065570628270506859e-03 9.999989271163940430e-01 -1.008582650683820248e-03 2.287114504724740982e-03 -2.095395466312766075e-03 1.006339793093502522e-03 9.999973177909851074e-01 6.889337208122014999e-03 6.005734252929687500e+01
8.082644000000000000e+07 9.999996382009511686e-01 8.433614918573051475e-04 1.110829175497034032e-04 1.486180803772390258e+00 -8.433865248131533357e-04 9.999996189243997025e-01 2.255000706479205709e-04 -4.158686151220830000e-04 -1.108926971568722922e-04 -2.255936748910429600e-04 9.999999684051535942e-01 1.736717777056232329e-02 9.999989271163940430e-01 1.009257161058485508e-03 -1.031321007758378983e-03 1.476174831390380859e+00 -1.008836901746690273e-03 9.999994039535522461e-01 5.116314277984201908e-04 4.928864073008298874e-03 1.031831372529268265e-03 -5.105804302729666233e-04 9.999992847442626953e-01 7.355102803558111191e-03 5.986521530151367188e+01
8.093008000000000000e+07 9.999994837939283343e-01 1.008861921524449850e-03 1.208699049909546774e-04 1.484372327602288877e+00 -1.008889406869180067e-03 9.999994651811500157e-01 2.275513426140360091e-04 -4.657807869519904999e-04 -1.206402724701903956e-04 -2.276731695134300265e-04 9.999999668054267987e-01 1.728975813178334348e-02 9.999992251396179199e-01 1.137841609306633472e-03 5.240649334155023098e-04 1.486012339591979980e+00 -1.138063496910035610e-03 9.999992251396179199e-01 4.997421638108789921e-04 6.100269034504890442e-03 -5.234864074736833572e-04 -5.003490368835628033e-04 9.999997615814208984e-01 6.342600099742412567e-03 5.974000167846679688e+01
8.103384000000000000e+07 9.999994893237907911e-01 1.003343879484547329e-03 1.210506028340250367e-04 1.514593503635553340e+00 -1.003372209037967045e-03 9.999994691977758254e-01 2.341973725926990788e-04 -6.054031754314522602e-04 -1.208155580869150342e-04 -2.343187118007258798e-04 9.999999652491715629e-01 1.762427634006635477e-02 9.999985098838806152e-01 1.094654784537851810e-03 1.317874761298298836e-03 1.491850376129150391e+00 -1.096404506824910641e-03 9.999985098838806152e-01 1.317244488745927811e-03 7.728913798928260803e-03 -1.316433306783437729e-03 -1.318676746450364590e-03 9.999982118606567383e-01 8.309136144816875458e-03 5.946454238891601562e+01
8.113750000000000000e+07 9.999995647041464153e-01 9.252440323379815560e-04 1.204781802427848841e-04 1.507390854862990182e+00 -9.252719331590727710e-04 9.999995450853594869e-01 2.317345833955810448e-04 -5.639258882479017236e-04 -1.202637143935497932e-04 -2.318459576020318773e-04 9.999999658920446510e-01 1.759181363973767384e-02 9.999957084655761719e-01 1.199727179482579231e-03 2.664713421836495399e-03 1.506686329841613770e+00 -1.199214602820575237e-03 9.999992847442626953e-01 -2.030434698099270463e-04 5.091302096843719482e-03 -2.664961619302630424e-03 1.998468796955421567e-04 9.999963641166687012e-01 1.351194363087415695e-02 5.902896118164062500e+01
8.124121000000000000e+07 9.999997526194430719e-01 6.940738924356815815e-04 1.141161330713915962e-04 1.501751992078464992e+00 -6.940971304684697600e-04 9.999997383633094650e-01 2.037216085864247954e-04 -5.127502802892636635e-04 -1.139747053666810832e-04 -2.038007658689885016e-04 9.999999727375071812e-01 1.760265900449757559e-02 9.999997019767761230e-01 8.701120968908071518e-04 3.865971302730031312e-05 1.501556873321533203e+00 -8.700317121110856533e-04 9.999986886978149414e-01 -1.329077174887061119e-03 5.957473069429397583e-03 -3.980609471909701824e-05 1.329048187471926212e-03 9.999991655349731445e-01 1.243768166750669479e-02 5.849420928955078125e+01
8.134494000000000000e+07 9.999999837071115172e-01 1.298874953836783855e-04 1.253595462763974528e-04 1.509392179656944943e+00 -1.299084583687946113e-04 9.999999775790877621e-01 1.672292351747206476e-04 -4.101702645431166451e-04 -1.253378224795391699e-04 -1.672455177152254555e-04 9.999999781596836668e-01 1.792203009392477620e-02 9.999967813491821289e-01 2.371948357904329896e-04 -2.509142039343714714e-03 1.497764468193054199e+00 -2.390933659626170993e-04 9.999997019767761230e-01 -7.413552375510334969e-04 7.603158243000507355e-03 2.508959500119090080e-03 7.419447647407650948e-04 9.999965429306030273e-01 9.689803235232830048e-03 5.870252990722656250e+01
8.144859000000000000e+07 9.999999729410531391e-01 -2.041302871566449105e-04 1.115738311797868329e-04 1.527607678495414678e+00 2.041142940379495920e-04 9.999999688963990829e-01 1.433337257990427926e-04 -3.414210967999280547e-04 -1.116030864634994549e-04 -1.433109481072238967e-04 9.999999835033618334e-01 1.821210536871791658e-02 9.999999403953552246e-01 1.000269003270659596e-05 2.793896710500121117e-04 1.503471851348876953e+00 -9.860502359515521675e-06 9.999999403953552246e-01 -4.292629892006516457e-04 8.955228142440319061e-03 -2.793850435409694910e-04 4.292657540645450354e-04 9.999998807907104492e-01 8.840027265250682831e-03 5.868457412719726562e+01
8.155233000000000000e+07 9.999999541270319092e-01 -2.779260980868555951e-04 1.204284875793994013e-04 1.513442955770165188e+00 2.779079363709471774e-04 9.999999500133243124e-01 1.507996376384700100e-04 -2.339161150188932012e-04 -1.204703927132620868e-04 -1.507661626893376549e-04 9.999999813782246560e-01 1.804311280560634903e-02 9.999998211860656738e-01 3.018876595888286829e-04 -6.447412888519465923e-04 1.504925131797790527e+00 -3.012293018400669098e-04 9.999995231628417969e-01 9.688231511972844601e-04 1.054646354168653488e-02 6.450191722251474857e-04 -9.686372941359877586e-04 9.999992847442626953e-01 1.178192161023616791e-02 5.937984085083007812e+01
8.165606000000000000e+07 9.999999157933282534e-01 -3.953735496128038063e-04 1.099686339518730541e-04 1.508925215250094487e+00 3.953586064068540440e-04 9.999999126148273465e-01 1.358746413167672090e-04 -1.735339632573983993e-04 -1.100223455789755086e-04 -1.358311528313798971e-04 9.999999847224912974e-01 1.801771171194709378e-02 9.999998211860656738e-01 -1.164482091553509235e-04 6.499314331449568272e-04 1.511270165443420410e+00 1.168421513284556568e-04 9.999997615814208984e-01 -6.089049857109785080e-04 1.648760028183460236e-02 -6.498613511212170124e-04 6.089916569180786610e-04 9.999996423721313477e-01 2.372749894857406616e-02 5.887020874023437500e+01
8.175971000000000000e+07 9.999997866346390651e-01 -6.443404464166755177e-04 1.074991248774409975e-04 1.513244358450089866e+00 6.443264883367501306e-04 9.999997839940336641e-01 1.298278046276936317e-04 -7.184130477471046584e-05 -1.075827549632751514e-04 -1.297585123927295372e-04 9.999999857943394632e-01 1.814559684641431012e-02 9.999992251396179199e-01 -3.678827779367566109e-04 -1.132258446887135506e-03 1.516336441040039062e+00 3.686397103592753410e-04 9.999997019767761230e-01 6.514445994980633259e-04 1.962828263640403748e-02 1.132034929469227791e-03 -6.518760346807539463e-04 9.999991655349731445e-01 3.006767481565475464e-02 5.976835250854492188e+01
8.186346000000000000e+07 9.999998983620587145e-01 -4.375940982908775785e-04 1.085692806713388689e-04 1.509011286877237845e+00 4.375797367929646991e-04 9.999998955145636970e-01 1.322680882667050901e-04 -1.591245290987437300e-04 -1.086271490590541236e-04 -1.322205671086116490e-04 9.999999853589327525e-01 1.803664176949859935e-02 9.999985694885253906e-01 -6.056668935343623161e-04 -1.608186634257435799e-03 1.515410900115966797e+00 6.049473304301500320e-04 9.999997615814208984e-01 -4.236712120473384857e-04 1.895081996917724609e-02 1.608431921340525150e-03 4.226973105687648058e-04 9.999985694885253906e-01 3.065469488501548767e-02 6.058582305908203125e+01
8.196708000000000000e+07 9.999994062438155584e-01 -1.084545227459209147e-03 1.061775322047592903e-04 1.518176221342552035e+00 1.084533092040949019e-03 9.999994053633264324e-01 1.142845939066412927e-04 1.498415199160118855e-04 -1.063014158783360521e-04 -1.141693730023934689e-04 9.999999878326816249e-01 1.826904524323863868e-02 9.999987483024597168e-01 -7.674334920011460781e-04 -1.353700878098607063e-03 1.517657160758972168e+00 7.636717637069523335e-04 9.999957680702209473e-01 -2.786593744531273842e-03 1.371869537979364395e-02 1.355829765088856220e-03 2.785565331578254700e-03 9.999952316284179688e-01 2.530105970799922943e-02 5.989068984985351562e+01
8.207083000000000000e+07 9.999987608303846365e-01 -1.570868676379124805e-03 1.034860496544958927e-04 1.511148312314058106e+00 1.570857407411604826e-03 9.999987602747928417e-01 1.088850248944924447e-04 5.195735280241069219e-04 -1.036569654306361359e-04 -1.087223281441256214e-04 9.999999887173446345e-01 1.826079804605160173e-02 9.999984502792358398e-01 -1.608056249096989632e-03 7.730044308118522167e-04 1.519469141960144043e+00 1.609428785741329193e-03 9.999971389770507812e-01 -1.798787387087941170e-03 1.383240427821874619e-02 -7.701060385443270206e-04 1.800022670067846775e-03 9.999981522560119629e-01 2.291158773005008698e-02 5.997081756591796875e+01
8.217446000000000000e+07 9.999977732287667065e-01 -2.109117275898413687e-03 7.184717238588901589e-05 1.500383170045102688e+00 2.109110019585770050e-03 9.999977707323486342e-01 1.009229913825213982e-04 7.312263204161773911e-04 -7.205987063481644761e-05 -1.007712330654818457e-04 9.999999923262671286e-01 1.813734769720716858e-02 9.999945163726806641e-01 -2.204124350100755692e-03 2.432065550237894058e-03 1.518193840980529785e+00 2.211248036473989487e-03 9.999933242797851562e-01 -2.922127256169915199e-03 1.156644709408283234e-02 -2.425605664029717445e-03 2.927497960627079010e-03 9.999927878379821777e-01 2.329523675143718719e-02 5.985436630249023438e+01
8.227821000000000000e+07 9.999973418312407825e-01 -2.304708120805160510e-03 6.819852442648925434e-05 1.520392500292062188e+00 2.304701179782853247e-03 9.999973390032484977e-01 1.016808847391663037e-04 5.585707626503315457e-04 -6.843268770645798106e-05 -1.015234372377160415e-04 9.999999925049796179e-01 1.834508116755045187e-02 9.999976754188537598e-01 -1.971737714484333992e-03 8.821224328130483627e-04 1.525434374809265137e+00 1.972138416022062302e-03 9.999979138374328613e-01 -4.360864404588937759e-04 1.148805953562259674e-02 -8.812595042400062084e-04 4.378241137601435184e-04 9.999995231628417969e-01 2.203161269426345825e-02 5.997196960449218750e+01
8.238196000000000000e+07 9.999992943591123895e-01 -1.183527701755195593e-03 1.026813222349996579e-04 1.514219595469867841e+00 1.183516300096653382e-03 9.999992934806067879e-01 1.110290605242606626e-04 2.422641404480191645e-04 -1.028126556577115452e-04 -1.109074571588250242e-04 9.999999885645468600e-01 1.823852145037704528e-02 9.999988675117492676e-01 -1.280929194763302803e-03 -7.829668466001749039e-04 1.519374370574951172e+00 1.281341072171926498e-03 9.999991059303283691e-01 5.102515569888055325e-04 1.422560960054397583e-02 7.823164341971278191e-04 -5.112564540468156338e-04 9.999995827674865723e-01 2.301556058228015900e-02 5.990723037719726562e+01
8.248571000000000000e+07 9.999993335944050710e-01 -1.150414793789130774e-03 9.672910200352213990e-05 1.523564493586711643e+00 1.150404505385517777e-03 9.999993326291779505e-01 1.063515106617590934e-04 1.808213107617427911e-04 -9.685138580319030985e-05 -1.062401621913654535e-04 9.999999896664182319e-01 1.835511618291479213e-02 9.999988079071044922e-01 -6.016289698891341686e-04 1.415186212398111820e-03 1.518372416496276855e+00 6.036084378138184547e-04 9.999987483024597168e-01 -1.439483952708542347e-03 1.072297431528568268e-02 -1.414327067323029041e-03 1.440342981368303299e-03 9.999979138374328613e-01 1.959323510527610779e-02 6.076668930053710938e+01
8.258943000000000000e+07 9.999993024821087761e-01 -1.176664925446647058e-03 1.024448176020945311e-04 1.520601501881182704e+00 1.176654178895364085e-03 9.999993022404257692e-01 1.048980279622703277e-04 1.738216116897538634e-04 -1.025681759512490383e-04 -1.047774126705430992e-04 9.999999892507314136e-01 1.830521277799582874e-02 9.999994039535522461e-01 -9.968591621145606041e-04 -4.758117138408124447e-04 1.516016721725463867e+00 9.970995597541332245e-04 9.999993443489074707e-01 5.430864985100924969e-04 1.307414937764406204e-02 4.752714885398745537e-04 -5.435633938759565353e-04 9.999997019767761230e-01 2.044783346354961395e-02 6.008003234863281250e+01
8.269308000000000000e+07 9.999995852749042902e-01 -9.055447088317610709e-04 9.715362241128656928e-05 1.504434363087718163e+00 9.055331179093954958e-04 9.999995828906160789e-01 1.192828282002364871e-04 9.257147635636554534e-05 -9.726159781806384018e-05 -1.191948029108617500e-04 9.999999881663905743e-01 1.810022532836448594e-02 9.999994635581970215e-01 -8.305038209073245525e-04 -6.710189045406877995e-04 1.517935514450073242e+00 8.297577733173966408e-04 9.999988675117492676e-01 -1.236462034285068512e-03 8.171035908162593842e-03 6.720555247738957405e-04 1.235895091667771339e-03 9.999990463256835938e-01 1.803647167980670929e-02 6.015840148925781250e+01
8.279692000000000000e+07 9.999991809661118447e-01 -1.275688658842227385e-03 1.033709017598628073e-04 1.522864885325111883e+00 1.275677460000125031e-03 9.999991804554626551e-01 1.083301127921459722e-04 2.940059994446977531e-04 -1.035090125397658848e-04 -1.081981561360860987e-04 9.999999887895215656e-01 1.834418570291511744e-02 9.999995231628417969e-01 -8.725987281650304794e-04 5.472719203680753708e-04 1.515871167182922363e+00 8.721273043192923069e-04 9.999994635581970215e-01 6.378167308866977692e-04 9.478852152824401855e-03 -5.478479433804750443e-04 -6.373322685249149799e-04 9.999995827674865723e-01 1.657620817422866821e-02 6.008652877807617188e+01
8.290060000000000000e+07 9.999996955948698973e-01 -7.728216603053769240e-04 1.075028888393900987e-04 1.506018203126609833e+00 7.728092250568919120e-04 9.999996946934750497e-01 1.156671106072690330e-04 -9.521053889664505936e-06 -1.075922460632720758e-04 -1.155839961764118490e-04 9.999999875321246012e-01 1.807078987293488787e-02 9.999994635581970215e-01 -8.039942476898431778e-04 -7.043143850751221180e-04 1.511612653732299805e+00 8.050985052250325680e-04 9.999985694885253906e-01 1.448402996174991131e-03 1.162972021847963333e-02 7.031612913124263287e-04 -1.448966446332633495e-03 9.999987483024597168e-01 1.727612502872943878e-02 6.001580810546875000e+01
8.300423000000000000e+07 9.999997214213373065e-01 -7.384817181886923609e-04 1.086370718438137590e-04 1.513069538605316788e+00 7.384673910184492030e-04 9.999997186391172965e-01 1.318620958763775622e-04 1.555518222622618348e-05 -1.087344190223404455e-04 -1.317818342093592012e-04 9.999999854051874193e-01 1.815615675256199851e-02 9.999991655349731445e-01 -6.585351075045764446e-04 1.089190249331295490e-03 1.506630301475524902e+00 6.557122105732560158e-04 9.999964237213134766e-01 2.595826750621199608e-03 1.008785888552665710e-02 -1.090910285711288452e-03 -2.595105441287159920e-03 9.999959468841552734e-01 1.523524988442659378e-02 5.993056106567382812e+01
8.310785000000000000e+07 9.999998416358126807e-01 -5.534629255080266699e-04 1.020154259938037137e-04 1.505815295735473569e+00 5.534495775109485880e-04 9.999998382892151261e-01 1.308247545413546967e-04 -1.190706653166225242e-04 -1.020878161464596054e-04 -1.307682734303302360e-04 9.999999862388684324e-01 1.804141879655778158e-02 9.999989867210388184e-01 -1.791133108781650662e-04 1.384364208206534386e-03 1.508560180664062500e+00 1.818875753087922931e-04 9.999979734420776367e-01 -2.014341531321406364e-03 2.033865777775645256e-03 -1.383986556902527809e-03 2.014581579715013504e-03 9.999970197677612305e-01 1.507354527711868286e-02 6.003804779052734375e+01
8.321158000000000000e+07 9.999995737013417374e-01 -9.173719353924308798e-04 1.050040396673173227e-04 1.501076425992873720e+00 9.173593949151065538e-04 9.999995720958648748e-01 1.194144427820400427e-04 1.077226334175330341e-04 -1.051135421965202876e-04 -1.193180654314383827e-04 9.999999873571708831e-01 1.804725545439002377e-02 9.999994635581970215e-01 -7.812068215571343899e-04 7.902909419499337673e-04 1.508303165435791016e+00 7.827139925211668015e-04 9.999979734420776367e-01 -1.896722940728068352e-03 -2.403286052867770195e-03 -7.888185209594666958e-04 1.897338312119245529e-03 9.999978542327880859e-01 1.448287721723318100e-02 5.994531250000000000e+01
8.331521000000000000e+07 9.999998682664638094e-01 -4.999267327278736394e-04 1.163628801669432301e-04 1.509737278749397893e+00 4.999102169036981303e-04 9.999998649742899426e-01 1.419196252018589601e-04 -1.531586215095808064e-04 -1.164338138686986189e-04 -1.418614355142783299e-04 9.999999831592500943e-01 1.806944728856997584e-02 9.999985694885253906e-01 -6.108018569648265839e-04 1.601577852852642536e-03 1.506633520126342773e+00 6.228680140338838100e-04 9.999710917472839355e-01 -7.574202958494424820e-03 -1.082005165517330170e-02 -1.596899121068418026e-03 7.575198542326688766e-03 9.999700784683227539e-01 1.040059607475996017e-02 6.012982559204101562e+01
8.341896000000000000e+07 9.999989617941393849e-01 -1.437648520025293581e-03 9.786454876907896272e-05 1.498585851352508325e+00 1.437638113054993732e-03 9.999989609450159467e-01 1.063279742691915545e-04 4.473491279473495357e-04 -9.801730933038943505e-05 -1.061871700799868153e-04 9.999999895584463783e-01 1.810777896584430530e-02 9.999976158142089844e-01 -8.242271724157035351e-04 -2.000252483412623405e-03 1.502289175987243652e+00 8.197843562811613083e-04 9.999971389770507812e-01 -2.257721964269876480e-03 -8.458570577204227448e-03 2.002117456868290901e-03 2.256075618788599968e-03 9.999954104423522949e-01 1.477778796106576920e-02 6.083964920043945312e+01
8.352259000000000000e+07 9.999996181745912649e-01 -8.668134609973712681e-04 1.108379998868424951e-04 1.498430334023120425e+00 8.667997787400781931e-04 9.999996167112221723e-01 1.234322436069293946e-04 9.058366009691851475e-05 -1.109449501388342962e-04 -1.233361221193841168e-04 9.999999862397087602e-01 1.799898056915768055e-02 9.999929666519165039e-01 -6.123378989286720753e-04 -3.690915647894144058e-03 1.498284578323364258e+00 6.104898056946694851e-04 9.999997019767761230e-01 -4.701794823631644249e-04 -4.226777236908674240e-03 3.691200632601976395e-03 4.679259145632386208e-04 9.999930858612060547e-01 1.416687946766614914e-02 6.007567977905273438e+01
8.362621000000000000e+07 9.999997952662018630e-01 -6.298834125710341125e-04 1.127583082543323314e-04 1.505618355712751599e+00 6.298677810044513159e-04 9.999997920267839069e-01 1.386108303733034591e-04 -3.958861690598941465e-05 -1.128455934675302131e-04 -1.385397791687161429e-04 9.999999840363005266e-01 1.805647749262053250e-02 1.000000000000000000e+00 -3.580509801395237446e-04 -1.425158989150077105e-04 1.506386280059814453e+00 3.585428930819034576e-04 9.999954700469970703e-01 2.991839312016963959e-03 3.881250508129596710e-03 1.414418220520019531e-04 -2.991891931742429733e-03 9.999955296516418457e-01 1.415614411234855652e-02 5.991081619262695312e+01
8.372996000000000000e+07 9.999995455239586439e-01 -9.477359383491981530e-04 1.036747825697645483e-04 1.482399619866297868e+00 9.477234373500118166e-04 9.999995436424712336e-01 1.205617214475173001e-04 2.011477654342564954e-04 -1.037889959340643068e-04 -1.204634116330576519e-04 9.999999873582051668e-01 1.784819887508333480e-02 9.999971985816955566e-01 -1.024044468067586422e-03 2.126455307006835938e-03 1.504947543144226074e+00 1.018007053062319756e-03 9.999954104423522949e-01 2.840171568095684052e-03 4.051413387060165405e-03 -2.129364525899291039e-03 -2.837996697053313255e-03 9.999936223030090332e-01 1.421279273927211761e-02 6.002864074707031250e+01
8.383358000000000000e+07 9.999986490950706353e-01 -1.640875382115375772e-03 9.662253516875448354e-05 1.501909972218213429e+00 1.640865117339936844e-03 9.999986481385847448e-01 1.062194414623678898e-04 5.968400663838108406e-04 -9.679669742151665547e-05 -1.060607534166241165e-04 9.999999896907575403e-01 1.816739563581129882e-02 9.999990463256835938e-01 -1.259186305105686188e-03 5.068747559562325478e-04 1.502997636795043945e+00 1.258445205166935921e-03 9.999979138374328613e-01 1.619576243683695793e-03 5.234912969172000885e-03 -5.089119076728820801e-04 -1.618947600945830345e-03 9.999985694885253906e-01 1.395281311124563217e-02 6.049296188354492188e+01
8.393735000000000000e+07 9.999992497537503189e-01 -1.221196721103942964e-03 9.576291400488136537e-05 1.500952409934948273e+00 1.221186195122027016e-03 9.999992483130148990e-01 1.098986483750117991e-04 3.104129390524271084e-04 -9.589704988744323668e-05 -1.097816215777759830e-04 9.999999893758758640e-01 1.808929539802002495e-02 9.999993443489074707e-01 -1.017643488012254238e-03 -4.540953959804028273e-04 1.503102660179138184e+00 1.018214854411780834e-03 9.999984502792358398e-01 1.420725369825959206e-03 1.771201845258474350e-03 4.526570846792310476e-04 -1.421179855242371559e-03 9.999989271163940430e-01 1.115036848932504654e-02 6.026095962524414062e+01
8.404096000000000000e+07 9.999995326520696448e-01 -9.611485932760361478e-04 1.043504809818033923e-04 1.490711751344261593e+00 9.611362454185878174e-04 9.999995311090683625e-01 1.183163555405807922e-04 1.881292817279655964e-04 -1.044641516516403774e-04 -1.182160052160532103e-04 9.999999875561085272e-01 1.792980016046159114e-02 9.999991655349731445e-01 -1.034478191286325455e-03 -7.480523199774324894e-04 1.503262281417846680e+00 1.036263303831219673e-03 9.999968409538269043e-01 2.304517198354005814e-03 4.462415352463722229e-03 7.456747116521000862e-04 -2.305302070453763008e-03 9.999971389770507812e-01 1.013830117881298065e-02 6.019910430908203125e+01
8.414471000000000000e+07 9.999997159163886984e-01 -7.456576200078755996e-04 1.102808729446230486e-04 1.502519637280986808e+00 7.456434020492934238e-04 9.999997136990379509e-01 1.289099475064938057e-04 4.371060404478703532e-05 -1.103769640531631068e-04 -1.288276806822269242e-04 9.999999856101775553e-01 1.803721611494369173e-02 9.999995231628417969e-01 -7.345393532887101173e-04 6.301511311903595924e-04 1.500951170921325684e+00 7.340103620663285255e-04 9.999994635581970215e-01 7.515400648117065430e-04 -4.666039254516363144e-03 -6.307116127572953701e-04 -7.510699797421693802e-04 9.999994635581970215e-01 9.674393571913242340e-03 5.999494552612304688e+01
8.424835000000000000e+07 9.999999588906357539e-01 -2.638158228941350292e-04 1.123385087730464324e-04 1.492499334437896508e+00 2.637990211374969174e-04 9.999999540221069516e-01 1.495522076555284678e-04 -1.839353126954255220e-04 -1.123779578456553832e-04 -1.495225667196569026e-04 9.999999825070986503e-01 1.780691908067992199e-02 9.999996423721313477e-01 -1.994270714931190014e-04 8.014654740691184998e-04 1.503568172454833984e+00 1.980044762603938580e-04 9.999983906745910645e-01 1.761053921654820442e-03 4.311601514928042889e-04 -8.018139051273465157e-04 -1.760893152095377445e-03 9.999980926513671875e-01 1.358383707702159882e-02 6.014831924438476562e+01
8.435210000000000000e+07 9.999999708874147686e-01 2.090557053317784264e-04 1.205026261607422403e-04 1.497786862335093838e+00 -2.090771641949654624e-04 9.999999622848303460e-01 1.780928943041716801e-04 -3.372309638353098446e-04 -1.204653902811692187e-04 -1.781180834662164463e-04 9.999999768810192702e-01 1.771379528560571015e-02 9.999997615814208984e-01 4.873364232480525970e-04 -5.675193388015031815e-04 1.497466444969177246e+00 -4.886122769676148891e-04 9.999972581863403320e-01 -2.281717490404844284e-03 -4.985121078789234161e-03 5.663968622684478760e-04 2.281991299241781235e-03 9.999972581863403320e-01 1.142239104956388474e-02 6.065443038940429688e+01
8.445571000000000000e+07 9.999999525331363381e-01 -2.888931783361960441e-04 1.071189026303156247e-04 1.494721592682452638e+00 2.888768787981342285e-04 9.999999467006727150e-01 1.521473092993899927e-04 -1.570729094042459893e-04 -1.071628512394116292e-04 -1.521163579040959730e-04 9.999999826883688714e-01 1.784788164922767456e-02 9.999998211860656738e-01 -9.915262489812448621e-05 -5.930201150476932526e-04 1.497406601905822754e+00 9.859776764642447233e-05 9.999995231628417969e-01 -9.633199078962206841e-04 -1.970976823940873146e-03 5.931169725954532623e-04 9.632654837332665920e-04 9.999993443489074707e-01 1.278497651219367981e-02 6.018169784545898438e+01
8.455938000000000000e+07 9.999999878727899860e-01 -1.042156176023303384e-04 1.157303993226288557e-04 1.483543722388391828e+00 1.041971596808985955e-04 9.999999818537000928e-01 1.594852714761275567e-04 -1.892791830868310573e-04 -1.157470180784092546e-04 -1.594732107632678233e-04 9.999999805854614676e-01 1.765481913209713399e-02 9.999996423721313477e-01 -1.683646987657994032e-04 8.003920083865523338e-04 1.494952797889709473e+00 1.707341289147734642e-04 9.999953508377075195e-01 -3.048013895750045776e-03 -4.269601311534643173e-03 -7.998701767064630985e-04 3.048150567337870598e-03 9.999950528144836426e-01 1.216717902570962906e-02 6.018633651733398438e+01
8.466298000000000000e+07 9.999993403547224879e-01 -1.143768120124700853e-03 1.052833082465067850e-04 1.491879250163393289e+00 1.143756086805822192e-03 9.999993393803576769e-01 1.142839866879374395e-04 2.844276957102162898e-04 -1.054139530781062384e-04 -1.141634928734419949e-04 9.999999879272972736e-01 1.798145018584140775e-02 9.999976158142089844e-01 -1.080379821360111237e-03 1.892973901703953743e-03 1.496309995651245117e+00 1.083324430510401726e-03 9.999983310699462891e-01 -1.511006732471287251e-03 -7.149847224354743958e-03 -1.891333726234734058e-03 1.513046328909695148e-03 9.999970793724060059e-01 1.516557484865188599e-02 5.990851211547851562e+01
8.476673000000000000e+07 9.999986622828812566e-01 -1.633163697920055708e-03 9.060257166749919753e-05 1.475328230228386106e+00 1.633154495509842952e-03 9.999986612461053692e-01 1.015501508805235581e-04 6.485737280583464114e-04 -9.076829839027441237e-05 -1.014020470402621368e-04 9.999999907393705145e-01 1.785346352239326750e-02 9.999976158142089844e-01 -1.680564833804965019e-03 -1.387641415931284428e-03 1.485804319381713867e+00 1.679618842899799347e-03 9.999983906745910645e-01 -6.100682658143341541e-04 -3.391096834093332291e-03 1.388661563396453857e-03 6.077460711821913719e-04 9.999988675117492676e-01 1.820620894432067871e-02 6.022057723999023438e+01
8.487034000000000000e+07 9.999985897979205562e-01 -1.676903926308804388e-03 9.162625783082075997e-05 1.478495639734667133e+00 1.676894334734817943e-03 9.999985885350152204e-01 1.046582371154564469e-04 6.883281740558556527e-04 -9.180163031360692933e-05 -1.045044419723821825e-04 9.999999903256410194e-01 1.790695200082750502e-02 9.999906420707702637e-01 -1.600171322934329510e-03 -4.025498870760202408e-03 1.474930882453918457e+00 1.607219455763697624e-03 9.999971985816955566e-01 1.714901765808463097e-03 -2.420182339847087860e-03 4.022744484245777130e-03 -1.721359440125524998e-03 9.999903440475463867e-01 1.907095126807689667e-02 6.021667098999023438e+01
8.497396000000000000e+07 9.999993131177921102e-01 -1.168410159969588292e-03 9.263707161025369781e-05 1.470637780279126616e+00 1.168399625858987118e-03 9.999993109586069462e-01 1.136864567602167893e-04 3.713120913042357633e-04 -9.276984019206137007e-05 -1.135781415500152690e-04 9.999999892468810492e-01 1.775340535923930138e-02 9.999994635581970215e-01 -9.081599419005215168e-04 5.996303516440093517e-04 1.473993301391601562e+00 9.064487530849874020e-04 9.999955892562866211e-01 2.824660390615463257e-03 2.486512297764420509e-03 -6.022081943228840828e-04 -2.824121387675404549e-03 9.999958276748657227e-01 1.871418580412864685e-02 5.996649551391601562e+01
8.507772000000000000e+07 9.999985790677348163e-01 -1.683466722916051456e-03 8.833062277779832859e-05 1.467063170332956412e+00 1.683457128138835662e-03 9.999985770896179238e-01 1.085855977122148646e-04 7.195601641095728841e-04 -8.851329733191176132e-05 -1.084367426026125437e-04 9.999999902034344412e-01 1.776667902183138442e-02 9.999968409538269043e-01 -1.527463784441351891e-03 1.992494100704789162e-03 1.463721752166748047e+00 1.518474426120519638e-03 9.999888539314270020e-01 4.466880112886428833e-03 7.492461008951067924e-04 -1.999285072088241577e-03 -4.463827703148126602e-03 9.999881386756896973e-01 2.168345451354980469e-02 5.996649551391601562e+01
8.518133000000000000e+07 9.999993654005753241e-01 -1.121821426075695618e-03 1.035137107361667076e-04 1.453249717693695597e+00 1.121808627055808716e-03 9.999993631314035847e-01 1.236209734991673313e-04 3.879701036825225968e-04 -1.036523254733797230e-04 -1.235047724714036308e-04 9.999999870013827064e-01 1.753003625615491556e-02 9.999973773956298828e-01 -1.049083657562732697e-03 2.001050394028425217e-03 1.454508781433105469e+00 1.049842452630400658e-03 9.999994635581970215e-01 -3.544274950399994850e-04 -3.174507524818181992e-03 -2.000670181587338448e-03 3.565181395970284939e-04 9.999978542327880859e-01 1.910069957375526428e-02 5.992623901367187500e+01
8.528509000000000000e+07 9.999999870766475007e-01 -1.263638190608036061e-04 9.939260740576168749e-05 1.439522412308655408e+00 1.263478258010435561e-04 9.999999790737441607e-01 1.608997781645212291e-04 4.174933097134859051e-05 -9.941293723603853729e-05 -1.608872180454727293e-04 9.999999821161855706e-01 1.712876519964812508e-02 9.999954104423522949e-01 -2.287104725837707520e-04 3.042159369215369225e-03 1.442965745925903320e+00 2.314951125299558043e-04 9.999995231628417969e-01 -9.530680836178362370e-04 -1.092486176639795303e-02 -3.041952149942517281e-03 9.537758305668830872e-04 9.999949336051940918e-01 1.699857041239738464e-02 6.076947021484375000e+01
8.538871000000000000e+07 9.999999952306269924e-01 -1.247012004396966745e-05 9.686713656252081926e-05 1.417108522432940498e+00 1.245302520318799566e-05 9.999999843506075514e-01 1.764757977316942263e-04 1.238280394113306249e-04 -9.686933572096918289e-05 -1.764745906011346531e-04 9.999999797365253240e-01 1.681950988196647540e-02 9.999998211860656738e-01 -1.593123597558587790e-04 4.940670914947986603e-04 1.437091231346130371e+00 1.606746227480471134e-04 9.999966025352478027e-01 -2.615139121189713478e-03 -9.155292063951492310e-03 -4.936466575600206852e-04 2.615210600197315216e-03 9.999964237213134766e-01 1.981159858405590057e-02 6.010208129882812500e+01
8.549246000000000000e+07 9.999999908198229370e-01 -8.678402825473450436e-05 1.040619369371597930e-04 1.415987657306752912e+00 8.676575073757566200e-05 9.999999808124806489e-01 1.756324096624811042e-04 1.283611554766580370e-04 -1.040771770282844738e-04 -1.756233790381739985e-04 9.999999791621849710e-01 1.683658536370438372e-02 1.000000000000000000e+00 -1.491257280576974154e-04 9.163032518699765205e-05 1.428434729576110840e+00 1.490782597102224827e-04 9.999998807907104492e-01 1.430491829523816705e-04 -6.922799628227949142e-03 -9.164786024484783411e-05 -1.430319389328360558e-04 1.000000000000000000e+00 2.290068939328193665e-02 5.985030364990234375e+01
8.559611000000000000e+07 9.999998572350262682e-01 5.226177920230826038e-04 1.113578789524857841e-04 1.420062646820975605e+00 -5.226413893869916302e-04 9.999998409547892209e-01 2.119820316874251084e-04 -5.259137777385039470e-05 -1.112470756627495445e-04 -2.120402016590520425e-04 9.999999713315207428e-01 1.670438797994521288e-02 9.999994635581970215e-01 7.017715252004563808e-04 -8.495463407598435879e-04 1.417778015136718750e+00 -7.020321791060268879e-04 9.999997615814208984e-01 -3.339504764880985022e-04 -6.987734697759151459e-03 8.493055938743054867e-04 3.345469012856483459e-04 9.999995231628417969e-01 2.177103236317634583e-02 5.981129455566406250e+01
8.569975000000000000e+07 9.999994121781369261e-01 1.079115349796315026e-03 1.056102465390407696e-04 1.404660689756123571e+00 -1.079140407728531193e-03 9.999993895248762144e-01 2.374993481592344447e-04 -1.150386444382891149e-04 -1.053538928922895441e-04 -2.376131768285130307e-04 9.999999662202695427e-01 1.638461136895938419e-02 9.999992847442626953e-01 9.409039048478007317e-04 6.062798784114420414e-04 1.410735368728637695e+00 -9.412241633981466293e-04 9.999992847442626953e-01 6.960551254451274872e-04 -5.318577867001295090e-03 -6.056177080608904362e-04 -6.966297514736652374e-04 9.999995231628417969e-01 2.211272343993186951e-02 5.995251083374023438e+01
8.580345000000000000e+07 9.999998006347811108e-01 6.227369806403987816e-04 1.045420859351475507e-04 1.389570933047765910e+00 -6.227592740423609254e-04 9.999997833260576563e-01 2.133511677969430315e-04 5.673208714867107681e-05 -1.044092016204695427e-04 -2.134162298162144166e-04 9.999999717761151041e-01 1.632503649829555870e-02 9.999995827674865723e-01 7.925225072540342808e-04 5.198104190640151501e-04 1.396277785301208496e+00 -7.932042353786528111e-04 9.999991059303283691e-01 1.155593781732022762e-03 -6.119974888861179352e-03 -5.188985960558056831e-04 -1.156000886112451553e-03 9.999992251396179199e-01 2.357679605484008789e-02 5.981443023681640625e+01
8.590711000000000000e+07 9.999999050475164575e-01 4.243417013504136265e-04 9.919218379660492435e-05 1.378891409096703269e+00 -4.243608029491674244e-04 9.999998914058032540e-01 1.926299637800200535e-04 7.060562033780733247e-05 -9.911043210298771367e-05 -1.926720387617008136e-04 9.999999765273048791e-01 1.629151281606663199e-02 9.999998211860656738e-01 5.219671293161809444e-04 2.756681060418486595e-04 1.380220890045166016e+00 -5.223114858381450176e-04 9.999989271163940430e-01 1.323485514149069786e-03 -4.389788024127483368e-03 -2.749667328316718340e-04 -1.323627424426376820e-03 9.999991655349731445e-01 2.382448501884937286e-02 6.066003036499023438e+01
8.601084000000000000e+07 9.999996630389241803e-01 8.141834205963516995e-04 1.050116017216377005e-04 1.360457237392079577e+00 -8.142057151360467633e-04 9.999996459695811302e-01 2.124377758570986726e-04 2.744690023088840452e-05 -1.048386012398017618e-04 -2.125232053149410448e-04 9.999999719213787941e-01 1.601292908732687703e-02 9.999992847442626953e-01 6.811427883803844452e-04 9.395187953487038612e-04 1.355121493339538574e+00 -6.811363273300230503e-04 9.999997615814208984e-01 -4.445485956239281222e-06 -4.989645909518003464e-03 -9.395274100825190544e-04 3.798864099735510536e-06 9.999994635581970215e-01 2.033278532326221466e-02 6.074063873291015625e+01
8.611446000000000000e+07 9.999994061786510180e-01 1.084948035531563444e-03 1.026167005563406075e-04 1.337935278746112067e+00 -1.084968810559932932e-03 9.999993908949418309e-01 2.026141883248488474e-04 -6.204568489973191943e-05 -1.023968122015150823e-04 -2.027254039201171153e-04 9.999999742086531640e-01 1.575619035264033338e-02 9.999942779541015625e-01 8.533687796443700790e-04 3.267861902713775635e-03 1.335947275161743164e+00 -8.565487805753946304e-04 9.999991655349731445e-01 9.441905422136187553e-04 -2.261029789224267006e-03 -3.267053980380296707e-03 -9.469798533245921135e-04 9.999941587448120117e-01 2.155355922877788544e-02 6.044303894042968750e+01
8.621821000000000000e+07 9.999996884865509639e-01 7.827369652473188362e-04 1.017333371925941283e-04 1.310083015437991660e+00 -7.827549549114242193e-04 9.999996779983388873e-01 1.769122030937732065e-04 3.294098493092530427e-05 -1.015948287194720910e-04 -1.769917802534785401e-04 9.999999791762009815e-01 1.555357763530413988e-02 9.999952316284179688e-01 8.618391002528369427e-04 2.971724374219775200e-03 1.308774948120117188e+00 -8.640090236440300941e-04 9.999993443489074707e-01 7.407541852444410324e-04 -4.513156600296497345e-03 -2.971093868836760521e-03 -7.433252176269888878e-04 9.999953508377075195e-01 2.134251594543457031e-02 6.071132659912109375e+01
8.632183000000000000e+07 9.999998913435372838e-01 4.536941505074782084e-04 1.071192978302516199e-04 1.266199131682779422e+00 -4.537065888717489530e-04 9.999998903330986622e-01 1.161212061592215250e-04 -1.493338156697183745e-04 -1.070666025738663816e-04 -1.161697942703193476e-04 9.999999875206614375e-01 1.526335393318924843e-02 9.999994635581970215e-01 4.631000047083944082e-04 -8.294347790069878101e-04 1.280828595161437988e+00 -4.631289921235293150e-04 9.999998211860656738e-01 -1.014613881125114858e-04 -7.502000313252210617e-03 8.293841383419930935e-04 1.018537222989834845e-04 9.999996423721313477e-01 2.090182900428771973e-02 6.077804946899414062e+01
8.642559000000000000e+07 9.999998218275111261e-01 5.874995512531798296e-04 1.057790786945538079e-04 1.248737193863731054e+00 -5.875099541964125868e-04 9.999998225804571650e-01 9.834174076711092662e-05 -3.295486927740717072e-04 -1.057212841971067791e-04 -9.840386950871817277e-05 9.999999895698439278e-01 1.507231640502384312e-02 9.999871253967285156e-01 5.469516618177294731e-04 -5.044573917984962463e-03 1.246453285217285156e+00 -5.569231580011546612e-04 9.999979734420776367e-01 -1.962102251127362251e-03 -1.204494014382362366e-02 5.043501500040292740e-03 1.964886207133531570e-03 9.999853968620300293e-01 2.181507088243961334e-02 6.036198425292968750e+01
8.652921000000000000e+07 9.999999601117340875e-01 2.662833791282960029e-04 9.417905264915171521e-05 1.210456951204217591e+00 -2.662899427059105782e-04 9.999999621167031671e-01 6.968687215555782635e-05 -1.448293190235283980e-04 -9.416049262593295915e-05 -6.971194830987279098e-05 9.999999931370230355e-01 1.471902763197353858e-02 9.999988079071044922e-01 2.427242579869925976e-04 -1.562896883115172386e-03 1.224975228309631348e+00 -2.434228663332760334e-04 9.999998211860656738e-01 -4.841273766942322254e-04 -6.398930214345455170e-03 1.562780118547379971e-03 4.845079092774540186e-04 9.999986886978149414e-01 2.265341766178607941e-02 6.042863845825195312e+01
8.663298000000000000e+07 9.999999292807777440e-01 -3.661339051800674969e-04 8.593257884962848423e-05 1.196663759461165544e+00 3.661280151677422947e-04 9.999999306257256748e-01 6.854797835351497540e-05 2.925290332701616135e-04 -8.595767062620826961e-05 -6.851651118247240177e-05 9.999999939583834596e-01 1.461201001858874159e-02 9.999929666519165039e-01 -4.596168291755020618e-04 3.700888482853770256e-03 1.203018426895141602e+00 4.625258734449744225e-04 9.999995827674865723e-01 -7.985043921507894993e-04 -7.334468886256217957e-03 -3.700520843267440796e-03 8.002103422768414021e-04 9.999928474426269531e-01 2.332802861928939819e-02 6.103084945678710938e+01
8.673673000000000000e+07 9.999992098415961816e-01 -1.254245284645352180e-03 8.476388164118125893e-05 1.147016242709202993e+00 1.254240189392282455e-03 9.999992116321818614e-01 6.013758065632212083e-05 9.407780465757967919e-04 -8.483924209463446534e-05 -6.003121886888385420e-05 9.999999945992777972e-01 1.422046163679882916e-02 9.999973773956298828e-01 -1.381002366542816162e-03 1.829884247854351997e-03 1.165139913558959961e+00 1.381976180709898472e-03 9.999989271163940430e-01 -5.014295456930994987e-04 -6.365475244820117950e-03 -1.829186221584677696e-03 5.039494135417044163e-04 9.999982118606567383e-01 2.145529352128505707e-02 6.062054443359375000e+01
8.684034000000000000e+07 9.999988759753396517e-01 -1.496703071688840680e-03 8.903949720048408463e-05 1.121296987565255199e+00 1.496697587433852604e-03 9.999988780485431494e-01 6.162828982397975709e-05 1.089558068481485910e-03 -8.913163655072960491e-05 -6.149495535515170938e-05 9.999999941369610568e-01 1.398570749968987455e-02 9.999983906745910645e-01 -1.673829043284058571e-03 5.927853053435683250e-04 1.131764054298400879e+00 1.673558144830167294e-03 9.999985098838806152e-01 5.089396145194768906e-04 -3.813836257904767990e-03 -5.936347879469394684e-04 -5.079514812678098679e-04 9.999997019767761230e-01 2.124729938805103302e-02 6.053155136108398438e+01
8.694409000000000000e+07 9.999981069708336889e-01 -1.944032225353493513e-03 8.242226546139448890e-05 1.090318732281391645e+00 1.944029287351104395e-03 9.999981097356319681e-01 3.571088039899911431e-05 1.246232905360909185e-03 -8.249153276428828621e-05 -3.555058149817741972e-05 9.999999959656515891e-01 1.374642825034507257e-02 9.999973177909851074e-01 -1.991486642509698868e-03 1.240614568814635277e-03 1.097485899925231934e+00 1.989933196455240250e-03 9.999971985816955566e-01 1.278123818337917328e-03 -3.166351933032274246e-03 -1.243162201717495918e-03 -1.275651738978922367e-03 9.999983906745910645e-01 1.878837309777736664e-02 6.067567825317382812e+01
8.704771000000000000e+07 9.999973382622198148e-01 -2.306660430871416111e-03 5.278481235088892378e-05 1.046780302119399764e+00 2.306660612884308716e-03 9.999973396491839139e-01 -3.387587228190016825e-06 1.372988650210217598e-03 -5.277685791151058787e-05 3.509334856546778222e-06 9.999999986011439690e-01 1.342013942729651868e-02 9.999936223030090332e-01 -2.416679635643959045e-03 2.604203531518578529e-03 1.063771367073059082e+00 2.419418655335903168e-03 9.999964833259582520e-01 -1.077073276974260807e-03 -7.994615472853183746e-03 -2.601584419608116150e-03 1.083372859284281731e-03 9.999960064888000488e-01 2.054936625063419342e-02 6.074070358276367188e+01
8.715136000000000000e+07 9.999976417871900836e-01 -2.171429605315689827e-03 3.624178256304516166e-05 1.018398021602239023e+00 2.171430211019508526e-03 9.999976423034668827e-01 -1.668188707193649372e-05 1.338044741010908489e-03 -3.620547357199055166e-05 1.676054423507125700e-05 9.999999992041238572e-01 1.313700122804086975e-02 9.999908208847045898e-01 -2.197817433625459671e-03 3.698591375723481178e-03 1.023787021636962891e+00 2.200611401349306107e-03 9.999973773956298828e-01 -7.365487399511039257e-04 -1.093065366148948669e-02 -3.696972969919443130e-03 7.446834933944046497e-04 9.999929070472717285e-01 2.199596911668777466e-02 6.061052703857421875e+01
8.725496000000000000e+07 9.999991927758192789e-01 -1.270488877925596326e-03 1.748426421022597401e-05 9.822145330487814796e-01 1.270489503607611639e-03 9.999991922863025184e-01 -3.582097707287262817e-05 9.570732564011662658e-04 -1.743873993437331942e-05 3.584316173176619924e-05 9.999999992055790266e-01 1.265463887710208818e-02 9.999980926513671875e-01 -1.121498877182602882e-03 1.588972401805222034e-03 9.891550540924072266e-01 1.116474508307874203e-03 9.999944567680358887e-01 3.104850184172391891e-03 2.154845977202057838e-03 -1.592447282746434212e-03 -3.103071125224232674e-03 9.999938607215881348e-01 2.740493044257164001e-02 6.074272155761718750e+01
8.735871000000000000e+07 9.999999003645835272e-01 -4.458659870477025113e-04 -2.177968673465072923e-05 9.281860400787096399e-01 4.458649007676537433e-04 9.999998993594718666e-01 -4.985525565475043780e-05 7.765333502094833073e-04 2.180191330438248999e-05 4.984553989002662772e-05 9.999999985200493935e-01 1.199326067890791291e-02 9.999997615814208984e-01 -4.469589621294289827e-04 -5.913673667237162590e-04 9.416661858558654785e-01 4.461636708583682775e-04 9.999990463256835938e-01 -1.303704339079558849e-03 -4.264094866812229156e-03 5.919446703046560287e-04 1.303448458202183247e-03 9.999989867210388184e-01 2.554082497954368591e-02 6.063929748535156250e+01
8.746246000000000000e+07 9.999996795181901321e-01 -7.983296449536371204e-04 -6.027703989514090083e-05 8.945744555664113529e-01 7.983275863231535912e-04 9.999996807527291587e-01 -3.416915431804455334e-05 1.173619576944563182e-03 6.030429889956908073e-05 3.412102254567089062e-05 9.999999975995738088e-01 1.143565584301150899e-02 9.999965429306030273e-01 -7.276887772604823112e-04 -2.492057858034968376e-03 9.008474349975585938e-01 7.249428308568894863e-04 9.999991059303283691e-01 -1.139610656537115574e-03 -4.868671763688325882e-03 2.492891391739249229e-03 1.137785380706191063e-03 9.999962449073791504e-01 2.300883084535598755e-02 6.037558364868164062e+01
8.756621000000000000e+07 9.999999907188940051e-01 -9.768909304775952622e-05 -9.496869520981665157e-05 8.494721003674566839e-01 9.769152737780750469e-05 9.999999948997683186e-01 2.562867275262067037e-05 1.142270439237484192e-03 9.496619108366910911e-05 -2.563795015160178823e-05 9.999999951620590632e-01 1.030712360920409132e-02 9.999999403953552246e-01 -1.763812033459544182e-04 -1.822892372729256749e-04 8.622384071350097656e-01 1.765008928487077355e-04 9.999997019767761230e-01 8.142197038978338242e-04 -6.557924207299947739e-03 1.821507757995277643e-04 -8.142448496073484421e-04 9.999997019767761230e-01 2.453085966408252716e-02 6.116636657714843750e+01
8.766986000000000000e+07 9.999999557788052940e-01 -2.510295981698926313e-04 -1.594569864896221265e-04 8.018274740442555837e-01 2.510482062428001540e-04 9.999999616794464918e-01 1.166872128557773183e-04 1.772947535808574353e-03 1.594276884357349769e-04 -1.167272390851391604e-04 9.999999804787822466e-01 9.647658745631036009e-03 1.000000000000000000e+00 -1.661838759901002049e-04 -3.282246179878711700e-04 8.162786364555358887e-01 1.667389587964862585e-04 9.999985098838806152e-01 1.730691175907850266e-03 -7.729261647909879684e-03 3.279294178355485201e-04 -1.730745425447821617e-03 9.999984502792358398e-01 2.257396094501018524e-02 6.057724761962890625e+01
8.777359000000000000e+07 9.999968640445866530e-01 2.501908078525665741e-03 -1.111623982794108389e-04 7.757083415325137787e-01 -2.501901698401715751e-03 9.999968685861696516e-01 5.749666061897625680e-05 -1.201152878452210315e-03 1.113059015408922656e-04 -5.721836292426839662e-05 9.999999921685277515e-01 9.377344047439806554e-03 9.999967217445373535e-01 2.528051380068063736e-03 1.920080394484102726e-04 7.770561575889587402e-01 -2.528780838474631310e-03 9.999891519546508789e-01 3.920291084796190262e-03 -6.471138447523117065e-03 -1.820827019400894642e-04 -3.920765593647956848e-03 9.999922513961791992e-01 2.210344187915325165e-02 6.109644699096679688e+01
8.787734000000000000e+07 9.999675943417478674e-01 8.049878798454375428e-03 -9.857553325770884787e-05 7.356800674064658541e-01 -8.049884151770946711e-03 9.999675976976598601e-01 -5.403093634499280245e-05 -6.841339892656939786e-03 9.813739669066527367e-05 5.482270706684711371e-05 9.999999936817609569e-01 1.006826317639290987e-02 9.999608397483825684e-01 8.838633075356483459e-03 -5.699628964066505432e-04 7.380576133728027344e-01 -8.836200460791587830e-03 9.999529123306274414e-01 4.008392803370952606e-03 -8.218637667596340179e-03 6.053561228327453136e-04 -4.003199283033609390e-03 9.999918341636657715e-01 1.817245595157146454e-02 6.128083038330078125e+01
8.798121000000000000e+07 9.998832975883867880e-01 1.527713703382852645e-02 1.678793534638909382e-05 6.916261385880545509e-01 -1.527712382947605391e-02 9.998831089366687630e-01 -6.147720248991664707e-04 -1.405015734833455106e-02 -2.617792969663820698e-05 6.144438081457195052e-04 9.999998108867386160e-01 9.323482778336004279e-03 9.998737573623657227e-01 1.588627882301807404e-02 -2.311486459802836180e-04 6.938571929931640625e-01 -1.588511653244495392e-02 9.998626112937927246e-01 4.733299370855093002e-03 -1.811790466308593750e-02 3.063092881347984076e-04 -4.729034844785928726e-03 9.999887943267822266e-01 1.948032528162002563e-02 6.096511840820312500e+01
8.808521000000000000e+07 9.997396704495983277e-01 2.281638567283719721e-02 6.242572567786118520e-05 6.653578457340082464e-01 -2.281630523849351166e-02 9.997390937333640037e-01 -1.077357564048182651e-03 -2.167860888551731424e-02 -8.699084302730801521e-05 1.075652771700812268e-03 9.999994177017099695e-01 8.625012361099299377e-03 9.997294545173645020e-01 2.326013706624507904e-02 -6.800517439842224121e-05 6.681518554687500000e-01 -2.325938455760478973e-02 9.997131228446960449e-01 5.718260072171688080e-03 -1.393873151391744614e-02 2.009921590797603130e-04 -5.715125706046819687e-03 9.999836087226867676e-01 1.464015711098909378e-02 6.081439971923828125e+01
8.818921000000000000e+07 9.995923111050040166e-01 2.855117207158412371e-02 -2.053408238958968554e-04 6.298041019673856766e-01 -2.855136168523815868e-02 9.995918376558795559e-01 -9.888626964626510800e-04 -2.719910420224674191e-02 1.770238229103467467e-04 9.943223081756926048e-04 9.999994899927341363e-01 7.958212299168480885e-03 9.995866417884826660e-01 2.868919260799884796e-02 -1.844962709583342075e-03 6.436950564384460449e-01 -2.868491970002651215e-02 9.995859265327453613e-01 2.244238043203949928e-03 -2.388564124703407288e-02 1.908583566546440125e-03 -2.190399449318647385e-03 9.999957680702209473e-01 1.138484198600053787e-02 6.073743820190429688e+01
8.829333000000000000e+07 9.994503462802961646e-01 3.314970158804459582e-02 -3.204736901995993434e-04 6.067772006078930858e-01 -3.314993259001448173e-02 9.994501126421241333e-01 -7.445854760890679904e-04 -3.100021365975324031e-02 2.956146816585959215e-04 7.547998922236408975e-04 9.999996714445168466e-01 7.555554993957589761e-03 9.994526505470275879e-01 3.300004452466964722e-02 -2.331760479137301445e-03 5.903424024581909180e-01 -3.299842774868011475e-02 9.994552135467529297e-01 7.458671461790800095e-04 -4.243244975805282593e-02 2.355113159865140915e-03 -6.685081752948462963e-04 9.999970793724060059e-01 9.767667390406131744e-03 6.085839843750000000e+01
8.839746000000000000e+07 9.992241307356140023e-01 3.938438148707508468e-02 8.384033435568258264e-05 6.034285340517309137e-01 -3.938434468556310797e-02 9.992240545156240161e-01 -4.028023194099594837e-04 -3.545664551792514912e-02 -9.963939925557797938e-05 3.991878007941916575e-04 9.999999153605401148e-01 7.031063340196594576e-03 9.992426037788391113e-01 3.886171057820320129e-02 -1.987912226468324661e-03 6.254313588142395020e-01 -3.886695206165313721e-02 9.992408156394958496e-01 -2.637395402416586876e-03 -2.572728320956230164e-02 1.883903401903808117e-03 2.712666057050228119e-03 9.999945163726806641e-01 9.329644963145256042e-03 6.092784118652343750e+01
8.850159000000000000e+07 9.989246171288017617e-01 4.636143788360760909e-02 4.758097640391484610e-04 5.840380666376735475e-01 -4.636145425413004673e-02 9.989247294136143207e-01 2.342791913043307727e-05 -4.016385492196666157e-02 -4.742119877951049252e-04 -4.546195751601022359e-05 9.999998865280953497e-01 5.841695291831135693e-03 9.989902377128601074e-01 4.492656514048576355e-02 3.574008005671203136e-04 5.554413199424743652e-01 -4.492714256048202515e-02 9.989887475967407227e-01 1.737144775688648224e-03 -4.728465899825096130e-02 -2.789850113913416862e-04 -1.751447794958949089e-03 9.999985098838806152e-01 1.225688587874174118e-02 6.097564697265625000e+01
8.860584000000000000e+07 9.987494493131933160e-01 4.999177572541652764e-02 5.998861762996732065e-04 5.860191881661909186e-01 -4.999182387639072161e-02 9.987496249100392687e-01 6.553303360103969986e-05 -4.214918827375724319e-02 -5.958599808609144240e-04 -9.544048520847129603e-05 9.999998179209824700e-01 5.454586529065541360e-03 9.987506866455078125e-01 4.994245991110801697e-02 1.698034349828958511e-03 6.148233413696289062e-01 -4.994602501392364502e-02 9.987496137619018555e-01 2.133548259735107422e-03 -1.911478117108345032e-02 -1.589361694641411304e-03 -2.215687884017825127e-03 9.999962449073791504e-01 9.231682866811752319e-03 6.102771377563476562e+01
8.871010000000000000e+07 9.986021486846671236e-01 5.285588594235474807e-02 -6.356971324550635821e-05 5.956220411954366023e-01 -5.285590285075730116e-02 9.986021038875992906e-01 -3.028573720960768415e-04 -4.441139417653879040e-02 4.747305512036326808e-05 3.057940570262875210e-04 9.999999521181520690e-01 5.672340382679923014e-03 9.985991716384887695e-01 5.288212001323699951e-02 1.760661369189620018e-03 6.167626380920410156e-01 -5.288568884134292603e-02 9.985984563827514648e-01 2.045609522610902786e-03 -1.088137924671173096e-02 -1.650015125051140785e-03 -2.135859103873372078e-03 9.999963641166687012e-01 8.079512044787406921e-03 6.122927856445312500e+01
8.881434000000000000e+07 9.983861584157449620e-01 5.678403451139073937e-02 8.074290258209843724e-04 5.459754431082751713e-01 -5.678431426836711565e-02 9.983864151680797994e-01 3.278629285856631687e-04 -4.588028543241436108e-02 -7.875087897106416296e-04 -3.731831156516488696e-04 9.999996202820424784e-01 3.489383537187271209e-03 9.984409809112548828e-01 5.574899539351463318e-02 2.769450657069683075e-03 5.201802253723144531e-01 -5.575549602508544922e-02 9.984417557716369629e-01 2.340475330129265785e-03 -6.422512233257293701e-02 -2.634661039337515831e-03 -2.491244580596685410e-03 9.999933838844299316e-01 1.205246988683938980e-02 6.114105606079101562e+01
8.891859000000000000e+07 9.981731605858998879e-01 6.040029634156718341e-02 1.464805833128755667e-03 5.431519955706746172e-01 -6.040122027148833728e-02 9.981740021937789420e-01 5.948970549769985868e-04 -4.799222656795102543e-02 -1.426199142142865577e-03 -6.822863341290726557e-04 9.999987502198908196e-01 3.123578302285016581e-03 9.982079267501831055e-01 5.984162911772727966e-02 -7.840050238883122802e-05 5.963922739028930664e-01 -5.984148010611534119e-02 9.982065558433532715e-01 1.620524679310619831e-03 -5.719453911297023296e-04 1.752363896230235696e-04 -1.612927764654159546e-03 9.999987483024597168e-01 1.335719972848892212e-02 6.148284912109375000e+01
8.902284000000000000e+07 9.978643969353618859e-01 6.531662044242918241e-02 6.199430556737804427e-04 5.158644692113864005e-01 -6.531671998791903355e-02 9.978645729365088757e-01 1.416857517779510447e-04 -5.210949455987361895e-02 -6.093647777925370167e-04 -1.818758151071198374e-04 9.999997977978528629e-01 2.869037768832932711e-03 9.980191588401794434e-01 6.287484616041183472e-02 -2.107879379764199257e-03 4.799564182758331299e-01 -6.287230551242828369e-02 9.980208277702331543e-01 1.255822833627462387e-03 -8.988272398710250854e-02 2.182665048167109489e-03 -1.120807370170950890e-03 9.999969601631164551e-01 1.687531918287277222e-02 6.073260879516601562e+01
8.912709000000000000e+07 9.977912648520570471e-01 6.642296531799631032e-02 7.627807654507414315e-04 5.100325236825223874e-01 -6.642306935287854708e-02 9.977915432188335654e-01 1.118475485889188544e-04 -5.290866387394201759e-02 -7.536669520217468676e-04 -1.622667424249944149e-04 9.999997028277957112e-01 2.769812472759939238e-03 9.978642463684082031e-01 6.527947634458541870e-02 -2.356206066906452179e-03 5.729755759239196777e-01 -6.526952236890792847e-02 9.978594779968261719e-01 4.049575421959161758e-03 5.191190633922815323e-03 2.615513978525996208e-03 -3.887144615873694420e-03 9.999889135360717773e-01 6.416569463908672333e-03 6.094944000244140625e+01
8.923134000000000000e+07 9.977817456152374698e-01 6.656812050192689734e-02 5.232350219731736474e-04 5.036621585077361019e-01 -6.656812787566751544e-02 9.977818823094860567e-01 -3.329469216549994781e-06 -5.308096008875957950e-02 -5.222960616914455734e-04 -3.150868969248234869e-05 9.999998631070138311e-01 2.661500751089878030e-03 9.978032708168029785e-01 6.614242494106292725e-02 -3.714760532602667809e-03 4.618071317672729492e-01 -6.613426655530929565e-02 9.978080987930297852e-01 2.278827130794525146e-03 -1.106909736990928650e-01 3.857345785945653915e-03 -2.028147689998149872e-03 9.999905228614807129e-01 2.550989622250199318e-03 6.119916915893554688e+01
8.933559000000000000e+07 9.977783249932009602e-01 6.662077806994019802e-02 2.938853099344853801e-04 4.898530208678309461e-01 -6.662074118677203949e-02 9.977783617964942620e-01 -1.335660227299481878e-04 -5.320104918364351038e-02 -3.021306749678624270e-04 1.136904264511722851e-04 9.999999478957728449e-01 2.486077079441043752e-03 9.978560805320739746e-01 6.533066928386688232e-02 -3.895200323313474655e-03 5.384544730186462402e-01 -6.534379720687866211e-02 9.978572130203247070e-01 -3.348024562001228333e-03 -1.001565158367156982e-02 3.668130841106176376e-03 3.595376852899789810e-03 9.999868869781494141e-01 5.723679438233375549e-03 6.245107269287109375e+01
8.943959000000000000e+07 9.977311192716769028e-01 6.732342200478877436e-02 4.129604944966448884e-04 4.970526266982377983e-01 -6.732338527362960456e-02 9.977312019751909400e-01 -1.022269807576564778e-04 -5.350634490662547343e-02 -4.189058406428273909e-04 7.419314176570395228e-05 9.999999095066340882e-01 2.555440238496024547e-03 9.979059100151062012e-01 6.466623395681381226e-02 -1.414862228557467461e-03 5.377812981605529785e-01 -6.467318534851074219e-02 9.978905916213989258e-01 -5.623644683510065079e-03 -1.383969001471996307e-02 1.048212288878858089e-03 5.703370552510023117e-03 9.999831318855285645e-01 4.801784176379442215e-03 6.093475341796875000e+01
8.954371000000000000e+07 9.977887546471234659e-01 6.646503492879159147e-02 2.015342519812407356e-05 4.816300658344181418e-01 -6.646502781428935414e-02 9.977887238431480954e-01 -2.506463916762496327e-04 -5.325242592444982825e-02 -3.676808093145723932e-05 2.487526531158173212e-04 9.999999683851136245e-01 2.355057745603200952e-03 9.978528618812561035e-01 6.549287587404251099e-02 -5.794227472506463528e-04 4.595042467117309570e-01 -6.549178063869476318e-02 9.978513717651367188e-01 1.882862532511353493e-03 -1.173786222934722900e-01 7.014959119260311127e-04 -1.840863493271172047e-03 9.999980926513671875e-01 8.197207003831863403e-03 6.099638366699218750e+01
8.964784000000000000e+07 9.976841548882257049e-01 6.801710768503366200e-02 1.845054168489847560e-05 4.901957192873421243e-01 -6.801709940715017222e-02 9.976841127799547237e-01 -2.923833254395663095e-04 -5.396896675232364798e-02 -3.829487961478023408e-05 2.904512586973157407e-04 9.999999570857851516e-01 2.415254063404338129e-03 9.979060888290405273e-01 6.467811018228530884e-02 3.184416855219751596e-04 5.288693308830261230e-01 -6.467886269092559814e-02 9.978973269462585449e-01 4.201663658022880554e-03 2.237275708466768265e-03 -4.601827458827756345e-05 -4.213469102978706360e-03 9.999911189079284668e-01 3.646218916401267052e-03 6.052553558349609375e+01
8.975184000000000000e+07 9.977168404488350184e-01 6.753414218854225659e-02 4.961858430457523556e-04 4.989117295057889923e-01 -6.753410824771172161e-02 9.977169625191184554e-01 -8.486185713393555043e-05 -5.362561738350756640e-02 -5.007841046159880677e-04 5.115863758162147816e-05 9.999998732990368344e-01 2.561577465942807986e-03 9.978768229484558105e-01 6.512454897165298462e-02 8.005516137927770615e-04 4.733273983001708984e-01 -6.512594968080520630e-02 9.978753328323364258e-01 1.858132774941623211e-03 -1.208909451961517334e-01 -6.778323440812528133e-04 -1.906319055706262589e-03 9.999979734420776367e-01 5.450465250760316849e-03 6.723244476318359375e+01
8.985584000000000000e+07 9.977489589634717104e-01 6.705942474013246168e-02 -2.204619032842517878e-04 5.220988032598327111e-01 -6.705947006149851064e-02 9.977489592062264157e-01 -2.050380032341339327e-04 -5.315480745324761142e-02 2.062159045143196080e-04 2.193605121604536284e-04 9.999999546779838600e-01 2.783968568771744926e-03 9.979059696197509766e-01 6.467819213867187500e-02 -5.747879622504115105e-04 5.266982316970825195e-01 -6.467975676059722900e-02 9.979004859924316406e-01 -3.309624968096613884e-03 -1.067873463034629822e-02 3.595298330765217543e-04 3.339876653626561165e-03 9.999943971633911133e-01 1.055621076375246048e-02 6.111225509643554688e+01
8.995974000000000000e+07 9.977325800732984584e-01 6.730301406412157739e-02 5.711196158258875766e-05 5.018458183849116017e-01 -6.730299870934190742e-02 9.977325543685356957e-01 -2.379529011021691337e-04 -5.365756289553452740e-02 -7.299740970072406338e-05 2.335695559693823072e-04 9.999999700583218631e-01 2.477444967748939665e-03 9.979052543640136719e-01 6.457889080047607422e-02 -3.853217465803027153e-03 5.269729495048522949e-01 -6.458908319473266602e-02 9.979085922241210938e-01 -2.592445351183414459e-03 -7.961365394294261932e-03 3.677727887406945229e-03 2.835881896317005157e-03 9.999892115592956543e-01 -8.044487331062555313e-04 6.109459304809570312e+01
9.006371000000000000e+07 9.977520753068357395e-01 6.701296999720790515e-02 -2.412897199211397109e-04 5.078040606785106936e-01 -6.701303132948185914e-02 9.977520675834969932e-01 -2.557588011978546697e-04 -5.325445796515518998e-02 2.236081606475449673e-04 2.713534297214750400e-04 9.999999381833534207e-01 2.639734147743232496e-03 9.978325963020324707e-01 6.523208320140838623e-02 -8.649109862744808197e-03 4.917077720165252686e-01 -6.522095203399658203e-02 9.978696703910827637e-01 1.563193392939865589e-03 -1.389282345771789551e-01 8.732659742236137390e-03 -9.957093279808759689e-04 9.999613165855407715e-01 1.064123958349227905e-02 6.089804840087890625e+01
9.016759000000000000e+07 9.976537047419986592e-01 6.845508846391591684e-02 9.931105165231078787e-04 5.358320515898356007e-01 -6.845518401673576780e-02 9.976541905213823780e-01 6.250518225806500280e-05 -5.380507330233646329e-02 -9.865020706658757070e-04 -1.303420899396953193e-04 9.999995049121784829e-01 2.723197819577819357e-03 9.977598190307617188e-01 6.633371859788894653e-02 -8.670303039252758026e-03 5.286135077476501465e-01 -6.629998236894607544e-02 9.977911710739135742e-01 4.120534285902976990e-03 4.469829611480236053e-03 8.924474939703941345e-03 -3.536457428708672523e-03 9.999539256095886230e-01 -1.252758968621492386e-02 6.069846343994140625e+01
9.027149000000000000e+07 9.975844524930925772e-01 6.946391044329587594e-02 1.602604440454703837e-04 5.361526130345771746e-01 -6.946387738925600963e-02 9.975844469422768812e-01 -2.033478553434981133e-04 -5.452373413704440785e-02 -1.739986625334488625e-04 1.917243480495436632e-04 9.999999664831220603e-01 2.765574763382671122e-03 9.978017807006835938e-01 6.600640714168548584e-02 -5.901170428842306137e-03 5.219661593437194824e-01 -6.599440425634384155e-02 9.978175759315490723e-01 2.218493493273854256e-03 -1.307386308908462524e-01 6.034726742655038834e-03 -1.824166276492178440e-03 9.999800920486450195e-01 -8.420189988100901246e-05 6.097196960449218750e+01
9.037547000000000000e+07 9.976035176517181746e-01 6.918973032461403494e-02 5.370588075914144985e-05 5.397905282085008194e-01 -6.918971825036590584e-02 9.976034996637839214e-01 -2.011089323767762088e-04 -5.453629075101882467e-02 -6.749184711357456695e-05 1.969110836977942998e-04 9.999999783354380778e-01 2.795380394548362818e-03 9.978738427162170410e-01 6.516614556312561035e-02 1.009756932035088539e-03 5.474625229835510254e-01 -6.516987085342407227e-02 9.978653192520141602e-01 4.201638512313365936e-03 6.838725879788398743e-03 -7.337682181969285011e-04 -4.258506465703248978e-03 9.999907612800598145e-01 5.423380644060671329e-04 6.068614578247070312e+01
9.047934000000000000e+07 9.976156238908986396e-01 6.901440630347402405e-02 -2.809685808895363802e-04 5.410150511537379359e-01 -6.901448199639892422e-02 9.976156218860855462e-01 -2.692500679055746218e-04 -5.419480141054657668e-02 2.617165129882138104e-04 2.879989745529080753e-04 9.999999242805298616e-01 2.887095912693529807e-03 9.977990984916687012e-01 6.630284339189529419e-02 1.007459824904799461e-03 5.549528598785400391e-01 -6.630560010671615601e-02 9.977947473526000977e-01 3.024942241609096527e-03 1.725940220057964325e-02 -8.046952425502240658e-04 -3.085095202550292015e-03 9.999948143959045410e-01 6.112671922892332077e-03 6.085689544677734375e+01
9.058309000000000000e+07 9.976080919979950501e-01 6.912194830115803157e-02 -5.011061655854785659e-04 5.621373154584419218e-01 -6.912210783666511427e-02 9.976081591472746313e-01 -3.083426957061006081e-04 -5.385645215049240930e-02 4.785943518176374607e-04 3.422426823050297843e-04 9.999998269086837199e-01 3.172436223495776406e-03 9.977374076843261719e-01 6.712725758552551270e-02 -3.743182867765426636e-03 5.687357783317565918e-01 -6.711759418249130249e-02 9.977415800094604492e-01 2.651788061484694481e-03 -1.340281516313552856e-01 3.912749234586954117e-03 -2.394555602222681046e-03 9.999895691871643066e-01 1.531525421887636185e-02 6.107718276977539062e+01
9.068697000000000000e+07 9.976286094426370932e-01 6.882550183871041782e-02 -4.559716032644707149e-04 5.561479252100067772e-01 -6.882564040710981157e-02 9.976286603222198623e-01 -2.954964422887117496e-04 -5.394640012176120381e-02 4.345526487410679688e-04 3.261782424702478660e-04 9.999998523858636412e-01 3.078681862965545156e-03 9.976893067359924316e-01 6.758617609739303589e-02 -6.936079822480678558e-03 5.592039823532104492e-01 -6.757432967424392700e-02 9.977123141288757324e-01 1.930151251144707203e-03 7.246771827340126038e-03 7.050662767142057419e-03 -1.456988858990371227e-03 9.999740719795227051e-01 1.380814355798065662e-03 6.112080001831054688e+01
9.079084000000000000e+07 9.975205954640991024e-01 7.037380151462756250e-02 -4.355273453965312065e-04 5.716216891275842649e-01 -7.037398414736405206e-02 9.975205895525658395e-01 -4.192525107807209997e-04 -5.444169226807266809e-02 4.049431013602468039e-04 4.488628087120081806e-04 9.999998172716150213e-01 3.341290875627283153e-03 9.976822733879089355e-01 6.770908832550048828e-02 -6.752976216375827789e-03 5.972645878791809082e-01 -6.768472492694854736e-02 9.976996779441833496e-01 3.775992430746555328e-03 -1.338445097208023071e-01 6.993066053837537766e-03 -3.310174215584993362e-03 9.999700188636779785e-01 1.614170707762241364e-02 6.109795379638671875e+01
9.089459000000000000e+07 9.976923264413927184e-01 6.789623873622900596e-02 -3.500569739408746286e-04 5.656457547206746872e-01 -6.789632942220187595e-02 9.976923493436855583e-01 -2.540207069217669845e-04 -5.298270864227649923e-02 3.320021142306358794e-04 2.772020935997133138e-04 9.999999064667935977e-01 3.248471868330327517e-03 9.976595640182495117e-01 6.801562756299972534e-02 -7.015134207904338837e-03 5.701872706413269043e-01 -6.799576431512832642e-02 9.976810216903686523e-01 3.037961199879646301e-03 9.881395846605300903e-03 7.205525878816843033e-03 -2.553849481046199799e-03 9.999707341194152832e-01 -4.886334296315908432e-03 6.089836883544921875e+01
9.099849000000000000e+07 9.977768732999298118e-01 6.664235756569734936e-02 -3.274886805459578773e-04 5.935843869518554472e-01 -6.664248901856519025e-02 9.977768346995320448e-01 -4.083593107622429360e-04 -5.247491212890210976e-02 2.995465916390367884e-04 4.292761372466243584e-04 9.999998629969082398e-01 4.047581208391379422e-03 9.978580474853515625e-01 6.524004787206649780e-02 -4.804231692105531693e-03 5.882884263992309570e-01 -6.522770971059799194e-02 9.978668093681335449e-01 2.667161170393228531e-03 -9.595558978617191315e-03 4.967969842255115509e-03 -2.348079811781644821e-03 9.999849796295166016e-01 -4.766026977449655533e-03 6.120812988281250000e+01
9.110209000000000000e+07 9.979624835039760944e-01 6.380303319412625185e-02 -2.342962097897811902e-04 6.093133586507171184e-01 -6.380316000416322297e-02 9.979623338376490960e-01 -5.808921888444291970e-04 -5.140227978016530253e-02 1.967561126015766881e-04 5.946574485670257093e-04 9.999998038347764906e-01 4.769089540821247822e-03 9.980109930038452148e-01 6.299933046102523804e-02 -2.231030259281396866e-03 6.515840888023376465e-01 -6.299944967031478882e-02 9.980135560035705566e-01 4.558510772767476737e-05 -1.223525926470756531e-01 2.229527803137898445e-03 9.507699724053964019e-05 9.999974370002746582e-01 2.044061664491891861e-03 6.084937667846679688e+01
9.120584000000000000e+07 9.981407425628012753e-01 6.095065972544329996e-02 -2.742482529332513231e-04 6.156378399882923569e-01 -6.095084353340560895e-02 9.981405086327085341e-01 -7.209687287061518433e-04 -4.987128948349200258e-02 2.297947721766740179e-04 7.363439241885383953e-04 9.999997024959574876e-01 5.291611049189727696e-03 9.982213973999023438e-01 5.952665209770202637e-02 -3.263533581048250198e-03 6.169048547744750977e-01 -5.952074378728866577e-02 9.982253313064575195e-01 1.873500645160675049e-03 -1.552227605134248734e-02 3.369232406839728355e-03 -1.675924868322908878e-03 9.999929070472717285e-01 -4.625631554517894983e-04 6.129100799560546875e+01
9.130947000000000000e+07 9.984491658583880547e-01 5.567075294666627705e-02 -1.746099289940201873e-04 6.259072773212351892e-01 -5.567088554750351803e-02 9.984487867081995871e-01 -8.791182367623830499e-04 -4.696208726480201323e-02 1.253978979875486246e-04 8.874755594898387726e-04 9.999995983311719128e-01 5.827028595072929890e-03 9.985051751136779785e-01 5.461303517222404480e-02 -2.192313317209482193e-03 6.373846530914306641e-01 -5.460961535573005676e-02 9.985065460205078125e-01 1.559569267556071281e-03 -2.350072562694549561e-02 2.274193335324525833e-03 -1.437495695427060127e-03 9.999963641166687012e-01 -2.867839299142360687e-03 6.066182327270507812e+01
9.141297000000000000e+07 9.986897884168736139e-01 5.117326054242515854e-02 6.183750819234334786e-05 6.414794960958694059e-01 -5.117315304073576099e-02 9.986891074183059658e-01 -1.172620317181654291e-03 -4.445233629252275109e-02 -1.217632530069123157e-04 1.167919516021466344e-03 9.999993105685949235e-01 6.524867954746650829e-03 9.987413883209228516e-01 4.997383803129196167e-02 -4.258938599377870560e-03 6.942683458328247070e-01 -4.997215420007705688e-02 9.987505078315734863e-01 5.087607423774898052e-04 -8.694044500589370728e-02 4.279074259102344513e-03 -2.952704962808638811e-04 9.999908804893493652e-01 -4.416427575051784515e-03 6.063436889648437500e+01
9.151659000000000000e+07 9.990287777455030271e-01 4.406246560238115395e-02 -1.888394442015435686e-05 6.583376146210280222e-01 -4.406245049476820164e-02 9.990278521050014460e-01 -1.360577119133296511e-03 -3.982167646232655234e-02 -4.108479622487450046e-05 1.360087769221194395e-03 9.999990742362190321e-01 7.603867730106260436e-03 9.990066885948181152e-01 4.422468692064285278e-02 -5.470012780278921127e-03 6.668515801429748535e-01 -4.423122853040695190e-02 9.990207552909851074e-01 -1.067190663889050484e-03 -2.184150926768779755e-02 5.417459178715944290e-03 1.308026374317705631e-03 9.999843835830688477e-01 -1.321566384285688400e-02 6.105465698242187500e+01
9.162022000000000000e+07 9.993025944640018254e-01 3.733947660338202829e-02 -2.968833910800008588e-04 6.742720531511743332e-01 -3.733988475419231651e-02 9.993014755825501139e-01 -1.514549523021970802e-03 -3.548586988506195750e-02 2.401235224815256191e-04 1.524578859730222301e-03 9.999988089992497553e-01 8.312441554426550083e-03 9.992954134941101074e-01 3.737805783748626709e-02 -3.373780054971575737e-03 6.871963739395141602e-01 -3.737568110227584839e-02 9.993010163307189941e-01 7.596401846967637539e-04 -2.491459809243679047e-02 3.399790264666080475e-03 -6.329916650429368019e-04 9.999940395355224609e-01 -1.001449488103389740e-02 6.136175918579101562e+01
9.172371000000000000e+07 9.994980758418653410e-01 3.167864078215808232e-02 -2.452087342816743239e-04 7.075532223116393071e-01 -3.167897609619198251e-02 9.994969516223877193e-01 -1.512015812497193674e-03 -3.185104934915536368e-02 1.971867776358530826e-04 1.519024856720638987e-03 9.999988268397657087e-01 8.947226271552109755e-03 9.994958043098449707e-01 3.174041584134101868e-02 8.917261147871613503e-04 7.292684912681579590e-01 -3.174050897359848022e-02 9.994961619377136230e-01 6.550357647938653827e-05 -4.261772707104682922e-02 -8.891362813301384449e-04 -9.380143455928191543e-05 9.999996423721313477e-01 -7.186292670667171478e-03 6.103526306152343750e+01
9.182724000000000000e+07 9.996764919797195281e-01 2.543444798120070988e-02 1.568791512327263882e-05 7.250271901301624800e-01 -2.543440968535697760e-02 9.996757424246812684e-01 -1.225079072380559674e-03 -2.484588426782460835e-02 -4.684203779553239300e-05 1.224283736623536746e-03 9.999992494673044519e-01 9.367449792338746611e-03 9.996405839920043945e-01 2.653678692877292633e-02 3.805021988227963448e-03 7.238462567329406738e-01 -2.654478512704372406e-02 9.996454119682312012e-01 2.087774453684687614e-03 -2.491467446088790894e-02 -3.748305141925811768e-03 -2.188052516430616379e-03 9.999905824661254883e-01 -3.428885713219642639e-03 6.733436584472656250e+01
9.193059000000000000e+07 9.997478850735749267e-01 2.245352878524359275e-02 7.308481524132581547e-05 7.415626286261616240e-01 -2.245344418439278178e-02 9.997473856631123867e-01 -1.003847312665446254e-03 -2.140862812061142262e-02 -9.560626725954241077e-05 1.001953221974556012e-03 9.999994934744684816e-01 9.566988147669708287e-03 9.997307062149047852e-01 2.292448095977306366e-02 3.604002064093947411e-03 7.424397468566894531e-01 -2.294646576046943665e-02 9.997174739837646484e-01 6.200259085744619370e-03 -1.362830307334661484e-02 -3.460865002125501633e-03 -6.281254813075065613e-03 9.999742507934570312e-01 -1.140807638876140118e-03 6.337887954711914062e+01
9.203413000000000000e+07 9.997881145245093304e-01 2.058444504970071212e-02 8.178313852782774453e-05 7.463815285740003080e-01 -2.058436904201003601e-02 9.997877654472159259e-01 -8.413228764637784322e-04 -1.947164805224753381e-02 -9.908394539220130462e-05 8.394611581093333564e-04 9.999996427436133040e-01 9.528484717961561989e-03 9.997811913490295410e-01 2.080593444406986237e-02 2.147649414837360382e-03 7.581090331077575684e-01 -2.081871218979358673e-02 9.997651576995849609e-01 6.022737361490726471e-03 -1.893627084791660309e-02 -2.021839376538991928e-03 -6.066125351935625076e-03 9.999794960021972656e-01 -3.241425612941384315e-03 6.333241653442382812e+01
9.213772000000000000e+07 9.998182656475907981e-01 1.906385895620637747e-02 7.050026824773479475e-05 7.706547824578676709e-01 -1.906380599107826770e-02 9.998180323848010476e-01 -6.880628462048414681e-04 -1.793712345029250047e-02 -8.360457213323700784e-05 6.865937981579271114e-04 9.999997607995946280e-01 9.847653058581946200e-03 9.997987151145935059e-01 2.000202611088752747e-02 1.564257545396685600e-03 7.563265562057495117e-01 -2.000698633491992950e-02 9.997944235801696777e-01 3.270498244091868401e-03 -1.373239234089851379e-02 -1.498514087870717049e-03 -3.301098011434078217e-03 9.999935030937194824e-01 8.114232914522290230e-04 6.369900894165039062e+01
9.224122000000000000e+07 9.998130396344891979e-01 1.933604827751575841e-02 5.498642048387268784e-05 7.804200173892086312e-01 -1.933600500103118888e-02 9.998127960675060599e-01 -7.012417141848280473e-04 -1.820681543256442991e-02 -6.853537009961804642e-05 7.000473921070014642e-04 9.999997526182516916e-01 1.006993313574188788e-02 9.997940659523010254e-01 2.011244930326938629e-02 2.682233462110161781e-03 7.897083163261413574e-01 -2.012518793344497681e-02 9.997859597206115723e-01 4.813946317881345749e-03 -2.296820469200611115e-02 -2.584817819297313690e-03 -4.866993986070156097e-03 9.999848008155822754e-01 -1.437812484800815582e-02 6.361439895629882812e+01
9.234486000000000000e+07 9.997962344577240312e-01 2.018631271317791742e-02 4.837843767949192284e-05 7.877457022848022294e-01 -2.018626900324813067e-02 9.997959338850792577e-01 -7.778996454066134346e-04 -1.918331146861927683e-02 -6.407149088637738104e-05 7.767645560989766464e-04 9.999996962657861088e-01 1.026399120070236107e-02 9.997668266296386719e-01 2.139288373291492462e-02 2.944241976365447044e-03 7.890880107879638672e-01 -2.142219990491867065e-02 9.997175931930541992e-01 1.029033958911895752e-02 -9.858113480731844902e-04 -2.723234705626964569e-03 -1.035096868872642517e-02 9.999427199363708496e-01 -1.364026335068047047e-03 6.339011383056640625e+01
9.244860000000000000e+07 9.997907965239120065e-01 2.045387452726885394e-02 4.689210565944239496e-05 7.872236745510754474e-01 -2.045382877327142981e-02 9.997904563896120589e-01 -8.271618484410377808e-04 -1.953713771257218484e-02 -6.380094454313608055e-05 8.260296801961624583e-04 9.999996568021412013e-01 1.025442353973448142e-02 9.997586607933044434e-01 2.148118428885936737e-02 4.601292777806520462e-03 7.901090979576110840e-01 -2.152806334197521210e-02 9.997142553329467773e-01 1.039188168942928314e-02 2.963976236060261726e-03 -4.376783967018127441e-03 -1.048846822232007980e-02 9.999353885650634766e-01 3.224794520065188408e-03 6.340985488891601562e+01
9.255222000000000000e+07 9.997468386849880373e-01 2.250018415152426829e-02 1.533904793465359819e-05 8.183065779437043163e-01 -2.250015986247872260e-02 9.997463990846066073e-01 -9.382463758715075316e-04 -2.171787300244456403e-02 -3.644587489307299453e-05 9.376637171346869585e-04 9.999995597291140292e-01 1.116600231987857801e-02 9.997343420982360840e-01 2.271900698542594910e-02 3.877185285091400146e-03 8.116080760955810547e-01 -2.273636683821678162e-02 9.997312426567077637e-01 4.509218037128448486e-03 -1.728145591914653778e-02 -3.773692762479186058e-03 -4.596152808517217636e-03 9.999823570251464844e-01 -8.432626724243164062e-03 6.379638290405273438e+01
9.265597000000000000e+07 9.997457041089102825e-01 2.255054179623151508e-02 1.386528967246539025e-05 8.128553776180417190e-01 -2.255051692530822896e-02 9.997452118793618281e-01 -9.927348512253375036e-04 -2.194916289997196970e-02 -3.624846519847019525e-05 9.921697333953750225e-04 9.999995071425243909e-01 1.105019122317341812e-02 9.996895194053649902e-01 2.394819445908069611e-02 6.895592901855707169e-03 8.089161515235900879e-01 -2.401024475693702698e-02 9.996706843376159668e-01 9.064419195055961609e-03 -7.701965980231761932e-03 -6.676250603049993515e-03 -9.227179922163486481e-03 9.999350905418395996e-01 -6.806669407524168491e-04 6.363673782348632812e+01
9.275972000000000000e+07 9.997065499455967119e-01 2.422416698376134853e-02 -6.113427203152628020e-05 8.275877920938479182e-01 -2.422422107081409481e-02 9.997058967579272037e-01 -1.143288477176718611e-03 -2.324824497793593139e-02 3.342108162030203321e-05 1.144433909216785667e-03 9.999993445768230460e-01 1.149672575118931145e-02 9.996567964553833008e-01 2.544616535305976868e-02 6.215960718691349030e-03 8.153560161590576172e-01 -2.550902590155601501e-02 9.996219873428344727e-01 1.025719009339809418e-02 -5.972122773528099060e-03 -5.952609237283468246e-03 -1.041223946958780289e-02 9.999281167984008789e-01 2.388736931607127190e-03 6.372275161743164062e+01
9.286347000000000000e+07 9.996860602846158184e-01 2.505537111129445965e-02 -9.619455315218508856e-05 8.319556519857852495e-01 -2.505547107925681916e-02 9.996852958241900788e-01 -1.238016234572931161e-03 -2.395360229761024293e-02 6.514532423899288733e-05 1.240037771945711170e-03 9.999992290309110965e-01 1.165283452978143827e-02 9.996519088745117188e-01 2.610762976109981537e-02 3.798948135226964951e-03 8.315331339836120605e-01 -2.614165656268596649e-02 9.996161460876464844e-01 9.173555299639701843e-03 -1.297074370086193085e-02 -3.557981923222541809e-03 -9.269668720662593842e-03 9.999507069587707520e-01 -1.478626625612378120e-03 6.354959869384765625e+01
9.296722000000000000e+07 9.996426984346458156e-01 2.672947085852635934e-02 -1.042098069379791825e-04 8.280224976472969622e-01 -2.672959343602613475e-02 9.996416604098881109e-01 -1.442086503740043794e-03 -2.574285271625764010e-02 6.562625557232550783e-05 1.444356729728078466e-03 9.999989547628781450e-01 1.151676538449391239e-02 9.996359944343566895e-01 2.693082951009273529e-02 1.635839813388884068e-03 8.151091337203979492e-01 -2.693343907594680786e-02 9.996358752250671387e-01 1.622206647880375385e-03 -1.741533540189266205e-02 -1.591566368006169796e-03 -1.665678923018276691e-03 9.999973177909851074e-01 -2.553606405854225159e-03 6.359503936767578125e+01
9.307097000000000000e+07 9.996340442400627468e-01 2.705103341021910385e-02 -1.385201483843553081e-04 8.331435641235347411e-01 -2.705120733150814111e-02 9.996329781018464811e-01 -1.463309016356517146e-03 -2.580083892266969367e-02 9.888528737298880801e-05 1.466520647246353105e-03 9.999989197688623488e-01 1.167179960936689208e-02 9.996230006217956543e-01 2.737987600266933441e-02 2.014389960095286369e-03 8.374102115631103516e-01 -2.738158032298088074e-02 9.996247291564941406e-01 8.179302676580846310e-04 -2.681429311633110046e-02 -1.991242403164505959e-03 -8.727785898372530937e-04 9.999975562095642090e-01 -2.463292796164751053e-03 6.330726242065429688e+01
9.317472000000000000e+07 9.996203845547417810e-01 2.755104571495555280e-02 -1.634367491598875391e-04 8.362777798492695425e-01 -2.755126034999802812e-02 9.996192641117405131e-01 -1.501638738812766626e-03 -2.620549718303498768e-02 1.220028080538435250e-04 1.505571581727725705e-03 9.999988591841862950e-01 1.168652553324410481e-02 9.996120333671569824e-01 2.745848335325717926e-02 4.678827244788408279e-03 8.229972720146179199e-01 -2.746016532182693481e-02 9.996228814125061035e-01 2.787990088108927011e-04 -1.769563741981983185e-02 -4.669396206736564636e-03 -4.071636649314314127e-04 9.999890923500061035e-01 1.667044474743306637e-03 6.349987030029296875e+01
9.327847000000000000e+07 9.996780866943549837e-01 2.537134663107277338e-02 -1.333838313091264562e-04 8.426690189550779531e-01 -2.537149280330940754e-02 9.996773215032762616e-01 -1.241073351595703162e-03 -2.378985001584069808e-02 1.018530908783753838e-04 1.244057980310489704e-03 9.999992209725873105e-01 1.184317379541359287e-02 9.996566176414489746e-01 2.551848068833351135e-02 5.945264827460050583e-03 8.411161899566650391e-01 -2.551276981830596924e-02 9.996739029884338379e-01 -1.025007804855704308e-03 -1.120334677398204803e-02 -5.969487130641937256e-03 8.729745168238878250e-04 9.999817609786987305e-01 -3.609166480600833893e-03 6.352947235107421875e+01
9.338209000000000000e+07 9.997404733803845200e-01 2.278124500777780129e-02 -2.693562905888541141e-05 8.463550531576191638e-01 -2.278126026792118633e-02 9.997400308461564800e-01 -9.406746188083775452e-04 -2.129751922110523221e-02 5.498886195051058288e-06 9.410441163057650790e-04 9.999995572027383650e-01 1.163126879641611031e-02 9.997449517250061035e-01 2.229111641645431519e-02 3.628192469477653503e-03 8.545150756835937500e-01 -2.227849513292312622e-02 9.997457861900329590e-01 -3.467197529971599579e-03 -1.656403765082359314e-02 -3.704565111547708511e-03 3.385479329153895378e-03 9.999874234199523926e-01 3.362507093697786331e-03 6.367583847045898438e+01
9.348584000000000000e+07 9.998430980823534986e-01 1.771357577205264974e-02 9.180618147848907794e-05 8.520915007841731725e-01 -1.771353961984376349e-02 9.998430304674496005e-01 -3.806806002135868340e-04 -1.584852861766847601e-02 -9.853498583525823720e-05 3.789946581458417639e-04 9.999999233269445398e-01 1.122326432798905968e-02 9.998366832733154297e-01 1.764001511037349701e-02 3.943518735468387604e-03 8.470228910446166992e-01 -1.763075403869152069e-02 9.998417496681213379e-01 -2.374731935560703278e-03 -1.325995381921529770e-02 -3.984781447798013687e-03 2.304814755916595459e-03 9.999893307685852051e-01 1.034208456985652447e-03 6.342153549194335938e+01
9.358947000000000000e+07 9.999357569776797794e-01 1.133447817728206082e-02 1.073741206678127837e-04 8.402064513382661026e-01 -1.133446810115157181e-02 9.999357584395573983e-01 -9.398962520008119698e-05 -9.250700175834488184e-03 -1.084325460825121169e-04 9.276655854617892538e-05 9.999999898183747904e-01 1.091535048957223419e-02 9.999234080314636230e-01 1.203237473964691162e-02 2.881166525185108185e-03 8.552813529968261719e-01 -1.203535869717597961e-02 9.999271035194396973e-01 1.035177730955183506e-03 -8.336254977621138096e-04 -2.868497511371970177e-03 -1.069779507815837860e-03 9.999953508377075195e-01 7.621700409799814224e-03 6.374387359619140625e+01
9.369312000000000000e+07 9.999775870915705855e-01 6.694988886545892061e-03 4.938075012635057302e-05 8.843767214871716131e-01 -6.694984365001702652e-03 9.999775841851303859e-01 -9.116881102438902324e-05 -4.481125538129006498e-03 -4.999001739144953482e-05 9.083616431710668331e-05 9.999999946248947502e-01 1.103819979052752219e-02 9.999569654464721680e-01 7.596705574542284012e-03 5.341602955013513565e-03 8.768215775489807129e-01 -7.603391073644161224e-03 9.999703764915466309e-01 1.218308811075985432e-03 3.827291307970881462e-03 -5.332195200026035309e-03 -1.258866395801305771e-03 9.999849796295166016e-01 4.375314805656671524e-03 6.355379104614257812e+01
9.379672000000000000e+07 9.999925797668797189e-01 3.852315234376557478e-03 -8.874490620173489049e-06 8.669983993010007550e-01 -3.852315931119662529e-03 9.999925766132102822e-01 -7.987916215696974891e-05 -2.037384782160498418e-03 8.566705033105290868e-06 7.991275677601657125e-05 9.999999967702815074e-01 1.074667727777756793e-02 9.999810457229614258e-01 3.191685304045677185e-03 5.250443704426288605e-03 8.848433494567871094e-01 -3.208805341273546219e-03 9.999894499778747559e-01 3.257575212046504021e-03 1.390733476728200912e-02 -5.239994730800390244e-03 -3.274357644841074944e-03 9.999809861183166504e-01 8.952265605330467224e-03 6.385027313232421875e+01
9.390035000000000000e+07 9.999994504238804982e-01 1.047764315269585035e-03 -3.663218797844100424e-05 8.826811062872822466e-01 -1.047766175840413082e-03 9.999994498021448353e-01 -5.080835760944874566e-05 -4.057865015597272298e-05 3.657893264144037568e-05 5.084671165247988658e-05 9.999999980382968667e-01 1.107768236342020381e-02 9.999924302101135254e-01 1.072969986125826836e-03 3.755996236577630043e-03 8.917549848556518555e-01 -1.104436931200325489e-03 9.999644756317138672e-01 8.368059061467647552e-03 2.533049508929252625e-02 -3.746883245185017586e-03 -8.372146636247634888e-03 9.999579191207885742e-01 1.312358491122722626e-02 6.380236816406250000e+01
9.400397000000000000e+07 9.999998300131017759e-01 -5.812837733338493615e-04 -4.563936103854308445e-05 8.989088642893146019e-01 5.812817727764230460e-04 9.999998300949834995e-01 -4.383507325542632512e-05 9.803946116761577418e-04 4.566483390031402391e-05 4.380853647603180238e-05 9.999999979977676201e-01 1.155976405885673908e-02 9.999994039535522461e-01 -8.290573605336248875e-04 -7.132512400858104229e-04 8.964492678642272949e-01 8.339167688973248005e-04 9.999773502349853516e-01 6.662053521722555161e-03 2.481825090944766998e-02 7.077148184180259705e-04 -6.662640254944562912e-03 9.999774694442749023e-01 1.389090158045291901e-02 6.353756713867187500e+01
9.410764000000000000e+07 9.999973770527280648e-01 -2.289150113012275098e-03 -7.536195934758730417e-05 8.842014142446504854e-01 2.289149965270445911e-03 9.999973798906918176e-01 -2.046628939640575515e-06 2.114130725639485654e-03 7.536644693188384572e-05 1.874108744847358143e-06 9.999999971581932101e-01 1.109939924530516792e-02 9.999801516532897949e-01 -2.523269737139344215e-03 -5.768179893493652344e-03 8.955767750740051270e-01 2.548512537032365799e-03 9.999871850013732910e-01 4.386065993458032608e-03 1.851049996912479401e-02 5.757038947194814682e-03 -4.400686360895633698e-03 9.999738335609436035e-01 9.321915917098522186e-03 6.391145706176757812e+01
9.421135000000000000e+07 9.999915332194692086e-01 -4.114558841576818581e-03 -6.240136270528762609e-05 9.025033703360858528e-01 4.114558545778835251e-03 9.999915351558196219e-01 -4.867885501343443313e-06 2.855270523022594015e-03 6.242086368993868923e-05 4.611090210909513115e-06 9.999999980411866662e-01 1.141661370943910202e-02 9.999538660049438477e-01 -4.095647484064102173e-03 -8.689044974744319916e-03 9.104709029197692871e-01 4.095906857401132584e-03 9.999915957450866699e-01 1.933271505549782887e-06 1.208932325243949890e-02 8.688969537615776062e-03 -3.752592965611256659e-05 9.999622702598571777e-01 4.955066833645105362e-03 6.348515319824218750e+01
9.431499000000000000e+07 9.999786789003010101e-01 -6.529909540076728539e-03 4.500958843509960582e-05 9.106473025396545351e-01 6.529907352073994684e-03 9.999786787470877902e-01 4.858866019159085845e-05 4.631433212114577543e-03 -4.532590833255740120e-05 -4.829371578310723772e-05 9.999999978066395068e-01 1.135904208973585738e-02 9.999608397483825684e-01 -5.890212487429380417e-03 -6.600803229957818985e-03 9.142693281173706055e-01 5.900362972170114517e-03 9.999814629554748535e-01 1.522788195870816708e-03 1.168635394424200058e-02 6.591706536710262299e-03 -1.561682787723839283e-03 9.999770522117614746e-01 3.982523456215858459e-03 6.369654464721679688e+01
9.441859000000000000e+07 9.999818490878010779e-01 -6.024916958671689728e-03 4.325685081466362287e-05 9.285574650288564991e-01 6.024915785244998843e-03 9.999818496603698481e-01 2.720621284044319354e-05 4.114685994642602526e-03 -4.341998085868369533e-05 -2.694510014368294820e-05 9.999999986943334251e-01 1.189643484930365605e-02 9.999833106994628906e-01 -5.591631401330232620e-03 -1.446738606318831444e-03 9.332361817359924316e-01 5.588528700172901154e-03 9.999819993972778320e-01 -2.192272804677486420e-03 9.965963661670684814e-03 1.458967570215463638e-03 2.184154698625206947e-03 9.999965429306030273e-01 5.549011286348104477e-03 6.355180740356445312e+01
9.452222000000000000e+07 9.999801566945484277e-01 -6.299408788060283093e-03 6.055710763219311897e-05 9.290006784922791860e-01 6.299406655642943165e-03 9.999801579171361254e-01 3.533980979079744188e-05 4.305303824909538155e-03 -6.077852595529553774e-05 -3.495763469584621118e-05 9.999999975419673337e-01 1.188243978517453114e-02 9.999776482582092285e-01 -6.216037087142467499e-03 2.444529673084616661e-03 9.418862462043762207e-01 6.211072206497192383e-03 9.999787807464599609e-01 1.975295832380652428e-03 1.025022100657224655e-02 -2.456752350553870201e-03 -1.960073364898562431e-03 9.999951124191284180e-01 1.422421075403690338e-02 6.340768051147460938e+01
9.462597000000000000e+07 9.999935640802162240e-01 -3.587417213535394958e-03 -4.728512148119530729e-05 9.460219464472869877e-01 3.587414696402861300e-03 9.999935637914895148e-01 -5.321082979217811257e-05 2.260177546175808506e-03 4.747570659103369161e-05 5.304085599182603919e-05 9.999999974663624780e-01 1.260127147935953887e-02 9.999913573265075684e-01 -3.882392309606075287e-03 -1.459803432226181030e-03 9.480221271514892578e-01 3.887009806931018829e-03 9.999873638153076172e-01 3.159619867801666260e-03 1.827874220907688141e-02 1.447519171051681042e-03 -3.165259258821606636e-03 9.999939203262329102e-01 1.632575877010822296e-02 6.378454589843750000e+01
9.472972000000000000e+07 9.999973793007215228e-01 -2.289139746891975281e-03 -3.508427497824373220e-05 9.481281438650742688e-01 2.289137979663609899e-03 9.999973786537341702e-01 -5.032860704631977010e-05 1.670250197712809309e-03 3.519939222504278841e-05 5.024816240380819941e-05 9.999999981180625053e-01 1.250178185281173963e-02 9.999827146530151367e-01 -1.998977502807974815e-03 -5.532210692763328552e-03 9.517766833305358887e-01 2.024017972871661186e-03 9.999877810478210449e-01 4.516792483627796173e-03 1.902233622968196869e-02 5.523115396499633789e-03 -4.527916666120290756e-03 9.999744892120361328e-01 1.963607408106327057e-02 6.349068832397460938e+01
9.483349000000000000e+07 9.999999877113634472e-01 -1.553049289304033452e-04 2.139280586773252825e-05 9.722019856041451691e-01 1.553054687884434528e-04 9.999999876216741912e-01 -2.523614571230623830e-05 4.658544896377810334e-04 -2.138888630513378640e-05 2.523946782191146206e-05 9.999999994527424274e-01 1.235633765922358220e-02 9.999874830245971680e-01 4.037214384879916906e-04 -4.985558800399303436e-03 9.587447047233581543e-01 -4.026636597700417042e-04 9.999998211860656738e-01 2.207140933023765683e-04 5.171943455934524536e-03 4.985646344721317291e-03 -2.186931233154609799e-04 9.999874830245971680e-01 1.789649389684200287e-02 6.361948776245117188e+01
9.493722000000000000e+07 9.999997418095308843e-01 -7.185453507391002109e-04 8.570631313268522284e-06 9.673494915705211916e-01 7.185456301300164293e-04 9.999997413133656643e-01 -3.264022847714995228e-05 7.660669604370880757e-04 -8.547175611979566316e-06 3.264637843936921650e-05 9.999999994305799333e-01 1.241701552188075042e-02 9.999993443489074707e-01 -5.655561690218746662e-04 -9.955688146874308586e-04 9.770905971527099609e-01 5.680479225702583790e-04 9.999967217445373535e-01 2.522858558222651482e-03 9.758626110851764679e-03 9.941365569829940796e-04 -2.523423871025443077e-03 9.999963641166687012e-01 1.614468172192573547e-02 6.351673507690429688e+01
9.504097000000000000e+07 9.999995449078183940e-01 -9.536755358887820996e-04 2.621294509525424964e-05 9.932430097097887378e-01 9.536761291786650333e-04 9.999995449947467474e-01 -2.263029594832812881e-05 7.604565368809044915e-04 -2.619135120837867424e-05 2.265528430973867065e-05 9.999999994003756498e-01 1.270806374674826600e-02 9.999998807907104492e-01 -5.741650820709764957e-04 2.586007176432758570e-04 9.867742657661437988e-01 5.735947634093463421e-04 9.999975562095642090e-01 2.144231228157877922e-03 1.021005213260650635e-02 -2.598314313217997551e-04 -2.144083380699157715e-03 9.999976754188537598e-01 1.960668340325355530e-02 6.333865737915039062e+01
9.514472000000000000e+07 9.999988438830910153e-01 -1.520446290780810622e-03 2.180635826762019206e-05 9.912897632388030233e-01 1.520446970459860209e-03 9.999988436335259800e-01 -3.118621154170307539e-05 1.060048265761177888e-03 -2.175891609097464511e-05 3.121933089874904171e-05 9.999999992759515122e-01 1.279029968043906770e-02 9.999941587448120117e-01 -1.575514557771384716e-03 3.025338752195239067e-03 9.996297955513000488e-01 1.582765602506697178e-03 9.999959468841552734e-01 -2.399118151515722275e-03 4.606860689818859100e-03 -3.021548502147197723e-03 2.403890481218695641e-03 9.999924898147583008e-01 1.135725621134042740e-02 6.116105651855468750e+01
9.524835000000000000e+07 9.999988318583812319e-01 -1.528150911969931251e-03 3.219682296936268213e-05 1.008318722916318189e+00 1.528151542336741216e-03 9.999988321843796824e-01 -1.956304482994205779e-05 1.039184056320546605e-03 -3.216689008425651324e-05 1.961222360279840467e-05 9.999999992903259027e-01 1.293789389727897921e-02 9.999961256980895996e-01 -1.408326905220746994e-03 2.402091398835182190e-03 1.011187195777893066e+00 1.418123370967805386e-03 9.999907016754150391e-01 -4.059625323861837387e-03 1.114760991185903549e-03 -2.396350260823965073e-03 4.063013941049575806e-03 9.999888539314270020e-01 1.681120134890079498e-02 6.617849731445312500e+01
9.535209000000000000e+07 9.999953206078457946e-01 -3.059161786655229150e-03 1.706339196878025081e-05 1.011675877829506298e+00 3.059162125223376626e-03 9.999953205553563373e-01 -1.985110123419477058e-05 1.856984758595532636e-03 -1.700258438856421645e-05 1.990320802785912167e-05 9.999999996573871730e-01 1.318555695510961398e-02 9.999871850013732910e-01 -2.842549234628677368e-03 4.187155980616807938e-03 1.017450332641601562e+00 2.837822772562503815e-03 9.999953508377075195e-01 1.123743131756782532e-03 8.768862113356590271e-03 -4.190325736999511719e-03 -1.111836754716932774e-03 9.999906420707702637e-01 1.468214392662048340e-02 6.128995132446289062e+01
9.545587000000000000e+07 9.999957140223769692e-01 -2.927787023357253469e-03 -3.273131986414335310e-08 9.898154667504510673e-01 2.927787020456340452e-03 9.999957134196969522e-01 -3.471848097698000712e-05 1.827595344273003335e-03 1.343794978854615530e-07 3.471823634401337256e-05 9.999999993973129886e-01 1.295829990726621479e-02 9.999951124191284180e-01 -3.059159265831112862e-03 7.958695059642195702e-04 1.017914533615112305e+00 3.060720162466168404e-03 9.999936223030090332e-01 -1.851102220825850964e-03 -2.912807103712111712e-04 -7.902039797045290470e-04 1.853519817814230919e-03 9.999979138374328613e-01 1.355960033833980560e-02 6.107222366333007812e+01
9.555954000000000000e+07 9.999934402023004099e-01 -3.622054650368350739e-03 1.650760122447896444e-05 1.017344038425523900e+00 3.622054974775278276e-03 9.999934401440265797e-01 -1.966463003210561171e-05 2.128124982511141790e-03 -1.643626657246123818e-05 1.972429247514350273e-05 9.999999996704007632e-01 1.331107385031466903e-02 9.999928474426269531e-01 -3.731451928615570068e-03 4.758471040986478329e-04 1.013788700103759766e+00 3.732190234586596489e-03 9.999917149543762207e-01 -1.617221045307815075e-03 2.735935617238283157e-03 -4.698105040006339550e-04 1.618990674614906311e-03 9.999986290931701660e-01 1.505636982619762421e-02 6.140995025634765625e+01
9.566311000000000000e+07 9.999925383435739334e-01 -3.863057818959816231e-03 6.480198562925374909e-06 1.007298066244288082e+00 3.863057980882520642e-03 9.999925380473363434e-01 -2.516371735348632471e-05 2.324007840862991978e-03 -6.382941316366804086e-06 2.518856297236716978e-05 9.999999996623971654e-01 1.321556073588249502e-02 9.999917745590209961e-01 -4.045658279210329056e-03 3.455622209003195167e-05 1.014331579208374023e+00 4.045673646032810211e-03 9.999895095825195312e-01 -2.130932407453656197e-03 2.754654502496123314e-03 -2.594169018266256899e-05 2.131055574864149094e-03 9.999976754188537598e-01 1.436541415750980377e-02 6.154473495483398438e+01
9.576685000000000000e+07 9.999918910754583834e-01 -4.027021086251744014e-03 2.974092483375533730e-05 1.010505055122767892e+00 4.027021590554350633e-03 9.999918913726132397e-01 -1.691614742388170825e-05 2.430659830750357339e-03 -2.967256199340085492e-05 1.703577759837711586e-05 9.999999994146606674e-01 1.325724205810965145e-02 9.999887347221374512e-01 -4.256194923073053360e-03 2.104198792949318886e-03 1.012879490852355957e+00 4.262316972017288208e-03 9.999866485595703125e-01 -2.903235144913196564e-03 3.470160765573382378e-03 -2.091811038553714752e-03 2.912167226895689964e-03 9.999935030937194824e-01 1.440902706235647202e-02 6.124720001220703125e+01
9.587047000000000000e+07 9.999880565009970912e-01 -4.887269202742286142e-03 3.814930917106126705e-05 9.875397148730223895e-01 4.887269808744034924e-03 9.999880571007815355e-01 -1.580797195797221247e-05 3.089114132479393350e-03 -3.807159574408114372e-05 1.599422912029578800e-05 9.999999991473691452e-01 1.302876452183607259e-02 9.999874234199523926e-01 -5.009487736970186234e-03 -2.951292844954878092e-04 1.015928387641906738e+00 5.008996929973363876e-03 9.999861717224121094e-01 -1.653585699386894703e-03 1.081562135368585587e-02 3.034160472452640533e-04 1.652096398174762726e-03 9.999986290931701660e-01 1.445863209664821625e-02 6.121907043457031250e+01
9.597425000000000000e+07 9.999920664237625934e-01 -3.983320114311384406e-03 1.581069138712296406e-05 1.000828937254828244e+00 3.983320453487734607e-03 9.999920663167229939e-01 -2.147913806874393667e-05 2.426119797164027082e-03 -1.572500766511832242e-05 2.154194671442159816e-05 9.999999996443342809e-01 1.316061342847511632e-02 9.999869465827941895e-01 -4.290166310966014862e-03 -2.804479096084833145e-03 1.011463880538940430e+00 4.292859230190515518e-03 9.999903440475463867e-01 9.524982306174933910e-04 8.313808590173721313e-03 2.800358692184090614e-03 -9.645289392210543156e-04 9.999955892562866211e-01 1.291159167885780334e-02 6.117932891845703125e+01
9.607786000000000000e+07 9.999949892855602984e-01 -3.165657742427029683e-03 -3.853945843816331416e-06 9.894753967850474785e-01 3.165657601304397006e-03 9.999949886422196954e-01 -3.608907223712171330e-05 1.955523001363138145e-03 3.968172180997790263e-06 3.607669113215918472e-05 9.999999993413629662e-01 1.297926305342356722e-02 9.999942183494567871e-01 -3.231986891478300095e-03 -1.090655336156487465e-03 1.003240227699279785e+00 3.230823669582605362e-03 9.999941587448120117e-01 -1.099359244108200073e-03 7.295859511941671371e-03 1.094203675165772438e-03 1.095835235901176929e-03 9.999988079071044922e-01 1.722378842532634735e-02 6.150694274902343750e+01
9.618160000000000000e+07 9.999982650118535155e-01 -1.862572416661660958e-03 2.823810509336703256e-05 1.001838888657220705e+00 1.862573136701915376e-03 9.999982650842340615e-01 -2.549406954904486814e-05 1.228920304445708326e-03 -2.819057155348053827e-05 2.554662085137038109e-05 9.999999992763309864e-01 1.294565879593392692e-02 9.999933838844299316e-01 -2.218329813331365585e-03 2.858371241018176079e-03 1.004755496978759766e+00 2.216164721176028252e-03 9.999971985816955566e-01 7.492353324778378010e-04 1.063672080636024475e-02 -2.860029460862278938e-03 -7.428972749039530754e-04 9.999956488609313965e-01 2.274606190621852875e-02 6.111961746215820312e+01
9.628535000000000000e+07 9.999993163452054468e-01 -1.169044827963716627e-03 2.536317423238905602e-05 9.934219740299093937e-01 1.169045526099643734e-03 9.999993162871327890e-01 -2.752823136519417244e-05 8.550985213601267195e-04 -2.533097515425736132e-05 2.755786325121345297e-05 9.999999992994529352e-01 1.274414427105107980e-02 9.999973177909851074e-01 -1.588971004821360111e-03 1.672517624683678150e-03 9.987109899520874023e-01 1.590200699865818024e-03 9.999984502792358398e-01 -7.651657797396183014e-04 1.166951842606067657e-02 -1.671297359280288219e-03 7.678182446397840977e-04 9.999982714653015137e-01 2.430905774235725403e-02 6.353299331665039062e+01
9.638910000000000000e+07 9.999981916130258330e-01 -1.901735944331053125e-03 1.307280238908712549e-05 9.852673497166610783e-01 1.901736378266141508e-03 9.999981911444740801e-01 -3.326183100300618639e-05 1.273034637080988152e-03 -1.300952351957004470e-05 3.328663187783376782e-05 9.999999993613761795e-01 1.277465446655976118e-02 9.999972581863403320e-01 -1.849176944233477116e-03 -1.465340377762913704e-03 9.860770702362060547e-01 1.850739005021750927e-03 9.999977946281433105e-01 1.020526629872620106e-03 3.314790083095431328e-03 1.463456079363822937e-03 -1.023240387439727783e-03 9.999984502792358398e-01 1.481061521917581558e-02 6.350195312500000000e+01
9.649287000000000000e+07 9.999991036478227402e-01 -1.338765207595939144e-03 2.027853520654584489e-05 9.868858293919012814e-01 1.338765834122977727e-03 9.999991033747533953e-01 -3.091406892000778518e-05 9.711832198841601708e-04 -2.023713034322708300e-05 3.094118942098619417e-05 9.999999993165507028e-01 1.269738593028873347e-02 9.999945759773254395e-01 -1.071897917427122593e-03 -3.099751425907015800e-03 9.796183109283447266e-01 1.070062047801911831e-03 9.999992251396179199e-01 -5.821003578603267670e-04 4.361903294920921326e-03 3.100374480709433556e-03 5.787792615592479706e-04 9.999950528144836426e-01 1.473859418183565140e-02 6.354259109497070312e+01
9.659660000000000000e+07 9.999999937471797384e-01 -1.108035534442173648e-04 1.510672172139676299e-05 9.640317667395578161e-01 1.108039983493504715e-04 9.999999934274929059e-01 -2.945315088540676973e-05 4.561671962445588502e-04 -1.510345810834040854e-05 2.945482458640459933e-05 9.999999994521494573e-01 1.227412887191504931e-02 9.999987483024597168e-01 -6.697611534036695957e-04 1.454554498195648193e-03 9.679011702537536621e-01 6.682064849883317947e-04 9.999992847442626953e-01 1.061341492459177971e-03 9.712253697216510773e-03 -1.455276156775653362e-03 -1.060359878465533257e-03 9.999983310699462891e-01 2.112135663628578186e-02 6.294879913330078125e+01
9.670035000000000000e+07 9.999999981754866818e-01 5.268880858776942797e-05 2.954515462270387123e-05 9.805089367093833275e-01 -5.268831801375522308e-05 9.999999984741118064e-01 -1.660474464461911774e-05 2.991404325454256235e-04 -2.954602946183263650e-05 1.660318792982253873e-05 9.999999994256831837e-01 1.240186475803808572e-02 9.999859929084777832e-01 5.840852973051369190e-04 5.254381336271762848e-03 9.711002707481384277e-01 -5.851250607520341873e-04 9.999997615814208984e-01 2.029152528848499060e-04 1.522266492247581482e-02 -5.254252348095178604e-03 -2.059886464849114418e-04 9.999861717224121094e-01 1.388753671199083328e-02 6.314550399780273438e+01
9.680399000000000000e+07 9.999996511586695114e-01 -8.352738219185374454e-04 4.695262984077724745e-07 9.584966199869591197e-01 8.352738395321012647e-04 9.999996504038607403e-01 -3.885624873907453955e-05 8.655177699655944301e-04 -4.370705286776655778e-07 3.885662736742201873e-05 9.999999992449857267e-01 1.233648323721644145e-02 9.999998807907104492e-01 -5.183558096177875996e-04 -2.608606882859021425e-05 9.648230671882629395e-01 5.183606408536434174e-04 9.999986290931701660e-01 1.594339380972087383e-03 1.509519573301076889e-02 2.525073068682104349e-05 -1.594351837411522865e-03 9.999987483024597168e-01 9.034725837409496307e-03 6.310947036743164062e+01
9.690773000000000000e+07 9.999998173159957426e-01 -6.043927609113808157e-04 -8.795212890485731939e-06 9.460623055845499563e-01 6.043923898826947423e-04 9.999998164675560908e-01 -4.212698680941881621e-05 7.800714566961860965e-04 8.820672522843633117e-06 4.212166335360777386e-05 9.999999990739806277e-01 1.217990793354112485e-02 9.999958872795104980e-01 -7.098227506503462791e-04 -2.764879958704113960e-03 9.565433263778686523e-01 7.080839714035391808e-04 9.999995231628417969e-01 -6.523878546431660652e-04 9.479742497205734253e-03 2.765342593193054199e-03 6.504209595732390881e-04 9.999959468841552734e-01 3.117840271443128586e-03 6.315539169311523438e+01
9.701147000000000000e+07 9.999994432051052540e-01 -1.055086456803333008e-03 -1.954720335706165639e-05 9.421056512566998720e-01 1.055085587587429327e-03 9.999994424102955914e-01 -4.442460879118457871e-05 1.073805748210807706e-03 1.959406425893012591e-05 4.440396008408522595e-05 9.999999988221804914e-01 1.223591374765437348e-02 9.999988675117492676e-01 -7.667223108001053333e-04 -1.290956395678222179e-03 9.489989876747131348e-01 7.637294474989175797e-04 9.999970793724060059e-01 -2.280538901686668396e-03 5.734620150178670883e-03 1.292700879275798798e-03 2.279557054862380028e-03 9.999965429306030273e-01 5.628596525639295578e-03 6.328736114501953125e+01
9.711510000000000000e+07 9.999983233664494486e-01 -1.830598306328251948e-03 -4.662774338446750100e-05 9.214946595239628113e-01 1.830595680825599855e-03 9.999983228741409214e-01 -5.628831362387588653e-05 1.550305623549950475e-03 4.673070647498121913e-05 5.620286270375124551e-05 9.999999973287396760e-01 1.217376128998632658e-02 9.999985098838806152e-01 -1.647579716518521309e-03 4.758407594636082649e-04 9.359208941459655762e-01 1.647557830438017845e-03 9.999986290931701660e-01 -1.951170816028025001e-05 9.226819500327110291e-03 -4.758008581120520830e-04 2.029386268986854702e-05 9.999998211860656738e-01 1.279508415609598160e-02 6.337548828125000000e+01
9.721889000000000000e+07 9.999971324367014081e-01 -2.394270572965761200e-03 -5.086078668134748300e-05 9.219018362611884898e-01 2.394268168354253025e-03 9.999971326178533904e-01 -4.728669188739320438e-05 1.827690202012362871e-03 5.097385797848180737e-05 4.716478192770913648e-05 9.999999975885746073e-01 1.212461964419635045e-02 9.999966025352478027e-01 -2.600354608148336411e-03 -2.908174355980008841e-04 9.269913434982299805e-01 2.600112231448292732e-03 9.999963045120239258e-01 -7.721689762547612190e-04 1.190347876399755478e-02 2.928237954620271921e-04 7.714089006185531616e-04 9.999997615814208984e-01 1.532106101512908936e-02 6.227276611328125000e+01
9.732250000000000000e+07 9.999949259224888420e-01 -3.184994465526904805e-03 -6.276841070700499184e-05 9.084821559943169200e-01 3.184992980101511873e-03 9.999949276151115507e-01 -2.375094227684368753e-05 2.323258596187417931e-03 6.284373893862486957e-05 2.355090482200595552e-05 9.999999977480097391e-01 1.168925690707186237e-02 9.999936223030090332e-01 -2.961964812129735947e-03 -2.017549239099025726e-03 9.154414534568786621e-01 2.960783895105123520e-03 9.999954700469970703e-01 -6.042743916623294353e-04 1.050823554396629333e-02 2.019326435402035713e-03 5.982973962090909481e-04 9.999976754188537598e-01 8.158885873854160309e-03 6.288515090942382812e+01
9.742622000000000000e+07 9.999964475029952116e-01 -2.664373559668952937e-03 -7.806945391314493263e-05 8.910487302972810442e-01 2.664372845201346332e-03 9.999964505095085832e-01 -9.254266534202459089e-06 2.271865688855604585e-03 7.809383362971781303e-05 9.046227522933195241e-06 9.999999969097593810e-01 1.128969238428542514e-02 9.999949336051940918e-01 -2.506650052964687347e-03 1.940724323503673077e-03 9.129036068916320801e-01 2.503586001694202423e-03 9.999955296516418457e-01 1.567255356349050999e-03 1.643565110862255096e-02 -1.944643794558942318e-03 -1.562387216836214066e-03 9.999969005584716797e-01 3.791252383962273598e-03 6.345830535888671875e+01
9.752999000000000000e+07 9.999965067583762579e-01 -2.642320201291294048e-03 -6.793472292973666701e-05 9.017598165607315641e-01 2.642318189547590134e-03 9.999965086306439321e-01 -2.968561225781933148e-05 2.123672870815649684e-03 6.801292463605181874e-05 2.950600340799172845e-05 9.999999972518189839e-01 1.157603485401560543e-02 9.999908804893493652e-01 -2.671878319233655930e-03 3.337464760988950729e-03 8.975290060043334961e-01 2.677308628335595131e-03 9.999951720237731934e-01 -1.621735398657619953e-03 1.201329287141561508e-02 -3.333115018904209137e-03 1.630659797228872776e-03 9.999930858612060547e-01 4.850972443819046021e-03 6.316745758056640625e+01
9.763372000000000000e+07 9.999934424785279496e-01 -3.620425038710962853e-03 -8.673679240357678696e-05 8.833913151046285384e-01 3.620426359649624257e-03 9.999934461217452331e-01 1.507710912362188670e-05 2.859004634542045703e-03 8.668163840113526539e-05 -1.539103440583538781e-05 9.999999961247050262e-01 1.101157979316397598e-02 9.999924302101135254e-01 -3.328115912154316902e-03 2.005667891353368759e-03 8.857377171516418457e-01 3.326271427795290947e-03 9.999939799308776855e-01 9.813732467591762543e-04 1.112060900777578354e-02 -2.008919836953282356e-03 -9.747073636390268803e-04 9.999975562095642090e-01 7.830599322915077209e-03 6.308950424194335938e+01
9.773747000000000000e+07 9.999968999406786407e-01 -2.487389306271344663e-03 -1.140327982721041350e-04 8.531883175142931375e-01 2.487396290769137291e-03 9.999969045554560898e-01 6.114905103606760447e-05 2.618432372814677965e-03 1.138803437944554969e-04 -6.143250622947608050e-05 9.999999916286571588e-01 1.022937367724992969e-02 9.999879002571105957e-01 -2.621984109282493591e-03 -4.159834235906600952e-03 8.661347627639770508e-01 2.629855414852499962e-03 9.999946951866149902e-01 1.916121924296021461e-03 1.681105047464370728e-02 4.154785070568323135e-03 -1.927033183164894581e-03 9.999895095825195312e-01 1.950037665665149689e-03 6.313964843750000000e+01
9.784124000000000000e+07 9.999973605378263963e-01 -2.293444540806715767e-03 -1.379477235463022716e-04 8.352399320241521430e-01 2.293457227135442880e-03 9.999973658028421530e-01 9.187698084683589353e-05 2.759778143335694066e-03 1.377366454068782342e-04 -9.219311554122021704e-05 9.999999862645230220e-01 9.938360225082832830e-03 9.999957084655761719e-01 -2.543809125199913979e-03 -1.490734983235597610e-03 8.496261835098266602e-01 2.545298542827367783e-03 9.999963045120239258e-01 9.730411111377179623e-04 1.441261358559131622e-02 1.488254056312143803e-03 -9.768203599378466606e-04 9.999983906745910645e-01 7.079199422150850296e-04 6.304278564453125000e+01
9.794507000000000000e+07 9.999982690346972403e-01 -1.853651119019354265e-03 -1.609510997944447054e-04 8.203069957355262343e-01 1.853669160534012362e-03 9.999982756800548378e-01 1.120164192330815788e-04 2.661735232362493105e-03 1.607431829094962538e-04 -1.123145754164036079e-04 9.999999807735331370e-01 9.766250874993137598e-03 9.999983906745910645e-01 -1.735220779664814472e-03 5.265300278551876545e-04 8.353992104530334473e-01 1.735081663355231285e-03 9.999983906745910645e-01 4.238779947627335787e-04 1.377373840659856796e-02 -5.272669950500130653e-04 -4.229683836456388235e-04 9.999998211860656738e-01 -3.329262603074312210e-03 6.283203125000000000e+01
9.804875000000000000e+07 9.999997665069988440e-01 -6.642219773796058466e-04 -1.606085700391773647e-04 8.110081777483125753e-01 6.642392020900773734e-04 9.999997736453758446e-01 1.072169746962261264e-04 2.000439811471219770e-03 1.605373178137729773e-04 -1.073236321701804364e-04 9.999999813547035821e-01 9.738097865199864256e-03 9.999982714653015137e-01 -9.041834855452179909e-04 1.607199781574308872e-03 8.135402202606201172e-01 9.031139197759330273e-04 9.999994039535522461e-01 6.150532281026244164e-04 1.543605327606201172e-02 -1.607752870768308640e-03 -6.135969306342303753e-04 9.999985098838806152e-01 -1.902853022329509258e-03 6.289199829101562500e+01
9.815247000000000000e+07 9.999997201931933866e-01 -7.231288377611298562e-04 -1.915678310575926878e-04 7.840096169917909474e-01 7.231585729801697166e-04 9.999997264778240913e-01 1.551965523250448543e-04 2.211538579343015273e-03 1.914555515600355618e-04 -1.553350428156290424e-04 9.999999696078984979e-01 9.394997835774909767e-03 9.999997615814208984e-01 -6.775559158995747566e-04 1.207408495247364044e-04 7.891580462455749512e-01 6.771336193196475506e-04 9.999955296516418457e-01 2.921350300312042236e-03 1.954332739114761353e-02 -1.227154862135648727e-04 -2.921279054135084152e-03 9.999957680702209473e-01 -8.414576761424541473e-03 6.318844985961914062e+01
9.825623000000000000e+07 9.999993942864298102e-01 -1.081761313369347709e-03 -2.030254222821944706e-04 7.681486052830600597e-01 1.081797627093813953e-03 9.999993988652141619e-01 1.788384505798801130e-04 2.501763565620311169e-03 2.028318397333943616e-04 -1.790579746591651608e-04 9.999999633987451952e-01 9.262016490666998003e-03 9.999981522560119629e-01 -1.316176843829452991e-03 -1.380471279844641685e-03 7.670242786407470703e-01 1.320132752880454063e-03 9.999952912330627441e-01 2.776894019916653633e-03 1.863607019186019897e-02 1.376803382299840450e-03 -2.778704976662993431e-03 9.999951720237731934e-01 2.802475821226835251e-03 6.333721542358398438e+01
9.835997000000000000e+07 9.999990402659182376e-01 -1.367162527728185261e-03 -2.243521516929618850e-04 7.491448894325307695e-01 1.367204556031662455e-03 9.999990478374736202e-01 1.872855320251092502e-04 2.626199710037034011e-03 2.240958883149072570e-04 -1.875920875611298579e-04 9.999999572951203675e-01 9.278798858080734499e-03 9.999943971633911133e-01 -1.542908023111522198e-03 2.978779142722487450e-03 7.437891960144042969e-01 1.549742533825337887e-03 9.999961256980895996e-01 -2.325625624507665634e-03 9.249172173440456390e-03 -2.975177485495805740e-03 2.330227289348840714e-03 9.999928474426269531e-01 6.052808370441198349e-03 6.312172698974609375e+01
9.846372000000000000e+07 9.999975532014437896e-01 -2.194580035684699348e-03 -2.782261651905232770e-04 7.105981666664757945e-01 2.194637992771978924e-03 9.999975701106950110e-01 2.081753855528802901e-04 3.112048214290986936e-03 2.777686316059802592e-04 -2.087854818766284308e-04 9.999999396266056051e-01 9.306100316184355917e-03 9.999952316284179688e-01 -2.470894716680049896e-03 1.859922893345355988e-03 7.187746167182922363e-01 2.478544833138585091e-03 9.999884366989135742e-01 -4.125838167965412140e-03 6.526736542582511902e-03 -1.849710941314697266e-03 4.130423534661531448e-03 9.999898672103881836e-01 6.300099194049835205e-03 6.360607910156250000e+01
9.856747000000000000e+07 9.999980274196051955e-01 -1.963197928880306732e-03 -3.016802300845353255e-04 6.892448952411126539e-01 1.963260132742004546e-03 9.999980515780554358e-01 2.060337657837088218e-04 2.615487744186881930e-03 3.012751572394118576e-04 -2.066256361084994463e-04 9.999999332695637122e-01 9.384901473955728143e-03 9.999898076057434082e-01 -1.923599164001643658e-03 4.082762170583009720e-03 6.937445402145385742e-01 1.915405387990176678e-03 9.999961256980895996e-01 1.992827048525214195e-03 1.471751276403665543e-02 -4.086574073880910873e-03 -1.984981819987297058e-03 9.999896883964538574e-01 9.892521426081657410e-03 6.341372680664062500e+01
9.867123000000000000e+07 9.999982954787857148e-01 -1.816224631077521367e-03 -3.322163580225063139e-04 6.622582023037776322e-01 1.816292083323866203e-03 9.999983299664869651e-01 2.028482169151250695e-04 2.135289947331531213e-03 3.318473852924964441e-04 -2.034512730801091448e-04 9.999999242424454371e-01 9.478514894192923215e-03 9.999979138374328613e-01 -1.800506724976003170e-03 9.705864358693361282e-04 6.628909111022949219e-01 1.797675271518528461e-03 9.999936223030090332e-01 3.094112267717719078e-03 1.939666271209716797e-02 -9.761535329744219780e-04 -3.092361148446798325e-03 9.999947547912597656e-01 1.350756362080574036e-02 6.180777740478515625e+01
9.877487000000000000e+07 9.999979048874010346e-01 -2.012352872751747412e-03 -3.750422243011177913e-04 6.351812413845943084e-01 2.012436499446608896e-03 9.999979502419703570e-01 2.227355848661767036e-04 1.879436919742605381e-03 3.745932329554535890e-04 -2.234898668807805931e-04 9.999999048660888068e-01 9.473012426417093748e-03 9.999976158142089844e-01 -2.158104907721281052e-03 -7.457573519786819816e-05 6.344684362411499023e-01 2.157991984859108925e-03 9.999967217445373535e-01 -1.340865856036543846e-03 1.172178890556097031e-02 7.746662595309317112e-05 1.340698450803756714e-03 9.999989867210388184e-01 1.131868548691272736e-02 6.099264144897460938e+01
9.887860000000000000e+07 9.999982633258966969e-01 -1.823221123010690479e-03 -3.862771989154796569e-04 6.068624470371947188e-01 1.823292432524653475e-03 9.999983208112334099e-01 1.843354587455710064e-04 1.262701669517782548e-03 3.859404659953190276e-04 -1.850394348787446025e-04 9.999999084051818254e-01 8.952652150159253266e-03 9.999982118606567383e-01 -1.916875480674207211e-03 9.430622594663873315e-05 6.035844683647155762e-01 1.916658016853034496e-03 9.999973773956298828e-01 1.301649608649313450e-03 1.677783019840717316e-02 -9.679343929747119546e-05 -1.301465439610183239e-03 9.999991655349731445e-01 1.534530147910118103e-02 6.072908782958984375e+01
9.898235000000000000e+07 9.999982944035787913e-01 -1.807558005760826836e-03 -3.793732528025931645e-04 5.758713080739847889e-01 1.807605149517578979e-03 9.999983585972853639e-01 1.239614105495987807e-04 7.672435229776290028e-04 3.791485626632491051e-04 -1.246469561515992606e-04 9.999999203547504933e-01 8.582157682632792287e-03 9.999964237213134766e-01 -1.760083367116749287e-03 -2.004512352868914604e-03 5.718011856079101562e-01 1.758293248713016510e-03 9.999980330467224121e-01 -9.279307560063898563e-04 1.068295259028673172e-02 2.006133785471320152e-03 9.244059910997748375e-04 9.999975562095642090e-01 1.060041133314371109e-02 6.074732971191406250e+01
9.908610000000000000e+07 9.999987467857135437e-01 -1.544956940236862433e-03 -3.457383180632663195e-04 5.439608022359864181e-01 1.544977657691749915e-03 9.999988047414158920e-01 5.966330082283341431e-05 5.446557839172087162e-05 3.456457275832840962e-04 -6.019738404378039906e-05 9.999999384526493396e-01 8.224532669139193383e-03 9.999979734420776367e-01 -1.372471568174660206e-03 -1.488178852014243603e-03 5.327453017234802246e-01 1.368279336020350456e-03 9.999949932098388672e-01 -2.844496397301554680e-03 4.191813524812459946e-03 1.492080278694629669e-03 2.842458430677652359e-03 9.999948740005493164e-01 1.268260739743709564e-02 6.067951965332031250e+01
9.918973000000000000e+07 9.999989453668286510e-01 -1.401861782691388603e-03 -3.795375521184445999e-04 5.137694275023110269e-01 1.401866464598487596e-03 9.999990173118726844e-01 1.207007076301823386e-05 -5.425837975027394304e-04 3.795202585803240892e-04 -1.260211900472666016e-05 9.999999279027766974e-01 7.754917577940520154e-03 9.999994039535522461e-01 -9.785508736968040466e-04 5.143621237948536873e-04 5.013077259063720703e-01 9.795267833396792412e-04 9.999974370002746582e-01 -2.083335304632782936e-03 6.233456544578075409e-03 -5.123214796185493469e-04 2.083831932395696640e-03 9.999977350234985352e-01 9.775463491678237915e-03 6.088723373413085938e+01
9.929348000000000000e+07 9.999996807663581455e-01 -7.078771835660099257e-04 -3.706440670235025764e-04 4.825678180900020986e-01 7.078740884788233814e-04 9.999997494211168014e-01 -8.481681946508947353e-06 -1.464552683917556527e-03 3.706499781375201122e-04 8.219309887105588790e-06 9.999999312755105674e-01 7.234976575251982935e-03 9.999947547912597656e-01 -1.146928756497800350e-03 -3.034112742170691490e-03 4.695565998554229736e-01 1.143036293797194958e-03 9.999984502792358398e-01 -1.277712057344615459e-03 5.284228827804327011e-03 3.035571426153182983e-03 1.274236012250185013e-03 9.999944567680358887e-01 5.787715781480073929e-03 6.062732696533203125e+01
9.939723000000000000e+07 9.999998225382115136e-01 -4.389519546247814923e-04 -4.027961229366925342e-04 4.467304265567947352e-01 4.389813951263987941e-04 9.999999009828069996e-01 7.300482912261738600e-05 -2.065264175595469837e-03 4.027640374395755909e-04 -7.318163617620072469e-05 9.999999162127831687e-01 6.633432451032459515e-03 9.999996423721313477e-01 -2.000233944272622466e-04 -8.558531990274786949e-04 4.358445107936859131e-01 2.038462844211608171e-04 9.999896883964538574e-01 4.538395442068576813e-03 1.307885348796844482e-02 8.549403864890336990e-04 -4.538561217486858368e-03 9.999894499778747559e-01 9.010529611259698868e-04 6.059616088867187500e+01
9.950085000000000000e+07 9.999999114975153258e-01 -1.504443560122587474e-04 -3.929013438114092177e-04 4.113216242318218918e-01 1.505023185302428214e-04 9.999999777965545844e-01 1.474989646410297911e-04 -2.747041931839303616e-03 3.928791447020008737e-04 -1.475580841472644050e-04 9.999999119362952271e-01 6.052330944111218754e-03 9.999994635581970215e-01 1.798388548195362091e-04 1.008284976705908775e-03 4.101825356483459473e-01 -1.832321868278086185e-04 9.999940395355224609e-01 3.460397245362401009e-03 6.913402117788791656e-03 -1.007662620395421982e-03 -3.460584208369255066e-03 9.999934434890747070e-01 -5.607019644230604172e-03 6.089807891845703125e+01
9.960460000000000000e+07 9.999990587738883940e-01 -1.322613025491555742e-03 -3.648919440580258183e-04 3.787130560365655207e-01 1.322689140555469763e-03 9.999991035240016757e-01 2.084337754862215179e-04 -2.277510695354645776e-03 3.646159397160323563e-04 -2.089162179125419235e-04 9.999999117046116659e-01 5.483473706763353564e-03 9.999975562095642090e-01 -1.744922949001193047e-03 1.360232825390994549e-03 3.739440739154815674e-01 1.748185488395392895e-03 9.999954700469970703e-01 -2.414737362414598465e-03 -7.569145876914262772e-03 -1.356010790914297104e-03 2.417105250060558319e-03 9.999961853027343750e-01 -4.583421163260936737e-03 6.089859390258789062e+01
9.970835000000000000e+07 9.999984632234758530e-01 -1.705124189791600107e-03 -4.075563879625031596e-04 3.479667093324364524e-01 1.705223026436537056e-03 9.999985167548689491e-01 2.422860225116843611e-04 -1.738316801023638645e-03 4.071426557020535117e-04 -2.429806247038102552e-04 9.999998875976315871e-01 4.961459262799173577e-03 9.999982714653015137e-01 -1.842870260588824749e-03 2.481347182765603065e-04 3.461622297763824463e-01 1.844480284489691257e-03 9.999767541885375977e-01 -6.577235646545886993e-03 -9.795301593840122223e-03 -2.360035723540931940e-04 6.577689200639724731e-03 9.999783635139465332e-01 2.981995465233922005e-03 6.115516662597656250e+01
9.981198000000000000e+07 9.999997958740111104e-01 -4.917798189742912923e-04 -4.079271277740245823e-04 3.211118845679881151e-01 4.918477518632881091e-04 9.999998651903619917e-01 1.664483223369723564e-04 -2.546241033584832700e-03 4.078452168548522675e-04 -1.666489264033121703e-04 9.999999029452014687e-01 4.670835371679181273e-03 9.999984502792358398e-01 1.330435334239155054e-04 -1.776176155544817448e-03 3.159924745559692383e-01 -1.348615187453106046e-04 9.999994039535522461e-01 -1.007601735182106495e-03 -2.538693835958838463e-03 1.776041812263429165e-03 1.007839106023311615e-03 9.999978542327880859e-01 -3.953802399337291718e-03 6.085248184204101562e+01
9.991573000000000000e+07 9.999994821630364683e-01 -9.042449227798306406e-04 -4.669205561525334859e-04 2.934777468023236913e-01 9.043156642241988001e-04 9.999995796580197771e-01 1.513174978422468259e-04 -1.634679896034798652e-03 4.667835318106662167e-04 -1.517396630462525514e-04 9.999998795441004118e-01 4.417492742427560695e-03 9.999985098838806152e-01 -9.922962635755538940e-04 -1.418735831975936890e-03 2.881216704845428467e-01 9.946931386366486549e-04 9.999980330467224121e-01 1.718980609439313412e-03 3.771556075662374496e-03 1.417025574482977390e-03 -1.720388885587453842e-03 9.999974966049194336e-01 -2.792962477542459965e-04 6.157535934448242188e+01
1.000193000000000000e+08 9.999976636501820559e-01 -2.091430818407929559e-03 -5.464535732182157534e-04 2.650828324071884401e-01 2.091520790840773001e-03 9.999977992990041198e-01 1.641283555023083753e-04 9.155814432702878269e-05 5.461091075510496893e-04 -1.652708910021483048e-04 9.999998372251812651e-01 4.226151378305001080e-03 9.999977350234985352e-01 -2.092875074595212936e-03 -8.965199231170117855e-05 2.632960975170135498e-01 2.092965180054306984e-03 9.999976158142089844e-01 7.277150289155542850e-04 -4.112501163035631180e-03 8.813031308818608522e-05 -7.279082783497869968e-04 9.999998211860656738e-01 -6.709066685289144516e-03 6.080860900878906250e+01
1.001231000000000000e+08 9.999997548771596412e-01 -4.401774970499773326e-04 -5.445083962806059573e-04 2.419866544821729915e-01 4.402022041282602455e-04 9.999999020869524413e-01 4.525600349309970500e-05 -1.102801994368972187e-03 5.444884222918625928e-04 -4.549568619510183586e-05 9.999998507312396478e-01 3.980569253106737600e-03 9.999992847442626953e-01 -2.550061617512255907e-04 1.178784295916557312e-03 2.452701479196548462e-01 2.565952017903327942e-04 9.999990463256835938e-01 -1.331588369794189930e-03 -4.413774237036705017e-03 -1.178444013930857182e-03 1.331900595687329769e-03 9.999983906745910645e-01 2.754668705165386200e-03 6.091872024536132812e+01
1.002267000000000000e+08 9.999998080931680189e-01 -2.538103773992661191e-04 -5.651494586106883041e-04 2.299880678358380282e-01 2.538207265961937267e-04 9.999999676211570598e-01 1.824067011931582665e-05 -1.050527540082440460e-03 5.651448106403281473e-04 -1.838411326835048798e-05 9.999998401366672063e-01 3.872623106745130047e-03 9.999998211860656738e-01 9.071273234440013766e-05 6.244799005798995495e-04 2.234836816787719727e-01 -9.073387627722695470e-05 1.000000000000000000e+00 4.166613507550209761e-05 2.624847227707505226e-03 -6.244776304811239243e-04 -4.172501576249487698e-05 9.999997615814208984e-01 2.590965887065976858e-04 6.091775894165039062e+01
1.003305000000000000e+08 9.999980697431742893e-01 -1.845609029761285024e-03 -6.739712754284926102e-04 1.998034618983819677e-01 1.845632205080508610e-03 9.999982962493830785e-01 3.376587947748093993e-05 1.078141139442536419e-03 6.739078085382005411e-04 -3.500971737727664459e-05 9.999997723112693526e-01 3.656223277085559904e-03 9.999916553497314453e-01 -1.214182120747864246e-03 -3.878095420077443123e-03 2.165196835994720459e-01 1.211151480674743652e-03 9.999989867210388184e-01 -7.970964070409536362e-04 4.217533278279006481e-04 3.879056312143802643e-03 7.923907833173871040e-04 9.999922513961791992e-01 -7.776688318699598312e-03 6.106915283203125000e+01
1.004341000000000000e+08 9.999988953010924275e-01 -1.344623358808115683e-03 -6.335491469521219816e-04 2.060616729930126179e-01 1.344642649921577553e-03 9.999990955168940321e-01 3.002431075881616717e-05 4.580109900531244044e-04 6.335082025262637377e-04 -3.087617483183249020e-05 9.999997988569806484e-01 3.720886360800285987e-03 9.999940991401672363e-01 -8.206584607250988483e-04 -3.340102033689618111e-03 2.105807214975357056e-01 8.184920297935605049e-04 9.999994635581970215e-01 -6.139128818176686764e-04 9.563512285239994526e-04 3.340605413541197777e-03 6.111722905188798904e-04 9.999941587448120117e-01 -1.049146987497806549e-02 6.201747131347656250e+01
1.005379000000000000e+08 9.999997991995925872e-01 -1.085542460670388333e-04 -6.243530593066694018e-04 2.044218148685193470e-01 1.085443107051939100e-04 9.999999939819141925e-01 -1.594691331020967279e-05 -6.915966157976158584e-04 6.243547866544428993e-04 1.587914013433339920e-05 9.999998049644539533e-01 3.632755337495198553e-03 9.999989867210388184e-01 7.552423630841076374e-04 -1.262047095224261284e-03 2.072230577468872070e-01 -7.564944098703563213e-04 9.999992251396179199e-01 -1.055148895829916000e-03 7.335268892347812653e-04 1.261245692148804665e-03 1.056099310517311096e-03 9.999986886978149414e-01 -3.792376024648547173e-03 6.110102462768554688e+01
1.006415000000000000e+08 9.999996761614394769e-01 -4.813268369521534894e-04 -6.449817981245686968e-04 1.963948427387702533e-01 4.813185031912649704e-04 9.999998840807554634e-01 -1.307608325883131719e-05 -1.881491963573136592e-04 6.449880172282948390e-04 1.276563736390450871e-05 9.999997919137353364e-01 3.584259836844239534e-03 9.999997615814208984e-01 -4.242055874783545732e-04 -3.986021620221436024e-04 2.072718441486358643e-01 4.238086112309247255e-04 9.999993443489074707e-01 -1.004338264465332031e-03 -3.345302829984575510e-04 3.990313562098890543e-04 1.004171208478510380e-03 9.999994039535522461e-01 -1.185535266995429993e-02 6.125551986694335938e+01
1.007452000000000000e+08 9.999996144546157151e-01 -5.934135013085889247e-04 -6.472642436814404114e-04 1.955236904611074578e-01 5.934048694088576905e-04 9.999998238438043696e-01 -1.352793772668956143e-05 -5.280479122474122076e-05 6.472721573230864759e-04 1.314384273954553790e-05 9.999997904329653853e-01 3.592393410363865433e-03 9.999997019767761230e-01 -4.926517140120267868e-04 6.437910487875342369e-04 2.085640132427215576e-01 4.930495633743703365e-04 9.999997019767761230e-01 -6.679143989458680153e-04 2.253777580335736275e-03 -6.434586248360574245e-04 6.682245875708758831e-04 9.999996423721313477e-01 -9.389835409820079803e-03 6.058332824707031250e+01
1.008489000000000000e+08 9.999997468827226399e-01 -2.940502869032721547e-04 -6.478957655748644653e-04 1.967445329400571985e-01 2.940443421869023814e-04 9.999999567259892919e-01 -9.270656949426530670e-06 -3.842712984931452884e-04 6.478984635771320270e-04 9.080144520073098337e-06 9.999997900725454691e-01 3.557626913338642494e-03 1.000000000000000000e+00 1.958268258022144437e-04 -2.666086584213189781e-05 2.035160958766937256e-01 -1.958134671440348029e-04 9.999998211860656738e-01 4.568473959807306528e-04 3.722477005794644356e-03 2.674768256838433444e-05 -4.568315052893012762e-04 9.999998807907104492e-01 -3.848834196105599403e-03 6.089932632446289062e+01
1.009526000000000000e+08 9.999997310673875983e-01 -3.407497603010448866e-04 -6.494264865744086256e-04 1.967622047457569801e-01 3.407430483319339549e-04 9.999999418925289429e-01 -1.044584131544959583e-05 -3.288610996963671094e-04 6.494300082557484012e-04 1.022455094890148176e-05 9.999997890680424328e-01 3.565279631196484594e-03 9.999997019767761230e-01 1.688856427790597081e-04 -6.925991619937121868e-04 2.020647376775741577e-01 -1.684134040260687470e-04 9.999998807907104492e-01 5.805849214084446430e-04 1.466130954213440418e-03 6.927012582309544086e-04 -5.804764223285019398e-04 9.999995231628417969e-01 -8.109529502689838409e-03 6.082454299926757812e+01
1.010562000000000000e+08 9.999995240302033128e-01 -7.231623530430873444e-04 -6.549622718286863318e-04 1.929293555802227000e-01 7.231540753197470165e-04 9.999997384411719592e-01 -1.287520472618326953e-05 1.235910860546956397e-04 6.549714113808712771e-04 1.240155996173460955e-05 9.999997854293026789e-01 3.577651204669321256e-03 9.999988675117492676e-01 -2.518560213502496481e-04 -1.463434658944606781e-03 2.033567875623703003e-01 2.539500710554420948e-04 9.999988675117492676e-01 1.456794561818242073e-03 4.247017204761505127e-03 1.463066088035702705e-03 -1.457158359698951244e-03 9.999979138374328613e-01 -9.184377267956733704e-03 6.093791961669921875e+01
1.011600000000000000e+08 9.999995757507389449e-01 -6.632190424219527175e-04 -6.392486382758544002e-04 1.993907016141490407e-01 6.632139869063740679e-04 9.999997800406027482e-01 -8.120474441343800023e-06 -5.857884004084419811e-05 6.392538833205301104e-04 7.696512347082123999e-06 9.999997956475918937e-01 3.629674082851152856e-03 9.999999403953552246e-01 -2.899326209444552660e-04 -2.501968410797417164e-04 2.017235457897186279e-01 2.901887928601354361e-04 9.999995231628417969e-01 9.484707261435687542e-04 4.538199398666620255e-03 2.499214897397905588e-04 -9.485453483648598194e-04 9.999994635581970215e-01 -9.001042693853378296e-03 6.040012741088867188e+01
1.012636000000000000e+08 9.999997345071885979e-01 -3.053088231683463239e-04 -6.616434704767511525e-04 1.937798706081346189e-01 3.053052776945955815e-04 9.999999533794396989e-01 -5.459581554267077960e-06 -3.148482075693546673e-04 6.616451064889590202e-04 5.257576864034713315e-06 9.999997810990344238e-01 3.521614392495062661e-03 9.999989271163940430e-01 -1.421838533133268356e-04 1.465290202759206295e-03 2.061246037483215332e-01 1.423874055035412312e-04 1.000000000000000000e+00 -1.604525023140013218e-04 1.356632448732852936e-03 -1.465272041969001293e-03 1.606606820132583380e-04 9.999989271163940430e-01 -5.555773153901100159e-03 6.020281600952148438e+01
1.013674000000000000e+08 9.999995962995094079e-01 -6.064877449999055798e-04 -6.630033211378075437e-04 1.919220752272782216e-01 6.064818096905816953e-04 9.999998160479933729e-01 -9.153169041439486982e-06 2.354310833904380582e-05 6.630087504620661666e-04 8.751065877569956343e-06 9.999997801713755852e-01 3.546071420986484854e-03 9.999998211860656738e-01 -1.438496983610093594e-04 5.342590739019215107e-04 1.974570006132125854e-01 1.446071692043915391e-04 9.999990463256835938e-01 -1.372497645206749439e-03 -1.545101520605385303e-03 -5.340637289918959141e-04 1.372578437440097332e-03 9.999989271163940430e-01 -1.536446041427552700e-03 6.018982315063476562e+01
1.014710000000000000e+08 9.999995115819118041e-01 -7.256863336522677245e-04 -6.709808407004822688e-04 1.897604272197713215e-01 7.256794922775529387e-04 9.999997366401126575e-01 -1.043948299089501999e-05 1.835838309070933407e-04 6.709882397811375116e-04 9.952560859087372094e-06 9.999997748378403051e-01 3.526403980890868099e-03 9.999998807907104492e-01 -4.908525152131915092e-04 1.137309009209275246e-04 1.941606700420379639e-01 4.910950665362179279e-04 9.999983906745910645e-01 -1.741672051139175892e-03 -1.474475138820707798e-03 -1.128667281591333449e-04 1.741723739542067051e-03 9.999985098838806152e-01 4.128966480493545532e-03 6.020320129394531250e+01
1.015747000000000000e+08 9.999996446530200478e-01 -4.993254076453926011e-04 -6.792406993390514127e-04 1.884380401231115776e-01 4.993235778852141583e-04 9.999998753338673607e-01 -2.863409432054469188e-06 -3.535769369630866843e-05 6.792420444339039706e-04 2.524247497709549482e-06 9.999997693118960473e-01 3.478120929585116691e-03 9.999999403953552246e-01 -5.152921585249714553e-05 -9.497936116531491280e-05 1.846519112586975098e-01 5.136569961905479431e-05 9.999999403953552246e-01 -4.029696574434638023e-04 1.836466399254277349e-04 9.499266161583364010e-05 4.029691917821764946e-04 9.999999403953552246e-01 4.448506515473127365e-03 6.064940643310546875e+01
1.016784000000000000e+08 9.999996566239324203e-01 -4.430279148385112323e-04 -7.003415737854743698e-04 1.841732805433593523e-01 4.430300015310479852e-04 9.999999018582206300e-01 2.824402218148610883e-06 -1.414622877052055611e-05 7.003402537637500643e-04 -3.134673560539579093e-06 9.999997547568342249e-01 3.402901887826788926e-03 1.000000000000000000e+00 9.190744458464905620e-05 -1.528131251689046621e-04 1.820408403873443604e-01 -9.162727656075730920e-05 9.999993443489074707e-01 1.156182959675788879e-03 4.763727076351642609e-03 1.529271103208884597e-04 -1.156171201728284359e-03 9.999993443489074707e-01 7.212961558252573013e-03 6.046313476562500000e+01
1.017821000000000000e+08 9.999995718286025514e-01 -5.751816569344639883e-04 -7.249197556935170700e-04 1.793928525382793848e-01 5.751832413317381747e-04 9.999998345801471844e-01 1.977138403375325975e-06 2.034459457583936797e-04 7.249184985636242641e-04 -2.394099261751769107e-06 9.999997372436784104e-01 3.346275722143426338e-03 9.999998211860656738e-01 -2.762347285170108080e-04 -4.369670059531927109e-04 1.822213530540466309e-01 2.766114193946123123e-04 9.999995827674865723e-01 8.316171006299555302e-04 4.434620961546897888e-03 4.367322835605591536e-04 -8.317377069033682346e-04 9.999995231628417969e-01 4.477973852772265673e-04 6.016022491455078125e+01
1.018859000000000000e+08 9.999993492137391193e-01 -8.816887390648549348e-04 -7.240145190569678008e-04 1.794655856728830379e-01 8.816825912270028539e-04 9.999996112790040526e-01 -8.810449898695968767e-06 5.268980332980056653e-04 7.240220056920257906e-04 8.172093147162381183e-06 9.999997378626332978e-01 3.387281216321814427e-03 9.999998807907104492e-01 -3.052550309803336859e-04 4.068297857884317636e-04 1.773588061332702637e-01 3.053665859624743462e-04 9.999998807907104492e-01 -4.930352442897856236e-04 9.902125020744279027e-05 -4.066779220011085272e-04 4.931564326398074627e-04 9.999997615814208984e-01 5.423682276159524918e-03 6.044444656372070312e+01
1.019896000000000000e+08 9.999996088512247416e-01 -4.893080586874173779e-04 -7.368005073778278145e-04 1.771179662795663023e-01 4.893130712879870245e-04 9.999998802644151086e-01 6.622951103086379706e-06 1.546244483981246902e-04 7.367971784930985295e-04 -6.983474647160916110e-06 9.999997285405259895e-01 3.300034921527909403e-03 9.999995231628417969e-01 1.361546455882489681e-04 9.462706511840224266e-04 1.721688657999038696e-01 -1.349477533949539065e-04 9.999992847442626953e-01 -1.230170601047575474e-03 -1.864778343588113785e-03 -9.464364848099648952e-04 1.230042078532278538e-03 9.999988675117492676e-01 4.904028959572315216e-03 6.047520065307617188e+01
1.020932000000000000e+08 9.999995928159167713e-01 -5.079361939756952713e-04 -7.459013307523394568e-04 1.728665494864450869e-01 5.079513364979081807e-04 9.999998707904673712e-01 2.011167103159317349e-05 2.203120450175022728e-04 7.458910189287807887e-04 -2.049054443344786050e-05 9.999997216133142963e-01 3.244948617110300030e-03 9.999997019767761230e-01 9.700722330308053643e-06 7.621545228175818920e-04 1.643774360418319702e-01 -9.605106242815963924e-06 9.999999403953552246e-01 -1.813181006582453847e-04 -9.480735752731561661e-04 -7.621573167853057384e-04 1.813218987081199884e-04 9.999996423721313477e-01 -3.963132621720433235e-05 6.001667022705078125e+01
1.021970000000000000e+08 9.999994663719955490e-01 -6.310562013339061005e-04 -8.179387663849960882e-04 1.494668141244444304e-01 6.310231068982274450e-04 9.999998000759185990e-01 -4.071821298933313261e-05 4.057278890138990503e-04 8.179642983394182915e-04 4.020205301420545806e-05 9.999996646590542104e-01 2.722452219566729153e-03 9.999999403953552246e-01 2.121952638844959438e-05 -2.565594040788710117e-04 1.544476598501205444e-01 -2.084685911540873349e-05 9.999993443489074707e-01 1.173860859125852585e-03 4.945640452206134796e-03 2.565821341704577208e-04 -1.173858414404094219e-03 9.999992251396179199e-01 -3.565604332834482193e-03 6.008809661865234375e+01
1.023007000000000000e+08 9.999995808189874325e-01 -3.487847706410269447e-04 -8.465878627815990850e-04 1.509659319096730568e-01 3.487444555041032475e-04 9.999999380477631039e-01 -4.776788874426123461e-05 1.372813714620075318e-04 8.466044710461762815e-04 4.747262588928265100e-05 9.999996405035349589e-01 2.697193958814893440e-03 9.999991059303283691e-01 -3.661191612991387956e-06 -1.330868457444012165e-03 1.468000710010528564e-01 5.947829322394682094e-06 9.999985098838806152e-01 1.721884822472929955e-03 6.733503658324480057e-03 1.330865779891610146e-03 -1.721899490803480148e-03 9.999976158142089844e-01 4.561095498502254486e-03 6.017695999145507812e+01
1.024045000000000000e+08 9.999994884598248923e-01 -6.263945718636758321e-04 -7.941724918351920383e-04 1.660567105957006517e-01 6.263779145744631559e-04 9.999998036001314095e-01 -2.122295009362085402e-05 3.923176317628810955e-04 7.941856298003271107e-04 2.072548713666756440e-05 9.999996844197754919e-01 3.115269892342895260e-03 9.999994635581970215e-01 -2.191485255025327206e-04 -1.077448134310543537e-03 1.435980349779129028e-01 2.190017112297937274e-04 1.000000000000000000e+00 -1.322659809375181794e-04 2.739360090345144272e-03 1.077474444173276424e-03 1.320325391134247184e-04 9.999994039535522461e-01 7.047943770885467529e-03 6.014054489135742188e+01
1.025083000000000000e+08 9.999996106954233133e-01 -2.285207534273946790e-04 -8.522835404370733602e-04 1.491985938818397306e-01 2.284866027977293151e-04 9.999999730902521256e-01 -4.016671448473222350e-05 4.087085230310727479e-05 8.522926964305920601e-04 3.997196346842620278e-05 9.999996359996188300e-01 2.651254567802212390e-03 9.999998807907104492e-01 -6.485836638603359461e-05 -4.625514266081154346e-04 1.409618109464645386e-01 6.380526610882952809e-05 9.999974370002746582e-01 -2.273424295708537102e-03 -2.048983238637447357e-03 4.626933368854224682e-04 2.273396588861942291e-03 9.999973773956298828e-01 4.467620979994535446e-03 6.052751922607421875e+01
1.026119000000000000e+08 9.999996734870891801e-01 -6.242346644417008108e-05 -8.056854564266723853e-04 1.369398188702587726e-01 6.242282017103508427e-05 9.999999980513536446e-01 -8.272873409812706534e-07 -1.380775436626197376e-04 8.056855064988178170e-04 7.769939147156234964e-07 9.999996754350920503e-01 2.425099521253620133e-03 1.000000000000000000e+00 1.691647630650550127e-04 -2.003776753554120660e-04 1.420813947916030884e-01 -1.698178239166736603e-04 9.999957084655761719e-01 -2.933360869064927101e-03 -3.148028161376714706e-03 1.998790394281968474e-04 2.933396492153406143e-03 9.999956488609313965e-01 -5.509948241524398327e-04 6.039696121215820312e+01
1.027156000000000000e+08 9.999996077936387229e-01 -2.100258871366756665e-04 -8.604078466230571324e-04 1.538064483682271277e-01 2.099891102088274680e-04 9.999999770349221606e-01 -4.283371224165490406e-05 2.254340171499720521e-05 8.604168230525125610e-04 4.265301915630785346e-05 9.999996289317208964e-01 2.740982062667611432e-03 9.999998807907104492e-01 3.736127691809087992e-04 2.600257575977593660e-04 1.394148468971252441e-01 -3.735412319656461477e-04 9.999998807907104492e-01 -1.383422641083598137e-04 4.741118289530277252e-03 -2.600797743070870638e-04 1.382412301609292626e-04 1.000000000000000000e+00 9.294579285779036582e-06 6.003670501708984375e+01
1.028194000000000000e+08 9.999994477450531161e-01 -6.531066441724490837e-04 -8.233840795220856695e-04 1.586202158789733196e-01 6.530675230821987717e-04 9.999997856099005489e-01 -4.778053510866398326e-05 4.283480144868300832e-04 8.234151087804450226e-04 4.724278334084980649e-05 9.999996598777941559e-01 2.920078433189239250e-03 9.999962449073791504e-01 -3.694153274409472942e-04 2.722882200032472610e-03 1.468712091445922852e-01 3.619794442784041166e-04 9.999961853027343750e-01 2.726902253925800323e-03 7.149687502533197403e-03 -2.723869169130921364e-03 -2.725904341787099838e-03 9.999925494194030762e-01 -7.310297340154647827e-03 5.989718246459960938e+01
1.029230000000000000e+08 9.999995879372033381e-01 -3.544149785286746456e-04 -8.357724083026359845e-04 1.574937809923301069e-01 3.543802482437368785e-04 9.999999363377763961e-01 -4.170244398174108275e-05 1.289952457546351418e-04 8.357871350650095772e-04 4.140624559003026921e-05 9.999996498726630989e-01 2.859237855906909733e-03 9.999972581863403320e-01 -8.170180080924183130e-05 2.324740868061780930e-03 1.443391442298889160e-01 7.279932469828054309e-05 9.999927878379821777e-01 3.816915675997734070e-03 9.275846183300018311e-03 -2.325040288269519806e-03 -3.816733835265040398e-03 9.999899864196777344e-01 -6.344022694975137711e-03 6.005136108398437500e+01
1.030267000000000000e+08 9.999996978390236491e-01 -1.352519373202678936e-04 -7.655251754134869855e-04 1.308443184963819228e-01 1.352619224314706621e-04 9.999999907677140643e-01 1.299172078317171916e-05 -1.161364209484204088e-04 7.655234111905909579e-04 -1.309526326117237230e-05 9.999997069011768991e-01 2.326039498809544248e-03 9.999998211860656738e-01 2.308845723746344447e-04 -5.089160404168069363e-04 1.347971409559249878e-01 -2.297509345225989819e-04 9.999974370002746582e-01 2.237973036244511604e-03 7.324046455323696136e-03 5.094297812320291996e-04 -2.237858017906546593e-03 9.999973773956298828e-01 2.487100427970290184e-03 5.995132827758789062e+01
1.031305000000000000e+08 9.999996420491022997e-01 -2.550636308311454931e-04 -8.067491892463490031e-04 1.413340925800090908e-01 2.550519808641654512e-04 9.999999673684885071e-01 -1.454347994028243492e-05 2.883796931222909989e-05 8.067528724334816761e-04 1.433771176796159498e-05 9.999996744720829334e-01 2.529547374758509860e-03 9.999982714653015137e-01 -1.512206508778035641e-04 -1.851720386184751987e-03 1.293450593948364258e-01 1.512680173618718982e-04 1.000000000000000000e+00 -8.537062967661768198e-06 4.481324460357427597e-03 1.851726206950843334e-03 8.252321094914805144e-06 9.999982118606567383e-01 6.284383125603199005e-03 5.970307159423828125e+01
1.032341000000000000e+08 9.999994358379095116e-01 -7.205026271599190846e-04 -7.805124866222299491e-04 1.443250582559233719e-01 7.204837873801125600e-04 9.999997401533685659e-01 -2.441860722494136555e-05 4.653266627969104103e-04 7.805298774806579800e-04 2.385624681402721364e-05 9.999996951019254343e-01 2.657367015807155387e-03 9.999987483024597168e-01 -1.929418940562754869e-04 -1.622594078071415424e-03 1.295783072710037231e-01 1.913668384077027440e-04 9.999995231628417969e-01 -9.605797240510582924e-04 3.492734627798199654e-03 1.622779760509729385e-03 9.602715726941823959e-04 9.999982118606567383e-01 7.018116768449544907e-03 5.978326416015625000e+01
1.033379000000000000e+08 9.999996345242985196e-01 -2.614634009398808241e-04 -8.139952123938918368e-04 1.430861935000370400e-01 2.614471269764874766e-04 9.999999656207156917e-01 -2.009904705491029358e-05 4.182720746768385208e-05 8.140004395741850477e-04 1.988622301308564500e-05 9.999996685038774480e-01 2.558963453729015767e-03 9.999999403953552246e-01 2.759880408120807260e-05 -3.487023350317031145e-04 1.308246999979019165e-01 -2.771184335870202631e-05 9.999998807907104492e-01 -3.942792245652526617e-04 4.241278395056724548e-03 3.486921777948737144e-04 3.942853363696485758e-04 9.999999403953552246e-01 4.815646447241306305e-03 5.985091018676757812e+01
1.034415000000000000e+08 9.999995393731389015e-01 -5.485212674048482121e-04 -7.876407315157789822e-04 1.425998467872343634e-01 5.485062798619118937e-04 9.999998493852466641e-01 -1.924428681787903857e-05 3.013447012827309896e-04 7.876511687861438051e-04 1.881225206246957922e-05 9.999996896258170898e-01 2.602220412905374095e-03 9.999999403953552246e-01 -2.409920853096991777e-04 -2.235546271549537778e-04 1.343309134244918823e-01 2.409872540738433599e-04 9.999998807907104492e-01 2.465531288180500269e-04 5.301139783114194870e-03 2.234888088423758745e-04 -2.465947763994336128e-04 9.999999403953552246e-01 -3.531391557771712542e-04 5.994553756713867188e+01
1.035452000000000000e+08 9.999993772206920983e-01 -7.847970890196449010e-04 -7.935059544376898109e-04 1.468166603862825215e-01 7.847729282045586658e-04 9.999996915926031571e-01 -3.075908498473633139e-05 5.535105294665687917e-04 7.935298493560402101e-04 3.013634380855278162e-05 9.999996847010252932e-01 2.703628136602670602e-03 9.999994635581970215e-01 -3.431972872931510210e-04 -9.940013987943530083e-04 1.399395614862442017e-01 3.434871323406696320e-04 9.999998807907104492e-01 2.845325507223606110e-04 3.387039992958307266e-03 9.939080337062478065e-04 -2.848787698894739151e-04 9.999994635581970215e-01 -6.099743768572807312e-03 6.044908905029296875e+01
1.036490000000000000e+08 9.999994884594772815e-01 -6.427725016007650519e-04 -7.809765123104157273e-04 1.675251946716583840e-01 6.427601838167274970e-04 9.999997933012843010e-01 -1.602317314875132391e-05 3.831448213323234179e-04 7.809866501384853717e-04 1.552118435438134560e-05 9.999996949094313026e-01 3.156716259376243956e-03 9.999984502792358398e-01 -3.179952036589384079e-04 -1.664742478169500828e-03 1.498943567276000977e-01 3.183813823852688074e-04 9.999999403953552246e-01 2.353195450268685818e-04 3.165074391290545464e-03 1.664666226133704185e-03 -2.358418714720755816e-04 9.999986290931701660e-01 -9.464778937399387360e-03 6.001424026489257812e+01
1.037526000000000000e+08 9.999990625188193150e-01 -1.125134545930246829e-03 -7.804061261933684535e-04 1.663364578166587060e-01 1.125101143817390384e-03 9.999993661387126531e-01 -4.323863355995865492e-05 8.754514411799625348e-04 7.804542808048417057e-04 4.236055719262391635e-05 9.999996945483003996e-01 3.195737434203063405e-03 9.999951124191284180e-01 -9.571053087711334229e-04 -2.989521482959389687e-03 1.589269489049911499e-01 9.553934796713292599e-04 9.999993443489074707e-01 -5.794825847260653973e-04 2.438109600916504860e-03 2.990073757246136665e-03 5.766226095147430897e-04 9.999954104423522949e-01 -4.650443792343139648e-03 5.963695907592773438e+01
1.038564000000000000e+08 9.999986119695680742e-01 -1.505509566139316994e-03 -7.137925640283902763e-04 1.776435799896551593e-01 1.505504833696575924e-03 9.999988667012468246e-01 -7.167260221975828104e-06 1.160301508327346446e-03 7.138025454672065938e-04 6.092632095385397422e-06 9.999997452243650775e-01 3.445657017985449475e-03 9.999919533729553223e-01 -1.281110802665352821e-03 -3.811979200690984726e-03 1.773101538419723511e-01 1.277355127967894077e-03 9.999986290931701660e-01 -9.966336656361818314e-04 3.089006757363677025e-03 3.813256742432713509e-03 9.917434072121977806e-04 9.999921917915344238e-01 -4.298957996070384979e-03 6.049766540527343750e+01
1.039601000000000000e+08 9.999982869157088006e-01 -1.719866821005518361e-03 -6.842688372215133914e-04 1.942565464963741106e-01 1.719878308074541777e-03 9.999985208770331147e-01 1.619928700184209710e-05 1.055188502419236295e-03 6.842399644881618686e-04 -1.737611835506251034e-05 9.999997657568484577e-01 3.602157784029065557e-03 9.999935030937194824e-01 -1.722003100439906120e-03 -3.163001732900738716e-03 2.036959826946258545e-01 1.719371066428720951e-03 9.999982118606567383e-01 -8.271920960396528244e-04 4.151264205574989319e-03 3.164415014907717705e-03 8.217549766413867474e-04 9.999946951866149902e-01 -3.377462038770318031e-03 5.969606399536132812e+01
1.040637000000000000e+08 9.999955027919977812e-01 -2.922927218535925978e-03 -6.714850227326418178e-04 2.193075037186419385e-01 2.923002641919280817e-03 9.999957218170039130e-01 1.113693477589447120e-04 1.767467637476966610e-03 6.711566254946203011e-04 -1.133315994292117418e-04 9.999997683523363934e-01 3.847479925789750854e-03 9.999940991401672363e-01 -2.843810711055994034e-03 -1.921530463732779026e-03 2.319853156805038452e-01 2.845001639798283577e-03 9.999957680702209473e-01 6.089953240007162094e-04 7.527041248977184296e-03 1.919792382977902889e-03 -6.144603830762207508e-04 9.999979734420776367e-01 -2.167933853343129158e-03 5.933273696899414062e+01
1.041674000000000000e+08 9.999905574435165034e-01 -4.297602734461856110e-03 -6.446976552298013625e-04 2.577193581005183809e-01 4.297761942250799723e-03 9.999907343775799040e-01 2.457677586369249071e-04 2.453378826340368510e-03 6.436354695427080322e-04 -2.485361949309583584e-04 9.999997619815493843e-01 4.197659497936905536e-03 9.999899268150329590e-01 -4.121934529393911362e-03 -1.801233272999525070e-03 2.604345679283142090e-01 4.123368300497531891e-03 9.999911785125732422e-01 7.893556612543761730e-04 8.493682369589805603e-03 1.797963632270693779e-03 -7.967821438796818256e-04 9.999980330467224121e-01 -5.605478072538971901e-04 5.920364761352539062e+01
1.042710000000000000e+08 9.999856292581641437e-01 -5.325613567445347529e-03 -6.157249498209885728e-04 2.864772003093718489e-01 5.325805463431676143e-03 9.999857696102421034e-01 3.104401848580025380e-04 2.955492921025629563e-03 6.140629033505701998e-04 -3.137149549119360760e-04 9.999997622548100207e-01 4.442324647390018429e-03 9.999852776527404785e-01 -5.382491741329431534e-03 -7.107306737452745438e-04 2.903431951999664307e-01 5.381458904594182968e-03 9.999846220016479492e-01 -1.385910552926361561e-03 4.150374326854944229e-03 7.181831169873476028e-04 1.382076414301991463e-03 9.999988079071044922e-01 -4.042779561132192612e-03 5.916368103027343750e+01
1.043746000000000000e+08 9.999843099848488848e-01 -5.570957547748075708e-03 -5.867009662143548394e-04 3.074885794766186176e-01 5.571137675974464215e-03 9.999844343252777268e-01 3.058333395468967137e-04 2.816434794151949535e-03 5.849880493701962352e-04 -3.090971326772830449e-04 9.999997811239615952e-01 4.566330354311786896e-03 9.999812245368957520e-01 -5.867873784154653549e-03 -1.736802048981189728e-03 3.193049132823944092e-01 5.862249061465263367e-03 9.999774694442749023e-01 -3.244458930566906929e-03 1.585309044457972050e-03 1.755801378749310970e-03 3.234208328649401665e-03 9.999932646751403809e-01 -1.299051661044359207e-02 5.953878402709960938e+01
1.044782000000000000e+08 9.999775347563931716e-01 -6.676159931790864172e-03 -5.990580537481850166e-04 3.460371747082838789e-01 6.676331654637044852e-03 9.999776724031996800e-01 2.851143276663889166e-04 3.304557589844501868e-03 5.971412093481216635e-04 -2.891074327987486442e-04 9.999997799196073123e-01 4.758956925586891804e-03 9.999729394912719727e-01 -6.774145178496837616e-03 -2.856994746252894402e-03 3.456552922725677490e-01 6.770894397050142288e-03 9.999764561653137207e-01 -1.141526736319065094e-03 7.196080405265092850e-03 2.864653477445244789e-03 1.122159417718648911e-03 9.999952316284179688e-01 -2.013212628662586212e-02 6.022009658813476562e+01
1.045820000000000000e+08 9.999607004795315612e-01 -8.845135233173158362e-03 -6.008982286281035288e-04 3.780129373902786916e-01 8.845272984968448327e-03 9.999608540479411056e-01 2.269736220995720213e-04 4.998381355109743351e-03 5.988670934998303799e-04 -2.322798110479195558e-04 9.999997937021242178e-01 5.175162402046580568e-03 9.999620914459228516e-01 -8.698665536940097809e-03 2.323673543287441134e-04 3.765830397605895996e-01 8.698033168911933899e-03 9.999591708183288574e-01 2.452365588396787643e-03 1.071867346763610840e-02 -2.536850806791335344e-04 -2.450259402394294739e-03 9.999969601631164551e-01 -1.285119820386171341e-02 5.941769790649414062e+01
1.046857000000000000e+08 9.999576293675251915e-01 -9.185951416388294863e-03 -5.981381101388924841e-04 3.918375461201057397e-01 9.186064499046167967e-03 9.999577898130118658e-01 1.865857133637370763e-04 5.173722383560126759e-03 5.963988953798881167e-04 -1.920723426775179264e-04 9.999998037082739044e-01 5.414029047763144024e-03 9.999545812606811523e-01 -9.503728710114955902e-03 -7.343766628764569759e-04 3.955745398998260498e-01 9.501646272838115692e-03 9.999508857727050781e-01 -2.809756668284535408e-03 6.653772667050361633e-03 7.610453758388757706e-04 2.802660455927252769e-03 9.999958276748657227e-01 -7.474386133253574371e-03 5.936291122436523438e+01
1.047894000000000000e+08 9.999538674716820230e-01 -9.584430422544769693e-03 -6.337367329154723226e-04 4.182168402341875368e-01 9.584513882694488049e-03 9.999540591983272497e-01 1.287896138455999775e-04 5.471405255942213969e-03 6.324732434535930469e-04 -1.348577309469783459e-04 9.999997908954733061e-01 5.791230400225954450e-03 9.999524354934692383e-01 -9.757038205862045288e-03 2.234565545222721994e-05 4.279543459415435791e-01 9.757075458765029907e-03 9.999440312385559082e-01 -4.086607135832309723e-03 9.074187255464494228e-04 1.752788375597447157e-05 4.086624830961227417e-03 9.999916553497314453e-01 -2.451630868017673492e-02 5.892358398437500000e+01
1.048930000000000000e+08 9.999553188935680348e-01 -9.424792938540964976e-03 -7.304101744052039508e-04 4.502534282072909733e-01 9.424854111166964393e-03 9.999555818498340187e-01 8.035428518397196105e-05 5.745122557528889451e-03 7.296204084765330316e-04 -8.723470385462882195e-05 9.999997300220601071e-01 6.249963789563274009e-03 9.999473094940185547e-01 -1.007164921611547470e-02 1.968351425603032112e-03 4.490886628627777100e-01 1.007690094411373138e-02 9.999457001686096191e-01 -2.676695818081498146e-03 1.015146495774388313e-03 -1.941287075169384480e-03 2.696392592042684555e-03 9.999944567680358887e-01 -1.756963133811950684e-02 5.928793716430664062e+01
1.049967000000000000e+08 9.999493596938686668e-01 -1.003879269618363629e-02 -7.075931560704433118e-04 4.773738373994431128e-01 1.003886014464275278e-02 9.999496051564911170e-01 9.183369558420236521e-05 6.633991866455394085e-03 7.066355975825925131e-04 -9.893247389747682348e-05 9.999997454392141050e-01 6.741270327230153292e-03 9.999412298202514648e-01 -1.029779296368360519e-02 3.385490039363503456e-03 4.731335341930389404e-01 1.030015759170055389e-02 9.999466538429260254e-01 -6.613126606680452824e-04 7.595906499773263931e-03 -3.378494875505566597e-03 6.961348117329180241e-04 9.999940395355224609e-01 -1.257155835628509521e-02 5.924886322021484375e+01
1.051005000000000000e+08 9.999448553699264997e-01 -1.047885397137456043e-02 -6.927021551287889474e-04 4.864517612174784622e-01 1.047892717572445481e-02 9.999450893181125455e-01 1.021345207058713193e-04 7.185828462863222584e-03 6.915938656291987499e-04 -1.093876641305980651e-04 9.999997548660966018e-01 6.849364594456288161e-03 9.999374747276306152e-01 -1.096497941762208939e-02 -2.198162488639354706e-03 4.885724782943725586e-01 1.096839364618062973e-02 9.999385476112365723e-01 1.579023082740604877e-03 9.232374839484691620e-03 2.180708339437842369e-03 -1.603028504177927971e-03 9.999963641166687012e-01 -1.115649566054344177e-02 5.894441604614257812e+01
1.052041000000000000e+08 9.999500031504162667e-01 -9.976079934269780139e-03 -6.848542820196324050e-04 5.093352573451992438e-01 9.976154469584564907e-03 9.999502313653769736e-01 1.055040423132797364e-04 7.118240876828886045e-03 6.837676809623865776e-04 -1.123309797713365350e-04 9.999997599217180788e-01 7.291406729265871058e-03 9.999463558197021484e-01 -1.028399169445037842e-02 -1.219178084284067154e-03 5.144879221916198730e-01 1.028358004987239838e-02 9.999470710754394531e-01 -4.259800771251320839e-04 6.915332749485969543e-03 1.223498722538352013e-03 4.134206392336636782e-04 9.999991655349731445e-01 -1.815474219620227814e-02 5.926639938354492188e+01
1.053077000000000000e+08 9.999560107048789392e-01 -9.357949510744624499e-03 -6.367355224399746721e-04 5.525291887981846894e-01 9.358096332456877775e-03 9.999561860632052435e-01 2.279977282464481093e-04 7.585727430879675263e-03 6.345740332219575739e-04 -2.339463314157043275e-04 9.999997712924185711e-01 7.917915278378453298e-03 9.999425411224365234e-01 -9.614472277462482452e-03 4.752695094794034958e-03 5.431088805198669434e-01 9.628442116081714630e-03 9.999493360519409180e-01 -2.945643849670886993e-03 1.987677300348877907e-03 -4.724142141640186310e-03 2.991245128214359283e-03 9.999843239784240723e-01 -1.820242963731288910e-02 5.942963027954101562e+01
1.054115000000000000e+08 9.999617740781162611e-01 -8.723193969130542055e-03 -5.968869329382345094e-04 5.732456225362408953e-01 8.723358756002304662e-03 9.999619132359153229e-01 2.740329412581916230e-04 7.410924076550017350e-03 5.944737570875544171e-04 -2.792293246441628768e-04 9.999997843159575961e-01 8.252063987005472598e-03 9.999486804008483887e-01 -9.296864271163940430e-03 4.017982631921768188e-03 5.643749237060546875e-01 9.312629699707031250e-03 9.999489784240722656e-01 -3.905489109456539154e-03 -5.031661130487918854e-03 -3.981470130383968353e-03 3.942695446312427521e-03 9.999842643737792969e-01 -1.845904253423213959e-02 5.984355163574218750e+01
1.055153000000000000e+08 9.999596415450655584e-01 -8.967560841701997451e-03 -5.460201015231021335e-04 5.856340947135120212e-01 8.967717855436417931e-03 9.999597483711053503e-01 2.857943078986571132e-04 7.882432890103222012e-03 5.434352456191995570e-04 -2.906793276333414231e-04 9.999998100918233712e-01 8.386351686362789742e-03 9.999551773071289062e-01 -9.228914976119995117e-03 2.098140306770801544e-03 5.772851705551147461e-01 9.229218587279319763e-03 9.999573826789855957e-01 -1.820933684939518571e-04 3.991888836026191711e-03 -2.096371725201606750e-03 2.014569035964086652e-04 9.999978542327880859e-01 -1.382335089147090912e-02 5.907676696777343750e+01
1.056189000000000000e+08 9.999770354263672889e-01 -6.756561866182751730e-03 -5.267774772996137609e-04 6.069300039627756327e-01 6.756725512979361997e-03 9.999771251754190349e-01 3.094981481862627503e-04 6.067497708668043339e-03 5.246742841028827513e-04 -3.130503312919479691e-04 9.999998133581871063e-01 8.755957062393446289e-03 9.999674558639526367e-01 -7.059329655021429062e-03 3.924228250980377197e-03 5.990768671035766602e-01 7.038499694317579269e-03 9.999610185623168945e-01 5.327881779521703720e-03 1.442361064255237579e-02 -3.961690701544284821e-03 -5.300092510879039764e-03 9.999781250953674316e-01 -1.442292612046003342e-02 5.892403030395507812e+01
1.057226000000000000e+08 9.999825040096486095e-01 -5.895896862401508141e-03 -4.796615766838771252e-04 6.241263881135749036e-01 5.896053143419048397e-03 9.999825652961523703e-01 3.250561519194388881e-04 5.444725955411953630e-03 4.777367164047279478e-04 -3.278785748510640286e-04 9.999998321316230232e-01 8.997280976480502221e-03 9.999722838401794434e-01 -5.733705591410398483e-03 4.743541125208139420e-03 6.223188042640686035e-01 5.723229143768548965e-03 9.999811649322509766e-01 2.202532719820737839e-03 8.790831081569194794e-03 -4.756072536110877991e-03 -2.175314119085669518e-03 9.999863505363464355e-01 -1.192466169595718384e-02 5.907977676391601562e+01
1.058265000000000000e+08 9.999871128462667347e-01 -5.056979600873478219e-03 -4.484412298887852522e-04 6.302024598248876508e-01 5.057123997223357016e-03 9.999871610017121437e-01 3.214489725104739551e-04 4.672089978426739731e-03 4.468099115085874106e-04 -3.237126527800450590e-04 9.999998477855039924e-01 9.134294407410864861e-03 9.999864101409912109e-01 -5.171324592083692551e-03 -5.853047478012740612e-04 6.316263675689697266e-01 5.173492245376110077e-03 9.999790787696838379e-01 3.888971172273159027e-03 9.434922598302364349e-03 5.651734536513686180e-04 -3.891956526786088943e-03 9.999921917915344238e-01 -2.436889102682471275e-03 5.925395202636718750e+01
1.059302000000000000e+08 9.999972593501120777e-01 -2.314495218822916131e-03 -3.527093484138703870e-04 6.529806027585134398e-01 2.314573461854956514e-03 9.999972968204851043e-01 2.215878008627228770e-04 2.485549526734632565e-03 3.521955310469446709e-04 -2.224035653047750553e-04 9.999999132474730601e-01 9.465591258273510847e-03 9.999964833259582520e-01 -1.945139956660568714e-03 1.776917371898889542e-03 6.563937664031982422e-01 1.938338624313473701e-03 9.999907016754150391e-01 3.840746590867638588e-03 9.021048434078693390e-03 -1.784362480975687504e-03 -3.837284166365861893e-03 9.999911189079284668e-01 -6.935801357030868530e-03 5.902256011962890625e+01
1.060341000000000000e+08 9.999983967181124145e-01 -1.761514470882458725e-03 -3.219128780264240725e-04 6.722210361702197767e-01 1.761579592905442937e-03 9.999984279900202555e-01 2.021255924449187732e-04 2.232268680402004629e-03 3.215563248120883273e-04 -2.026923435500403074e-04 9.999999277586676394e-01 9.462872541458068262e-03 9.999962449073791504e-01 -1.685461727902293205e-03 2.198512665927410126e-03 6.732841134071350098e-01 1.673076883889734745e-03 9.999827742576599121e-01 5.628647282719612122e-03 9.856790304183959961e-03 -2.207965124398469925e-03 -5.624953191727399826e-03 9.999817013740539551e-01 -8.658672682940959930e-03 5.893241500854492188e+01
1.061379000000000000e+08 9.999956083941160534e-01 -2.946660707161718323e-03 -3.168338899808495761e-04 6.818550778165518578e-01 2.946733374507893438e-03 9.999956321209686472e-01 2.291330534841028242e-04 3.526589114221899846e-03 3.161573287661009475e-04 -2.300656721608623702e-04 9.999999235571669365e-01 9.379494146551257613e-03 9.999957084655761719e-01 -2.926996676251292229e-03 -1.146467839134857059e-04 6.923406720161437988e-01 2.926898887380957603e-03 9.999951720237731934e-01 -9.975427528843283653e-04 2.359699923545122147e-03 1.175645156763494015e-04 9.972000261768698692e-04 9.999995231628417969e-01 -8.886396884918212891e-03 5.882601547241210938e+01
1.062417000000000000e+08 9.999977777282182956e-01 -2.088367048126626210e-03 -2.885514082530629839e-04 7.003692079971911566e-01 2.088426908518411108e-03 9.999977977463049283e-01 2.073060635662141789e-04 2.914191099487435221e-03 2.881178416588861470e-04 -2.079082213717630724e-04 9.999999368811415268e-01 9.366945981910783370e-03 9.999980330467224121e-01 -1.841934979893267155e-03 7.410220568999648094e-04 7.114039063453674316e-01 1.842012628912925720e-03 9.999982714653015137e-01 -5.504752334672957659e-05 3.335216082632541656e-03 -7.409187383018434048e-04 5.641531242872588336e-05 9.999997019767761230e-01 -4.625913687050342560e-03 5.916003036499023438e+01
1.063455000000000000e+08 9.999993915752058982e-01 -1.070456465398505769e-03 -2.664060647327618587e-04 7.165413132113205297e-01 1.070504761588633637e-03 9.999994105908335262e-01 1.812113627604758977e-04 2.069999874619243667e-03 2.662119288385124275e-04 -1.814964414636939278e-04 9.999999480951247133e-01 9.365289329405047242e-03 9.999988079071044922e-01 -1.115142367780208588e-03 -1.073000254109501839e-03 7.292345166206359863e-01 1.112709520384669304e-03 9.999969601631164551e-01 -2.213720232248306274e-03 6.023506633937358856e-03 1.075461274012923241e-03 2.212518127635121346e-03 9.999969601631164551e-01 2.413886249996721745e-04 5.926131057739257812e+01
1.064492000000000000e+08 9.999944764856658619e-01 -3.314039557594245910e-03 -2.532594156766601210e-04 7.323122454269859194e-01 3.314096819600536193e-03 9.999944828244760053e-01 2.260160186305891223e-04 4.173446810172068248e-03 2.525089923982056341e-04 -2.268540964244399321e-04 9.999999423882141025e-01 9.228416754484497150e-03 9.999768137931823730e-01 -2.809751313179731369e-03 -6.202256307005882263e-03 7.401226758956909180e-01 2.851828001439571381e-03 9.999729990959167480e-01 6.768058054149150848e-03 1.605363003909587860e-02 6.183078978210687637e-03 -6.785589270293712616e-03 9.999578595161437988e-01 -1.154074794612824917e-03 5.980777740478515625e+01
1.065530000000000000e+08 9.999980969002226772e-01 -1.937792295515899108e-03 -2.261790933421366364e-04 7.546470251952301922e-01 1.937837464470358638e-03 9.999981024598633139e-01 1.996563641560303499e-04 3.212678843355413344e-03 2.257917715970623464e-04 -2.000942825073629880e-04 9.999999544901763127e-01 9.282699382806677141e-03 9.999815821647644043e-01 -1.480634789913892746e-03 -5.892415530979633331e-03 7.594627737998962402e-01 1.516660791821777821e-03 9.999800324440002441e-01 6.121784448623657227e-03 1.747054047882556915e-02 5.883231759071350098e-03 -6.130604073405265808e-03 9.999639391899108887e-01 -1.021318836137652397e-03 5.923420715332031250e+01
1.066568000000000000e+08 9.999984934040070383e-01 -1.723849991662056895e-03 -2.037917127473056888e-04 7.745258666656451574e-01 1.723887251428163998e-03 9.999984973976602243e-01 1.827985384686462117e-04 2.954634843548676476e-03 2.034762892850257722e-04 -1.831495769843599392e-04 9.999999625268171100e-01 9.279550528504664636e-03 9.999809861183166504e-01 -1.811857800930738449e-03 -5.899366457015275955e-03 7.751755714416503906e-01 1.799256890080869198e-03 9.999961256980895996e-01 -2.136439317837357521e-03 3.535144031047821045e-03 5.903209559619426727e-03 2.125779399648308754e-03 9.999802708625793457e-01 -5.278681404888629913e-03 5.921424102783203125e+01
1.067605000000000000e+08 9.999985112973035495e-01 -1.714509778446391460e-03 -1.945751812583284147e-04 7.941992863099007760e-01 1.714540251036596966e-03 9.999985179205078678e-01 1.565522908378090647e-04 2.845300994653647900e-03 1.943064824584308647e-04 -1.568856647463649681e-04 9.999999688159401101e-01 9.445215293119202382e-03 9.999977350234985352e-01 -2.026031259447336197e-03 -4.454920417629182339e-04 8.003980517387390137e-01 2.022837055847048759e-03 9.999729394912719727e-01 -7.076695561408996582e-03 -1.093175495043396950e-03 4.598294035531580448e-04 7.075782865285873413e-03 9.999748468399047852e-01 -4.447554238140583038e-03 5.970809555053710938e+01
1.068642000000000000e+08 9.999997028945337707e-01 -7.554066844139015538e-04 -1.535304664753871012e-04 8.157604368646753645e-01 7.554219589779023400e-04 9.999997097231316801e-01 9.945518912764402236e-05 1.986949001857672009e-03 1.534552927967694014e-04 -9.957113986102186527e-05 9.999999832685310119e-01 9.793229201536428688e-03 9.999893903732299805e-01 -7.853774004615843296e-04 4.540296271443367004e-03 8.200953006744384766e-01 7.695599924772977829e-04 9.999936223030090332e-01 3.481366671621799469e-03 1.419236417859792709e-02 -4.543007351458072662e-03 -3.477836959064006805e-03 9.999836087226867676e-01 3.778998274356126785e-03 5.945011138916015625e+01
1.069680000000000000e+08 9.999994899329577303e-01 -1.000059557693618040e-03 -1.414734050503896920e-04 8.278045721166920057e-01 1.000071615350060783e-03 9.999994963001000992e-01 8.518408805384893750e-05 2.026148146146244597e-03 1.413881446303996117e-04 -8.532552813836388034e-05 9.999999863644735143e-01 9.944626606509517769e-03 9.999976158142089844e-01 -1.277011353522539139e-03 1.791304908692836761e-03 8.315217494964599609e-01 1.271348563022911549e-03 9.999942183494567871e-01 3.160574706271290779e-03 1.686648651957511902e-02 -1.795326126739382744e-03 -3.158284351229667664e-03 9.999934434890747070e-01 1.093561388552188873e-02 5.982057571411132812e+01
1.070718000000000000e+08 9.999960945330597095e-01 -2.791453468142537486e-03 -1.367718293337785945e-04 8.421387758728833273e-01 2.791465674145940812e-03 9.999960998798322898e-01 8.913407902913800132e-05 3.012578545589570181e-03 1.365224822849872338e-04 -8.951552476764140906e-05 9.999999866742919075e-01 9.993353454326619686e-03 9.999930262565612793e-01 -2.402051351964473724e-03 2.867781091481447220e-03 8.483226895332336426e-01 2.397083211690187454e-03 9.999955892562866211e-01 1.718154875561594963e-03 1.471104845404624939e-02 -2.871897770091891289e-03 -1.711274380795657635e-03 9.999943375587463379e-01 9.662568569183349609e-03 5.995497512817382812e+01
1.071755000000000000e+08 9.999969648956718027e-01 -2.460866020797501663e-03 -1.197400639212543324e-04 8.523178724665856354e-01 2.460873518444120674e-03 9.999969700923890814e-01 6.250902963739367519e-05 2.672289072764210023e-03 1.195858747680870153e-04 -6.280350507755153434e-05 9.999999908774688251e-01 1.023517100488156167e-02 9.999956488609313965e-01 -2.605348126962780952e-03 -1.367059536278247833e-03 8.579403758049011230e-01 2.603960921987891197e-03 9.999961256980895996e-01 -1.068789628334343433e-03 1.083568390458822250e-02 1.369841047562658787e-03 1.065224874764680862e-03 9.999985098838806152e-01 5.636565852910280228e-03 5.990006256103515625e+01
1.072791000000000000e+08 9.999957028044756946e-01 -2.930277775752719669e-03 -8.857067264249522480e-05 8.833815055615276135e-01 2.930278372828555491e-03 9.999957067032640978e-01 6.612219607346742740e-06 2.537883109656483005e-03 8.855091674220784610e-05 -6.871727919119623022e-06 9.999999960557572898e-01 1.108040955792737384e-02 9.999911189079284668e-01 -3.086420940235257149e-03 2.870200667530298233e-03 8.860291838645935059e-01 3.091914346441626549e-03 9.999932646751403809e-01 -1.948639750480651855e-03 1.560083590447902679e-02 -2.864169189706444740e-03 1.957503147423267365e-03 9.999939203262329102e-01 1.076215598732233047e-02 6.061068725585937500e+01
1.073829000000000000e+08 9.999895290266606063e-01 -4.575646044979397864e-03 -7.280188023553276128e-05 8.787020961368344762e-01 4.575648996579473327e-03 9.999895308460139409e-01 4.042813751649938119e-05 3.493015238347284539e-03 7.261613321217678745e-05 -4.076083004789320780e-05 9.999999965327259766e-01 1.079439630617507959e-02 9.999902248382568359e-01 -4.265439230948686600e-03 1.213072100654244423e-03 8.947512507438659668e-01 4.267853684723377228e-03 9.999890327453613281e-01 -1.936373999342322350e-03 9.447090327739715576e-03 -1.204799860715866089e-03 1.941529102623462677e-03 9.999974370002746582e-01 4.791755229234695435e-03 6.026713562011718750e+01
1.074865000000000000e+08 9.999859112964428753e-01 -5.308211723109470051e-03 -9.861238118111285855e-06 8.989199583918368042e-01 5.308212055863820167e-03 9.999859107642824485e-01 3.402965048068480792e-05 3.747447837669327236e-03 9.680462593232010840e-06 -3.408151658950491853e-05 9.999999993723694969e-01 1.117233796998578360e-02 9.999861717224121094e-01 -5.246623419225215912e-03 1.826317602535709739e-04 9.053928852081298828e-01 5.246671382337808609e-03 9.999861717224121094e-01 -4.516061744652688503e-04 1.635575294494628906e-02 -1.802588376449421048e-04 4.525645927060395479e-04 9.999998807907104492e-01 1.292343623936176300e-02 5.974665451049804688e+01
1.075902000000000000e+08 9.999823340366362778e-01 -5.943954537355453961e-03 3.192995462812725168e-05 9.128176783231464197e-01 5.943953163835848617e-03 9.999823336326034706e-01 4.294067502219064232e-05 4.099812053049725624e-03 -3.218462795890398079e-05 -4.275012628124726837e-05 9.999999985682882508e-01 1.145526569101792264e-02 9.999813437461853027e-01 -5.775042343884706497e-03 1.989065436646342278e-03 9.158990979194641113e-01 5.782316438853740692e-03 9.999763965606689453e-01 -3.698155516758561134e-03 8.714904077351093292e-03 -1.967665739357471466e-03 3.709587734192609787e-03 9.999912381172180176e-01 7.951773703098297119e-03 5.957977676391601562e+01
1.076939000000000000e+08 9.999861353246877194e-01 -5.265834743634871182e-03 1.197303055304909292e-05 9.279836384859192489e-01 5.265834651696473315e-03 9.999861353672242492e-01 7.697392480516640994e-06 3.562291221896909249e-03 -1.201339774740084693e-05 -7.634237760648109240e-06 9.999999998986983663e-01 1.195862575412423405e-02 9.999803900718688965e-01 -5.866407882422208786e-03 2.190457889810204506e-03 9.226568341255187988e-01 5.873794201761484146e-03 9.999771118164062500e-01 -3.359663533046841621e-03 8.807477541267871857e-03 -2.170692430809140205e-03 3.372464329004287720e-03 9.999919533729553223e-01 1.822474226355552673e-02 5.988896179199218750e+01
1.077976000000000000e+08 9.999900805751986699e-01 -4.453957479137488941e-03 -3.184698821235150786e-05 9.196616245186349792e-01 4.453957265155079025e-03 9.999900810602412315e-01 -6.786847412393938517e-06 3.051513064120921735e-03 3.187690065341089847e-05 6.644934968029850613e-06 9.999999994698540728e-01 1.185346185781400476e-02 9.999886751174926758e-01 -4.760770127177238464e-03 -3.152776116621680558e-05 9.212449193000793457e-01 4.760734736919403076e-03 9.999856352806091309e-01 -2.490279963240027428e-03 8.225252851843833923e-03 4.337827704148367047e-05 2.490093698725104332e-03 9.999969005584716797e-01 1.410312019288539886e-02 5.987753677368164062e+01
1.079012000000000000e+08 9.999917205599984094e-01 -4.068773763234717102e-03 -6.238561862392880955e-05 9.116959446067046668e-01 4.068772989029380109e-03 9.999917224306223984e-01 -1.253189613614556070e-05 2.827205795613069519e-03 6.243609167147991961e-05 1.227795946596944428e-05 9.999999979754931045e-01 1.170397851828871953e-02 9.999890923500061035e-01 -4.199195653200149536e-03 -2.045757370069622993e-03 9.199416637420654297e-01 4.199668299406766891e-03 9.999911189079284668e-01 2.202075993409380317e-04 9.400451555848121643e-03 2.044814871624112129e-03 -2.287951938342303038e-04 9.999978542327880859e-01 1.561567280441522598e-02 5.959616088867187500e+01
1.080050000000000000e+08 9.999967068377439983e-01 -2.565699504083442800e-03 -5.915721919862988547e-05 9.122765023775536442e-01 2.565697495364222327e-03 9.999967080144679388e-01 -3.400652885091217216e-05 2.021945149937316721e-03 5.924427499004903275e-05 3.385463732941349228e-05 9.999999976719896599e-01 1.187013067872597950e-02 9.999934434890747070e-01 -2.648587804287672043e-03 -2.462001051753759384e-03 9.181238412857055664e-01 2.644207095727324486e-03 9.999949932098388672e-01 -1.748566515743732452e-03 -4.261606081854552031e-04 2.466621808707714081e-03 1.742042833939194679e-03 9.999954700469970703e-01 1.339635904878377914e-02 5.909555053710937500e+01
1.081087000000000000e+08 9.999983616266059361e-01 -1.809415798484377775e-03 -5.252165152236792391e-05 9.136427841590768484e-01 1.809413290880445115e-03 9.999983618702544819e-01 -4.775250922704018017e-05 1.611292684701260813e-03 5.260796963097062805e-05 4.765739761487699215e-05 9.999999974805869885e-01 1.198171388716308232e-02 9.999941587448120117e-01 -1.562755089253187180e-03 -3.044897690415382385e-03 9.142687320709228516e-01 1.575187081471085548e-03 9.999904036521911621e-01 4.073703661561012268e-03 5.151627585291862488e-03 3.038501832634210587e-03 -4.078481346368789673e-03 9.999870061874389648e-01 1.552961394190788269e-02 5.901036834716796875e+01
1.082125000000000000e+08 9.999991981475041536e-01 1.266374393259933747e-03 4.695889769471446210e-07 9.136519669081376582e-01 -1.266374357814257405e-03 9.999991957634895012e-01 -6.905313765870510457e-05 -2.986343432000046982e-04 -5.570357259134659738e-07 6.905248761282537721e-05 9.999999976157217807e-01 1.156996311302705555e-02 9.999968409538269043e-01 8.639214793220162392e-04 -2.345980610698461533e-03 9.189931750297546387e-01 -8.604108006693422794e-04 9.999984502792358398e-01 1.518477220088243484e-03 6.335673853754997253e-03 2.347288187593221664e-03 -1.516448450274765491e-03 9.999960660934448242e-01 1.551466621458530426e-02 5.970102310180664062e+01
1.083162000000000000e+08 9.999995118042609432e-01 9.880554485130596445e-04 -1.173358752471564357e-05 9.099990765187333519e-01 -9.880562197027034730e-04 9.999995097007955414e-01 -6.590206202000080925e-05 -8.791444019834308062e-05 1.166846688074046635e-05 6.591362329094994389e-05 9.999999977596205625e-01 1.157231676113810483e-02 9.999982714653015137e-01 8.449056185781955719e-04 -1.679454231634736061e-03 9.177548289299011230e-01 -8.389981812797486782e-04 9.999936819076538086e-01 3.464740701019763947e-03 2.620002487674355507e-03 1.682380796410143375e-03 -3.463319037109613419e-03 9.999926686286926270e-01 4.109841305762529373e-03 5.930793762207031250e+01
1.084200000000000000e+08 9.999978316240718534e-01 2.082375559838285997e-03 2.142980833345691991e-05 9.210664318092938174e-01 -2.082374042538181862e-03 9.999978293658183803e-01 -7.058365980189751018e-05 -8.598572966549355382e-04 -2.157674350343390064e-05 7.053888187394044421e-05 9.999999972793551795e-01 1.151298835101499662e-02 9.999973773956298828e-01 2.278211526572704315e-03 4.232689971104264259e-04 9.185789227485656738e-01 -2.280385466292500496e-03 9.999837875366210938e-01 5.218014121055603027e-03 4.277811094652861357e-04 -4.113845061510801315e-04 -5.218968261033296585e-03 9.999862313270568848e-01 4.770028870552778244e-03 5.858803176879882812e+01
1.085237000000000000e+08 9.999989457524004477e-01 1.452056291740910906e-03 5.157149943961532894e-06 9.127327767440842621e-01 -1.452055932304344458e-03 9.999989433836663499e-01 -6.902972631311623749e-05 -4.183601654096898506e-04 -5.257379544057327367e-06 6.902216506846161638e-05 9.999999976041503702e-01 1.152093582566281887e-02 9.999965429306030273e-01 1.696500461548566818e-03 2.007497940212488174e-03 9.194595813751220703e-01 -1.695342711172997952e-03 9.999983310699462891e-01 -5.983598530292510986e-04 -4.906282294541597366e-03 -2.008507726714015007e-03 5.949564510956406593e-04 9.999977946281433105e-01 2.086663618683815002e-03 5.825990295410156250e+01
1.086275000000000000e+08 9.999983480488588983e-01 1.817552892658311908e-03 2.002527107060014214e-05 9.219253576405401773e-01 -1.817551516598523223e-03 9.999983459042710576e-01 -6.852139973050664658e-05 -6.797217951262698316e-04 -2.014977921608487838e-05 6.848488957443038441e-05 9.999999974519031554e-01 1.157193669655660721e-02 9.999978542327880859e-01 1.996246632188558578e-03 5.078994436189532280e-04 9.276996850967407227e-01 -1.994285266846418381e-03 9.999906420707702637e-01 -3.831418231129646301e-03 -3.441131906583905220e-03 -5.155392573215067387e-04 3.830397734418511391e-03 9.999924898147583008e-01 5.382481962442398071e-03 5.933347320556640625e+01
1.087312000000000000e+08 9.999965377174019343e-01 2.631208692314960899e-03 3.597295751758264527e-05 9.242979071956725079e-01 -2.631206032132051009e-03 9.999965356483542234e-01 -7.379792480866596577e-05 -1.216575020554884088e-03 -3.616701063506960837e-05 7.370301703695775046e-05 9.999999966299063514e-01 1.147348566607888330e-02 9.999951124191284180e-01 2.680102363228797913e-03 1.614272827282547951e-03 9.338980317115783691e-01 -2.678381977602839470e-03 9.999958872795104980e-01 -1.052291598170995712e-03 6.838726694695651531e-04 -1.617095549590885639e-03 1.047964440658688545e-03 9.999981522560119629e-01 1.181178074330091476e-02 5.907734298706054688e+01
1.088351000000000000e+08 9.999983138249822767e-01 1.836237035287055508e-03 2.409927230404556119e-05 9.311365484088360844e-01 -1.836235496370255960e-03 9.999983120877597997e-01 -6.372492281014518133e-05 -7.166616806306232070e-04 -2.421624568879636433e-05 6.368056341995844761e-05 9.999999976791796863e-01 1.166223870614404093e-02 9.999914765357971191e-01 2.651229035109281540e-03 -3.155190730467438698e-03 9.340046048164367676e-01 -2.650053938850760460e-03 9.999964237213134766e-01 3.594083245843648911e-04 4.676249343901872635e-03 3.156129736453294754e-03 -3.510486276354640722e-04 9.999949932098388672e-01 9.068252518773078918e-03 5.965798568725585938e+01
1.089389000000000000e+08 9.999973109136818250e-01 2.318807397968329718e-03 3.602557053536432224e-05 9.313589340056993571e-01 -2.318804850913237705e-03 9.999973090775283735e-01 -7.058293889721185875e-05 -1.043510224292117095e-03 -3.618914182859139436e-05 7.049921282876958574e-05 9.999999968601036571e-01 1.160266298415347022e-02 9.999952912330627441e-01 2.574711339548230171e-03 -1.672761747613549232e-03 9.346178770065307617e-01 -2.575274556875228882e-03 9.999966621398925781e-01 -2.801724185701459646e-04 1.320514944382011890e-03 1.672044745646417141e-03 2.844780101440846920e-04 9.999985694885253906e-01 6.876204162836074829e-03 5.922076797485351562e+01
1.090426000000000000e+08 9.999971979025870095e-01 2.367145851349702727e-03 2.841362930327417127e-05 9.276889380026236420e-01 -2.367143854462208825e-03 9.999971958533888650e-01 -7.010829449377351083e-05 -1.046213385958840673e-03 -2.857950619043146792e-05 7.004083889361009565e-05 9.999999971387463216e-01 1.155113660736407054e-02 9.999967217445373535e-01 2.541163936257362366e-03 -3.204616077709943056e-04 9.399234056472778320e-01 -2.541344147175550461e-03 9.999966621398925781e-01 -5.771038122475147247e-04 1.798076322302222252e-03 3.189898852724581957e-04 5.779183120466768742e-04 9.999997615814208984e-01 4.994609393179416656e-03 5.947612762451171875e+01
1.091464000000000000e+08 9.999962001336961670e-01 2.756256334204325135e-03 5.262261751383806314e-05 9.401433031553957376e-01 -2.756253025946138642e-03 9.999961995531404524e-01 -6.283696231855320552e-05 -1.333017892459899744e-03 -5.279561230090157591e-05 6.269168229680763488e-05 9.999999966411881047e-01 1.161647282025031827e-02 9.999952316284179688e-01 3.061361843720078468e-03 1.925856849993579090e-05 9.417801499366760254e-01 -3.061375347897410393e-03 9.999952316284179688e-01 2.327646143385209143e-05 -5.610111402347683907e-04 -1.918072848638985306e-05 -2.332882104383315891e-05 1.000000000000000000e+00 6.648500915616750717e-03 5.945443344116210938e+01
1.092501000000000000e+08 9.999972025853250956e-01 2.364953764353903455e-03 4.260725004618969361e-05 9.348182405725785626e-01 -2.364951094176221194e-03 9.999972015392369906e-01 -6.261132404451604731e-05 -1.077151147773839322e-03 -4.275520369370446115e-05 6.251038483496774891e-05 9.999999971322222070e-01 1.163177091595660011e-02 9.999966025352478027e-01 2.624788787215948105e-03 8.859738954924978316e-06 9.468674659729003906e-01 -2.624771790578961372e-03 9.999959468841552734e-01 1.145238406024873257e-03 2.725879428908228874e-03 -5.865122602699557319e-06 -1.145265647210180759e-03 9.999994039535522461e-01 6.168366409838199615e-03 5.962688064575195312e+01
1.093539000000000000e+08 9.999975037570439929e-01 2.233857960822822463e-03 4.856209946518185257e-05 9.471605628655246356e-01 -2.233855351107928624e-03 9.999975034986774425e-01 -5.372772689522206283e-05 -1.007505181396566290e-03 -4.868199834062048324e-05 5.361911207170077907e-05 9.999999973775268725e-01 1.175935520181361181e-02 9.999957084655761719e-01 2.755881054326891899e-03 -9.236557525582611561e-04 9.497451782226562500e-01 -2.756952773779630661e-03 9.999955892562866211e-01 -1.105637755244970322e-03 2.328349277377128601e-03 9.206165559589862823e-04 1.108184806071221828e-03 9.999989271163940430e-01 1.147539820522069931e-02 5.930659103393554688e+01
1.094576000000000000e+08 9.999976290521642719e-01 2.177271935038113497e-03 3.710719216339346277e-05 9.368998741923284523e-01 -2.177269712938492002e-03 9.999976279563261850e-01 -5.981881875834902442e-05 -9.544119479027695762e-04 -3.723734597952789389e-05 5.973788456495723252e-05 9.999999975223825555e-01 1.167284205899490022e-02 9.999970197677612305e-01 2.384832827374339104e-03 -5.192225798964500427e-04 9.474183320999145508e-01 -2.384917810559272766e-03 9.999970793724060059e-01 -3.496002464089542627e-04 9.610747219994664192e-04 5.183827597647905350e-04 3.508355002850294113e-04 9.999998211860656738e-01 5.860187578946352005e-03 5.914790344238281250e+01
1.095612000000000000e+08 9.999981318051954782e-01 1.932547946343498961e-03 4.055223241853929650e-05 9.453177940005447200e-01 -1.932545764554993890e-03 9.999981311859212907e-01 -5.377231981967298900e-05 -8.304121255317811409e-04 -4.065607422215198919e-05 5.369385031602124438e-05 9.999999977320269684e-01 1.177353928889048225e-02 9.999920725822448730e-01 2.489184262230992317e-03 -3.100658068433403969e-03 9.516403079032897949e-01 -2.490589860826730728e-03 9.999968409538269043e-01 -4.364943888504058123e-04 1.100892317481338978e-03 3.099562367424368858e-03 4.442170029506087303e-04 9.999950528144836426e-01 5.687704542651772499e-04 5.970080184936523438e+01
1.096650000000000000e+08 9.999991667477310386e-01 1.290577211656214040e-03 3.023746305968859428e-05 9.505488608336871703e-01 -1.290575857425029383e-03 9.999991662047529317e-01 -4.476332218134708316e-05 -3.990046003391007549e-04 -3.029520837136699232e-05 4.472426114238856407e-05 9.999999985409704362e-01 1.192040849152590891e-02 9.999990463256835938e-01 1.306202611885964870e-03 5.941365379840135574e-04 9.573704600334167480e-01 -1.306466758251190186e-03 9.999989867210388184e-01 5.056077498011291027e-04 3.037176560610532761e-03 -5.934748915024101734e-04 -5.063913995400071144e-04 9.999997615814208984e-01 1.046750578097999096e-03 5.937286376953125000e+01
1.097687000000000000e+08 9.999999996424160376e-01 2.403099949084793041e-05 1.173367078063378592e-05 9.538801478868249584e-01 -2.403058955017837873e-05 9.999999991010029010e-01 -3.493601163416305323e-05 4.068594253705607984e-04 -1.173451031736263523e-05 3.493572965464418988e-05 9.999999993208980031e-01 1.213241340283897907e-02 9.999995827674865723e-01 6.601976347155869007e-04 -5.842892569489777088e-04 9.574689865112304688e-01 -6.604528171010315418e-04 9.999997615814208984e-01 -3.058256406802684069e-04 4.009663593024015427e-03 5.840796511620283127e-04 3.062155738007277250e-04 9.999997019767761230e-01 6.896064151078462601e-03 5.970915222167968750e+01
1.098724000000000000e+08 9.999998546743473771e-01 5.389322943457685667e-04 1.425667220477671713e-05 9.520860995513478198e-01 -5.389317798335739986e-04 9.999998541257834050e-01 -3.606847725145522100e-05 1.196220548134866498e-04 -1.427610859319288775e-05 3.606078863569901896e-05 9.999999992479060573e-01 1.203882737913223276e-02 9.999963641166687012e-01 2.042458509095013142e-04 2.670754678547382355e-03 9.664133191108703613e-01 -2.079444384435191751e-04 9.999989867210388184e-01 1.388536184094846249e-03 4.520813468843698502e-03 -2.670469228178262711e-03 -1.389094046317040920e-03 9.999955296516418457e-01 1.224886812269687653e-02 5.961235046386718750e+01
1.099761000000000000e+08 9.999998914272207884e-01 -4.659467753289647817e-04 6.256847954483239135e-06 9.613724364377658205e-01 4.659469910630575896e-04 9.999998908507893303e-01 -3.452259927578065060e-05 6.488589519357370380e-04 -6.240761577663941154e-06 3.452551088705864288e-05 9.999999993845209989e-01 1.229312614617950050e-02 9.999995231628417969e-01 -2.168970058846753091e-05 -9.554126881994307041e-04 9.668524861335754395e-01 2.220839814981445670e-05 9.999998807907104492e-01 5.369896534830331802e-04 5.956685636192560196e-03 9.554087882861495018e-04 -5.370022845454514027e-04 9.999994039535522461e-01 1.312740053981542587e-02 5.963683319091796875e+01
1.100797000000000000e+08 9.999998613138683101e-01 -5.265134193364842024e-04 1.248397883634347368e-05 9.685782531842912491e-01 5.265137981378312628e-04 9.999998609307546582e-01 -3.035915032975374363e-05 6.470140725565809783e-04 -1.246799259936420113e-05 3.036571910679966530e-05 9.999999994612360776e-01 1.239302777602471414e-02 9.999997615814208984e-01 -3.115150902885943651e-04 -7.223854772746562958e-04 9.687184095382690430e-01 3.125449875369668007e-04 9.999987483024597168e-01 1.537560601718723774e-03 7.673930842429399490e-03 7.219011313281953335e-04 -1.537789590656757355e-03 9.999985694885253906e-01 7.901861332356929779e-03 5.977785491943359375e+01
1.101835000000000000e+08 9.999992364550616131e-01 -1.235753989275382558e-03 -1.187077630327772308e-06 9.680901545048961054e-01 1.235753941523920485e-03 9.999992356789321191e-01 -3.941808048352897465e-05 1.020016284203176726e-03 1.235787772031421105e-06 3.941658345022929562e-05 9.999999992224029022e-01 1.250555711720950300e-02 9.999973773956298828e-01 -1.127853291109204292e-03 -1.979924738407135010e-03 9.718446135520935059e-01 1.129239797592163086e-03 9.999991655349731445e-01 6.362685817293822765e-04 6.784409284591674805e-03 1.979210646823048592e-03 -6.385063170455396175e-04 9.999978542327880859e-01 3.557011019438505173e-03 6.075696182250976562e+01
1.102872000000000000e+08 9.999989689249475511e-01 -1.435994459777947384e-03 -8.308659763888008598e-06 9.619222094374266785e-01 1.435994128021298322e-03 9.999989681679934961e-01 -3.979815607349023956e-05 1.155553375579543296e-03 8.365801120143827308e-06 3.978618385243977760e-05 9.999999991735365468e-01 1.249880891220880690e-02 9.999983906745910645e-01 -1.544895931147038937e-03 9.527002112008631229e-04 9.785804748535156250e-01 1.545901643112301826e-03 9.999982118606567383e-01 -1.095627550967037678e-03 5.129497032612562180e-03 -9.510111995041370392e-04 1.097107189707458019e-03 9.999989271163940430e-01 8.269123733043670654e-03 6.000649642944335938e+01
1.103909000000000000e+08 9.999989610252358885e-01 -1.441506038741798999e-03 -2.958839887489146179e-06 9.675543111682894937e-01 1.441505913253022944e-03 9.999989601484534640e-01 -4.198427794627897192e-05 1.125912336257817344e-03 3.019357401926058793e-06 4.197996914040835867e-05 9.999999991142828337e-01 1.254434074423451881e-02 9.999981522560119629e-01 -1.527393353171646595e-03 1.132589764893054962e-03 9.812762141227722168e-01 1.528815831989049911e-03 9.999981522560119629e-01 -1.179828192107379436e-03 3.518576035276055336e-03 -1.130781602114439011e-03 1.181550556793808937e-03 9.999986290931701660e-01 1.042881421744823456e-02 5.985350418090820312e+01
1.104946000000000000e+08 9.999988852320854660e-01 -1.493151188368205869e-03 -5.844886282501698186e-06 9.619140033052636651e-01 1.493150931783192217e-03 9.999988842964514513e-01 -4.365999229353799074e-05 1.163198919648292034e-03 5.910070729322411635e-06 4.365121632556851454e-05 9.999999990298211738e-01 1.251624674049998942e-02 9.999925494194030762e-01 -1.389143755659461021e-03 -3.606285899877548218e-03 9.757199883460998535e-01 1.392934704199433327e-03 9.999984502792358398e-01 1.055491156876087189e-03 6.416349206119775772e-03 3.604811383411288261e-03 -1.060507376678287983e-03 9.999929666519165039e-01 1.115684397518634796e-02 5.980505752563476562e+01
1.105982000000000000e+08 9.999985400732614993e-01 -1.708673589639918234e-03 -1.691018824618548775e-05 9.544427060760172221e-01 1.708672746064089686e-03 9.999985389789030066e-01 -4.977500522269968393e-05 1.308447725980808798e-03 1.699521277558876646e-05 4.974603857749554213e-05 9.999999986182471767e-01 1.248561416980441784e-02 9.999962449073791504e-01 -1.818294404074549675e-03 -2.024246146902441978e-03 9.752803444862365723e-01 1.819559722207486629e-03 9.999981522560119629e-01 6.284736446104943752e-04 5.238132551312446594e-03 2.023098757490515709e-03 -6.321550463326275349e-04 9.999977350234985352e-01 1.038047112524509430e-02 6.011996841430664062e+01
1.107020000000000000e+08 9.999972016176437162e-01 -2.365730043566750384e-03 -8.854582906361442864e-06 9.691158686532902466e-01 2.365729656982259402e-03 9.999972007151952669e-01 -4.341802154147030501e-05 1.608595966970975720e-03 8.957273434901993282e-06 4.339695249246894684e-05 9.999999990182358856e-01 1.269703941048197331e-02 9.999920725822448730e-01 -2.198262605816125870e-03 -3.334453795105218887e-03 9.718998670578002930e-01 2.196608576923608780e-03 9.999974966049194336e-01 -4.933875752612948418e-04 4.608407150954008102e-03 3.335533663630485535e-03 4.860645567532628775e-04 9.999943375587463379e-01 1.236087642610073090e-02 5.990780639648437500e+01
1.108056000000000000e+08 9.999969098867705908e-01 -2.485910874202326877e-03 -2.154089684471681166e-05 9.611901408162268901e-01 2.485909859719223451e-03 9.999969090170224284e-01 -4.699515788596994321e-05 1.704036772925974228e-03 2.165765603667505005e-05 4.694146393753656423e-05 9.999999986637224669e-01 1.264339034989831433e-02 9.999859929084777832e-01 -2.397206146270036697e-03 4.728895612061023712e-03 9.770515561103820801e-01 2.386333188042044640e-03 9.999945163726806641e-01 2.306298585608601570e-03 1.079413108527660370e-02 -4.734403453767299652e-03 -2.294977428391575813e-03 9.999861121177673340e-01 1.460305042564868927e-02 6.032585525512695312e+01
1.109092000000000000e+08 9.999968226398916471e-01 -2.520831195706126071e-03 -1.097515213988950032e-05 9.759183540548013180e-01 2.520830760952462446e-03 9.999968219231482047e-01 -3.944779121329836026e-05 1.661144127121316110e-03 1.107455847879321773e-05 3.941999937343339678e-05 9.999999991617088968e-01 1.279114514762101466e-02 9.999927282333374023e-01 -2.472080988809466362e-03 2.900428371503949165e-03 9.724137783050537109e-01 2.473487984389066696e-03 9.999967813491821289e-01 -4.892455763183534145e-04 9.145818650722503662e-03 -2.899203915148973465e-03 4.964106483384966850e-04 9.999957084655761719e-01 1.726568862795829773e-02 6.014060974121093750e+01
1.110129000000000000e+08 9.999977473329373368e-01 -2.122511350470627448e-03 -1.657084541398961666e-05 9.585317997606154217e-01 2.122510546772642549e-03 9.999977463021771928e-01 -4.836858650409140911e-05 1.501698845553142356e-03 1.667347094274416371e-05 4.833330575141307891e-05 9.999999986929434259e-01 1.257862811503122902e-02 9.999901056289672852e-01 -2.537944819778203964e-03 3.657153807580471039e-03 9.735093712806701660e-01 2.534494968131184578e-03 9.999963641166687012e-01 9.312588954344391823e-04 8.031369186937808990e-03 -3.659510286524891853e-03 -9.219862404279410839e-04 9.999928474426269531e-01 1.411576289683580399e-02 6.000812911987304688e+01
1.111166000000000000e+08 9.999985892557249345e-01 -1.679631378977484817e-03 -1.802676954994174172e-05 9.517587514935048620e-01 1.679630483996182207e-03 9.999985881921976683e-01 -4.954818416870558222e-05 1.314150040364656102e-03 1.810996678528020140e-05 4.951783595694304586e-05 9.999999986100065463e-01 1.246232506843468132e-02 9.999971389770507812e-01 -1.752631505951285362e-03 -1.648859470151364803e-03 9.648371934890747070e-01 1.749096321873366833e-03 9.999961256980895996e-01 -2.185463672503829002e-03 2.213706495240330696e-03 1.652684877626597881e-03 2.182583557441830635e-03 9.999963045120239258e-01 9.836911223828792572e-03 6.024140930175781250e+01
1.112202000000000000e+08 9.999968798192295782e-01 -2.497894474862207784e-03 -2.958152976961402129e-05 9.503340656794144747e-01 2.497892895623685713e-03 9.999968788400934727e-01 -5.330312008414075237e-05 1.743161561735198737e-03 2.971458300860624970e-05 5.322906227653778286e-05 9.999999981418552508e-01 1.253775680794071666e-02 9.999964833259582520e-01 -2.517923945561051369e-03 -8.270098478533327579e-04 9.641796350479125977e-01 2.517814747989177704e-03 9.999967813491821289e-01 -1.947518467204645276e-04 6.261654663830995560e-03 8.274958236142992973e-04 1.926579861901700497e-04 9.999995827674865723e-01 7.140154950320720673e-03 5.955868911743164062e+01
1.113240000000000000e+08 9.999984476842187497e-01 -1.761786720317839007e-03 -2.713901015336946010e-05 9.471048338325451788e-01 1.761785344553555262e-03 9.999984467730029802e-01 -5.063400223065952176e-05 1.383861820652003936e-03 2.722817431819453028e-05 5.058611051758314236e-05 9.999999983498358835e-01 1.242712411231666411e-02 9.999971389770507812e-01 -2.075499389320611954e-03 -1.193736563436686993e-03 9.594425559043884277e-01 2.073623705655336380e-03 9.999967217445373535e-01 -1.499659847468137741e-03 5.273783113807439804e-03 1.196843339130282402e-03 1.497189165093004704e-03 9.999981522560119629e-01 6.393611896783113480e-03 5.938633728027343750e+01
1.114276000000000000e+08 9.999968146729176777e-01 -2.523645386824506162e-03 -4.310751264597400341e-05 9.418149846558343530e-01 2.523643150808803706e-03 9.999968142636557200e-01 -5.184655082058807973e-05 1.794818498625089243e-03 4.323821761990483885e-05 5.173759769808008514e-05 9.999999977268388962e-01 1.246280479004609199e-02 9.999966025352478027e-01 -2.577519277110695839e-03 -3.562277706805616617e-04 9.548360109329223633e-01 2.577172825112938881e-03 9.999961853027343750e-01 -1.047927886247634888e-03 3.876957809552550316e-03 3.589353873394429684e-04 1.047008321620523930e-03 9.999994635581970215e-01 1.028505247086286545e-02 5.945174407958984375e+01
1.115314000000000000e+08 9.999982249399393952e-01 -1.883846370892454771e-03 -3.521380341827394251e-05 9.389596024598694246e-01 1.883844541065322507e-03 9.999982242153148126e-01 -5.192449334288262486e-05 1.499148226689682711e-03 3.531155864923234394e-05 5.185806384601847574e-05 9.999999980319176363e-01 1.237424602190046602e-02 9.999930858612060547e-01 -1.801727456040680408e-03 -3.263661405071616173e-03 9.472165703773498535e-01 1.797180273570120335e-03 9.999974370002746582e-01 -1.390830730088055134e-03 1.892081345431506634e-03 3.266153391450643539e-03 1.384950126521289349e-03 9.999936819076538086e-01 7.570673245936632156e-03 5.998044967651367188e+01
1.116350000000000000e+08 9.999981345172874736e-01 -1.931120250639971380e-03 -4.167069923208643591e-05 9.316035981705143021e-01 1.931118026606327932e-03 9.999981339669051783e-01 -5.334603536914361567e-05 1.545666287952135454e-03 4.177363908445697348e-05 5.326546481293914780e-05 9.999999977088765979e-01 1.230264787015977052e-02 9.999958872795104980e-01 -2.083764178678393364e-03 -1.959628658369183540e-03 9.425204992294311523e-01 2.086371416226029396e-03 9.999969601631164551e-01 1.336688292212784290e-03 7.879105396568775177e-03 1.956851221621036530e-03 -1.340765622444450855e-03 9.999971985816955566e-01 9.565967135131359100e-03 5.937907028198242188e+01
1.117387000000000000e+08 9.999967558775819665e-01 -2.546712978848193060e-03 -4.987386649690303954e-05 9.299982399947771539e-01 2.546710287346040831e-03 9.999967556725369855e-01 -5.395553734050764788e-05 1.865477610389598175e-03 5.001111395512640142e-05 5.382834801497426747e-05 9.999999973006987730e-01 1.234319219841507539e-02 9.999972581863403320e-01 -2.152493689209222794e-03 8.695712313055992126e-04 9.423733949661254883e-01 2.151310676708817482e-03 9.999967217445373535e-01 1.345704076811671257e-03 7.413712330162525177e-03 -8.724785875529050827e-04 -1.343838288448750973e-03 9.999986290931701660e-01 7.786373607814311981e-03 5.923110580444335938e+01
1.118424000000000000e+08 9.999983839031842958e-01 -1.797397435345412554e-03 -3.941314459272217820e-05 9.327708372574837759e-01 1.797395375418889794e-03 9.999983833191667948e-01 -5.223824311369169800e-05 1.474924156738058583e-03 3.950697376086095077e-05 5.216731768598638759e-05 9.999999978588849370e-01 1.230516142541876815e-02 9.999893903732299805e-01 -1.906823716126382351e-03 4.202544223517179489e-03 9.413968920707702637e-01 1.900017377920448780e-03 9.999968409538269043e-01 1.620930153876543045e-03 6.970348302274942398e-03 -4.205622710287570953e-03 -1.612929161638021469e-03 9.999898672103881836e-01 6.292251404374837875e-03 5.947094345092773438e+01
1.119461000000000000e+08 9.999998377729721888e-01 -5.683642917758466697e-04 -3.763042591225392833e-05 9.131468491264951304e-01 5.683622724852840013e-04 9.999998370429787897e-01 -5.365007725681073371e-05 9.569175979310712461e-04 3.766091256941508328e-05 5.362868083813235450e-05 9.999999978528100186e-01 1.188719867401435461e-02 9.999849200248718262e-01 -7.974099717102944851e-04 5.430413875728845596e-03 9.395138621330261230e-01 7.943460950627923012e-04 9.999995231628417969e-01 5.816822522319853306e-04 5.320962984114885330e-03 -5.430872086435556412e-03 -5.773600423708558083e-04 9.999850392341613770e-01 1.129367668181657791e-02 5.935577774047851562e+01
1.120497000000000000e+08 9.999999973230018213e-01 7.060634258692002213e-05 -1.920262617122538523e-05 9.215093505912060889e-01 -7.060734909004682386e-05 9.999999961334126164e-01 -5.241924254063116837e-05 5.032781039269943043e-04 1.919892496598727866e-05 5.242059824683172178e-05 9.999999984417410337e-01 1.182092242950032700e-02 9.999997019767761230e-01 -8.426641579717397690e-05 -6.988959503360092640e-04 9.294753074645996094e-01 8.654545672470703721e-05 9.999946951866149902e-01 3.256809664890170097e-03 8.513401262462139130e-03 6.986252847127616405e-04 -3.256859956309199333e-03 9.999945163726806641e-01 1.296786032617092133e-02 6.006707382202148438e+01
1.121535000000000000e+08 9.999998505501880297e-01 5.457032477651161794e-04 -3.328020177197578200e-05 9.024983138345846756e-01 -5.457052955235915537e-04 9.999998492084812840e-01 -6.155282320998204347e-05 2.456364094335103474e-04 3.324660717860859982e-05 6.157097519297557477e-05 9.999999975518391038e-01 1.155706009391793340e-02 9.999905228614807129e-01 1.267416868358850479e-03 -4.173596855252981186e-03 9.163692593574523926e-01 -1.256278832443058491e-03 9.999956488609313965e-01 2.678815741091966629e-03 9.418363682925701141e-03 4.176964052021503448e-03 -2.673554001376032829e-03 9.999877214431762695e-01 1.699784211814403534e-02 5.963663864135742188e+01
1.122571000000000000e+08 9.999988437637313821e-01 1.520681105641507984e-03 3.696815268227630601e-07 9.086246115782248278e-01 -1.520681076375732417e-03 9.999988413632600048e-01 -6.929042355684322655e-05 -4.686929374782750134e-04 -4.750497381635462974e-07 6.928978127302958131e-05 9.999999975993502099e-01 1.146982133030632900e-02 9.999952912330627441e-01 1.536322175525128841e-03 -2.652856055647134781e-03 9.181943535804748535e-01 -1.534564769826829433e-03 9.999986290931701660e-01 6.445932667702436447e-04 5.816262681037187576e-03 2.653846982866525650e-03 -6.405140156857669353e-04 9.999962449073791504e-01 1.277908589690923691e-02 6.058591842651367188e+01
1.123609000000000000e+08 9.999978592900435892e-01 2.069148395840776644e-03 6.343568802749242822e-06 9.071585074815035066e-01 -2.069147935893698824e-03 9.999978567424633313e-01 -7.167491763401887938e-05 -8.337250231439634210e-04 -6.491861247876550539e-06 7.166163841649815080e-05 9.999999974112326884e-01 1.136141764962533135e-02 9.999956488609313965e-01 2.446039114147424698e-03 -1.641221228055655956e-03 9.142899513244628906e-01 -2.453011693432927132e-03 9.999883174896240234e-01 -4.169031046330928802e-03 -2.677626209333539009e-03 1.631003455258905888e-03 4.173038527369499207e-03 9.999899268150329590e-01 6.389246322214603424e-03 5.991328048706054688e+01
1.124646000000000000e+08 9.999975729448581374e-01 2.203158477334406576e-03 1.404377273891069521e-05 9.112636287809702251e-01 -2.203157430460704266e-03 9.999975702982730752e-01 -7.412825301386831238e-05 -9.255229393653590644e-04 -1.420705490204513753e-05 7.409713245895904938e-05 9.999999971538873211e-01 1.138451181934421221e-02 9.999954104423522949e-01 2.623434644192457199e-03 1.502836472354829311e-03 9.107272624969482422e-01 -2.614456461742520332e-03 9.999790787696838379e-01 -5.914244800806045532e-03 -6.837816443294286728e-03 -1.518318313173949718e-03 5.910288076847791672e-03 9.999814033508300781e-01 7.472386118024587631e-03 6.022502517700195312e+01
1.125682000000000000e+08 9.999981749590532987e-01 1.910430812130288003e-03 -1.823537593682176330e-05 8.883732461863345087e-01 -1.910432087573664785e-03 9.999981726599737053e-01 -7.018408807298531045e-05 -6.806619002272440346e-04 1.810126076485944811e-05 7.021879743285508414e-05 9.999999973708323386e-01 1.115157838947415311e-02 9.999977350234985352e-01 1.969184726476669312e-03 -8.679992752149701118e-04 9.010912775993347168e-01 -1.972258090972900391e-03 9.999913573265075684e-01 -3.645655000582337379e-03 -6.706755142658948898e-03 8.608133066445589066e-04 3.647362580522894859e-03 9.999930262565612793e-01 7.745653390884399414e-03 5.991139221191406250e+01
1.126720000000000000e+08 9.999984909626924434e-01 1.737055702003855373e-03 -2.664147285759705310e-05 8.842344081315559601e-01 -1.737057518289188444e-03 9.999984889816887490e-01 -6.830416925722515369e-05 -5.439394514834389703e-04 2.652278445288904442e-05 6.835034395529644930e-05 9.999999973123860908e-01 1.111523102325032326e-02 9.999976754188537598e-01 2.077159238979220390e-03 -5.004256381653249264e-04 8.879894614219665527e-01 -2.077982528135180473e-03 9.999968409538269043e-01 -1.461479347199201584e-03 -8.356769103556871414e-04 4.973903996869921684e-04 1.462519634515047073e-03 9.999988079071044922e-01 1.526849903166294098e-02 5.991577529907226562e+01
1.127756000000000000e+08 9.999981756326526972e-01 1.910053552835699626e-03 -2.065537683014321852e-05 8.866042365757029753e-01 -1.910054975987490918e-03 9.999981734557789048e-01 -6.910099461613160136e-05 -6.692188730711434459e-04 2.052335249659297000e-05 6.914032145741338725e-05 9.999999973992038660e-01 1.113328770535176697e-02 9.999980926513671875e-01 1.878808485344052315e-03 -5.413631442934274673e-04 8.822173476219177246e-01 -1.880181138403713703e-03 9.999944567680358887e-01 -2.726301318034529686e-03 -1.493151765316724777e-03 5.362299853004515171e-04 2.727311803027987480e-03 9.999961256980895996e-01 1.489119790494441986e-02 5.997708892822265625e+01
1.128794000000000000e+08 9.999980469964693253e-01 1.976148594214627210e-03 -2.898402433228268495e-05 8.764183039125581498e-01 -1.976150392953105687e-03 9.999980454808374830e-01 -6.216286948306549455e-05 -6.913770339829180059e-04 2.886112461823477535e-05 6.222002486847552150e-05 9.999999976478520791e-01 1.086363197051741156e-02 9.999966025352478027e-01 2.286605071276426315e-03 -1.308365259319543839e-03 8.665006756782531738e-01 -2.284065587446093559e-03 9.999955296516418457e-01 1.959264045581221581e-03 4.465912003070116043e-03 1.312842825427651405e-03 -1.956271007657051086e-03 9.999971985816955566e-01 1.622520387172698975e-02 6.020198440551757812e+01
1.129830000000000000e+08 9.999972221631152625e-01 2.356166111574669458e-03 -6.440037942824268383e-05 8.479276865144722564e-01 -2.356167961121784747e-03 9.999972238218047815e-01 -2.865874207055299825e-05 -7.104825364401671541e-04 6.433267588568001791e-05 2.881040056917213505e-05 9.999999975156338428e-01 1.040323347896558899e-02 9.999931454658508301e-01 2.564237220212817192e-03 -2.667025895789265633e-03 8.548884391784667969e-01 -2.555721206590533257e-03 9.999915957450866699e-01 3.195346798747777939e-03 8.169040083885192871e-03 2.675199648365378380e-03 -3.188514150679111481e-03 9.999913573265075684e-01 1.525475271046161652e-02 6.078473663330078125e+01
1.130867000000000000e+08 9.999981023959901849e-01 1.945665181887437471e-03 -9.793569870569039507e-05 8.130798791127610281e-01 -1.945662242724811516e-03 9.999981067444884131e-01 3.009748024007352811e-05 -3.522560650213654178e-04 9.799407290802598144e-05 -2.990687333490203413e-05 9.999999947513702470e-01 9.881501641270020592e-03 9.999436736106872559e-01 2.285240683704614639e-03 -1.036262512207031250e-02 8.257585167884826660e-01 -2.252432983368635178e-03 9.999923706054687500e-01 3.177693812176585197e-03 7.848334498703479767e-03 1.036980934441089630e-02 -3.154175123199820518e-03 9.999412894248962402e-01 1.159808970987796783e-02 6.057500839233398438e+01
1.131905000000000000e+08 9.999979674844253763e-01 2.013293456792915759e-03 -1.080566864568570661e-04 7.964386274734270854e-01 -2.013287764733235393e-03 9.999979719422329438e-01 5.275955476822306688e-05 -4.964474571938213340e-04 1.081626877839818795e-04 -5.254189831669104363e-05 9.999999927700905511e-01 9.656550535397321819e-03 9.999783039093017578e-01 2.285550814121961594e-03 -6.174320820719003677e-03 8.063097000122070312e-01 -2.275467850267887115e-03 9.999960660934448242e-01 1.630639657378196716e-03 7.244353648275136948e-03 6.178023293614387512e-03 -1.616557361558079720e-03 9.999795556068420410e-01 1.136939879506826401e-02 6.037984085083007812e+01
1.132941000000000000e+08 9.999991496110107736e-01 1.296526001193459279e-03 -1.407039463561914343e-04 7.817168732017535371e-01 -1.296513302951533006e-03 9.999991554490842427e-01 9.030166386763705270e-05 1.311163646241872037e-04 1.408209059785309083e-04 -9.011916253969219105e-05 9.999999860240045280e-01 9.410720274042003522e-03 9.999970793724060059e-01 1.321260468102991581e-03 -2.011128934100270271e-03 7.911295294761657715e-01 -1.311745378188788891e-03 9.999879002571105957e-01 4.734373185783624649e-03 1.045762561261653900e-02 2.017362276092171669e-03 -4.731714259833097458e-03 9.999868273735046387e-01 8.197903633117675781e-03 6.028867340087890625e+01
1.133978000000000000e+08 9.999992854921450069e-01 1.186964891566687436e-03 -1.418786396858179733e-04 7.797382394333109978e-01 -1.186951155256383379e-03 9.999992908820702908e-01 9.686234798176976445e-05 2.412050584854690503e-04 1.419935112832738098e-04 -9.669387575791147879e-05 9.999999852440685233e-01 9.382620260467619197e-03 9.999935626983642578e-01 1.581323565915226936e-03 3.210770897567272186e-03 7.745962142944335938e-01 -1.571160508319735527e-03 9.999938011169433594e-01 -3.166655311360955238e-03 -1.060791197232902050e-03 -3.215763717889785767e-03 3.161586588248610497e-03 9.999898076057434082e-01 9.496603161096572876e-04 6.063644790649414062e+01
1.135015000000000000e+08 9.999995804644867814e-01 8.965108040081418497e-04 -1.879872547363699927e-04 7.563698810377459392e-01 -8.964871613429501330e-04 9.999995902407156079e-01 1.258139506142365619e-04 3.340459539095577256e-04 1.880999712756515978e-04 -1.256453696662852067e-04 9.999999744158200032e-01 9.267089621606721880e-03 9.999912977218627930e-01 7.428948301821947098e-04 4.102545324712991714e-03 7.534871101379394531e-01 -7.295252871699631214e-04 9.999943971633911133e-01 -3.263124031946063042e-03 -5.360032897442579269e-03 -4.104939289391040802e-03 3.260115627199411392e-03 9.999862313270568848e-01 3.340750467032194138e-03 6.023628616333007812e+01
1.136052000000000000e+08 9.999997052555390509e-01 7.271781882901590544e-04 -2.463751949919382980e-04 7.157581848485390363e-01 -7.271449059766024303e-04 9.999997264972743105e-01 1.351505834975081288e-04 1.720433071934029099e-04 2.464734061608911983e-04 -1.349713932004885592e-04 9.999999605167920746e-01 9.401340553480502099e-03 9.999994039535522461e-01 8.268388919532299042e-04 -6.479233270511031151e-04 7.168052792549133301e-01 -8.288350072689354420e-04 9.999948143959045410e-01 -3.099853871390223503e-03 -4.306158982217311859e-03 6.453604437410831451e-04 3.100380534306168556e-03 9.999950528144836426e-01 6.359471473842859268e-03 6.027619171142578125e+01
1.137090000000000000e+08 9.999997655775126892e-01 6.171079353875136330e-04 -2.966862269842242749e-04 6.756110352964904697e-01 -6.170653001079756629e-04 9.999997992795603974e-01 1.437750175087583980e-04 -1.043603900538947926e-04 2.967748921371690185e-04 -1.435919090295484542e-04 9.999999456530122011e-01 9.546676614542693243e-03 9.999990463256835938e-01 6.574607687070965767e-04 -1.222110004164278507e-03 6.879373788833618164e-01 -6.576828891411423683e-04 9.999998211860656738e-01 -1.556175702717155218e-04 4.744786303490400314e-03 1.221999758854508400e-03 1.564122212585061789e-04 9.999992251396179199e-01 1.345360744744539261e-02 6.054784011840820312e+01
1.138126000000000000e+08 9.999999362802600711e-01 1.459657921584369799e-04 -3.257813195737800128e-04 6.539799065839740910e-01 -1.459139332512346843e-04 9.999999766820388825e-01 1.592012802455209991e-04 1.434954360133460546e-04 3.258045499173202984e-04 -1.591537340693540076e-04 9.999999342607424069e-01 9.613132060478408666e-03 9.999855160713195801e-01 2.294306905241683125e-04 -5.385834258049726486e-03 6.545167565345764160e-01 -2.660761529114097357e-04 9.999767541885375977e-01 -6.815200671553611755e-03 -5.164658185094594955e-03 5.384147632867097855e-03 6.816538982093334198e-03 9.999623298645019531e-01 1.218826696276664734e-02 6.047110366821289062e+01
1.139164000000000000e+08 9.999997769095390066e-01 -5.672087297677096216e-04 -3.527819838540193409e-04 6.160730896351811481e-01 5.672601436306574842e-04 9.999998285002069665e-01 1.456553651591266374e-04 4.083480409230490216e-04 3.526993063571317666e-04 -1.458554518241061970e-04 9.999999271646904386e-01 9.232299022590357770e-03 9.999920725822448730e-01 -6.955350399948656559e-04 -3.926180768758058548e-03 6.261461973190307617e-01 6.915295962244272232e-04 9.999992251396179199e-01 -1.003581448458135128e-03 3.936946741305291653e-04 3.926870413124561310e-03 1.000860473141074181e-03 9.999917149543762207e-01 8.550272323191165924e-03 6.057839965820312500e+01
1.140201000000000000e+08 9.999999289197986085e-01 1.643881838535698320e-04 -3.393183287565643092e-04 6.104765464356205484e-01 -1.643499712227104042e-04 9.999999801505813357e-01 1.126406919953211987e-04 -2.113899821704465947e-04 3.393368388193612794e-04 -1.125849170333907164e-04 9.999999360875735377e-01 9.212124868288760690e-03 9.999995231628417969e-01 3.663756360765546560e-04 9.010472567752003670e-04 6.060022115707397461e-01 -3.672204620670527220e-04 9.999995231628417969e-01 9.796497179195284843e-04 5.241128616034984589e-03 -9.006857289932668209e-04 -9.799838298931717873e-04 9.999991059303283691e-01 9.899788536131381989e-03 6.067388916015625000e+01
1.141239000000000000e+08 9.999997550873865881e-01 -6.085313495579164041e-04 -3.457090773309245209e-04 5.841691658987382407e-01 6.085635264128675141e-04 9.999998105028033990e-01 9.297738281747662634e-05 -9.139403192416379208e-06 3.456524321680858806e-04 -9.318774598021752661e-05 9.999999359202184079e-01 8.771370115570690726e-03 9.999988079071044922e-01 2.051454794127494097e-04 1.511005568318068981e-03 5.815126895904541016e-01 -2.099571865983307362e-04 9.999946951866149902e-01 3.240782069042325020e-03 7.486097980290651321e-03 -1.510333851911127567e-03 -3.241086145862936974e-03 9.999936223030090332e-01 1.215909887105226517e-02 6.042073440551757812e+01
1.142276000000000000e+08 9.999992205903222020e-01 -1.200701313037782093e-03 -3.422501382014687130e-04 5.614207690347911006e-01 1.200726877240396260e-03 9.999992763522087547e-01 7.449881629973894876e-05 7.223667141267208673e-05 3.421604397093636367e-04 -7.490970716056487115e-05 9.999999386573847904e-01 8.468777804900854550e-03 9.999988675117492676e-01 -1.082909759134054184e-03 1.067968434654176235e-03 5.580099225044250488e-01 1.085416530258953571e-03 9.999966025352478027e-01 -2.367389621213078499e-03 5.358708440326154232e-04 -1.065405202098190784e-03 2.368540503084659576e-03 9.999966025352478027e-01 1.721304655075073242e-02 6.064937591552734375e+01
1.143314000000000000e+08 9.999999526102082426e-01 -4.329371463190150694e-05 -3.048036052090448552e-04 5.192055320134481011e-01 4.328393092929067775e-05 9.999999985478882358e-01 -3.210490633017362710e-05 -1.438763819394090360e-03 3.048049947070556468e-04 3.209171171084998492e-05 9.999999530320186070e-01 7.979190965830383273e-03 9.999983906745910645e-01 -1.268643973162397742e-04 -1.755393110215663910e-03 5.352819561958312988e-01 1.285583421122282743e-04 9.999995231628417969e-01 1.006421516649425030e-03 5.166101269423961639e-03 1.755285426042973995e-03 -1.006645499728620052e-03 9.999980330467224121e-01 2.370077185332775116e-02 6.075820922851562500e+01
1.144350000000000000e+08 9.999998490700879872e-01 4.706625719684332833e-04 -2.834370294400552015e-04 5.136452211448570004e-01 -4.706797529813676849e-04 9.999998873969457858e-01 -6.055303234728915502e-05 -1.897746607953069899e-03 2.834084974787136812e-04 6.068643127678962539e-05 9.999999579983901432e-01 7.947294759777292009e-03 9.999843239784240723e-01 5.940825794823467731e-04 -5.572425667196512222e-03 5.167735219001770020e-01 -5.741351051256060600e-04 9.999934434890747070e-01 3.590775188058614731e-03 1.221551839262247086e-02 5.574508104473352432e-03 -3.587512532249093056e-03 9.999779462814331055e-01 1.532458793371915817e-02 6.038383865356445312e+01
1.145387000000000000e+08 9.999999039533702394e-01 -2.675409444384550979e-04 -3.471528353851283544e-04 4.916466776001173211e-01 2.675324546396458218e-04 9.999999639130248141e-01 -2.450171420899127954e-05 -1.631882791348122745e-03 3.471593780692671782e-04 2.440883720443675882e-05 9.999999394422849353e-01 7.411812030683917474e-03 9.999978542327880859e-01 1.560941018396988511e-05 -2.074669115245342255e-03 5.072026252746582031e-01 -6.176453553052851930e-06 9.999897480010986328e-01 4.527564626187086105e-03 1.247503515332937241e-02 2.074724063277244568e-03 -4.527548328042030334e-03 9.999876022338867188e-01 1.267034467309713364e-02 6.035126495361328125e+01
1.146425000000000000e+08 9.999998234610194547e-01 -4.809977197032819316e-04 -3.488826632490180015e-04 5.005559059164184088e-01 4.809910380641679774e-04 9.999998841388041404e-01 -1.923518796206781032e-05 -1.359493124974013806e-03 3.488918749088873537e-04 1.906737512677189218e-05 9.999999389554437013e-01 7.581528224982744812e-03 9.999997019767761230e-01 2.019591047428548336e-04 7.554012117907404900e-04 4.971185624599456787e-01 -2.024555433308705688e-04 9.999997019767761230e-01 6.394563824869692326e-04 6.959716789424419403e-03 -7.552816532552242279e-04 -6.396044627763330936e-04 9.999995231628417969e-01 7.262516301125288010e-03 6.054489517211914062e+01
1.147463000000000000e+08 9.999999290010240793e-01 -1.375093441147760766e-04 -3.508406078883614422e-04 4.807916705912868571e-01 1.375040712609483583e-04 9.999999904330149070e-01 -1.505327774171770963e-05 -1.853404879541614356e-03 3.508426744981501220e-04 1.500503466271741834e-05 9.999999383421336319e-01 7.213903908801182555e-03 9.999980926513671875e-01 -6.776567897759377956e-05 1.958630746230483055e-03 4.871599674224853516e-01 6.879888678668066859e-05 9.999998807907104492e-01 -4.985072300769388676e-04 4.179804585874080658e-03 -1.958592096343636513e-03 4.986323183402419090e-04 9.999979734420776367e-01 1.296948641538619995e-02 6.036089706420898438e+01
1.148500000000000000e+08 9.999998966728161909e-01 3.134071528602029870e-04 -3.292876011750703303e-04 4.825970379560571288e-01 -3.134176807012693561e-04 9.999999503752223795e-01 -3.192045424537716549e-05 -2.127773368052746170e-03 3.292775807360835152e-04 3.202365549801237753e-05 9.999999452753814966e-01 7.288901141246984135e-03 9.999951124191284180e-01 6.891517550684511662e-04 3.023755736649036407e-03 4.783041775226593018e-01 -6.875637336634099483e-04 9.999996423721313477e-01 -5.351205472834408283e-04 4.647051915526390076e-03 -3.024123376235365868e-03 5.330374697223305702e-04 9.999953508377075195e-01 9.814875200390815735e-03 6.042707061767578125e+01
1.149538000000000000e+08 9.999999368395857680e-01 -4.626235074512415280e-05 -3.523927118722171357e-04 4.773243864122011515e-01 4.625852982597670804e-05 9.999999988712029442e-01 -1.085093030160110568e-05 -1.950129121021131583e-03 3.523932134639649817e-04 1.083462844799455131e-05 9.999999378508169778e-01 7.167714903260103375e-03 9.999998807907104492e-01 2.058884565485641360e-04 3.995269362349063158e-04 4.639376401901245117e-01 -2.075732772937044501e-04 9.999911189079284668e-01 4.191428422927856445e-03 7.068140432238578796e-03 -3.986540832556784153e-04 -4.191500600427389145e-03 9.999910593032836914e-01 1.061433181166648865e-02 6.099203109741210938e+01
1.150574000000000000e+08 9.999997636233399767e-01 5.875350555690907021e-04 -3.571495796730578915e-04 4.527762803244884671e-01 -5.875227622333006102e-04 9.999998268125116496e-01 3.452463458035757098e-05 -2.654600006939353187e-03 3.571698022523304939e-04 -3.431479291180769493e-05 9.999999356261115580e-01 6.784736640585580653e-03 9.999996423721313477e-01 8.598510175943374634e-04 -3.645492688519880176e-05 4.526360630989074707e-01 -8.598504937253892422e-04 9.999982714653015137e-01 1.665482064709067345e-03 4.979782272130250931e-03 3.787866080529056489e-05 -1.665449002757668495e-03 9.999986290931701660e-01 5.036318209022283554e-03 6.027827072143554688e+01
1.151611000000000000e+08 9.999998823329701025e-01 3.106046447817996446e-04 -3.726376262169873803e-04 4.498426864412978232e-01 -3.105865811641499098e-04 9.999999505903133246e-01 4.853191222878507099e-05 -2.507167934686941376e-03 3.726526820424401671e-04 -4.841617027181797900e-05 9.999999293929240363e-01 6.719520287203139403e-03 9.999998807907104492e-01 4.543563118204474449e-04 -1.162796324933879077e-04 4.435655474662780762e-01 -4.543607064988464117e-04 9.999998211860656738e-01 -3.575459995772689581e-04 -6.057847640477120876e-04 1.161258478532545269e-04 3.575885784812271595e-04 9.999998807907104492e-01 4.706282634288072586e-03 6.043539047241210938e+01
1.152649000000000000e+08 9.999998141906231153e-01 4.745772355976766283e-04 -3.826162011565154464e-04 4.396116371430601188e-01 -4.745510641264339574e-04 9.999998850552456187e-01 6.848924948643554005e-05 -2.721538738666521087e-03 3.826486606162955262e-04 -6.830766583051582597e-05 9.999999244570279000e-01 6.534212696312878196e-03 9.999994039535522461e-01 1.043580006808042526e-03 -3.394870436750352383e-04 4.344122409820556641e-01 -1.044878154061734676e-03 9.999908804893493652e-01 -4.144652746617794037e-03 -3.047627164050936699e-03 3.351514460518956184e-04 4.145000595599412918e-03 9.999913573265075684e-01 2.888006391003727913e-03 6.048291015625000000e+01
1.153686000000000000e+08 9.999999066279047222e-01 9.362410960572980308e-05 -4.218752257714116524e-04 4.241967302193847544e-01 -9.357462372311182357e-05 9.999999887401360699e-01 1.173180177203877425e-04 -2.652577920181847099e-03 4.218862048162078907e-04 -1.172785299502746606e-04 9.999999041288828439e-01 6.244824773087248246e-03 9.999999403953552246e-01 3.576830495148897171e-04 1.622085401322692633e-04 4.246950149536132812e-01 -3.572542336769402027e-04 9.999957084655761719e-01 -2.919033402577042580e-03 -1.533633912913501263e-03 -1.632551575312390924e-04 2.918986603617668152e-03 9.999957084655761719e-01 2.330609830096364021e-03 6.004544067382812500e+01
1.154724000000000000e+08 9.999999296246674385e-01 -5.886813527902775927e-06 -3.751213290004928804e-04 4.054069958203950219e-01 5.944837608259914891e-06 9.999999880193919388e-01 1.546799139847117950e-04 -2.994613567670005756e-03 3.751204139345387721e-04 -1.546821331343543242e-04 9.999999176790563826e-01 5.898807920240380261e-03 9.999998211860656738e-01 1.026980971801094711e-04 -4.502418451011180878e-04 4.159462749958038330e-01 -1.037370820995420218e-04 9.999971985816955566e-01 -2.341668587177991867e-03 -1.066633965820074081e-03 4.500164941418915987e-04 2.341713989153504372e-03 9.999971985816955566e-01 2.581944689154624939e-03 6.015779113769531250e+01
1.155761000000000000e+08 9.999999179484446721e-01 -1.969648847038950432e-04 -3.539886241530300001e-04 3.978712268783629047e-01 1.970256007593963635e-04 9.999999658855133200e-01 1.714931141728838948e-04 -3.041965465478127170e-03 3.539548339570640703e-04 -1.715628449195692273e-04 9.999999226410836162e-01 5.784655431686016452e-03 9.999999403953552246e-01 1.161520267487503588e-04 3.972681297454982996e-04 4.022018611431121826e-01 -1.160286192316561937e-04 1.000000000000000000e+00 -2.024751447606831789e-04 2.172309672459959984e-03 -3.972947306465357542e-04 2.024174173129722476e-04 9.999998807907104492e-01 1.516989897936582565e-03 6.018159866333007812e+01
1.156797000000000000e+08 9.999999440163639397e-01 -5.031433242886354317e-05 -3.308107329578955616e-04 3.923546539283999102e-01 5.037255909944857369e-05 9.999999832422353796e-01 1.760060662542220066e-04 -3.280256849433089029e-03 3.308018717868368183e-04 -1.760227201833639433e-04 9.999999297930618480e-01 5.649324996000636839e-03 9.999995231628417969e-01 1.503794192103669047e-04 -9.170569246634840965e-04 3.871554732322692871e-01 -1.517771743237972260e-04 9.999988675117492676e-01 -1.503677223809063435e-03 2.333712065592408180e-03 9.168284013867378235e-04 1.503828796558082104e-03 9.999984502792358398e-01 7.541812490671873093e-03 6.056905746459960938e+01
1.157835000000000000e+08 9.999994253932978916e-01 -1.008669891216947044e-03 -3.630400210729078708e-04 3.762360229710200454e-01 1.008747550409200581e-03 9.999994683600649248e-01 2.137940702629526079e-04 -2.547909129529275871e-03 3.628241804120314320e-04 -2.141601631689595681e-04 9.999999112470101537e-01 5.384363402783241305e-03 9.999990463256835938e-01 -8.916147053241729736e-04 -1.032853731885552406e-03 3.740141093730926514e-01 8.896805229596793652e-04 9.999979138374328613e-01 -1.827316591516137123e-03 7.674187654629349709e-04 1.034481800161302090e-03 1.826392603106796741e-03 9.999977946281433105e-01 9.719252586364746094e-03 6.042550277709960938e+01
1.158871000000000000e+08 9.999996556742037912e-01 -7.473913011668202426e-04 -3.606351054321774662e-04 3.667428396516062006e-01 7.474697558489302746e-04 9.999996969999611629e-01 2.174601505340533706e-04 -2.801107623521218760e-03 3.604724683260163956e-04 -2.177296395057870862e-04 9.999999113266930806e-01 5.199722649749883609e-03 9.999999403953552246e-01 -2.974249073304235935e-04 -3.890595398843288422e-04 3.588080108165740967e-01 2.968697226606309414e-04 9.999989271163940430e-01 -1.450027455575764179e-03 4.597449151333421469e-04 3.894783731084316969e-04 1.449916977435350418e-03 9.999988675117492676e-01 2.015718072652816772e-02 6.082735824584960938e+01
1.159909000000000000e+08 9.999998216331342782e-01 -4.678125126390761672e-04 -3.713288915156492606e-04 3.501999526101245985e-01 4.678885610811626679e-04 9.999998695808366422e-01 2.047403211496859950e-04 -2.983978591221367847e-03 3.712330630012980817e-04 -2.049140251749294393e-04 9.999999100981218358e-01 4.936139685939052064e-03 9.999983906745910645e-01 -4.157393705099821091e-04 -1.729412120766937733e-03 3.490357398986816406e-01 4.182337434031069279e-04 9.999988079071044922e-01 1.491834409534931183e-03 5.416387226432561874e-03 1.728798728436231613e-03 -1.492557697929441929e-03 9.999973773956298828e-01 1.329751405864953995e-02 6.015750503540039062e+01
1.160946000000000000e+08 9.999993968761522467e-01 -1.023254215226422539e-03 -3.989963545204086213e-04 3.417095441101362097e-01 1.023345280995181707e-03 9.999994503672917645e-01 2.280997654514737162e-04 -2.305918027877946162e-03 3.987627311624173288e-04 -2.285079389331640739e-04 9.999998943861929668e-01 4.838883154775729979e-03 9.999949336051940918e-01 -7.533403695560991764e-04 -3.097209380939602852e-03 3.337471783161163330e-01 7.526271510869264603e-04 9.999996423721313477e-01 -2.609125222079455853e-04 3.744830843061208725e-03 3.097393317148089409e-03 2.585741749498993158e-04 9.999951720237731934e-01 1.876601576805114746e-02 6.028556823730468750e+01
1.161983000000000000e+08 9.999985861902568329e-01 -1.622099957830519220e-03 -4.431808117620512910e-04 3.260129377699661490e-01 1.622206938224324572e-03 9.999986551473057927e-01 2.411394743618493035e-04 -1.457918552365122496e-03 4.427890634203894560e-04 -2.418580644197626701e-04 9.999998727212536798e-01 4.674950048341971684e-03 9.999916553497314453e-01 -1.240403973497450352e-03 -3.880914766341447830e-03 3.228939473628997803e-01 1.227603876031935215e-03 9.999938607215881348e-01 -3.269334556534886360e-03 -2.640652004629373550e-03 3.884957870468497276e-03 3.264549421146512032e-03 9.999871253967285156e-01 1.483544334769248962e-02 6.050454330444335938e+01
1.163020000000000000e+08 9.999980801060468494e-01 -1.899568028702330793e-03 -4.810671444431651725e-04 3.070442945416494429e-01 1.899676311748751695e-03 9.999981703609804873e-01 2.247324441987357392e-04 -8.436593350323508961e-04 4.806393697060411078e-04 -2.256458845776242693e-04 9.999998590348582184e-01 4.536893860432932545e-03 9.999957680702209473e-01 -1.535879913717508316e-03 -2.449485938996076584e-03 3.122378289699554443e-01 1.525559462606906891e-03 9.999898076057434082e-01 -4.254965111613273621e-03 -4.606886766850948334e-03 2.455996815115213394e-03 4.251211415976285934e-03 9.999879598617553711e-01 1.439804863184690475e-02 6.035817718505859375e+01
1.164056000000000000e+08 9.999934668528329684e-01 -3.572572465096965268e-03 -5.504348550470846042e-04 2.947792571734991207e-01 3.572730513150981866e-03 9.999935767605534487e-01 2.864178704563513861e-04 1.081814701563948815e-03 5.494080709451186310e-04 -2.883825545136525564e-04 9.999998074931315539e-01 4.483994046637857465e-03 9.999954700469970703e-01 -3.026749007403850555e-03 -8.539725240552797914e-05 3.056068420410156250e-01 3.026484511792659760e-03 9.999928474426269531e-01 -2.275826875120401382e-03 -1.249869703315198421e-03 9.228130511473864317e-05 2.275548642501235008e-03 9.999973773956298828e-01 4.373223986476659775e-03 6.035094451904296875e+01
1.165094000000000000e+08 9.999921466739422060e-01 -3.920648331249522271e-03 -5.788853308724073920e-04 2.788419645996388918e-01 3.920808294980621979e-03 9.999922756641946853e-01 2.754548308043498045e-04 1.695183274501152774e-03 5.778008979225175397e-04 -2.777223658127700987e-04 9.999997945081985362e-01 4.389309746877733363e-03 9.999911785125732422e-01 -3.915104549378156662e-03 -1.499503850936889648e-03 2.937419712543487549e-01 3.916681278496980667e-03 9.999917745590209961e-01 1.006796024739742279e-03 4.793893545866012573e-03 1.495559932664036751e-03 -1.012659166008234024e-03 9.999984502792358398e-01 3.602471901103854179e-03 6.025017547607421875e+01
1.166133000000000000e+08 9.999949283517449716e-01 -3.136590707496520435e-03 -5.523314216911727383e-04 2.810549813852709078e-01 3.136724178907903705e-03 9.999950514400726131e-01 2.409507368435065682e-04 8.695229723048891225e-04 5.515729246395718963e-04 -2.426820260698555893e-04 9.999998184363635412e-01 4.383052635858398181e-03 9.999967217445373535e-01 -2.363143954426050186e-03 -1.022150274366140366e-03 2.789187431335449219e-01 2.365334192290902138e-03 9.999949336051940918e-01 2.140513388440012932e-03 7.180545479059219360e-03 1.017071772366762161e-03 -2.142918761819601059e-03 9.999970793724060059e-01 3.536260453984141350e-03 6.020268630981445312e+01
1.167167000000000000e+08 9.999939485770344971e-01 -3.425188123569749936e-03 -6.090113910633288691e-04 2.546574670916419425e-01 3.425317740964987923e-03 9.999941111270824745e-01 2.119169529194055016e-04 1.629606529633534535e-03 6.082819491968094894e-04 -2.140017281726168624e-04 9.999997920981307242e-01 4.172250206666274115e-03 9.999958276748657227e-01 -2.531739184632897377e-03 -1.330613042227923870e-03 2.642836570739746094e-01 2.535390201956033707e-03 9.999930858612060547e-01 2.723563928157091141e-03 9.035711176693439484e-03 1.323729637078940868e-03 -2.726924140006303787e-03 9.999954700469970703e-01 3.162487642839550972e-03 6.045356750488281250e+01
1.168205000000000000e+08 9.999947773529035411e-01 -3.168099645162699048e-03 -6.390708217405138966e-04 2.398602068534806675e-01 3.168209909325185418e-03 9.999949664870615429e-01 1.715997454491581661e-04 1.650595962003341063e-03 6.385239598745018211e-04 -1.736235597621966923e-04 9.999997810709813084e-01 4.025405136296358009e-03 9.999953508377075195e-01 -3.008533036336302757e-03 6.276158965192735195e-04 2.501560151576995850e-01 3.007405437529087067e-03 9.999939203262329102e-01 1.772840158082544804e-03 7.827065885066986084e-03 -6.329579628072679043e-04 -1.770948409102857113e-03 9.999982118606567383e-01 8.285883814096450806e-03 6.087436676025390625e+01
1.169242000000000000e+08 9.999943611086110629e-01 -3.284818629036032576e-03 -6.983679604916426861e-04 2.202663928199941612e-01 3.284911329944932221e-03 9.999945960005715007e-01 1.316337746886716968e-04 2.135648278462791427e-03 6.979317934460618333e-04 -1.339271091945472237e-04 9.999997474773443251e-01 3.831332726314618485e-03 9.999966025352478027e-01 -2.582272747531533241e-03 1.734532270347699523e-04 2.308355569839477539e-01 2.582179615274071693e-03 9.999966621398925781e-01 1.640056143514811993e-04 4.244284704327583313e-03 -1.738807477522641420e-04 -1.635576045373454690e-04 9.999999403953552246e-01 9.269560687243938446e-03 6.013388824462890625e+01
1.170280000000000000e+08 9.999958575645067071e-01 -2.787885056388373500e-03 -7.159267577938029439e-04 2.041870542934858535e-01 2.787942670234005299e-03 9.999961105211887524e-01 7.948913050510701683e-05 1.945183283249216034e-03 7.157023666631524492e-04 -8.148476389096843270e-05 9.999997405651561699e-01 3.678814607457308282e-03 9.999969601631164551e-01 -2.446030965074896812e-03 -2.291328128194436431e-04 2.189154773950576782e-01 2.445787191390991211e-03 9.999962449073791504e-01 -1.236679148860275745e-03 -1.419117208570241928e-03 2.321622450836002827e-04 1.236113603226840496e-03 9.999992251396179199e-01 3.537360113114118576e-03 6.026588821411132812e+01
1.171316000000000000e+08 9.999955318377835578e-01 -2.903222183296579311e-03 -7.124645242757502014e-04 2.077713109868800645e-01 2.903287977280643185e-03 9.999957812800919221e-01 9.133016937015691857e-05 1.992476673579969115e-03 7.121963668220290334e-04 -9.339825091592744244e-05 9.999997420265256398e-01 3.710574307315049614e-03 9.999968409538269043e-01 -2.492956351488828659e-03 -2.444548590574413538e-04 2.059157788753509521e-01 2.492575673386454582e-03 9.999960064888000488e-01 -1.332448096945881844e-03 4.866219533141702414e-04 2.477684465702623129e-04 1.331839477643370628e-03 9.999991059303283691e-01 4.732167348265647888e-03 6.030566406250000000e+01
1.172354000000000000e+08 9.999978650787267886e-01 -1.940024720258289254e-03 -7.114366103711367408e-04 1.912535877304920584e-01 1.940039296957386588e-03 9.999981179259705977e-01 1.979956863459384004e-05 1.349673622588357406e-03 7.113968597419558946e-04 -2.117974135282710727e-05 9.999997467329297951e-01 3.560361222149878956e-03 9.999985694885253906e-01 -1.628726837225258350e-03 -5.558655248023569584e-04 1.962680220603942871e-01 1.628077938221395016e-03 9.999979734420776367e-01 -1.183848246000707150e-03 1.561038428917527199e-03 5.577945848926901817e-04 1.182949054054915905e-03 9.999991655349731445e-01 6.799916736781597137e-03 6.036316680908203125e+01
1.173391000000000000e+08 9.999994953534641073e-01 -7.052427858077024584e-04 -7.154896534564248551e-04 1.819274215226109048e-01 7.052398466153049625e-04 9.999997513088461076e-01 -4.360233061074729225e-06 3.138459829852201189e-04 7.154925505433478621e-04 3.855639054258131157e-06 9.999997440277428318e-01 3.398846372694028489e-03 9.999986290931701660e-01 -2.312491560587659478e-04 -1.686767907813191414e-03 1.803929805755615234e-01 2.322377840755507350e-04 9.999997615814208984e-01 5.748734110966324806e-04 4.765101708471775055e-03 1.686632051132619381e-03 -5.752720753662288189e-04 9.999983906745910645e-01 8.853117935359477997e-03 6.032070541381835938e+01
1.174429000000000000e+08 9.999996788452886198e-01 -1.895640916084868584e-04 -7.787007135977217203e-04 1.691041320570415285e-01 1.895751813393880723e-04 9.999999819302662907e-01 1.416754033725037488e-05 -7.052632334844884164e-05 7.786980138700047311e-04 -1.431515811015330073e-05 9.999996967122063429e-01 3.116634608915270707e-03 9.999972581863403320e-01 2.228825323982164264e-04 -2.304544206708669662e-03 1.701995134353637695e-01 -2.175338013330474496e-04 9.999973773956298828e-01 2.324914326891303062e-03 7.581406272947788239e-03 2.305067842826247215e-03 -2.324408618733286858e-03 9.999946951866149902e-01 6.850075908005237579e-03 6.021276855468750000e+01
1.175467000000000000e+08 9.999995892178558110e-01 -2.968533233753616160e-04 -8.564123991574721295e-04 1.538623607675948801e-01 2.968138964980509176e-04 9.999999548851962183e-01 -4.616398529222152800e-05 9.838781292764810823e-05 8.564260644534929740e-04 4.590977121941613239e-05 9.999996322132649329e-01 2.755365934743993217e-03 9.999984502792358398e-01 6.053898250684142113e-04 -1.609488856047391891e-03 1.590311080217361450e-01 -6.058583385311067104e-04 9.999997615814208984e-01 -2.880467509385198355e-04 3.519667312502861023e-03 1.609305851161479950e-03 2.890304313041269779e-04 9.999986290931701660e-01 8.269668905995786190e-04 6.017375946044921875e+01
1.176504000000000000e+08 9.999996554300835117e-01 -2.204227597296820628e-04 -8.003458987990970473e-04 1.387432407008853674e-01 2.204188128960087012e-04 9.999999756951761798e-01 -5.019612450675603888e-06 7.700305691198144924e-06 8.003469857836024905e-04 4.843199437512986903e-06 9.999996797105885626e-01 2.484394702221870508e-03 9.999995231628417969e-01 6.935909623280167580e-04 -7.876222953200340271e-04 1.494810283184051514e-01 -6.944753113202750683e-04 9.999991059303283691e-01 -1.136760693043470383e-03 1.815139316022396088e-03 7.868356769904494286e-04 1.137300510890781879e-03 9.999991059303283691e-01 1.838398166000843048e-04 6.094156646728515625e+01
1.177540000000000000e+08 9.999997194606439210e-01 -6.893855026178585344e-05 -7.458727249429167490e-04 1.223618279578356921e-01 6.896449972148859431e-05 9.999999970176438602e-01 3.476507148325316484e-05 -1.519241604638053064e-04 7.458703260648821658e-04 -3.481650046851531694e-05 9.999997212326010576e-01 2.164197406320611788e-03 9.999991655349731445e-01 7.673080544918775558e-04 -1.027396647259593010e-03 1.419330686330795288e-01 -7.679132977500557899e-04 9.999994635581970215e-01 -6.609503761865198612e-04 4.690468776971101761e-03 1.026892452500760555e-03 6.617286126129329205e-04 9.999992847442626953e-01 -2.608570503070950508e-04 6.091644668579101562e+01
1.178577000000000000e+08 9.999991602428220938e-01 -1.095665359132742649e-03 -6.921207091588265584e-04 1.317661741795003449e-01 1.095680387739753417e-03 9.999993995144730308e-01 2.133505409851536896e-05 8.153938966495376901e-04 6.920969174707125842e-04 -2.209337926712840803e-05 9.999997602568416744e-01 2.513018781238898335e-03 9.999990463256835938e-01 -4.635424702428281307e-04 -1.317427377216517925e-03 1.312583386898040771e-01 4.638370010070502758e-04 9.999998211860656738e-01 2.778916968964040279e-04 6.219611037522554398e-03 1.317293848842382431e-03 -2.784881507977843285e-04 9.999990463256835938e-01 6.314283818937838078e-04 6.014521789550781250e+01
1.179615000000000000e+08 9.999988544412766744e-01 -1.378689771945883083e-03 -6.247644324537578999e-04 1.062844099253651420e-01 1.378729936821492105e-03 9.999990475122346734e-01 6.386190006532018501e-05 9.360100910615046146e-04 6.246757916228718463e-04 -6.472320835339876691e-05 9.999998027955070423e-01 2.050966050460237104e-03 9.999989271163940430e-01 -1.200084574520587921e-03 -7.433807477355003357e-04 1.244639530777931213e-01 1.200340106151998043e-03 9.999992251396179199e-01 2.426390419714152813e-04 5.091374274343252182e-03 7.431012927554547787e-04 -2.435358765069395304e-04 9.999997019767761230e-01 4.461916105356067419e-04 6.022099304199218750e+01
1.180651000000000000e+08 9.999992257928487227e-01 -1.057200741236661570e-03 -6.563081158492173502e-04 1.043933393468377824e-01 1.057240000435617127e-03 9.999994393530609038e-01 5.947419024072777313e-05 6.028655414543842130e-04 6.562448717359948593e-04 -6.016801936699881946e-05 9.999997828612219308e-01 1.949243371607617750e-03 1.000000000000000000e+00 -2.631162642501294613e-04 2.279037726111710072e-04 1.165125444531440735e-01 2.630981616675853729e-04 9.999998807907104492e-01 -2.942491264548152685e-04 3.180010244250297546e-03 -2.278340107295662165e-04 2.943144354503601789e-04 9.999999403953552246e-01 1.224205712787806988e-03 6.028012847900390625e+01
1.181689000000000000e+08 9.999994579842510500e-01 -7.685021490694943875e-04 -7.024497758799003221e-04 9.257527166092770210e-02 7.685524448446833705e-04 9.999997021193084423e-01 7.133340067249152594e-05 2.565760635572742485e-04 7.023947467638219600e-04 -7.187323148301338893e-05 9.999997507379065897e-01 1.602759634595674445e-03 9.999997615814208984e-01 -2.777364861685782671e-04 -4.437681345734745264e-04 1.058657467365264893e-01 2.777634945232421160e-04 9.999999403953552246e-01 1.810913818189874291e-04 4.910063929855823517e-03 4.437212191987782717e-04 -1.812232221709564328e-04 9.999998211860656738e-01 3.952271770685911179e-03 6.036127853393554688e+01
1.182725000000000000e+08 9.999995614178046610e-01 -6.695010129593968740e-04 -6.549294444494591734e-04 8.068956539706914621e-02 6.695638914356498786e-04 9.999997712538735151e-01 9.579346705034687943e-05 8.545340612044921048e-05 6.548651608125789910e-04 -9.623194215185556285e-05 9.999997809454895803e-01 1.301419317145753726e-03 9.999991059303283691e-01 -4.517967172432690859e-04 -1.271020853891968727e-03 9.992039203643798828e-02 4.535266780294477940e-04 9.999991059303283691e-01 1.292109140194952488e-03 6.893336772918701172e-03 1.270438660867512226e-03 -1.292682718485593796e-03 9.999983906745910645e-01 1.618797658011317253e-03 6.022735977172851562e+01
1.183763000000000000e+08 9.999991955491379647e-01 -1.087095047036042541e-03 -6.535484001100674714e-04 8.432418711573823333e-02 1.087159407068925962e-03 9.999994042272498662e-01 9.813065288305507065e-05 4.686816671086644595e-04 6.534413334020626246e-04 -9.884108519951497558e-05 9.999997816224183156e-01 1.475168879875323434e-03 9.999994635581970215e-01 -5.286604864522814751e-04 -8.837083587422966957e-04 9.474314004182815552e-02 5.304634105414152145e-04 9.999977350234985352e-01 2.070890506729483604e-03 7.406273856759071350e-03 8.826059056445956230e-04 -2.071361755952239037e-03 9.999974966049194336e-01 3.339621704071760178e-03 6.018867111206054688e+01
1.184799000000000000e+08 9.999994723720224687e-01 -7.976177853236137870e-04 -6.473496540489462672e-04 8.069590910688548280e-02 7.976817154636812015e-04 9.999996770003229951e-01 9.850456016276867280e-05 1.904464409808812454e-04 6.472708759682884935e-04 -9.902088715718198328e-05 9.999997856176214839e-01 1.318523528250693235e-03 9.999998807907104492e-01 -4.859089967794716358e-04 -3.038161084987223148e-04 9.123557060956954956e-02 4.859432228840887547e-04 9.999998211860656738e-01 2.586624177638441324e-04 1.616401597857475281e-03 3.036923881154507399e-04 -2.587983035482466221e-04 9.999999403953552246e-01 2.963774022646248341e-04 6.026236724853515625e+01
1.185836000000000000e+08 9.999993877020150190e-01 -9.703618995501700180e-04 -5.319713025271911302e-04 6.360934299764108013e-02 9.704285493266662536e-04 9.999995213160713936e-01 1.250445017562501189e-04 6.200582260161833267e-05 5.318497094695383851e-04 -1.255606652941625449e-04 9.999998506852024738e-01 8.277182840931675755e-04 9.999998807907104492e-01 -3.992342099081724882e-04 2.731234053499065340e-05 8.519580215215682983e-02 3.992476849816739559e-04 9.999990463256835938e-01 -1.337768393568694592e-03 -2.537587657570838928e-03 -2.678344571904744953e-05 1.337776891887187958e-03 9.999990463256835938e-01 9.524201159365475178e-04 6.034320068359375000e+01
1.186872000000000000e+08 9.999994823216588058e-01 -8.049243926652854255e-04 -6.224573563554212799e-04 7.689111247509287927e-02 8.049889545594818849e-04 9.999996706425572368e-01 1.034774149970098592e-04 1.404130554513768740e-04 6.223738598509666450e-04 -1.039784327139649603e-04 9.999998009196168214e-01 1.219000668094624793e-03 9.999998807907104492e-01 -3.616300527937710285e-04 -2.310357813257724047e-04 7.688723504543304443e-02 3.615290916059166193e-04 9.999996423721313477e-01 -7.820289465598762035e-04 1.368848839774727821e-03 2.313290751772001386e-04 7.819426245987415314e-04 9.999997019767761230e-01 1.458251033909618855e-03 6.085977554321289062e+01
1.187910000000000000e+08 9.999995564822512506e-01 -7.649186958015471950e-04 -5.494858306243444266e-04 6.519158349889850323e-02 7.649839488947952080e-04 9.999997003723651856e-01 1.185526460943134525e-04 -6.991657664371812636e-05 5.493949828465772688e-04 -1.189729413602034504e-04 9.999998420052814696e-01 8.474615646207941120e-04 9.999997019767761230e-01 -6.078883307054638863e-04 -5.442074616439640522e-04 7.225329428911209106e-02 6.083009066060185432e-04 9.999994039535522461e-01 8.044444839470088482e-04 1.030176645144820213e-03 5.437085637822747231e-04 -8.047738228924572468e-04 9.999995231628417969e-01 -4.196450754534453154e-04 6.036089706420898438e+01
1.188948000000000000e+08 9.999997516598727598e-01 -5.062068784875817630e-04 -4.903415070628418422e-04 5.449797583013594321e-02 5.062710849314966009e-04 9.999998632869305792e-01 1.308270282143270602e-04 -4.456907550922217646e-04 4.902752144857881571e-04 -1.310752414491984453e-04 9.999998712247404331e-01 4.497374657267583405e-04 9.999996423721313477e-01 -4.087125125806778669e-04 -7.394017884507775307e-04 6.877911090850830078e-02 4.091897571925073862e-04 9.999997019767761230e-01 6.390411872416734695e-04 -1.657348824664950371e-03 7.391393883153796196e-04 -6.393497460521757603e-04 9.999995231628417969e-01 -6.480114534497261047e-03 6.009785461425781250e+01
1.189985000000000000e+08 9.999995286988592191e-01 -7.881225376218448705e-04 -5.669787699926660818e-04 6.788929674400277781e-02 7.881884622858647497e-04 9.999996826445134435e-01 1.160595571350388493e-04 -4.475275239965354791e-06 5.668871209062141536e-04 -1.165063885606327783e-04 9.999998325326128201e-01 9.346882878572860013e-04 9.999997615814208984e-01 -4.011027922388166189e-04 -6.053709657862782478e-04 6.236316636204719543e-02 4.011214477941393852e-04 9.999999403953552246e-01 1.282950415770756081e-05 1.418427564203739166e-04 6.053640390746295452e-04 -1.307378352066734806e-05 9.999997615814208984e-01 7.923866178316529840e-06 6.037571334838867188e+01
1.191021000000000000e+08 9.999997394861152022e-01 -5.220537855438672293e-04 -4.984852603326349069e-04 5.539473403739273577e-02 5.221184801841100486e-04 9.999998552901321336e-01 1.296611426536944034e-04 -4.137386187789143669e-04 4.984174981075724636e-04 -1.299213772377145549e-04 9.999998673502098478e-01 4.740272728685763874e-04 9.999998807907104492e-01 -3.522225306369364262e-04 -1.470323040848597884e-04 5.849112570285797119e-02 3.520465688779950142e-04 9.999996423721313477e-01 -7.409093086607754230e-04 -1.087580225430428982e-03 1.473093579988926649e-04 7.408654782921075821e-04 9.999997615814208984e-01 5.036798305809497833e-03 6.061312103271484375e+01
1.192059000000000000e+08 9.999998220770925927e-01 -2.303861792643843286e-04 -5.502435853506086518e-04 6.165018157969825996e-02 2.304481213467838175e-04 9.999999671174283344e-01 1.125113672429644125e-04 -5.401062681207024476e-04 5.502176461940051864e-04 -1.126381498210183722e-04 9.999998422865872261e-01 6.464158389806411555e-04 9.999999403953552246e-01 -2.773410233203321695e-04 -2.449002349749207497e-04 5.563570186495780945e-02 2.772714069578796625e-04 9.999998211860656738e-01 -4.102649691049009562e-04 3.112999838776886463e-04 2.450046886224299669e-04 4.101877857465296984e-04 9.999998211860656738e-01 2.650760812684893608e-03 6.027126312255859375e+01
1.193096000000000000e+08 9.999997437933536570e-01 -4.946991427091336014e-04 -5.173837954419767751e-04 5.760113686772865005e-02 4.947643278637832908e-04 9.999998696825522781e-01 1.258695422671860398e-04 -3.751566790975166890e-04 5.173214604639901279e-04 -1.261254930610799640e-04 9.999998582354250320e-01 5.433361692367200731e-04 9.999998807907104492e-01 -3.362409770488739014e-04 -5.134737584739923477e-04 5.220793187618255615e-02 3.361004346515983343e-04 9.999999403953552246e-01 -4.003481881227344275e-04 1.285895006731152534e-03 5.136075778864324093e-04 4.001795896328985691e-04 9.999998211860656738e-01 2.641799161210656166e-03 6.026803207397460938e+01
1.194132000000000000e+08 9.999999049140878560e-01 -2.121119323371725967e-04 -3.810253978906954402e-04 3.669723254849801414e-02 2.121762227081877301e-04 9.999999632612209810e-01 1.686973956299965246e-04 -1.009852922032071238e-03 3.809896011636768704e-04 -1.687782241145129340e-04 9.999999131804183650e-01 4.645419119476084215e-07 9.999998211860656738e-01 -2.705077058635652065e-04 -3.623380034696310759e-04 4.760695621371269226e-02 2.705270308069884777e-04 9.999998807907104492e-01 1.556492934469133615e-04 1.133492682129144669e-03 3.622993244789540768e-04 -1.557423674967139959e-04 9.999998807907104492e-01 8.331899298354983330e-04 6.012342453002929688e+01
1.195170000000000000e+08 9.999997888367578858e-01 -4.629626353738165788e-04 -4.560614919998262520e-04 5.030362772957349543e-02 4.630257891955517837e-04 9.999998832289541673e-01 1.383807149193600535e-04 -5.740257401932395264e-04 4.559973736516620521e-04 -1.385918539073898673e-04 9.999998864293526690e-01 3.161829356806103875e-04 9.999999403953552246e-01 -2.939149562735110521e-04 -3.744832065422087908e-04 4.367372393608093262e-02 2.938414982054382563e-04 9.999999403953552246e-01 -6.793151260353624821e-05 6.290480378083884716e-04 3.745022986549884081e-04 6.782117998227477074e-05 1.000000000000000000e+00 2.515217987820506096e-03 6.030879974365234375e+01
1.196207000000000000e+08 9.999998810254165926e-01 -3.243209136504527235e-04 -3.643694556015695130e-04 2.780357805610487315e-02 3.243973554257456159e-04 9.999999253851341585e-01 2.097524341612448315e-04 -1.016570479487312112e-03 3.643014013138448203e-04 -2.098706096925447365e-04 9.999999116194051574e-01 -2.170728801071704762e-04 9.999998807907104492e-01 -2.696170995477586985e-04 -4.136746283620595932e-04 3.835640475153923035e-02 2.695017028599977493e-04 9.999999403953552246e-01 -2.626029017847031355e-04 6.341871339827775955e-04 4.137440701015293598e-04 2.624907938297837973e-04 9.999998211860656738e-01 2.403213642537593842e-03 6.110438537597656250e+01
1.197244000000000000e+08 9.999999071473163470e-01 -1.812984803513866352e-04 -3.909427303989090234e-04 3.894620218498329178e-02 1.813610913409608913e-04 9.999999707341710176e-01 1.601243616247280334e-04 -9.840164841153284381e-04 3.909136886540196627e-04 -1.601952485574678685e-04 9.999999107619805816e-01 6.660485742702117640e-05 9.999999403953552246e-01 -1.652018836466595531e-04 -1.731413940433412790e-04 3.574206307530403137e-02 1.652137289056554437e-04 1.000000119209289551e+00 -2.322974032722413540e-04 1.084472751244902611e-03 1.731794764054939151e-04 2.322671934962272644e-04 1.000000000000000000e+00 3.744024550542235374e-03 6.020515060424804688e+01
1.198281000000000000e+08 9.999999337636745755e-01 -4.343452599313564507e-06 -3.639420096135422954e-04 3.327258296710941532e-02 4.407513517763476910e-06 9.999999844989491127e-01 1.760189666653060232e-04 -1.264795968036840990e-03 3.639412394420519104e-04 -1.760205590857184615e-04 9.999999182817684851e-01 -1.027461318646805469e-04 1.000000000000000000e+00 -1.469355192966759205e-04 -1.325336634181439877e-04 3.059018403291702271e-02 1.469454145990312099e-04 9.999998807907104492e-01 1.125372727983631194e-04 2.367152366787195206e-03 1.325260091107338667e-04 -1.125550916185602546e-04 1.000000000000000000e+00 3.152904100716114044e-03 6.023369598388671875e+01
1.199319000000000000e+08 9.999999338274541127e-01 8.915295518029392604e-05 -3.526993573383329608e-04 1.974335820386193333e-02 -8.906347750660120602e-05 9.999999638516308131e-01 2.537014647770732757e-04 -1.456878390467302364e-03 3.527219628243805668e-04 -2.536700353573948029e-04 9.999999056193595859e-01 -5.587420504168026615e-04 1.000000000000000000e+00 -1.108726137317717075e-04 -1.601146650500595570e-04 2.622100152075290680e-02 1.109330551116727293e-04 1.000000000000000000e+00 1.239320699824020267e-04 2.272094832733273506e-03 1.600864925421774387e-04 -1.239476841874420643e-04 9.999999403953552246e-01 3.511911258101463318e-03 6.038873672485351562e+01
1.200355000000000000e+08 9.999999349430602757e-01 -7.011335198803938043e-05 -3.538332932868197556e-04 1.940603153909848180e-02 7.020446557980828870e-05 9.999999643829405871e-01 2.574984545421729913e-04 -1.309761379516261297e-03 3.538152266054257755e-04 -2.575232784661521087e-04 9.999999042482733413e-01 -5.381265640558194037e-04 9.999998807907104492e-01 -1.838007592596113682e-04 -3.323774435557425022e-04 2.069868706166744232e-02 1.838845055317506194e-04 9.999998807907104492e-01 4.039122723042964935e-04 2.616958227008581161e-03 3.323074779473245144e-04 -4.039795603603124619e-04 9.999999403953552246e-01 1.721080392599105835e-03 6.031657409667968750e+01
1.201392000000000000e+08 9.999999022923364844e-01 -2.700501508754691595e-04 -3.499831925779489758e-04 1.773355160909361600e-02 2.701456969859996325e-04 9.999999262506572562e-01 2.729834861396057016e-04 -1.120935352366553457e-03 3.499094475358815906e-04 -2.730780059197741145e-04 9.999999014958865784e-01 -5.674315285315482483e-04 9.999999403953552246e-01 -1.638293470023199916e-04 -1.532367168692871928e-04 1.693225279450416565e-02 1.638810499571263790e-04 1.000000000000000000e+00 2.460404357407242060e-04 2.558121690526604652e-03 1.531921152491122484e-04 -2.460639516357332468e-04 9.999999403953552246e-01 8.723021601326763630e-04 6.009827041625976562e+01
1.202429000000000000e+08 9.999999399706313019e-01 9.291724968651815671e-05 -3.338040217445677259e-04 1.326759178422923756e-02 -9.281434151563522556e-05 9.999999481709355154e-01 3.082914689014368639e-04 -1.523531675787738763e-03 3.338326500376702821e-04 -3.082604685960880727e-04 9.999998967656228421e-01 -8.023526781831494953e-04 1.000000000000000000e+00 -7.127635035431012511e-05 -1.201268605655059218e-04 1.421861536800861359e-02 7.126005220925435424e-05 9.999999403953552246e-01 1.290180080104619265e-04 2.471860265359282494e-03 1.201190607389435172e-04 -1.290290820179507136e-04 1.000000000000000000e+00 8.886286523193120956e-04 6.038748931884765625e+01
1.203466000000000000e+08 9.999998981728153158e-01 -2.688228790218861455e-04 -3.624756817197848590e-04 2.234912876077381136e-02 2.689086893071500903e-04 9.999999358292009921e-01 2.367059596320921378e-04 -1.088699585372421372e-03 3.624120264822195737e-04 -2.368034083889490170e-04 9.999999062908305758e-01 -4.037934969648174438e-04 9.999998807907104492e-01 1.225513005920220166e-05 -2.907622547354549170e-04 1.217124704271554947e-02 -1.226091717398958281e-05 1.000000000000000000e+00 -7.902633660705760121e-05 1.437444589100778103e-03 2.907655725721269846e-04 7.903354708105325699e-05 9.999998807907104492e-01 -2.430829918012022972e-03 6.013190460205078125e+01
1.204502000000000000e+08 9.999999296997922338e-01 1.603750203599420667e-04 -3.389399229446231408e-04 1.514198922490104030e-02 -1.602762470826143461e-04 9.999999446914012990e-01 2.914253339473058934e-04 -1.568005633292465697e-03 3.389866415395621931e-04 -2.913709894442721715e-04 9.999999000955023254e-01 -7.439625322930169858e-04 9.999998211860656738e-01 -1.205506705446168780e-04 -5.401640082709491253e-04 1.172685250639915466e-02 1.205931330332532525e-04 1.000000000000000000e+00 4.518774949247017503e-05 1.246551517397165298e-03 5.401648813858628273e-04 -4.525494296103715897e-05 9.999998807907104492e-01 -3.878341987729072571e-03 6.043276977539062500e+01
1.205540000000000000e+08 9.999998858435310556e-01 3.579408249221752787e-04 -3.165300877471531648e-04 8.064803891975407327e-03 -3.578351142480958795e-04 9.999998802120952934e-01 3.339608241443561202e-04 -1.757880074594370470e-03 3.166495880405341369e-04 -3.338475204433275574e-04 9.999998941394327989e-01 -1.013555988783658218e-03 9.999997019767761230e-01 -1.932925806613638997e-04 -7.954515167511999607e-04 1.148951984941959381e-02 1.933926541823893785e-04 9.999999403953552246e-01 9.886094630928710103e-05 1.549890846945345402e-03 7.954305037856101990e-04 -9.901612065732479095e-05 9.999997019767761230e-01 -3.665957599878311157e-03 6.091827011108398438e+01
1.206576000000000000e+08 9.999999279724310908e-01 1.609837719541623092e-04 -3.437140756529391094e-04 1.654699854947099327e-02 -1.608881684181682006e-04 9.999999483715649173e-01 2.781579955602164192e-04 -1.558052901239715326e-03 3.437588368283660939e-04 -2.781026760001429222e-04 9.999999022443825103e-01 -6.904637191227344433e-04 9.999997019767761230e-01 -7.222482963697984815e-05 -7.763453177176415920e-04 1.935767009854316711e-02 7.216812809929251671e-05 1.000000000000000000e+00 5.141890869708731771e-05 -3.543873317539691925e-03 7.763373432680964470e-04 -5.146502007846720517e-05 9.999995827674865723e-01 -9.859185665845870972e-03 6.029849624633789062e+01
1.207614000000000000e+08 9.999999271553283720e-01 1.221918972061609922e-04 -3.616054152405547006e-04 2.847959660715753891e-02 -1.221202948743814530e-04 9.999999729358141076e-01 1.980277855141717542e-04 -1.419756741536586358e-03 3.616296028451336519e-04 -1.979836117283743273e-04 9.999999150132551362e-01 -2.828594268427972154e-04 9.999999403953552246e-01 -1.121723253163509071e-04 -4.079641948919743299e-04 1.963021419942378998e-02 1.122279063565656543e-04 1.000000000000000000e+00 -1.372275528410682455e-05 -2.364468062296509743e-03 4.079641366843134165e-04 1.366596097795991227e-05 9.999999403953552246e-01 -8.424733765423297882e-03 6.017366409301757812e+01
1.208650000000000000e+08 9.999999175693853326e-01 1.980126187558533992e-04 -3.544745758798109820e-04 2.025097176299838625e-02 -1.979243017845539008e-04 9.999999493709613718e-01 2.491667016172435171e-04 -1.565450085654669253e-03 3.545238960843396852e-04 -2.490965219451460951e-04 9.999999061318602944e-01 -5.557997569996681866e-04 1.000000000000000000e+00 -4.871092096436768770e-05 -2.065529115498065948e-04 2.867665141820907593e-02 4.878310573985800147e-05 9.999999403953552246e-01 -4.248095501679927111e-05 -6.531657185405492783e-03 2.065598091576248407e-04 4.246388198225758970e-05 1.000000000000000000e+00 -1.338820997625589371e-02 6.020000076293945312e+01
1.209686000000000000e+08 9.999999293896523200e-01 -9.541054486637210981e-05 -3.634797444262711087e-04 3.149873999047186901e-02 9.547791388011330231e-05 9.999999782680502047e-01 1.853317810957196574e-04 -1.193560092155695378e-03 3.634620539217086753e-04 -1.853664722955909153e-04 9.999999167673033762e-01 -1.531314383426619268e-04 9.999999403953552246e-01 -1.075336986104957759e-04 2.633763360790908337e-04 3.084885887801647186e-02 1.075080217560753226e-04 1.000000000000000000e+00 3.211051443940959871e-05 -3.823518054559826851e-03 -2.633803524076938629e-04 -3.208170528523623943e-05 9.999999403953552246e-01 -1.012126728892326355e-02 6.099628829956054688e+01
1.210724000000000000e+08 9.999998263881846317e-01 -4.405295091960525068e-04 -3.913532738184656687e-04 3.745461891401725280e-02 4.405969323311055151e-04 9.999998881085969682e-01 1.722125367194491145e-04 -7.729665121280549552e-04 3.912773653322730474e-04 -1.723849358569753650e-04 9.999999085927330222e-01 5.581718116156761752e-05 1.000000000000000000e+00 -2.128610067302361131e-04 1.246699976036325097e-04 3.346525505185127258e-02 2.128205378539860249e-04 9.999999403953552246e-01 5.737711489928187802e-06 -4.591819830238819122e-03 -1.246769970748573542e-04 -5.696575499314349145e-06 9.999999403953552246e-01 -8.701469749212265015e-03 6.084201431274414062e+01
1.211760000000000000e+08 9.999999135288251129e-01 2.037201500966827035e-04 -3.625471723345976118e-04 2.565429282938181885e-02 -2.036433708384950995e-04 9.999999568347273105e-01 2.118016188602495184e-04 -1.524051487794336832e-03 3.625903049403865095e-04 -2.117277702212733040e-04 9.999999118498119621e-01 -3.848525720877749197e-04 9.999998807907104492e-01 1.388372475048527122e-04 1.831570698413997889e-04 3.279291465878486633e-02 -1.387688971590250731e-04 1.000000000000000000e+00 -1.193522839457727969e-04 -1.883201766759157181e-03 -1.831591653171926737e-04 1.193259304272942245e-04 1.000000000000000000e+00 -4.599614068865776062e-03 6.034239959716796875e+01
1.212797000000000000e+08 9.999999130516407098e-01 -1.516136858363105000e-04 -3.884713625385848609e-04 3.849120873590015229e-02 1.516765164460586368e-04 9.999999754214536907e-01 1.617137159218503010e-04 -1.038798615935662348e-03 3.884468349777670773e-04 -1.617726238446818817e-04 9.999999114693325364e-01 3.763928000903522851e-05 1.000000000000000000e+00 4.000432454631663859e-05 2.441051328787580132e-04 3.416590765118598938e-02 -4.010488919448107481e-05 9.999999403953552246e-01 3.213237505406141281e-04 1.499490026617422700e-04 -2.441061078570783138e-04 -3.213399322703480721e-04 9.999998807907104492e-01 -3.197997109964489937e-03 6.055136108398437500e+01
1.213834000000000000e+08 9.999999206916847516e-01 -3.320795907426666199e-05 -3.968801617157422597e-04 4.103101316391787740e-02 3.326809279600117624e-05 9.999999879689116522e-01 1.515104340205533206e-04 -1.089502628834070324e-03 3.968751255887783473e-04 -1.515236254499661029e-04 9.999999097653627933e-01 7.386930347386518525e-05 1.000000000000000000e+00 -1.288027851842343807e-04 -8.105012966552749276e-05 3.893697634339332581e-02 1.287383784074336290e-04 1.000000000000000000e+00 -5.839532605023123324e-05 5.207940121181309223e-04 8.105633605737239122e-05 5.839771256432868540e-05 9.999999403953552246e-01 -3.414057195186614990e-03 6.022886276245117188e+01
1.214871000000000000e+08 9.999999309654641344e-01 7.956881114060958987e-05 -3.629571283689633689e-04 3.407287104932756050e-02 -7.950744379066893692e-05 9.999999825440208934e-01 1.690873315567907598e-04 -1.324908511409674449e-03 3.629705761105819859e-04 -1.690584620916459058e-04 9.999999198357987229e-01 -9.147378129809923886e-05 1.000000000000000000e+00 -6.689012025162810460e-06 2.206759818363934755e-04 4.318761080503463745e-02 6.714968549204058945e-06 1.000000000000000000e+00 6.660961662419140339e-05 6.350429030135273933e-04 -2.206786157330498099e-04 -6.661860243184491992e-05 1.000000000000000000e+00 -3.043454140424728394e-03 6.118611145019531250e+01
1.215909000000000000e+08 9.999999176373092213e-01 -7.109402613011435576e-05 -3.995885657689849215e-04 4.187771000929760984e-02 7.115340450084521465e-05 9.999999864296188479e-01 1.485865286882333866e-04 -1.061697342420168293e-03 3.995779967323561830e-04 -1.486149485357738623e-04 9.999999091255109551e-01 1.082251539979171216e-04 9.999999403953552246e-01 2.189291408285498619e-04 3.068484656978398561e-04 4.780028760433197021e-02 -2.189157385146245360e-04 9.999999403953552246e-01 5.903820056119002402e-05 2.048631198704242706e-03 -3.068385412916541100e-04 -5.909805258852429688e-05 9.999999403953552246e-01 -2.997578121721744537e-03 6.034719848632812500e+01
1.216945000000000000e+08 9.999998413652800844e-01 -2.185536674096964847e-04 -5.191374735103610480e-04 5.824117211431826396e-02 2.186152900230355013e-04 9.999999690649871154e-01 1.186481402307292568e-04 -6.350994067027637777e-04 5.191115264652606523e-04 -1.187616127957114828e-04 9.999998582094444810e-01 5.397097196311449090e-04 9.999998211860656738e-01 5.786754991277121007e-05 3.960669564548879862e-04 5.116486549377441406e-02 -5.799852078780531883e-05 9.999998807907104492e-01 2.607916831038892269e-04 2.866320544853806496e-03 -3.960435860790312290e-04 -2.608276263345032930e-04 9.999998211860656738e-01 -1.665585557930171490e-03 6.031574249267578125e+01
1.217982000000000000e+08 9.999997315008131160e-01 -5.467635562973209486e-04 -4.879015532072920446e-04 5.413712745887468147e-02 5.468284075844083523e-04 9.999998416720409233e-01 1.327953004013771455e-04 -4.195596824556692460e-04 4.878288683295422135e-04 -1.330620631701546618e-04 9.999998721587356476e-01 4.390898764438835975e-04 1.000000000000000000e+00 -1.605929137440398335e-04 2.744439188973046839e-05 5.798378586769104004e-02 1.605400757398456335e-04 9.999999403953552246e-01 4.626162408385425806e-04 2.675267169252038002e-03 -2.751966349023859948e-05 -4.626068403013050556e-04 9.999999403953552246e-01 2.268729498609900475e-03 6.028211212158203125e+01
1.219020000000000000e+08 9.999998997089342145e-01 -1.492910622293994129e-04 -4.222490963855346740e-04 4.578206986439517512e-02 1.493505598370983899e-04 9.999999789238436243e-01 1.408783959413872770e-04 -9.242863688948225326e-04 4.222280556006768643e-04 -1.409414449517620990e-04 9.999999009294837649e-01 1.778559139552910980e-04 9.999999403953552246e-01 -4.949630601913668215e-05 -1.683744267211295664e-05 6.102815270423889160e-02 4.951809751219116151e-05 9.999998807907104492e-01 3.242371021769940853e-04 2.193112391978502274e-03 1.682941910985391587e-05 -3.242322127334773540e-04 1.000000000000000000e+00 1.586552942171692848e-03 6.079251098632812500e+01
1.220056000000000000e+08 9.999996374836297441e-01 -6.147982613029721573e-04 -5.891143811310147263e-04 7.008064673777583686e-02 6.148620180955673446e-04 9.999998051349614503e-01 1.080498183658547458e-04 -1.114164877966449603e-04 5.890478374970765582e-04 -1.084120032297643070e-04 9.999998206347369134e-01 9.865767790706954019e-04 1.000000000000000000e+00 -2.516147214919328690e-04 -1.386981602990999818e-04 6.891847401857376099e-02 2.515841624699532986e-04 1.000000000000000000e+00 4.203098797006532550e-06 5.680627073161303997e-04 1.386901276418939233e-04 -4.246538992447312921e-06 1.000000000000000000e+00 4.217783920466899872e-03 6.048905563354492188e+01
1.221094000000000000e+08 9.999995448145804211e-01 -7.847759147197607994e-04 -5.426761365229521971e-04 6.417728428844335364e-02 7.848412049808728679e-04 9.999996847989844895e-01 1.201091593065954741e-04 -7.155157746199677883e-05 5.425817066948411971e-04 -1.205350192306293880e-04 9.999998455381873264e-01 8.212328168861000779e-04 9.999999403953552246e-01 -3.050786035601049662e-04 -1.089079305529594421e-04 7.174089550971984863e-02 3.050025552511215210e-04 9.999998211860656738e-01 -4.427647509146481752e-04 1.794706913642585278e-04 1.090304722310975194e-04 4.427375970408320427e-04 9.999998211860656738e-01 3.898899769410490990e-03 6.036272048950195312e+01
1.222131000000000000e+08 9.999997778230970136e-01 -1.434221088963555661e-04 -6.509868298265779948e-04 7.652819723155043774e-02 1.434803496393767248e-04 9.999999857087712440e-01 8.941949614967525072e-05 -4.010827876175273839e-04 6.509739957903835309e-04 -8.951288010125416951e-05 9.999997841101259111e-01 1.099624972345846202e-03 9.999999403953552246e-01 2.562759800639469177e-05 8.960592822404578328e-05 7.740800082683563232e-02 -2.554008642619010061e-05 9.999998807907104492e-01 -4.643562133423984051e-04 1.308836042881011963e-03 -8.960715058492496610e-05 4.643531574402004480e-04 9.999998807907104492e-01 6.292392499744892120e-03 6.021072006225585938e+01
1.223168000000000000e+08 9.999996647490090318e-01 -4.883729480038510309e-04 -6.572622666342617988e-04 8.018003070650547848e-02 4.884333838441045359e-04 9.999998765033757397e-01 9.179349523014791257e-05 -7.337671067705058448e-05 6.572173560016329914e-04 -9.211449331129878534e-05 9.999997797900941343e-01 1.257698904623807522e-03 1.000000119209289551e+00 1.905992976389825344e-04 -2.022075641434639692e-04 8.181639760732650757e-02 -1.906676625367254019e-04 9.999999403953552246e-01 -4.200190014671534300e-04 1.369008328765630722e-03 2.021231339313089848e-04 4.200535477139055729e-04 9.999999403953552246e-01 6.167754065245389938e-03 6.053283309936523438e+01
1.224205000000000000e+08 9.999995822410178148e-01 -6.657092718230687252e-04 -6.263776277749791462e-04 7.735306324101892672e-02 6.657701279734507286e-04 9.999997736751728983e-01 9.695219164927579769e-05 1.245901513964619172e-05 6.263129440355083653e-04 -9.736917467136353677e-05 9.999997991256442953e-01 1.215116853090821318e-03 9.999998807907104492e-01 -2.469216269673779607e-05 -1.610865729162469506e-04 8.753408491611480713e-02 2.463510463712736964e-05 9.999999403953552246e-01 -1.765725028235465288e-04 1.519803190603852272e-03 1.611046609468758106e-04 1.765708730090409517e-04 1.000000000000000000e+00 8.283933624625205994e-03 6.125727844238281250e+01
1.225243000000000000e+08 9.999994821050787186e-01 -7.890002746408533415e-04 -6.428593661965215306e-04 8.040183214707866122e-02 7.890633577280306869e-04 9.999996838991022097e-01 9.788119100769477525e-05 1.703510555155834591e-04 6.427819347032875724e-04 -9.838839707392747021e-05 9.999997885755363969e-01 1.315139082642513384e-03 1.000000000000000000e+00 -2.488991012796759605e-04 -4.666657696361653507e-05 9.117609262466430664e-02 2.489691250957548618e-04 9.999999403953552246e-01 1.529346045572310686e-04 1.252866000868380070e-03 4.661706043407320976e-05 -1.529475703136995435e-04 9.999999403953552246e-01 6.951691582798957825e-03 6.058252716064453125e+01
1.226280000000000000e+08 9.999993063772373292e-01 -9.756325282704782914e-04 -6.598380118601856244e-04 8.496144650486582572e-02 9.756933895604200796e-04 9.999995197863406071e-01 9.192110373307482664e-05 3.661835077827661528e-04 6.597480137773407451e-04 -9.256483956645119486e-05 9.999997780821278104e-01 1.477713168421940747e-03 9.999999403953552246e-01 -1.168360395240597427e-04 1.775888522388413548e-04 9.525920450687408447e-02 1.168952148873358965e-04 9.999999403953552246e-01 -3.091421676799654961e-04 5.324049270711839199e-04 -1.775442651705816388e-04 3.091607941314578056e-04 1.000000000000000000e+00 6.806361954659223557e-03 6.036499023437500000e+01
1.227316000000000000e+08 9.999994456240538510e-01 -7.975808947239754546e-04 -6.874709783726734883e-04 8.888779153453009452e-02 7.976360676099835886e-04 9.999996786895593015e-01 7.998442230296671032e-05 2.240580454894081541e-04 6.874069634365509137e-04 -8.053272958717155514e-05 9.999997604930540573e-01 1.538056044168915589e-03 9.999998807907104492e-01 3.326343721710145473e-05 4.851239791605621576e-04 1.016713306307792664e-01 -3.340389230288565159e-05 9.999999403953552246e-01 3.128730750177055597e-04 3.551058005541563034e-03 -4.851276171393692493e-04 -3.128918760921806097e-04 9.999997615814208984e-01 8.288709446787834167e-03 6.071014404296875000e+01
1.228352000000000000e+08 9.999994840286834386e-01 -7.391903621929105670e-04 -6.968070013674532680e-04 8.948559686928406198e-02 7.392453988790173005e-04 9.999997236588913374e-01 7.872987272553058050e-05 1.811603001770577238e-04 6.967486124491322798e-04 -7.924494346196023806e-05 9.999997541307800164e-01 1.532452201309448181e-03 9.999998211860656738e-01 -1.733373501338064671e-04 5.221719038672745228e-04 1.034916788339614868e-01 1.729227224132046103e-04 9.999997615814208984e-01 7.659225375391542912e-04 4.216136876493692398e-03 -5.222932086326181889e-04 -7.658327813260257244e-04 9.999995827674865723e-01 5.305666942149400711e-03 6.053603363037109375e+01
1.229390000000000000e+08 9.999991771618348402e-01 -1.099539129390316675e-03 -6.608247484700320064e-04 1.004296605350600696e-01 1.099579899961236010e-03 9.999993935807612866e-01 6.133634702604326069e-05 6.088282361971886041e-04 6.607569060192522176e-04 -6.206292617050299175e-05 9.999997797742268268e-01 1.853709711044804675e-03 1.000000000000000000e+00 2.854094782378524542e-05 2.332733274670317769e-04 1.052836403250694275e-01 -2.871984543162398040e-05 9.999997615814208984e-01 6.217070622369647026e-04 4.368105437606573105e-03 -2.332623844267800450e-04 -6.216993788257241249e-04 9.999998211860656738e-01 9.633911773562431335e-03 6.045849609375000000e+01
1.230426000000000000e+08 9.999993999309035875e-01 -8.496663880473091356e-04 -6.915235311474749466e-04 9.236652461929600877e-02 8.497144818911661884e-04 9.999996365943089049e-01 6.925682957668881270e-05 3.129180859867166905e-04 6.914644346403220300e-04 -6.984438560991890514e-05 9.999997584993058908e-01 1.613873206575503708e-03 9.999998211860656738e-01 -1.228662149515002966e-04 -6.517697474919259548e-04 1.073573902249336243e-01 1.227251486852765083e-04 9.999998807907104492e-01 -2.318964834557846189e-04 8.742893114686012268e-04 6.517932633869349957e-04 2.318089391337707639e-04 9.999997019767761230e-01 3.906416241079568863e-03 6.029065704345703125e+01
1.231462000000000000e+08 9.999996689444610176e-01 -3.795308425453898407e-04 -7.197689487811485603e-04 8.882424649773032477e-02 3.795869413553879077e-04 9.999999249300669524e-01 7.780502308688821370e-05 -1.352256688000829082e-04 7.197393653435906142e-04 -7.807821220978618162e-05 9.999997379394975905e-01 1.460986451363577212e-03 9.999998807907104492e-01 8.008364238776266575e-05 -3.038755967281758785e-04 1.134094968438148499e-01 -8.041092951316386461e-05 9.999992847442626953e-01 -1.242343569174408913e-03 -7.891159038990736008e-04 3.037967544514685869e-04 1.242361147888004780e-03 9.999992251396179199e-01 5.618214607238769531e-03 6.008800125122070312e+01
1.232500000000000000e+08 9.999993531497715082e-01 -9.044162497343503958e-04 -6.897327888269979461e-04 9.491758121252412417e-02 9.044594649103709786e-04 9.999995890329769210e-01 6.234561166215176885e-05 3.966112009166782070e-04 6.896761189867753631e-04 -6.296940666653440407e-05 9.999997601908299227e-01 1.675540801573740428e-03 9.999999403953552246e-01 4.077435296494513750e-04 -2.316604950465261936e-04 1.149208918213844299e-01 -4.079583159182220697e-04 9.999996423721313477e-01 -7.054077577777206898e-04 3.746110305655747652e-04 2.313631703145802021e-04 7.055172463878989220e-04 9.999997019767761230e-01 6.226888857781887054e-03 6.048153686523437500e+01
1.233536000000000000e+08 9.999992963969809301e-01 -9.815760418091816139e-04 -6.661186157437790382e-04 1.028089506676336529e-01 9.816156226997410812e-04 9.999995164691056759e-01 5.909584878564056392e-05 5.135038160553574097e-04 6.660602865852222445e-04 -5.974967964864043372e-05 9.999997763968091480e-01 1.893363282028989476e-03 9.999999403953552246e-01 -1.501561928307637572e-04 2.210533421020954847e-04 1.165911108255386353e-01 1.503204111941158772e-04 9.999997019767761230e-01 -7.875816663727164268e-04 -9.946856880560517311e-04 -2.209342346759513021e-04 7.876027957536280155e-04 9.999996423721313477e-01 8.552889339625835419e-03 6.197478485107421875e+01
1.234574000000000000e+08 9.999994287638599433e-01 -8.119947786477028657e-04 -6.950802027731666855e-04 9.760029131708609917e-02 8.120363693873654514e-04 9.999996685249837869e-01 5.955576487254871511e-05 3.293130105441150835e-04 6.950316134036671955e-04 -6.012016122929197547e-05 9.999997566582934372e-01 1.725962096516561392e-03 9.999999403953552246e-01 -1.386196381645277143e-04 2.357918565394356847e-04 1.170755326747894287e-01 1.393864804413169622e-04 9.999958276748657227e-01 -2.906364854425191879e-03 -4.049110691994428635e-03 -2.353848976781591773e-04 2.906390931457281113e-03 9.999957084655761719e-01 6.279986817389726639e-03 6.079347229003906250e+01
1.235610000000000000e+08 9.999995112487918281e-01 -6.843438568832605449e-04 -7.135654628725087573e-04 9.461831544864673926e-02 6.843891028958681323e-04 9.999997638107731568e-01 6.316610586319318247e-05 1.918454434520854403e-04 7.135220669998252468e-04 -6.365443141427557091e-05 9.999997434171554733e-01 1.629416847887473407e-03 9.999994635581970215e-01 5.639850860461592674e-04 9.069257066585123539e-04 1.160882264375686646e-01 -5.616553826257586479e-04 9.999964833259582520e-01 -2.586665330454707146e-03 -2.874605124816298485e-03 -9.083937038667500019e-04 2.586151007562875748e-03 9.999963045120239258e-01 9.654868394136428833e-03 6.028860855102539062e+01
1.236648000000000000e+08 9.999992690419278185e-01 -1.001143862270697897e-03 -6.779576611949789501e-04 9.312447211172344974e-02 1.001190348194388145e-03 9.999994964810400289e-01 6.823168098417211941e-05 4.639084461568999626e-04 6.778890101024323328e-04 -6.891039577042039918e-05 9.999997678588987693e-01 1.658352393360957612e-03 9.999995827674865723e-01 1.459129748582199682e-06 9.114305139519274235e-04 1.112303063273429871e-01 -1.545290047033631708e-06 9.999999403953552246e-01 1.682993388385511935e-05 2.131253946572542191e-03 -9.114260319620370865e-04 -1.682285437709651887e-05 9.999995231628417969e-01 1.289684604853391647e-02 6.026387023925781250e+01
1.237685000000000000e+08 9.999994320782098489e-01 -8.080764875819195208e-04 -6.948781916655314382e-04 9.111596818647445251e-02 8.081285249609594396e-04 9.999996706808129687e-01 7.460954077708260889e-05 2.694533571299834738e-04 6.948176726160001405e-04 -7.517104926639714380e-05 9.999997557888392619e-01 1.580110190010589749e-03 9.999998211860656738e-01 -2.667807857505977154e-04 4.568556614685803652e-04 1.056368052959442139e-01 2.663297345861792564e-04 9.999995827674865723e-01 9.901551529765129089e-04 3.894307883456349373e-03 -4.571121244225651026e-04 -9.900243021547794342e-04 9.999994635581970215e-01 1.098283007740974426e-02 6.048515319824218750e+01
1.238721000000000000e+08 9.999995509726475884e-01 -6.250859190475488349e-04 -7.122654602237644917e-04 9.158301570657099988e-02 6.251383946110364645e-04 9.999998019032328989e-01 7.345391432313036712e-05 1.095541083192789632e-04 7.122194041181592302e-04 -7.389914583224155146e-05 9.999997436411822704e-01 1.561413753301362254e-03 1.000000000000000000e+00 2.893024065997451544e-04 -3.140917106065899134e-04 1.012306511402130127e-01 -2.891056064981967211e-04 9.999997615814208984e-01 4.076987388543784618e-04 4.517122637480497360e-03 3.142016648780554533e-04 -4.076069744769483805e-04 9.999998807907104492e-01 9.870807640254497528e-03 6.045305633544921875e+01
1.239759000000000000e+08 9.999993279688522696e-01 -9.633923050494449950e-04 -6.449318450222195787e-04 8.182780629489908031e-02 9.634563629626818415e-04 9.999995309731434245e-01 9.902177521932243698e-05 3.301559138557843393e-04 6.448361457137526728e-04 -9.964307237526418286e-05 9.999997871287749085e-01 1.385740656949602245e-03 9.999999403953552246e-01 -2.102347934851422906e-04 7.308799104066565633e-05 9.704745560884475708e-02 2.102264261338859797e-04 1.000000000000000000e+00 -2.853281039278954268e-04 1.850133761763572693e-03 -7.302179437829181552e-05 2.853411715477705002e-04 1.000000000000000000e+00 5.234376527369022369e-03 6.037964630126953125e+01
1.240796000000000000e+08 9.999992461574217506e-01 -1.034632248918504254e-03 -6.612266852582219124e-04 8.855587502489513374e-02 1.034685240131170839e-03 9.999994615287770561e-01 7.980371157676621426e-05 4.320914327421064246e-04 6.611437617148323721e-04 -8.048781289465083383e-05 9.999997782052991724e-01 1.573937446322532831e-03 9.999995827674865723e-01 -7.616427610628306866e-04 4.536392807494848967e-04 9.226819127798080444e-02 7.616645889356732368e-04 9.999997019767761230e-01 -3.501163155306130648e-05 3.034907858818769455e-03 -4.536118940450251102e-04 3.534622010192833841e-05 9.999998807907104492e-01 8.527034893631935120e-03 6.022320175170898438e+01
1.241832000000000000e+08 9.999994023312199776e-01 -8.868127334335596055e-04 -6.394531346009507244e-04 8.086919343860578258e-02 8.868756694647842494e-04 9.999996019094706812e-01 9.814480238182923355e-05 2.558592408519739353e-04 6.393658439753206486e-04 -9.871185918255127411e-05 9.999997907336095615e-01 1.347457123936026194e-03 9.999996423721313477e-01 -4.714481765404343605e-04 7.246498716995120049e-04 8.534843474626541138e-02 4.716588882729411125e-04 9.999998807907104492e-01 -2.565481700003147125e-04 2.396670635789632797e-03 -7.245380547828972340e-04 2.568972704466432333e-04 9.999996423721313477e-01 7.517774123698472977e-03 6.017721557617187500e+01
1.242870000000000000e+08 9.999996497113018412e-01 -5.396073471280197955e-04 -6.398446232034297066e-04 7.729986197576323159e-02 5.396704102210859565e-04 9.999998495374651242e-01 9.839144878297211569e-05 -5.515626999258487406e-05 6.397914341788916385e-04 -9.873671954884972784e-05 9.999997904589558173e-01 1.183074962624142395e-03 9.999992847442626953e-01 -3.224213141947984695e-04 1.096502295695245266e-03 7.933704555034637451e-02 3.218337660655379295e-04 9.999998807907104492e-01 4.704754392150789499e-04 4.478529095649719238e-03 -1.096651540137827396e-03 -4.701196739915758371e-04 9.999993443489074707e-01 1.121477037668228149e-02 6.084912109375000000e+01
1.243906000000000000e+08 9.999992058394571171e-01 -1.119281938082390812e-03 -5.792481905936509769e-04 7.212985378253798652e-02 1.119350207679136984e-03 9.999993666185920116e-01 1.175482105662502611e-04 3.223176072991116854e-04 5.791162541253392238e-04 -1.181964987687099725e-04 9.999998253269681836e-01 1.124801441081549466e-03 9.999995827674865723e-01 -7.211263291537761688e-04 6.160416523925960064e-04 7.091624289751052856e-02 7.211006595753133297e-04 9.999997019767761230e-01 1.128641160903498530e-04 2.885597525164484978e-03 -6.161279743537306786e-04 -1.124173504649661481e-04 9.999997615814208984e-01 5.723709706217050552e-03 6.303382492065429688e+01
