0.000000000000000000e+00 9.999848878780241979e-01 -5.497244194366122244e-03 -6.575631307558559642e-05 7.140536742685457683e-02 5.497263429450529454e-03 9.999848461235260055e-01 2.960070112193377827e-04 3.034623660177390367e-03 6.412809389905093564e-05 -2.963640176761918061e-04 9.999999540279803645e-01 4.926596828856085429e-03 9.999795556068420410e-01 -6.385928951203823090e-03 2.609402872622013092e-04 9.155806899070739746e-02 6.385809276252985001e-03 9.999794960021972656e-01 4.604047862812876701e-04 2.320159226655960083e-03 -2.638755249790847301e-04 -4.587290459312498569e-04 9.999998211860656738e-01 1.529485452920198441e-03 5.879779663085937500e+02
1.038750000000000000e+05 9.999686580109719003e-01 -7.917240089768625561e-03 -1.761035364197875404e-05 6.414294049965074684e-02 7.917245316881375145e-03 9.999686070055474607e-01 3.197421044182592251e-04 4.381483602550019681e-03 1.507832599584633211e-05 -3.198715085442520659e-04 9.999999487274338072e-01 5.236620526721547444e-03 9.999752640724182129e-01 -7.028209511190652847e-03 -1.647270255489274859e-04 9.421081840991973877e-02 7.028292864561080933e-03 9.999752044677734375e-01 5.141666624695062637e-04 2.317378995940089226e-03 1.611095358384773135e-04 -5.153120146133005619e-04 9.999998807907104492e-01 1.760457060299813747e-03 5.089068984985351562e+01
2.078940000000000000e+05 9.999628019650815824e-01 -8.625225824845315567e-03 1.291886875558450731e-05 7.953929508548754357e-02 8.625222426226266184e-03 9.999627724629298609e-01 2.433672812674882256e-04 4.805819016348056825e-03 -1.501748554101893941e-05 -2.432468003684283477e-04 9.999999703027346865e-01 5.760982417949538255e-03 9.999715089797973633e-01 -7.520209532231092453e-03 -6.863341550342738628e-04 9.776867926120758057e-02 7.520406972616910934e-03 9.999716281890869141e-01 2.858361112885177135e-04 3.525230567902326584e-03 6.841645808890461922e-04 -2.909884788095951080e-04 9.999997019767761230e-01 1.712060184217989445e-03 4.913119888305664062e+01
3.117500000000000000e+05 9.999614293984299129e-01 -8.780929314800770338e-03 -1.870833225431611498e-04 4.718869371133557755e-02 8.780986053298656460e-03 9.999613999940422104e-01 3.046477351566115430e-04 4.589585007029801413e-03 1.844010110488080530e-04 -3.062787606642333673e-04 9.999999360947955385e-01 5.271728358790775566e-03 9.999570250511169434e-01 -9.145541116595268250e-03 -1.476999255828559399e-03 1.039242595434188843e-01 9.146448224782943726e-03 9.999579787254333496e-01 6.110390531830489635e-04 5.731394048780202866e-03 1.471350085921585560e-03 -6.245219847187399864e-04 9.999987483024597168e-01 -1.260527060367166996e-03 4.808943939208984375e+01
4.156220000000000000e+05 9.999496966889519500e-01 -1.002749945540851693e-02 -2.309711335785880862e-04 4.959862674267696142e-02 1.002755472553564127e-02 9.999496941540398920e-01 2.393925403197000345e-04 5.238161471760600929e-03 2.285590058442784353e-04 -2.416965737340360132e-04 9.999999446717727780e-01 5.543080541868243560e-03 9.999343752861022949e-01 -1.130468398332595825e-02 -1.863608020357787609e-03 1.140498518943786621e-01 1.130505744367837906e-02 9.999360442161560059e-01 1.882950164144858718e-04 6.707527674734592438e-03 1.861360738985240459e-03 -2.093524817610159516e-04 9.999982714653015137e-01 -8.837897912599146366e-04 4.842652893066406250e+01
5.194990000000000000e+05 9.999399392366804529e-01 -1.095924601423082893e-02 -1.133479938613921891e-04 5.742161798152471686e-02 1.095928036394698719e-02 9.999398981570930545e-01 3.070001830091501332e-04 6.204997959234744877e-03 1.099766909516513278e-04 -3.082239567706878975e-04 9.999999464515592074e-01 5.719965187728050585e-03 9.999082088470458984e-01 -1.351376995444297791e-02 -1.069227699190378189e-03 1.273107379674911499e-01 1.351364143192768097e-02 9.999086260795593262e-01 -1.319263683399185538e-04 7.248097099363803864e-03 1.070910831913352013e-03 1.174664284917525947e-04 9.999993443489074707e-01 -7.473326986655592918e-04 4.792556762695312500e+01
6.233770000000000000e+05 9.998833035470292563e-01 -1.527675294151264497e-02 -1.056498200344063300e-05 9.138646188276652871e-02 1.527675539372307621e-02 9.998832600584364183e-01 2.949639478053000933e-04 9.161380185578396618e-03 6.057657371421725939e-06 -2.950909252023709559e-04 9.999999564423251996e-01 5.965506552772613900e-03 9.998703002929687500e-01 -1.610431075096130371e-02 -1.502521336078643799e-04 1.400279700756072998e-01 1.610430143773555756e-02 9.998703598976135254e-01 -2.664368003024719656e-05 9.459931403398513794e-03 1.506639964645728469e-04 2.421790486550889909e-05 1.000000119209289551e+00 -4.982291138730943203e-04 4.842073440551757812e+01
7.271220000000000000e+05 9.998376107326895079e-01 -1.802035582304842981e-02 1.375795151375136787e-04 8.978079841622209345e-02 1.802028231053356272e-02 9.998374873013499142e-01 5.180734771942513157e-04 1.190104720424446823e-02 -1.468930254716000264e-04 -5.155101258223892396e-04 9.999998563358588610e-01 6.200888517928272205e-03 9.998261928558349609e-01 -1.864295080304145813e-02 -2.044563443632796407e-04 1.537104099988937378e-01 1.864266395568847656e-02 9.998252987861633301e-01 -1.353333238512277603e-03 8.814394474029541016e-03 2.296494785696268082e-04 1.349287573248147964e-03 9.999990463256835938e-01 -2.443275880068540573e-04 4.821510314941406250e+01
8.308740000000000000e+05 9.997131070171993983e-01 -2.394964516894849613e-02 -3.437004619348153832e-04 2.017191369548844149e-01 2.394977029815727534e-02 9.997130965840066441e-01 3.646872493297493244e-04 1.783552554366797660e-02 3.348677225051825582e-04 -3.728141705757659807e-04 9.999998744365881098e-01 5.381699250682257275e-03 9.997990131378173828e-01 -2.004464715719223022e-02 -2.216273423982784152e-04 1.649828106164932251e-01 2.004429697990417480e-02 9.997980594635009766e-01 -1.479302067309617996e-03 1.067213620990514755e-02 2.512347418814897537e-04 1.474564196541905403e-03 9.999988675117492676e-01 -1.080317524611018598e-04 4.800412750244140625e+01
9.346220000000000000e+05 9.997154986845773195e-01 -2.385098716211199801e-02 2.282122491762637049e-04 1.702083905896240035e-01 2.385088898374413888e-02 9.997154373015864071e-01 4.236687026268468785e-04 1.687685265676273222e-02 -2.382522256302814891e-04 -4.181051031042578746e-04 9.999998842119890430e-01 5.653115275454346188e-03 9.997520446777343750e-01 -2.226583659648895264e-02 -3.913249820470809937e-04 1.728546917438507080e-01 2.226582355797290802e-02 9.997521042823791504e-01 -2.176898415200412273e-04 1.348628941923379898e-02 3.960763569921255112e-04 2.089226909447461367e-04 9.999998807907104492e-01 2.230941550806164742e-03 4.798025512695312500e+01
1.038404000000000000e+06 9.997230700243255885e-01 -2.352925645051729547e-02 3.966377685887171700e-04 1.589425770825889928e-01 2.352898136540613333e-02 9.997229208456213101e-01 6.845007566332774037e-04 1.721749450304421725e-02 -4.126336632555703435e-04 -6.749787146650289933e-04 9.999996870685311512e-01 5.279105491705899170e-03 9.997014999389648438e-01 -2.438680827617645264e-02 -1.480627339333295822e-03 1.794411092996597290e-01 2.439166046679019928e-02 9.996965527534484863e-01 3.422292415052652359e-03 1.932529173791408539e-02 1.396718318574130535e-03 -3.457386977970600128e-03 9.999930262565612793e-01 4.334760364145040512e-03 4.838425445556640625e+01
1.142127000000000000e+06 9.996577308111151972e-01 -2.613668064792411608e-02 1.138038968951640998e-03 1.485442274258098327e-01 2.613527923490328517e-02 9.996576593119069765e-01 1.229364373574026899e-03 2.131703196854944221e-02 -1.169780876940884314e-03 -1.199200632842139895e-03 9.999985967642422979e-01 5.950302763459259549e-03 9.996657967567443848e-01 -2.576352842152118683e-02 -2.110270317643880844e-03 1.857839226722717285e-01 2.577298134565353394e-02 9.996575713157653809e-01 4.543483257293701172e-03 2.366738021373748779e-02 1.992494333535432816e-03 -4.596355371177196503e-03 9.999875426292419434e-01 5.897333379834890366e-03 4.801830291748046875e+01
1.245873000000000000e+06 9.995663932151506170e-01 -2.939025061651683382e-02 1.799657075821794886e-03 1.729755867416259973e-01 2.938688224232747712e-02 9.995663624499165900e-01 1.870361665015978989e-03 2.676849794805441843e-02 -1.853847072387977820e-03 -1.816664355547089552e-03 9.999966314853155902e-01 7.261377348717666137e-03 9.996259212493896484e-01 -2.732755430042743683e-02 -1.160088344477117062e-03 1.938670724630355835e-01 2.733149752020835876e-02 9.996200203895568848e-01 3.575948299840092659e-03 2.432418800890445709e-02 1.061923685483634472e-03 -3.606318961828947067e-03 9.999928474426269531e-01 5.624613258987665176e-03 4.820681762695312500e+01
1.349627000000000000e+06 9.995499703808287117e-01 -2.996606347475837609e-02 1.375412455937967404e-03 1.634428914425862245e-01 2.996342561862309559e-02 9.995491899530518642e-01 1.899999295118922011e-03 2.699004445243989928e-02 -1.431727905168579673e-03 -1.857932170711111336e-03 9.999972491178678036e-01 6.205047327743400121e-03 9.995445609092712402e-01 -3.016305342316627502e-02 -9.368516621179878712e-04 2.020513713359832764e-01 3.016378358006477356e-02 9.995447397232055664e-01 7.500867359340190887e-04 2.327476069331169128e-02 9.138025925494730473e-04 -7.779960287734866142e-04 9.999993443489074707e-01 1.218547695316374302e-03 4.792809677124023438e+01
1.453253000000000000e+06 9.994242566283506601e-01 -3.385876781965341947e-02 2.176956467027187613e-03 2.100199614620732180e-01 3.385363742447188712e-02 9.994240341308119335e-01 2.351865152497069952e-03 3.303808842329243600e-02 -2.255333868172493088e-03 -2.276813189072757811e-03 9.999948647823927450e-01 8.128903501789038963e-03 9.994937181472778320e-01 -3.181681409478187561e-02 -7.821354665793478489e-05 2.087318003177642822e-01 3.181682527065277100e-02 9.994922876358032227e-01 1.664368668571114540e-03 2.651835419237613678e-02 2.521707574487663805e-05 -1.666016178205609322e-03 9.999985694885253906e-01 2.775442553684115410e-04 4.779331207275390625e+01
1.556997000000000000e+06 9.994533467062562959e-01 -3.297014336656510503e-02 2.444875151372750272e-03 2.105614300455863896e-01 3.296443272383867140e-02 9.994537851890173963e-01 2.340396758366098881e-03 3.223167240698418534e-02 -2.520702940286996367e-03 -2.258523451106710274e-03 9.999942725479067374e-01 8.288186801858431554e-03 9.994471073150634766e-01 -3.324704617261886597e-02 3.413386584725230932e-04 2.148822993040084839e-01 3.324626013636589050e-02 9.994451999664306641e-01 2.026610542088747025e-03 3.016748465597629547e-02 -4.085289838258177042e-04 -2.014152705669403076e-03 9.999978542327880859e-01 1.339123118668794632e-03 4.790342330932617188e+01
1.660772000000000000e+06 9.993946225216812085e-01 -3.476076819124618994e-02 1.441361866993508614e-03 2.464516260435007933e-01 3.475769899901048204e-02 9.993935572969686598e-01 2.102391074842008788e-03 3.358035908944571879e-02 -1.513568489154680161e-03 -2.051019915026757769e-03 9.999967512087374333e-01 7.045374093327835124e-03 9.993683099746704102e-01 -3.553970158100128174e-02 1.839556935010477901e-04 2.194489687681198120e-01 3.553947433829307556e-02 9.993667602539062500e-01 1.682905829511582851e-03 2.867658250033855438e-02 -2.436522336211055517e-04 -1.675299368798732758e-03 9.999985694885253906e-01 6.704993429593741894e-04 4.813468933105468750e+01
1.764374000000000000e+06 9.993325107859118983e-01 -3.650203229169994568e-02 1.460990770084566329e-03 1.816517539436870998e-01 3.649821940938084708e-02 9.993304479494374837e-01 2.556511325048011103e-03 3.503557862317280280e-02 -1.553330421794917688e-03 -2.501481318358675203e-03 9.999956648684104055e-01 6.999876320204466602e-03 9.993640184402465820e-01 -3.565063700079917908e-02 -6.676744669675827026e-04 2.199064046144485474e-01 3.565231338143348694e-02 9.993606805801391602e-01 2.688103588297963142e-03 3.166450187563896179e-02 5.714152357541024685e-04 -2.710198517888784409e-03 9.999961853027343750e-01 1.006929902359843254e-03 4.813683319091796875e+01
1.868002000000000000e+06 9.992663049226458982e-01 -3.826230953992534878e-02 1.687438987358969630e-03 2.169445120717556907e-01 3.825798781906977752e-02 9.992647098942225581e-01 2.523066256434540293e-03 3.736848412122892316e-02 -1.782736576454726444e-03 -2.456657071996039450e-03 9.999953933323513233e-01 8.044912149748322666e-03 9.993473291397094727e-01 -3.612128645181655884e-02 -4.851866688113659620e-04 2.262274175882339478e-01 3.612256422638893127e-02 9.993421435356140137e-01 3.209950402379035950e-03 3.760523721575737000e-02 3.689177974592894316e-04 -3.225385444238781929e-03 9.999947547912597656e-01 -4.111038055270910263e-03 4.786163330078125000e+01
1.971750000000000000e+06 9.992356131085755599e-01 -3.906281952454734169e-02 1.511820870419388133e-03 2.033200082983061818e-01 3.905885900103803904e-02 9.992336166083169990e-01 2.566115616980403288e-03 3.773733505407188965e-02 -1.610901948792332547e-03 -2.505104112671451347e-03 9.999955647142425574e-01 8.028094618714568670e-03 9.992625117301940918e-01 -3.839168697595596313e-02 -6.089981179684400558e-04 2.296906411647796631e-01 3.839217126369476318e-02 9.992624521255493164e-01 7.855304866097867489e-04 3.383675217628479004e-02 5.783950327895581722e-04 -8.083335706032812595e-04 9.999994635581970215e-01 -5.229389294981956482e-03 4.801232147216796875e+01
2.075498000000000000e+06 9.990677070369651247e-01 -4.315761830780461689e-02 1.066203181880895703e-03 2.108738188121243029e-01 4.315477886936958801e-02 9.990651283136565697e-01 2.556266774255607291e-03 4.069302441375832052e-02 -1.175528801441108259e-03 -2.507871823518607532e-03 9.999961643482263574e-01 7.988088193337168283e-03 9.991707205772399902e-01 -4.066643118858337402e-02 -2.053911099210381508e-03 2.324984967708587646e-01 4.065869003534317017e-02 9.991663694381713867e-01 -3.678192850202322006e-03 2.799022942781448364e-02 2.201778348535299301e-03 3.591637592762708664e-03 9.999912381172180176e-01 -5.303369835019111633e-03 4.791363143920898438e+01
2.179126000000000000e+06 9.990440695893706424e-01 -4.367486476642231524e-02 1.858312418316073172e-03 2.370569870214049302e-01 4.366963663139284552e-02 9.990421956188515473e-01 2.766645781526874768e-03 4.278468308242233675e-02 -1.977365391488569452e-03 -2.682849237853562104e-03 9.999944461579611810e-01 9.497689149438375000e-03 9.990647435188293457e-01 -4.321073368191719055e-02 -1.580986543558537960e-03 2.381317466497421265e-01 4.320192337036132812e-02 9.990523457527160645e-01 -5.296058952808380127e-03 2.723420970141887665e-02 1.808330067433416843e-03 5.222802050411701202e-03 9.999846816062927246e-01 -2.212786115705966949e-03 4.790905761718750000e+01
2.282875000000000000e+06 9.989216805877406680e-01 -4.637920851318053095e-02 2.108324156911805559e-03 2.462618489830737389e-01 4.637284277343685368e-02 9.989197735409265366e-01 2.974128995443748192e-03 4.575264566330011079e-02 -2.243984440632612078e-03 -2.873152947957323660e-03 9.999933547407848788e-01 1.000352799804611614e-02 9.989092946052551270e-01 -4.666416719555854797e-02 1.633117441087961197e-03 2.456638216972351074e-01 4.666408151388168335e-02 9.989106059074401855e-01 5.563661761698313057e-05 3.859853744506835938e-02 -1.633932930417358875e-03 2.063791544060222805e-05 9.999986290931701660e-01 1.963997259736061096e-03 4.775024032592773438e+01
2.386504000000000000e+06 9.986493206821838164e-01 -5.186796834862375527e-02 3.041096768537303319e-03 2.944302996105779835e-01 5.185930809227942695e-02 9.986503036104539266e-01 2.860659367224174451e-03 5.122277213138171081e-02 -3.185368794894179179e-03 -2.699086366052380961e-03 9.999912841415836695e-01 1.140412333966015108e-02 9.987252950668334961e-01 -5.038804933428764343e-02 2.972013782709836960e-03 2.545753121376037598e-01 5.037059634923934937e-02 9.987145662307739258e-01 5.652596242725849152e-03 5.206239223480224609e-02 -3.253018250688910484e-03 -5.495696794241666794e-03 9.999796748161315918e-01 5.125451833009719849e-03 4.798697662353515625e+01
2.490144000000000000e+06 9.985071728336069041e-01 -5.460124110917841805e-02 1.459625242466398940e-03 2.766385603189319697e-01 5.459901270636566967e-02 9.985071965195060351e-01 1.525302237763753429e-03 4.930643906706635299e-02 -1.540729697643564676e-03 -1.443331134484175269e-03 9.999977714713109700e-01 9.503644737723625571e-03 9.986200332641601562e-01 -5.251704528927803040e-02 1.345270429737865925e-04 2.592584192752838135e-01 5.251647904515266418e-02 9.986150264739990234e-01 3.157315542921423912e-03 5.023135617375373840e-02 -3.001500153914093971e-04 -3.145889844745397568e-03 9.999949336051940918e-01 4.051672760397195816e-03 4.780729675292968750e+01
2.593620000000000000e+06 9.984804524619375066e-01 -5.510692071480694648e-02 -1.163380099169443373e-04 2.611429762733037951e-01 5.510698451677641801e-02 9.984802476455600928e-01 6.446029405749125309e-04 4.570175218261946642e-02 8.063912409010426559e-05 -6.500344723283836166e-04 9.999997854762489036e-01 6.532538698665900367e-03 9.985058307647705078e-01 -5.463204532861709595e-02 -1.187183428555727005e-03 2.672726511955261230e-01 5.463260412216186523e-02 9.985064268112182617e-01 4.904476227238774300e-04 4.540769010782241821e-02 1.158616389147937298e-03 -5.545692984014749527e-04 9.999991655349731445e-01 3.954579122364521027e-03 4.787942504882812500e+01
2.697329000000000000e+06 9.982400830187636576e-01 -5.927454211757977875e-02 -1.807071554850447426e-03 2.951499235614707950e-01 5.927147714527594702e-02 9.982404446094150785e-01 -1.704974819547922958e-03 4.432715196026771470e-02 1.904953508650656996e-03 1.594866411183594240e-03 9.999969137720398082e-01 5.247767999434445330e-03 9.983935356140136719e-01 -5.665735527873039246e-02 -5.904965219087898731e-04 2.767335772514343262e-01 5.665308982133865356e-02 9.983776211738586426e-01 -5.707932636141777039e-03 3.639151155948638916e-02 9.129371028393507004e-04 5.665303207933902740e-03 9.999835491180419922e-01 1.467328751459717751e-03 4.828851318359375000e+01
2.800890000000000000e+06 9.981900715720527506e-01 -6.009390471496670050e-02 -2.302979602748787217e-03 3.019851548251511475e-01 6.008857748344571814e-02 9.981903608640638748e-01 -2.316553050213158993e-03 4.418135450696036859e-02 2.438022755864763334e-03 2.173977489997179664e-03 9.999946649193496295e-01 4.393781572621669948e-03 9.983257055282592773e-01 -5.783668532967567444e-02 -8.228009101003408432e-04 2.880248725414276123e-01 5.783194676041603088e-02 9.983142614364624023e-01 -4.906155634671449661e-03 4.003375023603439331e-02 1.105165458284318447e-03 4.850367549806833267e-03 9.999876022338867188e-01 1.661309972405433655e-03 4.798684692382812500e+01
2.904641000000000000e+06 9.980455578600526678e-01 -6.248830817370819302e-02 -5.252781714582630684e-04 3.054165025219611751e-01 6.248744449653000077e-02 9.980445846990722014e-01 -1.525245217253934187e-03 4.682228728583395783e-02 6.195610242899132064e-04 1.489440924423446506e-03 9.999986988541349486e-01 4.959981604945908062e-03 9.983488917350769043e-01 -5.743359774351119995e-02 9.087030193768441677e-04 2.974367439746856689e-01 5.743567273020744324e-02 9.983463287353515625e-01 -2.374937757849693298e-03 4.430609941482543945e-02 -7.707959157414734364e-04 2.423200756311416626e-03 9.999967813491821289e-01 2.627424662932753563e-03 4.791503906250000000e+01
3.008248000000000000e+06 9.980643630587517912e-01 -6.214375168409131539e-02 2.383578343051693735e-03 3.702641662006749823e-01 6.214240421488919502e-02 9.980670909652720191e-01 6.353403004199873610e-04 5.218384213021397960e-02 -2.418453531657845448e-03 -4.859892282906199540e-04 9.999969574439637743e-01 8.269758507486579119e-03 9.982526898384094238e-01 -5.906545743346214294e-02 1.713023288175463676e-03 3.106378316879272461e-01 5.906826257705688477e-02 9.982526898384094238e-01 -1.607812009751796722e-03 4.721366986632347107e-02 -1.615068293176591396e-03 1.706186332739889622e-03 9.999972581863403320e-01 2.176844980567693710e-03 4.837206268310546875e+01
3.112001000000000000e+06 9.981383358289268593e-01 -6.096055536984812395e-02 1.916462187749328307e-03 3.207525622383003427e-01 6.095930752633850480e-02 9.981400043262194099e-01 7.029790813170631696e-04 5.168593740379715668e-02 -1.955751575911654234e-03 -5.848441494632607238e-04 9.999979164941469323e-01 7.991088652649086174e-03 9.981776475906372070e-01 -6.033862382173538208e-02 7.684838492423295975e-04 3.198237419128417969e-01 6.033949553966522217e-02 9.981773495674133301e-01 -1.144831767305731773e-03 4.813686013221740723e-02 -6.980066536925733089e-04 1.189117669127881527e-03 9.999990463256835938e-01 1.635310123674571514e-03 4.767369461059570312e+01
3.215751000000000000e+06 9.981978450950167447e-01 -5.996893857221499008e-02 2.188262770236313378e-03 3.149760871119484662e-01 5.996671627946938837e-02 9.981998063945578537e-01 1.067470021341280573e-03 5.208934998393455196e-02 -2.248338517065012667e-03 -9.343233437876625417e-04 9.999970360025409732e-01 8.902169433866680137e-03 9.981883168220520020e-01 -6.015222519636154175e-02 1.358660170808434486e-03 3.303059637546539307e-01 6.015226617455482483e-02 9.981891512870788574e-01 -1.157257975137326866e-05 5.009597912430763245e-02 -1.355504384264349937e-03 9.328411397291347384e-05 9.999990463256835938e-01 1.440912717953324318e-03 4.804022216796875000e+01
3.319374000000000000e+06 9.980326968937763832e-01 -6.262015965699535558e-02 3.074325045228236235e-03 3.548827989003211503e-01 6.261651768417383912e-02 9.980368561764565438e-01 1.267030255037854486e-03 5.454117837033312099e-02 -3.147631341001051741e-03 -1.072034090897675809e-03 9.999944715645571192e-01 9.133608160245535249e-03 9.981895685195922852e-01 -6.011654064059257507e-02 1.853618072345852852e-03 3.467434048652648926e-01 6.011697277426719666e-02 9.981912970542907715e-01 -2.049308823188766837e-04 5.131731182336807251e-02 -1.837952644564211369e-03 3.159858169965445995e-04 9.999983310699462891e-01 1.051252911565825343e-04 4.769596862792968750e+01
3.423126000000000000e+06 9.980875312131782806e-01 -6.175860645682811068e-02 2.674801676061188890e-03 3.732619456762279464e-01 6.175624362199534645e-02 9.980908025425995200e-01 9.572106797064265649e-04 5.294560832357843305e-02 -2.728810949184640525e-03 -7.901943401555124036e-04 9.999959645837105393e-01 8.750636495034514253e-03 9.982108473777770996e-01 -5.978065356612205505e-02 1.236404525116086006e-03 3.594499528408050537e-01 5.977982655167579651e-02 9.982113242149353027e-01 7.435958250425755978e-04 5.195732414722442627e-02 -1.278642332181334496e-03 -6.683490355499088764e-04 9.999989867210388184e-01 1.840563956648111343e-03 4.812351989746093750e+01
3.526893000000000000e+06 9.982028132668860909e-01 -5.987960439741930180e-02 2.361484705283225984e-03 3.515395869691529396e-01 5.987728835029267754e-02 9.982052041411109133e-01 1.039621126837822485e-03 5.194007100511027070e-02 -2.419498423357363450e-03 -8.963534347707836263e-04 9.999966712834528204e-01 8.172407380988965658e-03 9.982947111129760742e-01 -5.828689411282539368e-02 3.191290656104683876e-03 3.773848712444305420e-01 5.829090252518653870e-02 9.982990026473999023e-01 -1.178464270196855068e-03 4.846060648560523987e-02 -3.117171814665198326e-03 1.362476148642599583e-03 9.999942183494567871e-01 5.305357277393341064e-03 4.792627334594726562e+01
3.630648000000000000e+06 9.984282912269453192e-01 -5.599182780629263778e-02 2.421225967887927731e-03 3.659724965179443346e-01 5.598729375212607717e-02 9.984296704206148121e-01 1.901578521216911767e-03 5.145680245273364511e-02 -2.523896707522823614e-03 -1.763031896955861121e-03 9.999952608204968341e-01 9.021556100123676730e-03 9.984279274940490723e-01 -5.598722398281097412e-02 2.658744808286428452e-03 3.885746002197265625e-01 5.599435046315193176e-02 9.984273910522460938e-01 -2.685659332200884819e-03 4.012899473309516907e-02 -2.504203701391816139e-03 2.830311190336942673e-03 9.999928474426269531e-01 7.952610962092876434e-03 4.809100723266601562e+01
3.734395000000000000e+06 9.984870133573815476e-01 -5.495611447694292995e-02 1.873486744380435491e-03 3.644900802097724712e-01 5.495279883902998153e-02 9.984873711758981418e-01 1.777587200357925307e-03 5.036686217333304072e-02 -1.968342130151670786e-03 -1.671944405449988114e-03 9.999966651103675552e-01 8.273079171953016953e-03 9.986238479614257812e-01 -5.244471505284309387e-02 2.686583902686834335e-04 4.001221358776092529e-01 5.244507268071174622e-02 9.986224770545959473e-01 -1.669645542278885841e-03 4.015219584107398987e-02 -1.807187218219041824e-04 1.681439811363816261e-03 9.999985694885253906e-01 7.079776376485824585e-03 4.802479934692382812e+01
3.838251000000000000e+06 9.986884045004963406e-01 -5.119471787112974542e-02 7.559487329512931848e-04 3.712423286030912539e-01 5.119355755108898759e-02 9.986876506936668285e-01 1.481856031236866104e-03 4.607267061601760111e-02 -8.308198690218748621e-04 -1.441212728712252308e-03 9.999986163210874412e-01 7.500397583132826541e-03 9.988314509391784668e-01 -4.832984507083892822e-02 -6.617490271310089156e-06 4.169252514839172363e-01 4.832965135574340820e-02 9.988267421722412109e-01 3.074030624702572823e-03 4.520900547504425049e-02 -1.419594045728445053e-04 -3.070759121328592300e-03 9.999952912330627441e-01 4.639579914510250092e-03 4.788399887084960938e+01
3.942122000000000000e+06 9.989463200574699719e-01 -4.589289111685967287e-02 3.039219637479535861e-04 4.406355206514298017e-01 4.589241620157900187e-02 9.989453801892335116e-01 1.419053880043156602e-03 4.112849552686193705e-02 -3.687259212950651710e-04 -1.403610939498212530e-03 9.999989469582982737e-01 6.200865372085569670e-03 9.990625977516174316e-01 -4.328386485576629639e-02 -5.603806930594146252e-04 4.334872364997863770e-01 4.328550770878791809e-02 9.990572333335876465e-01 3.309652209281921387e-03 4.210948944091796875e-02 4.165955178905278444e-04 -3.330809762701392174e-03 9.999943971633911133e-01 1.905342563986778259e-03 4.772044754028320312e+01
4.046284000000000000e+06 9.993079684074377411e-01 -3.719652340595563933e-02 5.406452803893607890e-05 4.644000397179674500e-01 3.719644953944062360e-02 9.993074580024475795e-01 1.014160445438305660e-03 3.341134124073467937e-02 -9.175032885432965295e-05 -1.011447605879226084e-03 9.999994842776754878e-01 5.594843956283190173e-03 9.992628097534179688e-01 -3.834122791886329651e-02 -1.968482974916696548e-03 4.475292563438415527e-01 3.834553062915802002e-02 9.992620944976806641e-01 2.215277403593063354e-03 3.618745878338813782e-02 1.882094657048583031e-03 -2.289124531671404839e-03 9.999955296516418457e-01 1.900627103168517351e-04 4.799158477783203125e+01
4.150266000000000000e+06 9.993976599532303773e-01 -3.470218582417185227e-02 2.750691073010831308e-04 4.916985463937946776e-01 3.470183214735776678e-02 9.993969891990149845e-01 1.200378955114474481e-03 3.133294529957102170e-02 -3.165590083257898216e-04 -1.190110517523866292e-03 9.999992417134405676e-01 6.120490866739475462e-03 9.993916153907775879e-01 -3.475566208362579346e-02 -2.897445810958743095e-03 4.625338912010192871e-01 3.475563973188400269e-02 9.993957877159118652e-01 -5.794083699584007263e-05 3.050660714507102966e-02 2.897709840908646584e-03 -4.279680433683097363e-05 9.999958276748657227e-01 1.488299691118299961e-03 4.815334320068359375e+01
4.254380000000000000e+06 9.995135408686504075e-01 -3.118765431878057354e-02 1.089482441704228005e-04 4.727833318653558159e-01 3.118754037073134117e-02 9.995131219206179196e-01 9.254542484617468701e-04 2.838177468132997358e-02 -1.377579459171749537e-04 -9.216062251528010785e-04 9.999995658322767822e-01 5.815793138558342408e-03 9.994914531707763672e-01 -3.175578266382217407e-02 -2.908069174736738205e-03 4.760482311248779297e-01 3.175549581646919250e-02 9.994956851005554199e-01 -1.440513733541592956e-04 2.377921156585216522e-02 2.911182818934321404e-03 5.162989691598340869e-05 9.999958276748657227e-01 3.797885496169328690e-03 4.794009780883789062e+01
4.358512000000000000e+06 9.997000241885465321e-01 -2.448750013671860751e-02 -4.732729170093647147e-04 4.292614534714225272e-01 2.448771479499917483e-02 9.997000282243460045e-01 4.532164391872037408e-04 2.315034752905393081e-02 4.620328111149610826e-04 -4.646698571860326775e-04 9.999997853037841944e-01 5.030225196872241747e-03 9.996362924575805664e-01 -2.689463831484317780e-02 -1.961144385859370232e-03 4.942502379417419434e-01 2.689687348902225494e-02 9.996375441551208496e-01 1.123319962061941624e-03 2.450582757592201233e-02 1.930215163156390190e-03 -1.175660174340009689e-03 9.999974370002746582e-01 2.496288856491446495e-03 4.786320114135742188e+01
4.462646000000000000e+06 9.997612405347263698e-01 -2.184036109129722236e-02 -6.786389639358063547e-04 4.859083809939429566e-01 2.184043108634894231e-02 9.997614647364986284e-01 9.590031723316784886e-05 1.922580971623023827e-02 6.763825870497438891e-04 -1.106991876807708456e-04 9.999997651261147702e-01 5.064863137145390708e-03 9.997710585594177246e-01 -2.125185541808605194e-02 -2.518015913665294647e-03 5.093719363212585449e-01 2.125407755374908447e-02 9.997737407684326172e-01 8.570358040742576122e-04 1.991194486618041992e-02 2.499232767149806023e-03 -9.103582706302404404e-04 9.999964833259582520e-01 -5.591300432570278645e-04 4.796928024291992188e+01
4.566885000000000000e+06 9.998819971381636140e-01 -1.532383441867780915e-02 -1.082543471552898338e-03 4.968229336396856044e-01 1.532354684819424440e-02 9.998825501752427458e-01 -2.734404752094221169e-04 1.355289242416838139e-02 1.086606483531525093e-03 2.568198030366996188e-04 9.999993766647821136e-01 5.031659144844821858e-03 9.998637437820434570e-01 -1.643501967191696167e-02 -1.522910897620022297e-03 5.290836095809936523e-01 1.643490418791770935e-02 9.998649358749389648e-01 -8.558705303585156798e-05 1.357721444219350815e-02 1.524111023172736168e-03 6.054639015928842127e-05 9.999988079071044922e-01 -3.123255912214517593e-03 4.789257431030273438e+01
4.671250000000000000e+06 9.998939775243707029e-01 -1.456106913137582455e-02 9.480179274933047068e-05 5.607899736759381915e-01 1.456101007432142845e-02 9.998938050186342297e-01 5.963909175953779635e-04 1.332509062108034811e-02 -1.034758141996354550e-04 -5.949472769703769391e-04 9.999998176652397097e-01 6.622706756615878362e-03 9.999111294746398926e-01 -1.333006378263235092e-02 2.714401343837380409e-04 5.450425148010253906e-01 1.333030592650175095e-02 9.999107718467712402e-01 -9.169531986117362976e-04 1.051502209156751633e-02 -2.591921656858175993e-04 9.204919333569705486e-04 9.999995231628417969e-01 -3.023564750037621707e-05 4.813600158691406250e+01
4.775500000000000000e+06 9.999697586299960417e-01 -7.750827344385040514e-03 6.375719940806905649e-04 5.821226313154655996e-01 7.750240657349297645e-03 9.999695454522863347e-01 9.175700426433967740e-04 8.082366732123407588e-03 -6.446645044306496819e-04 -9.126009574396784941e-04 9.999993757833598451e-01 6.843714194935818229e-03 9.999497532844543457e-01 -9.876422584056854248e-03 1.694705686531960964e-03 5.591876506805419922e-01 9.874369949102401733e-03 9.999504685401916504e-01 1.217149663716554642e-03 8.875396102666854858e-03 -1.706638373434543610e-03 -1.200357801280915737e-03 9.999978542327880859e-01 5.242699757218360901e-03 4.792307281494140625e+01
4.879959000000000000e+06 9.999884888154112472e-01 -4.698190241943905540e-03 9.742917606192410531e-04 5.926399050885681197e-01 4.697130408506691029e-03 9.999883773600750647e-01 1.087248820270027977e-03 5.557267920576328991e-03 -9.793885387267089494e-04 -1.082659929155905133e-03 9.999989343221844518e-01 7.610778759628315446e-03 9.999753236770629883e-01 -6.810943596065044403e-03 1.737215439788997173e-03 5.771279335021972656e-01 6.806930061429738998e-03 9.999741911888122559e-01 2.304495777934789658e-03 9.367549791932106018e-03 -1.752861426211893559e-03 -2.292612334713339806e-03 9.999958276748657227e-01 7.750737480819225311e-03 4.715395355224609375e+01
4.984250000000000000e+06 9.999955327384087989e-01 -2.377713828757418643e-03 1.811347514111764272e-03 6.263311860199228809e-01 2.374934602819448425e-03 9.999960017982050253e-01 1.534950460644755616e-03 3.995556517246829503e-03 -1.814989945061393000e-03 -1.530641771558079699e-03 9.999971814695484129e-01 8.717072263861992340e-03 9.999890327453613281e-01 -4.581660963594913483e-03 8.401121594943106174e-04 5.900844335556030273e-01 4.581525456160306931e-03 9.999895691871643066e-01 1.213910727528855205e-04 2.565993461757898331e-03 -8.406682754866778851e-04 -1.175422003143467009e-04 9.999996423721313477e-01 2.896686550229787827e-03 4.698268890380859375e+01
5.088502000000000000e+06 9.999965569166504586e-01 -2.168673698570331657e-03 1.477500971320939559e-03 6.290627070986263281e-01 2.166784904257639411e-03 9.999968348843881749e-01 1.278774522911565277e-03 3.454765281264610393e-03 -1.480269539579280764e-03 -1.275568693130936472e-03 9.999980908614458652e-01 8.585283874197406281e-03 9.999985098838806152e-01 -1.746956259012222290e-03 -3.979411849286407232e-05 6.079012155532836914e-01 1.746845664456486702e-03 9.999954700469970703e-01 -2.434120746329426765e-03 -2.633458934724330902e-03 4.404709761729463935e-05 2.434048335999250412e-03 9.999969601631164551e-01 -5.844277620781213045e-05 4.644134521484375000e+01
5.192878000000000000e+06 9.999983476293110574e-01 -1.096020780852999298e-03 1.450336808352348152e-03 6.445287239642998323e-01 1.094447547136308827e-03 9.999988123855140243e-01 1.085086151899403075e-03 2.290392996745369003e-03 -1.451524362968328180e-03 -1.083497041258036156e-03 9.999983595541290793e-01 8.504225068791435027e-03 9.999982714653015137e-01 6.174174486659467220e-04 1.767903682775795460e-03 6.235796809196472168e-01 -6.134335417300462723e-04 9.999973773956298828e-01 -2.216693246737122536e-03 -2.559709362685680389e-03 -1.769270980730652809e-03 2.215605927631258965e-03 9.999960064888000488e-01 2.088496694341301918e-03 4.615542221069335938e+01
5.297154000000000000e+06 9.999988156000664263e-01 -2.646931003177882373e-04 1.516158288752621729e-03 6.527417619146971273e-01 2.629464049944724331e-04 9.999993017196383560e-01 1.152136876504604142e-03 1.700387582961094581e-03 -1.516462192739932192e-03 -1.151736843530439284e-03 9.999981869206331364e-01 8.590869237654140400e-03 9.999947547912597656e-01 1.469117705710232258e-03 2.892266027629375458e-03 6.395282149314880371e-01 -1.470989547669887543e-03 9.999987483024597168e-01 6.339013343676924706e-04 -2.894270292017608881e-04 -2.891334705054759979e-03 -6.381510756909847260e-04 9.999955892562866211e-01 8.528983220458030701e-03 4.592502212524414062e+01
5.401501000000000000e+06 9.999990193857287712e-01 1.003285527624589256e-04 1.396839926569082508e-03 6.388852539502136718e-01 -1.016805383246749595e-04 9.999995264623320335e-01 9.678513256929293729e-04 1.188509583732657617e-03 -1.396742161990871317e-03 -9.679924080384861218e-04 9.999985560499863313e-01 8.339212646780426452e-03 9.999979734420776367e-01 1.917316694743931293e-03 6.483802571892738342e-04 6.551343202590942383e-01 -1.918843714520335197e-03 9.999952316284179688e-01 2.396018244326114655e-03 1.644166768528521061e-03 -6.437742849811911583e-04 -2.397254575043916702e-03 9.999968409538269043e-01 8.566783741116523743e-03 4.571350479125976562e+01
5.505749000000000000e+06 9.999988345940770129e-01 1.152139705299425819e-04 1.522345645361021602e-03 6.243397285990476275e-01 -1.165998187999845874e-04 9.999995788972433353e-01 9.102800838316972998e-04 9.765465061436532593e-04 -1.522240127315907608e-03 -9.104565282096431511e-04 9.999984269257389258e-01 8.180840867957834064e-03 9.999949336051940918e-01 1.713513978756964207e-03 -2.674418268725275993e-03 6.653316020965576172e-01 -1.708972500637173653e-03 9.999970793724060059e-01 1.702395384199917316e-03 3.164645982906222343e-03 2.677331911399960518e-03 -1.697824336588382721e-03 9.999949932098388672e-01 4.683318547904491425e-03 4.541891098022460938e+01
5.610008000000000000e+06 9.999987387057247545e-01 5.010425843592457166e-04 1.507163960133520598e-03 6.293887925621468593e-01 -5.022848929069305543e-04 9.999995343639886958e-01 8.240034348026438861e-04 5.584344454138862350e-04 -1.506750397519184947e-03 -8.247594212057780426e-04 9.999985247364301388e-01 8.153921887268057375e-03 9.999992251396179199e-01 1.246599596925079823e-03 -1.796424621716141701e-04 6.838040947914123535e-01 -1.246528699994087219e-03 9.999991059303283691e-01 3.612214932218194008e-04 -2.355032629566267133e-04 1.800866157282143831e-04 -3.609945706557482481e-04 9.999999403953552246e-01 4.267187614459544420e-04 4.567731094360351562e+01
5.714253000000000000e+06 9.999977328918568942e-01 1.450339690690992389e-03 1.559078663489456285e-03 6.651267744138091853e-01 -1.451914032837280100e-03 9.999984367969696475e-01 1.009133043941472154e-03 3.330604804417244217e-04 -1.557612640739634846e-03 -1.011394404142494739e-03 9.999982754607568136e-01 8.647921609783768004e-03 9.999962449073791504e-01 1.525969128124415874e-03 2.273107413202524185e-03 7.008289694786071777e-01 -1.524793915450572968e-03 9.999987483024597168e-01 -5.209047812968492508e-04 -1.664144452661275864e-03 -2.273902297019958496e-03 5.174413672648370266e-04 9.999973177909851074e-01 -2.050819894066080451e-04 4.524118423461914062e+01
5.818377000000000000e+06 9.999960188838462605e-01 2.230811132007722106e-03 1.727917281936656568e-03 7.120028312361162959e-01 -2.232612644256986873e-03 9.999969654947760134e-01 1.041365452906432235e-03 4.140272078544554070e-04 -1.725588948912447004e-03 -1.045219077090357544e-03 9.999979649278546434e-01 9.284457286536186571e-03 9.999919533729553223e-01 1.840953365899622440e-03 3.555075498297810555e-03 7.175199985504150391e-01 -1.843997044488787651e-03 9.999979734420776367e-01 8.554045925848186016e-04 -6.533360283356159925e-05 -3.553487127646803856e-03 -8.619559812359511852e-04 9.999933242797851562e-01 4.588546697050333023e-03 4.505059051513671875e+01
5.922523000000000000e+06 9.999962712444423474e-01 2.285992533316638826e-03 1.493899481300151131e-03 6.987785407467475007e-01 -2.287524968044675651e-03 9.999968584073268829e-01 1.024892803733007569e-03 2.432305060351162493e-04 -1.491551890877582023e-03 -1.028306314379171665e-03 9.999983589282621654e-01 9.241587978659928163e-03 9.999928474426269531e-01 1.824068254791200161e-03 3.302375553175806999e-03 7.319613695144653320e-01 -1.827545231208205223e-03 9.999977946281433105e-01 1.048979349434375763e-03 -7.274833624251186848e-04 -3.300464013591408730e-03 -1.055008498951792717e-03 9.999939799308776855e-01 8.689804002642631531e-03 4.553513717651367188e+01
6.026772000000000000e+06 9.999978368071891222e-01 2.010508277975410311e-03 5.331391843180207724e-04 7.209867310623299108e-01 -2.010739276371534268e-03 9.999978846744803640e-01 4.330982691564617460e-04 -4.523373878544101312e-04 -5.322673088963982653e-04 -4.341693361832381858e-04 9.999997640942209776e-01 9.255346079849678317e-03 9.999977946281433105e-01 1.855589798651635647e-03 -1.044237753376364708e-03 7.418152689933776855e-01 -1.854400383308529854e-03 9.999976158142089844e-01 1.143491244874894619e-03 -1.050435355864465237e-03 1.046361983753740788e-03 -1.141560496762394905e-03 9.999988079071044922e-01 4.773669876158237457e-03 4.578899383544921875e+01
6.130876000000000000e+06 9.999986813598720214e-01 1.606168784362017009e-03 2.397922711069460939e-04 6.980709808682123985e-01 -1.606274085351044358e-03 9.999986133214073813e-01 4.395893585145664996e-04 -6.125313173703321977e-05 -2.390858838811963077e-04 -4.399739509682616266e-04 9.999998746304225028e-01 9.187124178532332652e-03 9.999944567680358887e-01 1.957372529432177544e-03 -2.698494819924235344e-03 7.556337118148803711e-01 -1.951394951902329922e-03 9.999957084655761719e-01 2.213442232459783554e-03 1.937996712513267994e-04 2.702811732888221741e-03 -2.208157442510128021e-03 9.999939203262329102e-01 1.301865675486624241e-03 4.555724716186523438e+01
6.235023000000000000e+06 9.999990214513587716e-01 1.113488185072423683e-03 -8.469004938417376170e-04 7.035697629755758298e-01 -1.113716501309032752e-03 9.999993435922547302e-01 -2.691665924815468333e-04 -7.466112623607414197e-04 8.466002241183419189e-04 2.701095361150351089e-04 9.999996051543836861e-01 8.814639686722372525e-03 9.999983310699462891e-01 1.616882625967264175e-03 -7.825310458429157734e-04 7.672685980796813965e-01 -1.615860615856945515e-03 9.999977946281433105e-01 1.313975662924349308e-03 9.725831660034600645e-06 7.846520165912806988e-04 -1.312710461206734180e-03 9.999988079071044922e-01 1.716303173452615738e-03 4.586259078979492188e+01
6.339025000000000000e+06 9.999975349438535721e-01 1.654619905920152447e-03 1.480654960312570217e-03 7.619900342375288682e-01 -1.655887486270285090e-03 9.999982632662671733e-01 8.552783357169168373e-04 1.034323834985144581e-03 -1.479237228229099465e-03 -8.577280254637880720e-04 9.999985380788385392e-01 9.937674801008947179e-03 9.999964237213134766e-01 1.606450299732387066e-03 2.131334738805890083e-03 7.875365018844604492e-01 -1.600710442289710045e-03 9.999951124191284180e-01 -2.689821645617485046e-03 -7.522463798522949219e-03 -2.135639544576406479e-03 2.686402061954140663e-03 9.999941587448120117e-01 2.191526349633932114e-03 4.613897705078125000e+01
6.443143000000000000e+06 9.999982911205828051e-01 9.489222920972294802e-04 1.586600903314385174e-03 7.648787756654324976e-01 -9.504331771469887950e-04 9.999990953808294281e-01 9.517953109000428695e-04 1.783723541783983641e-03 -1.585696288264358284e-03 -9.533016425213842278e-04 9.999982883901794573e-01 9.864400185463178400e-03 9.999973773956298828e-01 1.116233179345726967e-03 1.993737882003188133e-03 7.940873503684997559e-01 -1.111397170461714268e-03 9.999964833259582520e-01 -2.421419136226177216e-03 -6.501201074570417404e-03 -1.996433595195412636e-03 2.419199328869581223e-03 9.999951124191284180e-01 6.396362092345952988e-03 4.604694366455078125e+01
6.547271000000000000e+06 9.999993738616577144e-01 8.796356962960477600e-04 6.917494661779849613e-04 8.011838560107962248e-01 -8.798993892714146491e-04 9.999995403135162331e-01 3.809853190817593044e-04 6.368354510372412850e-04 -6.914140199009210846e-04 -3.815937504700592014e-04 9.999996881663801851e-01 9.761214889324383928e-03 9.999965429306030273e-01 1.320456969551742077e-03 2.280093031004071236e-03 8.026323914527893066e-01 -1.318604219704866409e-03 9.999987483024597168e-01 -8.155716932378709316e-04 -3.578130155801773071e-03 -2.281159628182649612e-03 8.125624153763055801e-04 9.999970197677612305e-01 7.860713638365268707e-03 4.578521728515625000e+01
6.651280000000000000e+06 9.999977956779324550e-01 2.023713817673758410e-04 -2.089900720185136791e-03 7.665736602918654663e-01 -2.041984488441436817e-04 9.999995971610400325e-01 -8.740599158955079289e-04 -1.595952678354426325e-03 2.089722993575568628e-03 8.744847436789161084e-04 9.999974341637835051e-01 8.503483664523685259e-03 9.999912381172180176e-01 7.448530523106455803e-04 -4.131622612476348877e-03 8.023442029953002930e-01 -7.446193485520780087e-04 9.999997019767761230e-01 5.940114351687952876e-05 -2.025358844548463821e-03 4.131658002734184265e-03 -5.632866304949857295e-05 9.999915361404418945e-01 1.037747319787740707e-02 4.566073608398437500e+01
6.755380000000000000e+06 9.999942880027882230e-01 -1.883830688986806593e-03 -2.806268626048104634e-03 8.042711026212018277e-01 1.881126262289307136e-03 9.999977640656531053e-01 -9.660370741809784110e-04 2.793610327715020892e-04 2.808082201723426097e-03 9.607526105081255459e-04 9.999955958046361504e-01 8.314142790167143582e-03 9.999712109565734863e-01 5.296804592944681644e-04 -7.557232398539781570e-03 8.071804642677307129e-01 -5.396350170485675335e-04 9.999989867210388184e-01 -1.315521541982889175e-03 -4.981948994100093842e-03 7.556536234915256500e-03 1.319563947618007660e-03 9.999705553054809570e-01 8.816294372081756592e-03 4.559676742553710938e+01
6.859377000000000000e+06 9.999993464380761976e-01 -8.640704099609537335e-04 -7.486692922292763515e-04 8.384539880315778904e-01 8.640082269496413567e-04 9.999996232689065678e-01 -8.337749502755534942e-05 1.257398187148641485e-03 7.487410542106752616e-04 8.273058408860905165e-05 9.999997162711935506e-01 9.412044331249438955e-03 9.999877214431762695e-01 2.552284968260210007e-05 -4.974209703505039215e-03 8.218785524368286133e-01 -4.278406777302734554e-05 9.999939799308776855e-01 -3.468225011602044106e-03 -8.160443976521492004e-03 4.974081180989742279e-03 3.468396607786417007e-03 9.999816417694091797e-01 1.398440450429916382e-03 4.612585449218750000e+01
6.963378000000000000e+06 9.999982765372097404e-01 -4.506369619767249218e-04 -1.801068814358344717e-03 8.098906470545215175e-01 4.496621880977489977e-04 9.999997522431627317e-01 -5.415879618867708127e-04 -3.227093498988078610e-04 1.801312427689580374e-03 5.407771559209112629e-04 9.999982314152057183e-01 8.992503015191890062e-03 9.999997019767761230e-01 -5.130232893861830235e-04 -6.209982093423604965e-04 8.317966461181640625e-01 5.120727582834661007e-04 9.999986886978149414e-01 -1.536913099698722363e-03 -5.938757210969924927e-03 6.217900081537663937e-04 1.536594587378203869e-03 9.999986290931701660e-01 1.765688997693359852e-03 4.606262588500976562e+01
7.067377000000000000e+06 9.999821229810373913e-01 -2.248193600669008457e-04 5.975213289717002177e-03 8.352730289696053134e-01 2.089206761549055832e-04 9.999964370077676357e-01 2.661263567235437957e-03 6.665532791355677222e-03 -5.975790303662482233e-03 -2.659967646148880989e-03 9.999786070219144340e-01 1.072347625057770183e-02 9.999623298645019531e-01 1.354628766421228647e-04 8.669146336615085602e-03 8.461033701896667480e-01 -1.439928455511108041e-04 9.999995231628417969e-01 9.842910803854465485e-04 -3.270946326665580273e-04 -8.669015020132064819e-03 -9.855029638856649399e-04 9.999619722366333008e-01 6.627676542848348618e-03 4.610575866699218750e+01
7.171256000000000000e+06 9.999770670088741209e-01 -1.480424690703293971e-03 6.608615443804612827e-03 8.244956708524039390e-01 1.460197682286004271e-03 9.999942383780416888e-01 3.064479271045012550e-03 7.444851049506864479e-03 -6.613114098333958829e-03 -3.054759108207068512e-03 9.999734672317953654e-01 1.026719998115150148e-02 9.999758601188659668e-01 -3.673403989523649216e-04 6.943287793546915054e-03 8.498190641403198242e-01 3.593602159526199102e-04 9.999992251396179199e-01 1.149720046669244766e-03 1.213715993799269199e-03 -6.943699903786182404e-03 -1.147196395322680473e-03 9.999752044677734375e-01 1.002912689000368118e-02 4.599756622314453125e+01
7.275272000000000000e+06 9.999912176296443800e-01 -1.039643863081566103e-03 4.060025163968214099e-03 8.279286239423295779e-01 1.032109901374663949e-03 9.999977425929177377e-01 1.857298642927980884e-03 5.408109509593126731e-03 -4.061946927962337486e-03 -1.853091939298904785e-03 9.999900332691056271e-01 1.018667276484694351e-02 9.999818205833435059e-01 -3.210488357581198215e-04 6.008396390825510025e-03 8.492242097854614258e-01 3.093207487836480141e-04 9.999980926513671875e-01 1.953747589141130447e-03 4.699707496911287308e-03 -6.009019911289215088e-03 -1.951855374500155449e-03 9.999800324440002441e-01 1.199314184486865997e-02 4.586528015136718750e+01
7.379272000000000000e+06 9.999978015750532467e-01 -1.299703960440149212e-03 1.645483131242442363e-03 8.242458689618613610e-01 1.298362469387580624e-03 9.999988241477293371e-01 8.160625520038186252e-04 3.413319448923603314e-03 -1.646541836113806726e-03 -8.139243244389445095e-04 9.999983132121882390e-01 9.671381146461160636e-03 9.999995231628417969e-01 -3.305349382571876049e-04 9.290723828598856926e-04 8.482795357704162598e-01 3.288441803306341171e-04 9.999982714653015137e-01 1.803820952773094177e-03 5.851223133504390717e-03 -9.296604548580944538e-04 -1.803512801416218281e-03 9.999979138374328613e-01 1.626163162291049957e-02 4.581663894653320312e+01
7.483251000000000000e+06 9.999992807572243292e-01 -1.061374181955694130e-03 5.585426835054608683e-04 8.294321873230695585e-01 1.061173148817592038e-03 9.999993721203990216e-01 3.600977631111319886e-04 2.421990574863177627e-03 -5.589245312635303777e-04 -3.595047936355859255e-04 9.999997791798190816e-01 9.464893473423724099e-03 9.999943971633911133e-01 -3.669421712402254343e-04 -3.313644556328654289e-03 8.426662087440490723e-01 3.680269001051783562e-04 9.999999403953552246e-01 3.239259531255811453e-04 3.673098282888531685e-03 3.313526278361678123e-03 -3.251394082326442003e-04 9.999944567680358887e-01 1.436031889170408249e-02 4.639529418945312500e+01
7.587271000000000000e+06 9.999996908834395404e-01 -7.529133037546490576e-04 2.266155648647015335e-04 8.279475761084853502e-01 7.528553479755461381e-04 9.999996839075911970e-01 2.557216756444543248e-04 1.968161926276737125e-03 -2.268080294749450822e-04 -2.555509878655288581e-04 9.999999416259065521e-01 9.496471909307453371e-03 9.999944567680358887e-01 -4.301695735193789005e-04 -3.311975160613656044e-03 8.400687575340270996e-01 4.296404658816754818e-04 9.999998807907104492e-01 -1.613369968254119158e-04 1.538090407848358154e-03 3.312044544145464897e-03 1.599089155206456780e-04 9.999945163726806641e-01 9.378818795084953308e-03 4.661110305786132812e+01
7.691129000000000000e+06 9.999983652530808342e-01 -1.200429398860485691e-03 1.352205746769155614e-03 8.240222100048800735e-01 1.199479698138567613e-03 9.999990335708254241e-01 7.029266275010588030e-04 3.139743927260984536e-03 -1.353048253757968555e-03 -7.013035350317680392e-04 9.999988387161978798e-01 9.660305564708442441e-03 9.999991059303283691e-01 5.085051816422492266e-05 1.301963464356958866e-03 8.451610803604125977e-01 -5.285598308546468616e-05 9.999988079071044922e-01 1.540986471809446812e-03 2.714737784117460251e-03 -1.301886048167943954e-03 -1.541050965897738934e-03 9.999979734420776367e-01 8.230031467974185944e-03 4.661334228515625000e+01
7.795131000000000000e+06 9.999984790708944526e-01 -6.630935644435944189e-04 1.613122071015628744e-03 8.453186901264664321e-01 6.619237717461061736e-04 9.999995176814557851e-01 7.255989071020639688e-04 2.851139187852707278e-03 -1.613602432943651637e-03 -7.245300396697087380e-04 9.999984356704780808e-01 9.903643710555250224e-03 9.999960660934448242e-01 2.051587944151833653e-04 2.831194316968321800e-03 8.419969677925109863e-01 -2.082219289150089025e-04 9.999993443489074707e-01 1.077112159691751003e-03 2.055487362667918205e-03 -2.830973127856850624e-03 -1.077703665941953659e-03 9.999954104423522949e-01 1.411048695445060730e-02 4.648291015625000000e+01
7.899003000000000000e+06 9.999989958647321764e-01 -6.042733357135107080e-04 1.281843661613965178e-03 8.351038128934358262e-01 6.034282826369205240e-04 9.999996004455136145e-01 6.595324745185141089e-04 2.644951635021508020e-03 -1.282241687353865385e-03 -6.587583115045491083e-04 9.999989609462845985e-01 9.831754342886441303e-03 9.999994039535522461e-01 2.080679951177444309e-05 -1.053399522788822651e-03 8.440325856208801270e-01 -1.986079041671473533e-05 9.999995827674865723e-01 8.875644998624920845e-04 3.981019835919141769e-03 1.053420244716107845e-03 -8.875474450178444386e-04 9.999991059303283691e-01 1.474535837769508362e-02 4.653129577636718750e+01
8.003004000000000000e+06 9.999971917375297670e-01 -8.844069866240553655e-04 -2.198713521325470783e-03 8.291526267599801381e-01 8.829336338542538316e-04 9.999993851081468987e-01 -6.709780064915796521e-04 -1.872202557926276253e-04 2.199305587011003964e-03 6.690348040252090331e-04 9.999973577201040076e-01 9.028973641260982716e-03 9.999868273735046387e-01 4.729435313493013382e-04 -5.115380510687828064e-03 8.339120149612426758e-01 -4.691971407737582922e-04 9.999997019767761230e-01 7.341799791902303696e-04 2.136942697688937187e-03 5.115720443427562714e-03 -7.317632553167641163e-04 9.999866485595703125e-01 1.148733682930469513e-02 4.610473632812500000e+01
8.107005000000000000e+06 9.999989293789427469e-01 -1.181348926815175204e-03 -8.635135781445519784e-04 8.166943919433787835e-01 1.181178860118367981e-03 9.999992829185403442e-01 -1.974307922024016451e-04 1.185929951188674763e-03 8.637461935874716622e-04 1.964106168536446323e-04 9.999996076826177527e-01 9.012627116344849171e-03 9.999896883964538574e-01 4.339460574556142092e-04 -4.522035829722881317e-03 8.365053534507751465e-01 -4.284196475055068731e-04 9.999991059303283691e-01 1.223639817908406258e-03 8.169075008481740952e-04 4.522573668509721756e-03 -1.221695449203252792e-03 9.999889731407165527e-01 9.520576335489749908e-03 4.661856079101562500e+01
8.211004000000000000e+06 9.999992280201217554e-01 1.060014738168025828e-04 1.238031826574526604e-03 8.287493756474129114e-01 -1.066185334872860735e-04 9.999998701326447970e-01 4.983644994212724048e-04 1.618051771014908944e-03 -1.237978838421648119e-03 -4.984961118354492866e-04 9.999991094545889192e-01 9.731130453815992759e-03 9.999997019767761230e-01 4.351635579951107502e-04 5.293708527460694313e-04 8.393068313598632812e-01 -4.351550305727869272e-04 9.999999403953552246e-01 1.576127033331431448e-05 -3.715678176376968622e-04 -5.293674184940755367e-04 -1.598643575562164187e-05 9.999999403953552246e-01 1.057726796716451645e-02 4.650819015502929688e+01
8.315006000000000000e+06 9.999985665122774758e-01 8.476182854016237360e-04 1.465781916130898558e-03 8.348138028935198074e-01 -8.483105524817131709e-04 9.999995289208513105e-01 4.717279722174466498e-04 1.005045755727817115e-03 -1.465381380375678196e-03 -4.729707342711862456e-04 9.999988144773417353e-01 9.868866518322966588e-03 9.999959468841552734e-01 7.230290793813765049e-04 2.776741050183773041e-03 8.399033546447753906e-01 -7.203613640740513802e-04 9.999992251396179199e-01 -9.688196587376296520e-04 -2.368797082453966141e-03 -2.777440473437309265e-03 9.668087004683911800e-04 9.999956488609313965e-01 1.517330668866634369e-02 4.641628646850585938e+01
8.418880000000000000e+06 9.999959632868697934e-01 -2.742425715789462365e-04 2.828109139817106335e-03 8.633558492928702366e-01 2.712100327045226028e-04 9.999993879733297675e-01 1.072612760509933589e-03 3.465604965279252530e-03 -2.828401565008705973e-03 -1.071841419139088264e-03 9.999954256400038766e-01 1.025965865635798842e-02 9.999898076057434082e-01 4.154200141783803701e-04 4.491375759243965149e-03 8.434110283851623535e-01 -4.129715962335467339e-04 9.999998211860656738e-01 -5.434181075543165207e-04 -1.397645915858447552e-03 -4.491606261581182480e-03 5.415660561993718147e-04 9.999896883964538574e-01 1.328233629465103149e-02 4.596412658691406250e+01
8.522877000000000000e+06 9.999976332015839686e-01 -8.312128037980704310e-04 2.010640909005105299e-03 8.431015404630608501e-01 8.293965401574606832e-04 9.999992474506093076e-01 9.039909892764925623e-04 3.279618791296345925e-03 -2.011390804726311248e-03 -9.023212312255589731e-04 9.999975700589456284e-01 9.960969958186396619e-03 9.999849796295166016e-01 5.643457407131791115e-04 5.456953775137662888e-03 8.442777395248413086e-01 -5.597968702204525471e-04 9.999994635581970215e-01 -8.359382045455276966e-04 -9.630210115574300289e-04 -5.457415245473384857e-03 8.328704861924052238e-04 9.999847412109375000e-01 1.315821707248687744e-02 4.561417770385742188e+01
8.626899000000000000e+06 9.999964703383563691e-01 5.490793164636464994e-05 2.656369027654021872e-03 8.435743457832564074e-01 -5.794750628771652300e-05 9.999993437288327014e-01 1.144195820892899640e-03 3.355812979319096855e-03 -2.656304458933932480e-03 -1.144345712219895428e-03 9.999958172512829480e-01 1.027833468723650043e-02 9.999921917915344238e-01 -1.851459965109825134e-04 3.950431942939758301e-03 8.375484943389892578e-01 1.847551466198638082e-04 1.000000000000000000e+00 1.023586155497469008e-04 -5.799299833597615361e-05 -3.950452432036399841e-03 -1.016269307001493871e-04 9.999922513961791992e-01 1.639379374682903290e-02 4.564684677124023438e+01
8.730751000000000000e+06 9.999995101345054982e-01 -8.411024719540871782e-04 5.218020981970528408e-04 7.871600714060302817e-01 8.408847565750765356e-04 9.999995593797449400e-01 4.173166499167779340e-04 2.094942625941568354e-03 -5.221528743287706361e-04 -4.168776700793800174e-04 9.999997767846782182e-01 9.376244423182187801e-03 9.999998211860656738e-01 2.696763549465686083e-04 -6.186350365169346333e-04 8.351501822471618652e-01 -2.698867756407707930e-04 9.999998807907104492e-01 -3.292848996352404356e-04 -1.435055979527533054e-03 6.185484817251563072e-04 3.294591442681849003e-04 9.999997019767761230e-01 1.668293774127960205e-02 4.573056030273437500e+01
8.834756000000000000e+06 9.999958203766767806e-01 -3.614760381909067695e-04 -2.868547506434357495e-03 8.143236593151058633e-01 3.586626809378414753e-04 9.999994542898755778e-01 -9.812140967431894154e-04 -1.399157065770583038e-03 2.868900626400197520e-03 9.801811547662396453e-04 9.999954043167896822e-01 8.909325473765342118e-03 9.999936819076538086e-01 2.011300530284643173e-04 -3.531956812366843224e-03 8.326882719993591309e-01 -2.015434583881869912e-04 1.000000000000000000e+00 -1.162546468549408019e-04 -1.044115924742072821e-04 3.531925147399306297e-03 1.169573733932338655e-04 9.999937415122985840e-01 1.236627064645290375e-02 4.555369567871093750e+01
8.938756000000000000e+06 9.999987736560778107e-01 -8.424040410956109030e-04 -1.320243107566838490e-03 8.478887572493666314e-01 8.420305020675346959e-04 9.999996053168093146e-01 -2.834623230193057523e-04 7.402712754594675468e-04 1.320481376286638002e-03 2.823502904715879231e-04 9.999990883032424671e-01 9.452579716749533872e-03 9.999892711639404297e-01 4.461632634047418833e-04 -4.621153231710195541e-03 8.292440772056579590e-01 -4.428268293850123882e-04 9.999995827674865723e-01 7.246562745422124863e-04 1.590761938132345676e-03 4.621482454240322113e-03 -7.226079469546675682e-04 9.999891519546508789e-01 1.326120644807815552e-02 4.590991973876953125e+01
9.042758000000000000e+06 9.999996348366733123e-01 -5.744826268555126673e-04 -6.326896485998058893e-04 8.179248174328123122e-01 5.744440767820088289e-04 9.999998331397318418e-01 -6.111049715698516527e-05 1.017224580155813313e-03 6.327246499498984621e-04 6.074703000063573044e-05 9.999997979846263485e-01 9.313406278354141588e-03 9.999969005584716797e-01 4.995127092115581036e-04 -2.443701727315783501e-03 8.299023509025573730e-01 -4.898468614555895329e-04 9.999921321868896484e-01 3.953293897211551666e-03 6.597929168492555618e-03 2.445658203214406967e-03 -3.952079452574253082e-03 9.999891519546508789e-01 1.107229664921760559e-02 4.624931335449218750e+01
9.146631000000000000e+06 9.999995476307124154e-01 -7.856437928936785969e-04 -5.361923074058628147e-04 8.109656533316174087e-01 7.856217675675149920e-04 9.999996905468728770e-01 -4.128667425543761289e-05 1.226428234978262869e-03 5.362245780992158173e-04 4.086541122533788955e-05 9.999998553965978587e-01 9.209483735415323336e-03 9.999980926513671875e-01 -3.868683706969022751e-04 -1.924486248753964901e-03 8.293855786323547363e-01 3.932309627998620272e-04 9.999944567680358887e-01 3.304418642073869705e-03 6.461715791374444962e-03 1.923202420584857464e-03 -3.305169986560940742e-03 9.999927282333374023e-01 8.903153240680694580e-03 4.695372772216796875e+01
9.250652000000000000e+06 9.999956613647833503e-01 -3.536465413383236092e-04 -2.924412072975210875e-03 8.020578992097076032e-01 3.507665973177223249e-04 9.999994531239797535e-01 -9.852484792051364928e-04 -1.355172490535840654e-03 2.924758903391846531e-03 9.842184185277823381e-04 9.999952385385263431e-01 8.815880728674755848e-03 9.999983906745910645e-01 -6.662384257651865482e-04 -1.642278744839131832e-03 8.262895345687866211e-01 6.641364307142794132e-04 9.999989271163940430e-01 -1.272097229957580566e-03 -6.039256113581359386e-04 1.643123105168342590e-03 1.271007349714636803e-03 9.999977946281433105e-01 1.267091091722249985e-02 4.712432098388671875e+01
9.354505000000000000e+06 9.999996768149715942e-01 -6.895737810245728891e-04 -4.133497074325147790e-04 8.194011909533764904e-01 6.895913531198396076e-04 9.999997613342376246e-01 4.237043780523703276e-05 1.397696741950584009e-03 4.133203912383464685e-04 -4.265546648359674295e-05 9.999999136733827010e-01 9.395168565469035060e-03 9.999923110008239746e-01 -1.304262317717075348e-03 -3.692401340231299400e-03 8.257274031639099121e-01 1.290571643039584160e-03 9.999923110008239746e-01 -3.711306722834706306e-03 -5.257245153188705444e-03 3.697203937917947769e-03 3.706509713083505630e-03 9.999862909317016602e-01 1.063739135861396790e-02 4.754211044311523438e+01
9.458529000000000000e+06 9.999951305885381725e-01 -1.539828348589361183e-03 -2.714355841245522788e-03 8.308212120529580025e-01 1.537632026960012279e-03 9.999984889404913702e-01 -8.110514226961630354e-04 2.700791317466471209e-04 2.715600619695387324e-03 8.068737927775236933e-04 9.999959872258297189e-01 8.828106737231338971e-03 9.999966621398925781e-01 -7.683430449105799198e-04 -2.495255321264266968e-03 8.247467279434204102e-01 7.578955846838653088e-04 9.999909996986389160e-01 -4.185928963124752045e-03 -4.510711412876844406e-03 2.498452551662921906e-03 4.184021614491939545e-03 9.999880790710449219e-01 6.939279381185770035e-03 4.795414352416992188e+01
9.562503000000000000e+06 9.999977573243639117e-01 -1.379803202971176300e-03 1.606701356013537103e-03 8.196405615686781498e-01 1.378501206853528739e-03 9.999987208605463085e-01 8.111791587094240551e-04 3.461310795499404191e-03 -1.607818568448760293e-03 -8.089624996819367621e-04 9.999983802482087514e-01 9.638336251894308315e-03 9.999935626983642578e-01 -1.678298227488994598e-03 3.178812330588698387e-03 8.252362608909606934e-01 1.681062625721096992e-03 9.999982118606567383e-01 -8.691084221936762333e-04 -1.130258664488792419e-03 -3.177340375259518623e-03 8.744517690502107143e-04 9.999945759773254395e-01 9.102631360292434692e-03 4.797654342651367188e+01
9.666385000000000000e+06 9.999971600298384056e-01 -1.748314563787991063e-03 1.619669184046467533e-03 8.534403749487896595e-01 1.747298193426101952e-03 9.999982758286291018e-01 6.287198774066558166e-04 3.377370356625651084e-03 -1.620765591611823472e-03 -6.258880467329330701e-04 9.999984906903386372e-01 9.575942607919179020e-03 9.999765157699584961e-01 -1.859872951172292233e-03 6.581025663763284683e-03 8.274666666984558105e-01 1.871817628853023052e-03 9.999966025352478027e-01 -1.808408414945006371e-03 -2.051898278295993805e-03 -6.577645428478717804e-03 1.820687204599380493e-03 9.999766945838928223e-01 1.320405863225460052e-02 4.827820968627929688e+01
9.770380000000000000e+06 9.999989715743776708e-01 -3.989686788004663358e-04 1.377560958645637160e-03 8.105934265518803805e-01 3.979068255104725423e-04 9.999996236073205313e-01 7.710093259537825370e-04 2.598166254957962572e-03 -1.377868048711724299e-03 -7.704603921239158498e-04 9.999987539344447063e-01 9.819222276342590150e-03 9.999908804893493652e-01 -1.864328747615218163e-03 3.861275035887956619e-03 8.189956545829772949e-01 1.872197026386857033e-03 9.999961256980895996e-01 -2.037862548604607582e-03 -3.351260442286729813e-03 -3.857464296743273735e-03 2.045068889856338501e-03 9.999904632568359375e-01 1.617677509784698486e-02 4.836095809936523438e+01
9.874249000000000000e+06 9.999987055251223778e-01 -1.587099491182787821e-03 2.646947200442018315e-04 8.307297773762006843e-01 1.587040612234478024e-03 9.999987158964663836e-01 2.225028616722380564e-04 2.480711723222469352e-03 -2.650475143259332683e-04 -2.220824923789754747e-04 9.999999402145892669e-01 9.258313943613516103e-03 9.999976754188537598e-01 -1.753154559992253780e-03 -1.247666776180267334e-03 8.126513361930847168e-01 1.752026146277785301e-03 9.999980926513671875e-01 -9.162218775600194931e-04 -2.608096227049827576e-03 1.249270397238433361e-03 9.140359470620751381e-04 9.999988079071044922e-01 1.670230180025100708e-02 4.832191848754882812e+01
9.978133000000000000e+06 9.999986895197761072e-01 -8.916941016456928978e-04 -1.351236629244899692e-03 8.100908581350945159e-01 8.912528197334086862e-04 9.999995493227424870e-01 -3.271433124602003001e-04 6.356829142546858904e-04 1.351527732027754756e-03 3.259385903210369620e-04 9.999990335679708187e-01 9.010562633534740032e-03 9.999953508377075195e-01 -8.855783380568027496e-04 -2.932464238256216049e-03 8.059613704681396484e-01 8.970468188636004925e-04 9.999918937683105469e-01 3.917612135410308838e-03 6.650636903941631317e-03 2.928972011432051659e-03 -3.920224029570817947e-03 9.999880790710449219e-01 1.634208112955093384e-02 4.839651107788085938e+01
1.008213000000000000e+07 9.999998379445108609e-01 -4.831309169372090674e-04 -3.011568969573621859e-04 7.717506893611643104e-01 4.831551951515010023e-04 9.999998800364567897e-01 8.054896049800607026e-05 1.035453753288210436e-03 3.011179451372678170e-04 -8.069445296057221829e-05 9.999999514081940877e-01 9.139747250162047476e-03 9.999920725822448730e-01 -1.139585976488888264e-03 -3.797563957050442696e-03 8.007593154907226562e-01 1.155492616817355156e-03 9.999905824661254883e-01 4.185051657259464264e-03 8.034283295273780823e-03 3.792751114815473557e-03 -4.189409781247377396e-03 9.999840855598449707e-01 1.271164044737815857e-02 4.837897491455078125e+01
1.018601000000000000e+07 9.999983974922407315e-01 -5.249905971619851439e-04 1.711548379162078056e-03 7.686151854679345030e-01 5.231749125540101700e-04 9.999993001575578910e-01 1.061118475363963037e-03 3.180952590649771192e-03 -1.712104258564570462e-03 -1.060221335748408539e-03 9.999979723128272768e-01 9.737071898320012048e-03 9.999986886978149414e-01 -1.024007098749279976e-03 -1.303149037994444370e-03 8.005165457725524902e-01 1.029685023240745068e-03 9.999898672103881836e-01 4.373400937765836716e-03 9.958053939044475555e-03 1.298667164519429207e-03 -4.374739248305559158e-03 9.999895691871643066e-01 8.504121564328670502e-03 4.840848159790039062e+01
1.029001000000000000e+07 9.999999320001541347e-01 -6.322661397089676823e-05 3.633209041825253855e-04 7.534055859785676601e-01 6.304327889997430874e-05 9.999998707029443823e-01 5.045984879426546879e-04 1.578484012472055513e-03 -3.633527612606964616e-04 -5.045755486884482459e-04 9.999998066891204740e-01 9.479934968320995192e-03 9.999983310699462891e-01 -9.465080802328884602e-04 1.524209976196289062e-03 7.982712388038635254e-01 9.430444333702325821e-04 9.999970197677612305e-01 2.278798026964068413e-03 6.561324931681156158e-03 -1.526360283605754375e-03 -2.277361461892724037e-03 9.999961853027343750e-01 1.267569418996572495e-02 4.845840072631835938e+01
1.039388000000000000e+07 9.999962851675165965e-01 -1.157372575626769602e-03 2.467820854482146841e-03 7.554515204626485181e-01 1.153843664786424576e-03 9.999983105621148560e-01 1.430914972877890372e-03 4.329880600749569375e-03 -2.469472787026042327e-03 -1.428062177764315328e-03 9.999959311629428305e-01 9.617498132975112191e-03 9.999983310699462891e-01 -9.785806760191917419e-04 1.572402543388307095e-03 7.969357967376708984e-01 9.792604250833392143e-04 9.999993443489074707e-01 -4.385696665849536657e-04 1.077180262655019760e-03 -1.571975881233811378e-03 4.401070764288306236e-04 9.999986886978149414e-01 1.325917523354291916e-02 4.812441635131835938e+01
1.049776000000000000e+07 9.999981892542251227e-01 -1.119698841284099810e-03 1.538753624272160350e-03 7.832365642139756945e-01 1.118285800096581115e-03 9.999989525695220927e-01 9.188561876224512256e-04 3.391258537715736814e-03 -1.539780854760187685e-03 -9.171337574513109721e-04 9.999983939689790491e-01 9.596983756368207552e-03 9.999995231628417969e-01 -8.799449424259364605e-04 -2.976724936161190271e-04 7.899675965309143066e-01 8.804951794445514679e-04 9.999979734420776367e-01 1.822400372475385666e-03 3.567847888916730881e-03 2.960685233119875193e-04 -1.822662074118852615e-03 9.999983310699462891e-01 1.339370105415582657e-02 4.826243209838867188e+01
1.060175000000000000e+07 9.999984652996345424e-01 -5.369184145100877647e-04 1.667668111137013626e-03 7.440008778228525133e-01 5.351373690741953416e-04 9.999992862366303692e-01 1.068248190592178265e-03 3.007724932999358142e-03 -1.668240482953123110e-03 -1.067354119607493573e-03 9.999980388624739591e-01 9.471140517301475381e-03 9.999998807907104492e-01 -5.571774672716856003e-04 -7.409645331790670753e-05 7.858340740203857422e-01 5.572586087509989738e-04 9.999992847442626953e-01 1.089865225367248058e-03 2.374244853854179382e-03 7.349609222728759050e-05 -1.089896890334784985e-03 9.999994039535522461e-01 1.575234159827232361e-02 4.809260940551757812e+01
1.070563000000000000e+07 9.999987194196433560e-01 -4.688236525915197165e-04 1.530151411965312985e-03 7.534871698676328666e-01 4.674216189365440347e-04 9.999994707720586407e-01 9.165001834177151493e-04 2.709126340132717199e-03 -1.530580279148870820e-03 -9.157837838838987473e-04 9.999984093307000554e-01 9.416338941514371466e-03 9.999988079071044922e-01 -5.854608607478439808e-04 1.471244031563401222e-03 7.826452255249023438e-01 5.875713541172444820e-04 9.999988079071044922e-01 -1.438053208403289318e-03 -2.065334934741258621e-03 -1.470406306907534599e-03 1.438912586309015751e-03 9.999978542327880859e-01 1.290430035442113876e-02 4.727679824829101562e+01
1.080965000000000000e+07 9.999985825324607669e-01 1.910835505213983113e-04 1.672847921411611816e-03 7.961279174626051391e-01 -1.925540185133411963e-04 9.999995952254434606e-01 8.789038091031776837e-04 2.286490772492464491e-03 -1.672679300226249943e-03 -8.792246768726678973e-04 9.999982145523832466e-01 9.808628337532081937e-03 9.999968409538269043e-01 -3.650594735518097878e-04 2.492258092388510704e-03 7.786766886711120605e-01 3.680932277347892523e-04 9.999991655349731445e-01 -1.215876778587698936e-03 -2.401341916993260384e-03 -2.491810126230120659e-03 1.216789009049534798e-03 9.999961256980895996e-01 1.537922583520412445e-02 4.700422286987304688e+01
1.091351000000000000e+07 9.999971311392609197e-01 -5.562058940920123866e-04 2.329881620940248230e-03 7.739781751601017001e-01 5.531370675077968650e-04 9.999989789879294433e-01 1.317597254357891516e-03 3.775543169316177526e-03 -2.330612097447090896e-03 -1.316304730493621017e-03 9.999964177882103566e-01 9.847807178645688608e-03 9.999898076057434082e-01 -2.102713006024714559e-05 4.506884142756462097e-03 7.769171595573425293e-01 1.849750697147101164e-05 9.999998211860656738e-01 5.607414059340953827e-04 2.047098940238356590e-03 -4.506893455982208252e-03 -5.606513586826622486e-04 9.999897480010986328e-01 1.523088570684194565e-02 4.648591995239257812e+01
1.101751000000000000e+07 9.999983445095609325e-01 -1.108875639258440939e-03 1.442696354766125153e-03 7.698058780991491323e-01 1.107616983314530130e-03 9.999990055799529154e-01 8.729396395222321393e-04 3.204358642001092512e-03 -1.443662901673898810e-03 -8.713402393067638200e-04 9.999985783007180329e-01 9.436171910599908119e-03 9.999968409538269043e-01 -4.975465126335620880e-04 2.484082011505961418e-03 7.677918076515197754e-01 4.976644413545727730e-04 9.999999403953552246e-01 -4.491392974159680307e-05 7.109137368388473988e-04 -2.484073862433433533e-03 4.615385478246025741e-05 9.999969005584716797e-01 1.636239886283874512e-02 4.602582550048828125e+01
1.112138000000000000e+07 9.999987349502161837e-01 3.401041149906209563e-04 1.553842749756839886e-03 6.785392696688584691e-01 -3.418452052461204102e-04 9.999993139473023485e-01 1.120377995247629627e-03 1.458634738910383069e-03 -1.553460638592329838e-03 -1.120907751579632277e-03 9.999981651613412126e-01 8.765851551880999085e-03 9.999997615814208984e-01 -7.381152245216071606e-04 -1.985219423659145832e-04 7.593169212341308594e-01 7.380187744274735451e-04 9.999995827674865723e-01 -4.109780420549213886e-04 -1.551799941807985306e-03 1.988396252272650599e-04 4.108262364752590656e-04 9.999998807907104492e-01 1.571416109800338745e-02 4.582281494140625000e+01
1.122538000000000000e+07 9.999997021992184099e-01 5.052787748830206465e-05 7.700963659356485982e-04 7.130167154957640641e-01 -5.100889926883674059e-05 9.999998036248287647e-01 6.246186030770373805e-04 1.356180846055092103e-03 -7.700646540558441985e-04 -6.246576988327728246e-04 9.999995084014769997e-01 8.897626291108419114e-03 9.999981522560119629e-01 -4.546951386146247387e-04 -1.858168630860745907e-03 7.505259513854980469e-01 4.535084008239209652e-04 9.999997615814208984e-01 -6.485853227786719799e-04 -1.650513848289847374e-03 1.858453499153256416e-03 6.477433489635586739e-04 9.999980330467224121e-01 1.682756096124649048e-02 4.519756698608398438e+01
1.132928000000000000e+07 9.999968412187217881e-01 4.741477639461964626e-04 -2.468346992639382752e-03 7.193066304190407489e-01 -4.776742933424579980e-04 9.999988658819245479e-01 -1.428307487088472175e-03 -2.676952284509581496e-03 2.467666964484236704e-03 1.429482041208641682e-03 9.999959335924125670e-01 8.025115661941289308e-03 9.999935626983642578e-01 -6.229172868188470602e-05 -3.571947105228900909e-03 7.361237406730651855e-01 6.146043597254902124e-05 9.999999403953552246e-01 -2.327676484128460288e-04 5.332153523340821266e-04 3.571961773559451103e-03 2.325459208805114031e-04 9.999936819076538086e-01 1.685126870870590210e-02 4.484908676147460938e+01
1.143326000000000000e+07 9.999997311156376689e-01 7.302595360466082814e-04 6.700505414934260229e-05 6.429209264723091399e-01 -7.302745481000599620e-04 9.999997081957568978e-01 2.242933385391537979e-04 1.045725256653500489e-04 -6.684124225219956184e-05 -2.243422103144625832e-04 9.999999726014109358e-01 8.284034052828502873e-03 9.999965429306030273e-01 6.562865746673196554e-05 -2.640419173985719681e-03 7.295860052108764648e-01 -6.503496115328744054e-05 1.000000000000000000e+00 2.235622378066182137e-04 7.734677055850625038e-04 2.640433609485626221e-03 -2.233914565294981003e-04 9.999964833259582520e-01 1.518976036459207535e-02 4.482540893554687500e+01
1.153715000000000000e+07 9.999984016202266845e-01 1.500678757008808801e-03 -9.719672217867011054e-04 7.046324820247102938e-01 -1.501074861199713133e-03 9.999987905915591613e-01 -4.069271374403758820e-04 -1.289343392016953273e-03 9.713553793743685350e-04 4.083854825696590788e-04 9.999994448448616957e-01 8.760976647118579388e-03 9.999961256980895996e-01 1.284660189412534237e-03 -2.456611022353172302e-03 7.120844125747680664e-01 -1.283435034565627575e-03 9.999990463256835938e-01 5.016414797864854336e-04 -2.414222835795953870e-04 2.457264810800552368e-03 -4.984821425750851631e-04 9.999967813491821289e-01 1.457121782004833221e-02 4.487475204467773438e+01
1.164113000000000000e+07 9.999975991152206811e-01 2.181315836446140292e-03 -2.088661678609942990e-04 6.767657946360156052e-01 -2.181288938024561648e-03 9.999976126757192940e-01 1.289243602285705659e-04 -9.453391837333797575e-04 2.091468939748841976e-04 -1.284684532402481660e-04 9.999999698767165768e-01 8.937720706501752627e-03 9.999970793724060059e-01 2.359820064157247543e-03 -5.859258235432207584e-04 6.980161070823669434e-01 -2.358633792027831078e-03 9.999951720237731934e-01 2.018304076045751572e-03 2.570244541857391596e-04 5.906778969801962376e-04 -2.016919199377298355e-03 9.999978542327880859e-01 1.486259512603282928e-02 4.455094528198242188e+01
1.174513000000000000e+07 9.999732063631479040e-01 7.106334069665071196e-03 1.756864186798104020e-03 6.405512570192735122e-01 -7.109065026442876883e-03 9.999735241519387419e-01 1.553122493123590669e-03 -4.814999337226097235e-03 -1.745780665015807557e-03 -1.565570541099048016e-03 9.999972506155893059e-01 9.267414769693090373e-03 9.999918341636657715e-01 3.844337537884712219e-03 1.231348374858498573e-03 6.826543211936950684e-01 -3.845428349450230598e-03 9.999921917915344238e-01 8.821029914543032646e-04 -2.430955646559596062e-03 -1.227946369908750057e-03 -8.868222357705235481e-04 9.999988079071044922e-01 1.596544869244098663e-02 4.439916610717773438e+01
1.184914000000000000e+07 9.999688839794055317e-01 7.713076726397736366e-03 1.655150818163116013e-03 6.519035697429602649e-01 -7.715357106030353712e-03 9.999692897309836459e-01 1.375813731775060722e-03 -5.418833769087416652e-03 -1.644488231819062150e-03 -1.388541000768600542e-03 9.999976838036326310e-01 9.255415807996880684e-03 9.999822378158569336e-01 5.854102317243814468e-03 1.107822521589696407e-03 6.672906279563903809e-01 -5.852946545928716660e-03 9.999822378158569336e-01 -1.052236766554415226e-03 -7.048426661640405655e-03 -1.113967271521687508e-03 1.045732526108622551e-03 9.999988675117492676e-01 1.554286200553178787e-02 4.427584075927734375e+01
1.195326000000000000e+07 9.999656644019017104e-01 8.226827924531141673e-03 9.946449895019999089e-04 6.148389838319447964e-01 -8.227468494618691425e-03 9.999659479425426767e-01 6.416514951502013580e-04 -7.111966053939103999e-03 -9.893323632852739271e-04 -6.498128740847604551e-04 9.999992994820972037e-01 8.826442078679750530e-03 9.999734759330749512e-01 7.080276496708393097e-03 1.717166393063962460e-03 6.515319943428039551e-01 -7.078478578478097916e-03 9.999744296073913574e-01 -1.042660442180931568e-03 -7.705867290496826172e-03 -1.724505214951932430e-03 1.030472223646938801e-03 9.999979734420776367e-01 1.640071161091327667e-02 4.428380966186523438e+01
1.205726000000000000e+07 9.999605527667563276e-01 8.615022195835278507e-03 2.162014627973083119e-03 6.503330194974472622e-01 -8.618958055059054019e-03 9.999612038448034701e-01 1.817793032489209730e-03 -5.595897021551516498e-03 -2.146270423650461969e-03 -1.836355637968629115e-03 9.999960106528789083e-01 9.513429953009439055e-03 9.999613761901855469e-01 8.647525683045387268e-03 1.538085984066128731e-03 6.363319158554077148e-01 -8.648658171296119690e-03 9.999623894691467285e-01 7.283706218004226685e-04 -5.640271119773387909e-03 -1.531721907667815685e-03 -7.416410953737795353e-04 9.999985098838806152e-01 1.652236655354499817e-02 4.424607849121093750e+01
1.216138000000000000e+07 9.999302987285241251e-01 1.165777197788064705e-02 1.869233172183158015e-03 6.389912809598338184e-01 -1.165953456101927362e-02 9.999315883254590309e-01 9.348359668964614051e-04 -9.654661147679422656e-03 -1.858207189913519113e-03 -9.565651971229436603e-04 9.999978160220753809e-01 9.543952249985249159e-03 9.999260306358337402e-01 1.200549490749835968e-02 1.945090014487504959e-03 6.203888654708862305e-01 -1.200907025486230850e-02 9.999261498451232910e-01 1.839411095716059208e-03 -5.649037193506956100e-03 -1.922869239933788776e-03 -1.862633740529417992e-03 9.999964237213134766e-01 1.544282678514719009e-02 4.466735839843750000e+01
1.226551000000000000e+07 9.998758222496597625e-01 1.569259454761590469e-02 1.443108743879054296e-03 6.287994911782786023e-01 -1.569200156878574823e-02 9.998767842028485342e-01 -4.213131917119288666e-04 -1.509155665597637294e-02 -1.449542427026648045e-03 3.986156098553707977e-04 9.999988699655623092e-01 9.511716183950190071e-03 9.998925924301147461e-01 1.453945133835077286e-02 1.881220960058271885e-03 6.019350886344909668e-01 -1.454421784728765488e-02 9.998909831047058105e-01 2.540428191423416138e-03 -7.211548741906881332e-03 -1.844078302383422852e-03 -2.567521762102842331e-03 9.999950528144836426e-01 1.352911908179521561e-02 4.480438232421875000e+01
1.236963000000000000e+07 9.998682823224274152e-01 1.618221970997735931e-02 1.246506125587214762e-03 5.802036302614363983e-01 -1.618147682262282422e-02 9.998688890408746754e-01 -6.037736660060833392e-04 -1.632597504617198936e-02 -1.256113092848899250e-03 5.835238288728638624e-04 9.999990408394838770e-01 9.002748540228089347e-03 9.998283982276916504e-01 1.845804788172245026e-02 1.539586810395121574e-03 5.842035412788391113e-01 -1.845959946513175964e-02 9.998291134834289551e-01 1.002568751573562622e-03 -1.248839963227510452e-02 -1.520820893347263336e-03 -1.030820538289844990e-03 9.999982714653015137e-01 1.298808492720127106e-02 4.552905654907226562e+01
1.247391000000000000e+07 9.996884294055979892e-01 2.495333536131790278e-02 6.125158655931142206e-04 5.645395803862448547e-01 -2.495312436807243725e-02 9.996885611441020947e-01 -3.497294294718326208e-04 -2.138932921043670138e-02 -6.210520199718939059e-04 3.343362797107214007e-04 9.999997512567928570e-01 7.719823160418153377e-03 9.997618794441223145e-01 2.180397696793079376e-02 9.831279749050736427e-04 5.611215829849243164e-01 -2.180437557399272919e-02 9.997622370719909668e-01 3.928448422811925411e-04 -1.633147709071636200e-02 -9.743278496898710728e-04 -4.141871759202331305e-04 9.999994635581970215e-01 1.357621792703866959e-02 4.584998321533203125e+01
1.257813000000000000e+07 9.996775578978031040e-01 2.539243131422009095e-02 -6.858580890903686190e-05 5.132366479415255700e-01 -2.539242973390176336e-02 9.996775600070418877e-01 2.381494925702407257e-05 -2.184781538109345500e-02 6.916841353151210602e-05 -2.206571008046839615e-05 9.999999973644176920e-01 7.300753660417687654e-03 9.996775388717651367e-01 2.537342719733715057e-02 9.492521057836711407e-04 5.397234559059143066e-01 -2.537232637405395508e-02 9.996773004531860352e-01 -1.155999721959233284e-03 -2.347020618617534637e-02 -9.782809065654873848e-04 1.131541677750647068e-03 9.999988675117492676e-01 1.407705713063478470e-02 4.577753448486328125e+01
1.268239000000000000e+07 9.995386959357088763e-01 3.036801365226568170e-02 -4.231788179312192481e-04 5.128730947555698583e-01 -3.036810383328306454e-02 9.995387610662512801e-01 -2.083316276624441223e-04 -2.544951973485782074e-02 4.166570137163134232e-04 2.210866616310243858e-04 9.999998887588050778e-01 6.130570451833357304e-03 9.995877742767333984e-01 2.870953641831874847e-02 -3.237049677409231663e-04 5.148586630821228027e-01 -2.871029451489448547e-02 9.995841979980468750e-01 -2.664564410224556923e-03 -3.114885836839675903e-02 2.470743202138692141e-04 2.672771690413355827e-03 9.999964237213134766e-01 1.330762449651956558e-02 4.603427124023437500e+01
1.278678000000000000e+07 9.993380822493509452e-01 3.636215304785635899e-02 -1.091468058941622802e-03 4.706727900769580031e-01 -3.636247736855339335e-02 9.993386276102055321e-01 -2.787764178234877245e-04 -2.987500328113207662e-02 1.080609282239344045e-03 3.182803700551759506e-04 9.999993654904443252e-01 4.369245912879882697e-03 9.994313120841979980e-01 3.371405974030494690e-02 4.879843909293413162e-04 4.947462081909179688e-01 -3.371288627386093140e-02 9.994290471076965332e-01 -2.249621320515871048e-03 -3.528521955013275146e-02 -5.635486450046300888e-04 2.231886144727468491e-03 9.999973177909851074e-01 1.392516866326332092e-02 4.594976043701171875e+01
1.289113000000000000e+07 9.993366145667618161e-01 3.640254536243493072e-02 -1.088795813351796328e-03 4.552257148681851939e-01 -3.640296948796805515e-02 9.993371229056470240e-01 -3.722822404200786320e-04 -2.991674591010303613e-02 1.074522054390815483e-03 4.116706746081560606e-04 9.999993379645855107e-01 4.170229072491830370e-03 9.992948770523071289e-01 3.754312545061111450e-02 6.008154014125466347e-04 4.780364334583282471e-01 -3.754182159900665283e-02 9.992930889129638672e-01 -1.984029542654752731e-03 -3.628263622522354126e-02 -6.748730666004121304e-04 1.960074296221137047e-03 9.999978542327880859e-01 1.229914464056491852e-02 4.621148681640625000e+01
1.299551000000000000e+07 9.992721922724989714e-01 3.813858711877028684e-02 -7.307071369834282175e-04 4.232128734755653543e-01 -3.813876778494007525e-02 9.992724249228963629e-01 -2.349254777787889760e-04 -3.107678018714458631e-02 7.212157669426498899e-04 2.626227668375993407e-04 9.999997054385084683e-01 4.022731803106994845e-03 9.991753697395324707e-01 4.060229286551475525e-02 2.309584378963336349e-04 4.594967961311340332e-01 -4.060197621583938599e-02 9.991741776466369629e-01 -1.556150498799979687e-03 -3.766011819243431091e-02 -2.939563419204205275e-04 1.545489765703678131e-03 9.999987483024597168e-01 1.276569161564111710e-02 4.658892822265625000e+01
1.309988000000000000e+07 9.990198697349419454e-01 4.426369416456689410e-02 -1.589740471536395673e-04 4.566953808126641978e-01 -4.426365595378246864e-02 9.990198561226931728e-01 2.363329455719397716e-04 -3.579134052329450977e-02 1.692791988382678079e-04 -2.290645360412459108e-04 9.999999594369951561e-01 4.063852028932852384e-03 9.989617466926574707e-01 4.552364349365234375e-02 1.760750426910817623e-03 4.605464339256286621e-01 -4.551906511187553406e-02 9.989603161811828613e-01 -2.529639052227139473e-03 -4.250103980302810669e-02 -1.874076668173074722e-03 2.446869621053338051e-03 9.999952316284179688e-01 1.191460620611906052e-02 4.645235061645507812e+01
1.320438000000000000e+07 9.988200268253932812e-01 4.856276548939605919e-02 -4.603850414251466289e-04 4.290959053636650977e-01 -4.856300082167289145e-02 9.988199889452193947e-01 -5.145566191357392027e-04 -3.995991958032308472e-02 4.348534910087207888e-04 5.363071340397818510e-04 9.999997616385347676e-01 2.706181615939116762e-03 9.988014698028564453e-01 4.894340038299560547e-02 3.323523560538887978e-04 4.450733959674835205e-01 -4.894158989191055298e-02 9.987927675247192383e-01 -4.205776844173669815e-03 -4.743090271949768066e-02 -5.377926863729953766e-04 4.184466321021318436e-03 9.999911189079284668e-01 1.289672031998634338e-02 4.690403366088867188e+01
1.330876000000000000e+07 9.987784786671070059e-01 4.937139257548236321e-02 -2.004032671516346210e-03 4.332391671897555807e-01 -4.937600556595870410e-02 9.987775629433647273e-01 -2.321601954530067794e-03 -4.362260931643123507e-02 1.886962146232669911e-03 2.417717196544660104e-03 9.999952969976496631e-01 1.115010777751850382e-03 9.986708760261535645e-01 5.149967595934867859e-02 -2.052970463410019875e-03 4.451056420803070068e-01 -5.151633545756340027e-02 9.986308217048645020e-01 -9.089135564863681793e-03 -5.833136290311813354e-02 1.582073047757148743e-03 9.182818233966827393e-03 9.999566078186035156e-01 1.236504316329956055e-02 4.705072021484375000e+01
1.341326000000000000e+07 9.985687214023925007e-01 5.347559606274835536e-02 -9.323649035680434995e-04 4.194621852235437820e-01 -5.347617219971435160e-02 9.985689429490122171e-01 -6.043395908624550616e-04 -4.387034534410513137e-02 8.987132168442714744e-04 6.533339179613040573e-04 9.999993827344912933e-01 1.704085080252693528e-03 9.985550045967102051e-01 5.367060750722885132e-02 -2.747006481513381004e-03 4.313081800937652588e-01 -5.368875712156295776e-02 9.985327124595642090e-01 -7.057337556034326553e-03 -6.055438518524169922e-02 2.364201936870813370e-03 7.194623351097106934e-03 9.999713301658630371e-01 8.279178291559219360e-03 4.724950408935546875e+01
1.351763000000000000e+07 9.984598413024490249e-01 5.547712827117315393e-02 4.834175990210463989e-04 4.133180090484914193e-01 -5.547729630578132620e-02 9.984598906250823358e-01 3.414015925978009826e-04 -4.354793551535107027e-02 -4.637331040428670139e-04 -3.676944800868726070e-04 9.999998248761817754e-01 3.380918034347562239e-03 9.984322190284729004e-01 5.592298880219459534e-02 -2.375793177634477615e-03 4.393709897994995117e-01 -5.593834817409515381e-02 9.984103441238403320e-01 -6.908170413225889206e-03 -5.918412655591964722e-02 1.985682873055338860e-03 7.030239328742027283e-03 9.999733567237854004e-01 2.999765565618872643e-03 4.775740814208984375e+01
1.362213000000000000e+07 9.984988491629234186e-01 5.475444005831813649e-02 -1.414121595887823631e-03 4.240056507759882853e-01 -5.475567897617562158e-02 9.984994184624125246e-01 -8.527459567740112772e-04 -4.527427009452279077e-02 1.365307967423089403e-03 9.288970388809414695e-04 9.999986365413956468e-01 1.255049996021839927e-03 9.983991980552673340e-01 5.655993521213531494e-02 1.220188569277524948e-04 4.299692809581756592e-01 -5.655958503484725952e-02 9.983982443809509277e-01 -1.412085373885929585e-03 -5.339308455586433411e-02 -2.016735525103285909e-04 1.402928144671022892e-03 9.999989867210388184e-01 1.189293339848518372e-03 4.796121597290039062e+01
1.372651000000000000e+07 9.984555923821055723e-01 5.555025425942325401e-02 -7.741697456519769111e-04 4.249801107794237698e-01 -5.555046563050572428e-02 9.984558483865685341e-01 -2.542382088899515068e-04 -4.496430714772165632e-02 7.588513132728974802e-04 2.968510506742669686e-04 9.999996680120188941e-01 2.136729919324806791e-03 9.985042214393615723e-01 5.467268452048301697e-02 3.904007899109274149e-04 4.367147982120513916e-01 -5.467153340578079224e-02 9.985013604164123535e-01 -2.446438884362578392e-03 -4.995828121900558472e-02 -5.235809949226677418e-04 2.421435434371232986e-03 9.999969005584716797e-01 3.953198902308940887e-03 4.783087921142578125e+01
1.383076000000000000e+07 9.984329586604487883e-01 5.595935439688622809e-02 -4.213977889669003876e-04 4.171263389750275996e-01 -5.595979578597220366e-02 9.984323937485792833e-01 -1.120816262441668180e-03 -4.614221682279447123e-02 3.580170458850091960e-04 1.142641232214063529e-03 9.999992830971157209e-01 2.345709948321531187e-03 9.985950589179992676e-01 5.297925323247909546e-02 1.030147424899041653e-03 4.344554841518402100e-01 -5.296875536441802979e-02 9.985606074333190918e-01 -8.426503278315067291e-03 -5.736046284437179565e-02 -1.475086668506264687e-03 8.360106498003005981e-03 9.999639987945556641e-01 5.797765217721462250e-03 4.806963348388671875e+01
1.393513000000000000e+07 9.985390431641331110e-01 5.402019578955426227e-02 -1.264072089387047225e-03 4.137368830771320227e-01 -5.402250870061864330e-02 9.985379609367356357e-01 -1.873306340085546893e-03 -4.627898289571268781e-02 1.161027596798070620e-03 1.938857862362617507e-03 9.999974464194292256e-01 1.130199373925520456e-03 9.985895752906799316e-01 5.308403819799423218e-02 9.914424736052751541e-04 4.217483699321746826e-01 -5.306705832481384277e-02 9.985087513923645020e-01 -1.280454266816377640e-02 -7.088200747966766357e-02 -1.669686054810881615e-03 1.273387018591165543e-02 9.999174475669860840e-01 7.066929712891578674e-03 4.799241638183593750e+01
1.403938000000000000e+07 9.984469865396937704e-01 5.570585694180918424e-02 -6.872794457863265309e-04 4.048052694007691077e-01 -5.570667913942453642e-02 9.984464052725118277e-01 -1.241562897136886138e-03 -4.584446045999159003e-02 6.170493619757722124e-04 1.277920791376598248e-03 9.999989930836898910e-01 1.580432309442447465e-03 9.985384941101074219e-01 5.393170565366744995e-02 -3.497354686260223389e-03 4.222439229488372803e-01 -5.394322052597999573e-02 9.985386133193969727e-01 -3.295053029432892799e-03 -5.218882486224174500e-02 3.314543049782514572e-03 3.478893544524908066e-03 9.999884963035583496e-01 9.837927296757698059e-03 4.792409515380859375e+01
1.414365000000000000e+07 9.984543828396610365e-01 5.557611557078107056e-02 -3.750684489876617684e-04 3.837127273750681744e-01 -5.557643200359389801e-02 9.984540356022303387e-01 -8.938150572555403220e-04 -4.537056880236477185e-02 3.248138361348280640e-04 9.132785280833618765e-04 9.999995302090269877e-01 1.780256077948254865e-03 9.984681606292724609e-01 5.489659309387207031e-02 -6.911983713507652283e-03 4.122417867183685303e-01 -5.488098040223121643e-02 9.984899163246154785e-01 2.438564784824848175e-03 -4.607856273651123047e-02 7.035410497337579727e-03 -2.055498538538813591e-03 9.999731183052062988e-01 7.461183704435825348e-03 4.786902236938476562e+01
1.424788000000000000e+07 9.982821293223983483e-01 5.858098282092682324e-02 -1.029003474586493274e-03 4.169456746060858920e-01 -5.858182563648480640e-02 9.982822824478172485e-01 -8.089355600176841282e-04 -4.765879756536547940e-02 9.798476988417314983e-04 8.678268133946792293e-04 9.999991433872177371e-01 2.319087022709882644e-03 9.983158111572265625e-01 5.679593607783317566e-02 -1.182983163744211197e-02 4.275666773319244385e-01 -5.676575750112533569e-02 9.983834028244018555e-01 2.864485606551170349e-03 -4.025432467460632324e-02 1.197341270744800568e-02 -2.188132377341389656e-03 9.999259710311889648e-01 -1.204158994369208813e-03 4.800444793701171875e+01
1.435215000000000000e+07 9.983071045498357332e-01 5.815579457467697638e-02 -9.102647310449513921e-04 4.387698723449608429e-01 -5.815589590787554469e-02 9.983075100018471426e-01 -8.523044572244652291e-05 -4.672100245216807834e-02 9.037674728358290662e-04 1.380234201370309898e-04 9.999995820768603494e-01 2.744287390354964266e-03 9.982315897941589355e-01 5.871846899390220642e-02 -9.265711531043052673e-03 4.332805871963500977e-01 -5.867803841829299927e-02 9.982663989067077637e-01 4.585592541843652725e-03 -4.574649780988693237e-02 9.518901817500591278e-03 -4.033784382045269012e-03 9.999465346336364746e-01 -4.092399496585130692e-03 4.794038391113281250e+01
1.445638000000000000e+07 9.980614908401362895e-01 6.223433305805499416e-02 3.852474132032411742e-04 4.069358695280078098e-01 -6.223411761484380633e-02 9.980614281686084333e-01 -5.480251171566250575e-04 -4.981673087765846331e-02 -4.186065600114969969e-04 5.229872334289455919e-04 9.999997756264328297e-01 3.267162213323627964e-03 9.982243180274963379e-01 5.949226766824722290e-02 -2.960613695904612541e-03 4.604718685150146484e-01 -5.948698520660400391e-02 9.982274770736694336e-01 1.832493930123746395e-03 -4.236927628517150879e-02 3.064387710765004158e-03 -1.653121900744736195e-03 9.999939799308776855e-01 -2.825053175911307335e-03 4.779788970947265625e+01
1.456063000000000000e+07 9.980494810155655649e-01 6.242215034622038139e-02 8.418507378291458692e-04 4.340535345394333500e-01 -6.242262554581871903e-02 9.980496545198690450e-01 5.505040202642884567e-04 -4.866317887633864192e-02 -8.058451944541112537e-04 -6.019807834855172473e-04 9.999994941162172468e-01 4.638224529817719897e-03 9.982479214668273926e-01 5.912929773330688477e-02 -2.193516120314598083e-03 4.760938882827758789e-01 -5.912972614169120789e-02 9.982501864433288574e-01 -1.218167162733152509e-04 -4.584172740578651428e-02 2.182475524023175240e-03 2.513052313588559628e-04 9.999975562095642090e-01 -4.297249019145965576e-03 4.790406417846679688e+01
1.466488000000000000e+07 9.982036259194555505e-01 5.989733547738493313e-02 1.352987394989321572e-03 4.368282821521130010e-01 -5.989918368992777631e-02 9.982034925319955843e-01 1.369474771135993033e-03 -4.598320199503527078e-02 -1.268528857253784121e-03 -1.448057518917111094e-03 9.999981469803513878e-01 4.996512639079377788e-03 9.982922077178955078e-01 5.835881829261779785e-02 -2.649078844115138054e-03 4.826895594596862793e-01 -5.834997817873954773e-02 9.982908368110656738e-01 3.292095381766557693e-03 -4.700474441051483154e-02 2.836674218997359276e-03 -3.131899284198880196e-03 9.999910593032836914e-01 -2.810253063216805458e-03 4.789033508300781250e+01
1.476901000000000000e+07 9.983998738313746291e-01 5.653458014815838928e-02 1.238199685214057093e-03 4.409119413252204356e-01 -5.653626241315966305e-02 9.983996083555486400e-01 1.368585154139437179e-03 -4.343284384082383986e-02 -1.158845692643410870e-03 -1.436398428444166184e-03 9.999982969166348878e-01 4.620628187938204817e-03 9.984892606735229492e-01 5.490685254335403442e-02 2.130124717950820923e-03 5.104254484176635742e-01 -5.491025000810623169e-02 9.984899759292602539e-01 1.608273712918162346e-03 -3.787433728575706482e-02 -2.038604812696576118e-03 -1.722810324281454086e-03 9.999963641166687012e-01 1.907737459987401962e-03 4.790227127075195312e+01
1.487316000000000000e+07 9.986880015624277629e-01 5.120460310250946057e-02 6.035250099926240709e-04 4.679469048812675003e-01 -5.120522588036285905e-02 9.986875830049672942e-01 1.066058321095144333e-03 -4.050162332706870594e-02 -5.481458421134634794e-04 -1.095563287736731929e-03 9.999992496383522944e-01 3.949070589689162789e-03 9.987606406211853027e-01 4.974679648876190186e-02 1.559405704028904438e-03 5.218759179115295410e-01 -4.975538328289985657e-02 9.987434744834899902e-01 5.975803826004266739e-03 -3.617293760180473328e-02 -1.260168966837227345e-03 -6.045987829566001892e-03 9.999809861183166504e-01 4.972004680894315243e-04 4.804304122924804688e+01
1.497715000000000000e+07 9.989000638562456347e-01 4.688860858958353306e-02 3.477765471258493992e-04 5.050167849166674605e-01 -4.688882843278588397e-02 9.988999003158178791e-01 6.534931335925458790e-04 -3.843481278967703085e-02 -3.167525764172241247e-04 -6.690811667626236480e-04 9.999997259990781595e-01 4.350808161413716874e-03 9.989597797393798828e-01 4.558363556861877441e-02 -1.205151551403105259e-03 5.402726531028747559e-01 -4.557604342699050903e-02 9.989445209503173828e-01 5.728235933929681778e-03 -2.485464699566364288e-02 1.464994624257087708e-03 -5.667352117598056793e-03 9.999828934669494629e-01 -4.680968821048736572e-03 4.801868820190429688e+01
1.508116000000000000e+07 9.992307732672428555e-01 3.921338949874268037e-02 4.144943356169686300e-04 5.462634029498867339e-01 -3.921328411837306932e-02 9.992308297061776035e-01 -2.593822365410298233e-04 -3.307313920767153415e-02 -4.243467757766998570e-04 2.429290282767750911e-04 9.999998804576407663e-01 5.468467250602803559e-03 9.992215037345886230e-01 3.941815346479415894e-02 1.588379847817122936e-03 5.609414577484130859e-01 -3.942496702075004578e-02 9.992123842239379883e-01 4.491220694035291672e-03 -2.423716150224208832e-02 -1.410095253959298134e-03 -4.550344310700893402e-03 9.999885559082031250e-01 -1.918858033604919910e-03 4.819023895263671875e+01
1.518501000000000000e+07 9.996217600317504060e-01 2.747575356457630097e-02 1.191576545709538719e-03 6.033352193874091940e-01 -2.747541662357156494e-02 9.996224350024701666e-01 -2.982258239716548479e-04 -2.305225680280566583e-02 -1.199320627180072230e-03 2.653739617766725806e-04 9.999992456030798449e-01 8.585519278751053279e-03 9.994666576385498047e-01 3.252011910080909729e-02 2.988384803757071495e-03 5.760789513587951660e-01 -3.252265974879264832e-02 9.994706511497497559e-01 8.218603907153010368e-04 -2.562213130295276642e-02 -2.960073761641979218e-03 -9.186125826090574265e-04 9.999952316284179688e-01 3.350483952090144157e-03 4.781801605224609375e+01
1.528876000000000000e+07 9.997037935068779912e-01 2.431421271253890806e-02 1.069724556524140335e-03 5.990876080037701445e-01 -2.431363255152425504e-02 9.997042275168656067e-01 -5.520503172517701035e-04 -2.109388031552839743e-02 -1.082830830222161755e-03 5.258779066750502579e-04 9.999992754646507276e-01 8.620568829842717440e-03 9.996679425239562988e-01 2.570527233183383942e-02 1.783315208740532398e-03 5.945685505867004395e-01 -2.570253051817417145e-02 9.996684789657592773e-01 -1.561467419378459454e-03 -2.213923074305057526e-02 -1.822863472625613213e-03 1.515113865025341511e-03 9.999972581863403320e-01 3.773482516407966614e-03 4.737952041625976562e+01
1.539248000000000000e+07 9.997825748401117929e-01 2.082115462851548068e-02 1.132518687903209982e-03 6.034597251886013591e-01 -2.082051781762799328e-02 9.997830663643245686e-01 -5.712105107102126737e-04 -1.859700972265460051e-02 -1.144166268003394930e-03 5.475066914285288107e-04 9.999991955597237192e-01 9.282339664557222314e-03 9.997476339340209961e-01 2.233789674937725067e-02 2.374058356508612633e-03 6.105481386184692383e-01 -2.233627624809741974e-02 9.997501373291015625e-01 -7.064951932989060879e-04 -2.031526900827884674e-02 -2.389247063547372818e-03 6.532855331897735596e-04 9.999969005584716797e-01 7.876012823544442654e-04 4.708505630493164062e+01
1.549619000000000000e+07 9.998520120793801258e-01 1.714266910982023204e-02 1.443201663087362004e-03 6.553143258023278461e-01 -1.714231699994376093e-02 9.998530269134976445e-01 -2.559966058601955427e-04 -1.565214011151465703e-02 -1.447378016470529617e-03 2.312189005853604307e-04 9.999989258167515382e-01 1.002818843419248443e-02 9.998131990432739258e-01 1.905360445380210876e-02 3.260630182921886444e-03 6.287764310836791992e-01 -1.906042732298374176e-02 9.998161792755126953e-01 2.067816676571965218e-03 -1.371951587498188019e-02 -3.220633603632450104e-03 -2.129575004801154137e-03 9.999924898147583008e-01 4.585281945765018463e-03 4.698940658569335938e+01
1.559991000000000000e+07 9.998905601864600534e-01 1.469447884688837233e-02 1.714626075230046278e-03 6.667618012903838709e-01 -1.469532596099599672e-02 9.998919014507989811e-01 4.825029990917101296e-04 -1.271312038304480037e-02 -1.707350596563483132e-03 -5.076471829978041524e-04 9.999984136228891041e-01 9.910315737950228104e-03 9.998715519905090332e-01 1.598206721246242523e-02 1.206569955684244633e-03 6.416853070259094238e-01 -1.598653756082057953e-02 9.998648166656494141e-01 3.872744040563702583e-03 -8.037280291318893433e-03 -1.144510810263454914e-03 -3.891540924087166786e-03 9.999917745590209961e-01 5.369078367948532104e-03 4.675263977050781250e+01
1.570361000000000000e+07 9.998860919142564807e-01 1.500394392871864935e-02 1.638559307372153707e-03 6.682103118810904796e-01 -1.500448375512127702e-02 9.998873759453448251e-01 3.176567435994522861e-04 -1.322981075160166269e-02 -1.633608662504829143e-03 -3.422062949732265183e-04 9.999986071079076666e-01 9.899046868426573595e-03 9.998984336853027344e-01 1.403419114649295807e-02 2.462381962686777115e-03 6.573835611343383789e-01 -1.404455862939357758e-02 9.998923540115356445e-01 4.238042980432510376e-03 -7.929706014692783356e-03 -2.402638783678412437e-03 -4.272188525646924973e-03 9.999880194664001465e-01 6.229731719940900803e-03 4.642547225952148438e+01
1.580732000000000000e+07 9.998843905155234690e-01 1.511234632830037346e-02 1.680056442563506759e-03 6.766449086607873031e-01 -1.511317441350667860e-02 9.998856736219454699e-01 4.812925892250660633e-04 -1.298120603364897804e-02 -1.672590907430745403e-03 -5.066279335193727513e-04 9.999984728827160385e-01 1.003231317262773606e-02 9.999078512191772461e-01 1.357954088598489761e-02 -2.027613663813099265e-05 6.705235242843627930e-01 -1.357956975698471069e-02 9.999064803123474121e-01 -1.634013140574097633e-03 -1.724651642143726349e-02 -1.917130475703743286e-06 1.634131534956395626e-03 9.999986886978149414e-01 3.308735089376568794e-03 4.611369705200195312e+01
1.591101000000000000e+07 9.998939370171551211e-01 1.445779292338066242e-02 1.756968144027354741e-03 6.862407889919472925e-01 -1.445927994746225471e-02 9.998951091400853919e-01 8.366230408503510857e-04 -1.182507900959708577e-02 -1.744688131271256984e-03 -8.619388007334536370e-04 9.999981065605942909e-01 9.956874230129079961e-03 9.999016523361206055e-01 1.402156986296176910e-02 6.197240873007103801e-05 6.857651472091674805e-01 -1.402161549776792526e-02 9.999015927314758301e-01 -2.298605431860778481e-05 -1.809696853160858154e-02 -6.228769780136644840e-05 2.211153514508623630e-05 1.000000000000000000e+00 1.955798827111721039e-03 4.599305725097656250e+01
1.601476000000000000e+07 9.999118387939494035e-01 1.308800750997647470e-02 2.240245578889717495e-03 7.186871598942423667e-01 -1.309186307451419735e-02 9.999128269419488291e-01 1.715120788106261123e-03 -9.282250974803479826e-03 -2.217602776221931291e-03 -1.744298569173852393e-03 9.999960198223188934e-01 9.506991436600730622e-03 9.998887777328491211e-01 1.489033829420804977e-02 8.308673277497291565e-04 7.011224627494812012e-01 -1.489058043807744980e-02 9.998891353607177734e-01 2.970481291413307190e-04 -1.588366739451885223e-02 -8.263527415692806244e-04 -3.093860286753624678e-04 9.999995827674865723e-01 1.522105420008301735e-03 4.597292709350585938e+01
1.611855000000000000e+07 9.999187152016555391e-01 1.255892166794728322e-02 2.199198144757769438e-03 7.169819392133338631e-01 -1.256258694735004795e-02 9.999197082899864419e-01 1.660836829028662946e-03 -8.851422248939047610e-03 -2.178163247282432699e-03 -1.688329446746708986e-03 9.999962025669810739e-01 9.434852173528324171e-03 9.998928904533386230e-01 1.461248751729726791e-02 8.138085249811410904e-04 7.168021798133850098e-01 -1.461348123848438263e-02 9.998924732208251953e-01 1.213044626638293266e-03 -1.673484221100807190e-02 -7.959939539432525635e-04 -1.224800362251698971e-03 9.999989867210388184e-01 4.433702677488327026e-03 4.611100769042968750e+01
1.622236000000000000e+07 9.999274246211358186e-01 1.199190385169178474e-02 1.157464691849379628e-03 7.209607506129122045e-01 -1.199306406522248139e-02 9.999275798871308796e-01 1.000693443829667878e-03 -9.535829894945800633e-03 -1.145380647892840819e-03 -1.014502367091490043e-03 9.999988294433093117e-01 9.355096870772423162e-03 9.999123811721801758e-01 1.306689251214265823e-02 -2.141795819625258446e-03 7.242199182510375977e-01 -1.306594908237457275e-02 9.999145865440368652e-01 4.489916318561881781e-04 -1.503366604447364807e-02 2.147478517144918442e-03 -4.209681355860084295e-04 9.999975562095642090e-01 8.711430244147777557e-03 4.623212814331054688e+01
1.632614000000000000e+07 9.999348428154823942e-01 1.126876581548326081e-02 1.823471507171206193e-03 7.374109036864801014e-01 -1.127162556514642658e-02 9.999352474323373041e-01 1.565697054506489175e-03 -7.423473710700250264e-03 -1.805709960322207999e-03 -1.586148524933493273e-03 9.999971117681991650e-01 9.397127344619653905e-03 9.999250173568725586e-01 1.154889725148677826e-02 -4.061405546963214874e-03 7.378134131431579590e-01 -1.154076587408781052e-02 9.999313354492187500e-01 2.008171984925866127e-03 -1.381640974432229996e-02 4.084322135895490646e-03 -1.961152534931898117e-03 9.999897480010986328e-01 6.718994118273258209e-03 4.646422576904296875e+01
1.642989000000000000e+07 9.999497009421446370e-01 1.000874563363342296e-02 -6.485344242018085351e-04 7.466754335284924160e-01 -1.000885308483987976e-02 9.999498969474869270e-01 -1.626498618668704955e-04 -9.407645952389971644e-03 6.468740095583798855e-04 1.691327664822768245e-04 9.999997764740372608e-01 9.376730688137524181e-03 9.999269247055053711e-01 1.000138930976390839e-02 -6.789105478674173355e-03 7.460754513740539551e-01 -1.001369394361972809e-02 9.999483227729797363e-01 -1.781029044650495052e-03 -1.522932387888431549e-02 6.770943757146596909e-03 1.848880201578140259e-03 9.999753236770629883e-01 5.807939305668696761e-05 4.655747222900390625e+01
1.653376000000000000e+07 9.999638904884367019e-01 8.176064531353910772e-03 2.317258625383712689e-03 7.469560640790504635e-01 -8.180710501182001174e-03 9.999645321434134093e-01 2.002605911441481500e-03 -3.116010465977587032e-03 -2.300803001916765060e-03 -2.021490420414201634e-03 9.999953099299841996e-01 9.477377704064015793e-03 9.999646544456481934e-01 8.348916657269001007e-03 -1.056660199537873268e-03 7.626436948776245117e-01 -8.349339477717876434e-03 9.999650716781616211e-01 -3.777112578973174095e-04 -1.392071507871150970e-02 1.053465646691620350e-03 3.865236940328031778e-04 9.999994039535522461e-01 -3.498997306451201439e-03 4.679756927490234375e+01
1.663752000000000000e+07 9.999712605005066646e-01 6.751180059104639440e-03 3.449600323886430845e-03 7.675445851527730179e-01 -6.759475423267311857e-03 9.999742773944996221e-01 2.398758583977679982e-03 -8.226970881200666372e-04 -3.433317140500522207e-03 -2.422007132836170775e-03 9.999911730687124356e-01 9.433761289227435981e-03 9.999547600746154785e-01 6.791334133595228195e-03 6.652417592704296112e-03 7.762310504913330078e-01 -6.799019873142242432e-03 9.999762177467346191e-01 1.136482227593660355e-03 -8.001509122550487518e-03 -6.644538603723049164e-03 -1.181664760224521160e-03 9.999772906303405762e-01 3.027480794116854668e-03 4.716710281372070312e+01
1.674126000000000000e+07 9.999827025214087506e-01 5.123899486413126259e-03 2.887959341342552153e-03 7.674817374277663751e-01 -5.129788398382340714e-03 9.999847710506425402e-01 2.035420165503108204e-03 1.804365693688584488e-04 -2.877486071544805082e-03 -2.050199579419050878e-03 9.999937583577984679e-01 9.640430312976733251e-03 9.999516606330871582e-01 5.039644427597522736e-03 8.441329002380371094e-03 7.799428701400756836e-01 -5.071416497230529785e-03 9.999800920486450195e-01 3.743407316505908966e-03 -1.284860656596720219e-03 -8.422299288213253021e-03 -3.786040935665369034e-03 9.999573826789855957e-01 1.110473740845918655e-02 4.797881698608398438e+01
1.684514000000000000e+07 9.999771761222628896e-01 6.377339840482377370e-03 2.230868183455908885e-03 7.699764958503273471e-01 -6.381284630490157567e-03 9.999780806042555259e-01 1.765649787652447816e-03 -1.606210049809640413e-03 -2.219559135871301478e-03 -1.779845292985669097e-03 9.999959528459529956e-01 9.451760786996506181e-03 9.999765753746032715e-01 4.232057370245456696e-03 5.383706651628017426e-03 7.778316736221313477e-01 -4.235665779560804367e-03 9.999908804893493652e-01 6.581649067811667919e-04 -4.499014001339673996e-03 -5.380870308727025986e-03 -6.809456972405314445e-04 9.999852180480957031e-01 1.227830350399017334e-02 4.808086395263671875e+01
1.694889000000000000e+07 9.999967634215978229e-01 1.417107538481224803e-03 2.113043464863267884e-03 7.625820814675696724e-01 -1.419673405550782828e-03 9.999982562208296066e-01 1.213294190355541837e-03 2.005594465522662819e-03 -2.111320411873461415e-03 -1.216290094984889391e-03 9.999970314779157432e-01 1.010319169469780023e-02 9.999920725822448730e-01 3.502701176330447197e-03 -1.905114389955997467e-03 7.690131664276123047e-01 -3.506206441670656204e-03 9.999921321868896484e-01 -1.834200113080441952e-03 -8.787844330072402954e-03 1.898671500384807587e-03 1.840863609686493874e-03 9.999964833259582520e-01 1.156954746693372726e-02 4.834783935546875000e+01
1.705263000000000000e+07 9.999974062830868649e-01 2.251180576710689381e-03 3.458512648443257164e-04 7.635999731756383246e-01 -2.251256342690086901e-03 9.999974419741034515e-01 2.188381060535367828e-04 -8.884557299313913890e-04 -3.453577360528436958e-04 -2.196161383049372246e-04 9.999999162483892423e-01 9.701063859766224581e-03 9.999940991401672363e-01 3.316796384751796722e-03 -8.919764659367501736e-04 7.701645493507385254e-01 -3.316484624519944191e-03 9.999944567680358887e-01 3.378892433829605579e-04 -6.070672534406185150e-03 8.930933545343577862e-04 -3.349290927872061729e-04 9.999995827674865723e-01 1.025130227208137512e-02 4.831292724609375000e+01
1.715642000000000000e+07 9.999974145267703785e-01 1.464499659363532923e-03 1.739592066356421100e-03 7.602729599331132793e-01 -1.466285694476512870e-03 9.999983988009319980e-01 1.025866392855570401e-03 1.559638908264779703e-03 -1.738086899950527960e-03 -1.028414479449344006e-03 9.999979607067277509e-01 9.977527320477829961e-03 9.999939799308776855e-01 2.866927534341812134e-03 1.934533473104238510e-03 7.734891772270202637e-01 -2.863571746274828911e-03 9.999943971633911133e-01 -1.734629971906542778e-03 -7.989054545760154724e-03 -1.939496956765651703e-03 1.729081850498914719e-03 9.999966025352478027e-01 9.049296379089355469e-03 4.842054367065429688e+01
1.726028000000000000e+07 9.999957423809414658e-01 1.658451629079587056e-03 2.400991021060671759e-03 7.706235656225699504e-01 -1.661483115310003356e-03 9.999978244793978899e-01 1.261154302679269026e-03 1.988532157860010540e-03 -2.398894234173418443e-03 -1.265138139346818876e-03 9.999963223590784267e-01 1.021524103346269780e-02 9.999926686286926270e-01 2.417070325464010239e-03 2.954734256491065025e-03 7.727783322334289551e-01 -2.410762710496783257e-03 9.999948143959045410e-01 -2.135003451257944107e-03 -9.800112806260585785e-03 -2.959873760119080544e-03 2.127869520336389542e-03 9.999933838844299316e-01 1.103917788714170456e-02 4.833593750000000000e+01
1.736400000000000000e+07 9.999981608943022682e-01 4.320393585758072318e-04 1.868569025653545306e-03 7.609619605473914028e-01 -4.341739385446366940e-04 9.999992535430802798e-01 1.142106104383260653e-03 2.543879369974228963e-03 -1.868074196085121614e-03 -1.142915287859198274e-03 9.999976020189751402e-01 9.862948779788023937e-03 9.999928474426269531e-01 3.093807026743888855e-03 2.154932823032140732e-03 7.731386423110961914e-01 -3.088317811489105225e-03 9.999919533729553223e-01 -2.547528129070997238e-03 -1.295927446335554123e-02 -2.162801101803779602e-03 2.540848450735211372e-03 9.999944567680358887e-01 1.544344797730445862e-02 4.833107376098632812e+01
1.746789000000000000e+07 9.999984356341847791e-01 9.865684540301476301e-04 -1.468132110304454403e-03 7.776874104265096843e-01 -9.875842875316359886e-04 9.999992733501655851e-01 -6.913583927847996840e-04 -1.956495568784400590e-03 1.467448971111117405e-03 6.928072154401361451e-04 9.999986833049832047e-01 8.816122886347504961e-03 9.999921917915344238e-01 2.841688692569732666e-03 -2.777074230834841728e-03 7.644275426864624023e-01 -2.843121066689491272e-03 9.999958872795104980e-01 -5.124011076986789703e-04 -1.341203693300485611e-02 2.775608096271753311e-03 5.202931351959705353e-04 9.999959468841552734e-01 1.765077002346515656e-02 4.838521575927734375e+01
1.757166000000000000e+07 9.999986822701809608e-01 4.825956365621716232e-04 -1.550019138054433256e-03 7.680580560819793012e-01 -4.836075915220178299e-04 9.999996701460369675e-01 -6.525576668216388201e-04 -1.372141909552968865e-03 1.549703705288894709e-03 6.533064079561598297e-04 9.999985858035682629e-01 8.763699484788181615e-03 9.999684691429138184e-01 2.163090044632554054e-03 -7.630238775163888931e-03 7.619406580924987793e-01 -2.139398362487554550e-03 9.999927878379821777e-01 3.112401580438017845e-03 -4.946342203766107559e-03 7.636916358023881912e-03 -3.095982130616903305e-03 9.999661445617675781e-01 9.911226108670234680e-03 4.846118545532226562e+01
1.767551000000000000e+07 9.999952240721424745e-01 2.188615061679461543e-03 -2.182154231304327206e-03 7.670437988237118754e-01 -2.191444881428929702e-03 9.999967599374797178e-01 -1.295254385400301756e-03 -4.254759701317152240e-03 2.179312347752959764e-03 1.300030270043577322e-03 9.999967802543348050e-01 8.781476742581345238e-03 9.999692440032958984e-01 1.784702530130743980e-03 -7.638128474354743958e-03 7.614850401878356934e-01 -1.776359742507338524e-03 9.999978542327880859e-01 1.099388347938656807e-03 -9.140936890617012978e-04 7.640075404196977615e-03 -1.085780328139662743e-03 9.999701976776123047e-01 9.831871837377548218e-03 4.830089569091796875e+01
1.777939000000000000e+07 9.999981505495881828e-01 1.760035705891007610e-03 7.753527232412208044e-04 7.786891169401044532e-01 -1.760426674386359521e-03 9.999983235139736637e-01 5.038524411319860287e-04 2.055632644241320826e-04 -7.744646251171302502e-04 -5.052164608506155450e-04 9.999995724803595332e-01 9.978063091928810607e-03 9.999876022338867188e-01 1.307244645431637764e-03 -4.810116719454526901e-03 7.584486007690429688e-01 -1.302640419453382492e-03 9.999987483024597168e-01 9.582481579855084419e-04 -1.528565771877765656e-03 4.811358172446489334e-03 -9.519687155261635780e-04 9.999879598617553711e-01 4.839209839701652527e-03 4.832416152954101562e+01
1.788314000000000000e+07 9.999982946385967963e-01 1.493840534908823800e-03 1.085891511612805359e-03 7.449406082037399734e-01 -1.494726547165491559e-03 9.999985503118044017e-01 8.155776213021716584e-04 9.211538041886716769e-04 -1.084671594505983230e-03 -8.171993413075540579e-04 9.999990778359646448e-01 9.780213922774144697e-03 9.999961853027343750e-01 1.891472958959639072e-03 1.988201402127742767e-03 7.695303559303283691e-01 -1.894909190014004707e-03 9.999966621398925781e-01 1.723210676573216915e-03 -2.517527491363580339e-06 -1.984930830076336861e-03 -1.726986956782639027e-03 9.999965429306030273e-01 5.318079143762588501e-03 4.858665466308593750e+01
1.798701000000000000e+07 9.999967417556283600e-01 1.088838128806852296e-03 2.308876296384819102e-03 7.718851677722331495e-01 -1.091801644298905777e-03 9.999985813755053465e-01 1.282659809910778864e-03 2.494007418723422596e-03 -2.307476412069577390e-03 -1.285176465591609824e-03 9.999965119309979222e-01 1.017810980360286076e-02 9.999904632568359375e-01 2.242967486381530762e-03 3.775452496483922005e-03 7.618421912193298340e-01 -2.253202954307198524e-03 9.999938011169433594e-01 2.706964500248432159e-03 8.122831583023071289e-03 -3.769358852878212929e-03 -2.715441631153225899e-03 9.999892115592956543e-01 1.446228753775358200e-02 4.877407836914062500e+01
1.809088000000000000e+07 9.999967522770705219e-01 1.771302245665404241e-03 1.832463856874723841e-03 7.708712855437533928e-01 -1.773106207371291350e-03 9.999979446152323925e-01 9.832902748436759752e-04 1.305442743596039751e-03 -1.830718386216975777e-03 -9.865362343682328172e-04 9.999978376059266427e-01 1.014832931191903508e-02 9.999822378158569336e-01 2.052535070106387138e-03 5.592822097241878510e-03 7.615215778350830078e-01 -2.071966649964451790e-03 9.999918937683105469e-01 3.472952172160148621e-03 7.418259978294372559e-03 -5.585649982094764709e-03 -3.484471468254923820e-03 9.999783039093017578e-01 1.626552641391754150e-02 4.876240158081054688e+01
1.819476000000000000e+07 9.999971703803536283e-01 2.141940755639518135e-03 1.035046519899098785e-03 7.497489070737687333e-01 -2.142635952292219412e-03 9.999974794212773688e-01 6.710159891546962603e-04 1.804353468560799395e-04 -1.033606634542193160e-03 -6.732318182371149371e-04 9.999992392078611569e-01 9.882153442064278703e-03 9.999958276748657227e-01 2.238148357719182968e-03 1.792581286281347275e-03 7.547072768211364746e-01 -2.234324114397168159e-03 9.999952316284179688e-01 -2.131217392161488533e-03 1.051292565534822643e-04 -1.797342672944068909e-03 2.127195009961724281e-03 9.999961853027343750e-01 1.320685073733329773e-02 4.867270278930664062e+01
1.829851000000000000e+07 9.999987774033003429e-01 9.925896473191866357e-04 1.208287113812519468e-03 7.503307927093579854e-01 -9.936291900422683770e-04 9.999991365087995687e-01 8.600480948045861407e-04 1.469469947789205999e-03 -1.207432395650605630e-03 -8.612476326329295386e-04 9.999989001791815824e-01 9.751296519720098130e-03 9.999992847442626953e-01 1.129724667407572269e-03 -3.027441271115094423e-04 7.500050663948059082e-01 -1.130665536038577557e-03 9.999945759773254395e-01 -3.096244763582944870e-03 -4.852142650634050369e-03 2.992447116412222385e-04 3.096584929153323174e-03 9.999951124191284180e-01 1.472767163068056107e-02 4.832342529296875000e+01
1.840239000000000000e+07 9.999988562485486732e-01 1.416067722050911486e-03 -5.312757503348673705e-04 7.998858626476402778e-01 -1.416209746295848124e-03 9.999989615177315994e-01 -2.670459204779967099e-04 -1.323904002863809980e-03 5.308970435263165666e-04 2.677980128993365195e-04 9.999998232162705669e-01 9.495424616515504151e-03 9.999994635581970215e-01 8.373039308935403824e-04 5.661678151227533817e-04 7.535277605056762695e-01 -8.361926302313804626e-04 9.999977946281433105e-01 -1.939178677275776863e-03 -3.812287934124469757e-03 -5.677892477251589298e-04 1.938719768077135086e-03 9.999979734420776367e-01 1.515149232000112534e-02 4.803855895996093750e+01
1.850626000000000000e+07 9.999990797358224714e-01 1.354404536930819492e-03 7.820387264484434829e-05 7.604346101413033132e-01 -1.354419938528946986e-03 9.999990633238846627e-01 1.972256836905935155e-04 -2.797388909535857265e-04 -7.793667603049112924e-05 -1.973314230759798469e-04 9.999999774930915519e-01 9.452327623112594460e-03 9.999979734420776367e-01 1.270359382033348083e-03 -1.571750734001398087e-03 7.542262077331542969e-01 -1.270154723897576332e-03 9.999992251396179199e-01 1.337640424026176333e-04 -2.076005097478628159e-03 1.571919419802725315e-03 -1.317696151090785861e-04 9.999988079071044922e-01 1.292440574616193771e-02 4.791267013549804688e+01
1.861013000000000000e+07 9.999984986414922616e-01 -1.213672602104766927e-04 -1.728578780691175480e-03 7.479074289548610643e-01 1.200124748854309621e-04 9.999996855967312470e-01 -7.838388951051466049e-04 -1.092118614708962330e-03 1.728673369604178008e-03 7.836302672541340828e-04 9.999981988042815351e-01 8.340644245710003915e-03 9.999974966049194336e-01 6.377174286171793938e-04 -2.131239976733922958e-03 7.566990852355957031e-01 -6.420100107789039612e-04 9.999976754188537598e-01 -2.016131533309817314e-03 -4.869347438216209412e-03 2.129949862137436867e-03 2.017489401623606682e-03 9.999956488609313965e-01 1.338419970124959946e-02 4.792931365966796875e+01
1.871391000000000000e+07 9.999984062143257857e-01 5.169427118226898606e-05 1.784627840369004854e-03 7.495629160267269775e-01 -5.377937262416335819e-05 9.999993160451321472e-01 1.168339443295927536e-03 2.806063585303435626e-03 -1.784566223308442067e-03 -1.168433557378347658e-03 9.999977250406335560e-01 9.747287337458743553e-03 9.999995827674865723e-01 6.553650018759071827e-04 5.629988736473023891e-04 7.642414569854736328e-01 -6.544622592628002167e-04 9.999985694885253906e-01 -1.611129613593220711e-03 -3.173727309331297874e-03 -5.640549934469163418e-04 1.610759063623845577e-03 9.999985098838806152e-01 1.311432477086782455e-02 4.840031814575195312e+01
1.881776000000000000e+07 9.999981447979743310e-01 4.584462167904505489e-04 1.870889501875312505e-03 7.576302597731727761e-01 -4.606402720699178180e-04 9.999992065603772184e-01 1.172471361149469071e-03 2.527432361830055530e-03 -1.870350502356198314e-03 -1.173330993061574368e-03 9.999975625386219313e-01 9.876588838588051811e-03 9.999995231628417969e-01 8.493941277265548706e-04 5.785652319900691509e-04 7.685626149177551270e-01 -8.511338382959365845e-04 9.999950528144836426e-01 3.013831097632646561e-03 5.991416051983833313e-03 -5.760022322647273540e-04 -3.014324000105261803e-03 9.999952912330627441e-01 1.146656461060047150e-02 4.992764663696289062e+01
1.892164000000000000e+07 9.999986428022840101e-01 -1.955251166455154537e-04 1.635898414082914438e-03 7.414073682112727326e-01 1.936951818264495890e-04 9.999993555013944047e-01 1.118695231503280801e-03 2.826534609641285709e-03 -1.636116092756090528e-03 -1.118376847583907058e-03 9.999980361768247006e-01 9.604491898223250709e-03 9.999995231628417969e-01 3.908753205905668437e-05 -9.539992897771298885e-04 7.718242406845092773e-01 -3.914629633072763681e-05 1.000000000000000000e+00 -6.244818359846249223e-05 4.493432119488716125e-03 9.539971943013370037e-04 6.249468424357473850e-05 9.999995231628417969e-01 1.197113562375307083e-02 4.781343841552734375e+01
1.902551000000000000e+07 9.999994739122806120e-01 -7.281011138618340107e-04 7.225260641336168476e-04 7.566123971763818457e-01 7.276956543899563848e-04 9.999995777153740661e-01 5.612736362080691281e-04 2.174709466429224601e-03 -7.229344229881657074e-04 -5.607475618434834162e-04 9.999995814639017766e-01 9.250120008985115300e-03 9.999984502792358398e-01 -1.755436998791992664e-03 -7.636799273313954473e-05 7.777941226959228516e-01 1.755446544848382473e-03 9.999984502792358398e-01 1.294800167670473456e-04 5.246086511760950089e-03 7.614020432811230421e-05 -1.296163827646523714e-04 1.000000000000000000e+00 1.573110185563564301e-02 4.816198348999023438e+01
1.912939000000000000e+07 9.999990499826715284e-01 -8.186043461502519195e-04 1.109017875439354374e-03 7.924990939370930576e-01 8.178862068365962265e-04 9.999994556799082224e-01 6.478441341363832748e-04 2.574193613192395959e-03 -1.109547599811087524e-03 -6.469364682350148624e-04 9.999991751883113844e-01 9.494224938257687582e-03 9.999976754188537598e-01 -2.107779495418071747e-03 5.075031076557934284e-04 7.863903641700744629e-01 2.109050750732421875e-03 9.999945759773254395e-01 -2.522099763154983521e-03 6.010076613165438175e-04 -5.021852557547390461e-04 2.523158444091677666e-03 9.999966621398925781e-01 1.052717491984367371e-02 4.845036697387695312e+01
1.923326000000000000e+07 9.999963891055702048e-01 -1.929958025234063167e-03 1.870036934152471356e-03 7.859317054437161554e-01 1.928043693519770852e-03 9.999976160605864584e-01 1.024949195513003833e-03 4.253969723297867586e-03 -1.872010584942932539e-03 -1.021339981758644664e-03 9.999977262180130833e-01 9.409954065472849252e-03 9.999950528144836426e-01 -3.073415951803326607e-03 -6.192229338921606541e-04 7.881014943122863770e-01 3.074041567742824554e-03 9.999947547912597656e-01 1.015765825286507607e-03 5.739428102970123291e-03 6.160990451462566853e-04 -1.017653732560575008e-03 9.999993443489074707e-01 1.265605911612510681e-02 4.843487930297851562e+01
1.933701000000000000e+07 9.999963029055456420e-01 -2.695897642931034417e-03 3.554022575342165508e-04 8.139374620066001098e-01 2.695833408602794305e-03 9.999963498370603165e-01 1.810922938794527488e-04 3.189705982072089593e-03 -3.558891665709495457e-04 -1.801335190362264788e-04 9.999999204474010472e-01 8.881887739701268755e-03 9.999953508377075195e-01 -3.039279719814658165e-03 2.823966206051409245e-04 7.985563278198242188e-01 3.038168419152498245e-03 9.999879002571105957e-01 3.873630892485380173e-03 9.693398140370845795e-03 -2.941663551609963179e-04 -3.872766392305493355e-03 9.999924898147583008e-01 1.462362986057996750e-02 4.891279983520507812e+01
1.944089000000000000e+07 9.999940879167634744e-01 -3.318523136577181294e-03 -9.008531272080944974e-04 8.071965519297574776e-01 3.318274133102613530e-03 9.999944559372935249e-01 -2.777625931411991625e-04 2.779907392482701585e-03 9.017698943637216099e-04 2.747716735188855089e-04 9.999995556557180754e-01 8.559696341255858959e-03 9.999880194664001465e-01 -2.508458681404590607e-03 -4.198744427412748337e-03 7.963855266571044922e-01 2.516004955396056175e-03 9.999952912330627441e-01 1.793697127141058445e-03 7.709751836955547333e-03 4.194226115942001343e-03 -1.804241677746176720e-03 9.999895691871643066e-01 1.210424117743968964e-02 5.078777694702148438e+01
1.954476000000000000e+07 9.999912851988569384e-01 -3.177268434521306542e-03 -2.708226724873127010e-03 7.809683687155106746e-01 3.174543425568485989e-03 9.999944511704100814e-01 -1.009902301590777981e-03 1.412328135824479939e-03 2.711420428023363256e-03 1.001296117326425962e-03 9.999958227940357602e-01 7.609159291677927359e-03 9.999843239784240723e-01 -2.521782647818326950e-03 -5.011552013456821442e-03 8.000077009201049805e-01 2.522789407521486282e-03 9.999967813491821289e-01 1.963303948286920786e-04 4.899932537227869034e-03 5.011039786040782928e-03 -2.089598128804937005e-04 9.999873638153076172e-01 7.873143069446086884e-03 4.845600128173828125e+01
1.964851000000000000e+07 9.999951851269150982e-01 -2.661973996734151148e-03 -1.594872174584613909e-03 8.071968618371346826e-01 2.661083536625058043e-03 9.999963024044022930e-01 -5.601890755770174085e-04 1.805355214485474110e-03 1.596357486171603047e-03 5.559422901740511532e-04 9.999985712844267072e-01 8.438673379389799792e-03 9.999976754188537598e-01 -1.884665805846452713e-03 -9.857037803158164024e-04 8.131780624389648438e-01 1.883566030301153660e-03 9.999975562095642090e-01 -1.121461973525583744e-03 2.750931889750063419e-04 9.878190467134118080e-04 1.119594206102192402e-03 9.999989867210388184e-01 -4.890417330898344517e-04 4.975187301635742188e+01
1.975239000000000000e+07 9.999987643921786074e-01 -1.557182362764442454e-03 2.154002590609961838e-04 8.242033942121409495e-01 1.557151482363744108e-03 9.999987773490506271e-01 1.434563715019571573e-04 2.271453310870548154e-03 -2.156233834271940669e-04 -1.431207834224682268e-04 9.999999665114992498e-01 9.112421474163467927e-03 9.999969005584716797e-01 -2.209149068221449852e-03 1.162466476671397686e-03 8.214234709739685059e-01 2.208114834502339363e-03 9.999971985816955566e-01 8.921107510104775429e-04 1.587498700246214867e-03 -1.164435059763491154e-03 -8.895393693819642067e-04 9.999989271163940430e-01 5.826887674629688263e-03 4.916812896728515625e+01
1.985626000000000000e+07 9.999951454121196459e-01 -1.043147011373518574e-03 2.936153298581541376e-03 8.458619183190142499e-01 1.039425587720760368e-03 9.999986550099108085e-01 1.268689374910125876e-03 4.181455996431076259e-03 -2.937472779056875000e-03 -1.265631302979264208e-03 9.999948847022902543e-01 1.004606031146220747e-02 9.999967813491821289e-01 -2.192880958318710327e-03 1.315845758654177189e-03 8.331311345100402832e-01 2.193929627537727356e-03 9.999972581863403320e-01 -7.973142201080918312e-04 9.497425344306975603e-05 -1.314094406552612782e-03 8.002071408554911613e-04 9.999988079071044922e-01 7.210974115878343582e-03 5.000284957885742188e+01
1.996014000000000000e+07 9.999978790781792748e-01 -2.058868244445717297e-03 -5.385766623534863772e-05 8.174509076243684502e-01 2.058872193110560314e-03 9.999978778292135662e-01 7.336426095674934396e-05 2.475532291186074291e-03 5.370650459134756398e-05 -7.347499140951152833e-05 9.999999958585183979e-01 8.971557450716368537e-03 9.999974966049194336e-01 -1.947585376910865307e-03 1.056551467627286911e-03 8.385503888130187988e-01 1.949700759723782539e-03 9.999961256980895996e-01 -1.999794738367199898e-03 -5.338832270354032516e-03 -1.052653184160590172e-03 2.001839922741055489e-03 9.999974370002746582e-01 1.807861030101776123e-03 4.938441467285156250e+01
2.006401000000000000e+07 9.999965625808814318e-01 -1.400013551628225168e-03 2.216932176845413764e-03 8.226066795479939353e-01 1.397671738234638854e-03 9.999984640731162111e-01 1.057527792274066828e-03 3.968043610949972128e-03 -2.218409325083038793e-03 -1.054425613568459172e-03 9.999969834187083517e-01 9.768179015063693446e-03 9.999925494194030762e-01 -1.152658602222800255e-03 3.701282432302832603e-03 8.468437790870666504e-01 1.155374455265700817e-03 9.999990463256835938e-01 -7.319955620914697647e-04 -2.174956956878304482e-03 -3.700436325743794441e-03 7.362705073319375515e-04 9.999929070472717285e-01 4.499203991144895554e-03 4.855891036987304688e+01
2.016793000000000000e+07 9.999923821058416262e-01 -6.901820222595047996e-04 3.841793870497141414e-03 8.717392075383458838e-01 6.844640284178535447e-04 9.999986564760237062e-01 1.489481564961933971e-03 4.602961888009827161e-03 -3.842816722280888077e-03 -1.486840648727774314e-03 9.999915109968339211e-01 1.044212106411791796e-02 9.999887347221374512e-01 -9.986254153773188591e-04 4.631010815501213074e-03 8.538934588432312012e-01 1.002278644591569901e-03 9.999991655349731445e-01 -7.871453999541699886e-04 -1.505633932538330555e-03 -4.630222450941801071e-03 7.917699986137449741e-04 9.999889731407165527e-01 1.160899456590414047e-02 4.841404724121093750e+01
2.027189000000000000e+07 9.999983892761091786e-01 -4.523112578434765503e-04 1.736910934756805093e-03 8.317652778166335636e-01 4.508733028142416360e-04 9.999995554129724740e-01 8.281830049505203763e-04 2.865798628731456351e-03 -1.737284759059113922e-03 -8.273985441778035355e-04 9.999981486248759044e-01 9.906619497299271396e-03 9.999960660934448242e-01 4.039138730149716139e-04 2.796795684844255447e-03 8.573977351188659668e-01 -4.032594442833214998e-04 9.999999403953552246e-01 -2.335014141863211989e-04 -2.517291577532887459e-03 -2.796889049932360649e-03 2.323865192010998726e-04 9.999960660934448242e-01 1.322118192911148071e-02 4.863343811035156250e+01
2.037576000000000000e+07 9.999982378480480882e-01 -2.578488393002014703e-04 1.859520046775158539e-03 8.299862899842501696e-01 2.561846593302346273e-04 9.999995665521622668e-01 8.951340207984558517e-04 2.905073998544088765e-03 -1.859750050036563509e-03 -8.946560629306089330e-04 9.999978704578906807e-01 9.989209131478323650e-03 9.999976754188537598e-01 2.112579764798283577e-03 -4.734945105155929923e-05 8.629984855651855469e-01 -2.112396527081727982e-03 9.999914169311523438e-01 3.560220822691917419e-03 2.679215744137763977e-03 5.487094676936976612e-05 -3.560121171176433563e-03 9.999936223030090332e-01 1.290764939039945602e-02 4.881375885009765625e+01
2.047975000000000000e+07 9.999936501234288899e-01 6.224447298004916239e-04 -3.508885139847377817e-03 8.642757202211707179e-01 -6.266870370163804245e-04 9.999990739403971096e-01 -1.208048690834213380e-03 -3.006107324433925088e-03 3.508129946842589598e-03 1.210239992784166614e-03 9.999931141477638175e-01 9.675021716742138525e-03 9.999976158142089844e-01 1.877796137705445290e-03 -1.145464251749217510e-03 8.635016679763793945e-01 -1.877637114375829697e-03 9.999982118606567383e-01 1.354629785055294633e-04 6.797633832320570946e-04 1.145716174505650997e-03 -1.333055261056870222e-04 9.999992847442626953e-01 1.090222597122192383e-02 4.859353637695312500e+01
2.058364000000000000e+07 9.999985804788521504e-01 8.690596991056606657e-04 -1.443528822203471885e-03 8.831958099131015372e-01 -8.699892549059728974e-04 9.999994145492322462e-01 -6.434437539658482497e-04 -1.610605524267464273e-03 1.442968786041442641e-03 6.446986951746464444e-04 9.999987511015313579e-01 9.844117291011304782e-03 9.999961853027343750e-01 1.614615670405328274e-03 -2.256255364045500755e-03 8.661527037620544434e-01 -1.619483693502843380e-03 9.999964237213134766e-01 -2.153401495888829231e-03 -3.931938670575618744e-03 2.252769889310002327e-03 2.157042734324932098e-03 9.999951720237731934e-01 1.165611948817968369e-02 4.855433654785156250e+01
2.068751000000000000e+07 9.999918276233915604e-01 7.893739325546614283e-04 -3.965044058328231168e-03 8.611452420068779201e-01 -7.953665808951039789e-04 9.999985436139793293e-01 -1.510020454401317510e-03 -3.899375660599209946e-03 3.963846312847668814e-03 1.513161777642535498e-03 9.999909990909511270e-01 9.579116357786545549e-03 9.999969005584716797e-01 1.617809524759650230e-03 -1.855876296758651733e-03 8.706723451614379883e-01 -1.625157310627400875e-03 9.999908208847045898e-01 -3.969681449234485626e-03 -8.996155112981796265e-03 1.849437248893082142e-03 3.972681704908609390e-03 9.999903440475463867e-01 1.106462068855762482e-02 4.844265747070312500e+01
2.079153000000000000e+07 9.999994203443642871e-01 8.372280217743861960e-04 -6.770230009684691328e-04 9.240577484077105996e-01 -8.375017932291843126e-04 9.999995676092555685e-01 -4.041930540845653963e-04 -7.397288527032969043e-04 6.766843064697927821e-04 4.047598277843982430e-04 9.999996891338589489e-01 1.050192997654740903e-02 9.999982118606567383e-01 1.922457478940486908e-03 -5.035001231590285897e-05 8.727695345878601074e-01 -1.922542345710098743e-03 9.999970793724060059e-01 -1.427117385901510715e-03 -4.348173271864652634e-03 4.760622687172144651e-05 1.427222508937120438e-03 9.999989867210388184e-01 8.124608546495437622e-03 4.845072174072265625e+01
2.089539000000000000e+07 9.999992197548625006e-01 1.244376112951772230e-03 1.096258204642662644e-04 8.729054373986858684e-01 -1.244355314318663051e-03 9.999992078177993848e-01 -1.895882143417182311e-04 -7.054202133312988121e-04 -1.098616526560856400e-04 1.894516529498183857e-04 9.999999760192449516e-01 1.001735619813063846e-02 9.999966621398925781e-01 1.064431504346430302e-03 2.342172665521502495e-03 8.795723319053649902e-01 -1.060067908838391304e-03 9.999977350234985352e-01 -1.855501555837690830e-03 -1.786706387065351009e-03 -2.344141947105526924e-03 1.853015855886042118e-03 9.999955296516418457e-01 1.364083867520093918e-02 4.769606399536132812e+01
2.099926000000000000e+07 9.999926466439488237e-01 5.432042145110296382e-04 3.796259691747370501e-03 9.000770452797390853e-01 -5.480418134017576038e-04 9.999990390730189027e-01 1.273382608004134655e-03 3.499728783587560850e-03 -3.795564337040237702e-03 -1.275453753352725214e-03 9.999919834226478343e-01 1.087195297899687559e-02 9.999960660934448242e-01 6.111020920798182487e-04 2.739454619586467743e-03 8.796565532684326172e-01 -6.020100554451346397e-04 9.999943375587463379e-01 -3.320532152429223061e-03 -6.048875860869884491e-03 -2.741469768807291985e-03 3.318865783512592316e-03 9.999908208847045898e-01 1.356254518032073975e-02 4.723891067504882812e+01
2.110327000000000000e+07 9.999975252488032540e-01 7.411828737198066343e-04 -2.097652128146945075e-03 8.741223579908937724e-01 -7.429664529977922328e-04 9.999993630709178571e-01 -8.496226624905100057e-04 -2.080744115760103582e-03 2.097021066354565633e-03 8.511790449735196764e-04 9.999974389952820397e-01 9.645990007127656224e-03 9.999995827674865723e-01 8.646724163554608822e-04 3.586781676858663559e-04 8.755002617835998535e-01 -8.642991888336837292e-04 9.999989867210388184e-01 -1.065078540705144405e-03 -1.542711630463600159e-03 -3.595986927393823862e-04 1.064763520844280720e-03 9.999993443489074707e-01 1.393184438347816467e-02 4.728121566772460938e+01
2.120714000000000000e+07 9.999895946103507516e-01 3.968184471373866406e-04 -4.544579977495430065e-03 8.763205292002693714e-01 -4.066265178657362889e-04 9.999975899855498840e-01 -2.157470325314748971e-03 -4.915577417420965815e-03 4.543712901010502417e-03 2.159295822636818352e-03 9.999873459778731988e-01 9.569967821074479644e-03 9.999963045120239258e-01 1.083184499293565750e-03 -2.462783129885792732e-03 8.696170449256896973e-01 -1.078529632650315762e-03 9.999976754188537598e-01 1.890652580186724663e-03 3.711979836225509644e-03 2.464826218783855438e-03 -1.887988066300749779e-03 9.999952316284179688e-01 1.327016483992338181e-02 4.636233520507812500e+01
2.131112000000000000e+07 9.999958098734678114e-01 -3.000843870213667185e-04 -2.879268155032896175e-03 8.592255975849877325e-01 2.968376654802055460e-04 9.999993197723233695e-01 -1.127981529060448134e-03 -1.817642868241348781e-03 2.879604686111062080e-03 1.127122127462368501e-03 9.999952187249877555e-01 9.275451902748593422e-03 9.999829530715942383e-01 7.811224204488098621e-04 -5.793889518827199936e-03 8.605149388313293457e-01 -7.634517969563603401e-04 9.999950528144836426e-01 3.051487961784005165e-03 6.855749525129795074e-03 5.796243902295827866e-03 -3.047013422474265099e-03 9.999784827232360840e-01 1.207040715962648392e-02 4.586137771606445312e+01
2.141504000000000000e+07 9.999917039072854230e-01 5.550923262109892960e-04 -4.035342581695021934e-03 8.906182071586025151e-01 -5.627359714692674146e-04 9.999980493953180005e-01 -1.893286543469407815e-03 -4.496088384355198357e-03 4.034283761546021176e-03 1.895541668929878873e-03 9.999900656891932416e-01 9.862662084393247069e-03 9.999855756759643555e-01 1.101294416002929211e-03 -5.262470338493585587e-03 8.610435724258422852e-01 -1.090373960323631763e-03 9.999971985816955566e-01 2.077236538752913475e-03 5.296942777931690216e-03 5.264746490865945816e-03 -2.071466529741883278e-03 9.999840855598449707e-01 1.140693109482526779e-02 4.515974426269531250e+01
2.151901000000000000e+07 9.999944597429257787e-01 -5.905566553846210327e-04 -3.275931387460582003e-03 8.786402167896745219e-01 5.863929737588789021e-04 9.999990193251011572e-01 -1.271806646267973056e-03 -1.846653689448036172e-03 3.276679248705113151e-03 1.269878617012705144e-03 9.999938253717282066e-01 9.423343840512205666e-03 9.999786019325256348e-01 8.066257578320801258e-04 -6.485305260866880417e-03 8.547136783599853516e-01 -7.740366272628307343e-04 9.999870657920837402e-01 5.024634767323732376e-03 9.046080522239208221e-03 6.489276885986328125e-03 -5.019510630518198013e-03 9.999663233757019043e-01 1.366419252008199692e-02 4.524588775634765625e+01
2.162290000000000000e+07 9.999950150307478358e-01 1.101212102946513144e-03 2.959264335025439761e-03 8.616284856010131277e-01 -1.104417733177143895e-03 9.999988049447021687e-01 1.081836679512453332e-03 2.476387944361484444e-03 -2.958069466877561154e-03 -1.085099550649059295e-03 9.999950361796007270e-01 1.058641254158075758e-02 9.999991655349731445e-01 1.053566811606287956e-03 -8.095095399767160416e-04 8.560809493064880371e-01 -1.052989973686635494e-03 9.999992251396179199e-01 7.239105179905891418e-04 3.064534859731793404e-03 8.102689171209931374e-04 -7.230641203932464123e-04 9.999994635581970215e-01 9.423933923244476318e-03 4.530303955078125000e+01
2.172689000000000000e+07 9.999997293598771320e-01 2.832095231342884162e-04 6.790232303631207845e-04 9.003716548833052835e-01 -2.832388191511136404e-04 9.999999589612954543e-01 4.304857737829363213e-05 7.679295882499733491e-04 -6.790110107300187424e-04 -4.324089146237775912e-05 9.999997685371133649e-01 1.013949260837655915e-02 9.999877214431762695e-01 1.271551300305873156e-04 4.938305821269750595e-03 8.543899059295654297e-01 -1.080889269360341132e-04 9.999925494194030762e-01 -3.859722753986716270e-03 7.274610688909888268e-04 -4.938765894621610641e-03 3.859156277030706406e-03 9.999802708625793457e-01 7.393678650259971619e-03 4.535126495361328125e+01
2.183076000000000000e+07 9.999685989976643263e-01 -3.180808040171003055e-03 7.258338779838210963e-03 8.796824110371049832e-01 3.157992576008526557e-03 9.999900439090617654e-01 3.152644380260602539e-03 8.716732966225999857e-03 -7.268294471276928737e-03 -3.129623605179579406e-03 9.999686881870567534e-01 1.050701260613726672e-02 9.999414086341857910e-01 -6.251711747609078884e-04 1.080528832972049713e-02 8.596805930137634277e-01 6.366191082634031773e-04 9.999992251396179199e-01 -1.055983710102736950e-03 3.187868278473615646e-03 -1.080461684614419937e-02 1.062798197381198406e-03 9.999411106109619141e-01 1.410131715238094330e-02 4.512582397460937500e+01
2.193464000000000000e+07 9.999752750282903113e-01 1.080564152557987107e-04 7.031191735952497732e-03 8.790088698124984834e-01 -1.277900843354331086e-04 9.999960544455168687e-01 2.806200866678681960e-03 6.842421635845316943e-03 -7.030860766005125537e-03 -2.807030000004401282e-03 9.999713433798989026e-01 1.136020306190080494e-02 9.999590516090393066e-01 -1.323671778663992882e-03 8.947650901973247528e-03 8.542543649673461914e-01 1.316935056820511818e-03 9.999987483024597168e-01 7.579051307402551174e-04 6.968588568270206451e-03 -8.948645554482936859e-03 -7.460985798388719559e-04 9.999596476554870605e-01 2.198100276291370392e-02 4.534032058715820312e+01
2.203866000000000000e+07 9.999953355607310579e-01 -2.987482920371303981e-03 6.354547442876182228e-04 8.682266094285259195e-01 2.987365587136915981e-03 9.999955206058132040e-01 1.855136169360304982e-04 3.400799539646836255e-03 -6.360061165885154758e-04 -1.836144160144460847e-04 9.999997808909625308e-01 9.523291576262957192e-03 9.999890923500061035e-01 -2.571368822827935219e-03 -3.923192154616117477e-03 8.370266556739807129e-01 2.556394785642623901e-03 9.999895095825195312e-01 -3.816420678049325943e-03 -2.078088466078042984e-03 3.932965453714132309e-03 3.806357737630605698e-03 9.999850392341613770e-01 1.855624280869960785e-02 4.545951843261718750e+01
2.214262000000000000e+07 9.999891972524624917e-01 -1.403449426588104440e-03 -4.431219851384355507e-03 8.107413549131059494e-01 1.394170088879176719e-03 9.999968305319333339e-01 -2.096477099608709538e-03 -2.642932371272910599e-03 4.434148106183182642e-03 2.090276578091673776e-03 9.999879844657298955e-01 8.242384874153858842e-03 9.999917745590209961e-01 -2.208122983574867249e-03 -3.383004572242498398e-03 8.312976956367492676e-01 2.188191749155521393e-03 9.999802708625793457e-01 -5.886554252356290817e-03 -4.303702618926763535e-03 3.395937848836183548e-03 5.879099946469068527e-03 9.999770522117614746e-01 1.418633293360471725e-02 4.531708908081054688e+01
2.224654000000000000e+07 9.999876159072600412e-01 -3.185031342239397038e-03 -3.824082673944916282e-03 8.414502740528841951e-01 3.179218373121933672e-03 9.999937831289995582e-01 -1.525212872388427522e-03 3.571650388000447741e-04 3.828916750755612542e-03 1.513036390523419530e-03 9.999915250230710928e-01 8.397195706364823931e-03 9.999961853027343750e-01 -2.643081825226545334e-03 -8.429092122241854668e-04 8.320748805999755859e-01 2.642755862325429916e-03 9.999964237213134766e-01 -3.871842345688492060e-04 6.232748855836689472e-04 8.439289522357285023e-04 3.849565109703689814e-04 9.999995231628417969e-01 1.551233790814876556e-02 4.541692733764648438e+01
2.235039000000000000e+07 9.999885913817058158e-01 -1.973319585800620540e-03 -4.350070739993633362e-03 8.585984796381127548e-01 1.966048834833196684e-03 9.999966644192629373e-01 -1.675052862715627460e-03 -1.333740287139461439e-03 4.353361644718264922e-03 1.666481300866126322e-03 9.999891354818317701e-01 8.807904425584128782e-03 9.999930858612060547e-01 -2.496562432497739792e-03 -2.749274484813213348e-03 8.263429999351501465e-01 2.500800881534814835e-03 9.999957084655761719e-01 1.540265162475407124e-03 5.653369240462779999e-03 2.745416946709156036e-03 -1.547133200801908970e-03 9.999949932098388672e-01 1.692183129489421844e-02 4.531087875366210938e+01
2.245439000000000000e+07 9.999946620049212642e-01 -3.072583784260526137e-03 -1.111391327877804969e-03 8.482712498261923972e-01 3.072228404868260643e-03 9.999952290695259816e-01 -3.213268307799313191e-04 2.447324057891606293e-03 1.112373329104645280e-03 3.179106675745785402e-04 9.999993307789764030e-01 9.186678730360229098e-03 9.999886751174926758e-01 -3.467247122898697853e-03 -3.269786015152931213e-03 8.213011622428894043e-01 3.474108874797821045e-03 9.999918341636657715e-01 2.093563321977853775e-03 8.445693179965019226e-03 3.262500977143645287e-03 -2.104898914694786072e-03 9.999924302101135254e-01 1.489279791712760925e-02 4.534588623046875000e+01
2.255837000000000000e+07 9.999872147470511008e-01 -4.160433424707287407e-03 -2.874218995374944793e-03 8.320476217966211729e-01 4.157026502390008364e-03 9.999906511172057533e-01 -1.190297391307785970e-03 1.835219374769604585e-03 2.879144277944899449e-03 1.178333967899347634e-03 9.999951610166857296e-01 8.372780662678779712e-03 9.999849796295166016e-01 -4.001683555543422699e-03 -3.727918723598122597e-03 8.172197341918945312e-01 4.004760179668664932e-03 9.999916553497314453e-01 8.201441960409283638e-04 1.069243066012859344e-03 3.724607871845364571e-03 -8.350603748112916946e-04 9.999927282333374023e-01 1.260219328105449677e-02 4.517567825317382812e+01
2.266227000000000000e+07 9.999949101662352069e-01 -2.487071395369872245e-03 1.998528830274539942e-03 8.116729676348551914e-01 2.485302204643640139e-03 9.999965180303935774e-01 8.872429385682647747e-04 4.334776099364093596e-03 -2.000728507993782251e-03 -8.822714745353289019e-04 9.999976093383807774e-01 9.301455033901551844e-03 9.999849200248718262e-01 -3.173217875882983208e-03 -4.479107446968555450e-03 8.118696212768554688e-01 3.180032595992088318e-03 9.999938011169433594e-01 1.512110116891562939e-03 2.459507668390870094e-03 4.474285524338483810e-03 -1.526334322988986969e-03 9.999888539314270020e-01 1.510378252714872360e-02 4.615523147583007812e+01
2.276614000000000000e+07 9.999965752712357547e-01 -2.019623755649602257e-03 -1.664501650807671731e-03 8.174643038994884314e-01 2.018655303924998725e-03 9.999977923925627010e-01 -5.833016405312730322e-04 1.231150252949989379e-03 1.665676026081043624e-03 5.799395878251464333e-04 9.999984445955293344e-01 8.676741739429878406e-03 9.999949932098388672e-01 -3.073164494708180428e-03 7.188938325271010399e-04 8.133509755134582520e-01 3.069223137572407722e-03 9.999806284904479980e-01 5.419236607849597931e-03 7.009396795183420181e-03 -7.355327252298593521e-04 -5.416990723460912704e-03 9.999850392341613770e-01 1.440061908215284348e-02 4.607827377319335938e+01
2.287016000000000000e+07 9.999961804404621235e-01 -2.181323920079912201e-03 1.697330449040551853e-03 7.943541144555855693e-01 2.179789850881035454e-03 9.999972146163857989e-01 9.051385693915461666e-04 4.191906893758571076e-03 -1.699300121682167973e-03 -9.014352885766927252e-04 9.999981498950980541e-01 9.345793929203540309e-03 9.999926686286926270e-01 -3.620343981310725212e-03 1.219619065523147583e-03 8.122028708457946777e-01 3.617036622017621994e-03 9.999898076057434082e-01 2.697005867958068848e-03 3.775574034079909325e-03 -1.229370827786624432e-03 -2.692584879696369171e-03 9.999956488609313965e-01 1.122159603983163834e-02 4.576611328125000000e+01
2.297402000000000000e+07 9.999857806335412658e-01 -1.997920887464177050e-03 4.944374851567269469e-03 8.565039487842892596e-01 1.988077009984623791e-03 9.999960336760782553e-01 1.995039313751561291e-03 6.116880741501108665e-03 -4.948341171316615605e-03 -1.985181147522325443e-03 9.999857863866277174e-01 1.014782568181580441e-02 9.999781847000122070e-01 -4.075638949871063232e-03 5.202034488320350647e-03 8.117139935493469238e-01 4.060507752001285553e-03 9.999874830245971680e-01 2.916880417615175247e-03 4.657409619539976120e-03 -5.213861819356679916e-03 -2.895692130550742149e-03 9.999821782112121582e-01 1.538659166544675827e-02 4.621369552612304688e+01
2.307801000000000000e+07 9.999937975992173600e-01 -3.355019239238885096e-03 1.071731278890695506e-03 8.458901414786585971e-01 3.354638348128196907e-03 9.999943094602786742e-01 3.569980897010333575e-04 4.021166870614344135e-03 -1.072922915722969266e-03 -3.534006042997019916e-04 9.999993619719566018e-01 9.238480539487784610e-03 9.999682903289794922e-01 -4.094466567039489746e-03 6.834469269961118698e-03 8.097780942916870117e-01 4.092376679182052612e-03 9.999915361404418945e-01 3.300419193692505360e-04 4.905058071017265320e-03 -6.835765205323696136e-03 -3.020669682882726192e-04 9.999765753746032715e-01 1.469575148075819016e-02 4.614396667480468750e+01
2.318199000000000000e+07 9.999924786520412168e-01 -3.764385365953054619e-03 9.338319696786806512e-04 7.825312185384132313e-01 3.763955154318238128e-03 9.999928095612146128e-01 4.620253774222514063e-04 4.553053511920103144e-03 -9.355644965883674891e-04 -4.585070007093596336e-04 9.999994572450536801e-01 8.800480429528207554e-03 9.999826550483703613e-01 -4.999242722988128662e-03 3.104250412434339523e-03 8.017569184303283691e-01 5.002391058951616287e-03 9.999870061874389648e-01 -1.010697800666093826e-03 2.534198574721813202e-03 -3.099156543612480164e-03 1.026209560222923756e-03 9.999947547912597656e-01 1.593117043375968933e-02 4.650227355957031250e+01
2.328591000000000000e+07 9.999853437686557767e-01 -5.386239459309252221e-03 5.483376858730858432e-04 8.151679256458004286e-01 5.386149848717955956e-03 9.999854810161630247e-01 1.647680505241298343e-04 5.424475664347271422e-03 -5.492172046870195685e-04 -1.618122068879530601e-04 9.999998360886327431e-01 8.871404224491627813e-03 9.999786019325256348e-01 -6.535993888974189758e-03 3.342239069752395153e-04 7.945757508277893066e-01 6.536152213811874390e-03 9.999784827232360840e-01 -5.322397919371724129e-04 5.374267697334289551e-03 -3.307401202619075775e-04 5.344143137335777283e-04 9.999997615814208984e-01 1.532361935824155807e-02 4.654614257812500000e+01
2.338977000000000000e+07 9.999688407817811653e-01 -7.530068590608438028e-03 2.369711524261055181e-03 8.014194178973377269e-01 7.527567674460847180e-03 9.999711029675990570e-01 1.062522849502138978e-03 9.115452201613413047e-03 -2.377643916547537550e-03 -1.044651578295023153e-03 9.999966277505649703e-01 9.745470117582857514e-03 9.999752044677734375e-01 -6.156107410788536072e-03 3.400465939193964005e-03 7.969899773597717285e-01 6.166234612464904785e-03 9.999765753746032715e-01 -2.986555686220526695e-03 1.924784621223807335e-03 -3.382002003490924835e-03 3.007445484399795532e-03 9.999898076057434082e-01 1.375797018408775330e-02 4.679235076904296875e+01
2.349376000000000000e+07 9.999773281732493579e-01 -6.721964938200913203e-03 3.979039931748511866e-04 8.324287788626530959e-01 6.721908568570706538e-03 9.999773975166564854e-01 1.428346486522170304e-04 6.667310021520487726e-03 -3.988551290413904632e-04 -1.401567361116476341e-04 9.999999106353351097e-01 9.296975733517424609e-03 9.999788999557495117e-01 -6.498163100332021713e-03 -1.049594648065976799e-04 7.876324653625488281e-01 6.498132366687059402e-03 9.999788403511047363e-01 1.586245489306747913e-04 5.443818401545286179e-03 1.039258495438843966e-04 -1.592982880538329482e-04 9.999998807907104492e-01 1.590957678854465485e-02 4.586582565307617188e+01
2.359764000000000000e+07 9.999739462695457215e-01 -7.140768388256154252e-03 -1.056507977831137174e-03 8.270137528213735711e-01 7.140403333981673074e-03 9.999744461285847708e-01 -3.488985885647537298e-04 6.136943916359868800e-03 1.058972383965999225e-03 3.413456053923704086e-04 9.999993810301442965e-01 9.063610164120543267e-03 9.999821186065673828e-01 -5.938441026955842972e-03 -6.714972550980746746e-04 7.806096076965332031e-01 5.941625684499740601e-03 9.999707937240600586e-01 4.790252074599266052e-03 1.773565821349620819e-02 6.430325447581708431e-04 -4.794161766767501831e-03 9.999883770942687988e-01 1.593767665326595306e-02 4.531337738037109375e+01
2.370151000000000000e+07 9.999830828173991160e-01 -5.717751272824999655e-03 1.068362793651360561e-03 7.629808378639187927e-01 5.717026654124024963e-03 9.999834264119383809e-01 6.800789280088196135e-04 6.702558780675738417e-03 -1.072233609240964662e-03 -6.739595643614379157e-04 9.999991980464669750e-01 8.676951759109265486e-03 9.999768137931823730e-01 -5.596623755991458893e-03 -3.888256847858428955e-03 7.765398621559143066e-01 5.605694837868213654e-03 9.999816417694091797e-01 2.323447261005640030e-03 1.432810723781585693e-02 3.875183174386620522e-03 -2.345186891034245491e-03 9.999896883964538574e-01 1.347748376429080963e-02 4.523161697387695312e+01
2.380554000000000000e+07 9.999600511237214384e-01 -8.003975606900227968e-03 -3.979011210376559235e-03 7.802056357811691933e-01 7.997612898406190884e-03 9.999667185974037142e-01 -1.612415797671808669e-03 5.191708166737687632e-03 3.991784520161767782e-03 1.580528791727890160e-03 9.999907837499661944e-01 7.698504118768073612e-03 9.999762773513793945e-01 -6.098908837884664536e-03 -3.195684636011719704e-03 7.715155482292175293e-01 6.097306963056325912e-03 9.999812841415405273e-01 -5.160667933523654938e-04 8.617075160145759583e-03 3.198772436007857323e-03 4.965782864019274712e-04 9.999947547912597656e-01 1.106952596455812454e-02 4.530352020263671875e+01
2.390939000000000000e+07 9.999829936267321528e-01 -5.831801942128523805e-03 5.044587387083669108e-05 8.409555038252174430e-01 5.831804448552845369e-03 9.999829936503659145e-01 -4.968184268498087805e-05 5.417595191605496102e-03 -5.015528131562298762e-05 4.997518823694685811e-05 9.999999974934642433e-01 9.235591062105506094e-03 9.999853968620300293e-01 -5.363736301660537720e-03 -7.324799080379307270e-04 7.732316851615905762e-01 5.365096963942050934e-03 9.999837279319763184e-01 1.938677625730633736e-03 1.183864101767539978e-02 7.220666157081723213e-04 -1.942591974511742592e-03 9.999978542327880859e-01 1.135320961475372314e-02 4.565763092041015625e+01
2.401339000000000000e+07 9.999805828216363768e-01 -5.143176294960912637e-03 3.518766533898535186e-03 7.321772390987542067e-01 5.136001811715805096e-03 9.999847197627595996e-01 2.044927107203406945e-03 8.553509679318904019e-03 -3.529230186766532315e-03 -2.026815009485442333e-03 9.999917182434416851e-01 9.532039950810880513e-03 9.999825954437255859e-01 -4.729765933007001877e-03 3.527036169543862343e-03 7.711169719696044922e-01 4.725640639662742615e-03 9.999881386756896973e-01 1.163351931609213352e-03 1.907308213412761688e-02 -3.532497445121407509e-03 -1.146656111814081669e-03 9.999931454658508301e-01 1.306340284645557404e-02 4.588995361328125000e+01
2.411727000000000000e+07 9.999610109599592622e-01 -7.287147724647474734e-03 4.987388096189931605e-03 8.102090778395264481e-01 7.274858420950625418e-03 9.999704680408358914e-01 2.477797953216980074e-03 1.100029495852813087e-02 -5.005296888095218250e-03 -2.441418804918076089e-03 9.999844931188158759e-01 1.042850800666799554e-02 9.999704957008361816e-01 -6.168951746076345444e-03 4.570831079035997391e-03 7.704071998596191406e-01 6.167926359921693802e-03 9.999809861183166504e-01 2.518798282835632563e-04 1.426782179623842239e-02 -4.572296049445867538e-03 -2.236808650195598602e-04 9.999895691871643066e-01 1.559566892683506012e-02 4.583737564086914062e+01
2.422127000000000000e+07 9.999766882748217789e-01 -5.954840930914104789e-03 3.341074576045867557e-03 6.800151630209331222e-01 5.947262020171852938e-03 9.999797298103891841e-01 2.273773370285753648e-03 9.014120075222297607e-03 -3.354546809721313354e-03 -2.253850120018912728e-03 9.999918335548341197e-01 9.221599781736816367e-03 9.999757409095764160e-01 -6.506863515824079514e-03 2.484612632542848587e-03 7.636667490005493164e-01 6.508704274892807007e-03 9.999785423278808594e-01 -7.307970081456005573e-04 1.321259513497352600e-02 -2.479805378243327141e-03 7.469448028132319450e-04 9.999966621398925781e-01 2.308199182152748108e-02 4.570172882080078125e+01
2.432514000000000000e+07 9.999645157977813392e-01 -7.995339236365027122e-03 -2.653619006795571774e-03 7.526403336782065967e-01 7.992786685197707588e-03 9.999675856090990411e-01 -9.711283712787302297e-04 6.394491906905283053e-03 2.661297492335473139e-03 9.498841003080946361e-04 9.999960075998460818e-01 7.631525325164272358e-03 9.999700784683227539e-01 -6.916529964655637741e-03 -3.449157113209366798e-03 7.553353905677795410e-01 6.910938769578933716e-03 9.999747872352600098e-01 -1.624877331778407097e-03 9.388037025928497314e-03 3.460309933871030807e-03 1.600999734364449978e-03 9.999926686286926270e-01 1.586056873202323914e-02 4.586608123779296875e+01
2.442914000000000000e+07 9.999410856061061725e-01 -1.015617977114297368e-02 -3.831099811439268345e-03 7.981546701196482463e-01 1.014988395136868365e-02 9.999471120150493775e-01 -1.659224315325369707e-03 7.130261851226622760e-03 3.847748573222031267e-03 1.620241343456203060e-03 9.999912847862113541e-01 8.112265310290226253e-03 9.999323487281799316e-01 -8.319615386426448822e-03 -8.129146881401538849e-03 7.506155371665954590e-01 8.306851610541343689e-03 9.999641180038452148e-01 -1.614740816876292229e-03 1.162641122937202454e-02 8.142294362187385559e-03 1.547099789604544640e-03 9.999656677246093750e-01 1.134218927472829819e-02 4.585478210449218750e+01
2.453302000000000000e+07 9.999628250824064146e-01 -8.617834537386931393e-03 2.852782305845469281e-04 7.037655759001374411e-01 8.617714553674465927e-03 9.999627789523659604e-01 4.191757461698606378e-04 8.825012976155439601e-03 -2.888799993280194477e-04 -4.167017170719996590e-04 9.999998714540087041e-01 8.260009045509527151e-03 9.999545216560363770e-01 -9.136086329817771912e-03 -2.754490822553634644e-03 7.527285814285278320e-01 9.129940532147884369e-03 9.999559521675109863e-01 -2.201571594923734665e-03 9.077977389097213745e-03 2.774479798972606659e-03 2.176326699554920197e-03 9.999938011169433594e-01 1.258574519306421280e-02 4.647555160522460938e+01
2.463689000000000000e+07 9.999426713950692047e-01 -1.058772077833190078e-02 1.598152285914154801e-03 7.487973613177987264e-01 1.058638787841972156e-02 9.999436096425996512e-01 8.401936402880628421e-04 1.076993727236366313e-02 -1.606957901297269243e-03 -8.232268129813440647e-04 9.999983699906122014e-01 9.137055040364902223e-03 9.999336004257202148e-01 -1.093050558120012283e-02 3.653899999335408211e-03 7.568210363388061523e-01 1.093038823455572128e-02 9.999402761459350586e-01 5.961686838418245316e-05 1.440835744142532349e-02 -3.654332831501960754e-03 -1.967159914784133434e-05 9.999933242797851562e-01 1.804255694150924683e-02 4.610166549682617188e+01
2.474076000000000000e+07 9.999342698149408237e-01 -1.109460395438390500e-02 2.892370000766033081e-03 7.835921921554099834e-01 1.109072074848014601e-02 9.999375777625217898e-01 1.355169212469293496e-03 1.221644578174538309e-02 -2.907224519226929600e-03 -1.323001666877896736e-03 9.999948988427500574e-01 9.986837770740823739e-03 9.999232292175292969e-01 -1.164724491536617279e-02 4.226126242429018021e-03 7.560265660285949707e-01 1.165600679814815521e-02 9.999299049377441406e-01 -2.065114909783005714e-03 1.254716422408819199e-02 -4.201781935989856720e-03 2.114210743457078934e-03 9.999889731407165527e-01 1.131537649780511856e-02 4.630319976806640625e+01
2.484464000000000000e+07 9.999162172640103652e-01 -1.188800328353324144e-02 5.121898437683229666e-03 7.649637013801717789e-01 1.187203032887284258e-02 9.999246018391865221e-01 3.137761069975938434e-03 1.461522003546149480e-02 -5.158813966946514118e-03 -3.076690851001448977e-03 9.999819601446383599e-01 9.432330804085706927e-03 9.998945593833923340e-01 -1.219017617404460907e-02 7.885791361331939697e-03 7.595038414001464844e-01 1.218667626380920410e-02 9.999256134033203125e-01 4.944898537360131741e-04 1.537623442709445953e-02 -7.891234010457992554e-03 -3.983417991548776627e-04 9.999687075614929199e-01 1.770840957760810852e-02 4.662777709960937500e+01
2.494851000000000000e+07 9.999200886996805204e-01 -1.225043943862141362e-02 3.121370142378867858e-03 7.928214010074846607e-01 1.224612155186628575e-02 9.999240351765079637e-01 1.398708794334263756e-03 1.314600032876655535e-02 -3.138267825087789464e-03 -1.360372344287048623e-03 9.999941503140784560e-01 1.006756381015228366e-02 9.999229311943054199e-01 -1.153785269707441330e-02 4.591444041579961777e-03 7.523475289344787598e-01 1.153811998665332794e-02 9.999334812164306641e-01 -3.113621642114594579e-05 8.331428281962871552e-03 -4.590777214616537094e-03 8.411256567342206836e-05 9.999895095825195312e-01 1.863506808876991272e-02 4.675148773193359375e+01
2.505239000000000000e+07 9.999197954668087585e-01 -1.252455959363873127e-02 -1.880970771985728636e-03 7.147573284225708923e-01 1.252316897443329392e-02 9.999213013198815503e-01 -7.492768784913626627e-04 1.100232309273593834e-02 1.890207104384054220e-03 7.256610698131720112e-04 9.999979502645899299e-01 7.683484299882580547e-03 9.999201893806457520e-01 -1.168900076299905777e-02 -4.799870308488607407e-03 7.392821907997131348e-01 1.170970406383275986e-02 9.999220967292785645e-01 4.312681034207344055e-03 1.062841061502695084e-02 4.749082960188388824e-03 -4.368534777313470840e-03 9.999791383743286133e-01 1.964951306581497192e-02 4.690406417846679688e+01
2.515627000000000000e+07 9.999186658392072991e-01 -1.234532976418882023e-02 -3.202272595069714789e-03 7.945850553613568179e-01 1.233929518027950499e-02 9.999220677434105253e-01 -1.897430942208317740e-03 8.805151255341651245e-03 3.225447443941993619e-03 1.857762831997704887e-03 9.999930725794723418e-01 7.858557905165458601e-03 9.998706579208374023e-01 -1.217617932707071304e-02 -1.050829701125621796e-02 7.313162684440612793e-01 1.218879129737615585e-02 9.999251365661621094e-01 1.132940058596432209e-03 1.168629899621009827e-02 1.049371901899576187e-02 -1.260876189917325974e-03 9.999442100524902344e-01 1.319095212966203690e-02 4.685980987548828125e+01
2.526014000000000000e+07 9.999175273206202252e-01 -1.258999409847893873e-02 -2.535864968706907745e-03 7.309015787959489696e-01 1.258729585662166257e-02 9.999201966332420533e-01 -1.077196964447068098e-03 1.061302299881828476e-02 2.549224501122754512e-03 1.045188443585321966e-03 9.999962045107043673e-01 7.657932334562793375e-03 9.999061226844787598e-01 -1.266591623425483704e-02 -5.224659107625484467e-03 7.371204495429992676e-01 1.266233623027801514e-02 9.999195933341979980e-01 -7.080924115143716335e-04 3.854285692796111107e-03 5.233207251876592636e-03 6.418585544452071190e-04 9.999860525131225586e-01 8.616545237600803375e-04 4.717248153686523438e+01
2.536401000000000000e+07 9.999332837309815591e-01 -1.142584757984702569e-02 1.696495992818820115e-03 7.393922384634140643e-01 1.142442894186414086e-02 9.999343832593146075e-01 8.435660530342009664e-04 1.130012909084812320e-02 -1.706023131098594091e-03 -8.241282762037496854e-04 9.999982051472813271e-01 8.951264610449729403e-03 9.999112486839294434e-01 -1.287865918129682541e-02 3.396003739908337593e-03 7.517046332359313965e-01 1.288940198719501495e-02 9.999119639396667480e-01 -3.139463486149907112e-03 -1.992188394069671631e-03 -3.355271415784955025e-03 3.182966494932770729e-03 9.999892711639404297e-01 -2.513022918719798326e-04 4.732604980468750000e+01
2.546789000000000000e+07 9.999247988163654233e-01 -1.144746058419552660e-02 4.399131457174010155e-03 7.607945508953166680e-01 1.143645346501253636e-02 9.999314282933535747e-01 2.519175017082073403e-03 1.344832644333453057e-02 -4.427667958057706667e-03 -2.468675109725356007e-03 9.999871506172193225e-01 9.392413975288954261e-03 9.998934268951416016e-01 -1.214399375021457672e-02 8.097013458609580994e-03 7.571251988410949707e-01 1.214739214628934860e-02 9.999261498451232910e-01 -3.649818245321512222e-04 6.391473580151796341e-03 -8.091982454061508179e-03 4.632961645256727934e-04 9.999672174453735352e-01 1.116662845015525818e-02 4.759046554565429688e+01
2.557179000000000000e+07 9.999106476633858875e-01 -1.241545800116346070e-02 4.955107662286957308e-03 7.567092155396257791e-01 1.240020404902114452e-02 9.999183172775532036e-01 3.097371839147985279e-03 1.488443339357541258e-02 -4.993158205599768258e-03 -3.035650735617257193e-03 9.999829264521133965e-01 9.264814962881149502e-03 9.999088048934936523e-01 -1.236670371145009995e-02 5.437702871859073639e-03 7.564247846603393555e-01 1.236900687217712402e-02 9.999234080314636230e-01 -4.091241571586579084e-04 5.506408866494894028e-03 -5.432236939668655396e-03 4.763554898090660572e-04 9.999850988388061523e-01 1.409808825701475143e-02 4.780438232421875000e+01
2.567564000000000000e+07 9.999194407669216300e-01 -1.260329959167124855e-02 -1.506254422456643509e-03 7.898021494019478173e-01 1.260263250757740275e-02 9.999204817099243137e-01 -4.515502859456831455e-04 1.137644147880525515e-02 1.511825671677832555e-03 4.325311368718969506e-04 9.999987636491101117e-01 9.373686859290436546e-03 9.999094009399414062e-01 -1.327402517199516296e-02 -2.218829235062003136e-03 7.471625208854675293e-01 1.326636224985122681e-02 9.999059438705444336e-01 -3.487109905108809471e-03 1.548407133668661118e-03 2.264915034174919128e-03 3.457345068454742432e-03 9.999914169311523438e-01 1.249061059206724167e-02 4.743830490112304688e+01
2.577952000000000000e+07 9.999333749180775444e-01 -1.123657807801417552e-02 -2.642924002435845850e-03 7.132854819571851079e-01 1.123360921475465707e-02 9.999362563036522378e-01 -1.135500898211934308e-03 9.325398344100102946e-03 2.655514676317847090e-03 1.105735672008523966e-03 9.999958627869424133e-01 7.103033201886590695e-03 9.999120235443115234e-01 -1.214044727385044098e-02 -5.344933830201625824e-03 7.454119920730590820e-01 1.213769055902957916e-02 9.999262690544128418e-01 -5.348441191017627716e-04 2.987021580338478088e-03 5.351035855710506439e-03 4.699266864918172359e-04 9.999856352806091309e-01 1.086234021931886673e-02 4.817283248901367188e+01
2.588339000000000000e+07 9.999555786561377113e-01 -8.785246373045934448e-03 -3.414698405960387567e-03 7.658877143088155259e-01 8.780455155080819224e-03 9.999604490841443871e-01 -1.415584252118697126e-03 6.422764152306983075e-03 3.426999607294960865e-03 1.385538765287728982e-03 9.999931679550237984e-01 7.578705287704605616e-03 9.999386072158813477e-01 -9.518623352050781250e-03 -5.682172253727912903e-03 7.463001608848571777e-01 9.512562304735183716e-03 9.999541640281677246e-01 -1.094189123250544071e-03 4.160524345934391022e-03 5.692326463758945465e-03 1.040074508637189865e-03 9.999831914901733398e-01 1.136224437505006790e-02 4.761350250244140625e+01
2.598739000000000000e+07 9.999499337364654572e-01 -9.654205050860611634e-03 -2.631794939836941578e-03 7.440143715728014806e-01 9.651663074353897601e-03 9.999529444573200809e-01 -9.768676503004774993e-04 8.002310884321026455e-03 2.641101979963543338e-03 9.514175439771738272e-04 9.999960596847048411e-01 7.671948468068433453e-03 9.999397993087768555e-01 -8.099986240267753601e-03 -7.388076744973659515e-03 7.463611364364624023e-01 8.082618936896324158e-03 9.999644756317138672e-01 -2.381480298936367035e-03 -1.118906890042126179e-03 7.407109253108501434e-03 2.321626991033554077e-03 9.999699592590332031e-01 7.402901537716388702e-03 4.757286453247070312e+01
2.609127000000000000e+07 9.999606245914243186e-01 -8.866821755369687363e-03 3.587954776909814121e-04 7.117757506896111863e-01 8.866670632619200187e-03 9.999606018387648954e-01 4.206158019094536054e-04 9.048779390136913944e-03 -3.625108673638648376e-04 -4.174179184828206209e-04 9.999998471740557671e-01 8.398473458053685309e-03 9.999664425849914551e-01 -7.903326302766799927e-03 -2.146553248167037964e-03 7.525261640548706055e-01 7.903821766376495361e-03 9.999687671661376953e-01 2.612497191876173019e-04 3.483824431896209717e-03 2.144418423995375633e-03 -2.782175433821976185e-04 9.999976754188537598e-01 4.968208260834217072e-03 4.856748962402343750e+01
2.619527000000000000e+07 9.999721814300274181e-01 -7.087428666021449580e-03 2.324805433366565824e-03 7.271707584538198432e-01 7.083933495776382344e-03 9.999737712204745943e-01 1.508229655777340670e-03 9.180868307179564786e-03 -2.335433926783349323e-03 -1.491718931704712030e-03 9.999961602540828887e-01 9.368902106680213407e-03 9.999664425849914551e-01 -8.201529271900653839e-03 -3.021772427018731833e-04 7.555964589118957520e-01 8.203069679439067841e-03 9.999512434005737305e-01 5.495348013937473297e-03 1.193442195653915405e-02 2.570919459685683250e-04 -5.497638136148452759e-03 9.999848604202270508e-01 9.688300080597400665e-03 4.846368026733398438e+01
2.629929000000000000e+07 9.999582276305502004e-01 -8.630308503329311987e-03 3.010110368643327105e-03 7.630790561541587191e-01 8.625501588098757888e-03 9.999615095728228154e-01 1.606266132305695120e-03 1.061770959049220323e-02 -3.023857081238809971e-03 -1.580235321541785315e-03 9.999941795550759682e-01 9.806456403918225109e-03 9.999606609344482422e-01 -8.492235094308853149e-03 2.554137259721755981e-03 7.520803213119506836e-01 8.491450920701026917e-03 9.999638199806213379e-01 3.248627181164920330e-04 1.219653058797121048e-02 -2.556803636252880096e-03 -3.031547239515930414e-04 9.999966621398925781e-01 -1.566378981806337833e-03 4.857286453247070312e+01
2.640314000000000000e+07 9.999514796704853659e-01 -8.456862789887335113e-03 5.051710081110482101e-03 7.732448577637088816e-01 8.442304746894554318e-03 9.999601689310883001e-01 2.896211383671049890e-03 1.221211053042032743e-02 -5.076001728835001156e-03 -2.853422781741803659e-03 9.999830459484014833e-01 1.025490620881381806e-02 9.999479055404663086e-01 -8.704137057065963745e-03 5.322126206010580063e-03 7.608755230903625488e-01 8.715935051441192627e-03 9.999596476554870605e-01 -2.201617695391178131e-03 5.176438484340906143e-03 -5.302749574184417725e-03 2.247891854494810104e-03 9.999833703041076660e-01 -7.362501695752143860e-03 4.897030258178710938e+01
2.650702000000000000e+07 9.999619488185902405e-01 -6.584990253915540270e-03 5.721784457203073736e-03 7.855838888257119512e-01 6.566721350846954977e-03 9.999733001185540093e-01 3.205810361089827219e-03 1.133201521114545786e-02 -5.742741916470220885e-03 -3.168115011608241272e-03 9.999784917497178682e-01 1.037330460921766055e-02 9.999441504478454590e-01 -7.631949149072170258e-03 7.303895428776741028e-03 7.649885416030883789e-01 7.649696897715330124e-03 9.999678134918212891e-01 -2.394784940406680107e-03 4.802905023097991943e-03 -7.285384926944971085e-03 2.450512954965233803e-03 9.999704957008361816e-01 7.631108746863901615e-04 4.915619277954101562e+01
2.661102000000000000e+07 9.999584258466056585e-01 -6.733232539477735507e-03 6.148996444431109425e-03 8.045660600693274045e-01 6.711937833497131842e-03 9.999714290297292418e-01 3.477213582336042500e-03 1.169927698408085998e-02 -6.172233649464190820e-03 -3.435797337915993347e-03 9.999750491027387111e-01 1.058526148840027888e-02 9.999465346336364746e-01 -6.590659730136394501e-03 7.970697246491909027e-03 7.657395005226135254e-01 6.528003141283988953e-03 9.999478459358215332e-01 7.856220938265323639e-03 2.044453099370002747e-02 -8.022060617804527283e-03 -7.803762797266244888e-03 9.999373555183410645e-01 1.215979084372520447e-02 4.910995101928710938e+01
2.671489000000000000e+07 9.999813820452807533e-01 -5.843538930628688378e-03 1.757445989832381698e-03 7.628442236440233781e-01 5.841778375918230300e-03 9.999824314056432462e-01 1.005239398623790446e-03 7.450248675194734785e-03 -1.763289269406795399e-03 -9.949540733713737976e-04 9.999979504366175442e-01 9.052557443889761024e-03 9.999815821647644043e-01 -5.906876642256975174e-03 -1.353903324343264103e-03 7.579950690269470215e-01 5.919288378208875656e-03 9.999392032623291016e-01 9.301752783358097076e-03 2.844124846160411835e-02 1.298872870393097401e-03 -9.309606626629829407e-03 9.999558329582214355e-01 6.670659407973289490e-03 4.928169631958007812e+01
2.681889000000000000e+07 9.999861848636411032e-01 -4.563075997535803729e-03 -2.609294472052938255e-03 7.559743983260025502e-01 4.560195146208556941e-03 9.999889873543157393e-01 -1.108958518817529468e-03 2.872257843326004537e-03 2.614325999118951444e-03 1.097044305702685532e-03 9.999959808883629453e-01 7.074266273910007584e-03 9.999399781227111816e-01 -6.046009715646505356e-03 -9.137845598161220551e-03 7.519054412841796875e-01 6.045404355973005295e-03 9.999817609786987305e-01 -8.126939792418852448e-05 1.396545860916376114e-02 9.138171561062335968e-03 2.603710527182556689e-05 9.999582171440124512e-01 2.163438359275460243e-03 4.937200164794921875e+01
2.692289000000000000e+07 9.999924379035850519e-01 -2.217240717623843692e-03 -3.194992932688578511e-03 7.492888549116283325e-01 2.210761487389759951e-03 9.999954957269450162e-01 -2.030039364613907184e-03 -1.372538357677577196e-03 3.199479627328993738e-03 2.022960646211073663e-03 9.999928354547857889e-01 7.674340908702691200e-03 9.999541044235229492e-01 -5.435661878436803818e-03 -7.884480990469455719e-03 7.546966075897216797e-01 5.393345374614000320e-03 9.999709725379943848e-01 -5.379482172429561615e-03 1.933559542521834373e-03 7.913498207926750183e-03 5.336700938642024994e-03 9.999545216560363770e-01 -3.097430337220430374e-03 4.938454437255859375e+01
2.702689000000000000e+07 9.999946581661843803e-01 -3.266810287664177834e-03 -1.076547048960668600e-04 7.834393349986661370e-01 3.266802023838045761e-03 9.999946610350810561e-01 -7.684897800151751926e-05 3.270251402329463642e-03 1.079051811657657568e-04 7.649688087576014556e-05 9.999999912523493961e-01 8.327577198548046997e-03 9.999893903732299805e-01 -4.250541329383850098e-03 -1.781006925739347935e-03 7.630621194839477539e-01 4.251963924616575241e-03 9.999907016754150391e-01 7.551382295787334442e-04 7.183881010860204697e-03 1.777778961695730686e-03 -7.626966689713299274e-04 9.999980926513671875e-01 5.632840911857783794e-04 4.946764755249023438e+01
2.713089000000000000e+07 9.999806608009874642e-01 -3.637451827501993022e-03 5.044498850756449354e-03 7.938200521963163503e-01 3.625385101307975096e-03 9.999905503073829305e-01 2.399141308031631052e-03 8.103845214015713283e-03 -5.053177942631239400e-03 -2.380806659788227593e-03 9.999843984546347153e-01 9.922639904617532383e-03 9.999734759330749512e-01 -4.838772583752870560e-03 5.447668023407459259e-03 7.745859026908874512e-01 4.812500439584255219e-03 9.999768137931823730e-01 4.815201740711927414e-03 1.473717950284481049e-02 -5.470843520015478134e-03 -4.788861144334077835e-03 9.999735951423645020e-01 4.245889373123645782e-03 4.937257766723632812e+01
2.723477000000000000e+07 9.999910834556072770e-01 -2.487196221085009786e-03 3.412750327443956917e-03 7.872426073871110486e-01 2.481485921030839124e-03 9.999955158771534069e-01 1.676440720883981810e-03 5.989204422778309465e-03 -3.416904661147880922e-03 -1.667957081202247911e-03 9.999927713149555641e-01 9.600920503574294010e-03 9.999729394912719727e-01 -5.857593845576047897e-03 4.446276929229497910e-03 7.746017575263977051e-01 5.852955859154462814e-03 9.999822974205017090e-01 1.067695906385779381e-03 6.132934708148241043e-03 -4.452453926205635071e-03 -1.041646813973784447e-03 9.999895691871643066e-01 1.162546593695878983e-02 4.931484985351562500e+01
2.733864000000000000e+07 9.999921937186802001e-01 -3.872186680983028331e-03 -7.865571375581469592e-04 7.824411729091028667e-01 3.871877542507803568e-03 9.999924265682961222e-01 -3.941706034884023737e-04 3.302207158334596881e-03 7.880774827704177012e-04 3.911220735886933395e-04 9.999996129786304921e-01 8.038909366893703251e-03 9.999824166297912598e-01 -5.894669797271490097e-03 -7.648424943909049034e-04 7.724143862724304199e-01 5.892168264836072922e-03 9.999773502349853516e-01 -3.243063110858201981e-03 1.877907547168433666e-03 7.839471218176186085e-04 3.238501492887735367e-03 9.999943971633911133e-01 1.156829297542572021e-02 4.953091049194335938e+01
2.744266000000000000e+07 9.999873745020910754e-01 -4.341532237502248280e-03 -2.530204230107078664e-03 7.541536722029017481e-01 4.338616641789778440e-03 9.999899192110375257e-01 -1.156668189239612498e-03 2.633439564803159542e-03 2.535200436042052766e-03 1.145675999199940965e-03 9.999961300850163104e-01 7.092701380576648187e-03 9.999647140502929688e-01 -4.903557710349559784e-03 -6.815042812377214432e-03 7.638682126998901367e-01 4.908605944365262985e-03 9.999876618385314941e-01 7.246137829497456551e-04 7.794188801199197769e-03 6.811407394707202911e-03 -7.580352830700576305e-04 9.999765753746032715e-01 9.860512800514698029e-03 4.967958450317382812e+01
2.754652000000000000e+07 9.999905436035129158e-01 -3.206016226131378714e-03 -2.938394821940833526e-03 7.730551849698634737e-01 3.201898331710123242e-03 9.999938868307107764e-01 -1.405044014455354489e-03 7.542555162926961035e-04 2.942881452797295808e-03 1.395622286633170549e-03 9.999946958297010191e-01 7.472270292289905427e-03 9.999581575393676758e-01 -5.070307757705450058e-03 -7.618846837431192398e-03 7.648130655288696289e-01 5.071626976132392883e-03 9.999871850013732910e-01 1.504001556895673275e-04 8.854333311319351196e-03 7.617984898388385773e-03 -1.890308340080082417e-04 9.999709129333496094e-01 1.674037543125450611e-03 4.944867324829101562e+01
2.765052000000000000e+07 9.999848546689182882e-01 -5.043015284729027332e-03 2.204184620035449724e-03 7.888169880164669356e-01 5.040840823863391128e-03 9.999868038744956777e-01 9.909595603213700553e-04 6.736184781957864007e-03 -2.209152957511918529e-03 -9.798336081751255443e-04 9.999970797804125233e-01 9.255075796265159471e-03 9.999836683273315430e-01 -5.300062242895364761e-03 -2.108260290697216988e-03 7.680404782295227051e-01 5.302924197167158127e-03 9.999849200248718262e-01 1.392880803905427456e-03 1.074270438402891159e-02 2.100843703374266624e-03 -1.404053531587123871e-03 9.999969005584716797e-01 3.252021968364715576e-03 4.954719924926757812e+01
2.775439000000000000e+07 9.999924711028257418e-01 -3.134410254372221871e-03 2.287621074598689304e-03 7.838719789298420615e-01 3.131905552721803154e-03 9.999944931444827434e-01 1.097655881595429586e-03 5.350199609678005057e-03 -2.291048980814713691e-03 -1.090483004387030616e-03 9.999967809655453399e-01 9.225453232656253416e-03 9.999785423278808594e-01 -4.499325994402170181e-03 4.773619119077920914e-03 7.767269611358642578e-01 4.490785300731658936e-03 9.999883174896240234e-01 1.811734400689601898e-03 1.159560587257146835e-02 -4.781714174896478653e-03 -1.790244714356958866e-03 9.999868869781494141e-01 6.529836449772119522e-03 4.934876632690429688e+01
2.785841000000000000e+07 9.999895350861609522e-01 -3.830773960281383481e-03 2.500977864826438909e-03 7.880171243172614526e-01 3.827982333596249755e-03 9.999920459902207348e-01 1.120048435130545101e-03 5.956508200789317579e-03 -2.505248624148257667e-03 -1.110463015409994796e-03 9.999962452937868340e-01 9.227330973701741365e-03 9.999870061874389648e-01 -4.699887707829475403e-03 1.949534518644213676e-03 7.723153233528137207e-01 4.698865581303834915e-03 9.999888539314270020e-01 5.262841004878282547e-04 9.893286973237991333e-03 -1.951984362676739693e-03 -5.171160446479916573e-04 9.999979734420776367e-01 9.505610913038253784e-03 4.937148666381835938e+01
2.796230000000000000e+07 9.999837746746763623e-01 -2.790250324247277661e-03 4.966375992598439509e-03 7.849367401383238185e-01 2.778391036627245354e-03 9.999932765089548647e-01 2.393215436748666498e-03 7.471414129108734994e-03 -4.973020271365235709e-03 -2.379378071501183148e-03 9.999848036992162736e-01 9.821670613642287384e-03 9.999865889549255371e-01 -5.138091277331113815e-03 6.887869094498455524e-04 7.684701681137084961e-01 5.137570202350616455e-03 9.999865293502807617e-01 7.065546815283596516e-04 4.735566210001707077e-03 -6.924072513356804848e-04 -7.030116394162178040e-04 9.999995231628417969e-01 8.754234760999679565e-03 4.932191848754882812e+01
2.806615000000000000e+07 9.999937602403862202e-01 -3.265627210011329620e-03 -1.347278333172271386e-03 7.369094939327042182e-01 3.264894504384469043e-03 9.999945213319887394e-01 -5.456826997329277664e-04 2.344485125610672356e-03 1.349052948198077671e-03 5.412805730684830700e-04 9.999989435351577249e-01 7.555938179900635945e-03 9.999873042106628418e-01 -5.011701956391334534e-03 -4.506047407630831003e-04 7.646093368530273438e-01 5.011160857975482941e-03 9.999865889549255371e-01 -1.296788454055786133e-03 6.214888766407966614e-03 4.571007448248565197e-04 1.294519053772091866e-03 9.999990463256835938e-01 8.949285373091697693e-03 4.938092803955078125e+01
2.817002000000000000e+07 9.999914056212312330e-01 -3.968946200201430193e-03 1.198394447821343571e-03 7.721341401246103464e-01 3.968244571563293334e-03 9.999919540330204359e-01 5.872851018139110335e-04 5.010034957005116661e-03 -1.200715708617509925e-03 -5.825245320677489716e-04 9.999991094730568131e-01 8.755471258298473669e-03 9.999883770942687988e-01 -4.675502423197031021e-03 -1.185485161840915680e-03 7.617589235305786133e-01 4.673181567341089249e-03 9.999871850013732910e-01 -1.914864871650934219e-03 4.612345714122056961e-03 1.194418873637914658e-03 1.909288926981389523e-03 9.999974370002746582e-01 8.231537416577339172e-03 4.926995086669921875e+01
2.827404000000000000e+07 9.999947908391358942e-01 -3.226474438627742643e-03 -9.031667582691005368e-05 7.691666085675906706e-01 3.226474267816896273e-03 9.999947949161848149e-01 -2.036882405467659967e-06 3.327503142049116711e-03 9.032277767016817750e-05 1.745467359257577982e-06 9.999999959193744958e-01 8.309838808872942531e-03 9.999885559082031250e-01 -4.733663517981767654e-03 6.992100388742983341e-04 7.603905797004699707e-01 4.734187852591276169e-03 9.999886155128479004e-01 -6.261268863454461098e-04 7.706902921199798584e-03 -6.962348707020282745e-04 6.294331396929919720e-04 9.999995827674865723e-01 7.425629533827304840e-03 4.926252746582031250e+01
2.837789000000000000e+07 9.999958912336226469e-01 -2.112988299816129928e-03 1.937213534816137252e-03 7.597439633943028348e-01 2.110777592694370458e-03 9.999971196356700620e-01 1.142514022131099110e-03 4.565205450442423075e-03 -1.939622073707672565e-03 -1.138420300867374431e-03 9.999974709295050834e-01 9.286801850864724941e-03 9.999890923500061035e-01 -4.664329811930656433e-03 -1.806222462619189173e-05 7.592167258262634277e-01 4.664269275963306427e-03 9.999886751174926758e-01 9.497067658230662346e-04 1.231433264911174774e-02 1.362855346087599173e-05 -9.497798746451735497e-04 9.999995827674865723e-01 8.142000064253807068e-03 4.906940841674804688e+01
2.848189000000000000e+07 9.999976452578527297e-01 -2.140876498400208581e-03 3.551430191867571478e-04 7.681398274641078050e-01 2.140792877741315697e-03 9.999976807301619308e-01 2.356695731732526310e-04 2.642103431528453408e-03 -3.556467349653029625e-04 -2.349087305854509228e-04 9.999999091666399442e-01 8.653968614328813244e-03 9.999879002571105957e-01 -4.875739105045795441e-03 6.666760309599339962e-04 7.540079355239868164e-01 4.875183571130037308e-03 9.999877214431762695e-01 8.942158892750740051e-04 1.023733895272016525e-02 -6.710269371978938580e-04 -8.909551543183624744e-04 9.999994039535522461e-01 7.673388347029685974e-03 4.910412979125976562e+01
2.858577000000000000e+07 9.999938224562507916e-01 -3.239325799689556258e-03 -1.364484186139080504e-03 7.460499297178306843e-01 3.238549268749509914e-03 9.999945929052050930e-01 -5.709277161420713616e-04 2.301671185364830181e-03 1.366326229214686683e-03 5.665052397311129157e-04 9.999989061115724942e-01 7.592461285306059161e-03 9.999776482582092285e-01 -5.028982181102037430e-03 -4.402579739689826965e-03 7.437081933021545410e-01 5.023737903684377670e-03 9.999867081642150879e-01 -1.184268854558467865e-03 8.579802699387073517e-03 4.408475011587142944e-03 1.162130967713892460e-03 9.999895691871643066e-01 1.033110916614532471e-02 4.886278533935546875e+01
2.868966000000000000e+07 9.999884549655020383e-01 -4.526866133191755417e-03 -1.611651090132967682e-03 7.457360227790242879e-01 4.525892540448104781e-03 9.999895737289213882e-01 -6.072319396383915775e-04 3.717741720677801825e-03 1.614383144263301225e-03 5.999307696412342454e-04 9.999985169240009908e-01 7.193432256165502477e-03 9.999784231185913086e-01 -4.779850132763385773e-03 -4.504295997321605682e-03 7.398799657821655273e-01 4.774644970893859863e-03 9.999879002571105957e-01 -1.164885703474283218e-03 9.815568104386329651e-03 4.509809426963329315e-03 1.143349683843553066e-03 9.999892115592956543e-01 8.113951422274112701e-03 4.898556900024414062e+01
2.879367000000000000e+07 9.999897538314226342e-01 -4.367535638750099335e-03 -1.190321439924675725e-03 7.261049357570585894e-01 4.367136656291501808e-03 9.999904070320910776e-01 -3.375821390001035359e-04 4.003029491971576287e-03 1.191784423195603329e-03 3.323803838143302115e-04 9.999992345863109033e-01 7.263572984353434958e-03 9.999849796295166016e-01 -4.364887718111276627e-03 -3.310277592390775681e-03 7.343516945838928223e-01 4.363553132861852646e-03 9.999904036521911621e-01 -4.051297728437930346e-04 8.684537373483181000e-03 3.312017535790801048e-03 3.906801575794816017e-04 9.999943971633911133e-01 3.350821556523442268e-03 4.857120132446289062e+01
2.889752000000000000e+07 9.999900746941206009e-01 -3.667964821232543027e-03 2.529139783008445535e-03 7.600754832875984413e-01 3.664612933356697737e-03 9.999924025948097039e-01 1.328670487141867104e-03 6.240459860998484598e-03 -2.533994084537354464e-03 -1.319388981660643079e-03 9.999959190351691563e-01 9.217172245753493115e-03 9.999865889549255371e-01 -4.071139264851808548e-03 3.206084482371807098e-03 7.424886822700500488e-01 4.071422386914491653e-03 9.999917149543762207e-01 -4.958766294294036925e-05 1.173484139144420624e-02 -3.205855144187808037e-03 6.265132833505049348e-05 9.999948143959045410e-01 5.080699338577687740e-04 4.877155303955078125e+01
2.900152000000000000e+07 9.999871425319394325e-01 -3.756456845153140212e-03 3.406435446364804252e-03 7.715005950421199854e-01 3.750706415342135169e-03 9.999915330627832111e-01 1.692927616679343328e-03 7.079475848608422252e-03 -3.412766013904237807e-03 -1.680129310471775717e-03 9.999927650705531246e-01 9.509013500472984423e-03 9.999550580978393555e-01 -3.791264723986387253e-03 8.688366971909999847e-03 7.374253273010253906e-01 3.792215138673782349e-03 9.999927878379821777e-01 -1.010577761917375028e-04 9.294787421822547913e-03 -8.687929250299930573e-03 1.339914597338065505e-04 9.999623298645019531e-01 6.285894196480512619e-03 4.842483139038085938e+01
2.910539000000000000e+07 9.999870605278361468e-01 -1.849460987656465329e-03 4.739015689832004954e-03 7.581130903947627120e-01 1.837509781093308063e-03 9.999951239810421777e-01 2.524989401063805917e-03 6.985354348020391194e-03 -4.743662451916616160e-03 -2.516248740930615482e-03 9.999855829747894553e-01 9.795590393230163562e-03 9.999492764472961426e-01 -3.275206079706549644e-03 9.527618065476417542e-03 7.300865054130554199e-01 3.301236312836408615e-03 9.999908208847045898e-01 -2.720395801588892937e-03 5.477132275700569153e-03 -9.518622420728206635e-03 2.751713385805487633e-03 9.999508857727050781e-01 1.204355061054229736e-02 4.835161590576171875e+01
2.920939000000000000e+07 9.999978913241406309e-01 -9.373440626769448001e-04 1.827220088163335849e-03 7.161599582906897909e-01 9.350176327403548040e-04 9.999987517831646633e-01 1.273645972115236081e-03 3.461622210933733290e-03 -1.828411651923048586e-03 -1.271934803354724279e-03 9.999975195431909381e-01 9.216472705816804167e-03 9.999801516532897949e-01 -3.272501984611153603e-03 5.379260051995515823e-03 7.120816111564636230e-01 3.290394088253378868e-03 9.999890923500061035e-01 -3.312850603833794594e-03 2.273229882121086121e-03 -5.368359386920928955e-03 3.330485429614782333e-03 9.999800324440002441e-01 1.393351238220930099e-02 4.813856124877929688e+01
2.931327000000000000e+07 9.999955264551727563e-01 -2.989996652028400429e-03 -8.360649955481071107e-05 7.067342551859004951e-01 2.990014527101490533e-03 9.999955068918092715e-01 2.144987336950914490e-04 3.194128722722697298e-03 8.296477343369141461e-05 -2.147477587629323360e-04 9.999999735001240397e-01 8.336983721540463729e-03 9.999942779541015625e-01 -3.349622711539268494e-03 -5.396588239818811417e-04 6.954090595245361328e-01 3.347544698044657707e-03 9.999873638153076172e-01 -3.748573362827301025e-03 4.272488295100629330e-04 5.522115970961749554e-04 3.746740752831101418e-03 9.999928474426269531e-01 1.086654141545295715e-02 4.817708969116210938e+01
2.941727000000000000e+07 9.999911471888489611e-01 -3.571571961166638415e-03 -2.224728844904692252e-03 6.571249754583800007e-01 3.568805274967608125e-03 9.999928551113290709e-01 -1.246336964591723351e-03 2.022876914104622566e-03 2.229164331426925025e-03 1.238386307317965304e-03 9.999967486077256940e-01 6.650367690485611306e-03 9.999865293502807617e-01 -3.472982440143823624e-03 -3.840348683297634125e-03 6.751258373260498047e-01 3.472822951152920723e-03 9.999939799308776855e-01 -5.178018182050436735e-05 5.293170455843210220e-03 3.840500488877296448e-03 3.844902676064521074e-05 9.999926090240478516e-01 1.141318771988153458e-02 4.831600189208984375e+01
2.952114000000000000e+07 9.999966242389124460e-01 -2.286173878738523638e-03 -1.234876540909306264e-03 6.545387119597091408e-01 2.285455719827078624e-03 9.999972185949757009e-01 -5.826617447528484187e-04 1.847466973633088080e-03 1.236205172220278606e-03 5.798375222960295986e-04 9.999990677922162563e-01 7.722927517931402717e-03 9.999908804893493652e-01 -3.194296034052968025e-03 -2.824997063726186752e-03 6.607633233070373535e-01 3.192960284650325775e-03 9.999948740005493164e-01 -4.751694796141237020e-04 6.771620362997055054e-03 2.826506737619638443e-03 4.661456914618611336e-04 9.999958276748657227e-01 8.618819527328014374e-03 4.812515258789062500e+01
2.962502000000000000e+07 9.999945395875614595e-01 -2.552863678710045464e-03 -2.098495256377989285e-03 6.834586094383704458e-01 2.550672582842725827e-03 9.999961998218670489e-01 -1.046141179883863879e-03 1.106244056297259540e-03 2.101157937484073642e-03 1.040782893324731975e-03 9.999972509494277073e-01 7.298514474150359470e-03 9.999948740005493164e-01 -2.998039126396179199e-03 -1.156889018602669239e-03 6.467063426971435547e-01 2.996856113895773888e-03 9.999949932098388672e-01 -9.802094427868723869e-04 7.192812860012054443e-03 1.159816863946616650e-03 9.767379378899931908e-04 9.999988675117492676e-01 5.884594749659299850e-03 4.826105499267578125e+01
2.972904000000000000e+07 9.999951805760233237e-01 -2.553291889836890437e-03 -1.766217842053476690e-03 6.391216368537436798e-01 2.551578005157311303e-03 9.999962723807818143e-01 -9.719436147816107796e-04 1.712642968776399493e-03 1.768692913959999573e-03 9.674322880752272502e-04 9.999979678980523978e-01 7.145526715334890415e-03 9.999963045120239258e-01 -2.591003431007266045e-03 -8.605323964729905128e-04 6.268861293792724609e-01 2.589407842606306076e-03 9.999947547912597656e-01 -1.948538585565984249e-03 9.025807376019656658e-04 8.655806886963546276e-04 1.946297008544206619e-03 9.999977350234985352e-01 6.407572422176599503e-03 4.751180648803710938e+01
2.983290000000000000e+07 9.999989993419946543e-01 -1.359838770076987353e-03 -3.900685324443512836e-04 6.439059809729151818e-01 1.359805737102793254e-03 9.999990718565043846e-01 -8.493776167993124810e-05 1.429310799793588171e-03 3.901836720701076290e-04 8.440725923979192579e-05 9.999999203160524486e-01 8.001325222175687674e-03 9.999959468841552734e-01 -2.541279653087258339e-03 1.248565735295414925e-03 6.099299192428588867e-01 2.541346475481987000e-03 9.999967217445373535e-01 -3.974952051066793501e-05 2.557927742600440979e-03 -1.248462474904954433e-03 4.291774530429393053e-05 9.999992251396179199e-01 9.410644881427288055e-03 4.847353744506835938e+01
2.993677000000000000e+07 9.999992736093321621e-01 -1.115957142894690541e-03 4.554343149178717316e-04 6.285241599720490235e-01 1.115698300071579383e-03 9.999992161817478076e-01 5.682016733233587148e-04 1.872531612271712909e-03 -4.560680466770064556e-04 -5.676931332792356033e-04 9.999997348631777250e-01 8.212826670404665269e-03 9.999957680702209473e-01 -2.377411816269159317e-03 1.717222388833761215e-03 5.891885757446289062e-01 2.378872130066156387e-03 9.999967813491821289e-01 -8.657678845338523388e-04 3.183959517627954483e-03 -1.715164864435791969e-03 8.698503370396792889e-04 9.999981522560119629e-01 9.674717672169208527e-03 4.828822326660156250e+01
3.004077000000000000e+07 9.999982676152592287e-01 -1.857340730756111514e-03 1.226867978728518507e-04 5.762250022426517182e-01 1.857311149876288191e-03 9.999982462076225653e-01 2.407844134914899261e-04 2.042125600865983374e-03 -1.231338013835347426e-04 -2.405561288131628870e-04 9.999999634854089825e-01 7.595373429447324805e-03 9.999964833259582520e-01 -2.615725388750433922e-03 4.203085263725370169e-04 5.627890229225158691e-01 2.616511192172765732e-03 9.999949932098388672e-01 -1.820595352910459042e-03 -1.847642124630510807e-04 -4.155370988883078098e-04 1.821700017899274826e-03 9.999982118606567383e-01 7.039791904389858246e-03 4.823817443847656250e+01
3.014465000000000000e+07 9.999972267199395137e-01 -2.293816195893810892e-03 -5.338160150356437367e-04 5.225728089455804470e-01 2.293678742928380223e-03 9.999973362433074442e-01 -2.579611759059860314e-04 1.534098920063861702e-03 5.344063086189892705e-04 2.567360580276159998e-04 9.999998242482266431e-01 6.747983099391374404e-03 9.999966025352478027e-01 -2.605075715109705925e-03 3.714980630320496857e-05 5.392533540725708008e-01 2.605191199108958244e-03 9.999936223030090332e-01 -2.408978994935750961e-03 -1.213474664837121964e-03 -3.087806908297352493e-05 2.409060252830386162e-03 9.999970793724060059e-01 7.781973108649253845e-03 4.830460739135742188e+01
3.024852000000000000e+07 9.999964500257847444e-01 -2.530416522207092848e-03 -8.348222994647474171e-04 5.160736488571153746e-01 2.530065914521121336e-03 9.999967108550968931e-01 -4.207679396905371935e-04 1.594560487021838297e-03 8.358842717270418632e-04 4.186542905959291763e-04 9.999995630129526747e-01 6.438663731794635157e-03 9.999973177909851074e-01 -2.159311901777982712e-03 -8.065082365646958351e-04 5.142484307289123535e-01 2.158759627491235733e-03 9.999974370002746582e-01 -7.057610200718045235e-04 1.986401388421654701e-03 8.080289117060601711e-04 7.040229393169283867e-04 9.999994635581970215e-01 7.384112570434808731e-03 4.849552154541015625e+01
3.035240000000000000e+07 9.999940543494270084e-01 -2.798275076747903847e-03 -2.015173002407375392e-03 4.863342561013985210e-01 2.794877084162621182e-03 9.999946712471076138e-01 -1.687050482255591415e-03 -1.950741813175143301e-04 2.019883095429705466e-03 1.681408290721706595e-03 9.999965464632102341e-01 4.682086814761204918e-03 9.999927878379821777e-01 -2.195858163759112358e-03 -3.095872700214385986e-03 4.932480752468109131e-01 2.202932722866535187e-03 9.999948740005493164e-01 2.322130836546421051e-03 8.425143547356128693e-03 3.090761369094252586e-03 -2.328928792849183083e-03 9.999924302101135254e-01 1.258112676441669464e-02 4.817724609375000000e+01
3.045627000000000000e+07 9.999925024595109901e-01 -3.337448107537473521e-03 -1.963788383038151709e-03 5.270653678749772642e-01 3.334409566142953682e-03 9.999932418601155115e-01 -1.548530551409505298e-03 1.022525906394376261e-03 1.968943251867717563e-03 1.541970866433215901e-03 9.999968727892523113e-01 4.927449027086424661e-03 9.999867081642150879e-01 -2.806825330480933189e-03 -4.328063689172267914e-03 4.706611633300781250e-01 2.806583419442176819e-03 9.999960660934448242e-01 -9.205669630318880081e-05 5.878852214664220810e-03 4.328305367380380630e-03 7.989328150870278478e-05 9.999906420707702637e-01 1.020990591496229172e-02 4.862828826904296875e+01
3.056027000000000000e+07 9.999922940162976337e-01 -3.493238282040470044e-03 -1.791422485382514976e-03 5.121195080263926114e-01 3.490828732988446488e-03 9.999930006157468076e-01 -1.346415406909509454e-03 1.378485081783153206e-03 1.796113296312179010e-03 1.340151482448146683e-03 9.999974889823943780e-01 5.036354354364120343e-03 9.999887943267822266e-01 -4.153435584157705307e-03 -2.263444010168313980e-03 4.514139592647552490e-01 4.146678373217582703e-03 9.999870657920837402e-01 -2.947946311905980110e-03 3.058756934478878975e-03 2.275660634040832520e-03 2.938535297289490700e-03 9.999930858612060547e-01 3.519223071634769440e-03 4.860707092285156250e+01
3.066404000000000000e+07 9.999931022193012664e-01 -3.536472776235670499e-03 -1.135286233430430475e-03 4.390194206356369255e-01 3.536451231703755058e-03 9.999937465169463913e-01 -2.098406974061790069e-05 2.708869096392061901e-03 1.135353343525123682e-03 1.696904080540320820e-05 9.999993553422439341e-01 5.790929159421680933e-03 9.999880194664001465e-01 -4.880375228822231293e-03 2.239722234662622213e-04 4.365926682949066162e-01 4.881435539573431015e-03 9.999754428863525391e-01 -5.012286361306905746e-03 2.702108817175030708e-03 -1.995074562728404999e-04 5.013318732380867004e-03 9.999873638153076172e-01 7.121135713532567024e-04 4.888934326171875000e+01
3.076790000000000000e+07 9.999953942981760768e-01 -2.993121095757939835e-03 -5.026017877994674605e-04 4.351491685463473869e-01 2.993499890252517264e-03 9.999952347467707670e-01 7.546139239722241508e-04 2.851145515098681398e-03 5.003407419235388238e-04 -7.561149868395556067e-04 9.999995889745505462e-01 6.824615824683947889e-03 9.999806284904479980e-01 -6.125455722212791443e-03 1.139670494012534618e-03 4.156990349292755127e-01 6.125574931502342224e-03 9.999812841415405273e-01 -1.362321054330095649e-04 1.019003521651029587e-02 -1.138811581768095493e-03 1.432173448847606778e-04 9.999993443489074707e-01 3.459701780229806900e-03 4.891068649291992188e+01
3.087179000000000000e+07 9.999846108167121939e-01 -5.546199876214267729e-03 -1.334018897396816220e-04 3.827878264854040480e-01 5.546320577758927922e-03 9.999841938896335547e-01 9.221162150842949438e-04 4.517901291228252833e-03 1.282855402340636023e-04 -9.228419141295860287e-04 9.999995659527078917e-01 6.388562220062673352e-03 9.999759793281555176e-01 -6.622144952416419983e-03 2.068068832159042358e-03 3.981679677963256836e-01 6.615677382797002792e-03 9.999731183052062988e-01 3.160297637805342674e-03 1.685425452888011932e-02 -2.088947221636772156e-03 -3.146551083773374557e-03 9.999929070472717285e-01 6.065179128199815750e-03 4.923779296875000000e+01
3.097565000000000000e+07 9.999775979063484366e-01 -6.691816851224744941e-03 1.525503676678560347e-04 4.418043289531967122e-01 6.691604319013751481e-03 9.999766948940005395e-01 1.353550664532671317e-03 6.353057817632972240e-03 -1.616045258263536569e-04 -1.352499535439799332e-03 9.999990723140396165e-01 7.473913852159359134e-03 9.999716877937316895e-01 -6.463925354182720184e-03 3.830077126622200012e-03 3.797896504402160645e-01 6.447262596338987350e-03 9.999697804450988770e-01 4.339056089520454407e-03 1.840708963572978973e-02 -3.858001204207539558e-03 -4.314238205552101135e-03 9.999832510948181152e-01 8.333989419043064117e-03 4.922463989257812500e+01
3.107954000000000000e+07 9.999956349416319057e-01 -2.951996461957068218e-03 1.257557424796427548e-04 3.952756229295552037e-01 2.951868230048945024e-03 9.999951352377143277e-01 1.007955746145089773e-03 2.163077415338159927e-03 -1.287306125261746339e-04 -1.007580131975689165e-03 9.999994841052166628e-01 6.780855438446627657e-03 9.999525547027587891e-01 -6.786412559449672699e-03 6.994837429374456406e-03 3.626241385936737061e-01 6.770878564566373825e-03 9.999746680259704590e-01 2.230560639873147011e-03 1.537691615521907806e-02 -7.009810302406549454e-03 -2.183084841817617416e-03 9.999730587005615234e-01 7.952283136546611786e-03 4.934368133544921875e+01
3.118327000000000000e+07 9.999791349907335425e-01 -6.458828413422805330e-03 1.145390907543696046e-04 3.610765611566391087e-01 6.458697275371534825e-03 9.999785257349266265e-01 1.110539965598224005e-03 5.109692125647892144e-03 -1.217094181109133061e-04 -1.109777020867185309e-03 9.999993767907039421e-01 5.660283615087625259e-03 9.999582767486572266e-01 -8.085398934781551361e-03 4.234407097101211548e-03 3.398701846599578857e-01 8.087259717285633087e-03 9.999671578407287598e-01 -4.190960025880485773e-04 9.712023660540580750e-03 -4.230871330946683884e-03 4.533196333795785904e-04 9.999909400939941406e-01 8.136648684740066528e-03 4.929862213134765625e+01
3.128714000000000000e+07 9.999634087119505521e-01 -8.506757598469812109e-03 -9.035031238842879727e-04 2.879787371401642537e-01 8.506506666997641630e-03 9.999637794787269440e-01 -2.812124559337658160e-04 5.828703019674646643e-03 9.058626045472912506e-04 2.735165112452351264e-04 9.999995523007636500e-01 4.513423856662403255e-03 9.999560713768005371e-01 -9.310888126492500305e-03 1.104844501242041588e-03 3.170673847198486328e-01 9.315095841884613037e-03 9.999493956565856934e-01 -3.809050656855106354e-03 5.510018207132816315e-03 -1.069326419383287430e-03 3.819176228716969490e-03 9.999921321868896484e-01 7.023880723863840103e-03 4.911727905273437500e+01
3.139090000000000000e+07 9.999564655328762042e-01 -9.302695644407443787e-03 -7.258746561456920834e-04 2.908894971502536952e-01 9.302774343433586890e-03 9.999567227339669628e-01 1.051186138820894411e-04 7.397519243365345207e-03 7.248653558183187039e-04 -1.118666856284775385e-04 9.999997310279979956e-01 4.462685522193118696e-03 9.999331235885620117e-01 -1.154760736972093582e-02 6.095515564084053040e-04 3.018086254596710205e-01 1.154974848031997681e-02 9.999269843101501465e-01 -3.543983446434140205e-03 5.324564408510923386e-03 -5.685795331373810768e-04 3.550788853317499161e-03 9.999935626983642578e-01 7.896712981164455414e-03 4.905689620971679688e+01
3.149466000000000000e+07 9.999105572947203369e-01 -1.337164824282851237e-02 -2.764744541978787665e-04 2.816827640727880278e-01 1.337184027555521175e-02 9.999103445526714706e-01 7.048038770587925026e-04 1.136657639160369368e-02 2.670252774595169494e-04 -7.084378096479523271e-04 9.999997134066513915e-01 4.410224457590810644e-03 9.998981952667236328e-01 -1.422896515578031540e-02 1.052049337886273861e-03 2.843977808952331543e-01 1.423155795782804489e-02 9.998953342437744141e-01 -2.575741149485111237e-03 9.204260073602199554e-03 -1.015298534184694290e-03 2.590451622381806374e-03 9.999961256980895996e-01 7.735660299658775330e-03 4.910614395141601562e+01
3.159839000000000000e+07 9.998627558151889083e-01 -1.655749268144386666e-02 -5.647821638509607951e-04 2.606792908980765655e-01 1.655779864892922143e-02 9.998627636610302183e-01 5.414398955684426515e-04 1.383594199531744395e-02 5.557397684070189761e-04 -5.507171351322314064e-04 9.999996939319367728e-01 4.389075016200772589e-03 9.998638629913330078e-01 -1.648360118269920349e-02 8.392524323426187038e-04 2.693833410739898682e-01 1.648367568850517273e-02 9.998641610145568848e-01 2.382059278716042172e-07 1.642150618135929108e-02 -8.391370065510272980e-04 1.359433736070059240e-05 9.999997019767761230e-01 8.788632228970527649e-03 4.909180831909179688e+01
3.170215000000000000e+07 9.998261201600587844e-01 -1.864732537406189883e-02 -8.181187783324956524e-05 2.413800165742092385e-01 1.864738723394589182e-02 9.998257737165117121e-01 8.349566540022690950e-04 1.546975589464806566e-02 6.622791525484455751e-05 -8.363370496745104214e-04 9.999996480770303453e-01 4.443213709632368169e-03 9.998213648796081543e-01 -1.889787986874580383e-02 -3.971816622652113438e-04 2.521688044071197510e-01 1.889873296022415161e-02 9.998186826705932617e-01 2.316635567694902420e-03 2.244474552571773529e-02 3.533335111569613218e-04 -2.323735505342483521e-03 9.999971985816955566e-01 7.970497943460941315e-03 4.913030242919921875e+01
3.180577000000000000e+07 9.998091125977525140e-01 -1.952316214413430187e-02 -7.645358583370558342e-04 2.377696134359710278e-01 1.952369369138063845e-02 9.998091536156534787e-01 6.940746962301225275e-04 1.561701218505942047e-02 7.508394169099111065e-04 -7.088687696918946146e-04 9.999994668724887514e-01 3.877196719921859394e-03 9.997676014900207520e-01 -2.145560272037982941e-02 -2.094397321343421936e-03 2.411824911832809448e-01 2.145661972463130951e-02 9.997696280479431152e-01 4.717859847005456686e-04 1.865927688777446747e-02 2.083782572299242020e-03 -5.166099290363490582e-04 9.999977350234985352e-01 1.106493826955556870e-02 4.932604980468750000e+01
3.190952000000000000e+07 9.997834449386983069e-01 -2.081010723871926094e-02 5.167029515804337676e-05 1.844743047337020492e-01 2.081005033701807672e-02 9.997830163914448454e-01 9.284109032517999169e-04 1.625621130067504000e-02 -7.097941371507379520e-05 -9.271345897480078382e-04 9.999995676916008103e-01 4.416712968087062492e-03 9.997382760047912598e-01 -2.221343480050563812e-02 -5.478897131979465485e-03 2.258725166320800781e-01 2.222027815878391266e-02 9.997525215148925781e-01 1.183456392027437687e-03 2.016236446797847748e-02 5.451272241771221161e-03 -1.304885954596102238e-03 9.999842643737792969e-01 7.871790789067745209e-03 4.935340881347656250e+01
3.201315000000000000e+07 9.997884082693370145e-01 -2.054512409989039598e-02 -1.018132510315134919e-03 1.812826334014539242e-01 2.054527796004213328e-02 9.997889135867643606e-01 1.408910879551941026e-04 1.313413631443917200e-02 1.015022971693168175e-03 -1.617790906173182525e-04 9.999994717778416531e-01 4.082284886576737631e-03 9.997417926788330078e-01 -2.203805930912494659e-02 -5.524114239960908890e-03 2.127234339714050293e-01 2.203742973506450653e-02 9.997571110725402832e-01 -1.597856025910004973e-04 1.891412958502769470e-02 5.526287015527486801e-03 3.800838021561503410e-05 9.999846816062927246e-01 3.672138554975390434e-03 4.926723098754882812e+01
3.211690000000000000e+07 9.997935903666327340e-01 -2.031365573500327343e-02 3.633655068119006487e-04 2.239000746180712098e-01 2.031321694869363953e-02 9.997929771681511868e-01 1.173032139690952233e-03 1.721664040557029790e-02 -3.871188539423583291e-04 -1.165408891853394894e-03 9.999992459802367062e-01 4.178946972288667336e-03 9.997499585151672363e-01 -2.185290865600109100e-02 -4.733111243695020676e-03 2.111365646123886108e-01 2.187104336917400360e-02 9.997535943984985352e-01 3.804353997111320496e-03 2.582873590290546417e-02 4.648808389902114868e-03 -3.906929399818181992e-03 9.999815821647644043e-01 3.703519178088754416e-04 4.926454544067382812e+01
3.222065000000000000e+07 9.997833627231794695e-01 -2.077594973585224908e-02 1.259969716359676762e-03 1.833863776727079342e-01 2.077416254933627665e-02 9.997831920200621614e-01 1.415314001271811848e-03 1.813943598830190101e-02 -1.289101038148945553e-03 -1.388832575144614443e-03 9.999982046796394020e-01 5.502916839971761474e-03 9.997605681419372559e-01 -2.173017896711826324e-02 -2.592302393168210983e-03 2.129250764846801758e-01 2.174885943531990051e-02 9.997360706329345703e-01 7.395315915346145630e-03 3.442767262458801270e-02 2.430921420454978943e-03 -7.449919823557138443e-03 9.999692440032958984e-01 -9.419968118891119957e-04 4.932672119140625000e+01
3.232440000000000000e+07 9.997903238264841397e-01 -2.046556694420913550e-02 6.847926494529806918e-04 1.520796470451350468e-01 2.046469193659401428e-02 9.997897806889163297e-01 1.261270115965569929e-03 1.689408982484226496e-02 -7.104613015178551849e-04 -1.246991586666963301e-03 9.999989701278020338e-01 4.731517115477928623e-03 9.997298717498779297e-01 -2.323513664305210114e-02 -5.261557525955140591e-04 2.104529142379760742e-01 2.323698624968528748e-02 9.997227787971496582e-01 3.797697136178612709e-03 2.774482406675815582e-02 4.377610166557133198e-04 -3.808903973549604416e-03 9.999926686286926270e-01 1.512806396931409836e-03 4.915036773681640625e+01
3.242817000000000000e+07 9.997824756473527863e-01 -2.081442101302272835e-02 1.327114619480802274e-03 1.531529909453817895e-01 2.081257460004762305e-02 9.997824282820193531e-01 1.390253174543888822e-03 1.784832447577229531e-02 -1.355763193944373212e-03 -1.362330086474929135e-03 9.999981529796023727e-01 6.316814732985451437e-03 9.996896386146545410e-01 -2.490470185875892639e-02 6.935190758667886257e-04 2.178751528263092041e-01 2.490669302642345428e-02 9.996849894523620605e-01 -3.097638720646500587e-03 1.957614161074161530e-02 -6.161459605209529400e-04 3.113958751782774925e-03 9.999949336051940918e-01 -2.396734198555350304e-03 4.937968063354492188e+01
3.253177000000000000e+07 9.997037470443947971e-01 -2.428066452899931005e-02 1.693377380325614134e-03 1.539577449700910705e-01 2.427827046195278615e-02 9.997042304584913275e-01 1.420295114796882308e-03 2.086293735419920276e-02 -1.727362237133420186e-03 -1.378762077749368098e-03 9.999975576146471479e-01 8.022371027669315119e-03 9.996591210365295410e-01 -2.609384991228580475e-02 8.459720411337912083e-04 2.168888598680496216e-01 2.609604224562644958e-02 9.996557831764221191e-01 -2.688952488824725151e-03 1.848796755075454712e-02 -7.755241240374743938e-04 2.710112836211919785e-03 9.999960064888000488e-01 -1.379680004902184010e-03 4.899011230468750000e+01
3.263553000000000000e+07 9.996759614434704844e-01 -2.539799188839801311e-02 1.707084824815625511e-03 1.508349008636949151e-01 2.539558958087214172e-02 9.996764792782149023e-01 1.414505642414926306e-03 2.179383910474383401e-02 -1.742458149323921181e-03 -1.370694863707497008e-03 9.999975425146446772e-01 8.883711840800974716e-03 9.996055364608764648e-01 -2.802528627216815948e-02 1.849903143011033535e-03 2.101454585790634155e-01 2.802572026848793030e-02 9.996072053909301758e-01 -2.379443612881004810e-04 2.600453235208988190e-02 -1.842501573264598846e-03 2.896980440709739923e-04 9.999982714653015137e-01 -1.002478180453181267e-03 4.913715362548828125e+01
3.273927000000000000e+07 9.995979321867904943e-01 -2.826083599373810373e-02 2.301975844103307592e-03 1.958789576776248653e-01 2.825650087824942147e-02 9.995989101339433081e-01 1.894463820694616092e-03 2.639683962378469237e-02 -2.354591677826075279e-03 -1.828656333341003573e-03 9.999955559470149469e-01 7.779111960073042779e-03 9.995566606521606445e-01 -2.966509386897087097e-02 2.531880978494882584e-03 2.154033780097961426e-01 2.965463139116764069e-02 9.995518326759338379e-01 4.089280497282743454e-03 3.298579901456832886e-02 -2.652062335982918739e-03 -4.012390505522489548e-03 9.999883770942687988e-01 -9.736196952871978283e-04 4.901647949218750000e+01
3.284290000000000000e+07 9.995743583493695850e-01 -2.908101206963461041e-02 2.323118906498966921e-03 2.099330671998486386e-01 2.907648557248913510e-02 9.995752698869334596e-01 1.959038332638603913e-03 2.760792300893813445e-02 -2.379103024418660270e-03 -1.890656352085798991e-03 9.999953826330946205e-01 7.761224896822745134e-03 9.995520114898681641e-01 -2.978844568133354187e-02 2.875227946788072586e-03 2.095212191343307495e-01 2.978109754621982574e-02 9.995532035827636719e-01 2.546080620959401131e-03 3.079919330775737762e-02 -2.949794288724660873e-03 -2.459318842738866806e-03 9.999926686286926270e-01 1.092855352908372879e-03 4.901305770874023438e+01
3.294665000000000000e+07 9.995584505482563165e-01 -2.962196205178152519e-02 2.333093634626574008e-03 2.101692884150176688e-01 2.961730939457346556e-02 9.995593021237270115e-01 2.004132291933960128e-03 2.824867005886596769e-02 -2.391431774320614857e-03 -1.934147414308759819e-03 9.999952700528673688e-01 7.901048764675466102e-03 9.995369315147399902e-01 -3.037205524742603302e-02 1.891179243102669716e-03 2.137932479381561279e-01 3.036783635616302490e-02 9.995362758636474609e-01 2.266440307721495628e-03 2.774689532816410065e-02 -1.959131797775626183e-03 -2.207951620221138000e-03 9.999956488609313965e-01 3.851463086903095245e-03 4.908063888549804688e+01
3.305040000000000000e+07 9.995728515381961943e-01 -2.913428718334192327e-02 2.303862186975131829e-03 2.093519832742310738e-01 2.912977740883727559e-02 9.995737018368583415e-01 1.967401109119425433e-03 2.767357552567180357e-02 -2.360198883486082019e-03 -1.899449744302079491e-03 9.999954107654344115e-01 7.716838403589177872e-03 9.995443820953369141e-01 -3.016225062310695648e-02 1.148169976659119129e-03 2.125367522239685059e-01 3.015802986919879913e-02 9.995390176773071289e-01 3.497659461572766304e-03 3.232723474502563477e-02 -1.253135851584374905e-03 -3.461438231170177460e-03 9.999932646751403809e-01 4.399034660309553146e-03 4.905334472656250000e+01
3.315402000000000000e+07 9.995599839257889307e-01 -2.957410773921919159e-02 2.282699049857207351e-03 1.891130722341120840e-01 2.956955961132587060e-02 9.995607218670127248e-01 2.001118258945338343e-03 2.769062785463831736e-02 -2.340877595135904422e-03 -1.932739331388007905e-03 9.999953923949188583e-01 7.982798978888589261e-03 9.995391964912414551e-01 -3.028434701263904572e-02 2.044351771473884583e-03 2.058326005935668945e-01 3.027384914457798004e-02 9.995290637016296387e-01 4.996748175472021103e-03 3.619621694087982178e-02 -2.194715896621346474e-03 -4.932560026645660400e-03 9.999853968620300293e-01 5.236481782048940659e-03 4.901264190673828125e+01
3.325777000000000000e+07 9.995457750341721903e-01 -3.013540819846043106e-02 3.174946750581906954e-04 1.771437188906013482e-01 3.013497894533039012e-02 9.995450192719931293e-01 1.279652830724802145e-03 2.444518565049442690e-02 -3.559130807100781258e-04 -1.269503885323619704e-03 9.999991308425223435e-01 5.780215707887402347e-03 9.995086193084716797e-01 -3.128351271152496338e-02 1.952922786585986614e-03 2.126749306917190552e-01 3.127695992588996887e-02 9.995053410530090332e-01 3.296772250905632973e-03 3.332459926605224609e-02 -2.055092947557568550e-03 -3.234070492908358574e-03 9.999926090240478516e-01 7.076696492731571198e-03 4.910800170898437500e+01
3.336165000000000000e+07 9.994840676938322455e-01 -3.209368135172987330e-02 1.262581564416506187e-03 1.793849411963339691e-01 3.209124578333930750e-02 9.994831294513770725e-01 1.904194055840297342e-03 2.883236593261931033e-02 -1.323041566423980263e-03 -1.862693808068393783e-03 9.999973899631631191e-01 6.702110371076375195e-03 9.994599223136901855e-01 -3.285619616508483887e-02 -5.124507588334381580e-04 2.160972654819488525e-01 3.285617753863334656e-02 9.994601607322692871e-01 -9.443056478630751371e-05 2.652741223573684692e-02 5.152766825631260872e-04 7.754063699394464493e-05 9.999998807907104492e-01 9.169036522507667542e-03 4.903510284423828125e+01
3.346527000000000000e+07 9.993957122858732056e-01 -3.475034539007192114e-02 -7.898027653759106918e-04 1.630381385889383139e-01 3.475157247269768102e-02 9.993947057147913871e-01 1.597006103052685949e-03 2.791362542789975129e-02 7.338281899255919179e-04 -1.623487939300286703e-03 9.999984128903273151e-01 4.570356480062660876e-03 9.993817806243896484e-01 -3.498058766126632690e-02 -3.548583947122097015e-03 2.180703133344650269e-01 3.498215228319168091e-02 9.993878006935119629e-01 4.016951133962720633e-04 3.209854289889335632e-02 3.532357979565858841e-03 -5.255894502624869347e-04 9.999936819076538086e-01 7.674017921090126038e-03 4.907167816162109375e+01
3.356902000000000000e+07 9.991950587999597344e-01 -4.001415201019093565e-02 -2.846410140579474449e-03 2.182594877297141245e-01 4.001500670672403920e-02 9.991990490767956867e-01 2.439356746589744942e-04 2.958274432996787009e-02 2.834369426149534275e-03 -3.576384457433968577e-04 9.999959192138757613e-01 4.965939676405219105e-03 9.993055462837219238e-01 -3.691905736923217773e-02 -5.028501152992248535e-03 2.470144182443618774e-01 3.692083805799484253e-02 9.993181824684143066e-01 2.464282442815601826e-04 3.336498141288757324e-02 5.015986040234565735e-03 -4.319055879022926092e-04 9.999872446060180664e-01 3.001148812472820282e-03 4.929321670532226562e+01
3.367279000000000000e+07 9.992262226989128138e-01 -3.926184246222758079e-02 -2.337420616204137404e-03 2.001138452413268876e-01 3.926404487994633596e-02 9.992284611929516114e-01 9.039134995456870464e-04 3.041745927918289641e-02 2.300127894572885721e-03 -9.949906634359757113e-04 9.999968596975671309e-01 4.403921376050123210e-03 9.991610050201416016e-01 -4.084931686520576477e-02 -2.943325787782669067e-03 2.534776329994201660e-01 4.084999859333038330e-02 9.991653561592102051e-01 1.693345257081091404e-04 4.131999239325523376e-02 2.933942014351487160e-03 -2.894288918469101191e-04 9.999957084655761719e-01 1.636611996218562126e-03 4.928307342529296875e+01
3.377642000000000000e+07 9.989829330375222805e-01 -4.506535643579547001e-02 -1.487690323053309643e-03 2.409474098055713609e-01 4.506733664168048603e-02 9.989830720811937459e-01 1.325494877089911094e-03 3.830859678831510795e-02 1.426443552350425276e-03 -1.391192998277362980e-03 9.999980149185181411e-01 6.074077020998956689e-03 9.990710020065307617e-01 -4.307336360216140747e-02 -1.345641096122562885e-03 2.849788665771484375e-01 4.307336360216140747e-02 9.990718364715576172e-01 -8.087320679805998225e-07 3.588322922587394714e-02 1.344422926194965839e-03 -5.715771112591028214e-05 9.999991059303283691e-01 2.296459861099720001e-04 4.929683303833007812e+01
3.388004000000000000e+07 9.989019229133109246e-01 -4.676961087161746189e-02 -2.748077154653258327e-03 2.686348086908639243e-01 4.676789397353388333e-02 9.989055480062525305e-01 -6.857729605215913751e-04 3.573693973050533212e-02 2.777142850257900784e-03 5.564981496565086453e-04 9.999959888857078427e-01 6.233188040621074830e-03 9.989996552467346191e-01 -4.467158392071723938e-02 -2.000803360715508461e-03 2.993869781494140625e-01 4.467177018523216248e-02 9.990017414093017578e-01 2.595105797809083015e-05 3.497284278273582458e-02 1.997655257582664490e-03 -1.153049015556462109e-04 9.999979734420776367e-01 1.871092943474650383e-03 4.923702239990234375e+01
3.398365000000000000e+07 9.986179197649502903e-01 -5.247927670852286369e-02 -2.859342026956630031e-03 3.469054439257264755e-01 5.247127563274848333e-02 9.986184945890665965e-01 -2.804905433973356281e-03 3.798565371764019843e-02 3.002591239074382020e-03 2.650995505784096637e-03 9.999919783021552488e-01 7.445864548002785466e-03 9.988561868667602539e-01 -4.771292209625244141e-02 -3.161586821079254150e-03 2.997431457042694092e-01 4.771080613136291504e-02 9.988609552383422852e-01 -7.254554075188934803e-04 4.566601663827896118e-02 3.192600561305880547e-03 5.737872561439871788e-04 9.999946951866149902e-01 -1.365551608614623547e-03 4.963577651977539062e+01
3.408740000000000000e+07 9.987842040234766738e-01 -4.929310836997515682e-02 -5.505692239865552081e-04 2.980775387181116010e-01 4.929353343995936804e-02 9.987840245877772638e-01 7.871818600071928173e-04 4.240424865296211349e-02 5.110971024409048961e-04 -8.133643113648719421e-04 9.999995386089925997e-01 6.735425974360425422e-03 9.987721443176269531e-01 -4.948719963431358337e-02 -2.268645912408828735e-03 3.296648859977722168e-01 4.948652163147926331e-02 9.987747073173522949e-01 -3.761307743843644857e-04 3.856332972645759583e-02 2.284475602209568024e-03 2.633973781485110521e-04 9.999973773956298828e-01 -1.553542912006378174e-03 4.913836669921875000e+01
3.419102000000000000e+07 9.985921144480229827e-01 -5.301141339354614040e-02 -1.891859614950683983e-03 4.012338062861436905e-01 5.300744476149227974e-02 9.985919308272737105e-01 -2.089642813531552949e-03 3.885794407200986178e-02 1.999970660151932471e-03 1.986418195989166947e-03 9.999960271223328201e-01 5.995220548740783605e-03 9.987437725067138672e-01 -5.010534450411796570e-02 -7.096471963450312614e-04 3.461073338985443115e-01 5.010541528463363647e-02 9.987439513206481934e-01 5.294139918987639248e-05 4.112467542290687561e-02 7.061042124405503273e-04 -8.842795068630948663e-05 9.999998211860656738e-01 -1.347259967587888241e-03 4.928777694702148438e+01
3.429477000000000000e+07 9.985742079604449373e-01 -5.338041210624042132e-02 -2.879094460000222169e-04 4.008602010862989951e-01 5.338040928455403678e-02 9.985742494633621513e-01 -1.748155967597355255e-05 4.353290049828893032e-02 2.884321317957275763e-04 2.087911041299538462e-06 9.999999584012734255e-01 5.641213026043499779e-03 9.986731410026550293e-01 -5.148870870471000671e-02 8.715522708371281624e-04 3.375479280948638916e-01 5.148885026574134827e-02 9.986735582351684570e-01 -2.093276270898059011e-04 5.230108276009559631e-02 -8.596151019446551800e-04 2.539204142522066832e-04 9.999995231628417969e-01 1.932123792357742786e-03 4.926940917968750000e+01
3.439842000000000000e+07 9.983858517050288039e-01 -5.679461664919849967e-02 -2.503339522085504427e-04 4.324563653952891995e-01 5.679448919277595847e-02 9.983857701801915896e-01 -4.898277572396700277e-04 4.479748594607799173e-02 2.777494351011602740e-04 4.748195138068614461e-04 9.999998487008303627e-01 4.987310561554871187e-03 9.985842704772949219e-01 -5.315107852220535278e-02 2.102802973240613937e-03 3.710787892341613770e-01 5.315612256526947021e-02 9.985832571983337402e-01 -2.419526455923914909e-03 3.466597944498062134e-02 -1.971234800294041634e-03 2.527884207665920258e-03 9.999948740005493164e-01 4.878778941929340363e-03 4.937763214111328125e+01
3.450214000000000000e+07 9.983481117823860274e-01 -5.745300084604924168e-02 -4.477251295925533227e-04 4.166705705528111481e-01 5.745257319376095156e-02 9.983478168063814051e-01 -9.157373106670518891e-04 4.432304088297775446e-02 4.995972611461619401e-04 8.885016547377089105e-04 9.999994804835681261e-01 4.832186126073063914e-03 9.985651373863220215e-01 -5.352114140987396240e-02 1.784293330274522305e-03 3.635956645011901855e-01 5.352615565061569214e-02 9.985622167587280273e-01 -2.890462754294276237e-03 4.901021346449851990e-02 -1.627017045393586159e-03 2.981823403388261795e-03 9.999942183494567871e-01 7.528883405029773712e-03 4.924393463134765625e+01
3.460590000000000000e+07 9.983423548740273379e-01 -5.754787760548732423e-02 -8.855233346619111783e-04 4.431023067610670441e-01 5.754627670377623905e-02 9.983413269459169292e-01 -1.738060191560615499e-03 4.215398708065012240e-02 9.840762189998635608e-04 1.684220532150527798e-03 9.999980974957322077e-01 4.267929822858311170e-03 9.985601305961608887e-01 -5.362762138247489929e-02 1.291759661398828030e-03 3.944452106952667236e-01 5.363120883703231812e-02 9.985564947128295898e-01 -2.936016302555799484e-03 3.454047068953514099e-02 -1.132447272539138794e-03 3.001068020239472389e-03 9.999948740005493164e-01 7.126032374799251556e-03 4.940598297119140625e+01
3.470966000000000000e+07 9.983341663838661839e-01 -5.769424848903651620e-02 5.157126443599144771e-04 4.879920605503040298e-01 5.769411988160292465e-02 9.983342729311966979e-01 2.608824237410515114e-04 4.768751441642761491e-02 -5.299050230699828843e-04 -2.306942502423976965e-04 9.999998329904026262e-01 4.300802667749710831e-03 9.985834956169128418e-01 -5.319477245211601257e-02 1.204617321491241455e-03 4.070168137550354004e-01 5.319726467132568359e-02 9.985817670822143555e-01 -2.133316127583384514e-03 3.513799980282783508e-02 -1.089424942620098591e-03 2.194371307268738747e-03 9.999970197677612305e-01 7.581528741866350174e-03 4.925120162963867188e+01
3.481340000000000000e+07 9.984219762078377913e-01 -5.615120998267982694e-02 -7.739884052729117773e-04 4.526117139037595383e-01 5.615024001760030720e-02 9.984215821567742344e-01 -1.222638486316018772e-03 4.262169071835005679e-02 8.414193582139792467e-04 1.177249499189023238e-03 9.999989530479971300e-01 4.296637438840248714e-03 9.986346960067749023e-01 -5.222468078136444092e-02 1.085045863874256611e-03 4.034793078899383545e-01 5.222592130303382874e-02 9.986346960067749023e-01 -1.084347954019904137e-03 5.040322616696357727e-02 -1.026931800879538059e-03 1.139540341682732105e-03 9.999988079071044922e-01 8.763093501329421997e-03 4.938848114013671875e+01
3.491715000000000000e+07 9.985303352158204637e-01 -5.418929353760774253e-02 -8.308118959663221689e-04 5.013045670663711650e-01 5.418817247947501498e-02 9.985298728827589620e-01 -1.317214047475066992e-03 4.120561125205447761e-02 9.009693924666165510e-04 1.270258008116122595e-03 9.999987873486911871e-01 3.535192062142796486e-03 9.987081289291381836e-01 -5.081215500831604004e-02 5.520044360309839249e-04 4.346928000450134277e-01 5.081314221024513245e-02 9.987059831619262695e-01 -2.087521832436323166e-03 3.193511068820953369e-02 -4.452266730368137360e-04 2.112874761223793030e-03 9.999976754188537598e-01 6.092195399105548859e-03 4.926399993896484375e+01
3.502102000000000000e+07 9.983930565308122285e-01 -5.666097039275411890e-02 -9.158785312810307404e-04 4.936317791426445001e-01 5.665949981328691903e-02 9.983923429989725040e-01 -1.558925937859753034e-03 4.273802137704990622e-02 1.002736376501406823e-03 1.504527607933545813e-03 9.999983654567440317e-01 3.575539592419213486e-03 9.987300038337707520e-01 -5.038200691342353821e-02 2.489559701643884182e-04 4.498029649257659912e-01 5.038257688283920288e-02 9.987226128578186035e-01 -3.833289491012692451e-03 2.817063406109809875e-02 -5.550095374928787351e-05 3.840961260721087456e-03 9.999926090240478516e-01 6.662327330559492111e-03 4.924969482421875000e+01
3.512477000000000000e+07 9.986614079115988529e-01 -5.171999647039315917e-02 6.589600419104764926e-04 4.521612013311727130e-01 5.171912462165523250e-02 9.986608530552690821e-01 1.277747419446370949e-03 4.536402496494459924e-02 -7.241626916724987727e-04 -1.241956199197926172e-03 9.999989665660309335e-01 6.353535061031461567e-03 9.987734556198120117e-01 -4.951306059956550598e-02 4.814966086996719241e-05 4.619629681110382080e-01 4.951292648911476135e-02 9.987664222717285156e-01 -3.752637421712279320e-03 4.472926259040832520e-02 1.377032167511060834e-04 3.750416217371821404e-03 9.999930262565612793e-01 5.745998583734035492e-03 4.940560150146484375e+01
3.522867000000000000e+07 9.988078897324735861e-01 -4.881353692570476049e-02 1.951551876007418234e-04 4.691847313737378400e-01 4.881329966446499441e-02 9.988073399583233813e-01 1.076794249940529269e-03 4.268305880455477985e-02 -2.474845682699737385e-04 -1.065984424098538478e-03 9.999994012141349975e-01 5.601929955963416349e-03 9.988508224487304688e-01 -4.792507737874984741e-02 3.179605409968644381e-04 4.881490767002105713e-01 4.792583361268043518e-02 9.988444447517395020e-01 -3.594919573515653610e-03 2.938918583095073700e-02 -1.453046425012871623e-04 3.606029320508241653e-03 9.999934434890747070e-01 4.861609078943729401e-03 4.939404678344726562e+01
3.533252000000000000e+07 9.988691292663041121e-01 -4.754420206651539804e-02 -1.075471525759206398e-04 4.838975197807083295e-01 4.754426628772145946e-02 9.988688829514263956e-01 7.053597052088880510e-04 4.084903846945291128e-02 7.388974155643913532e-05 -7.096752847974066841e-04 9.999997454506289740e-01 5.541060668549801019e-03 9.989255666732788086e-01 -4.634197801351547241e-02 2.400448574917390943e-04 4.984850883483886719e-01 4.634258896112442017e-02 9.989221692085266113e-01 -2.634358592331409454e-03 4.266732558608055115e-02 -1.177016165456734598e-04 2.642656443640589714e-03 9.999964833259582520e-01 4.768392536789178848e-03 4.938991928100585938e+01
3.543640000000000000e+07 9.990689212673955488e-01 -4.313747666025742611e-02 6.698431507492601245e-04 5.266237000731059936e-01 4.313634281117222080e-02 9.990678752363980619e-01 1.623768577187049283e-03 3.860009552848463199e-02 -7.392640515340685725e-04 -1.593362137423625507e-03 9.999984573417112221e-01 6.231459734806975639e-03 9.990379810333251953e-01 -4.385342821478843689e-02 2.855329512385651469e-05 5.235806703567504883e-01 4.385330528020858765e-02 9.990367889404296875e-01 -1.534800860099494457e-03 3.022639080882072449e-02 3.877952622133307159e-05 1.534575596451759338e-03 9.999987483024597168e-01 3.732118755578994751e-03 4.950153732299804688e+01
3.554042000000000000e+07 9.993259872891935292e-01 -3.670914049419059244e-02 -1.007807308976779866e-04 5.516902706403724599e-01 3.670918090155710078e-02 9.993258968049935076e-01 4.336317962303972849e-04 3.141851413426710593e-02 8.479454404020710535e-05 -4.370391009089282549e-04 9.999999009033516684e-01 6.759003836248371304e-03 9.992263913154602051e-01 -3.932617604732513428e-02 3.381605201866477728e-04 5.469189286231994629e-01 3.932630270719528198e-02 9.992263913154602051e-01 -3.768457099795341492e-05 3.239833936095237732e-02 -3.364205185789614916e-04 5.095092274132184684e-05 1.000000000000000000e+00 1.763493404723703861e-03 4.962502288818359375e+01
3.564440000000000000e+07 9.994848153732831531e-01 -3.209102447685088788e-02 -5.196075568418671593e-04 5.917990585627874722e-01 3.209093127351556052e-02 9.994849359884808715e-01 -1.867293554758799132e-04 2.671471446049987486e-02 5.253322619743854265e-04 1.699584650804058291e-04 9.999998475700565548e-01 6.588063661557060774e-03 9.994245171546936035e-01 -3.392139449715614319e-02 4.413345595821738243e-05 5.607778429985046387e-01 3.392126038670539856e-02 9.994241595268249512e-01 9.071649401448667049e-04 3.781182691454887390e-02 -7.488083065254613757e-05 -9.051412926055490971e-04 9.999995231628417969e-01 1.607589190825819969e-03 4.961321640014648438e+01
3.574865000000000000e+07 9.996176312206079828e-01 -2.764324416842161430e-02 -6.651521093055737244e-04 5.754011135450409764e-01 2.764295095858688295e-02 9.996177611107204264e-01 -4.460458127498036045e-04 2.253744425434575649e-02 6.772280152576512502e-04 4.274884921672971079e-04 9.999996793078602675e-01 5.804547526899839910e-03 9.996170401573181152e-01 -2.766955271363258362e-02 -3.535943105816841125e-04 5.851771831512451172e-01 2.767024561762809753e-02 9.996146559715270996e-01 2.173513406887650490e-03 2.861259132623672485e-02 2.933205687440931797e-04 -2.182462951168417931e-03 9.999975562095642090e-01 1.590464031323790550e-03 4.955964660644531250e+01
3.585277000000000000e+07 9.996841315947080364e-01 -2.512549015956784190e-02 -5.888961542452682447e-04 5.879754458242464343e-01 2.512525765527051994e-02 9.996842312896995209e-01 -3.989425750854083338e-04 2.043803973903079996e-02 5.987338267505516471e-04 3.840203945173795933e-04 9.999997470230453933e-01 5.794762631895399897e-03 9.997540116310119629e-01 -2.214765362441539764e-02 -1.156419049948453903e-03 5.977600216865539551e-01 2.214995026588439941e-02 9.997526407241821289e-01 2.011698437854647636e-03 2.700353227555751801e-02 1.111579942516982555e-03 -2.036816207692027092e-03 9.999973773956298828e-01 7.018877193331718445e-03 4.953955078125000000e+01
3.595705000000000000e+07 9.998374228642641359e-01 -1.803129964707241364e-02 -8.391730831339884867e-06 6.170554025047897406e-01 1.803130032821507675e-02 9.998374188577643373e-01 8.976388014558388424e-05 1.526749381172493036e-02 6.771807060001721061e-06 -8.990060041111250060e-05 9.999999959360122981e-01 6.623769227508169259e-03 9.998514056205749512e-01 -1.723631285130977631e-02 3.179054474458098412e-04 6.211711168289184570e-01 1.723585464060306549e-02 9.998500347137451172e-01 1.679557957686483860e-03 1.937538571655750275e-02 -3.468109352979809046e-04 -1.673829159699380398e-03 9.999985098838806152e-01 5.232886876910924911e-03 4.949811172485351562e+01
3.606129000000000000e+07 9.998870925885583461e-01 -1.502472016208472941e-02 -2.446979475291436259e-04 6.282856454850281880e-01 1.502466563826426391e-02 9.998870984477691293e-01 -2.231555363648162231e-04 1.246279905015028680e-02 2.480231699690253386e-04 2.194538359057783940e-04 9.999999451622634261e-01 6.490312239691297010e-03 9.999006390571594238e-01 -1.408019103109836578e-02 6.587100215256214142e-04 6.390427350997924805e-01 1.408048346638679504e-02 9.999008178710937500e-01 -4.982586833648383617e-04 1.286281459033489227e-02 -6.516270223073661327e-04 5.074841319583356380e-04 9.999996423721313477e-01 5.923861637711524963e-03 4.959238433837890625e+01
3.616567000000000000e+07 9.999222900996092012e-01 -1.246285641079867765e-02 3.016323400731097835e-04 6.388922582133980121e-01 1.246279046096809145e-02 9.999223123145049019e-01 2.195440015750753403e-04 1.092366843047956962e-02 -3.043450521471274643e-04 -2.157677604257389611e-04 9.999999304091834462e-01 6.747295671833289897e-03 9.999234676361083984e-01 -1.234735082834959030e-02 7.327611092478036880e-04 6.591557264328002930e-01 1.234795991331338882e-02 9.999234676361083984e-01 -8.013878832571208477e-04 8.111803792417049408e-03 -7.228138274513185024e-04 8.103657164610922337e-04 9.999994039535522461e-01 5.728916265070438385e-03 4.955427169799804688e+01
3.626990000000000000e+07 9.999391975765478113e-01 -1.102600701429173533e-02 1.682922874587198126e-04 6.309224354651775668e-01 1.102595704003623070e-02 9.999391687616951963e-01 2.950432617401320509e-04 1.001891262170490071e-02 -1.715351990238453677e-04 -2.931697389093802677e-04 9.999999423135895738e-01 6.718705657126270228e-03 9.999486804008483887e-01 -1.008795853704214096e-02 9.938877774402499199e-04 6.762739419937133789e-01 1.008886191993951797e-02 9.999486207962036133e-01 -9.595048031769692898e-04 7.411981932818889618e-03 -9.841520804911851883e-04 9.694852633401751518e-04 9.999989867210388184e-01 6.368640344589948654e-03 4.955027389526367188e+01
3.637417000000000000e+07 9.999768546105168854e-01 -6.625560067169138263e-03 1.546673139494572722e-03 6.669865643024563973e-01 6.623402616610647546e-03 9.999770907706426737e-01 1.395876928512683295e-03 8.251714613593068987e-03 -1.555886172692444360e-03 -1.385600381644165775e-03 9.999978296625798846e-01 8.488145185805880122e-03 9.999670982360839844e-01 -8.089544251561164856e-03 6.679728394374251366e-04 6.913319826126098633e-01 8.088961243629455566e-03 9.999668598175048828e-01 8.290336118079721928e-04 1.027365401387214661e-02 -6.746615981683135033e-04 -8.235978311859071255e-04 9.999994635581970215e-01 6.117920391261577606e-03 4.957942581176757812e+01
3.647842000000000000e+07 9.999880832194868452e-01 -4.860913439971652553e-03 -4.527025089372942483e-04 7.122592575947205296e-01 4.860960716911317744e-03 9.999881801157562977e-01 1.033910150807705488e-04 5.100470913461800301e-03 4.521945832716007781e-04 -1.055903521036672646e-04 9.999998921853624489e-01 7.696758020964103442e-03 9.999738931655883789e-01 -7.206383161246776581e-03 3.310901229269802570e-04 7.069958448410034180e-01 7.206180598586797714e-03 9.999738931655883789e-01 6.772121414542198181e-04 8.212563581764698029e-03 -3.359602123964577913e-04 -6.748095620423555374e-04 9.999997019767761230e-01 5.377662368118762970e-03 4.963568115234375000e+01
3.658267000000000000e+07 9.999877296342760680e-01 -4.915075916871526271e-03 -6.185532383754706060e-04 6.687251586295656081e-01 4.915134120496071277e-03 9.999879163660995163e-01 9.261143931559237953e-05 5.258442313138085231e-03 6.180905717211406577e-04 -9.565057525347538223e-05 9.999998044074751569e-01 7.612312120216178576e-03 9.999830722808837891e-01 -5.822970997542142868e-03 3.041913441848009825e-04 7.225402593612670898e-01 5.823017098009586334e-03 9.999830126762390137e-01 -2.044869906967505813e-04 5.601954646408557892e-03 -3.029980289284139872e-04 2.062532294075936079e-04 9.999999403953552246e-01 5.977916531264781952e-03 4.954425430297851562e+01
3.668690000000000000e+07 9.999929541936457555e-01 -3.690587530472918144e-03 -6.863868202514933391e-04 7.415163619265688899e-01 3.690519942006457391e-03 9.999931850370290531e-01 -9.971044973985846544e-05 3.485153961069352088e-03 6.867501326900529246e-04 9.717662297319963041e-05 9.999997594654527200e-01 7.909404506950906688e-03 9.999904632568359375e-01 -4.350455012172460556e-03 3.439945285208523273e-04 7.411547303199768066e-01 4.350697156041860580e-03 9.999902248382568359e-01 -8.125278982333838940e-04 2.652005059644579887e-03 -3.404585586395114660e-04 8.140162681229412556e-04 9.999996423721313477e-01 5.609520245343446732e-03 4.953087997436523438e+01
3.679111000000000000e+07 9.999978879943910437e-01 -1.233184591487178263e-03 -1.644160188597538173e-03 7.953769781959261209e-01 1.232343220396974002e-03 9.999991092607639631e-01 -5.126479808968817040e-04 4.054974678493776172e-04 1.644790913639817588e-03 5.106207286182532293e-04 9.999985169636332882e-01 8.625621457871253048e-03 9.999946951866149902e-01 -3.194578923285007477e-03 5.658609443344175816e-04 7.522144913673400879e-01 3.195276018232107162e-03 9.999942183494567871e-01 -1.125636859796941280e-03 3.453392302617430687e-03 -5.622541066259145737e-04 1.127432915382087231e-03 9.999991655349731445e-01 5.253334529697895050e-03 4.952329635620117188e+01
3.689515000000000000e+07 9.999997462999280495e-01 -5.685411991127746522e-04 -4.291398237970665721e-04 7.447228109460413137e-01 5.685345624318803538e-04 9.999998382627379723e-01 -1.558691022615122613e-05 7.613049384872968553e-04 4.291486161897291427e-04 1.534292545168523545e-05 9.999999077980263884e-01 8.820461795436220290e-03 9.999989867210388184e-01 -1.455130404792726040e-03 1.040137794916518033e-04 7.732490301132202148e-01 1.455195713788270950e-03 9.999989271163940430e-01 -3.892995591741055250e-04 2.400956815108656883e-03 -1.034530869219452143e-04 3.894530818797647953e-04 1.000000000000000000e+00 5.300312303006649017e-03 4.959718322753906250e+01
3.699949000000000000e+07 9.999988392326150111e-01 -1.521649484810502859e-03 -7.820641200899104131e-05 7.621247650780659244e-01 1.521660324960463686e-03 9.999988326502021740e-01 1.387373887466113143e-04 1.885948350494900602e-03 7.799521103635074929e-05 -1.388562313003759879e-04 9.999999873178467835e-01 8.839791911411336647e-03 9.999992847442626953e-01 -1.012208638712763786e-03 -5.655002896673977375e-04 7.850865721702575684e-01 1.012035063467919827e-03 9.999994039535522461e-01 -2.616988494992256165e-04 2.911597024649381638e-03 5.657598958350718021e-04 2.611290838103741407e-04 9.999998211860656738e-01 6.785820703953504562e-03 4.954611206054687500e+01
3.710355000000000000e+07 9.999958598940966725e-01 -1.589767879014079583e-03 -2.398506387025082891e-03 7.648661563561784948e-01 1.587564706997955915e-03 9.999983164480491515e-01 -9.201844499003641398e-04 -9.974823702694698719e-05 2.399965228673019320e-03 9.163728562102960639e-04 9.999967002084528822e-01 8.054796533886065049e-03 9.999990463256835938e-01 -1.061034621670842171e-03 -9.052020614035427570e-04 8.028677105903625488e-01 1.060721348039805889e-03 9.999994039535522461e-01 -2.843384572770446539e-04 1.297634327784180641e-03 9.055155678652226925e-04 2.833746548276394606e-04 9.999994635581970215e-01 5.572376772761344910e-03 4.951756668090820312e+01
3.720765000000000000e+07 9.999994937401204265e-01 2.963938614851146356e-05 1.005803642764042070e-03 8.209927391686919762e-01 -3.014518608088106433e-05 9.999998731065354862e-01 5.028699337865978223e-04 1.679084076195580186e-03 -1.005788610377362884e-03 -5.028999993429385989e-04 9.999993677402049252e-01 9.758141823549285748e-03 9.999990463256835938e-01 -8.315137238241732121e-04 -1.092250808142125607e-03 8.194832205772399902e-01 8.308009128086268902e-04 9.999994635581970215e-01 -6.775672663934528828e-04 1.551959081552922726e-03 1.092806807719171047e-03 6.766564911231398582e-04 9.999992251396179199e-01 4.171174485236406326e-03 4.958124923706054688e+01
3.731178000000000000e+07 9.999998774605185492e-01 -3.689419586450283397e-04 -3.300921003588378139e-04 8.160976563119991534e-01 3.689065001666123997e-04 9.999999261786257643e-01 -1.074744002084271837e-04 6.169866169584749000e-04 3.301317278041601471e-04 1.073526139249069761e-04 9.999999397442312921e-01 9.124907282824081672e-03 9.999991059303283691e-01 -1.077095046639442444e-03 7.460093474946916103e-04 8.358851075172424316e-01 1.077155000530183315e-03 9.999994039535522461e-01 -1.364062190987169743e-04 2.958928002044558525e-03 -7.458574837073683739e-04 1.372161787003278732e-04 9.999997019767761230e-01 2.562199719250202179e-03 4.956745529174804688e+01
3.741589000000000000e+07 9.999986862367262752e-01 5.953546825732188453e-04 1.507672896672939290e-03 8.976972836650954912e-01 -5.959228796475971989e-04 9.999997515809737614e-01 3.764490682816933964e-04 1.445474241934451834e-03 -1.507448401417622440e-03 -3.773470305114132650e-04 9.999987926035113217e-01 1.043129408162066056e-02 9.999965429306030273e-01 -1.213157665915787220e-03 2.320373896509408951e-03 8.457412123680114746e-01 1.210180344060063362e-03 9.999983906745910645e-01 1.306408084928989410e-03 1.212027855217456818e-02 -2.321959938853979111e-03 -1.303598051890730858e-03 9.999965429306030273e-01 1.230867928825318813e-03 4.938947296142578125e+01
3.752003000000000000e+07 9.999983866679793554e-01 -1.196354272896041869e-04 1.792302672938237643e-03 8.379554770643120598e-01 1.181650767876998333e-04 9.999996564469082472e-01 8.204529813574810071e-04 2.669001832084704796e-03 -1.792400212428037817e-03 -8.202398701159654493e-04 9.999980572521710576e-01 1.008523795431559913e-02 9.999960660934448242e-01 -1.594741130247712135e-03 2.336242236196994781e-03 8.621523380279541016e-01 1.592237153090536594e-03 9.999980926513671875e-01 1.102323411032557487e-03 1.016956940293312073e-02 -2.337991492822766304e-03 -1.098602428101003170e-03 9.999966621398925781e-01 5.589574109762907028e-03 4.950406265258789062e+01
3.762415000000000000e+07 9.999992262346268923e-01 -1.122771630256696497e-03 5.356436061807277188e-04 9.031563916722450402e-01 1.122670677181073461e-03 9.999993519948142673e-01 1.887340764695690659e-04 2.071601570370889579e-03 -5.358551643395489256e-04 -1.881325790865333986e-04 9.999998387326809457e-01 1.024783975087531149e-02 9.999988675117492676e-01 -1.475180964916944504e-03 2.041016996372491121e-04 8.674209713935852051e-01 1.475151977501809597e-03 9.999989271163940430e-01 -1.100665394915267825e-04 9.423861280083656311e-03 -2.039361861534416676e-04 1.103710383176803589e-04 9.999999403953552246e-01 6.413919385522603989e-03 4.948246383666992188e+01
3.772815000000000000e+07 9.999986233189478435e-01 -6.674538692711634949e-05 -1.657982251104897411e-03 8.960095458736148100e-01 6.567864531772317125e-05 9.999997908333119190e-01 -6.434435717478888869e-04 -7.423843045624703083e-04 1.658024851202219516e-03 6.433337918984214591e-04 9.999984185362945643e-01 9.875144167550689231e-03 9.999966025352478027e-01 -1.365270582027733326e-03 -2.217013388872146606e-03 8.811961412429809570e-01 1.363422605209052563e-03 9.999987483024597168e-01 -8.374734898097813129e-04 5.723142530769109726e-03 2.218147041276097298e-03 8.344448287971317768e-04 9.999972581863403320e-01 5.312025547027587891e-03 4.949734497070312500e+01
3.783228000000000000e+07 9.999969319997943362e-01 -8.958976980019665469e-04 -2.309406540013826149e-03 9.027018352571213322e-01 8.939581992742877533e-04 9.999992470131086053e-01 -8.407211285381778259e-04 -5.542960549988952155e-04 2.310158001153628064e-03 8.386540363791325460e-04 9.999969799102728096e-01 9.908680989833995589e-03 9.999982714653015137e-01 -1.148084411397576332e-03 -1.448747003450989723e-03 8.941727876663208008e-01 1.146630616858601570e-03 9.999988675117492676e-01 -9.321368415839970112e-04 5.261975340545177460e-03 1.449813134968280792e-03 9.304750710725784302e-04 9.999985098838806152e-01 2.768239937722682953e-03 4.954419326782226562e+01
3.793628000000000000e+07 9.999997187553273381e-01 -5.680002704888328664e-04 -4.897601288331357829e-04 9.413055604338175231e-01 5.678530138341828220e-04 9.999997935438866836e-01 -3.007576382093974602e-04 4.887156504783914460e-04 4.899308581315045151e-04 3.004794418699425259e-04 9.999998348399232739e-01 1.060982419847346717e-02 9.999989271163940430e-01 -1.353828469291329384e-03 -5.526879103854298592e-04 9.102033376693725586e-01 1.352780847810208797e-03 9.999967813491821289e-01 -2.177601680159568787e-03 8.320402703247964382e-04 5.556334508582949638e-04 2.176861045882105827e-03 9.999974966049194336e-01 4.438131116330623627e-03 4.947363281250000000e+01
3.804028000000000000e+07 9.999987293854739612e-01 1.108893797813543429e-03 -1.145243234233260824e-03 9.370409176024874220e-01 -1.109661898552700846e-03 9.999991596937161109e-01 -6.702703837369524157e-04 -1.643461316628047706e-03 1.144499013231037353e-03 6.715403648218941412e-04 9.999991195774147190e-01 1.041415858717499067e-02 9.999993443489074707e-01 -1.195591990835964680e-03 -6.754285277565941215e-05 9.235227704048156738e-01 1.195328193716704845e-03 9.999960660934448242e-01 -2.495120745152235031e-03 -1.857080205809324980e-04 7.053332956274971366e-05 2.495032967999577522e-03 9.999968409538269043e-01 5.735716782510280609e-03 4.915222549438476562e+01
3.814428000000000000e+07 9.999989424890149969e-01 1.010600512877030946e-03 -1.045804603622382117e-03 9.395006375514883823e-01 -1.011256879359204034e-03 9.999992919391914592e-01 -6.272802524696939391e-04 -1.467348450207817904e-03 1.045169933328437412e-03 6.283371663067853713e-04 9.999992564057660349e-01 1.044664731412878016e-02 9.999956488609313965e-01 -1.592918415553867817e-03 -2.473933389410376549e-03 9.312825202941894531e-01 1.593342050909996033e-03 9.999987483024597168e-01 1.687919429969042540e-04 3.860770026221871376e-03 2.473661210387945175e-03 -1.727323833620175719e-04 9.999969601631164551e-01 7.206754758954048157e-03 4.947740936279296875e+01
3.824828000000000000e+07 9.999910206696290826e-01 -5.486687222340400289e-04 -4.202088005877594942e-03 9.608088899749861467e-01 5.423501902964978890e-04 9.999987209312983794e-01 -1.504656825049478005e-03 -2.737807434767098713e-03 4.202908189216560814e-03 1.502364311119206743e-03 9.999900391829842361e-01 1.077137385514133523e-02 9.999906420707702637e-01 -1.443313900381326675e-03 -4.067383706569671631e-03 9.421759247779846191e-01 1.444049645215272903e-03 9.999989867210388184e-01 1.872982102213427424e-04 2.418386517092585564e-03 4.067107103765010834e-03 -1.931692386278882623e-04 9.999916553497314453e-01 7.105344906449317932e-03 4.937142562866210938e+01
3.835228000000000000e+07 9.999980112841326818e-01 4.395772811863845838e-04 1.945301893681776343e-03 9.671689571600335933e-01 -4.403966422609227930e-04 9.999998144925744681e-01 4.207916366398604079e-04 1.769861577248079375e-03 -1.945116562363917575e-03 -4.216475042562611332e-04 9.999980193654413041e-01 1.139273580745471873e-02 9.999907016754150391e-01 -1.108355121687054634e-03 -4.171009641140699387e-03 9.524274468421936035e-01 1.114828279241919518e-03 9.999982118606567383e-01 1.537121832370758057e-03 2.040375256910920143e-03 4.169303458184003830e-03 -1.541763893328607082e-03 9.999901652336120605e-01 8.404265157878398895e-03 4.920243072509765625e+01
3.845615000000000000e+07 9.999989826219333189e-01 3.238571771845762961e-04 1.389198228942750517e-03 9.669141458532635180e-01 -3.241796553425798050e-04 9.999999205617964293e-01 2.319136889672174923e-04 1.325722058584233049e-03 -1.389123011678088538e-03 -2.323638028059771840e-04 9.999990081717138324e-01 1.126544210881756831e-02 9.999996423721313477e-01 2.100755664287135005e-04 -6.962977931834757328e-04 9.673978090286254883e-01 -2.081163111142814159e-04 9.999962449073791504e-01 2.734547480940818787e-03 4.644979257136583328e-03 6.968621746636927128e-04 -2.734400099143385887e-03 9.999960064888000488e-01 7.729832082986831665e-03 4.905212783813476562e+01
3.856015000000000000e+07 9.999951876452852773e-01 -9.011793654346349170e-04 2.968596001052209530e-03 8.463996447580925953e-01 8.973513049689293497e-04 9.999987645573291672e-01 1.290598504964944647e-03 4.173071529258348504e-03 -2.969755394240222637e-03 -1.287928420705909812e-03 9.999947608830229706e-01 1.007590771294922770e-02 9.999988079071044922e-01 1.684675517026335001e-04 1.573048066347837448e-03 9.785916209220886230e-01 -1.708928321022540331e-04 9.999988675117492676e-01 1.468372764065861702e-03 2.828559372574090958e-03 -1.572795445099473000e-03 -1.468638889491558075e-03 9.999976754188537598e-01 1.050100196152925491e-02 4.906566238403320312e+01
3.866415000000000000e+07 9.999971513831574788e-01 1.223893510489421120e-03 2.049221886830488327e-03 9.508185227858815258e-01 -1.224515698184919189e-03 9.999992045591862277e-01 3.023943228262451115e-04 9.218208399403586464e-04 -2.048850158352710348e-03 -3.049027657479095417e-04 9.999978546214008945e-01 1.091780686088974703e-02 9.999954700469970703e-01 -6.371894414769485593e-05 3.005080157890915871e-03 9.872815608978271484e-01 6.143545761005952954e-05 9.999996423721313477e-01 7.889242842793464661e-04 6.467559724114835262e-04 -3.005123697221279144e-03 -7.887404644861817360e-04 9.999952316284179688e-01 1.053919363766908646e-02 4.917171096801757812e+01
3.876815000000000000e+07 9.999920777294325491e-01 7.833355705709847943e-04 3.902673893367717209e-03 9.655230927512936656e-01 -7.872824254065472708e-04 9.999991801568904881e-01 1.009887075309000466e-03 2.879809953676916619e-03 -3.901879613307116489e-03 -1.012951581324799712e-03 9.999918745991552838e-01 1.147001795621972742e-02 9.999965429306030273e-01 -1.211860362673178315e-04 2.631276845932006836e-03 9.847291707992553711e-01 1.239697157870978117e-04 9.999994635581970215e-01 -1.070744125172495842e-03 -3.635722910985350609e-03 -2.631149720400571823e-03 1.071065431460738182e-03 9.999959468841552734e-01 1.255941018462181091e-02 4.902438354492187500e+01
3.887203000000000000e+07 9.999993840234970843e-01 3.818979845163746403e-04 1.042164405839782941e-03 9.689298665291767865e-01 -3.820587892429767526e-04 9.999999151415068788e-01 1.541040990241687074e-04 1.065764083236061133e-03 -1.042105465362910084e-03 -1.545021721406886856e-04 9.999994450725269157e-01 1.133595068451469061e-02 9.999979734420776367e-01 -2.071846392937004566e-04 2.012377139180898666e-03 9.895824193954467773e-01 2.102404250763356686e-04 9.999988675117492676e-01 -1.501296763308346272e-03 -8.922357112169265747e-03 -2.012069569900631905e-03 1.501717837527394295e-03 9.999969005584716797e-01 1.316643878817558289e-02 4.912271881103515625e+01
3.897602000000000000e+07 9.999994921491472955e-01 3.575639986130954459e-05 1.007185659253689467e-03 9.796473480402632106e-01 -3.594586922819968780e-05 9.999999816631145455e-01 1.881001484527885191e-04 1.388474165596085023e-03 -1.007178915001083865e-03 -1.881362570890844123e-04 9.999994750975660374e-01 1.152843575801589665e-02 9.999995231628417969e-01 -1.664992305450141430e-04 9.908055653795599937e-04 9.880553483963012695e-01 1.670377241680398583e-04 9.999997615814208984e-01 -6.345721776597201824e-04 -7.425363175570964813e-03 -9.907017229124903679e-04 6.347481976263225079e-04 9.999992847442626953e-01 1.528337877243757248e-02 4.917123031616210938e+01
3.907990000000000000e+07 9.999978406469056669e-01 9.008875323874730376e-04 1.872726109964418769e-03 9.696750108613938490e-01 -9.015403590689706741e-04 9.999995331361959394e-01 3.477820441590469009e-04 1.233059147018782239e-03 -1.872411923141765978e-03 -3.494696313822753852e-04 9.999981859705974196e-01 1.136448900530134809e-02 9.999998807907104492e-01 -2.693839451239909977e-05 4.105240805074572563e-04 9.891777038574218750e-01 2.725236117839813232e-05 9.999998807907104492e-01 -4.718936688732355833e-04 -5.109227728098630905e-03 -4.105063853785395622e-04 4.718973941635340452e-04 9.999998211860656738e-01 1.527288742363452911e-02 4.914204788208007812e+01
3.918393000000000000e+07 9.999995318620048534e-01 4.440173669483974501e-04 8.597234143310912005e-04 9.951996450435904862e-01 -4.441344587520725711e-04 9.999998921227980508e-01 1.360109366521586869e-04 9.359727019016591664e-04 -8.596629303685836840e-04 -1.363927057734618811e-04 9.999996211882663522e-01 1.177964477334667720e-02 9.999999403953552246e-01 -1.995663478737697005e-04 1.805072533898055553e-04 9.885409474372863770e-01 1.993102050619199872e-04 9.999987483024597168e-01 1.568928593769669533e-03 -2.271680161356925964e-03 -1.808148226700723171e-04 -1.568886800669133663e-03 9.999988079071044922e-01 1.457065809518098831e-02 4.901932907104492188e+01
3.928778000000000000e+07 9.999978500465486198e-01 3.069598120977215755e-04 2.050774973986777515e-03 1.091985661922087125e+00 -3.080193369978052377e-04 9.999998192532405517e-01 5.163502471231685553e-04 1.899310709675122895e-03 -2.050616104542478738e-03 -5.169808153361748777e-04 9.999977638497346000e-01 1.317605088441313466e-02 9.999994039535522461e-01 1.208012872666586190e-05 1.069680321961641312e-03 9.912022352218627930e-01 -1.223647905135294423e-05 1.000000000000000000e+00 1.081056325347162783e-04 -5.241877399384975433e-03 -1.069690100848674774e-03 -1.081186564988456666e-04 9.999993443489074707e-01 1.665736176073551178e-02 4.936825561523437500e+01
3.939175000000000000e+07 9.999952063561249327e-01 3.505118992642689718e-04 3.076427527129987297e-03 9.728073961819495574e-01 -3.526629636798913714e-04 9.999996937277660924e-01 6.986939369647668548e-04 2.584647533978546088e-03 -3.076181684370656814e-03 -6.997755297071803823e-04 9.999950236979224805e-01 1.142205402753900152e-02 9.999989271163940430e-01 -1.592649641679599881e-04 1.472805743105709553e-03 9.983586668968200684e-01 1.586001744726672769e-04 9.999999403953552246e-01 4.403711354825645685e-04 -7.122753653675317764e-03 -1.472874428145587444e-03 -4.401403421070426702e-04 9.999988675117492676e-01 1.933053880929946899e-02 4.933772659301757812e+01
3.949583000000000000e+07 9.999990037651089736e-01 7.213724707269343920e-04 1.213297413953540833e-03 1.011389281950860308e+00 -7.216406176675447788e-04 9.999997152888348007e-01 2.205835154250778069e-04 9.268022655839185803e-04 -1.213137945644037667e-03 -2.214588603379853487e-04 9.999992396258854388e-01 1.201372516595181072e-02 9.999993443489074707e-01 -1.512296585133299232e-04 1.094786915928125381e-03 9.915575981140136719e-01 1.514924369985237718e-04 9.999999403953552246e-01 -2.411482419120147824e-04 -6.153130438178777695e-03 -1.094747916795313358e-03 2.413122128928080201e-04 9.999992847442626953e-01 1.825590804219245911e-02 4.929612731933593750e+01
3.959958000000000000e+07 9.999995639884478038e-01 -3.745916865466238782e-04 8.553969669917616415e-04 9.746963878352337129e-01 3.744456059457948937e-04 9.999999152868818131e-01 1.709289772282579370e-04 1.644717969975840067e-03 -8.554609231031160260e-04 -1.706086030614157906e-04 9.999996195395793874e-01 1.146877851667281283e-02 9.999998211860656738e-01 -6.484080222435295582e-04 -5.582911035162396729e-05 9.938380122184753418e-01 6.484680343419313431e-04 9.999997615814208984e-01 -1.307637867284938693e-04 -5.167732480913400650e-03 5.590448199654929340e-05 1.307382481172680855e-04 1.000000119209289551e+00 1.720482297241687775e-02 4.930928039550781250e+01
3.970363000000000000e+07 9.999997912951511525e-01 2.460474161077918836e-04 5.973862587472495269e-04 9.764386416889990761e-01 -2.460801379177091292e-04 9.999999682261250245e-01 5.470208042010918321e-05 8.827422282767986676e-04 -5.973727804610434343e-04 -5.484907388977453051e-05 9.999998200686621708e-01 1.146275678714072863e-02 9.999992251396179199e-01 -6.888124626129865646e-04 -1.093103201128542423e-03 9.990735650062561035e-01 6.877657724544405937e-04 9.999993443489074707e-01 -9.201826178468763828e-04 -5.706526339054107666e-03 1.093746395781636238e-03 9.194223093800246716e-04 9.999989271163940430e-01 1.415029913187026978e-02 4.934431838989257812e+01
3.980787000000000000e+07 9.999954434385932567e-01 6.863921111216325904e-04 -2.939722570342101320e-03 9.851328036882218697e-01 -6.897203699942286177e-04 9.999991222186046524e-01 -1.131303672238919431e-03 -2.749660708503692472e-03 2.938943472066757497e-03 1.133326103730179215e-03 9.999950390797732735e-01 1.113075751840925977e-02 9.999992847442626953e-01 -1.063278759829699993e-03 -5.145413451828062534e-04 9.897188544273376465e-01 1.062932424247264862e-03 9.999992847442626953e-01 -5.771549767814576626e-04 -9.731067344546318054e-03 5.151595105417072773e-04 5.766103276982903481e-04 9.999996423721313477e-01 1.822453178465366364e-02 4.930243301391601562e+01
3.991128000000000000e+07 9.999994121494913957e-01 9.584592999266652565e-04 5.070074035989093585e-04 1.000140550661103411e+00 -9.584522738142578794e-04 9.999995405851231922e-01 -1.410079802077796903e-05 1.309879430352248316e-04 -5.070206857124268975e-04 1.361484735979348609e-05 9.999998713723289301e-01 1.177043719447451800e-02 9.999995827674865723e-01 -8.728702086955308914e-04 2.367849083384498954e-04 9.971101880073547363e-01 8.729302790015935898e-04 9.999994635581970215e-01 -4.844821523874998093e-04 -1.005864609032869339e-02 -2.363683015573769808e-04 4.846862866543233395e-04 9.999998807907104492e-01 1.925053633749485016e-02 4.943481445312500000e+01
4.001528000000000000e+07 9.999943205818661029e-01 9.584642957449320336e-04 -3.231122044599909170e-03 1.012606187834268923e+00 -9.621844906001512585e-04 9.999988758437163838e-01 -1.150005305631747726e-03 -3.181079120644379754e-03 3.230016173235956446e-03 1.153107709936419551e-03 9.999941186514909042e-01 1.165009084188865611e-02 9.999993443489074707e-01 -1.028337399475276470e-03 -1.704844617052003741e-04 9.904353618621826172e-01 1.028474885970354080e-03 9.999992251396179199e-01 5.884700804017484188e-04 -5.501241888850927353e-03 1.698845444479957223e-04 -5.886428989470005035e-04 9.999997615814208984e-01 1.786556094884872437e-02 4.940703964233398438e+01
4.011914000000000000e+07 9.999991136287206261e-01 3.052290884048889470e-04 1.295984933105539041e-03 9.782858304588168963e-01 -3.055651359484442805e-04 9.999999197462664524e-01 2.591088684222285781e-04 1.399005393693048471e-03 -1.295905741532869804e-03 -2.595046465745063659e-04 9.999991266424276271e-01 1.154727363442622362e-02 9.999996423721313477e-01 -7.099891663528978825e-04 -6.582704954780638218e-04 9.912290573120117188e-01 7.104437099769711494e-04 9.999995827674865723e-01 7.038208423182368279e-04 -6.452089175581932068e-03 6.577695603482425213e-04 -7.042922079563140869e-04 9.999995827674865723e-01 1.855354383587837219e-02 4.944921493530273438e+01
4.022303000000000000e+07 9.999999606376818173e-01 -2.802167242859320267e-04 -1.425567002973776418e-05 9.785682623865413765e-01 2.802151915150864498e-04 9.999999549714084779e-01 -1.074087034878342691e-04 8.064639713576825415e-04 1.428576710219703508e-05 1.074047046047613678e-04 9.999999941300732331e-01 1.141367869117364611e-02 9.999992847442626953e-01 -5.928770988248288631e-04 -9.944771882146596909e-04 9.866297841072082520e-01 5.936915404163300991e-04 9.999995231628417969e-01 7.319136057049036026e-04 -3.959651570767164230e-03 9.940407471731305122e-04 -7.325022597797214985e-04 9.999992251396179199e-01 1.629034616053104401e-02 4.939209747314453125e+01
4.032693000000000000e+07 9.999999186920525140e-01 -1.967179395306678448e-04 -3.520197995819213089e-04 9.802427572164003067e-01 1.966427390415398445e-04 9.999999578431676417e-01 -2.136475967043402046e-04 4.504349040261859866e-04 3.520618130572078530e-04 2.135783571949837357e-04 9.999999152183782769e-01 1.139843262012826819e-02 1.000000000000000000e+00 1.434657460777089000e-04 -2.022744447458535433e-04 9.939039349555969238e-01 -1.433569850632920861e-04 9.999995827674865723e-01 8.418625802733004093e-04 -1.009326986968517303e-02 2.023988345172256231e-04 -8.418391807936131954e-04 9.999995231628417969e-01 1.965021714568138123e-02 4.936131286621093750e+01
4.043077000000000000e+07 9.999996728642247534e-01 2.782793826115521787e-04 7.594946080232692007e-04 9.726565495066962219e-01 -2.783631812855153040e-04 9.999999551814996446e-01 1.102313124550041804e-04 1.013976922081280888e-03 -7.594638988837410301e-04 -1.104426917196370516e-04 9.999997055084696163e-01 1.144622455305154170e-02 9.999997019767761230e-01 2.517048851586878300e-04 6.658153142780065536e-04 9.952458143234252930e-01 -2.539028937462717295e-04 9.999946355819702148e-01 3.259433899074792862e-03 -4.971901886165142059e-03 -6.649919087067246437e-04 -3.259598743170499802e-03 9.999945759773254395e-01 1.873067952692508698e-02 4.939734268188476562e+01
4.053499000000000000e+07 9.999989919578819997e-01 1.078999081648344309e-03 9.229540945140626189e-04 9.974867873437839316e-01 -1.079082261312404962e-03 9.999994137738068556e-01 8.963007384470786257e-05 3.350181216185342233e-04 -9.228568426896719508e-04 -9.062592685612058782e-05 9.999995700610148086e-01 1.172767294716432762e-02 9.999994039535522461e-01 1.111837103962898254e-03 2.026892761932685971e-04 9.906087517738342285e-01 -1.112038968130946159e-03 9.999983906745910645e-01 1.431432901881635189e-03 -6.721707060933113098e-03 -2.011039468925446272e-04 -1.431650016456842422e-03 9.999989271163940430e-01 1.952360942959785461e-02 4.952678298950195312e+01
4.063867000000000000e+07 9.999980174383660270e-01 1.277800704732006635e-03 1.527201660373642437e-03 9.825009912368080078e-01 -1.278194256054727192e-03 9.999991501501077629e-01 2.567461744757189995e-04 6.891810002267002508e-04 -1.526872292056649346e-03 -2.586977257449333406e-04 9.999988008675912976e-01 1.157482853187227420e-02 9.999980330467224121e-01 1.347913173958659172e-03 -1.448081457056105137e-03 9.870900511741638184e-01 -1.346525386907160282e-03 9.999986886978149414e-01 1.004579011350870132e-03 -7.096537854522466660e-03 1.449434552341699600e-03 -1.002636388875544071e-03 9.999983906745910645e-01 1.913348212838172913e-02 4.940892791748046875e+01
4.074254000000000000e+07 9.999987252925685022e-01 1.248369003710378834e-03 9.954838182617828986e-04 1.018533147318935628e+00 -1.248496062991998751e-03 9.999992125608582194e-01 1.270244929150687017e-04 2.710083098893228525e-04 -9.953244609369256857e-04 -1.282671886415516764e-04 9.999994964382389329e-01 1.209042111844465910e-02 9.999965429306030273e-01 1.899338443763554096e-03 -1.809433568269014359e-03 9.861245155334472656e-01 -1.895952154882252216e-03 9.999964237213134766e-01 1.850746804848313332e-03 -7.239738013595342636e-03 1.812942442484200001e-03 -1.847303006798028946e-03 9.999967217445373535e-01 1.844196766614913940e-02 4.941878509521484375e+01
4.084641000000000000e+07 9.999991645956470832e-01 7.336667230719123552e-04 -1.064209177281491125e-03 9.382432269116671719e-01 -7.342475678036305487e-04 9.999995816488096434e-01 -5.455114368208686905e-04 -1.073183985079801490e-03 1.063808508486221733e-03 5.462923740862920879e-04 9.999992849378049886e-01 1.054899102786260347e-02 9.999981522560119629e-01 1.894177985377609730e-03 -3.209408896509557962e-04 9.898422360420227051e-01 -1.894443295896053314e-03 9.999978542327880859e-01 -8.564109448343515396e-04 -1.092796307057142258e-02 3.193212323822081089e-04 8.570138597860932350e-04 9.999995231628417969e-01 1.826444454491138458e-02 4.935155105590820312e+01
4.095040000000000000e+07 9.999951920420384610e-01 1.410901305380833680e-03 2.761385621533719338e-03 9.826191806481505697e-01 -1.412304020644223170e-03 9.999988746339533163e-01 5.060911338225557556e-04 1.274534587283959654e-03 -2.760668469340472712e-03 -5.099886164771696160e-04 9.999960593029395550e-01 1.141100074646825974e-02 9.999966025352478027e-01 1.291267690248787403e-03 2.259190659970045090e-03 9.936216473579406738e-01 -1.288297935388982296e-03 9.999982714653015137e-01 -1.301426673308014870e-03 -1.057036500424146652e-02 -2.260867040604352951e-03 1.298515708185732365e-03 9.999966621398925781e-01 1.745924353599548340e-02 4.932015991210937500e+01
4.105460000000000000e+07 9.999984125386341960e-01 8.773863877131060510e-04 1.550842819648055784e-03 9.708587261856398420e-01 -8.777875832441005754e-04 9.999995814537768757e-01 2.580334467760404945e-04 1.001473072812725370e-03 -1.550615775522958331e-03 -2.593943476801098850e-04 9.999987641519249015e-01 1.136535993799174526e-02 9.999858140945434570e-01 1.466694637201726437e-03 5.127834156155586243e-03 9.909808635711669922e-01 -1.452102442272007465e-03 9.999948143959045410e-01 -2.861858578398823738e-03 -1.252503413707017899e-02 -5.132013000547885895e-03 2.854367019608616829e-03 9.999827742576599121e-01 1.525105908513069153e-02 4.931087875366210938e+01
4.115823000000000000e+07 9.999879721261500931e-01 -7.023411395842508315e-04 4.854103415935390534e-03 9.484915112660927683e-01 6.951842451534111927e-04 9.999986691725049059e-01 1.475930921954224633e-03 4.785744286197323415e-03 -4.855133562965968305e-03 -1.472538673426834494e-03 9.999871295711566521e-01 1.114170304710455743e-02 9.999767541885375977e-01 1.056657405570149422e-03 6.741556338965892792e-03 9.962186217308044434e-01 -1.037607085891067982e-03 9.999955296516418457e-01 -2.825906965881586075e-03 -1.191381644457578659e-02 -6.744504440575838089e-03 2.818842884153127670e-03 9.999732971191406250e-01 1.802551001310348511e-02 4.929068756103515625e+01
4.126246000000000000e+07 9.999959620936592630e-01 -9.368304923970681203e-05 2.840249941435055766e-03 9.851031220817397793e-01 9.179623451466789824e-05 9.999997750491036452e-01 6.644359909705149607e-04 2.781514452619133701e-03 -2.840311548908960263e-03 -6.641725837861667432e-04 9.999957457434225372e-01 1.157212390587936818e-02 9.999960660934448242e-01 6.733243353664875031e-04 2.704808022826910019e-03 9.864208698272705078e-01 -6.721946992911398411e-04 9.999997019767761230e-01 -4.126416752114892006e-04 -8.550841361284255981e-03 -2.705085324123501778e-03 4.108316497877240181e-04 9.999961853027343750e-01 2.271886914968490601e-02 4.918089675903320312e+01
4.136593000000000000e+07 9.999913524062545855e-01 -3.011353075431014549e-04 -4.147822409888123237e-03 1.025385023816204777e+00 2.954242154134897489e-04 9.999990077007281375e-01 -1.377433174523929769e-03 -2.858951592941420990e-03 4.148233087757548058e-03 1.376195895896608181e-03 9.999904490782229871e-01 1.195822126538303651e-02 9.999879598617553711e-01 2.317522594239562750e-04 -4.916050471365451813e-03 9.818027615547180176e-01 -2.329206326976418495e-04 9.999999403953552246e-01 -2.228149969596415758e-04 -6.392178591340780258e-03 4.916002042591571808e-03 2.239511522930115461e-04 9.999879002571105957e-01 1.880553364753723145e-02 4.929577636718750000e+01
4.146982000000000000e+07 9.999979928434253873e-01 -4.089949930575370075e-05 -2.003156669828024504e-03 9.148860599654737857e-01 3.938917287714155564e-05 9.999997149610277969e-01 -7.540068950258932336e-04 -1.044969758851912924e-03 2.003186937352582388e-03 7.539264789374838880e-04 9.999977094160226176e-01 1.015548354263353693e-02 9.999879002571105957e-01 -2.546285577409435064e-05 -4.908631090074777603e-03 9.810616970062255859e-01 2.651639806572347879e-05 1.000000000000000000e+00 2.011700125876814127e-04 -6.227260455489158630e-03 4.908628761768341064e-03 -2.013032644754275680e-04 9.999879598617553711e-01 1.448466069996356964e-02 4.914006423950195312e+01
4.157358000000000000e+07 9.999999930434825268e-01 4.368651493095847689e-05 1.095651556224536838e-04 9.655433687955228272e-01 -4.367681763724369086e-05 9.999999951293412348e-01 -8.850792725885074175e-05 6.465441190502882723e-04 -1.095690216916638671e-04 8.850314118584830725e-05 9.999999900809117825e-01 1.123605589502397160e-02 9.999998807907104492e-01 1.974139886442571878e-04 -3.966526419389992952e-04 9.839398264884948730e-01 -1.976007770281285048e-04 9.999999403953552246e-01 -3.811588394455611706e-04 -4.729188047349452972e-03 3.965735086239874363e-04 3.812432114500552416e-04 9.999998211860656738e-01 1.282302848994731903e-02 4.897776031494140625e+01
4.167741000000000000e+07 9.999847048037101560e-01 4.163857001346307372e-04 5.515141085325582851e-03 9.599694714414370722e-01 -4.255086413096060118e-04 9.999985431123870061e-01 1.653092696143694659e-03 4.554914595523568144e-03 -5.514444726216203782e-03 -1.655414151986193830e-03 9.999834251140963248e-01 1.166238124479620185e-02 9.999946355819702148e-01 -1.265464961761608720e-04 3.261312143877148628e-03 9.876682758331298828e-01 1.240191049873828888e-04 9.999997019767761230e-01 7.835211581550538540e-04 -4.086752422153949738e-03 -3.261409001424908638e-03 -7.831138791516423225e-04 9.999943375587463379e-01 1.726653613150119781e-02 4.921811294555664062e+01
4.178121000000000000e+07 9.999961882318432194e-01 -3.416713528349996499e-05 2.760861179965119067e-03 9.073266116784773905e-01 3.176853716303724767e-05 9.999996220665230418e-01 8.688254010936790391e-04 3.038822761175189336e-03 -2.760889821818029305e-03 -8.687343808124498457e-04 9.999958113852467356e-01 1.070169531371294169e-02 9.999979734420776367e-01 -2.035859652096405625e-04 2.041243016719818115e-03 9.813608527183532715e-01 2.053379575954750180e-04 9.999995827674865723e-01 -8.721115882508456707e-04 -5.598056595772504807e-03 -2.041066996753215790e-03 8.725273073650896549e-04 9.999976158142089844e-01 1.822835206985473633e-02 4.920288085937500000e+01
4.188506000000000000e+07 9.999994960715351544e-01 -2.059172762883675241e-04 -9.825755359157647452e-04 9.598850929247451091e-01 2.055298214168723228e-04 9.999999010989359949e-01 -3.944104431056947007e-04 -5.661249008149954486e-06 9.826566546676011003e-04 3.942082957631180481e-04 9.999994394926647878e-01 1.106390967799292767e-02 9.999979734420776367e-01 -7.137714419513940811e-04 -1.815502881072461605e-03 9.760688543319702148e-01 7.116612978279590607e-04 9.999990463256835938e-01 -1.163416309282183647e-03 -7.046761456876993179e-03 1.816327800042927265e-03 1.162121654488146305e-03 9.999976158142089844e-01 1.878402568399906158e-02 4.909040069580078125e+01
4.198880000000000000e+07 9.999975650220519485e-01 3.468995239329450436e-05 -2.206523677395466274e-03 9.421562950152932991e-01 -3.659953525514863447e-05 9.999996248789609909e-01 -8.653914933604144478e-04 -1.406373868231694914e-03 2.206492829293349271e-03 8.654701438896735249e-04 9.999971911715623829e-01 1.052826811942153724e-02 9.999979138374328613e-01 -9.066011407412588596e-04 -1.855926122516393661e-03 9.746020436286926270e-01 9.057573624886572361e-04 9.999995231628417969e-01 -4.641166306100785732e-04 -4.638067446649074554e-03 1.856347429566085339e-03 4.624394059646874666e-04 9.999982118606567383e-01 1.566652953624725342e-02 4.934819030761718750e+01
4.209274000000000000e+07 9.999998720993019674e-01 -1.977301232349552461e-04 4.655149777825709901e-04 9.540061709306514315e-01 1.977046107109211139e-04 9.999999789521651916e-01 5.485033064501176181e-05 1.223891707069244906e-03 -4.655258135464254298e-04 -5.475828917810877261e-05 9.999998901436244481e-01 1.116223016313216444e-02 9.999991655349731445e-01 -7.898149196989834309e-04 9.876920375972986221e-04 9.741706252098083496e-01 7.891316199675202370e-04 9.999994635581970215e-01 6.244766409508883953e-04 -3.397006774321198463e-03 -9.881806327030062675e-04 -6.236986373551189899e-04 9.999992251396179199e-01 1.480012666434049606e-02 5.017577743530273438e+01
4.219645000000000000e+07 9.999875810004348331e-01 3.041769777991168715e-04 4.974466959002644961e-03 9.904899922183680872e-01 -3.110459675758822369e-04 9.999989992396740579e-01 1.380134079507739243e-03 4.089229551836881527e-03 -4.974042175744673722e-03 -1.381664227495554408e-03 9.999866748655587001e-01 1.178824014223012542e-02 9.999913573265075684e-01 -6.271183374337852001e-04 4.110649228096008301e-03 9.744534492492675781e-01 6.294283084571361542e-04 9.999997019767761230e-01 -5.375266773626208305e-04 -3.584098769351840019e-03 -4.110315814614295959e-03 5.401084781624376774e-04 9.999914169311523438e-01 1.594968885183334351e-02 4.980323028564453125e+01
4.230017000000000000e+07 9.999977189780157039e-01 -6.833355853213353209e-04 2.023633193155455548e-03 9.572762010344796346e-01 6.823109026986067189e-04 9.999996386988291297e-01 5.070049825415885898e-04 2.729730657025098914e-03 -2.023978916556595439e-03 -5.056230790786079947e-04 9.999978239249831535e-01 1.109546282466226073e-02 9.999923706054687500e-01 -7.797539583407342434e-04 3.838935401290655136e-03 9.708870053291320801e-01 7.814204436726868153e-04 9.999995231628417969e-01 -4.265058087185025215e-04 -4.982544574886560440e-03 -3.838598262518644333e-03 4.295031249057501554e-04 9.999926090240478516e-01 1.713187433779239655e-02 4.917769622802734375e+01
4.240408000000000000e+07 9.999992675630036132e-01 -1.216485185733015534e-04 1.204190652475494155e-03 9.640308371946127997e-01 1.213619030287452243e-04 9.999999642933384836e-01 2.380853038292589201e-04 1.658698759771376572e-03 -1.204219572201712957e-03 -2.379389865809094541e-04 9.999992466198636132e-01 1.128805541120560599e-02 9.999997019767761230e-01 -7.603905978612601757e-04 1.433428988093510270e-04 9.691286087036132812e-01 7.604992133565247059e-04 9.999988079071044922e-01 -1.370983314700424671e-03 -6.596722174435853958e-03 -1.423068024450913072e-04 1.371089601889252663e-03 9.999990463256835938e-01 1.873663999140262604e-02 4.930179214477539062e+01
4.250779000000000000e+07 9.999988451858455862e-01 -6.845171286548963532e-04 -1.356857906198002213e-03 9.761736868197793404e-01 6.838372715475353990e-04 9.999996404555924201e-01 -5.014531918893406917e-04 7.475803776302574356e-06 1.357200671631278400e-03 5.005247428365970511e-04 9.999989537401582362e-01 1.121386367893942131e-02 9.999987483024597168e-01 -8.730053668841719627e-04 -1.355215790681540966e-03 9.596988558769226074e-01 8.716396987438201904e-04 9.999990463256835938e-01 -1.038778689689934254e-03 -4.063828848302364349e-03 1.356115099042654037e-03 1.037601847201585770e-03 9.999985694885253906e-01 1.804755069315433502e-02 4.928313446044921875e+01
4.261155000000000000e+07 9.999995921304614122e-01 -8.779669441894854837e-04 -2.119268203744867980e-04 9.213360133571266708e-01 8.779516765433088669e-04 9.999996119994006838e-01 -7.212435215874563510e-05 1.272141417634002538e-03 2.119900609421492845e-04 7.193826123908326424e-05 9.999999749425506623e-01 1.048671182551451191e-02 9.999978542327880859e-01 -6.082733743824064732e-04 -1.995838712900876999e-03 9.518036246299743652e-01 6.072429823689162731e-04 9.999996423721313477e-01 -5.405578995123505592e-04 1.436877995729446411e-03 1.996177481487393379e-03 5.393400788307189941e-04 9.999978542327880859e-01 1.813760958611965179e-02 4.911113739013671875e+01
4.271529000000000000e+07 9.999990303387825685e-01 -7.384618191292439699e-04 1.180675952526913635e-03 9.330782310361391829e-01 7.380708128953889814e-04 9.999996726553888049e-01 3.315729383725292325e-04 2.263740135855996788e-03 -1.180920419985592110e-03 -3.307011944299279721e-04 9.999992480315846866e-01 1.076161960967293024e-02 9.999992847442626953e-01 7.899953197920694947e-05 -1.200558268465101719e-03 9.519277811050415039e-01 -7.662693678867071867e-05 9.999979734420776367e-01 2.026357222348451614e-03 2.568841446191072464e-03 1.200713566504418850e-03 -2.026258967816829681e-03 9.999972581863403320e-01 1.668895781040191650e-02 4.922467041015625000e+01
4.281919000000000000e+07 9.999996658380470027e-01 -1.009906899867340016e-04 -8.112488640065101996e-04 9.417432595129042738e-01 1.007680519614978162e-04 9.999999572546849347e-01 -2.744748324905981873e-04 2.636090834849217105e-04 8.112765487302925306e-04 2.743929928093289273e-04 9.999996332693806833e-01 1.097115191462170319e-02 9.999992251396179199e-01 1.164736808277666569e-03 -3.942190087400376797e-04 9.495993256568908691e-01 -1.163789536803960800e-03 9.999961256980895996e-01 2.502821851521730423e-03 3.913333639502525330e-03 3.971349215134978294e-04 -2.502371324226260185e-03 9.999967217445373535e-01 1.808498427271842957e-02 4.942710494995117188e+01
4.292292000000000000e+07 9.999995705458459838e-01 5.459520319396712245e-04 7.488955484601422840e-04 9.196389321419596863e-01 -5.461079063981275549e-04 9.999998292613796469e-01 2.079504316066577889e-04 1.120872447898920397e-03 -7.487818896393842001e-04 -2.083593200624479823e-04 9.999996979560062949e-01 1.085985262472646297e-02 9.999995827674865723e-01 7.284944877028465271e-04 -5.508823669515550137e-04 9.488815665245056152e-01 -7.276846445165574551e-04 9.999988079071044922e-01 1.363057293929159641e-03 1.251639216206967831e-03 5.518686957657337189e-04 -1.362647395581007004e-03 9.999989867210388184e-01 1.716932095587253571e-02 4.933574295043945312e+01
4.302685000000000000e+07 9.999988783361264399e-01 4.119921137301531385e-04 1.439996163819808007e-03 9.527503962372083635e-01 -4.123935452907163826e-04 9.999998761883093223e-01 2.784868507300896083e-04 1.424117174931221986e-03 -1.439881251143355955e-03 -2.790803834940211166e-04 9.999989244274656297e-01 1.115770903392457498e-02 9.999996423721313477e-01 8.513816865161061287e-04 1.903295196825638413e-04 9.459461569786071777e-01 -8.517441456206142902e-04 9.999982118606567383e-01 1.680714543908834457e-03 2.150989836081862450e-03 -1.888948900159448385e-04 -1.680882647633552551e-03 9.999985694885253906e-01 1.667329668998718262e-02 4.917859268188476562e+01
4.313055000000000000e+07 9.999989654764077640e-01 7.851499588233966159e-04 1.205232607624823595e-03 9.445443837635822959e-01 -7.853971319638808650e-04 9.999996706401746982e-01 2.046237562555352411e-04 9.830480224146242313e-04 -1.205071550334428686e-03 -2.055701308090089141e-04 9.999992527714542945e-01 1.108478202474631746e-02 9.999995827674865723e-01 8.309232653118669987e-04 2.127546904375776649e-04 9.437963366508483887e-01 -8.311618585139513016e-04 9.999985098838806152e-01 1.554773887619376183e-03 1.333027379587292671e-03 -2.114633389282971621e-04 -1.554942224174737930e-03 9.999987483024597168e-01 1.709780097007751465e-02 4.947859191894531250e+01
4.323443000000000000e+07 9.999998924865380889e-01 2.765804997402905563e-04 -3.721963891350574954e-04 9.474661918865483479e-01 -2.766362272445381542e-04 9.999999505337104910e-01 -1.496829321149480195e-04 3.444181880115180106e-04 3.721549713461749093e-04 1.497858790207910685e-04 9.999999195324353884e-01 1.114005685637982357e-02 9.999996423721313477e-01 7.226025918498635292e-04 5.407420685514807701e-04 9.412236809730529785e-01 -7.222710992209613323e-04 9.999994635581970215e-01 -7.214472279883921146e-04 -1.061660586856305599e-03 -5.412629689089953899e-04 7.210558978840708733e-04 9.999995827674865723e-01 1.680020056664943695e-02 4.940905761718750000e+01
4.333833000000000000e+07 9.999960192513810409e-01 8.749075101169404055e-04 2.682539546808007571e-03 9.210067149340771531e-01 -8.767532961878329130e-04 9.999993796840455085e-01 6.869754070972327025e-04 1.987370362963171259e-03 -2.681936842856614146e-03 -6.893245977575546656e-04 9.999961660159218946e-01 1.080712200858338634e-02 9.999988675117492676e-01 5.208220100030303001e-04 -1.413799240253865719e-03 9.371033310890197754e-01 -5.197929567657411098e-04 9.999995231628417969e-01 7.265015738084912300e-04 -2.025136025622487068e-03 1.414181315340101719e-03 -7.257681572809815407e-04 9.999987483024597168e-01 1.712061837315559387e-02 4.932473754882812500e+01
4.344205000000000000e+07 9.999993973852967510e-01 7.295737058770560956e-04 -8.203360482030828699e-04 9.465523204685137859e-01 -7.299035024731011668e-04 9.999996528992662892e-01 -4.017987220109666162e-04 -6.678893824716540268e-04 8.200426216765390169e-04 4.023972460454537355e-04 9.999995828031837952e-01 1.086776099026473194e-02 9.999989271163940430e-01 8.203394245356321335e-04 -1.218815450556576252e-03 9.360463023185729980e-01 -8.192893583327531815e-04 9.999994039535522461e-01 8.515425724908709526e-04 -8.888643351383507252e-04 1.219501486048102379e-03 -8.505447185598313808e-04 9.999988675117492676e-01 1.571392454206943512e-02 4.994892883300781250e+01
4.354591000000000000e+07 9.999997436437148002e-01 6.873002745500050815e-04 2.008254027825356663e-04 8.944053638775709691e-01 -6.873132536129147917e-04 9.999997617157886376e-01 6.456672607860139553e-05 5.696517998157926005e-04 -2.007809782008971677e-04 -6.470473948612798091e-05 9.999999777501477061e-01 1.046994911080862019e-02 9.999998807907104492e-01 4.824399948120117188e-04 9.418546142114792019e-06 9.344058036804199219e-01 -4.824080679100006819e-04 9.999992847442626953e-01 -1.076339278370141983e-03 -4.905394744127988815e-03 -9.928121471602935344e-06 1.076338347047567368e-03 9.999994039535522461e-01 1.553848199546337128e-02 4.940435028076171875e+01
4.364977000000000000e+07 9.999977492061752349e-01 1.293787590269800071e-03 1.681575475078410245e-03 9.154099783937726942e-01 -1.294345670294340346e-03 9.999991076088542430e-01 3.308333585278516080e-04 8.807972599725790580e-04 -1.681145946344817605e-03 -3.330091539108001163e-04 9.999985314254693503e-01 1.069883251413517380e-02 9.999989271163940430e-01 7.549318834207952023e-04 1.267323386855423450e-03 9.319961071014404297e-01 -7.512636948376893997e-04 9.999954700469970703e-01 -2.898629289120435715e-03 -7.885963656008243561e-03 -1.269507571123540401e-03 2.897678175941109657e-03 9.999949336051940918e-01 1.647125184535980225e-02 4.920342254638671875e+01
4.375365000000000000e+07 9.999994473274372853e-01 4.741667864861353731e-04 9.383553397212248759e-04 8.891540573279906878e-01 -4.744382862715932226e-04 9.999998456548121473e-01 2.891343676419233337e-04 1.301832437538391098e-03 -9.382180969847029239e-04 -2.895793995183926391e-04 9.999995179451991456e-01 1.038788591661680798e-02 9.999995827674865723e-01 2.392239257460460067e-04 8.765388629399240017e-04 9.283119440078735352e-01 -2.383663231739774346e-04 9.999994635581970215e-01 -1.000091899186372757e-03 -5.824312102049589157e-03 -8.767762919887900352e-04 9.998740861192345619e-04 9.999991655349731445e-01 1.832469552755355835e-02 4.925673675537109375e+01
4.385750000000000000e+07 9.999990276039474324e-01 1.139806385777239299e-03 -8.035126291330676237e-04 9.593696296643018373e-01 -1.140133131913849407e-03 9.999992675054748537e-01 -4.063064634611676597e-04 -9.923163181398170392e-04 8.030489298587130311e-04 4.072221797488833109e-04 9.999995946411704972e-01 1.108630574656405653e-02 9.999961256980895996e-01 4.108894499950110912e-04 -2.747244900092482567e-03 9.236202836036682129e-01 -4.110197478439658880e-04 9.999999403953552246e-01 -3.894486508215777576e-05 -1.017275173217058182e-02 2.747236983850598335e-03 4.006849121651612222e-05 9.999961853027343750e-01 2.043635211884975433e-02 4.918291091918945312e+01
4.396128000000000000e+07 9.999996291332347020e-01 8.253325147916888965e-04 2.460887697031966252e-04 9.238598299340431419e-01 -8.253223304815111589e-04 9.999996585610543276e-01 -4.148338352927216589e-05 2.540855562274421751e-04 -2.461229232618803993e-04 4.128026560108539382e-05 9.999999688597247527e-01 1.075579425875488465e-02 9.999923110008239746e-01 3.585270897019654512e-04 -3.905642777681350708e-03 9.176260232925415039e-01 -3.644920943770557642e-04 9.999986886978149414e-01 -1.522122765891253948e-03 -1.650038734078407288e-02 3.905082354322075844e-03 1.523538609035313129e-03 9.999912977218627930e-01 1.599078439176082611e-02 4.922880172729492188e+01
4.406519000000000000e+07 9.999976658013959296e-01 2.648281918599159680e-04 -2.144354904622113554e-03 8.814401562336491303e-01 -2.658881056747203707e-04 9.999998426283207564e-01 -4.940109921096876109e-04 -6.859137738437747758e-04 2.144223739128315633e-03 4.945799974328689199e-04 9.999975788447477143e-01 1.015597733423401899e-02 9.999974370002746582e-01 9.566765511408448219e-04 -2.055683871731162071e-03 9.096807241439819336e-01 -9.589759865775704384e-04 9.999989271163940430e-01 -1.117137144319713116e-03 -1.077780220657587051e-02 2.054618438705801964e-03 1.119109103456139565e-03 9.999971985816955566e-01 1.167628820985555649e-02 4.910771179199218750e+01
4.416905000000000000e+07 9.999998137690250255e-01 5.396646524146599773e-04 -2.849982300008539315e-04 8.681159471895598667e-01 -5.396476404442982671e-04 9.999998526042772617e-01 5.976502307269834161e-05 5.825932997572972824e-04 2.850304410626288299e-04 -5.961121332554034709e-05 9.999999576020760506e-01 1.021087604105131406e-02 9.999991059303283691e-01 9.002760634757578373e-04 9.922073222696781158e-04 8.998615741729736328e-01 -9.036223636940121651e-04 9.999939203262329102e-01 3.369949525222182274e-03 -1.358077861368656158e-02 -9.891703957691788673e-04 -3.370843129232525826e-03 9.999938607215881348e-01 2.485563233494758606e-02 4.902444839477539062e+01
4.427279000000000000e+07 9.999999842004902995e-01 -9.247295945832711029e-05 1.518149243651359826e-04 8.747175366430929300e-01 9.245944404093343449e-05 9.999999917624353696e-01 8.903022311968298707e-05 1.088207153004433015e-03 -1.518231560026824922e-04 -8.901618498968390670e-05 9.999999845129240450e-01 9.987204548078028668e-03 9.999990463256835938e-01 2.384470135439187288e-04 1.376007683575153351e-03 8.891882896423339844e-01 -2.395554911345243454e-04 9.999996423721313477e-01 7.881441270001232624e-04 -1.119185239076614380e-02 -1.375811058096587658e-03 -7.884806836955249310e-04 9.999988079071044922e-01 2.395575307309627533e-02 4.866239929199218750e+01
4.437666000000000000e+07 9.999990287804204625e-01 -6.024972468777444861e-05 1.392410918538208994e-03 8.882009204974683492e-01 5.969056628041676346e-05 9.999999175717010358e-01 4.016137767926338431e-04 1.954803708652568667e-03 -1.392435000883881320e-03 -4.015302729403696729e-04 9.999989499485417710e-01 1.020525699910261597e-02 9.999998807907104492e-01 -2.234925341326743364e-04 9.478334504819940776e-06 8.811853528022766113e-01 2.235831052530556917e-04 9.999999403953552246e-01 6.342713459162041545e-05 -1.664221845567226410e-02 -9.500231499259825796e-06 -6.341269181575626135e-05 1.000000000000000000e+00 2.556697465479373932e-02 4.854585647583007812e+01
4.448054000000000000e+07 9.999953431798928039e-01 4.750727337288519758e-04 3.014618466955182579e-03 8.214200703702347894e-01 -4.792541792449454136e-04 9.999989239860596069e-01 1.386485547036277405e-03 3.517436865037602400e-03 -3.013956541709929011e-03 -1.387923858910000306e-03 9.999944948515544496e-01 1.039014256893670309e-02 9.999997019767761230e-01 -2.044986322289332747e-04 -7.523671374656260014e-04 8.642142415046691895e-01 2.043828862952068448e-04 1.000000000000000000e+00 -1.180447288788855076e-04 -1.305607240647077560e-02 7.523961830884218216e-04 1.178862294182181358e-04 9.999997019767761230e-01 2.265327982604503632e-02 4.873881530761718750e+01
4.458431000000000000e+07 9.999998228269503242e-01 3.654604873748487181e-04 4.698773254250868353e-04 8.113835963511099036e-01 -3.656311243738373973e-04 9.999998672297246705e-01 3.631176319150919624e-04 1.072069965435781596e-03 -4.697445578929237736e-04 -3.632893693548419427e-04 9.999998236804270579e-01 9.825017549408595133e-03 1.000000119209289551e+00 3.967886732425540686e-05 -1.807844382710754871e-04 8.539495468139648438e-01 -3.982726047979667783e-05 9.999998211860656738e-01 -4.828232049476355314e-04 -1.446350757032632828e-02 1.807640219340100884e-04 4.828328383155167103e-04 9.999998807907104492e-01 2.167690545320510864e-02 4.835366439819335938e+01
4.468822000000000000e+07 9.999997061306733492e-01 1.339820267084553180e-04 7.548426377015089294e-04 8.842453710569833092e-01 -1.341567277889374270e-04 9.999999642292732860e-01 2.313945278506789115e-04 1.354181722212971593e-03 -7.548116079937044077e-04 -2.314957270650334149e-04 9.999996883345466658e-01 1.018744745767216978e-02 9.999999403953552246e-01 -1.126128772739320993e-04 -9.361821867059916258e-05 8.398929834365844727e-01 1.127418581745587289e-04 9.999999403953552246e-01 4.705400206148624420e-04 -1.129426341503858566e-02 9.356243390357121825e-05 -4.705561150331050158e-04 9.999998807907104492e-01 2.068766951560974121e-02 4.850646209716796875e+01
4.479218000000000000e+07 9.999968763320264964e-01 1.324397226674074528e-04 2.495953894521982068e-03 7.968060585606641100e-01 -1.358037535230125826e-04 9.999990826678286648e-01 1.347672372020404562e-03 3.492875379054756219e-03 -2.495773119546071568e-03 -1.348007122250406654e-03 9.999959769885322647e-01 1.016198706919142249e-02 9.999999403953552246e-01 1.108063515857793391e-04 3.119546454399824142e-04 8.267101049423217773e-01 -1.111574747483246028e-04 9.999995231628417969e-01 1.001028344035148621e-03 -1.031621824949979782e-02 -3.118476597592234612e-04 -1.001057913526892662e-03 9.999994039535522461e-01 2.159821055829524994e-02 4.825171279907226562e+01
4.489587000000000000e+07 9.999968232714329108e-01 1.688082487437676847e-03 1.871850568581244793e-03 8.035805732364017517e-01 -1.689478014203996169e-03 9.999982959116784365e-01 7.442027781050418933e-04 8.981847948015650625e-04 -1.870591103104316975e-03 -7.473628643598540953e-04 9.999979711667765780e-01 9.993731277295725066e-03 1.000000000000000000e+00 -2.378303033765405416e-04 -2.073301948257721961e-05 8.182089924812316895e-01 2.377908967901021242e-04 9.999998807907104492e-01 1.388273813063278794e-04 -1.009282097220420837e-02 2.070000664389226586e-05 -1.388365344610065222e-04 1.000000000000000000e+00 1.941316388547420502e-02 4.842649459838867188e+01
4.499971000000000000e+07 9.999997892487185736e-01 1.113716883137663640e-04 6.396083825860311668e-04 7.978628165762232660e-01 -1.116727936064538791e-04 9.999998829624295871e-01 4.707486844939199320e-04 1.505866729341033116e-03 -6.395558796542392998e-04 -4.708200121349633851e-04 9.999996846483598656e-01 9.696745518481693013e-03 9.999997615814208984e-01 -3.369158657733350992e-04 6.759413518011569977e-04 8.067482709884643555e-01 3.372413921169936657e-04 9.999998211860656738e-01 -3.690155281219631433e-04 -1.126609276980161667e-02 -6.758081144653260708e-04 3.692403261084109545e-04 9.999997019767761230e-01 1.802876405417919159e-02 4.790044784545898438e+01
4.510355000000000000e+07 9.999969071192975623e-01 6.091891862792673997e-04 2.411356529957968051e-03 7.935522802370886808e-01 -6.120470039698967888e-04 9.999991110733880140e-01 1.184588908215351323e-03 2.748588347302035381e-03 -2.410632747678916402e-03 -1.186061107977059124e-03 9.999963910478548712e-01 1.004991232126484224e-02 9.999977946281433105e-01 -2.174778492189943790e-04 2.084323903545737267e-03 7.984153628349304199e-01 2.178634022129699588e-04 1.000000000000000000e+00 -1.924700627569109201e-04 -1.177599187940359116e-02 -2.084285020828247070e-03 1.929252903209999204e-04 9.999977350234985352e-01 1.803466863930225372e-02 4.790502548217773438e+01
4.520733000000000000e+07 9.999997129201120272e-01 7.387034722768026857e-04 -1.687509631677797269e-04 7.746318292889483592e-01 -7.387052445935168637e-04 9.999997271027485368e-01 -1.044047069521004927e-05 -2.507582635516268253e-04 1.687432047043399390e-04 1.056512491644678112e-05 9.999999857070547282e-01 9.196191792117397110e-03 9.999974966049194336e-01 -1.999271044041961432e-04 2.205474535003304482e-03 7.885468602180480957e-01 2.010317111853510141e-04 9.999998211860656738e-01 -4.666607419494539499e-04 -1.066670194268226624e-02 -2.205386757850646973e-03 4.671118804253637791e-04 9.999974370002746582e-01 1.880673132836818695e-02 4.772483062744140625e+01
4.531122000000000000e+07 9.999985944492002510e-01 -8.477422148864442123e-04 1.446524356688490840e-03 7.364065784928852665e-01 8.463412388552795425e-04 9.999991725184266267e-01 9.688492876544841422e-04 2.980377219440956925e-03 -1.447344494170802734e-03 -9.676236726512620848e-04 9.999984844479982149e-01 9.288400392712925155e-03 9.999983310699462891e-01 -3.907474456354975700e-05 1.825748709961771965e-03 7.736983895301818848e-01 4.098965655430220068e-05 9.999993443489074707e-01 -1.108681084588170052e-03 -2.024433575570583344e-03 -1.825699699111282825e-03 1.108749420382082462e-03 9.999977350234985352e-01 2.138384617865085602e-02 4.784665679931640625e+01
4.541524000000000000e+07 9.999999177509883985e-01 -2.874257873843803052e-04 -2.861545748763259030e-04 7.378644286164461885e-01 2.874640143310732451e-04 9.999999497635796430e-01 1.335562923072692709e-04 8.950723774012834134e-04 2.861161729802184158e-04 -1.336385404614599793e-04 9.999999501391391155e-01 9.061221647056860728e-03 9.999992847442626953e-01 -3.706508723553270102e-04 1.197492703795433044e-03 7.577199935913085938e-01 3.723325207829475403e-04 9.999989271163940430e-01 -1.385810086503624916e-03 5.826602689921855927e-03 -1.196981524117290974e-03 1.386253396049141884e-03 9.999983906745910645e-01 2.225347608327865601e-02 4.826460647583007812e+01
4.551894000000000000e+07 9.999970207883217554e-01 -1.231346911367265642e-03 -2.107652421630780426e-03 7.015771368465271163e-01 1.229419886678868824e-03 9.999988253292667606e-01 -9.153505439165686821e-04 -9.376797232505675820e-05 2.108777059999068261e-03 9.127566268596114469e-04 9.999973599636040600e-01 7.870903584275312434e-03 9.999996423721313477e-01 -3.108900273218750954e-04 7.254155352711677551e-04 7.429409623146057129e-01 3.122813941445201635e-04 9.999980926513671875e-01 -1.989195588976144791e-03 9.047192521393299103e-03 -7.247949833981692791e-04 1.989417476579546928e-03 9.999977350234985352e-01 2.294819056987762451e-02 4.818592071533203125e+01
4.562298000000000000e+07 9.999981737262255699e-01 -1.620511428976769081e-03 -1.013156974965201320e-03 7.244065142874646090e-01 1.620242745223525503e-03 9.999986520387253996e-01 -2.659591651930751132e-04 9.861171034957895258e-04 1.013586599119928062e-03 2.643171193005344278e-04 9.999994513892028758e-01 8.307172134981421693e-03 9.999999403953552246e-01 -5.318465991877019405e-04 1.101090947486227378e-05 7.268495559692382812e-01 5.318997427821159363e-04 9.999991059303283691e-01 -1.175466459244489670e-03 4.528725985437631607e-03 -1.037854872265597805e-05 1.175480778329074383e-03 9.999992847442626953e-01 2.070686593651771545e-02 4.810163116455078125e+01
4.572654000000000000e+07 9.999994524724383771e-01 -1.044204815844458146e-03 6.849227315894166777e-05 7.317578007494424108e-01 1.044183363292243904e-03 9.999994060114120176e-01 3.125027968182535611e-04 1.778511472279887488e-03 -6.881854938121917788e-05 -3.124311072264963495e-04 9.999999488254069924e-01 8.875056615861754913e-03 9.999994039535522461e-01 -9.533588890917599201e-04 3.996284212917089462e-04 7.184205055236816406e-01 9.532357216812670231e-04 9.999994039535522461e-01 4.855745646636933088e-04 1.647858135402202606e-02 -4.000953922513872385e-04 -4.852007259614765644e-04 9.999998211860656738e-01 2.247090078890323639e-02 4.847135925292968750e+01
4.583109000000000000e+07 9.999973862608403374e-01 -1.608583522499574441e-03 -1.624786294259346515e-03 6.868979002484055796e-01 1.607473631141386654e-03 9.999984739653930976e-01 -6.841749693051047809e-04 7.323398851110926372e-04 1.625884367369120117e-03 6.815613799074713829e-04 9.999984459858362040e-01 7.834230514590425146e-03 9.999993443489074707e-01 -1.154758851043879986e-03 -4.032990909763611853e-05 6.934376358985900879e-01 1.154657336883246899e-03 9.999979138374328613e-01 -1.670031808316707611e-03 8.197417482733726501e-03 4.225945667712949216e-05 1.669982913881540298e-03 9.999985694885253906e-01 1.908304728567600250e-02 4.839001464843750000e+01
4.593431000000000000e+07 9.999968930738314388e-01 -2.061103004016265946e-03 -1.402033250501212233e-03 6.200137157138417843e-01 2.059853457506191730e-03 9.999974805777374076e-01 -8.920997861431729506e-04 1.322415712124367032e-03 1.403868427693869859e-03 8.892090314836165665e-04 9.999986192294468834e-01 7.135742187133061257e-03 9.999958276748657227e-01 -2.559872111305594444e-03 -1.329450984485447407e-03 6.853449344635009766e-01 2.557556377723813057e-03 9.999953508377075195e-01 -1.686793752014636993e-03 9.869664907455444336e-03 1.333763008005917072e-03 1.683395006693899632e-03 9.999976754188537598e-01 1.996728964149951935e-02 4.820310211181640625e+01
4.603818000000000000e+07 9.999831370159130151e-01 -5.762357430037607156e-03 7.217484515736781112e-04 6.543656353794489178e-01 5.761596357808545718e-03 9.999828483348146557e-01 1.052161474697009807e-03 7.320862557301698742e-03 -7.277990028475679954e-04 -1.047985308885422424e-03 9.999991860173745861e-01 8.167098104296947186e-03 9.999889135360717773e-01 -4.570886958390474319e-03 -1.114120823331177235e-03 6.716343760490417480e-01 4.567999858409166336e-03 9.999859333038330078e-01 -2.688440028578042984e-03 6.142505910247564316e-03 1.126392744481563568e-03 2.683322178199887276e-03 9.999958276748657227e-01 1.842843741178512573e-02 4.846652984619140625e+01
4.614205000000000000e+07 9.999963825195836709e-01 -2.509535131216572568e-03 -9.680812609552342856e-04 6.044187156348129752e-01 2.509058316202027877e-03 9.999967305680627083e-01 -4.934366143744111375e-04 2.253351718577145928e-03 9.693163923716040806e-04 4.910058570909884386e-04 9.999994096693284318e-01 7.094801618489174344e-03 9.999769926071166992e-01 -6.770487874746322632e-03 -6.162774516269564629e-04 6.606052517890930176e-01 6.768664345145225525e-03 9.999732375144958496e-01 -2.769273938611149788e-03 1.002398878335952759e-02 6.350087933242321014e-04 2.765033394098281860e-03 9.999960064888000488e-01 1.758686639368534088e-02 4.843164825439453125e+01
4.624592000000000000e+07 9.999778851544621761e-01 -6.536974898472661805e-03 1.223586290482525651e-03 6.264188929161160768e-01 6.535351585818690440e-03 9.999777651871190054e-01 1.326014050180172009e-03 8.021298150955988651e-03 -1.232227204396807441e-03 -1.317988159384005965e-03 9.999983722604213199e-01 7.848259964893232812e-03 9.999482035636901855e-01 -1.017195265740156174e-02 -1.907051191665232182e-04 6.474807262420654297e-01 1.017143018543720245e-02 9.999448060989379883e-01 -2.650076290592551231e-03 9.627595543861389160e-03 2.176536072511225939e-04 2.647998277097940445e-03 9.999964237213134766e-01 1.459326781332492828e-02 4.872124862670898438e+01
4.634968000000000000e+07 9.999159298601354440e-01 -1.296265729919418921e-02 3.205358689557409602e-04 6.226431677312760371e-01 1.296256915845042310e-02 9.999159444130498731e-01 2.755447827024415592e-04 1.141452650321966335e-02 -3.240807183858655793e-04 -2.713666496315436443e-04 9.999999106659189785e-01 6.691373775678945146e-03 9.999301433563232422e-01 -1.179777737706899643e-02 6.942375912331044674e-04 6.374394893646240234e-01 1.179937180131673813e-02 9.999278783798217773e-01 -2.235504100099205971e-03 1.192992739379405975e-02 -6.678171921521425247e-04 2.243541181087493896e-03 9.999972581863403320e-01 1.349724363535642624e-02 4.855987167358398438e+01
4.645343000000000000e+07 9.999057808169858896e-01 -1.372377082697633088e-02 2.959866377400612080e-04 6.411313218995329244e-01 1.372373233630104494e-02 9.999058164823730888e-01 1.316833545330735322e-04 1.178574565428235424e-02 -2.977659528092178832e-04 -1.276089061522274470e-04 9.999999475257022041e-01 6.824647015112044086e-03 9.999063014984130859e-01 -1.368019450455904007e-02 4.917797632515430450e-04 6.262013316154479980e-01 1.368079241365194321e-02 9.999051690101623535e-01 -1.590405707247555256e-03 1.799213327467441559e-02 -4.699699056800454855e-04 1.596981426700949669e-03 9.999986290931701660e-01 1.505949720740318298e-02 4.894124984741210938e+01
4.655722000000000000e+07 9.998757417204001685e-01 -1.575407664202240626e-02 5.569553067826161661e-04 6.472340097317536012e-01 1.575391031105718986e-02 9.998758539187767580e-01 3.017798454245930288e-04 1.351155023023558298e-02 -5.616404255707586153e-04 -2.929681232190739460e-04 9.999997993648442884e-01 7.128340727156966955e-03 9.998623132705688477e-01 -1.657268777489662170e-02 8.273908169940114021e-04 6.180890798568725586e-01 1.657455973327159882e-02 9.998601675033569336e-01 -2.226662356406450272e-03 1.491479296237230301e-02 -7.903792429715394974e-04 2.240074099972844124e-03 9.999971985816955566e-01 1.432045828551054001e-02 4.935331344604492188e+01
4.666097000000000000e+07 9.998175233667337958e-01 -1.910011125366236143e-02 -3.251765064368546836e-04 6.147893949125204927e-01 1.910003999621627882e-02 9.998175532161659440e-01 -2.208479806838188283e-04 1.572734215494416693e-02 3.293353997926633746e-04 2.145967971662317644e-04 9.999999227432059268e-01 6.264676412649649966e-03 9.997999072074890137e-01 -2.000006474554538727e-02 2.599054423626512289e-04 6.109964251518249512e-01 2.000089921057224274e-02 9.997926950454711914e-01 -3.810602938756346703e-03 7.231802213937044144e-03 -1.836454903241246939e-04 3.815044183284044266e-03 9.999926686286926270e-01 1.260640565305948257e-02 4.927580642700195312e+01
4.676455000000000000e+07 9.998108751505484504e-01 -1.943289213208635943e-02 -7.593785782433393932e-04 5.899630642972867323e-01 1.943244492350066147e-02 9.998109970067724506e-01 -5.919209007082380401e-04 1.562176890201451111e-02 7.707377877801377440e-04 5.770523722140882090e-04 9.999995364868303760e-01 5.715807470131914134e-03 9.997387528419494629e-01 -2.285046316683292389e-02 3.822131257038563490e-04 5.999745726585388184e-01 2.285161986947059631e-02 9.997328519821166992e-01 -3.453195560723543167e-03 1.393937785178422928e-02 -3.031946835108101368e-04 3.461029613390564919e-03 9.999939203262329102e-01 9.562309831380844116e-03 4.909897613525390625e+01
4.686831000000000000e+07 9.997177886979403683e-01 -2.374297669499759317e-02 7.835914272380198504e-04 5.766841455693949570e-01 2.374177265910133727e-02 9.997169814930798593e-01 1.511668721572407594e-03 2.177274078572721122e-02 -8.192611717809758932e-04 -1.492638261948733662e-03 9.999985504200172848e-01 7.351527830400965934e-03 9.996516704559326172e-01 -2.636162377893924713e-02 1.233327318914234638e-03 5.914833545684814453e-01 2.636256068944931030e-02 9.996522665023803711e-01 -6.582826608791947365e-04 2.031451649963855743e-02 -1.215546857565641403e-03 6.905626505613327026e-04 9.999989867210388184e-01 4.486469086259603500e-03 4.914883041381835938e+01
4.697193000000000000e+07 9.995951853554585487e-01 -2.843417347421686725e-02 9.814467300121236353e-04 5.838285634403009849e-01 2.843240689312251379e-02 9.995941515778710151e-01 1.769297700570937170e-03 2.608340512516389709e-02 -1.031356926397865737e-03 -1.740676571758304359e-03 9.999979531719995762e-01 7.744314254305662004e-03 9.995750784873962402e-01 -2.909403666853904724e-02 1.810887712053954601e-03 5.725790262222290039e-01 2.908962592482566833e-02 9.995738863945007324e-01 2.404615050181746483e-03 3.323058411478996277e-02 -1.880080788396298885e-03 -2.350920345634222031e-03 9.999954700469970703e-01 4.807795397937297821e-03 4.929750442504882812e+01
4.707556000000000000e+07 9.995154982055463044e-01 -3.109978925485542070e-02 1.253768086174373133e-03 5.958276966762706683e-01 3.109719433971066746e-02 9.995142862799023531e-01 2.038628390730603916e-03 2.858543046913671754e-02 -1.316560028482166101e-03 -1.998652000925933876e-03 9.999971360257726705e-01 8.346324066784756995e-03 9.995143413543701172e-01 -3.109994344413280487e-02 1.987584168091416359e-03 5.633704066276550293e-01 3.109238483011722565e-02 9.995095729827880859e-01 3.727426286786794662e-03 3.464435040950775146e-02 -2.102530561387538910e-03 -3.663807176053524017e-03 9.999911189079284668e-01 3.037808230146765709e-03 4.913526535034179688e+01
4.717917000000000000e+07 9.994285371075243285e-01 -3.378011845530591584e-02 1.225883183278722588e-03 5.980370380493279514e-01 3.377754027422087690e-02 9.994272402888098039e-01 2.066184644521282254e-03 3.097534107540658027e-02 -1.294977010194278688e-03 -2.023596577228128912e-03 9.999971140414961601e-01 8.667390013899158377e-03 9.994227886199951172e-01 -3.392699360847473145e-02 1.774259726516902447e-03 5.538266301155090332e-01 3.391941264271736145e-02 9.994161128997802734e-01 4.108067136257886887e-03 3.714922815561294556e-02 -1.912593259476125240e-03 -4.045517183840274811e-03 9.999899864196777344e-01 3.934857901185750961e-03 4.924857711791992188e+01
4.728292000000000000e+07 9.993456190935210426e-01 -3.614809990962385838e-02 1.283975959788208679e-03 6.075952979808405541e-01 3.614522613999471973e-02 9.993441372886504581e-01 2.194998205933152563e-03 3.324230929985462490e-02 -1.362478854920306723e-03 -2.147152244080251932e-03 9.999967666893814222e-01 9.113176489895766924e-03 9.993134140968322754e-01 -3.700768575072288513e-02 1.711153774522244930e-03 5.389200448989868164e-01 3.700210899114608765e-02 9.993101358413696289e-01 3.192464355379343033e-03 5.368736386299133301e-02 -1.828129286877810955e-03 -3.126956988126039505e-03 9.999934434890747070e-01 -2.992245601490139961e-03 4.927817535400390625e+01
4.738654000000000000e+07 9.991331172236052049e-01 -4.161566844480671379e-02 1.072477604160032832e-03 5.828083599044230345e-01 4.161340527822311730e-02 9.991316787281983025e-01 2.052575017581569506e-03 3.748678982808943683e-02 -1.156965630370298311e-03 -2.006166230492050558e-03 9.999973183601992277e-01 8.371714392771012481e-03 9.991597533226013184e-01 -4.090334102511405945e-02 2.603472210466861725e-03 5.347512364387512207e-01 4.090246930718421936e-02 9.991630315780639648e-01 3.792795469053089619e-04 3.743909299373626709e-02 -2.616806421428918839e-03 -2.724759397096931934e-04 9.999965429306030273e-01 1.299152849242091179e-03 4.909302520751953125e+01
4.749016000000000000e+07 9.990220630078798791e-01 -4.420369178292597734e-02 9.753416134892058456e-04 5.481911820286470283e-01 4.420185193967059167e-02 9.990209379717860383e-01 1.833525058380959267e-03 3.961866951728648667e-02 -1.055435268673634956e-03 -1.788620081614438178e-03 9.999978434450118581e-01 6.813981252289482912e-03 9.989877939224243164e-01 -4.496521502733230591e-02 1.235333504155278206e-03 5.214343667030334473e-01 4.495847597718238831e-02 9.989758729934692383e-01 5.092129576951265335e-03 4.182476550340652466e-02 -1.463036518543958664e-03 -5.031440407037734985e-03 9.999862313270568848e-01 3.132962621748447418e-03 4.905113601684570312e+01
4.759387000000000000e+07 9.988352204500757781e-01 -4.824298661441590169e-02 9.037196947852079755e-04 5.358346749426889932e-01 4.824151374489247385e-02 9.988344408260838581e-01 1.586269086644536341e-03 4.316044922624670543e-02 -9.791927117808428560e-04 -1.540824628302014032e-03 9.999983335192164091e-01 5.315715619567173977e-03 9.989123940467834473e-01 -4.661874845623970032e-02 -7.812248077243566513e-04 5.029608011245727539e-01 4.662341624498367310e-02 9.988811016082763672e-01 7.917472161352634430e-03 6.767658889293670654e-02 4.112542665097862482e-04 -7.945286110043525696e-03 9.999683499336242676e-01 2.805056981742382050e-03 4.919574356079101562e+01
4.769741000000000000e+07 9.988882530270593030e-01 -4.713338226664120362e-02 8.380095757150640744e-04 4.934352332992059664e-01 4.713190750596609607e-02 9.988872272116492423e-01 1.700184602521089428e-03 4.280091141972357932e-02 -9.172125115665278943e-04 -1.658797437985047585e-03 9.999982035545362802e-01 5.626329484123575655e-03 9.989341497421264648e-01 -4.610505327582359314e-02 -2.220589900389313698e-03 4.990376830101013184e-01 4.612888768315315247e-02 9.988608360290527344e-01 1.221569720655679703e-02 5.575592443346977234e-02 1.654848689213395119e-03 -1.230510883033275604e-02 9.999229311943054199e-01 1.589203369803726673e-03 4.924214553833007812e+01
4.780116000000000000e+07 9.989537559576433523e-01 -4.572482889484080076e-02 7.959085443461689537e-04 4.814996211843957652e-01 4.572340242727685605e-02 9.989526461514919298e-01 1.726617256657853559e-03 4.160156736807138489e-02 -8.740242254791585029e-04 -1.688419146784200277e-03 9.999981926595769011e-01 5.767386186658847447e-03 9.989327192306518555e-01 -4.613068327307701111e-02 -2.331270137801766396e-03 4.919528365135192871e-01 4.614994302392005920e-02 9.988932609558105469e-01 9.078837931156158447e-03 5.398980900645256042e-02 1.909869723021984100e-03 -9.176742285490036011e-03 9.999560117721557617e-01 9.515490964986383915e-04 4.906022262573242188e+01
4.790491000000000000e+07 9.988310152974879674e-01 -4.830581178460630065e-02 1.775266760555139871e-03 4.323350541418355952e-01 4.830111152742494474e-02 9.988294324491916454e-01 2.601469409412703309e-03 4.564054758593162620e-02 -1.898854774909812700e-03 -2.512680979162341694e-03 9.999950403804278576e-01 7.591958264370039962e-03 9.988446235656738281e-01 -4.793611913919448853e-02 -3.397932508960366249e-03 4.849911332130432129e-01 4.795943200588226318e-02 9.988237619400024414e-01 7.135862018913030624e-03 6.602889299392700195e-02 3.051884006708860397e-03 -7.290571928024291992e-03 9.999688267707824707e-01 7.799262180924415588e-03 4.897654342651367188e+01
4.800860000000000000e+07 9.987505434171805030e-01 -4.994725123485973389e-02 1.619876672673415145e-03 4.573192593275907103e-01 4.994337634590379632e-02 9.987492853982159469e-01 2.350310207632471966e-03 4.664443841952379405e-02 -1.735242209112389635e-03 -2.266471482831329109e-03 9.999959260122562865e-01 6.847623614432196693e-03 9.987773299217224121e-01 -4.939213395118713379e-02 -2.069859765470027924e-03 4.844338893890380859e-01 4.939678683876991272e-02 9.987767934799194336e-01 2.220926340669393539e-03 3.800449520349502563e-02 1.957620726898312569e-03 -2.320462837815284729e-03 9.999954104423522949e-01 5.274056922644376755e-03 4.904089736938476562e+01
4.811229000000000000e+07 9.986949916498170099e-01 -5.105077384555854053e-02 1.460165724667178725e-03 4.619314432934038539e-01 5.104758278500993313e-02 9.986939185909912142e-01 2.145041195656254961e-03 4.711181239250769592e-02 -1.567764644777685156e-03 -2.067703966514631512e-03 9.999966333514189731e-01 6.707395125562734366e-03 9.987428784370422363e-01 -5.012394860386848450e-02 2.829585282597690821e-04 4.825597107410430908e-01 5.012354999780654907e-02 9.987421631813049316e-01 1.251784386113286018e-03 5.853827297687530518e-02 -3.453459066804498434e-04 -1.236025709658861160e-03 9.999991655349731445e-01 3.209485439583659172e-03 4.908009719848632812e+01
4.821606000000000000e+07 9.987096679882212502e-01 -5.074554742460558182e-02 1.971917440710481244e-03 4.343641569401758828e-01 5.074028211871627753e-02 9.987084080610143522e-01 2.634276690492432828e-03 4.771252565964610032e-02 -2.103048342039036574e-03 -2.530821950690486342e-03 9.999945860492545080e-01 7.943324832880445038e-03 9.987559318542480469e-01 -4.984053969383239746e-02 1.569850021041929722e-03 4.810168147087097168e-01 4.983979463577270508e-02 9.987571835517883301e-01 4.993400652892887592e-04 3.722304105758666992e-02 -1.592776039615273476e-03 -4.204720316920429468e-04 9.999986290931701660e-01 9.631855413317680359e-03 4.899020767211914062e+01
4.831978000000000000e+07 9.987207471823910110e-01 -5.052486011336040916e-02 2.026725558527359833e-03 4.323327578190196974e-01 5.051936895057088095e-02 9.987194995219689231e-01 2.674807264321136559e-03 4.760413184348880056e-02 -2.159274600489934776e-03 -2.568996611623338387e-03 9.999943688788585083e-01 8.120599599417599804e-03 9.987356066703796387e-01 -5.016458779573440552e-02 3.272263100370764732e-03 4.781493544578552246e-01 5.013852193951606750e-02 9.987132549285888672e-01 7.613965310156345367e-03 4.648131504654884338e-02 -3.650013590231537819e-03 -7.440280169248580933e-03 9.999656677246093750e-01 1.188797131180763245e-02 4.907811355590820312e+01
4.842363000000000000e+07 9.985793815581012201e-01 -5.322250128187812346e-02 2.565948625535765734e-03 4.371555603866389417e-01 5.321476296452132271e-02 9.985785985606276949e-01 2.995247458089180664e-03 5.057528433833196474e-02 -2.721715943704725894e-03 -2.854446006822003098e-03 9.999922221699325542e-01 8.514015996940130920e-03 9.987218976020812988e-01 -5.029915645718574524e-02 4.963609389960765839e-03 4.799546003341674805e-01 5.024094879627227783e-02 9.986740350723266602e-01 1.122235693037509918e-02 7.761837542057037354e-02 -5.521499086171388626e-03 -1.095864083617925644e-02 9.999247193336486816e-01 1.239893026649951935e-02 4.910467147827148438e+01
4.852742000000000000e+07 9.986207281355248266e-01 -5.249655880340883818e-02 8.675908141259525315e-04 4.805282193698225957e-01 5.249537590493258410e-02 9.986202759388578265e-01 1.334186780754019605e-03 4.636681180624319110e-02 -9.364339914491074616e-04 -1.286802069610241484e-03 9.999987336151332507e-01 5.666951036246120621e-03 9.987134933471679688e-01 -5.056367814540863037e-02 3.832921851426362991e-03 4.698882699012756348e-01 5.054665356874465942e-02 9.987120032310485840e-01 4.416082054376602173e-03 4.551460593938827515e-02 -4.051276482641696930e-03 -4.216658882796764374e-03 9.999828934669494629e-01 1.348183490335941315e-02 4.903734588623046875e+01
4.863119000000000000e+07 9.985123894311940251e-01 -5.452151734742931993e-02 6.421589934819710473e-04 4.556731531845113481e-01 5.452105038527014363e-02 9.985123592793884173e-01 7.235335715637260896e-04 4.589978730724297157e-02 -6.806518388867419719e-04 -6.874460533813809985e-04 9.999995320654003761e-01 5.801555839817043071e-03 9.986515045166015625e-01 -5.190365388989448547e-02 -1.106911338865756989e-03 4.621630311012268066e-01 5.189964920282363892e-02 9.986466169357299805e-01 -3.382438793778419495e-03 2.912758849561214447e-02 1.280971802771091461e-03 3.320434130728244781e-03 9.999936819076538086e-01 1.009846385568380356e-02 4.905308914184570312e+01
4.873491000000000000e+07 9.985951699137223248e-01 -5.298647053075045132e-02 -3.469043349787901331e-04 4.507022361288279266e-01 5.298644208916199194e-02 9.985952275618904528e-01 -9.067688231740786680e-05 4.275388684543028617e-02 3.512216616258374271e-04 7.216826877975803032e-05 9.999999357175355374e-01 5.234881255096418204e-03 9.986660480499267578e-01 -5.160968378186225891e-02 -1.591909793205559254e-03 4.651051163673400879e-01 5.159584060311317444e-02 9.986377954483032227e-01 -7.765121292322874069e-03 4.947876930236816406e-02 1.990488497540354729e-03 7.672624196857213974e-03 9.999685883522033691e-01 1.034957729279994965e-02 4.901382446289062500e+01
4.883878000000000000e+07 9.985080302055828749e-01 -5.459592501195001391e-02 -9.993496807569309318e-04 4.581636151790260403e-01 5.459461312910160458e-02 9.985077608844662445e-01 -1.296064628662516992e-03 4.135760571767939375e-02 1.068618256733463827e-03 1.239571832317522704e-03 9.999986607575007680e-01 4.594775064931296178e-03 9.986945390701293945e-01 -5.103088170289993286e-02 -2.252459991723299026e-03 4.540058076381683350e-01 5.102430656552314758e-02 9.986933469772338867e-01 -2.851547207683324814e-03 3.352510184049606323e-02 2.395039424300193787e-03 2.732894383370876312e-03 9.999933838844299316e-01 1.048799883574247360e-02 4.892230224609375000e+01
4.894253000000000000e+07 9.985592085859060774e-01 -5.365746314337576511e-02 6.192725279235186241e-04 4.672523167213386008e-01 5.365691895348118773e-02 9.985590558453392163e-01 8.642562301854495727e-04 4.575602391766491611e-02 -6.647539891719525963e-04 -8.297827602060225266e-04 9.999994347811732576e-01 5.409130723335504182e-03 9.987249374389648438e-01 -5.047190934419631958e-02 -1.012270455248653889e-03 4.592937231063842773e-01 5.047131702303886414e-02 9.987252354621887207e-01 -7.272404618561267853e-04 6.019007787108421326e-02 1.047681202180683613e-03 6.752160843461751938e-04 9.999992251396179199e-01 1.109837181866168976e-02 4.889324951171875000e+01
4.904641000000000000e+07 9.985541984920345282e-01 -5.374959747705870122e-02 -7.023868712395554825e-04 4.665136430984043736e-01 5.374898647513092625e-02 9.985541066873618865e-01 -8.616107165575470888e-04 4.165172371482479124e-02 7.476825254863551148e-04 8.226124147244846981e-04 9.999993821396163662e-01 4.087317853729624355e-03 9.987497329711914062e-01 -4.994739592075347900e-02 -2.076878678053617477e-03 4.434989988803863525e-01 4.995058104395866394e-02 9.987504482269287109e-01 1.541970996186137199e-03 4.669569805264472961e-02 1.997270155698060989e-03 -1.643779687583446503e-03 9.999966621398925781e-01 6.052862387150526047e-03 4.914732742309570312e+01
4.915028000000000000e+07 9.986562414522565101e-01 -5.181291708918353556e-02 -1.064370685278303317e-03 4.471615992329425193e-01 5.181173266274016753e-02 9.986562512520510415e-01 -1.111776722226654000e-03 3.933897164498205423e-02 1.120544836689003248e-03 1.055135870271910973e-03 9.999988155330161721e-01 5.234753638216411119e-03 9.987296462059020996e-01 -5.034510418772697449e-02 -2.108800690621137619e-03 4.394825696945190430e-01 5.034261569380760193e-02 9.987313151359558105e-01 -1.212973264046013355e-03 3.930899873375892639e-02 2.167196478694677353e-03 1.105274888686835766e-03 9.999970197677612305e-01 5.748686380684375763e-03 4.940044784545898438e+01
4.925403000000000000e+07 9.985932797185385068e-01 -5.301872797633114254e-02 -6.901695649443251790e-04 4.883411774449831211e-01 5.301819173077308711e-02 9.985932472076958222e-01 -7.733861105992935426e-04 4.147609604754057266e-02 7.302026126760212442e-04 7.357066323504596805e-04 9.999994627698319816e-01 3.846411867253480936e-03 9.986870884895324707e-01 -5.122436955571174622e-02 -8.829645230434834957e-05 4.531438946723937988e-01 5.122341215610504150e-02 9.986758828163146973e-01 -4.759395495057106018e-03 4.807464778423309326e-02 3.319682145956903696e-04 4.748621024191379547e-03 9.999887347221374512e-01 4.072003066539764404e-03 4.886009597778320312e+01
4.935791000000000000e+07 9.988881072517056259e-01 -4.714386956520746907e-02 6.931318376333903716e-05 4.703710103157855982e-01 4.714376769645306497e-02 9.988875331988167350e-01 1.077607621362925696e-03 4.139633454107536498e-02 -1.200386671328972836e-04 -1.073141752731590496e-03 9.999994169785918485e-01 5.810975624994937222e-03 9.988798499107360840e-01 -4.731027036905288696e-02 -9.004697203636169434e-04 4.485619664192199707e-01 4.730729386210441589e-02 9.988757967948913574e-01 -3.033534623682498932e-03 3.295394033193588257e-02 1.042981282807886600e-03 2.987536834552884102e-03 9.999949336051940918e-01 8.769035339355468750e-03 4.910432052612304688e+01
4.946178000000000000e+07 9.989294639592291025e-01 -4.625826186854885974e-02 3.148873586645874190e-04 4.997683900121128731e-01 4.625778959675320295e-02 9.989285952040426464e-01 1.370582448792242265e-03 4.131411677960523943e-02 -3.779507512878012288e-04 -1.354549197033864298e-03 9.999990111743212173e-01 5.477389622901378957e-03 9.989975690841674805e-01 -4.470844939351081848e-02 2.256498904898762703e-03 4.684607982635498047e-01 4.469786584377288818e-02 9.989901185035705566e-01 4.549278877675533295e-03 5.475511401891708374e-02 -2.457611029967665672e-03 -4.443861544132232666e-03 9.999870657920837402e-01 1.100702211260795593e-02 4.886931228637695312e+01
4.956578000000000000e+07 9.989822173297652208e-01 -4.510523675922011033e-02 2.168071144510682648e-04 5.178730115416648738e-01 4.510498636555800023e-02 9.989817036365801206e-01 1.046868572300916136e-03 3.946191404819536508e-02 -2.638055969914668807e-04 -1.036024005293281411e-03 9.999994285302507002e-01 5.810114389340805159e-03 9.990961551666259766e-01 -4.222025722265243530e-02 4.946812521666288376e-03 4.664337933063507080e-01 4.220766946673393250e-02 9.991054534912109375e-01 2.628759713843464851e-03 3.537813946604728699e-02 -5.053373519331216812e-03 -2.417589770630002022e-03 9.999843239784240723e-01 1.489291526377201080e-02 4.894617462158203125e+01
4.966978000000000000e+07 9.993476155417138074e-01 -3.611458115750363490e-02 2.835230142583912774e-04 4.703191889613875243e-01 3.611423099943002896e-02 9.993470000230278982e-01 1.155816044405259249e-03 3.263097585125830646e-02 -3.250796845978938185e-04 -1.144822792741530823e-03 9.999992918517603968e-01 5.586028141591522188e-03 9.992629289627075195e-01 -3.813807293772697449e-02 4.347841721028089523e-03 4.707559049129486084e-01 3.814891353249549866e-02 9.992690086364746094e-01 -2.455058041960000992e-03 2.463886328041553497e-02 -4.251036327332258224e-03 2.619125181809067726e-03 9.999875426292419434e-01 1.377921085804700851e-02 4.874095916748046875e+01
4.977378000000000000e+07 9.993800777313446293e-01 -3.520596910037921551e-02 1.606916160803387866e-06 4.711192926878770559e-01 3.520595202898201687e-02 9.993796360463381712e-01 9.402270097564610152e-04 3.163581631430538443e-02 -3.470752156154149198e-05 -9.395875690973030025e-04 9.999995579852066774e-01 5.877033580423406643e-03 9.994212985038757324e-01 -3.386954963207244873e-02 3.180808853358030319e-03 4.766673445701599121e-01 3.388276696205139160e-02 9.994171261787414551e-01 -4.180798772722482681e-03 1.981890760362148285e-02 -3.037357470020651817e-03 4.286150448024272919e-03 9.999862909317016602e-01 1.326970104128122330e-02 4.876047897338867188e+01
4.987803000000000000e+07 9.995682697045166210e-01 -2.938151441365724481e-02 2.831542273753077433e-05 4.769693878315290347e-01 2.938147984276463093e-02 9.995679111373934056e-01 8.483264431233295292e-04 2.669498516844211883e-02 -5.322830383207977469e-05 -8.471282458625994287e-04 9.999996397701728101e-01 5.880989143842970182e-03 9.995444416999816895e-01 -3.015483170747756958e-02 1.184889697469770908e-03 4.740171432495117188e-01 3.015495836734771729e-02 9.995452761650085449e-01 -1.167729424196295440e-04 2.029560692608356476e-02 -1.180826453492045403e-03 1.524490653537213802e-04 9.999992251396179199e-01 1.283942721784114838e-02 4.850252914428710938e+01
4.998218000000000000e+07 9.997319471870621532e-01 -2.314778438775736552e-02 -4.624348767727905034e-04 4.450293464995538351e-01 2.314802468581807909e-02 9.997319127014760998e-01 5.212234688661081770e-04 2.171528579289130553e-02 4.502457352560077126e-04 -5.317882075003750077e-04 9.999997572400082246e-01 5.151182162742466014e-03 9.996574521064758301e-01 -2.613205276429653168e-02 1.450293348170816898e-03 4.835911989212036133e-01 2.612989023327827454e-02 9.996572732925415039e-01 1.559738884679973125e-03 2.345185354351997375e-02 -1.490560825914144516e-03 -1.521313912235200405e-03 9.999977946281433105e-01 1.120361965149641037e-02 4.852012634277343750e+01
5.008641000000000000e+07 9.998230134979344541e-01 -1.880034522023107946e-02 -6.990765646781957766e-04 4.404929546911365290e-01 1.880078664346532258e-02 9.998230509080479056e-01 6.303197934939787014e-04 1.802947761899581502e-02 6.871026342867194835e-04 -6.433514244243267524e-04 9.999995569943699314e-01 5.422157918056189595e-03 9.997667670249938965e-01 -2.159289084374904633e-02 -4.788561782333999872e-04 4.860194027423858643e-01 2.159368619322776794e-02 9.997649788856506348e-01 1.902338932268321514e-03 1.882719993591308594e-02 4.376690485514700413e-04 -1.912232604809105396e-03 9.999980926513671875e-01 9.450780227780342102e-03 4.867177581787109375e+01
5.019069000000000000e+07 9.998225976289086825e-01 -1.881301711375604063e-02 -9.185107662024107490e-04 4.806521644898417156e-01 1.881296281816292187e-02 9.998230182630750695e-01 -6.771761603246615694e-05 1.668346606447807315e-02 9.196221792272605677e-04 5.042569408708651776e-05 9.999995758760636955e-01 4.874336925784186238e-03 9.998483061790466309e-01 -1.741707511246204376e-02 -3.085135249421000481e-04 4.941933155059814453e-01 1.741734147071838379e-02 9.998478889465332031e-01 9.816008387133479118e-04 1.483990903943777084e-02 2.913724456448107958e-04 -9.868289344012737274e-04 9.999994635581970215e-01 9.352875873446464539e-03 4.813609695434570312e+01
5.029505000000000000e+07 9.999430503858969255e-01 -1.067217091481303774e-02 2.734741405095036677e-05 4.903039889744278401e-01 1.067214134753441575e-02 9.999426304077763117e-01 9.172170772692615293e-04 1.109323974170149316e-02 -3.713454298792130941e-05 -9.168729866272203521e-04 9.999995789823687975e-01 6.904109296683183516e-03 9.999028444290161133e-01 -1.393254101276397705e-02 -3.095314023084938526e-04 5.009052753448486328e-01 1.393293030560016632e-02 9.999019503593444824e-01 1.432263990864157677e-03 1.352372393012046814e-02 2.895422803703695536e-04 -1.436439692042768002e-03 9.999988675117492676e-01 1.085686124861240387e-02 4.770684814453125000e+01
5.039930000000000000e+07 9.999624042950678859e-01 -8.631351647768473190e-03 -8.305193410219068343e-04 4.902719243923721049e-01 8.631368233876564322e-03 9.999627489117128842e-01 1.638851233177011371e-05 8.420362006373883004e-03 8.303469482533080504e-04 -2.355641471720968663e-05 9.999996549844480942e-01 5.742100028145007140e-03 9.999394416809082031e-01 -1.097153406590223312e-02 -9.040538570843636990e-04 5.094118118286132812e-01 1.097361836582422256e-02 9.999372363090515137e-01 2.249266020953655243e-03 1.231762673705816269e-02 8.793197921477258205e-04 -2.259049564599990845e-03 9.999970793724060059e-01 1.068706531077623367e-02 4.727753448486328125e+01
5.050368000000000000e+07 9.999829416771579549e-01 -5.795503240526083885e-03 7.269791633236293536e-04 5.467045712929899937e-01 5.794808854671091095e-03 9.999827552105106099e-01 9.536633425548564358e-04 6.284133320252386148e-03 -7.324935854194137598e-04 -9.494343695901456825e-04 9.999992810135424071e-01 6.780006707621105688e-03 9.999591708183288574e-01 -8.816654793918132782e-03 -1.944137737154960632e-03 5.173401236534118652e-01 8.821531198918819427e-03 9.999579191207885742e-01 2.540807239711284637e-03 1.021570060402154922e-02 1.921659568324685097e-03 -2.557855099439620972e-03 9.999948740005493164e-01 8.415220305323600769e-03 4.717200088500976562e+01
5.060803000000000000e+07 9.999588130068608471e-01 -9.003308158186422092e-03 -1.145745186860706259e-03 4.998615001236456634e-01 9.002920341842886656e-03 9.999594139984211427e-01 -3.431926111252875042e-04 8.110141790187578095e-03 1.148788554483475607e-03 3.328634233934904887e-04 9.999992847431427023e-01 5.192215499996307403e-03 9.999710321426391602e-01 -7.407160941511392593e-03 -1.750538707710802555e-03 5.263633728027343750e-01 7.405856624245643616e-03 9.999722838401794434e-01 -7.818003068678081036e-04 4.708622116595506668e-03 1.756280194967985153e-03 7.688215118832886219e-04 9.999981522560119629e-01 5.833507515490055084e-03 4.681804656982421875e+01
5.071239000000000000e+07 9.999836831815603899e-01 -5.681087226533506826e-03 -5.988458789875900469e-04 5.165952550044996539e-01 5.681067832203427412e-03 9.999838620220483643e-01 -3.408225965728696742e-05 5.516992588572856328e-03 5.990298391282685526e-04 3.067961925654634611e-05 9.999998201109782103e-01 5.867067606165632561e-03 9.999832510948181152e-01 -5.777937825769186020e-03 -4.289167700335383415e-04 5.386598706245422363e-01 5.777281709015369415e-03 9.999821782112121582e-01 -1.487064757384359837e-03 4.900854080915451050e-03 4.374976269900798798e-04 1.484556356444954872e-03 9.999988079071044922e-01 2.892084186896681786e-03 4.635692977905273438e+01
5.081673000000000000e+07 9.999898245245373296e-01 -4.480865976289227955e-03 -5.221953133591273125e-04 5.271103773480260157e-01 4.480830652607638818e-03 9.999899586617738700e-01 -6.879489916503061890e-05 4.237953748767130796e-03 5.224983305355610907e-04 6.645433043011906877e-05 9.999998612896517924e-01 6.128585131280935537e-03 9.999900460243225098e-01 -4.402118735015392303e-03 -6.419030833058059216e-04 5.487250089645385742e-01 4.399606026709079742e-03 9.999827146530151367e-01 -3.906846046447753906e-03 3.732391167432069778e-03 6.590969278477132320e-04 3.903989680111408234e-03 9.999921917915344238e-01 1.813678536564111710e-03 4.690182495117187500e+01
5.092092000000000000e+07 9.999935423384385125e-01 -3.553456694210713630e-03 5.368676905868578894e-04 5.511398565957817963e-01 3.553104766340727926e-03 9.999934731511290753e-01 6.550584970684203076e-04 3.950152941577324099e-03 -5.391919085388814517e-04 -6.531467197680796213e-04 9.999996413356591063e-01 7.089229824228005135e-03 9.999934434890747070e-01 -3.557855961844325066e-03 -6.574173457920551300e-04 5.607578158378601074e-01 3.559574950486421585e-03 9.999901652336120605e-01 2.670070854946970940e-03 1.275368686765432358e-02 6.478996365331113338e-04 -2.672396833077073097e-03 9.999963045120239258e-01 3.599416697397828102e-03 4.648275375366210938e+01
5.102528000000000000e+07 9.999981232291939026e-01 -1.672841725614595100e-03 9.773119999788196059e-04 5.919762404357300500e-01 1.672060180092925117e-03 9.999982821384374443e-01 7.999593830642393348e-04 2.359850938409636164e-03 -9.786485264932612456e-04 -7.983237572862824901e-04 9.999992024628221454e-01 8.069592346809905878e-03 9.999952912330627441e-01 -2.594987163320183754e-03 -1.647463883273303509e-03 5.713168382644653320e-01 2.601900137960910797e-03 9.999878406524658203e-01 4.175601992756128311e-03 1.510071754455566406e-02 1.636619330383837223e-03 -4.179867450147867203e-03 9.999899268150329590e-01 4.893306642770767212e-03 4.669180679321289062e+01
5.112953000000000000e+07 9.999990120669126625e-01 -8.905869468360292458e-04 1.087529380393350122e-03 6.283809358703021930e-01 8.896279405846476427e-04 9.999992153305850007e-01 8.819866170566214789e-04 1.948603904989778786e-03 -1.088314012785181065e-03 -8.810182492214021013e-04 9.999990196892785121e-01 8.308798643590301763e-03 9.999988079071044922e-01 -1.516594085842370987e-03 8.286428783321753144e-05 5.926315188407897949e-01 1.516269403509795666e-03 9.999926090240478516e-01 3.536454401910305023e-03 1.251306012272834778e-02 -8.823335519991815090e-05 -3.536333795636892319e-03 9.999937415122985840e-01 -3.599798947107046843e-04 4.674892807006835938e+01
5.123380000000000000e+07 9.999998861808225836e-01 -4.012452502947045567e-04 2.581484193068525677e-04 6.004592773372429138e-01 4.011928155806170700e-04 9.999998988895953955e-01 2.031382222663018591e-04 7.692406163074899878e-04 -2.582299014467218036e-04 -2.030346318610605114e-04 9.999999460471302726e-01 7.818320599251032607e-03 9.999991655349731445e-01 -9.130244725383818150e-04 8.932750206440687180e-04 6.015825867652893066e-01 9.150578407570719719e-04 9.999970197677612305e-01 -2.277152845636010170e-03 2.263005357235670090e-03 -8.911979966796934605e-04 2.277974272146821022e-03 9.999970197677612305e-01 5.981158465147018433e-04 4.676406478881835938e+01
5.133803000000000000e+07 9.999999679931592667e-01 -2.455600283000922775e-04 6.094221953908453699e-05 6.011209523789921017e-01 2.455544795948707486e-04 9.999999657074114534e-01 9.103941237924321409e-05 5.313659487121231897e-04 -6.096457308949430469e-05 -9.102444483062551502e-05 9.999999939989356879e-01 7.783523118256232588e-03 1.000000000000000000e+00 2.333966222067829221e-05 1.036970206769183278e-04 6.188532710075378418e-01 -2.283810135850217193e-05 9.999855756759643555e-01 -5.374160129576921463e-03 -5.529634188860654831e-03 -1.038079572026617825e-04 5.374164786189794540e-03 9.999855160713195801e-01 7.951226085424423218e-03 4.675683212280273438e+01
5.144216000000000000e+07 9.999999255605075410e-01 1.736453337216000456e-04 3.445668140265667825e-04 6.350249391922279107e-01 -1.737863571761925322e-04 9.999999011400678706e-01 4.092898387334820446e-04 6.477750274157700232e-04 -3.444957086977040381e-04 -4.093496892728331867e-04 9.999998568777703767e-01 8.195948932015858363e-03 9.999994039535522461e-01 9.881336009129881859e-04 -2.034450881183147430e-04 6.327686309814453125e-01 -9.882625890895724297e-04 9.999991059303283691e-01 -8.575304527767002583e-04 -2.856204286217689514e-03 2.025865251198410988e-04 8.577270782552659512e-04 9.999995827674865723e-01 1.279317215085029602e-02 4.700751876831054688e+01
5.154640000000000000e+07 9.999995584815432048e-01 4.412585085102727176e-04 8.296551416821500591e-04 6.368941713621302236e-01 -4.418892689535921961e-04 9.999996133854279767e-01 7.602386957955437887e-04 7.768790847152892134e-04 -8.293193591349466275e-04 -7.606049758373522327e-04 9.999993668545400505e-01 8.498868641518999081e-03 9.999921321868896484e-01 6.623885710723698139e-04 -3.913359716534614563e-03 6.462101936340332031e-01 -6.447234191000461578e-04 9.999895095825195312e-01 4.541187547147274017e-03 5.158101674169301987e-03 3.916334360837936401e-03 -4.538631066679954529e-03 9.999820590019226074e-01 1.064179651439189911e-02 4.690054321289062500e+01
5.165053000000000000e+07 9.999998043996163322e-01 5.152958061944490136e-04 3.545010029226220100e-04 6.169816201474103146e-01 -5.153988256983099920e-04 9.999998249652934934e-01 2.905743155150355798e-04 8.679579239251843364e-05 -3.543512091464272101e-04 -2.907569680792557350e-04 9.999998949477975074e-01 8.028752770070163997e-03 9.999746680259704590e-01 4.559677036013454199e-04 -7.098176050931215286e-03 6.566570997238159180e-01 -4.486505349632352591e-04 9.999993443489074707e-01 1.024003839120268822e-03 2.824155846610665321e-03 7.098641246557235718e-03 -1.020799390971660614e-03 9.999742507934570312e-01 2.299064770340919495e-03 4.651443099975585938e+01
5.175465000000000000e+07 9.999991583641336668e-01 8.586329014866592082e-04 9.726358185299696212e-04 6.850329492278799393e-01 -8.595400000639382213e-04 9.999991957376418439e-01 9.325850814352210777e-04 1.103958231732404469e-03 -9.718342879796680860e-04 -9.334203159938473174e-04 9.999990921318333559e-01 9.098416730365745109e-03 9.999878406524658203e-01 6.642813095822930336e-04 -4.897112492471933365e-03 6.752074956893920898e-01 -6.584965158253908157e-04 9.999991655349731445e-01 1.164224580861628056e-03 8.630102965980768204e-04 4.897877108305692673e-03 -1.160973217338323593e-03 9.999873638153076172e-01 1.350840087980031967e-03 4.639648056030273438e+01
5.185878000000000000e+07 9.999991528471716684e-01 4.605805716643600941e-04 1.217444244837019834e-03 7.063030854728766794e-01 -4.617730916746607675e-04 9.999994137431444940e-01 9.794278882953326350e-04 1.648477208591737821e-03 -1.216992425648851742e-03 -9.799892415586818149e-04 9.999987792745257398e-01 9.178831624397103608e-03 9.999997019767761230e-01 7.205534493550658226e-04 -4.725226608570665121e-05 6.987910270690917969e-01 -7.207265007309615612e-04 9.999960064888000488e-01 -2.753008389845490456e-03 -4.467755090445280075e-03 4.527460623648948967e-05 2.753027481958270073e-03 9.999961256980895996e-01 2.969852881506085396e-03 4.655686569213867188e+01
5.196278000000000000e+07 9.999992999011610983e-01 -5.552051494399299616e-04 1.044961429105043449e-03 6.863846021209465409e-01 5.542325369324642989e-04 9.999994131967235855e-01 9.308235433517680945e-04 2.031579073239749705e-03 -1.045477613957981411e-03 -9.302437400423188519e-04 9.999990208110630663e-01 8.812874596901639282e-03 9.999969601631164551e-01 2.826905401889234781e-04 2.454233821481466293e-03 7.144340872764587402e-01 -2.866273862309753895e-04 9.999985694885253906e-01 1.607886166311800480e-03 1.229681354016065598e-02 -2.453781198710203171e-03 -1.608573133125901222e-03 9.999957680702209473e-01 4.433610476553440094e-03 4.669155120849609375e+01
5.206691000000000000e+07 9.999939219092258691e-01 -1.154774292292029677e-03 3.289778276116552512e-03 7.668905087363124817e-01 1.148709866722309953e-03 9.999976387559222912e-01 1.844708184739955346e-03 5.279172434512769893e-03 -3.291900729706436282e-03 -1.840917971723131938e-03 9.999928871801051500e-01 9.901760257920118324e-03 9.999969005584716797e-01 2.212537074228748679e-04 2.478972543030977249e-03 7.308255434036254883e-01 -2.360872749704867601e-04 9.999821186065673828e-01 5.981423892080783844e-03 2.017616853117942810e-02 -2.477610250934958458e-03 -5.981990601867437363e-03 9.999790191650390625e-01 5.788805894553661346e-03 4.675772857666015625e+01
5.217103000000000000e+07 9.999988897498828244e-01 2.649392307802486495e-04 1.466392243743098144e-03 7.544999512451714407e-01 -2.663233555741054289e-04 9.999995191723676236e-01 9.437832943634721959e-04 2.220058649307721319e-03 -1.466141493441917333e-03 -9.441727810297169876e-04 9.999984794822890377e-01 9.687970083359479651e-03 9.999987483024597168e-01 -3.899011644534766674e-04 1.548949861899018288e-03 7.474747896194458008e-01 3.835974785033613443e-04 9.999919533729553223e-01 3.990332596004009247e-03 1.484490558505058289e-02 -1.550484797917306423e-03 -3.989742137491703033e-03 9.999908208847045898e-01 1.102621294558048248e-02 4.794345474243164062e+01
5.227503000000000000e+07 9.999983528431738433e-01 -3.249015298478396467e-04 1.785707187983244949e-03 7.523057101146118919e-01 3.228876106930454498e-04 9.999993117113123997e-01 1.127971890919812932e-03 3.040562038967124792e-03 -1.786072438669112413e-03 -1.127393450285576158e-03 9.999977694622914637e-01 9.662210129902445641e-03 9.999992847442626953e-01 -4.716164548881351948e-04 1.121571986004710197e-03 7.618953585624694824e-01 4.711156361736357212e-04 9.999997019767761230e-01 5.540245329029858112e-04 8.303727954626083374e-03 -1.121839275583624840e-03 -5.534905358217656612e-04 9.999992251396179199e-01 1.083254441618919373e-02 4.788927841186523438e+01
5.237903000000000000e+07 9.999998429436195435e-01 -3.075389186710329720e-05 5.596132082594640735e-04 8.333266221558252029e-01 3.065142872651828459e-05 9.999999827667044316e-01 1.831040187792687629e-04 1.027612716587058585e-03 -5.596188297765247342e-04 -1.830868370777160908e-04 9.999998266529774860e-01 9.494754277929815661e-03 9.999945759773254395e-01 1.005186204565688968e-04 3.281911136582493782e-03 7.858875989913940430e-01 -1.016820751829072833e-04 9.999999403953552246e-01 3.537459415383636951e-04 6.093718111515045166e-03 -3.281874116510152817e-03 -3.540806064847856760e-04 9.999945759773254395e-01 6.737279705703258514e-03 4.878860855102539062e+01
5.248316000000000000e+07 9.999968431579657757e-01 7.896233473437183886e-04 2.385407488069651080e-03 8.235178132360715386e-01 -7.919579450326799663e-04 9.999992082433426521e-01 9.779137252281810706e-04 2.249076192805204988e-03 -2.384633415875211156e-03 -9.797997805775142486e-04 9.999966767523099653e-01 1.011182731300552112e-02 9.999908208847045898e-01 6.642320659011602402e-04 4.251518752425909042e-03 8.021692037582397461e-01 -6.601691129617393017e-04 9.999993443489074707e-01 -9.598089382052421570e-04 5.483519285917282104e-03 -4.252152051776647568e-03 9.569958783686161041e-04 9.999905228614807129e-01 8.021387271583080292e-03 4.879123306274414062e+01
5.258716000000000000e+07 9.999992840434783758e-01 1.886799736510382940e-05 1.196476676539712626e-03 8.518511956336589641e-01 -1.942747344906755051e-05 9.999998904896330032e-01 4.675930722536101388e-04 1.822702371947437089e-03 -1.196467722967682569e-03 -4.676159819976371244e-04 9.999991748997473229e-01 9.935842463326309895e-03 9.999976158142089844e-01 -2.087315078824758530e-04 2.157782902941107750e-03 8.157305717468261719e-01 2.029573515756055713e-04 9.999963045120239258e-01 2.710702596232295036e-03 9.365401230752468109e-03 -2.158346120268106461e-03 -2.710255561396479607e-03 9.999939799308776855e-01 1.358386036008596420e-02 4.880988693237304688e+01
5.269118000000000000e+07 9.999990853128075674e-01 4.722061786836172443e-05 1.351718832787329565e-03 7.868132559651991320e-01 -4.830663081574216580e-05 9.999996760995812917e-01 8.034097439406694217e-04 2.208524346159879744e-03 -1.351680457461393488e-03 -8.034743060532244154e-04 9.999987636937540669e-01 9.773200847590977555e-03 9.999977350234985352e-01 -5.403892719186842442e-04 -2.063361462205648422e-03 8.261455297470092773e-01 5.477131926454603672e-04 9.999935626983642578e-01 3.555831965059041977e-03 1.231341622769832611e-02 2.061428967863321304e-03 -3.556954907253384590e-03 9.999915957450866699e-01 1.326067838817834854e-02 5.010768127441406250e+01
5.279515000000000000e+07 9.999998068796256412e-01 5.692346907962565197e-04 2.494245230225442629e-04 8.242050184488312059e-01 -5.692250838692779766e-04 9.999998372469679486e-01 -3.858566715892678810e-05 -8.822078878571230323e-05 -2.494464467274428625e-04 3.844368101751157330e-05 9.999999681492774961e-01 9.336814789679181992e-03 9.999927282333374023e-01 -4.666859749704599380e-04 -3.781830891966819763e-03 8.352127671241760254e-01 4.626244190149009228e-04 9.999993443489074707e-01 -1.064659794792532921e-03 4.760020878165960312e-03 3.782324260100722313e-03 1.062902389094233513e-03 9.999923110008239746e-01 4.852846730500459671e-03 4.908326339721679688e+01
5.289916000000000000e+07 9.999989372153140765e-01 -6.898520893847850770e-04 -1.284395696601107768e-03 8.486638030222526385e-01 6.892788390924606441e-04 9.999996626731559868e-01 -4.467082338310932477e-04 2.232557279208144483e-04 1.284703425952989347e-03 4.458224522885668572e-04 9.999990753892830098e-01 9.252640899689574053e-03 9.999993443489074707e-01 -1.035022665746510029e-03 4.099375510122627020e-04 8.557834029197692871e-01 1.036147004924714565e-03 9.999959468841552734e-01 -2.633986994624137878e-03 3.756537567824125290e-03 -4.072093288414180279e-04 2.634400501847267151e-03 9.999964237213134766e-01 3.055684734135866165e-03 4.947532653808593750e+01
5.300316000000000000e+07 9.999961764944593767e-01 6.037309439483624224e-04 2.698611771068129550e-03 8.206119891007856992e-01 -6.069863334351843082e-04 9.999990889707016661e-01 1.205663874082143951e-03 2.953897945797990306e-03 -2.697881415972755437e-03 -1.207297284666486534e-03 9.999956319250724590e-01 1.028502173835592164e-02 9.999821186065673828e-01 3.025455516763031483e-04 5.969407036900520325e-03 8.695812225341796875e-01 -2.918162790592759848e-04 9.999983310699462891e-01 -1.815656782127916813e-03 6.251533050090074539e-03 -5.969951860606670380e-03 1.813889481127262115e-03 9.999805092811584473e-01 5.892939865589141846e-03 4.935663986206054688e+01
5.310716000000000000e+07 9.999998277655844925e-01 -3.885624438515040643e-04 -4.398727775870010879e-04 8.655048090642479819e-01 3.884904461922016375e-04 9.999999111302325661e-01 -1.637519974544944729e-04 5.839931939681162988e-04 4.399363663660242531e-04 1.635810828949955736e-04 9.999998898486155419e-01 9.557115113036560722e-03 9.999969005584716797e-01 3.627468686318024993e-05 2.524126553907990456e-03 8.777162432670593262e-01 -2.737343675107695162e-05 9.999938607215881348e-01 -3.503806889057159424e-03 8.420947939157485962e-03 -2.524230396375060081e-03 3.503731451928615570e-03 9.999906420707702637e-01 7.932580076158046722e-03 4.912348937988281250e+01
5.321118000000000000e+07 9.999971745045775906e-01 -2.349441025549343313e-03 -3.620906658162536640e-04 9.147928582573426892e-01 2.349396049172396746e-03 9.999972324041045413e-01 -1.245883559650316687e-04 2.196576572932033844e-03 3.623823766944806357e-04 1.237373095496539874e-04 9.999999266840419176e-01 1.022025544507832069e-02 9.999997019767761230e-01 -5.812211893498897552e-04 -2.506893652025610209e-04 8.854938745498657227e-01 5.808761343359947205e-04 9.999988675117492676e-01 -1.354024279862642288e-03 1.131082605570554733e-02 2.514759544283151627e-04 1.353872474282979965e-03 9.999990463256835938e-01 1.117724925279617310e-02 4.989756774902343750e+01
5.331516000000000000e+07 9.999913996735327881e-01 -1.232729689889568766e-03 -3.959918829619293174e-03 9.082932896331233907e-01 1.226770019106919029e-03 9.999981118786428480e-01 -1.507074853394277944e-03 -1.808719178531172350e-03 3.961769168657995957e-03 1.502203982546226153e-03 9.999910238441815924e-01 9.796362648747804908e-03 9.999933838844299316e-01 -3.545393992681056261e-04 -3.633499611169099808e-03 8.973248600959777832e-01 3.424122405704110861e-04 9.999944567680358887e-01 -3.308507613837718964e-03 1.078535430133342743e-02 3.634651890024542809e-03 3.307240083813667297e-03 9.999879598617553711e-01 1.074159331619739532e-02 4.948912048339843750e+01
5.341916000000000000e+07 9.999902151295227970e-01 -9.087076470343555907e-04 -4.329422047205872329e-03 9.074036269840066726e-01 9.015033938554280939e-04 9.999982063944098387e-01 -1.665682901458201198e-03 -2.510220005390132424e-03 4.330927900748076861e-03 1.661763614225667202e-03 9.999892407445257758e-01 9.777553784052371230e-03 9.999894499778747559e-01 -3.802591527346521616e-04 -4.574143793433904648e-03 9.057850837707519531e-01 3.617213515099138021e-04 9.999917149543762207e-01 -4.064173903316259384e-03 3.358342684805393219e-03 4.575645085424184799e-03 4.062481224536895752e-03 9.999813437461853027e-01 9.906016290187835693e-03 5.004703903198242188e+01
5.352315000000000000e+07 9.999995788635768212e-01 -6.151738427485840799e-06 -9.177335347458849459e-04 9.067157803566106011e-01 5.756108755265213991e-06 9.999999070614207231e-01 -4.310963008081594217e-04 -2.726854439813289647e-04 9.177361014446659779e-04 4.310908366838725968e-04 9.999994859604467434e-01 1.007851298964805749e-02 9.999969601631164551e-01 2.294229925610125065e-04 -2.455190755426883698e-03 9.156208038330078125e-01 -2.308707771589979529e-04 9.999997615814208984e-01 -6.166812381707131863e-04 4.990987014025449753e-03 2.455058507621288300e-03 6.172475405037403107e-04 9.999967217445373535e-01 1.654185168445110321e-02 5.114950561523437500e+01
5.362704000000000000e+07 9.999970667497460886e-01 7.643298110463336154e-04 2.298323688399171554e-03 9.393541753270610029e-01 -7.655599562146910529e-04 9.999995641652161815e-01 5.344037060740798725e-04 1.861359080981012191e-03 -2.297914226021383760e-03 -5.361616431366825327e-04 9.999972160565440138e-01 1.105205456310412622e-02 9.999986886978149414e-01 1.204851898364722729e-03 -1.001273514702916145e-03 9.265970587730407715e-01 -1.203943043947219849e-03 9.999988675117492676e-01 9.365489822812378407e-04 4.648988600820302963e-03 1.002398668788373470e-03 -9.353424538858234882e-04 9.999991059303283691e-01 1.503794360905885696e-02 5.031878280639648438e+01
5.373104000000000000e+07 9.999932426552649023e-01 2.349676127848948203e-03 2.827307135298461494e-03 9.025046436922363746e-01 -2.352060695479968756e-03 9.999968807838154339e-01 8.403767023962788272e-04 1.076148113439080473e-03 -2.825323703201299951e-03 -8.470210217987100745e-04 9.999956500411338878e-01 1.060779762702060598e-02 9.999956488609313965e-01 8.972242940217256546e-04 2.802319591864943504e-03 9.376127719879150391e-01 -8.999181445688009262e-04 9.999991059303283691e-01 9.632495930418372154e-04 3.551881760358810425e-03 -2.801451599225401878e-03 -9.657726041041314602e-04 9.999955296516418457e-01 1.435181591659784317e-02 5.110335922241210938e+01
5.383505000000000000e+07 9.999920581503850547e-01 1.428157767887867219e-03 3.720752784835670325e-03 9.175224133763387746e-01 -1.432260963937849983e-03 9.999983689218464589e-01 1.100355453593134967e-03 2.486211264363288095e-03 -3.719175234782661973e-03 -1.105675803793263043e-03 9.999924725798401415e-01 1.107692794437897116e-02 9.999944567680358887e-01 7.706024916842579842e-04 3.244180465117096901e-03 9.399303793907165527e-01 -7.736793486401438713e-04 9.999991655349731445e-01 9.368640603497624397e-04 2.307058079168200493e-03 -3.243450541049242020e-03 -9.393685613758862019e-04 9.999943971633911133e-01 1.766326464712619781e-02 5.059206390380859375e+01
5.393891000000000000e+07 9.999950179400427519e-01 9.570160163443737576e-04 3.008025153609691048e-03 9.960995457438526213e-01 -9.591015326940747956e-04 9.999993006634830817e-01 6.919514281284246419e-04 2.080556384572705610e-03 -3.007360841381049622e-03 -6.948329823529068557e-04 9.999952364825483997e-01 1.181373929117275103e-02 9.999955296516418457e-01 1.102450652979314327e-03 2.795861335471272469e-03 9.403046369552612305e-01 -1.098723732866346836e-03 9.999986290931701660e-01 -1.327070523984730244e-03 -1.811997382901608944e-03 -2.797320950776338577e-03 1.323992735706269741e-03 9.999951720237731934e-01 2.136600762605667114e-02 5.039699172973632812e+01
5.404291000000000000e+07 9.999996785194188442e-01 2.713746605714601693e-04 7.545309010121371883e-04 9.649617372293469719e-01 -2.714442249668843395e-04 9.999999589183021786e-01 9.209468141399920369e-05 9.858233488710395169e-04 -7.545058778529099798e-04 -9.229946485404626590e-05 9.999997111008154249e-01 1.131158237888996512e-02 9.999988079071044922e-01 5.897364462725818157e-04 1.422742498107254505e-03 9.344722032546997070e-01 -5.824995459988713264e-04 9.999868869781494141e-01 -5.076164379715919495e-03 -8.714979514479637146e-03 -1.425732159987092018e-03 5.075335036963224411e-03 9.999860525131225586e-01 2.351094596087932587e-02 4.997161483764648438e+01
5.414678000000000000e+07 9.999983071195730489e-01 7.910700537341398050e-04 1.661314616250970065e-03 9.330606895914373977e-01 -7.914952361976551002e-04 9.999996541812375961e-01 2.552894746696978225e-04 1.101206732316311297e-03 -1.661112089884502797e-03 -2.566039650624619604e-04 9.999985874295573840e-01 1.072796663421633767e-02 9.999993443489074707e-01 7.806404610164463520e-04 7.950246217660605907e-04 9.310010671615600586e-01 -7.747936761006712914e-04 9.999723434448242188e-01 -7.392631378024816513e-03 -1.407147292047739029e-02 -8.007726282812654972e-04 7.392012979835271835e-03 9.999724030494689941e-01 2.283608727157115936e-02 5.065766525268554688e+01
5.425080000000000000e+07 9.999892093742069887e-01 1.842536198699928722e-04 4.641894736527409950e-03 9.039037873095189246e-01 -1.918567959826457229e-04 9.999986408018900486e-01 1.637554721985284975e-03 4.591320874705283328e-03 -4.641586701901769842e-03 -1.638427630756340196e-03 9.999878855410710976e-01 1.104487702205921539e-02 9.999946951866149902e-01 6.468133069574832916e-04 3.187365131452679634e-03 9.325258731842041016e-01 -6.353910430334508419e-04 9.999935030937194824e-01 -3.567321458831429482e-03 -9.261648170650005341e-03 -3.189637092873454094e-03 3.565278137102723122e-03 9.999885559082031250e-01 1.947847753763198853e-02 5.034431838989257812e+01
5.435466000000000000e+07 9.999865200221843553e-01 1.029324877552320605e-03 5.089230167997817189e-03 9.756710631592685479e-01 -1.036611630621311897e-03 9.999984411701354770e-01 1.429368240422386731e-03 3.595547058630543281e-03 -5.087750950436530084e-03 -1.434624527853704552e-03 9.999860282234929176e-01 1.178564611850173131e-02 9.999831318855285645e-01 6.375672528520226479e-04 5.767086520791053772e-03 9.381049871444702148e-01 -6.184981903061270714e-04 9.999943375587463379e-01 -3.311274806037545204e-03 -5.709903314709663391e-03 -5.769168958067893982e-03 3.307654522359371185e-03 9.999778270721435547e-01 1.648701168596744537e-02 5.035107040405273438e+01
5.445866000000000000e+07 9.999941125636423456e-01 1.295029221065971360e-03 3.177693707992316780e-03 9.535114279904630674e-01 -1.297489645035235272e-03 9.999988600047673426e-01 7.723404518997717752e-04 1.953911463677587227e-03 -3.176689881976997847e-03 -7.764589294996021226e-04 9.999946528621352915e-01 1.124055349339518617e-02 9.999805688858032227e-01 3.445037873461842537e-04 6.225208751857280731e-03 9.342099428176879883e-01 -3.234598843846470118e-04 9.999941587448120117e-01 -3.387073753401637077e-03 -1.425074320286512375e-02 -6.226342171430587769e-03 3.384989919140934944e-03 9.999748468399047852e-01 1.887540146708488464e-02 5.159484863281250000e+01
5.456253000000000000e+07 9.999971667333841241e-01 -1.177545011275244304e-03 -2.068795006437665947e-03 9.242981667813192637e-01 1.175877604356006080e-03 9.999989830217789200e-01 -8.070112797747564784e-04 -2.434943151299126399e-04 2.069743194653533933e-03 8.045763435066277539e-04 9.999975344068934291e-01 1.020612734556174996e-02 9.999991059303283691e-01 5.133851082064211369e-04 -1.266085659153759480e-03 9.249264597892761230e-01 -5.159911233931779861e-04 9.999977946281433105e-01 -2.041838131844997406e-03 -5.976689979434013367e-03 1.265034661628305912e-03 2.042488660663366318e-03 9.999971985816955566e-01 2.092895843088626862e-02 5.063647842407226562e+01
5.466641000000000000e+07 9.999997636598193518e-01 -4.191409011057034301e-04 -5.449781836391240884e-04 9.157490346269278048e-01 4.189775960465626486e-04 9.999998673086585299e-01 -2.997339570873719188e-04 3.725846256506781524e-04 5.451037420834158910e-04 2.995055526038041733e-04 9.999998065791525503e-01 1.018907766465415934e-02 9.999691843986511230e-01 7.389396196231245995e-04 -7.807841990143060684e-03 9.170021414756774902e-01 -7.233551586978137493e-04 9.999977350234985352e-01 1.994892721995711327e-03 1.718216575682163239e-03 7.809294853359460831e-03 -1.989178592339158058e-03 9.999675154685974121e-01 2.094749920070171356e-02 5.019862365722656250e+01
5.477042000000000000e+07 9.999881238231047575e-01 7.349185630692268642e-04 -4.817894608095773037e-03 9.471753270419149828e-01 -7.449207672995301639e-04 9.999975705873168641e-01 -2.074587361291463025e-03 -5.324053175029395957e-03 4.816358250743805677e-03 2.078151672722821329e-03 9.999862418953505694e-01 1.052914477973375049e-02 9.999560117721557617e-01 1.257221447303891182e-03 -9.292356669902801514e-03 9.088132977485656738e-01 -1.256616669707000256e-03 9.999992847442626953e-01 6.138104799902066588e-05 1.998340478166937828e-03 9.292422793805599213e-03 -4.971383168594911695e-05 9.999567866325378418e-01 1.810111291706562042e-02 5.054528045654296875e+01
5.487429000000000000e+07 9.999991910326769817e-01 -3.297080259249443829e-04 -1.228505837426712571e-03 9.150919309931795365e-01 3.290957464265321345e-04 9.999998215657154299e-01 -4.985624568954432744e-04 -1.902370562666073689e-04 1.228669998264300157e-03 4.981577575249966638e-04 9.999991211040467620e-01 1.018626960409673744e-02 9.999922513961791992e-01 9.639205527491867542e-04 -3.821181133389472961e-03 9.215207099914550781e-01 -9.655022295191884041e-04 9.999993443489074707e-01 -4.061945655848830938e-04 1.050863880664110184e-03 3.820790676400065422e-03 4.098924109712243080e-04 9.999926090240478516e-01 1.195260509848594666e-02 4.956940841674804688e+01
5.497853000000000000e+07 9.999934682673674580e-01 1.723972176594957021e-03 3.176687471724776082e-03 9.039774229778759773e-01 -1.727142664880923191e-03 9.999980129017348451e-01 9.955757265679909471e-04 1.982608869032294330e-03 -3.174964814582159709e-03 -1.001055815881315460e-03 9.999944587278081221e-01 1.088148005574078418e-02 9.999950528144836426e-01 1.242800615727901459e-03 2.899557584896683693e-03 9.157670736312866211e-01 -1.242578728124499321e-03 9.999992847442626953e-01 -7.031540735624730587e-05 1.169109949842095375e-03 -2.899651648476719856e-03 6.670999573543667793e-05 9.999958276748657227e-01 1.522267144173383713e-02 4.979654312133789062e+01
5.508204000000000000e+07 9.999914894831118950e-01 2.923730576779787378e-03 2.910800858795362361e-03 8.873641519515736986e-01 -2.927023888134222367e-03 9.999950802935952954e-01 1.127794402292771250e-03 1.283952566161972869e-03 -2.907489171682761404e-03 -1.136304787437868256e-03 9.999951276474260409e-01 1.028122660039352924e-02 9.999959468841552734e-01 9.655545582063496113e-04 2.682794583961367607e-03 9.162613153457641602e-01 -9.640443022362887859e-04 9.999994039535522461e-01 -6.124500650912523270e-04 -9.674382454250007868e-05 -2.683367114514112473e-03 6.098573794588446617e-04 9.999961256980895996e-01 1.722720637917518616e-02 4.950735855102539062e+01
5.518592000000000000e+07 9.999940070375346046e-01 1.574964434328845336e-03 3.083079049643952865e-03 8.969498487712828094e-01 -1.578070798045925344e-03 9.999982494511335807e-01 1.005379200128048286e-03 2.109975852030884259e-03 -3.081490216130652535e-03 -1.010238491790249474e-03 9.999947419044620256e-01 1.090188131554731613e-02 9.999985098838806152e-01 9.517767466604709625e-04 1.464469241909682751e-03 9.189264178276062012e-01 -9.514758712612092495e-04 9.999994635581970215e-01 -1.564199628774076700e-04 4.277606494724750519e-04 -1.464627450332045555e-03 1.550349697936326265e-04 9.999989867210388184e-01 1.739061251282691956e-02 4.949283218383789062e+01
5.529078000000000000e+07 9.999823914408896286e-01 4.773496933153764665e-03 3.525696328677576079e-03 8.897859557787016760e-01 -4.778658981947422543e-03 9.999875204855792621e-01 1.457151681091390164e-03 6.953387354952343669e-04 -3.518696620501993947e-03 -1.473974123458702320e-03 9.999927230605899497e-01 9.450862262463199590e-03 9.999946355819702148e-01 3.250752342864871025e-03 3.352682688273489475e-04 8.956412076950073242e-01 -3.251651534810662270e-03 9.999904632568359375e-01 2.932560630142688751e-03 3.373773535713553429e-03 -3.257290227338671684e-04 -2.933648647740483284e-03 9.999955892562866211e-01 1.615834981203079224e-02 4.913846588134765625e+01
5.539373000000000000e+07 9.999738048886727126e-01 6.405990811624726923e-03 3.369394256138696139e-03 8.663989675408915181e-01 -6.411701219028798256e-03 9.999780222815634056e-01 1.686724897252227283e-03 -8.718060229999870410e-04 -3.358515060235026887e-03 -1.708284262786930905e-03 9.999929010454632339e-01 9.093635568568271543e-03 9.999783635139465332e-01 6.572897545993328094e-03 -3.168094190186820924e-05 9.039580821990966797e-01 -6.572812795639038086e-03 9.999719262123107910e-01 3.612220054492354393e-03 -1.477628480643033981e-03 5.542365761357359588e-05 -3.611930878832936287e-03 9.999935030937194824e-01 1.834900677204132080e-02 4.931273651123046875e+01
5.549768000000000000e+07 9.999327087267442238e-01 1.135443869383276003e-02 2.377970798902862351e-03 9.166233043222580257e-01 -1.135773449734115217e-02 9.999345506123029637e-01 1.377085148143096863e-03 -7.220633332433936888e-03 -2.362179133839769837e-03 -1.404000842351245046e-03 9.999962244386937371e-01 8.941412348877037647e-03 9.999586343765258789e-01 9.081454947590827942e-03 4.385278152767568827e-04 8.989695310592651367e-01 -9.082321077585220337e-03 9.999567270278930664e-01 1.994072692468762398e-03 -4.760642070323228836e-03 -4.204053839202970266e-04 -1.997965853661298752e-03 9.999979734420776367e-01 1.930074580013751984e-02 4.932035064697265625e+01
5.560170000000000000e+07 9.999450456257026332e-01 1.042347113061117651e-02 1.121152495174382660e-03 8.697501428489968767e-01 -1.042418822624399839e-02 9.999454646237154742e-01 6.356752051404918752e-04 -7.684682416230955923e-03 -1.114465410838932566e-03 -6.473273761473091054e-04 9.999991694667488273e-01 9.167675499030079542e-03 9.999338984489440918e-01 1.147765945643186569e-02 -7.211952470242977142e-04 8.905237913131713867e-01 -1.147808320820331573e-02 9.999339580535888672e-01 -5.980911082588136196e-04 -1.152772456407546997e-02 7.142809918150305748e-04 6.063283653929829597e-04 9.999995231628417969e-01 1.475602760910987854e-02 4.923398590087890625e+01
5.570567000000000000e+07 9.999158643448657902e-01 1.283395158266867515e-02 1.885182980910079511e-03 9.050859174665849549e-01 -1.283575798417943385e-02 9.999171676821185795e-01 9.492566731259717300e-04 -9.607611173332857024e-03 -1.872844112405175907e-03 -9.733745597746378247e-04 9.999977724959231429e-01 9.168976491418004068e-03 9.998928308486938477e-01 1.463488303124904633e-02 4.342355241533368826e-04 8.866684436798095703e-01 -1.463414262980222702e-02 9.998914599418640137e-01 -1.666167052462697029e-03 -1.782209798693656921e-02 -4.585682763718068600e-04 1.659633941017091274e-03 9.999985694885253906e-01 1.275290641933679581e-02 4.903519821166992188e+01
5.580969000000000000e+07 9.998355236186728945e-01 1.806282529438473991e-02 1.630972554760126789e-03 8.778542684717561828e-01 -1.806424490404812469e-02 9.998364584413199641e-01 8.599106775308742578e-04 -1.350519027641685493e-02 -1.615173407537828700e-03 -8.892315285093197342e-04 9.999983002397292431e-01 1.220900544019300205e-02 9.998388290405273438e-01 1.783425360918045044e-02 2.083506435155868530e-03 8.819304704666137695e-01 -1.782596483826637268e-02 9.998335242271423340e-01 -3.900142619386315346e-03 -2.493622153997421265e-02 -2.152713946998119354e-03 3.862368641421198845e-03 9.999901652336120605e-01 1.446364261209964752e-02 4.874870300292968750e+01
5.591381000000000000e+07 9.998012187253338956e-01 1.987931314707152425e-02 1.528375695648264256e-03 9.060849763056703088e-01 -1.988035313287527667e-02 9.998021428902960084e-01 6.682959440007510063e-04 -1.499640379889930104e-02 -1.514788030899165807e-03 -6.985477487336127535e-04 9.999986087231227394e-01 1.269396538250441159e-02 9.997853040695190430e-01 2.041294984519481659e-02 3.549140645191073418e-03 8.824948668479919434e-01 -2.040473558008670807e-02 9.997890591621398926e-01 -2.331685740500688553e-03 -1.954649202525615692e-02 -3.595993854105472565e-03 2.258765976876020432e-03 9.999909400939941406e-01 1.811564527451992035e-02 4.901772689819335938e+01
5.601793000000000000e+07 9.996918313660365651e-01 2.480238091181104915e-02 1.041240675114874295e-03 8.980919407145165900e-01 -2.480211210699848762e-02 9.996923437552045488e-01 -2.702837539090302164e-04 -2.111142234265864573e-02 -1.047624011734157520e-03 2.443754921813268534e-04 9.999994213820891931e-01 1.261092488232545827e-02 9.997038841247558594e-01 2.433286048471927643e-02 3.247013955842703581e-04 8.725413084030151367e-01 -2.433192543685436249e-02 9.997004866600036621e-01 -2.613730495795607567e-03 -2.971363253891468048e-02 -3.882041492033749819e-04 2.605066169053316116e-03 9.999965429306030273e-01 1.746192760765552521e-02 4.875116729736328125e+01
5.612205000000000000e+07 9.996124438719280469e-01 2.783728799437003992e-02 -2.178886393431802432e-04 8.152598328522349114e-01 -2.783758104503062519e-02 9.996113594085699328e-01 -1.482985139096677785e-03 -2.531523960885824487e-02 1.765216757365160177e-04 1.488475891619205072e-03 9.999988766392098327e-01 1.155348137522302018e-02 9.996058344841003418e-01 2.807087637484073639e-02 -4.623307322617620230e-04 8.713991641998291016e-01 -2.807274460792541504e-02 9.995959401130676270e-01 -4.461469128727912903e-03 -2.597173862159252167e-02 3.369120240677148104e-04 4.472683183848857880e-03 9.999899864196777344e-01 1.507013291120529175e-02 4.878335952758789062e+01
5.622619000000000000e+07 9.995154808510940958e-01 3.112559543523131869e-02 -2.990966191248121045e-05 8.345300173409558875e-01 -3.112560674439085809e-02 9.995153472671343131e-01 -5.169420140713175144e-04 -2.622370060129628616e-02 1.380503889707536383e-05 5.176225021083216346e-04 9.999998659381805766e-01 1.081703119180485624e-02 9.995070695877075195e-01 3.139554336667060852e-02 6.658177153440192342e-05 8.659375905990600586e-01 -3.139511123299598694e-02 9.995006918907165527e-01 -3.572968766093254089e-03 -3.923283517360687256e-02 -1.787249930202960968e-04 3.569119609892368317e-03 9.999936223030090332e-01 9.004197083413600922e-03 4.877107238769531250e+01
5.633051000000000000e+07 9.994944677279010703e-01 3.179321728951413351e-02 1.729999939459618465e-05 8.267789316679172718e-01 -3.179320715391692476e-02 9.994943789408826662e-01 -4.224074253307325173e-04 -2.656710482475151125e-02 -3.072094342667199343e-05 4.216438622683444824e-04 9.999999106363330892e-01 1.049962705520725639e-02 9.994531869888305664e-01 3.306553512811660767e-02 2.750672574620693922e-04 8.649176359176635742e-01 -3.306446596980094910e-02 9.994478225708007812e-01 -3.301303368061780930e-03 -3.843270987272262573e-02 -3.840744320768862963e-04 3.290404099971055984e-03 9.999945163726806641e-01 1.403294969350099564e-02 4.903062438964843750e+01
5.643467000000000000e+07 9.994503060846933185e-01 3.315221635956135116e-02 1.275312256734462482e-04 8.639531039167838156e-01 -3.315224513195809408e-02 9.994502866800136776e-01 2.305309145347856866e-04 -2.555514749700720650e-02 -1.198185096303380900e-04 -2.346321393756207172e-04 9.999999652956428342e-01 1.004891061028806432e-02 9.994652867317199707e-01 3.261971473693847656e-02 -2.255046740174293518e-03 8.641574382781982422e-01 -3.262519091367721558e-02 9.994646906852722168e-01 -2.446756698191165924e-03 -2.865773439407348633e-02 2.174031687900424004e-03 2.519016386941075325e-03 9.999943971633911133e-01 1.397149451076984406e-02 4.886470413208007812e+01
5.653894000000000000e+07 9.994773013284787844e-01 3.229710029453932568e-02 -1.421778972494514449e-03 8.629855491988233096e-01 -3.230035636929188408e-02 9.994754913524357409e-01 -2.330059658566496252e-03 -2.926528033434469198e-02 1.345779067642493675e-03 2.374765706380710904e-03 9.999962746763804144e-01 1.148394180307337961e-02 9.994293451309204102e-01 3.259817510843276978e-02 -8.854404091835021973e-03 8.477442264556884766e-01 -3.262251988053321838e-02 9.994643330574035645e-01 -2.615411765873432159e-03 -3.836662694811820984e-02 8.764406666159629822e-03 2.902771346271038055e-03 9.999573826789855957e-01 1.404268201440572739e-02 4.884870529174804688e+01
5.664303000000000000e+07 9.994664416703262777e-01 3.265163973229187611e-02 8.380944943918567204e-04 8.445291967596367799e-01 -3.265253225385618407e-02 9.994661865175449300e-01 1.074313837725566351e-03 -2.417839353209435410e-02 -8.025690000199059990e-04 -1.101106536019845830e-03 9.999990717232715154e-01 9.681018791751566654e-03 9.993855953216552734e-01 3.309740871191024780e-02 -1.152695622295141220e-02 8.460950851440429688e-01 -3.311594203114509583e-02 9.994505047798156738e-01 -1.424231566488742828e-03 -2.490712702274322510e-02 1.147348619997501373e-02 1.805083476938307285e-03 9.999325871467590332e-01 8.242692798376083374e-03 4.889161682128906250e+01
5.674729000000000000e+07 9.994745789398593594e-01 3.240610185280875383e-02 6.408284186335683197e-04 8.450703625832686194e-01 -3.240662209129222676e-02 9.994744321004238596e-01 8.188208264883374554e-04 -2.440856510310625976e-02 -6.139568298452885431e-04 -8.391576842916755041e-04 9.999994594355732236e-01 9.818623070450074874e-03 9.994247555732727051e-01 3.313129022717475891e-02 -7.246213965117931366e-03 8.439685702323913574e-01 -3.310417383909225464e-02 9.994446039199829102e-01 3.823974868282675743e-03 -2.987975813448429108e-02 7.368876133114099503e-03 -3.581891534850001335e-03 9.999663233757019043e-01 1.070396881550550461e-02 4.950025558471679688e+01
5.685143000000000000e+07 9.994053184786675370e-01 3.445787811907195103e-02 1.290009039872506286e-03 8.803496308715862417e-01 -3.446127723813730698e-02 9.994023524969151140e-01 2.712616161894102883e-03 -2.039472881353304734e-02 -1.195767079330013402e-03 -2.755458375064382456e-03 9.999954887852882113e-01 7.155750457445255071e-03 9.994782209396362305e-01 3.227991238236427307e-02 -1.141425804235041142e-03 8.556108474731445312e-01 -3.227411955595016479e-02 9.994674921035766602e-01 4.812050145119428635e-03 -1.618987508118152618e-02 1.296157017350196838e-03 -4.772707354277372360e-03 9.999877810478210449e-01 8.816908113658428192e-03 4.950534439086914062e+01
5.695555000000000000e+07 9.995413472695756640e-01 3.028274366400792589e-02 -2.249266909979872307e-04 8.586712614820029010e-01 -3.028290419957659074e-02 9.995410875620870383e-01 -7.483620693306658033e-04 -2.581328527675644940e-02 2.021610140509021430e-04 7.548302640554968232e-04 9.999996946810708609e-01 1.121902481094633371e-02 9.995723962783813477e-01 2.923621609807014465e-02 -4.522525414358824492e-04 8.545005321502685547e-01 -2.923516929149627686e-02 9.995703101158142090e-01 2.113761613145470619e-03 -2.430751919746398926e-02 5.138532724231481552e-04 -2.099638106301426888e-03 9.999976754188537598e-01 1.490906067192554474e-02 4.938399887084960938e+01
5.705965000000000000e+07 9.996799832744560632e-01 2.528404853555110687e-02 8.049308788151848283e-04 9.011713341484626216e-01 -2.528365853008762709e-02 9.996801965875700136e-01 -4.910658477546159121e-04 -2.185737575609825178e-02 -8.170895922120929595e-04 4.705571004669052769e-04 9.999995554701965883e-01 1.261546792196044549e-02 9.996623992919921875e-01 2.593057602643966675e-02 -1.671488978900015354e-03 8.559189438819885254e-01 -2.593223191797733307e-02 9.996631741523742676e-01 -9.945665951818227768e-04 -2.505358308553695679e-02 1.645143260248005390e-03 1.037582056596875191e-03 9.999981522560119629e-01 1.341163739562034607e-02 4.978895950317382812e+01
5.716356000000000000e+07 9.997916412849318091e-01 2.041062931449434334e-02 2.832822047146413324e-04 8.971646944088335074e-01 -2.041049130419913052e-02 9.997915681398283905e-01 -4.818114469318859894e-04 -1.733056425455890143e-02 -2.930572340270495802e-04 4.759291286389188969e-04 9.999998438044567228e-01 1.256449220537140740e-02 9.997494816780090332e-01 2.211382798850536346e-02 -3.444358939304947853e-03 8.609690070152282715e-01 -2.212656475603580475e-02 9.997483491897583008e-01 -3.705792827531695366e-03 -1.967283152043819427e-02 3.361545968800783157e-03 3.781076753512024879e-03 9.999871850013732910e-01 7.636777590960264206e-03 4.985129547119140625e+01
5.726747000000000000e+07 9.998414126918427902e-01 1.773034631822763968e-02 1.668616342804493495e-03 9.069088953721501367e-01 -1.773183395562431125e-02 9.998423905218056795e-01 8.810079044118322667e-04 -1.305750267140624171e-02 -1.652732777532845039e-03 -9.104558161596522413e-04 9.999982197706720477e-01 1.241230464041534476e-02 9.998108744621276855e-01 1.944473758339881897e-02 3.016933624166995287e-04 8.676472306251525879e-01 -1.944493874907493591e-02 9.998108148574829102e-01 3.386224852874875069e-04 -1.550083979964256287e-02 -2.950631605926901102e-04 -3.444369358476251364e-04 9.999998807907104492e-01 7.453085388988256454e-03 4.982227325439453125e+01
5.737129000000000000e+07 9.998283472155398144e-01 1.844598521303364089e-02 1.738313296769078073e-03 9.090262750712566620e-01 -1.844767605533137803e-02 9.998293646047569094e-01 9.617284257258816495e-04 -1.337367624107500472e-02 -1.720276650638863716e-03 -9.936311830050904934e-04 9.999980266707080290e-01 1.263105559506288479e-02 9.997921586036682129e-01 1.958868280053138733e-02 5.650095641613006592e-03 8.830970525741577148e-01 -1.960813626646995544e-02 9.998019337654113770e-01 3.417208790779113770e-03 -9.747302159667015076e-03 -5.582028999924659729e-03 -3.527282038703560829e-03 9.999782443046569824e-01 1.147135533392429352e-02 4.977324676513671875e+01
5.747515000000000000e+07 9.998272663118132897e-01 1.851950553281592887e-02 1.570176260339004211e-03 9.473199941035490568e-01 -1.852081272172830667e-02 9.998281370574275684e-01 8.220970907919881174e-04 -1.367451413402352191e-02 -1.554681573570223900e-03 -8.510360274524472182e-04 9.999984293502053312e-01 1.271738627151150665e-02 9.998201727867126465e-01 1.877319999039173126e-02 2.650787588208913803e-03 8.847492933273315430e-01 -1.877289824187755585e-02 9.998237490653991699e-01 -1.582872937433421612e-04 -1.161349751055240631e-02 -2.653289586305618286e-03 1.084980613086372614e-04 9.999964237213134766e-01 1.210711244493722916e-02 4.977376174926757812e+01
5.757907000000000000e+07 9.998179562765963091e-01 1.906787815480635168e-02 6.858079082172080119e-04 9.542377598303596331e-01 -1.906790528340718965e-02 9.998181904223336636e-01 3.303986407732959179e-05 -1.538063181155369455e-02 -6.850532216746363584e-04 -4.611076950900327477e-05 9.999997642879142612e-01 1.271892621442403774e-02 9.998386502265930176e-01 1.793730445206165314e-02 -9.046478080563247204e-04 8.895655870437622070e-01 -1.793752051889896393e-02 9.998390674591064453e-01 -2.231195830972865224e-04 -1.491300761699676514e-02 9.004919556900858879e-04 2.393151517026126385e-04 9.999995827674865723e-01 1.033979747444391251e-02 4.972124862670898438e+01
5.768293000000000000e+07 9.998340235358189609e-01 1.814255964790222053e-02 -1.665210037042369473e-03 9.250012883387751517e-01 -1.814581810857530952e-02 9.998334241060718997e-01 -1.962992720738097885e-03 -1.790628957074034272e-02 1.629318942275220783e-03 1.992883507252886377e-03 9.999966868622154337e-01 1.190698045473839901e-02 9.998525977134704590e-01 1.653330586850643158e-02 -4.641145002096891403e-03 8.908857107162475586e-01 -1.652795076370239258e-02 9.998627305030822754e-01 1.166666625067591667e-03 -9.359249845147132874e-03 4.659790080040693283e-03 -1.089781406335532665e-03 9.999886155128479004e-01 1.275833882391452789e-02 4.954822540283203125e+01
5.778669000000000000e+07 9.998939341430194139e-01 1.439326963502782566e-02 -2.225815380442339869e-03 9.141345066160484478e-01 -1.439788936411330947e-02 9.998941948521063994e-01 -2.073616120148467912e-03 -1.551871539007211066e-02 2.195733761907511968e-03 2.105443223735265802e-03 9.999953729203538977e-01 1.059989506751222478e-02 9.998925924301147461e-01 1.425110269337892532e-02 -3.415571060031652451e-03 9.042056202888488770e-01 -1.425994653254747391e-02 9.998950958251953125e-01 -2.564458874985575676e-03 -1.011569239199161530e-02 3.378667868673801422e-03 2.612879034131765366e-03 9.999908208847045898e-01 3.795902477577328682e-03 5.103737640380859375e+01
5.789057000000000000e+07 9.999591105712385408e-01 9.012832047213013148e-03 7.389494689937205164e-04 9.374164245797521611e-01 -9.013498986428423315e-03 9.999589687492953516e-01 9.042434001225644171e-04 -5.780307510299089596e-03 -7.307693553028992263e-04 -9.108669462339176936e-04 9.999993181485641314e-01 8.695826224726938697e-03 9.999434947967529297e-01 1.050518546253442764e-02 1.655064872466027737e-03 9.271353483200073242e-01 -1.049485709518194199e-02 9.999262094497680664e-01 -6.113551091402769089e-03 -1.556159369647502899e-02 -1.719153602607548237e-03 6.095841061323881149e-03 9.999799132347106934e-01 -3.011746157426387072e-04 4.986284637451171875e+01
5.799489000000000000e+07 9.999870817904589204e-01 2.984256323179841196e-03 4.114664871803281991e-03 9.441793364496295915e-01 -2.990290051951266254e-03 9.999944617708369510e-01 1.461024749905162710e-03 2.255656932678503854e-03 -4.110282011601159961e-03 -1.473309917225593558e-03 9.999904674246257175e-01 1.059066840270196999e-02 9.999207854270935059e-01 7.214627694338560104e-03 1.030967198312282562e-02 9.348764419555664062e-01 -7.154441904276609421e-03 9.999572038650512695e-01 -5.863026715815067291e-03 -1.268712896853685379e-02 -1.035154052078723907e-02 5.788800772279500961e-03 9.999296665191650391e-01 4.021174274384975433e-03 4.986355209350585938e+01
5.809807000000000000e+07 9.999893719969474848e-01 3.125767158291386724e-03 3.389022263605010864e-03 9.685336661134192893e-01 -3.129124506355292386e-03 9.999946183699716107e-01 9.858044699671015404e-04 1.023668721557960230e-03 -3.385922629770235937e-03 -9.963986659100670072e-04 9.999937713391543470e-01 1.049177257303738654e-02 9.999525547027587891e-01 3.617478767409920692e-03 9.049361571669578552e-03 9.487857222557067871e-01 -3.584973048418760300e-03 9.999870061874389648e-01 -3.614010056480765343e-03 -6.679837591946125031e-03 -9.062319993972778320e-03 3.581405151635408401e-03 9.999526143074035645e-01 1.019139494746923447e-02 4.956828689575195312e+01
5.820185000000000000e+07 9.999986130786597816e-01 1.662467965309061138e-03 1.002048725430572477e-04 9.627365626051175296e-01 -1.662439515648922580e-03 9.999985780077077502e-01 -2.833326920821288195e-04 -1.056924312241433765e-03 -1.006757615774302774e-04 2.831657145819055734e-04 9.999999548407834116e-01 1.095209439105645187e-02 9.999986290931701660e-01 1.582393189892172813e-03 5.505773588083684444e-04 9.484338760375976562e-01 -1.582582481205463409e-03 9.999987483024597168e-01 4.029913689009845257e-04 -1.325762277701869607e-04 -5.499396356754004955e-04 -4.038634069729596376e-04 9.999997019767761230e-01 1.067807152867317200e-02 4.939625549316406250e+01
5.830544000000000000e+07 9.999984514118077650e-01 1.220987367218567604e-03 -1.267424103056615826e-03 9.276496617387096633e-01 -1.221889586031791328e-03 9.999990005027418194e-01 -7.113222693976028761e-04 -1.877438020056137677e-03 1.266554320770828333e-03 7.128698201541211390e-04 9.999989438278357179e-01 1.031391641633982136e-02 9.999943971633911133e-01 1.025389530695974827e-03 -3.173782490193843842e-03 9.546084403991699219e-01 -1.015725894831120968e-03 9.999947547912597656e-01 3.047686303034424782e-03 5.272332578897476196e-03 3.176890546455979347e-03 -3.044447628781199455e-03 9.999903440475463867e-01 1.068746671080589294e-02 4.922678375244140625e+01
5.840923000000000000e+07 9.999993852185017351e-01 9.330359697780147557e-04 -5.991714984370762401e-04 9.861205780676839394e-01 -9.332741821383427070e-04 9.999994855309175534e-01 -3.974131227204258875e-04 -8.894617519222869405e-04 5.988003894395353341e-04 3.979720696943344683e-04 9.999997415281265400e-01 1.131385708626356755e-02 9.999918937683105469e-01 8.175890543498098850e-04 -3.936597611755132675e-03 9.622737169265747070e-01 -7.969590951688587666e-04 9.999860525131225586e-01 5.225182045251131058e-03 1.034135464578866959e-02 3.940814640372991562e-03 -5.222002509981393814e-03 9.999786019325256348e-01 9.139333851635456085e-03 4.931702423095703125e+01
5.851281000000000000e+07 9.999983318856598968e-01 1.755294935711118956e-03 5.051391738857691086e-04 1.013310959406902079e+00 -1.755297734705179788e-03 9.999984594507504987e-01 5.097753582012735240e-06 -4.250309054060593316e-04 -5.051294476329440527e-04 -5.984414726364089583e-06 9.999998724042057363e-01 1.180304955475900731e-02 9.999963045120239258e-01 3.618327318690717220e-04 -2.695052418857812881e-03 9.799608588218688965e-01 -3.390131168998777866e-04 9.999640583992004395e-01 8.476057089865207672e-03 1.761977933347225189e-02 2.698018448427319527e-03 -8.475119248032569885e-03 9.999604821205139160e-01 7.857842370867729187e-03 4.910537719726562500e+01
5.861656000000000000e+07 9.999988605748889592e-01 -3.774910708342315278e-04 1.461625606917843056e-03 1.012537614204606751e+00 3.770186853633936022e-04 9.999998766172403242e-01 3.234538839238167585e-04 2.007129295235929312e-03 -1.461747527531477055e-03 -3.229024552074026078e-04 9.999988795134571173e-01 1.195741114320809755e-02 9.999998807907104492e-01 2.333297379664145410e-05 4.204061115160584450e-04 9.964059591293334961e-01 -2.553953891037963331e-05 9.999866485595703125e-01 5.165001843124628067e-03 1.384746097028255463e-02 -4.202772688586264849e-04 -5.164999980479478836e-03 9.999865293502807617e-01 5.975421052426099777e-03 4.938291168212890625e+01
5.872045000000000000e+07 9.999972522550506504e-01 -5.064032174568096356e-05 2.343697507192286054e-03 9.786425482612229887e-01 4.936003348372681998e-05 9.999998495472718352e-01 5.463231883938216276e-04 2.432963515832542271e-03 -2.343724820558148493e-03 -5.462060022517142583e-04 9.999971043023437867e-01 1.152039258365531761e-02 9.999974370002746582e-01 -7.484741508960723877e-04 2.168617909774184227e-03 1.004940986633300781e+00 7.436921005137264729e-04 9.999973177909851074e-01 2.215464133769273758e-03 8.672011084854602814e-03 -2.170264488086104393e-03 -2.213857136666774750e-03 9.999951720237731934e-01 7.010314613580703735e-03 4.927254486083984375e+01
5.882403000000000000e+07 9.999950022617607459e-01 2.307460787859859710e-04 3.153126697038993384e-03 9.302687951973418468e-01 -2.336032101221313705e-04 9.999995624885782419e-01 9.057881714253210228e-04 3.004072945062116664e-03 -3.152916310445898554e-03 -9.065202250354278610e-04 9.999946186555490613e-01 1.104268591758526992e-02 9.999974370002746582e-01 -7.983331452123820782e-04 2.073780400678515434e-03 1.011584401130676270e+00 7.936269976198673248e-04 9.999970793724060059e-01 2.291668439283967018e-03 7.775169797241687775e-03 -2.075604628771543503e-03 -2.290014410391449928e-03 9.999952316284179688e-01 1.089108362793922424e-02 4.936476898193359375e+01
5.892782000000000000e+07 9.999996502585692948e-01 -1.390893476489274334e-05 8.362352096539957215e-04 1.013100792442912068e+00 1.374959782278245640e-05 9.999999817515331513e-01 1.905462788138593850e-04 1.378778625451730329e-03 -8.362378446895762972e-04 -1.905347142748619021e-04 9.999996322013510186e-01 1.209985085640730845e-02 9.999992251396179199e-01 -1.246486091986298561e-03 2.094686642521992326e-04 1.027039647102355957e+00 1.246451283805072308e-03 9.999991655349731445e-01 2.712915302254259586e-04 7.598333992063999176e-03 -2.098161639878526330e-04 -2.710308763198554516e-04 9.999999403953552246e-01 8.863434195518493652e-03 4.919449615478515625e+01
5.903170000000000000e+07 9.999998832098894175e-01 -1.016592070309195722e-04 4.724887439762201686e-04 1.015728892504182745e+00 1.016190579312171733e-04 9.999999912245475242e-01 8.499689407158774466e-05 1.147838880846567978e-03 -4.724973805467638593e-04 -8.494887028377371698e-05 9.999998847649508305e-01 1.210992611701603404e-02 9.999988079071044922e-01 -1.422599540092051029e-03 -6.136755109764635563e-04 1.026941180229187012e+00 1.423758105374872684e-03 9.999970197677612305e-01 1.980053493753075600e-03 7.654236163944005966e-03 6.108595989644527435e-04 -1.980919158086180687e-03 9.999978542327880859e-01 1.036581397056579590e-02 4.918748855590820312e+01
5.913542000000000000e+07 9.999994887386185471e-01 1.153563374849887784e-04 1.004597159356208870e-03 1.057865967413467834e+00 -1.156235078475296958e-04 9.999999579658593873e-01 2.658937509888021342e-04 1.409425377476557347e-03 -1.004566444600628371e-03 -2.660097700910856746e-04 9.999994600424033653e-01 1.278834160163880990e-02 9.999976158142089844e-01 -9.419712587259709835e-04 -1.973769394680857658e-03 1.037679791450500488e+00 9.457515552639961243e-04 9.999977350234985352e-01 1.902628107927739620e-03 1.005548145622014999e-02 1.971968449652194977e-03 -1.904498669318854809e-03 9.999962449073791504e-01 1.100181043148040771e-02 4.963049697875976562e+01
5.923917000000000000e+07 9.999998249391454097e-01 1.018860896282569036e-04 -5.828729673658931314e-04 1.081883071918526396e+00 -1.020089048508262820e-04 9.999999726038871772e-01 -2.106808180068026027e-04 7.260710729535020799e-05 5.828514859522910012e-04 2.107402393591295542e-04 9.999998079363260350e-01 1.305470015957534494e-02 9.999979734420776367e-01 -8.648532093502581120e-04 -1.837020157836377621e-03 1.040772080421447754e+00 8.683592895977199078e-04 9.999977350234985352e-01 1.937589491717517376e-03 8.317148312926292419e-03 1.835347851738333702e-03 -1.939178793691098690e-03 9.999964237213134766e-01 1.104263961315155029e-02 4.941401672363281250e+01
5.934307000000000000e+07 9.999975706716294210e-01 6.271491560445926344e-04 2.113133843449933272e-03 9.984122486894424497e-01 -6.282577590230227233e-04 9.999996653569277472e-01 5.240021013077036287e-04 1.849524150548823801e-03 -2.112804508819569622e-03 -5.253284211044312009e-04 9.999976300407044105e-01 1.194924300539697629e-02 9.999995231628417969e-01 1.548929285490885377e-04 -9.473490063101053238e-04 1.048751950263977051e+00 -1.517630153102800250e-04 9.999946355819702148e-01 3.266177605837583542e-03 7.271921262145042419e-03 9.478514548391103745e-04 -3.266035579144954681e-03 9.999942183494567871e-01 1.246442832052707672e-02 4.917500686645507812e+01
5.944678000000000000e+07 9.999953867808274444e-01 2.603846016890786017e-03 1.564098255859617224e-03 1.044916484652562927e+00 -2.604599851119170344e-03 9.999964927673857806e-01 4.801175115043748373e-04 1.890362971182783965e-04 -1.562842618183643215e-03 -4.841891465379461607e-04 9.999986615410685342e-01 1.167608863127453205e-02 9.999991655349731445e-01 1.275856746360659599e-03 3.028518403880298138e-04 1.055117368698120117e+00 -1.276691677048802376e-03 9.999960660934448242e-01 2.525359624996781349e-03 7.605518214404582977e-03 -2.996250696014612913e-04 -2.525744959712028503e-03 9.999967217445373535e-01 1.810073480010032654e-02 4.877273559570312500e+01
5.955068000000000000e+07 9.999962329363413227e-01 2.122744837774161435e-03 1.740134393901749061e-03 9.997524883081102542e-01 -2.123554458643460170e-03 9.999976378171854252e-01 4.635478979268568096e-04 6.106181258044632559e-04 -1.739146289508774817e-03 -4.672414217511924222e-04 9.999983785265533776e-01 1.145981647109067109e-02 9.999985098838806152e-01 1.569439540617167950e-03 7.195535581558942795e-04 1.057146430015563965e+00 -1.570487627759575844e-03 9.999976158142089844e-01 1.468760892748832703e-03 4.966401495039463043e-03 -7.172462064772844315e-04 -1.469886279664933681e-03 9.999986290931701660e-01 1.779063791036605835e-02 4.849193572998046875e+01
5.965455000000000000e+07 9.999987098030271859e-01 1.605899402771882077e-03 3.846264952976924270e-05 1.024927543689124532e+00 -1.605893828284933210e-03 9.999987001075582027e-01 -1.445274791818695111e-04 -7.568860494682532955e-04 -3.869469612620155615e-05 1.444655257811236428e-04 9.999999888162161010e-01 1.217768805214378657e-02 9.999988079071044922e-01 1.462531159631907940e-03 4.647282476071268320e-04 1.058591365814208984e+00 -1.462631393224000931e-03 9.999988675117492676e-01 3.999197797384113073e-04 2.805265830829739571e-03 -4.641445993911474943e-04 -4.005990631412714720e-04 9.999998211860656738e-01 1.847535558044910431e-02 4.819836807250976562e+01
5.975842000000000000e+07 9.999980658268163847e-01 9.343443138642529852e-04 1.730705945441017926e-03 1.065482795521050408e+00 -9.350249128696660464e-04 9.999994858429955835e-01 3.924819586347456663e-04 1.119370005634943207e-03 -1.730338342275412541e-03 -3.940994527910832417e-04 9.999984253060757444e-01 1.281023847406424603e-02 9.999986886978149414e-01 1.480909646488726139e-03 6.491437088698148727e-04 1.057803511619567871e+00 -1.481463434174656868e-03 9.999985694885253906e-01 7.992271566763520241e-04 2.718148054555058479e-03 -6.479577277787029743e-04 -8.001826354302465916e-04 9.999995231628417969e-01 1.742307282984256744e-02 4.827180862426757812e+01
5.986246000000000000e+07 9.999989072829257308e-01 1.077319756068761611e-03 1.012331599227562964e-03 1.036510898221410848e+00 -1.077499630352108176e-03 9.999994038052677503e-01 1.771545880109707573e-04 4.890502685842520493e-04 -1.012140143558075498e-03 -1.782451812706599935e-04 9.999994719003940657e-01 1.240618539587969200e-02 9.999986290931701660e-01 1.235210103914141655e-03 1.092038699425756931e-03 1.059975266456604004e+00 -1.235077506862580776e-03 9.999992847442626953e-01 -1.207444001920521259e-04 -3.118529275525361300e-04 -1.092193531803786755e-03 1.193893258459866047e-04 9.999993443489074707e-01 1.433218456804752350e-02 4.825158309936523438e+01
5.996599000000000000e+07 9.999956770446378762e-01 1.158766638915482896e-03 2.702434444916471806e-03 1.046334930707475630e+00 -1.160520804378963131e-03 9.999991168844023504e-01 6.476278879972024744e-04 1.709072428941683670e-03 -2.701681608764824188e-03 -6.507613197206999194e-04 9.999961387056471862e-01 1.256887361669114037e-02 9.999960064888000488e-01 8.630388183519244194e-04 2.676153089851140976e-03 1.060101509094238281e+00 -8.640013984404504299e-04 9.999994635581970215e-01 3.573076974134892225e-04 2.798952162265777588e-03 -2.675847150385379791e-03 -3.596178139559924603e-04 9.999964237213134766e-01 1.509792543947696686e-02 4.814678573608398438e+01
6.006969000000000000e+07 9.999993495001908705e-01 6.493059409623002428e-04 9.377638110492182233e-04 1.031924267860548250e+00 -6.495226921904471377e-04 9.999997624141929720e-01 2.308502129877855577e-04 9.784330744213632931e-04 -9.376136958322258330e-04 -2.314591617065396459e-04 9.999995336534893697e-01 1.249456808243481175e-02 9.999982118606567383e-01 8.283930364996194839e-04 1.729310955852270126e-03 1.056347250938415527e+00 -8.297309977933764458e-04 9.999994635581970215e-01 7.729239878244698048e-04 7.373194239335134625e-05 -1.728669740259647369e-03 -7.743629394099116325e-04 9.999982118606567383e-01 1.293664518743753433e-02 4.726867294311523438e+01
6.017345000000000000e+07 9.999996713055463449e-01 7.610000433865815031e-04 2.797637636188319427e-04 1.081046754397571696e+00 -7.610164610119077864e-04 9.999997087110115146e-01 5.858212268989574143e-05 3.176194417977924647e-04 -2.797191011308739622e-04 -5.879500825379298262e-05 9.999999591501868013e-01 1.319488491266826609e-02 9.999986886978149414e-01 1.156522193923592567e-03 -1.091228914447128773e-03 1.049732208251953125e+00 -1.155532780103385448e-03 9.999988675117492676e-01 9.051481029018759727e-04 4.238064284436404705e-04 1.092275371775031090e-03 -9.038780699484050274e-04 9.999989867210388184e-01 1.553971786051988602e-02 4.686460876464843750e+01
6.027719000000000000e+07 9.999993713018869856e-01 1.859830415529864728e-04 -1.105805677529153944e-03 1.073012713427082154e+00 -1.863613674135279196e-04 9.999999241411906548e-01 -3.420337125113616481e-04 -3.440316677748235150e-04 1.105741981176789485e-03 3.422395769241845195e-04 9.999993301031776527e-01 1.296734009384072940e-02 9.999970197677612305e-01 7.963731768541038036e-04 -2.309803850948810577e-03 1.046686649322509766e+00 -7.954174070619046688e-04 9.999996423721313477e-01 4.147856961935758591e-04 -5.751471035182476044e-04 2.310136100277304649e-03 -4.129568987991660833e-04 9.999972581863403320e-01 1.282568369060754776e-02 4.636313629150390625e+01
6.038105000000000000e+07 9.999997756898190149e-01 4.557118020803233569e-04 4.908635891104656162e-04 1.046902166004343382e+00 -4.557616730049631761e-04 9.999998909904033173e-01 1.014912706877848847e-04 7.219291980410083489e-04 -4.908172848315559651e-04 -1.017149647338504728e-04 9.999998743762209541e-01 1.264138640363849167e-02 9.999988079071044922e-01 7.141348905861377716e-04 -1.383222406730055809e-03 1.046393275260925293e+00 -7.131858728826045990e-04 9.999995231628417969e-01 6.849882192909717560e-04 2.343420492252334952e-04 1.383714610710740089e-03 -6.839889101684093475e-04 9.999987483024597168e-01 1.330361329019069672e-02 4.509046554565429688e+01
6.048480000000000000e+07 9.999992199193761255e-01 1.234434229670715137e-03 1.906117060298127201e-04 1.066855806720795830e+00 -1.234432090635330555e-03 9.999992380241525813e-01 -1.133919309707414042e-05 -2.098867363501286608e-04 -1.906255582759429292e-04 1.110388705244962514e-05 9.999999817693004944e-01 1.294636134883358006e-02 9.999995231628417969e-01 1.021692878566682339e-03 1.261071884073317051e-04 1.043948769569396973e+00 -1.021764706820249557e-03 9.999993443489074707e-01 4.202049749437719584e-04 -1.670169294811785221e-04 -1.256763789569959044e-04 -4.203373682685196400e-04 9.999999403953552246e-01 1.419169362634420395e-02 4.494089508056640625e+01
6.058854000000000000e+07 9.999914750140910247e-01 4.020833981751609394e-03 9.395711191030625296e-04 1.033891967280820223e+00 -4.021321290421614285e-03 9.999917806348607163e-01 5.173378301439014119e-04 -8.123415090408325507e-04 -9.374832669775662710e-04 -5.211117370465289441e-04 9.999994247836974104e-01 1.044588075610037095e-02 9.999980926513671875e-01 1.680731424130499363e-03 1.017865957692265511e-03 1.045801162719726562e+00 -1.681560184806585312e-03 9.999983310699462891e-01 8.219595183618366718e-04 -2.462552220094949007e-04 -1.016484922729432583e-03 -8.236691937781870365e-04 9.999991059303283691e-01 1.390779670327901840e-02 4.519776153564453125e+01
6.069260000000000000e+07 9.999890551714538667e-01 4.456332628506938683e-03 1.425004628865851218e-03 1.043646415819430739e+00 -4.457375065504832860e-03 9.999897999895877021e-01 7.291951732402094776e-04 -5.704096175280653786e-04 -1.421740557767292535e-03 -7.355389720235556029e-04 9.999987188173639074e-01 1.016190960615575255e-02 9.999957084655761719e-01 2.664980012923479080e-03 1.193855889141559601e-03 1.047576189041137695e+00 -2.666288753971457481e-03 9.999958276748657227e-01 1.100514316931366920e-03 -5.884031415916979313e-04 -1.190919661894440651e-03 -1.103701884858310223e-03 9.999987483024597168e-01 1.158871315419673920e-02 4.594543838500976562e+01
6.079700000000000000e+07 9.999914738746007448e-01 3.868317876657185669e-03 1.445093111294178025e-03 1.046588623858806022e+00 -3.869232241760211036e-03 9.999923157392421880e-01 6.304788643125902115e-04 -3.727574440880805813e-04 -1.442643114044044137e-03 -6.360648898941712514e-04 9.999987571003193798e-01 1.069982956645364018e-02 9.999954700469970703e-01 2.881678985431790352e-03 8.539654081687331200e-04 1.027991533279418945e+00 -2.882496453821659088e-03 9.999953508377075195e-01 9.584474610164761543e-04 -5.588867934420704842e-04 -8.512015338055789471e-04 -9.608932305127382278e-04 9.999991655349731445e-01 1.367135159671306610e-02 4.592150497436523438e+01
6.090020000000000000e+07 9.999931895798553905e-01 3.419109561796315234e-03 1.389418606646742292e-03 1.010186022395551664e+00 -3.419883893306544485e-03 9.999939979929619582e-01 5.553129921292739978e-04 -1.663206201697330251e-04 -1.387511591434694748e-03 -5.600608604054591478e-04 9.999988805711105266e-01 1.065426618002111685e-02 9.999947547912597656e-01 2.943857572972774506e-03 -1.397338113747537136e-03 1.031818151473999023e+00 -2.942936262115836143e-03 9.999954700469970703e-01 6.577924941666424274e-04 -1.282287179492413998e-03 1.399271422997117043e-03 -6.536847213283181190e-04 9.999988079071044922e-01 1.376091968268156052e-02 4.608774566650390625e+01
6.100392000000000000e+07 9.999906662684298064e-01 4.226694072083233937e-03 8.957874162425162514e-04 1.016782894708950780e+00 -4.227204897040951100e-03 9.999909033753376919e-01 5.691284035639925703e-04 -8.192633810782342686e-04 -8.933737361905126715e-04 -5.729097680496870277e-04 9.999994368287798974e-01 1.008334199923257603e-02 9.999952912330627441e-01 3.036274341866374016e-03 -4.427001695148646832e-04 1.029310464859008789e+00 -3.035829635336995125e-03 9.999949336051940918e-01 1.007053069770336151e-03 1.266499748453497887e-04 4.457553150132298470e-04 -1.005707075819373131e-03 9.999993443489074707e-01 1.309835817664861679e-02 4.583375930786132812e+01
6.110770000000000000e+07 9.999905798809832769e-01 4.298551861554309947e-03 6.021637876618679813e-04 1.010387623850973915e+00 -4.298847237808546898e-03 9.999906398171962696e-01 4.900922963011632074e-04 -1.098343596392488235e-03 -6.000514641504872421e-04 -4.926762897033822117e-04 9.999996986041121971e-01 9.971865583267208732e-03 9.999946951866149902e-01 3.080882830545306206e-03 1.012512715533375740e-03 1.027963638305664062e+00 -3.081726143136620522e-03 9.999948143959045410e-01 8.244652417488396168e-04 2.301160478964447975e-03 -1.009974163025617599e-03 -8.275797008536756039e-04 9.999991655349731445e-01 1.629160530865192413e-02 4.603942489624023438e+01
6.121158000000000000e+07 9.999903623342425441e-01 4.350989732267815380e-03 5.866242588952919230e-04 1.023606127770693375e+00 -4.351284008230874717e-03 9.999904074656651431e-01 5.013034698152967275e-04 -1.137460110571114407e-03 -5.844374655501352687e-04 -5.038512070389838688e-04 9.999997022833767568e-01 1.007769960959468969e-02 9.999948143959045410e-01 2.684646751731634140e-03 1.798399025574326515e-03 1.024277806282043457e+00 -2.684911480173468590e-03 9.999964237213134766e-01 1.504506071796640754e-04 1.548014115542173386e-03 -1.797981443814933300e-03 -1.552694739075377584e-04 9.999983310699462891e-01 1.707589253783226013e-02 4.627600097656250000e+01
6.131529000000000000e+07 9.999911445448447234e-01 4.123122732638935528e-03 8.430244965036901017e-04 1.018639018803370710e+00 -4.123577003062210006e-03 9.999913533872406557e-01 5.378317073594544384e-04 -8.291273011588639382e-04 -8.407996609928831879e-04 -5.413032211438784146e-04 9.999995000232366760e-01 1.020683721055456149e-02 9.999951124191284180e-01 2.794360974803566933e-03 1.373438513837754726e-03 1.021244049072265625e+00 -2.793488791212439537e-03 9.999958276748657227e-01 -6.353023927658796310e-04 -1.623189658857882023e-03 -1.375215593725442886e-03 6.314532365649938583e-04 9.999989271163940430e-01 1.840484701097011566e-02 4.683030319213867188e+01
6.141920000000000000e+07 9.999958282062636483e-01 2.743852990612935180e-03 9.026854502998333044e-04 1.003459170043139892e+00 -2.744125029207132409e-03 9.999961898020530704e-01 3.002655018318879741e-04 -3.741173932776461087e-04 -9.018581265129873258e-04 -3.027413308682063483e-04 9.999995474997108724e-01 1.115841603999915936e-02 9.999973773956298828e-01 2.307306742295622826e-03 1.655258092796429992e-04 1.016440510749816895e+00 -2.307187533006072044e-03 9.999970793724060059e-01 -7.570011657662689686e-04 -2.997163450345396996e-03 -1.672692305874079466e-04 7.566299755126237869e-04 9.999997019767761230e-01 1.919480413198471069e-02 4.664307022094726562e+01
6.152295000000000000e+07 9.999963697296884169e-01 2.685027531703441678e-03 -2.261742565938112959e-04 1.013405483153671405e+00 -2.685027037789156339e-03 9.999963953054100685e-01 2.487391937509736778e-06 -1.177110439372494426e-03 2.261801200203681890e-04 -1.880098929793901998e-06 9.999999744195096074e-01 1.130407630119963265e-02 9.999973177909851074e-01 2.249145647510886192e-03 -4.948319401592016220e-04 1.011864304542541504e+00 -2.249038545414805412e-03 9.999974370002746582e-01 2.038545208051800728e-04 3.348727012053132057e-03 4.952920717187225819e-04 -2.027446025749668479e-04 9.999998211860656738e-01 1.896785758435726166e-02 4.695302581787109375e+01
6.162679000000000000e+07 9.999977381439405510e-01 2.071017989097089472e-03 4.843467366575303595e-04 1.016605618151778190e+00 -2.071056031635183127e-03 9.999978523149355425e-01 7.805565985686687097e-05 -4.568663822205465538e-04 -4.841840417672582425e-04 -7.905859247679477187e-05 9.999998796577762583e-01 1.177513795682447878e-02 9.999974966049194336e-01 1.869310159236192703e-03 -1.185385743156075478e-03 1.012153863906860352e+00 -1.870564301498234272e-03 9.999976754188537598e-01 -1.052633044309914112e-03 2.067031105980277061e-03 1.183424028567969799e-03 1.054842956364154816e-03 9.999986886978149414e-01 1.822000369429588318e-02 4.689664077758789062e+01
6.173099000000000000e+07 9.999981574444314347e-01 1.762541655062694473e-03 7.606278868339612408e-04 1.021408682461689699e+00 -1.762668582724466991e-03 9.999984326816659941e-01 1.662341301657613291e-04 -9.202325433543215999e-06 -7.603337001190717389e-04 -1.675745587035995846e-04 9.999996969056802465e-01 1.199730339233227513e-02 9.999990463256835938e-01 1.446647918783128262e-03 7.945554534671828151e-05 1.002905726432800293e+00 -1.446703448891639709e-03 9.999986886978149414e-01 7.267277687788009644e-04 3.864370519295334816e-03 -7.841818296583369374e-05 -7.268434274010360241e-04 9.999997615814208984e-01 1.474105659872293472e-02 4.703420639038085938e+01
6.183451000000000000e+07 9.999978051495436171e-01 1.955352425501843006e-03 7.525245014130567660e-04 1.014513484353087414e+00 -1.955476652309363472e-03 9.999980745433890705e-01 1.643797359626947643e-04 -1.293483715918491376e-04 -7.522016321544870449e-04 -1.658509192204273344e-04 9.999997033430538806e-01 1.178162783561902301e-02 9.999989271163940430e-01 1.268434571102261543e-03 6.961511680856347084e-04 1.006951808929443359e+00 -1.269363216124475002e-03 9.999982714653015137e-01 1.321153366006910801e-03 9.188313968479633331e-03 -6.944683846086263657e-04 -1.322042313404381275e-03 9.999989271163940430e-01 1.178731676191091537e-02 4.731695938110351562e+01
6.193839000000000000e+07 9.999994978686511660e-01 7.519038604906578410e-04 6.624975825495071783e-04 9.991911077897399629e-01 -7.519871554021225618e-04 9.999997093839391171e-01 1.254885059970679644e-04 6.698710155725493779e-04 -6.624030347265325155e-04 -1.259866326496486750e-04 9.999997726747719140e-01 1.197649264596802737e-02 9.999991655349731445e-01 7.823306368663907051e-04 -1.059525762684643269e-03 9.994807243347167969e-01 -7.814420387148857117e-04 9.999993443489074707e-01 8.324017981067299843e-04 9.165286086499691010e-03 1.060176058672368526e-03 -8.315656450577080250e-04 9.999990463256835938e-01 1.522806752473115921e-02 4.749132919311523438e+01
6.204207000000000000e+07 9.999998010424828720e-01 5.309041666020864131e-04 -3.406695692636203332e-04 9.798090398472498741e-01 -5.309600204833410690e-04 9.999998456117722423e-01 -1.638837525602967972e-04 6.532586541238663861e-05 3.405825101000440995e-04 1.640646018782191730e-04 9.999999285431766527e-01 1.159409296398221378e-02 9.999911785125732422e-01 5.930012557655572891e-04 -4.148306325078010559e-03 9.943756461143493652e-01 -5.909879691898822784e-04 9.999997019767761230e-01 4.857874591834843159e-04 1.187322475016117096e-02 4.148590844124555588e-03 -4.833261482417583466e-04 9.999912977218627930e-01 1.409039180725812912e-02 4.744496154785156250e+01
6.214593000000000000e+07 9.999981331191045708e-01 6.056664669270096822e-04 -1.834918611143131813e-03 9.937052193576905168e-01 -6.068581805113566719e-04 9.999996052760132814e-01 -6.489768405925954234e-04 -1.349023675874022523e-03 1.834524823333206437e-03 6.500891644376600650e-04 9.999981059495173241e-01 1.158440553793985833e-02 9.999941587448120117e-01 2.578456478659063578e-04 -3.424032824113965034e-03 9.911410808563232422e-01 -2.542899455875158310e-04 9.999994635581970215e-01 1.040001865476369858e-03 1.032472308725118637e-02 3.424303373321890831e-03 -1.039137132465839386e-03 9.999935626983642578e-01 1.293587405234575272e-02 4.738953781127929688e+01
6.224991000000000000e+07 9.999999932279938220e-01 -8.009276733849088933e-05 -8.443435924629602595e-05 9.901544615376888236e-01 8.008652276709784482e-05 9.999999940581452140e-01 -7.395849184281823546e-05 7.412560511868444011e-04 8.444028228485103683e-05 7.395172928776892513e-05 9.999999937004901973e-01 1.172269126665117026e-02 9.999998211860656738e-01 -3.809398040175437927e-04 -4.203832650091499090e-04 9.907478094100952148e-01 3.807861066889017820e-04 9.999998807907104492e-01 -3.633013402577489614e-04 7.578888908028602600e-03 4.205305594950914383e-04 3.631538420449942350e-04 9.999998211860656738e-01 1.011761184781789780e-02 4.704528045654296875e+01
6.235366000000000000e+07 9.999994437500968614e-01 -1.334528403801625628e-04 -1.046274243795095689e-03 9.769491512977304115e-01 1.330295093662419781e-04 9.999999092737885675e-01 -4.046672180657128327e-04 -1.196013790474055192e-04 1.046328152862336736e-03 4.045278076149192337e-04 9.999993707771024365e-01 1.132806002484824416e-02 9.999998807907104492e-01 -5.252992850728332996e-04 9.335363756690640002e-06 9.878797531127929688e-01 5.253107519820332527e-04 9.999995231628417969e-01 -8.483303245157003403e-04 7.346501108258962631e-03 -8.900654393073637038e-06 8.483245619572699070e-04 9.999996423721313477e-01 1.345124654471874237e-02 4.624246215820312500e+01
6.245742000000000000e+07 9.999997863807852383e-01 -1.094779680344538345e-04 6.444012375672748382e-04 1.009755892048410875e+00 1.093920207649392326e-04 9.999999851176948340e-01 1.334091289282496914e-04 1.299097992602481471e-03 -6.444158333375673165e-04 -1.333386080753745748e-04 9.999997834744994707e-01 1.203057602744173060e-02 9.999985694885253906e-01 -7.767921779304742813e-04 1.468309201300144196e-03 9.849388599395751953e-01 7.793052936904132366e-04 9.999981522560119629e-01 -1.711987541057169437e-03 7.200773339718580246e-03 -1.466969726607203484e-03 1.713133533485233784e-03 9.999974370002746582e-01 1.517460681498050690e-02 4.595116806030273438e+01
6.256129000000000000e+07 9.999998133448083637e-01 -3.661523145808916776e-04 -4.891245498671519887e-04 1.002116063575742899e+00 3.660510197822607861e-04 9.999999115441235986e-01 -2.071675488830618760e-04 5.516114860879814180e-04 4.892003614798901478e-04 2.069884656711687713e-04 9.999998589193785925e-01 1.178886983304928970e-02 9.999988079071044922e-01 -9.081118041649460793e-04 1.233130809850990772e-03 9.826233983039855957e-01 9.107686346396803856e-04 9.999973773956298828e-01 -2.147753257304430008e-03 7.653842214494943619e-03 -1.231185393407940865e-03 2.148877829313278198e-03 9.999969005584716797e-01 1.790809258818626404e-02 4.583622360229492188e+01
6.266529000000000000e+07 9.999987875237331680e-01 -7.352489360272338901e-04 -1.372719958201376426e-03 1.018195268062624281e+00 7.345944139976226224e-04 9.999996163016717787e-01 -4.772499992089332703e-04 4.715540382568031126e-05 1.373070329042565003e-03 4.762410281488332767e-04 9.999989439356274934e-01 1.188172717205385719e-02 9.999991059303283691e-01 -1.005066791549324989e-03 8.854499319568276405e-04 9.759728908538818359e-01 1.005789265036582947e-03 9.999991059303283691e-01 -8.264791104011237621e-04 6.762199103832244873e-03 -8.846165146678686142e-04 8.273672428913414478e-04 9.999992847442626953e-01 1.648022606968879700e-02 4.581609725952148438e+01
6.276905000000000000e+07 9.999998131867336992e-01 -5.480511625983768486e-04 2.706776888598637202e-04 9.886689163826347659e-01 5.480494859865077612e-04 9.999998498012198089e-01 6.268259978966855142e-06 1.291607244903108815e-03 -2.706810835316615063e-04 -6.119914035898776323e-06 9.999999633471472471e-01 1.160529370495575439e-02 9.999994039535522461e-01 -9.032782400026917458e-04 6.242184899747371674e-04 9.705728292465209961e-01 9.036681149154901505e-04 9.999993443489074707e-01 -6.417658296413719654e-04 7.543265819549560547e-03 -6.236333865672349930e-04 6.423350423574447632e-04 9.999996423721313477e-01 1.950340718030929565e-02 4.570953750610351562e+01
6.287280000000000000e+07 9.999999274113213765e-01 -2.746021073765573910e-04 2.641420826186809730e-04 1.005401995896876510e+00 2.745968358137192318e-04 9.999999620984223458e-01 1.999336018707873042e-05 1.109110669150122856e-03 -2.641475628259208012e-04 -1.992082615833459680e-05 9.999999649146135150e-01 1.191101266084454782e-02 9.999992847442626953e-01 -1.007816055789589882e-03 5.346713587641716003e-04 9.713405370712280273e-01 1.007302780635654926e-03 9.999989867210388184e-01 9.699267684482038021e-04 6.643370259553194046e-03 -5.356607143767178059e-04 -9.693878819234669209e-04 9.999993443489074707e-01 2.182317152619361877e-02 4.613036727905273438e+01
6.297667000000000000e+07 9.999973475195884642e-01 -9.360739754644678209e-04 -2.104452268847535959e-03 1.008379239290474239e+00 9.346522022663792187e-04 9.999993343967876758e-01 -6.764844828821280380e-04 -4.159162946670481474e-04 2.105084107630382159e-03 6.745157575919481481e-04 9.999975568217356336e-01 1.172270590870670010e-02 9.999991059303283691e-01 -8.080290863290429115e-04 -1.105449162423610687e-03 9.674694538116455078e-01 8.082678541541099548e-04 9.999997019767761230e-01 2.097695105476304889e-04 7.019673474133014679e-03 1.105297473259270191e-03 -2.106686297338455915e-04 9.999993443489074707e-01 2.220951952040195465e-02 4.630332946777343750e+01
6.308066000000000000e+07 9.999968834322658928e-01 -2.194683374613700961e-03 -1.190164105268900867e-03 9.520830026752440389e-01 2.194182964693724893e-03 9.999975039052402259e-01 -4.215974053253362377e-04 1.428677891517424929e-03 1.191086407329107564e-03 4.189846535655200209e-04 9.999992028821920176e-01 1.078228192418149989e-02 9.999976754188537598e-01 -1.767679583281278610e-03 -1.260921009816229343e-03 9.617430567741394043e-01 1.765072578564286232e-03 9.999963045120239258e-01 -2.055122749879956245e-03 3.800405887886881828e-03 1.264538732357323170e-03 2.052892465144395828e-03 9.999971389770507812e-01 1.882803812623023987e-02 4.583331298828125000e+01
6.318446000000000000e+07 9.999934654976457837e-01 -2.747411545424584354e-03 -2.349615203092287989e-03 9.627344347213887543e-01 2.745450121507302024e-03 9.999958804534428980e-01 -8.376035123842399868e-04 8.754120898024130102e-04 2.351906765339616297e-03 8.311472876154828247e-04 9.999968888594880090e-01 1.094681237343913399e-02 9.999951124191284180e-01 -2.959236502647399902e-03 -9.745350689627230167e-04 9.599841237068176270e-01 2.957974560558795929e-03 9.999948143959045410e-01 -1.312113134190440178e-03 4.344155080616474152e-03 9.784044232219457626e-04 1.309220679104328156e-03 9.999986290931701660e-01 1.827799715101718903e-02 4.627203369140625000e+01
6.328824000000000000e+07 9.999981100143876533e-01 -1.941498044778571961e-03 1.027276183271210797e-04 9.657979110773386999e-01 1.941502429554082089e-03 9.999981143749413492e-01 -4.260101861382008091e-05 2.019543259274500686e-03 -1.026447148263235287e-04 4.280038402071211103e-05 9.999999938160947233e-01 1.099257234738732977e-02 9.999957680702209473e-01 -2.832867437973618507e-03 -6.338184466585516930e-04 9.540230035781860352e-01 2.833654405549168587e-03 9.999951720237731934e-01 1.252345158718526363e-03 8.340690284967422485e-03 6.302706315182149410e-04 -1.254132599569857121e-03 9.999989271163940430e-01 1.805883273482322693e-02 4.647091293334960938e+01
6.339207000000000000e+07 9.999981569611378074e-01 -1.795364469087688646e-03 -6.802504476167934308e-04 9.212103526860587754e-01 1.795223906482447569e-03 9.999983671207832714e-01 -2.071878920664088674e-04 1.577129491549862476e-03 6.806213146377850789e-04 2.059663083188678591e-04 9.999997471662155357e-01 1.036563836931303842e-02 9.999963641166687012e-01 -2.371056238189339638e-03 -1.296638045459985733e-03 9.512552022933959961e-01 2.371338428929448128e-03 9.999971389770507812e-01 2.165952319046482444e-04 5.758615210652351379e-03 1.296129077672958374e-03 -2.196736313635483384e-04 9.999991655349731445e-01 2.026197686791419983e-02 4.649206542968750000e+01
6.349582000000000000e+07 9.999992419217857975e-01 -1.099773336269141725e-03 5.537639353810205542e-04 9.753000032160970001e-01 1.099744299073093486e-03 9.999993938904289115e-01 5.273782540434432013e-05 1.837589968849476924e-03 -5.538215993923173777e-04 -5.212878670743914918e-05 9.999998452821042827e-01 1.129817247907963576e-02 9.999977350234985352e-01 -2.044946653768420219e-03 -6.194569868966937065e-04 9.454105496406555176e-01 2.044779947027564049e-03 9.999979138374328613e-01 -2.795727341435849667e-04 3.826857544481754303e-03 6.200282368808984756e-04 2.783087838906794786e-04 9.999997615814208984e-01 1.845185086131095886e-02 4.645638275146484375e+01
6.359972000000000000e+07 9.999975922914495774e-01 -2.121318008233862452e-03 5.616238221167661835e-04 8.923059176393618452e-01 2.121204433347046846e-03 9.999977296907033297e-01 2.027443973771969935e-04 2.698333530097476139e-03 -5.620526323887821332e-04 -2.015525903126237314e-04 9.999998217366838915e-01 9.927684897167804445e-03 9.999994039535522461e-01 -1.058420166373252869e-03 2.401081292191520333e-04 9.398248791694641113e-01 1.058215158991515636e-03 9.999990463256835938e-01 7.897884352132678032e-04 5.170131102204322815e-03 -2.409519656794145703e-04 -7.895273156464099884e-04 9.999997019767761230e-01 1.760888099670410156e-02 4.630076980590820312e+01
6.370364000000000000e+07 9.999993061036606123e-01 -3.771325985597912163e-04 1.116048031465088691e-03 9.476136304828944867e-01 3.768460577992928211e-04 9.999998959831380985e-01 2.569450579416798428e-04 1.875802623261723897e-03 -1.116144817734102341e-03 -2.565243013499121996e-04 9.999993442078031203e-01 1.106266402671906776e-02 9.999972581863403320e-01 -4.059412458445876837e-04 2.313868841156363487e-03 9.329493641853332520e-01 4.022537323180586100e-04 9.999986290931701660e-01 1.593752996996045113e-03 5.280845798552036285e-03 -2.314508426934480667e-03 -1.592819811776280403e-03 9.999960064888000488e-01 2.170234546065330505e-02 4.622428894042968750e+01
6.380744000000000000e+07 9.999978622231235903e-01 1.770789076120440344e-04 2.060143718196191277e-03 8.925374392782069455e-01 -1.783752460106484969e-04 9.999997862203803267e-01 6.290798477587663433e-04 2.298125811988657556e-03 -2.060031881004501485e-03 -6.294459815778295038e-04 9.999976800304554159e-01 1.043804693306710565e-02 9.999978542327880859e-01 5.569630302488803864e-04 1.999597065150737762e-03 9.223307967185974121e-01 -5.584710743278264999e-04 9.999995827674865723e-01 7.556265918537974358e-04 3.178114071488380432e-03 -1.999167725443840027e-03 -7.567503489553928375e-04 9.999976754188537598e-01 2.281684242188930511e-02 4.641206359863281250e+01
6.391142000000000000e+07 9.999992434442266376e-01 1.187097967449755095e-03 -3.223499136364200860e-04 8.671448541041202329e-01 -1.187209791780110494e-03 9.999992350845687827e-01 -3.469340937716621702e-04 -1.128605284861989222e-03 3.219378223293650884e-04 3.473165282511014103e-04 9.999998878636332522e-01 9.834880194706187642e-03 9.999988079071044922e-01 9.667169069871306419e-04 1.134608290158212185e-03 9.157186150550842285e-01 -9.669613209553062916e-04 9.999994635581970215e-01 2.164725592592731118e-04 2.587897470220923424e-03 -1.134397462010383606e-03 -2.175694535253569484e-04 9.999993443489074707e-01 2.346779219806194305e-02 4.631504058837890625e+01
6.401577000000000000e+07 9.999952846061707090e-01 1.245455363511171597e-03 2.807063672897935989e-03 8.461067042754782941e-01 -1.248402963314021886e-03 9.999986710074911800e-01 1.048557734034043709e-03 2.196573365044546949e-03 -2.805754010491789876e-03 -1.052057136240753610e-03 9.999955104500781733e-01 1.045828398691041328e-02 9.999991059303283691e-01 1.316151232458651066e-03 2.947768080048263073e-04 8.955150842666625977e-01 -1.316544599831104279e-03 9.999982118606567383e-01 1.360143534839153290e-03 3.581981174647808075e-03 -2.929950424004346132e-04 -1.360526424832642078e-03 9.999990463256835938e-01 2.245918475091457367e-02 4.631974411010742188e+01
6.411946000000000000e+07 9.999908617744441841e-01 3.424564667750887303e-03 2.559047771690376588e-03 8.305106322166334598e-01 -3.427701671977959400e-03 9.999933781931225063e-01 1.222469599022156213e-03 8.593724051299935288e-04 -2.554844400217110012e-03 -1.231230079638305107e-03 9.999959784134367924e-01 9.923181781616304334e-03 9.999977946281433105e-01 2.113321330398321152e-03 -2.223834453616291285e-04 8.830352425575256348e-01 -2.113045193254947662e-03 9.999969005584716797e-01 1.265917904675006866e-03 2.965011168271303177e-03 2.250624092994257808e-04 -1.265442464500665665e-03 9.999991655349731445e-01 2.159405685961246490e-02 4.673820877075195312e+01
6.422341000000000000e+07 9.999837931896020660e-01 5.612927408672136256e-03 -9.531007809650350647e-04 8.084995911557877335e-01 -5.613665163876797870e-03 9.999839443670391903e-01 -7.731549987021097987e-04 -5.364798434672747932e-03 9.487458150501403053e-04 7.784928574618165970e-04 9.999992469147727103e-01 9.023414450831023989e-03 9.999932050704956055e-01 3.665453288704156876e-03 3.813578514382243156e-04 8.681040406227111816e-01 -3.665794851258397102e-03 9.999929666519165039e-01 9.093325352296233177e-04 2.821001457050442696e-03 -3.780316910706460476e-04 -9.107245132327079773e-04 9.999995231628417969e-01 1.876980997622013092e-02 4.668896102905273438e+01
6.432743000000000000e+07 9.999798624571473171e-01 6.148748268409921780e-03 1.570851671859575414e-03 8.006316119157361744e-01 -6.150096038960514364e-03 9.999807228010755278e-01 8.546022502150474537e-04 -2.837867591734614427e-03 -1.565566656140910491e-03 -8.642459292564902548e-04 9.999984010387334976e-01 9.437464894908369206e-03 9.999846816062927246e-01 5.525049753487110138e-03 3.674553299788385630e-04 8.528965115547180176e-01 -5.524954758584499359e-03 9.999846220016479492e-01 -2.871789620257914066e-04 2.311056479811668396e-03 -3.690322046168148518e-04 2.851449535228312016e-04 9.999998807907104492e-01 1.711355708539485931e-02 4.743542480468750000e+01
6.443145000000000000e+07 9.999790684352846126e-01 6.259385205818060634e-03 -1.637922694683304143e-03 8.041512318583854402e-01 -6.261704851647766946e-03 9.999793942915136125e-01 -1.414937205689725678e-03 -7.209100129227906557e-03 1.629032307667177418e-03 1.425163776686811561e-03 9.999976575783775523e-01 8.972537933990097983e-03 9.999751448631286621e-01 7.047967053949832916e-03 2.286740709678269923e-05 8.329773545265197754e-01 -7.047950755804777145e-03 9.999749064445495605e-01 -6.686917040497064590e-04 1.873086206614971161e-03 -2.757342372206039727e-05 6.685060798190534115e-04 9.999997615814208984e-01 1.829854026436805725e-02 4.833824157714843750e+01
6.453556000000000000e+07 9.999651397637628891e-01 8.345334654127548393e-03 2.732219904614930739e-04 7.928478102682625650e-01 -8.345248416642333036e-03 9.999651281122482471e-01 -3.152646950568202002e-04 -7.122044695467301921e-03 -2.758434519479192556e-04 3.129735995870354848e-04 9.999999129789586272e-01 9.447102633695397128e-03 9.999693632125854492e-01 7.822344079613685608e-03 3.347519959788769484e-04 8.116410374641418457e-01 -7.821652106940746307e-03 9.999674558639526367e-01 -1.998953521251678467e-03 -3.072724211961030960e-04 -3.503814805299043655e-04 1.996272942051291466e-03 9.999980330467224121e-01 1.649656705558300018e-02 4.832121658325195312e+01
6.463959000000000000e+07 9.999713512688969130e-01 7.564781613853368766e-03 -2.659336689154479243e-04 7.808654793122704607e-01 -7.564993040591938556e-03 9.999710624330241382e-01 -8.032291025644827621e-04 -7.177798258004001834e-03 2.598497207085947850e-04 8.052178774201680959e-04 9.999996420510829376e-01 9.282477274722419208e-03 9.999685287475585938e-01 7.787118200212717056e-03 1.514194300398230553e-03 7.883480191230773926e-01 -7.783330511301755905e-03 9.999665617942810059e-01 -2.493462758138775826e-03 -4.684964194893836975e-03 -1.533554866909980774e-03 2.481607254594564438e-03 9.999956488609313965e-01 2.041058428585529327e-02 4.849990463256835938e+01
6.474358000000000000e+07 9.999655079170678418e-01 8.305589236270113224e-03 1.287661415259248703e-05 7.493723756856324192e-01 -8.305572204291893079e-03 9.999650079493056509e-01 -1.000174757146617046e-03 -8.552982275833898029e-03 -2.118320400488723950e-05 1.000033311391883631e-03 9.999994997422149146e-01 9.042284539768902576e-03 9.999695420265197754e-01 7.793041411787271500e-03 1.677616237429901958e-04 7.642536759376525879e-01 -7.792392745614051819e-03 9.999635219573974609e-01 -3.514448646456003189e-03 -5.833666771650314331e-03 -1.951480517163872719e-04 3.513038624078035355e-03 9.999938011169433594e-01 2.343250811100006104e-02 4.816592025756835938e+01
6.484759000000000000e+07 9.999756743736257780e-01 6.932376987078614668e-03 -7.699424163925542479e-04 7.316337693236270034e-01 -6.933314456798999985e-03 9.999752180380999667e-01 -1.221663341373161295e-03 -7.648686275421713240e-03 7.614543050502583328e-04 1.226971876424178985e-03 9.999989573631558049e-01 8.816112287640971018e-03 9.999719262123107910e-01 7.474350742995738983e-03 6.533311679959297180e-04 7.385978698730468750e-01 -7.473138626664876938e-03 9.999702572822570801e-01 -1.860583783127367496e-03 -2.094734925776720047e-03 -6.672214367426931858e-04 1.855642069131135941e-03 9.999980330467224121e-01 2.350000850856304169e-02 4.830729675292968750e+01
6.495155000000000000e+07 9.999713721643438413e-01 7.564360059208334423e-03 1.879059587571673643e-04 7.281392835334002944e-01 -7.564153623145120249e-03 9.999708124230147765e-01 -1.076049262961338614e-03 -8.081758231419149119e-03 -1.960400983046910477e-04 1.074597108461016479e-03 9.999994034044891178e-01 8.657076793722188329e-03 9.999724030494689941e-01 7.413196843117475510e-03 5.499096005223691463e-04 7.140344977378845215e-01 -7.412346545606851578e-03 9.999713897705078125e-01 -1.533254864625632763e-03 2.422365127131342888e-03 -5.612595123238861561e-04 1.529134460724890232e-03 9.999986886978149414e-01 2.344085276126861572e-02 4.794259262084960938e+01
6.505550000000000000e+07 9.999815417433173259e-01 6.041179755810264021e-03 -6.483208500480690164e-04 6.951480090201535011e-01 -6.041826249952184091e-03 9.999812480917152913e-01 -9.999003004936019706e-04 -6.515520902815297687e-03 6.422681153595744159e-04 1.003798885995948239e-03 9.999992899394821722e-01 8.570282989154779166e-03 9.999763369560241699e-01 6.868942640721797943e-03 -1.905169920064508915e-04 6.857640147209167480e-01 -6.869117263704538345e-03 9.999759197235107422e-01 -9.872259106487035751e-04 1.155670150183141232e-03 1.837348681874573231e-04 9.885181207209825516e-04 9.999995231628417969e-01 2.285845763981342316e-02 4.855011367797851562e+01
6.515952000000000000e+07 9.999801682994972074e-01 6.258764868936306583e-03 7.006218861278475443e-04 6.395140270631322066e-01 -6.258678715243558982e-03 9.999804064548444282e-01 -1.250925019729511489e-04 -6.187741702678439815e-03 -7.013910829985548542e-04 1.207050540006909399e-04 9.999997467403936025e-01 8.310920113179033272e-03 9.999800324440002441e-01 6.312267854809761047e-03 -4.074274911545217037e-04 6.588850617408752441e-01 -6.312856450676918030e-03 9.999790787696838379e-01 -1.446393900550901890e-03 3.708287549670785666e-04 3.982773923780769110e-04 1.448936644010245800e-03 9.999988675117492676e-01 2.081348188221454620e-02 4.820377731323242188e+01
6.526346000000000000e+07 9.999841444341036611e-01 5.596854578528414476e-03 6.213673292712981093e-04 5.955545619801292379e-01 -5.596827195112993869e-03 9.999843365902756354e-01 -4.579972013673357014e-05 -5.602891397240840517e-03 -6.216139309280578661e-04 4.232130818531869905e-05 9.999998059024836072e-01 8.185718620406028448e-03 9.999822974205017090e-01 5.930274259299039841e-03 -4.160917305853217840e-04 6.332162022590637207e-01 -5.930674728006124496e-03 9.999818801879882812e-01 -9.674585307948291302e-04 3.082161536440253258e-03 4.103476530872285366e-04 9.699095389805734158e-04 9.999994635581970215e-01 1.845309883356094360e-02 4.815695953369140625e+01
6.536748000000000000e+07 9.999802534926049979e-01 6.196179914378450136e-03 1.048799052947607885e-03 6.416335317096343305e-01 -6.197251431918717780e-03 9.999802750978328270e-01 1.021513617776786910e-03 -4.231997976513492826e-03 -1.042448883347354754e-03 -1.027993117863670912e-03 9.999989282646665201e-01 9.103119367948752858e-03 9.999852776527404785e-01 5.400430876761674881e-03 -5.875526112504303455e-04 6.065246462821960449e-01 -5.401150789111852646e-03 9.999847412109375000e-01 -1.230616122484207153e-03 2.415388124063611031e-03 5.809017457067966461e-04 1.233763294294476509e-03 9.999991059303283691e-01 1.583785004913806915e-02 4.833347320556640625e+01
6.547147000000000000e+07 9.999814221595683117e-01 6.067140609490258123e-03 5.874880154814240280e-04 5.701019524359588475e-01 -6.066869760155750753e-03 9.999814897827614679e-01 -4.617193657868403538e-04 -6.461396158880295532e-03 -5.902784571435951838e-04 4.581465749179850595e-04 9.999997208365026813e-01 8.178398221199045109e-03 9.999883770942687988e-01 4.766136407852172852e-03 -7.492352160625159740e-04 5.787746906280517578e-01 -4.767756909132003784e-03 9.999862313270568848e-01 -2.175016561523079872e-03 -1.198218553327023983e-03 7.388640660792589188e-04 2.178579103201627731e-03 9.999973177909851074e-01 1.906505972146987915e-02 4.843561553955078125e+01
6.557532000000000000e+07 9.999849350970313466e-01 5.443827022591956125e-03 7.030840067239260823e-04 5.667648505898389422e-01 -5.443740025522598655e-03 9.999851748512267324e-01 -1.255908832362099409e-04 -5.687691138522613446e-03 -7.037572784253034877e-04 1.217615847729936612e-04 9.999997449498788660e-01 8.310427284482961932e-03 9.999886751174926758e-01 4.536782391369342804e-03 1.415947801433503628e-03 5.564487576484680176e-01 -4.534232895821332932e-03 9.999881386756896973e-01 -1.798455021344125271e-03 -3.902586176991462708e-03 -1.424095244146883488e-03 1.791999908164143562e-03 9.999973773956298828e-01 1.854450255632400513e-02 4.874073410034179688e+01
6.567931000000000000e+07 9.999891356978790613e-01 4.602985640267595428e-03 7.355332415499507429e-04 5.490324239482399227e-01 -4.603278543294589582e-03 9.999893260425637420e-01 3.970230997421210126e-04 -4.437595478207231534e-03 -7.336978988509498941e-04 -4.004046507915730671e-04 9.999996506816892783e-01 8.287077383329781444e-03 9.999898672103881836e-01 4.059594124555587769e-03 1.943913055583834648e-03 5.248824357986450195e-01 -4.058464430272579193e-03 9.999915957450866699e-01 -5.855226772837340832e-04 -4.137402866035699844e-03 -1.946280477568507195e-03 5.776415928266942501e-04 9.999980330467224121e-01 1.950046792626380920e-02 4.881273651123046875e+01
6.578330000000000000e+07 9.999897057890264618e-01 4.515471573436643724e-03 4.459058373367436913e-04 5.129687192013643315e-01 -4.515353090710315723e-03 9.999897702661719734e-01 -2.663626239897375612e-04 -5.659600812432719064e-03 -4.471040287205957061e-04 2.643464596537914760e-04 9.999998651094564872e-01 7.455965918635757902e-03 9.999925494194030762e-01 3.751035081222653389e-03 8.804340031929314137e-04 4.957297444343566895e-01 -3.750201547518372536e-03 9.999924898147583008e-01 -9.472270030528306961e-04 -2.139449818059802055e-03 -8.839700603857636452e-04 9.439136483706533909e-04 9.999991059303283691e-01 1.708962023258209229e-02 4.903660964965820312e+01
6.588730000000000000e+07 9.999890030425792053e-01 4.677309001756851763e-03 3.414306819575761189e-04 5.023201219840325304e-01 -4.677248337445466704e-03 9.999890457260073307e-01 -1.782595778291094324e-04 -5.609523714351522319e-03 -3.422607169414975357e-04 1.766606614629297645e-04 9.999999258243050804e-01 7.527761145689991322e-03 9.999951720237731934e-01 3.070019418373703957e-03 5.889116437174379826e-04 4.633477032184600830e-01 -3.069739555940032005e-03 9.999952316284179688e-01 -4.747360944747924805e-04 -4.976391326636075974e-03 -5.903664277866482735e-04 4.729274951387196779e-04 9.999997615814208984e-01 1.629823632538318634e-02 4.922582244873046875e+01
6.599117000000000000e+07 9.999987132623506803e-01 1.269045352906031333e-03 -9.813243634973311917e-04 4.153449123036303536e-01 -1.269725806213377285e-03 9.999989537099204240e-01 -6.930912047037223519e-04 -3.617746456727747879e-03 9.804437725650688891e-04 6.943363257596957359e-04 9.999992783132692908e-01 6.631030008937462313e-03 9.999967813491821289e-01 2.465622033923864365e-03 6.419817800633609295e-04 4.362609088420867920e-01 -2.464652527123689651e-03 9.999958276748657227e-01 -1.504008774645626545e-03 -6.292930338531732559e-03 -6.456891424022614956e-04 1.502413186244666576e-03 9.999986290931701660e-01 1.375176291912794113e-02 4.902867126464843750e+01
6.609534000000000000e+07 9.999994008623812602e-01 -9.070373460105603421e-04 -6.128279338071876414e-04 3.661616666961791666e-01 9.071727760328494525e-04 9.999995641533602209e-01 2.207500938843719553e-04 1.589158596525600800e-04 6.126274381197116536e-04 -2.213059024681101261e-04 9.999997878556275976e-01 5.888314019003844033e-03 9.999980926513671875e-01 1.880416646599769592e-03 5.695268046110868454e-04 4.013836681842803955e-01 -1.879113959148526192e-03 9.999955892562866211e-01 -2.281784312799572945e-03 -1.013003196567296982e-02 -5.738110630773007870e-04 2.280716784298419952e-03 9.999971985816955566e-01 1.237895712256431580e-02 4.918492889404296875e+01
6.619908000000000000e+07 9.999996856649423504e-01 -6.256571681892702944e-04 -4.870555960558705863e-04 3.224425731300785136e-01 6.255676513085001297e-04 9.999997874187871449e-01 -1.839225758482158370e-04 -4.203162966790299814e-04 4.871705649896378512e-04 1.836178318237614696e-04 9.999998644746633802e-01 4.935315948048264907e-03 9.999989867210388184e-01 1.194130978547036648e-03 6.621251231990754604e-04 3.700081408023834229e-01 -1.193352974951267242e-03 9.999986290931701660e-01 -1.184603199362754822e-03 -5.361001938581466675e-03 -6.635470781475305557e-04 1.183813903480768204e-03 9.999991655349731445e-01 1.056969538331031799e-02 4.908201599121093750e+01
6.630307000000000000e+07 9.999988710641886103e-01 -1.488913692626122817e-03 -2.025005074122940014e-04 3.210540657724357816e-01 1.488958796081568149e-03 9.999988666882470012e-01 2.227644874905871741e-04 5.543566966758970826e-04 2.021686008338586789e-04 -2.230657509033164888e-04 9.999999546847646581e-01 4.931885160736652722e-03 9.999993443489074707e-01 3.404922317713499069e-04 1.117919106036424637e-03 3.377239108085632324e-01 -3.407629847060889006e-04 9.999998807907104492e-01 2.479102404322475195e-04 -6.916975136846303940e-03 -1.117824576795101166e-03 -2.482968848198652267e-04 9.999993443489074707e-01 1.408692914992570877e-02 4.910710525512695312e+01
6.640705000000000000e+07 9.999985747490511834e-01 -1.606553788584335349e-03 -5.191192401477766252e-04 2.854082303982219959e-01 1.606524475728022530e-03 9.999987079211312135e-01 -5.687857491549512729e-05 1.026021562488362211e-04 5.192099478949620348e-04 5.604451608260456962e-05 9.999998636400115881e-01 4.446933749605213107e-03 9.999998211860656738e-01 -4.218093527015298605e-04 4.784301854670047760e-04 3.077206909656524658e-01 4.213241045363247395e-04 9.999993443489074707e-01 1.026585348881781101e-03 -3.372222417965531349e-03 -4.788739897776395082e-04 -1.026385929435491562e-03 9.999993443489074707e-01 1.230329275131225586e-02 4.933148956298828125e+01
6.651293000000000000e+07 9.999993197884314844e-01 -1.054138287551808790e-03 -4.992145467537959869e-04 2.601462978877832621e-01 1.053961904366104967e-03 9.999993821175341413e-01 -3.534527845327148105e-04 -8.691519957329534203e-04 4.995868264058119434e-04 3.529263910028504741e-04 9.999998129279678016e-01 4.825479703369803947e-03 9.999993443489074707e-01 -1.055837958119809628e-03 -5.567941116169095039e-04 2.661888003349304199e-01 1.056612934917211533e-03 9.999985098838806152e-01 1.418466330505907536e-03 -1.906812773086130619e-03 5.553077789954841137e-04 -1.419047242961823940e-03 9.999988675117492676e-01 1.149987988173961639e-02 4.916291046142578125e+01
6.661480000000000000e+07 9.999998813618813376e-01 -3.455717499733576971e-05 -4.858827342731621103e-04 2.275843519269581394e-01 3.427004026587256798e-05 9.999998248013960422e-01 -5.909507180333211946e-04 -3.031331350381233965e-03 4.859030707340057697e-04 5.909339967036300861e-04 9.999997073475739295e-01 4.800557429425040233e-03 9.999983310699462891e-01 -1.694078557193279266e-03 -6.196339381858706474e-04 2.449626624584197998e-01 1.695160870440304279e-03 9.999970197677612305e-01 1.750328810885548592e-03 -2.549296943470835686e-03 6.166591192595660686e-04 -1.751381438225507736e-03 9.999982118606567383e-01 8.008783683180809021e-03 4.907932662963867188e+01
6.671880000000000000e+07 9.999942760139172160e-01 -3.382603375720329066e-03 -7.703170004387997576e-05 2.118364202643075733e-01 3.382615177049240560e-03 9.999942671460259058e-01 1.535894702411378407e-04 9.701361302654415777e-04 7.651172617545666705e-05 -1.538491596930435215e-04 9.999999852381958876e-01 4.730369091810853951e-03 9.999967813491821289e-01 -2.445066347718238831e-03 -6.681775557808578014e-04 2.252431213855743408e-01 2.446167171001434326e-03 9.999956488609313965e-01 1.637254608795046806e-03 -9.915073169395327568e-04 6.641738000325858593e-04 -1.638881862163543701e-03 9.999984502792358398e-01 5.216341000050306320e-03 4.897209548950195312e+01
6.682414000000000000e+07 9.999961929753177214e-01 -2.759352995740188726e-03 2.426695111189801176e-06 1.392024968958233966e-01 2.759352913250984023e-03 9.999961924219413767e-01 3.336304150338210338e-05 8.862387171045808159e-04 -2.518746280205543851e-06 -3.335621838121071526e-05 9.999999994405093240e-01 5.249595260660619954e-03 9.999962449073791504e-01 -2.472018823027610779e-03 -1.227346365340054035e-03 2.016506046056747437e-01 2.473347587510943413e-03 9.999963641166687012e-01 1.076419837772846222e-03 -3.556340700015425682e-03 1.224672654643654823e-03 -1.079445122741162777e-03 9.999986886978149414e-01 3.251954913139343262e-03 4.929302215576171875e+01
6.692676000000000000e+07 9.999972257908367190e-01 -2.354761066068835219e-03 -5.925407716634433782e-05 1.138566851722819656e-01 2.354764139584217524e-03 9.999972261947089880e-01 5.185391507294997672e-05 7.490404848108848761e-04 5.913180922879749025e-05 -5.199330059302735221e-05 9.999999969000629152e-01 4.720250882080759616e-03 9.999922513961791992e-01 -2.875894075259566307e-03 -2.659897319972515106e-03 1.968890279531478882e-01 2.876761136576533318e-03 9.999957680702209473e-01 3.259535878896713257e-04 -1.057189307175576687e-03 2.658957149833440781e-03 -3.336072841193526983e-04 9.999963641166687012e-01 1.836362178437411785e-03 4.907315063476562500e+01
6.703161000000000000e+07 9.999968313361045080e-01 -2.517362718493237981e-03 -1.424503048259906344e-05 1.167558681026203138e-01 2.517363684326279129e-03 9.999968291098744189e-01 6.819460620993782988e-05 9.138324828253939795e-04 1.407331476004047607e-05 -6.823025004529512702e-05 9.999999975732875024e-01 4.856727039670110865e-03 9.999952316284179688e-01 -2.343821572139859200e-03 -2.057866659015417099e-03 1.890255361795425415e-01 2.342854160815477371e-03 9.999971985816955566e-01 -4.717663978226482868e-04 -1.822734484449028969e-04 2.058970974758267403e-03 4.669345798902213573e-04 9.999977350234985352e-01 -3.232814138755202293e-03 4.905852890014648438e+01
6.713465000000000000e+07 9.999977579024585950e-01 -2.116287132917016919e-03 -7.429033844656403665e-05 9.584070738709710158e-02 2.116294629709374823e-03 9.999977555477426172e-01 1.009789340261176336e-04 7.297006606334441184e-04 7.407647129751811568e-05 -1.011359278578291570e-04 9.999999921421006688e-01 4.286900787901011534e-03 9.999974370002746582e-01 -2.245406154543161392e-03 -1.684678572928532958e-04 1.853472590446472168e-01 2.245263662189245224e-03 9.999971389770507812e-01 -8.171747904270887375e-04 1.791998860426247120e-03 1.703045563772320747e-04 8.168021449819207191e-04 9.999996423721313477e-01 -1.017350121401250362e-03 4.921459197998046875e+01
6.723847000000000000e+07 9.999972670287622378e-01 -2.332326816727173322e-03 -1.618229852626549604e-04 7.358364315524558441e-02 2.332365015240249039e-03 9.999972521222940669e-01 2.362654213713710251e-04 1.107470921255469636e-03 1.612714924200221516e-04 -2.366422059306574433e-04 9.999999589959855939e-01 3.852303886541885106e-03 9.999969005584716797e-01 -2.253219718113541603e-03 1.019679941236972809e-03 1.766105294227600098e-01 2.252307720482349396e-03 9.999970197677612305e-01 9.031125809997320175e-04 8.846573531627655029e-03 -1.021722797304391861e-03 -9.008095366880297661e-04 9.999991059303283691e-01 -5.528877954930067062e-03 4.900495910644531250e+01
6.734252000000000000e+07 9.999911885681749268e-01 -4.197455990497652757e-03 6.440993198667101054e-05 1.221038251571283789e-01 4.197432724257764945e-03 9.999911269429259120e-01 3.572021291745388358e-04 2.365893806619143863e-03 -6.590870073968048079e-05 -3.569286253470835323e-04 9.999999341289954602e-01 5.192037578140263135e-03 9.999971389770507812e-01 -2.390460344031453133e-03 4.476529138628393412e-04 1.654524654150009155e-01 2.389576984569430351e-03 9.999952912330627441e-01 1.962657785043120384e-03 1.138555351644754410e-02 -4.523343523032963276e-04 -1.961591886356472969e-03 9.999979138374328613e-01 -2.482363022863864899e-03 4.907443237304687500e+01
6.744648000000000000e+07 9.999957647256962900e-01 -2.905952819662681319e-03 -1.611488685906180057e-04 5.732265697954516681e-02 2.906014885346842880e-03 9.999957029320449831e-01 3.862576997786846362e-04 1.791755010169107003e-03 1.600257294815402237e-04 -3.867243648779549641e-04 9.999999124180127819e-01 3.642048222067208098e-03 9.999960064888000488e-01 -2.724132500588893890e-03 -6.379841943271458149e-04 1.501864641904830933e-01 2.725291997194290161e-03 9.999945163726806641e-01 1.824598060920834541e-03 1.385369244962930679e-02 6.330027244985103607e-04 -1.826320891268551350e-03 9.999981522560119629e-01 -3.349805250763893127e-03 4.884105682373046875e+01
6.755033000000000000e+07 9.999950697992970872e-01 -3.137119475238983428e-03 -1.373265649433656949e-04 7.049946805568306496e-02 3.137178886573219368e-03 9.999949846153922683e-01 4.345719560574136538e-04 1.995401341407589211e-03 1.359625720633158229e-04 -4.350006315267125460e-04 9.999998961443102852e-01 4.066753864653502651e-03 9.999929666519165039e-01 -3.667409531772136688e-03 -8.235390996560454369e-04 1.406193226575851440e-01 3.666970646008849144e-03 9.999932050704956055e-01 -5.349278217181563377e-04 4.381806589663028717e-03 8.255029679276049137e-04 5.318970652297139168e-04 9.999995231628417969e-01 -1.116541679948568344e-03 4.897824096679687500e+01
6.765429000000000000e+07 9.999915603685005649e-01 -4.097030476070935914e-03 -3.058328812293215244e-04 5.266775628361798633e-02 4.097171750466928331e-03 9.999914994895865439e-01 4.627449859500624920e-04 2.566186381465778918e-03 3.039344012625602416e-04 -4.639941303423145949e-04 9.999998461666579352e-01 3.991897572601699890e-03 9.999888539314270020e-01 -4.661166109144687653e-03 -6.841613794676959515e-04 1.328026205301284790e-01 4.660371225327253342e-03 9.999884963035583496e-01 -1.158537343144416809e-03 1.175799989141523838e-03 6.895425613038241863e-04 1.155340461991727352e-03 9.999991059303283691e-01 -1.434839214198291302e-03 4.923113632202148438e+01
6.775821000000000000e+07 9.999862270865134128e-01 -5.244967542095732571e-03 -1.896129915176284994e-04 8.670787661632492482e-02 5.245085847856672048e-03 9.999860466732001241e-01 6.289146852978689649e-04 3.264803413059166447e-03 1.863117087132953919e-04 -6.299005597170984853e-04 9.999997842565953032e-01 5.142129769900815467e-03 9.999853372573852539e-01 -5.399340298026800156e-03 -4.216610686853528023e-04 1.261250972747802734e-01 5.399203859269618988e-03 9.999853968620300293e-01 -3.215107135474681854e-04 4.011624492704868317e-03 4.233912040945142508e-04 3.192281292285770178e-04 9.999998211860656738e-01 -1.122717047110199928e-03 4.925833511352539062e+01
6.786219000000000000e+07 9.999784272515921391e-01 -6.566748549922658482e-03 -1.511532417219422749e-04 8.930513019080532633e-02 6.566850416140095417e-03 9.999782043496739936e-01 6.835960989802987485e-04 4.380136201659775436e-03 1.466609437956889082e-04 -6.845739526078188598e-04 9.999997549245189798e-01 5.233120077480982527e-03 9.999783635139465332e-01 -6.577535998076200485e-03 1.827261439757421613e-05 1.193436533212661743e-01 6.577508524060249329e-03 9.999775290489196777e-01 1.240064040757715702e-03 7.493717595934867859e-03 -2.642312028910964727e-05 -1.239919452928006649e-03 9.999992847442626953e-01 -2.010707976296544075e-03 4.897935867309570312e+01
6.796608000000000000e+07 9.999695640405427133e-01 -7.801976915939375090e-03 1.221927242506580204e-05 5.904600961193179343e-02 7.801970696970132735e-03 9.999694648744327230e-01 4.456147736746985180e-04 4.508700408541759484e-03 -1.569557545478774172e-05 -4.455058765570818133e-04 9.999999006390773992e-01 5.156559244197361780e-03 9.999700784683227539e-01 -7.736361119896173477e-03 -1.237872056663036346e-04 1.120738461613655090e-01 7.736608386039733887e-03 9.999678134918212891e-01 2.126284176483750343e-03 1.112965773791074753e-02 1.073287203325890005e-04 -2.127176150679588318e-03 9.999977350234985352e-01 -1.450174255296587944e-03 4.902000045776367188e+01
6.807019000000000000e+07 9.999931431768592782e-01 -3.700683625389136061e-03 -1.361634482048221240e-04 1.551804425434833400e-02 3.700753186770964348e-03 9.999930199820882271e-01 5.142115102317959281e-04 2.468857313148613460e-03 1.342595637370339046e-04 -5.147118916705082075e-04 9.999998585230143178e-01 2.311759808809217553e-03 9.999701380729675293e-01 -7.726138457655906677e-03 3.315446083433926105e-04 1.047567650675773621e-01 7.725404575467109680e-03 9.999678134918212891e-01 2.168484497815370560e-03 1.176536642014980316e-02 -3.482797765173017979e-04 -2.165858168154954910e-03 9.999975562095642090e-01 -7.543209358118474483e-04 4.911417770385742188e+01
6.817398000000000000e+07 9.999807436873940913e-01 -6.205773837968756382e-03 -2.502294669403570322e-05 8.582104225600227509e-02 6.205783912969683666e-03 9.999806536432696014e-01 4.249539711180712613e-04 3.600339531045550125e-03 2.238529440074502372e-05 -4.251010750690511759e-04 9.999999093939847539e-01 5.573437227841935952e-03 9.999750256538391113e-01 -6.984869483858346939e-03 1.073419349268078804e-03 9.257051348686218262e-02 6.983345840126276016e-03 9.999746084213256836e-01 1.417923951521515846e-03 1.475994940847158432e-02 -1.083296607248485088e-03 -1.410400611348450184e-03 9.999983906745910645e-01 2.801055961754173040e-04 4.874422454833984375e+01
6.827793000000000000e+07 9.999966140066383069e-01 -2.595229880289712764e-03 -1.917213992258466387e-04 2.197223988276459858e-02 2.595297045933211109e-03 9.999965706399698284e-01 3.509152473577028261e-04 1.713140184154954455e-03 1.908100360044602615e-04 -3.514116331443949181e-04 9.999999200506936026e-01 1.896511840951711943e-03 9.999796152114868164e-01 -6.363576278090476990e-03 5.846368148922920227e-04 7.675600051879882812e-02 6.362714339047670364e-03 9.999787211418151855e-01 1.466499757952988148e-03 1.233497075736522675e-02 -5.939566763117909431e-04 -1.462748507037758827e-03 9.999988079071044922e-01 1.607614540262147784e-04 4.897055816650390625e+01
6.838180000000000000e+07 9.999996149498981968e-01 -8.362724170824170980e-04 -2.659860102339915082e-04 2.753042930981410008e-02 8.362952829121588980e-04 9.999996466185195887e-01 8.586669291929626259e-05 1.525782953416434942e-05 2.659141082980313116e-04 -8.608910268527955893e-05 9.999999609391788669e-01 1.467436150086935415e-03 9.999884366989135742e-01 -4.798906389623880386e-03 2.398955402895808220e-04 6.199610233306884766e-02 4.798708483576774597e-03 9.999880790710449219e-01 8.077197126112878323e-04 1.095246989279985428e-02 -2.437699004076421261e-04 -8.065579459071159363e-04 9.999996423721313477e-01 -1.363611314445734024e-03 4.901347351074218750e+01
6.848593000000000000e+07 9.999999314582764809e-01 -2.979965810725033440e-04 -2.197304823236549589e-04 4.550359856823589857e-03 2.980058034820914112e-04 9.999999547167927050e-01 4.193991757685876600e-05 -5.042412313957620341e-04 2.197179744219397810e-04 -4.200539565888606794e-05 9.999999749797797710e-01 6.563609109412961472e-05 9.999909400939941406e-01 -4.186439793556928635e-03 -7.943052914924919605e-04 4.786292836070060730e-02 4.186396021395921707e-03 9.999912977218627930e-01 -6.007532647345215082e-05 8.200497366487979889e-03 7.945497636683285236e-04 5.676074215443804860e-05 9.999996423721313477e-01 -1.388121396303176880e-03 4.910303878784179688e+01
6.858998000000000000e+07 9.999999713348121100e-01 3.623564917909061873e-05 -2.366798544839021211e-04 2.336527849609726891e-03 -3.621848953805783427e-05 9.999999967155961400e-01 7.250537032821486889e-05 -6.551875823305937938e-04 2.366824809856716151e-04 -7.249679606313546004e-05 9.999999693628088826e-01 -9.866591812959634854e-05 9.999947547912597656e-01 -3.222520695999264717e-03 -4.087727575097233057e-04 3.603612631559371948e-02 3.222591010853648186e-03 9.999948143959045410e-01 1.891938882181420922e-04 7.967039011418819427e-03 4.081695806235074997e-04 -1.905185054056346416e-04 9.999998807907104492e-01 -2.006867667660117149e-03 4.907446289062500000e+01
6.869397000000000000e+07 9.999998493176893710e-01 -4.977575764139978431e-04 -2.315210172280901513e-04 9.584433068514159248e-04 4.977836455797200136e-04 9.999998697713292639e-01 1.125555687812591882e-04 -1.704398595242543821e-04 2.314649616880060492e-04 -1.126707992017997410e-04 9.999999668646293305e-01 1.495682853423973765e-04 9.999974966049194336e-01 -2.191584557294845581e-03 6.973585550440475345e-05 2.545265108346939087e-02 2.191613661125302315e-03 9.999975562095642090e-01 -2.081170532619580626e-04 6.896561942994594574e-03 -6.928407674422487617e-05 2.082766877720132470e-04 1.000000000000000000e+00 -6.741920951753854752e-04 4.925641632080078125e+01
6.879797000000000000e+07 9.999999531171520628e-01 -1.991555464098982168e-04 -2.326000093447392182e-04 5.423387059793068066e-03 1.991742037591703581e-04 9.999999769494599677e-01 8.019175313459905624e-05 -4.618289309163161032e-04 2.325840333511705203e-04 -8.023807729547646999e-05 9.999999697332594417e-01 6.148890245676015076e-05 9.999979734420776367e-01 -1.935415435582399368e-03 -6.225559045560657978e-04 1.533124223351478577e-02 1.935714273713529110e-03 9.999979138374328613e-01 5.046371952630579472e-04 6.848416291177272797e-03 6.215735338628292084e-04 -5.058501847088336945e-04 9.999996423721313477e-01 -2.353047719225287437e-03 4.928643035888671875e+01
6.890206000000000000e+07 9.999999564459141066e-01 -1.713778809276717474e-04 -2.402868994134432551e-04 4.581633865843637993e-03 1.714010970103246401e-04 9.999999806449635376e-01 9.660091780414850789e-05 -4.629474731541388189e-04 2.402703395024919036e-04 -9.664209903394757432e-05 9.999999664652345910e-01 -3.642266178462449423e-05 9.999995827674865723e-01 -8.598078857176005840e-04 2.125038008671253920e-04 7.207875140011310577e-03 8.597433334216475487e-04 9.999995827674865723e-01 2.810929727274924517e-04 5.674238316714763641e-03 -2.127469197148457170e-04 -2.809092402458190918e-04 1.000000000000000000e+00 -1.464479602873325348e-03 4.921551895141601562e+01
6.900604000000000000e+07 9.999998201808670828e-01 -5.494801233605980809e-04 -2.402287264235437316e-04 3.192278943017860630e-03 5.495202123104095523e-04 9.999998350952815640e-01 1.668441136044547860e-04 -4.699580009779425827e-05 2.401370092879861193e-04 -1.669760941385193761e-04 9.999999572266010661e-01 6.518191133552635587e-05 9.999999403953552246e-01 1.534099574200809002e-04 8.596510451752692461e-05 -2.641102066263556480e-03 -1.534018228994682431e-04 9.999999403953552246e-01 5.110105121275410056e-05 5.082618445158004761e-03 -8.595349208917468786e-05 -5.110727579449303448e-05 9.999999403953552246e-01 -2.338194986805319786e-03 4.884096145629882812e+01
6.911083000000000000e+07 9.999999263772476610e-01 -3.005048783546821140e-04 -2.386259064321682153e-04 4.155589685947149239e-03 3.005322718628919551e-04 9.999999482541790385e-01 1.147693206351151367e-04 -3.234842597011164823e-04 2.385914053449221983e-04 -1.148410269683913809e-04 9.999999649428407134e-01 3.266614994492437172e-05 9.999996423721313477e-01 4.584437647281447425e-06 -9.012821828946471214e-04 -7.034929469227790833e-03 -5.223063453740905970e-06 9.999998211860656738e-01 -7.070637657307088375e-04 2.886030357331037521e-03 9.012756054289638996e-04 7.070568972267210484e-04 9.999994039535522461e-01 -3.315052599646151066e-04 4.873001480102539062e+01
6.921423000000000000e+07 9.999999161843728945e-01 -3.169705220510128478e-04 -2.591542852143735956e-04 7.394468451336687169e-04 3.170137000258204003e-04 9.999999358755458090e-01 1.665869879044168888e-04 -2.577311531722486777e-04 2.591014654343037535e-04 -1.666691293966448607e-04 9.999999525439171588e-01 -1.647906124194694114e-05 9.999991655349731445e-01 -2.901505213230848312e-04 -1.235252129845321178e-03 -1.668283599428832531e-03 2.896593650802969933e-04 9.999998211860656738e-01 -3.899108269251883030e-04 8.917030063457787037e-04 1.235358533449470997e-03 3.895613481290638447e-04 9.999991655349731445e-01 4.505430406425148249e-04 4.854639816284179688e+01
6.931819000000000000e+07 9.999998657204561825e-01 -4.474893569193727169e-04 -2.613663134618081775e-04 3.988656078734880198e-04 4.475420798927598801e-04 9.999998795122028161e-01 2.016969780203882695e-04 -6.468908695909632647e-05 2.612760247209689889e-04 -2.018139233580794095e-04 9.999999455029890960e-01 1.144287306722855912e-05 9.999999403953552246e-01 2.612695097923278809e-04 -3.333993954584002495e-04 2.963165054097771645e-03 -2.611859526950865984e-04 1.000000000000000000e+00 2.524380688555538654e-04 -2.619603648781776428e-03 3.334663924761116505e-04 -2.523476141504943371e-04 9.999998807907104492e-01 -1.696099177934229374e-03 4.857622528076171875e+01
6.942233000000000000e+07 9.999998929564367645e-01 -3.836570857658234013e-04 -2.586394330766845009e-04 -4.085731691175208970e-04 3.837092345946285354e-04 9.999999060607014378e-01 2.016080659919889848e-04 -1.103906274499164513e-04 2.585620604175281265e-04 -2.017072867496399005e-04 9.999999462299145048e-01 -6.714447764266964454e-05 9.999998211860656738e-01 -2.059585240203887224e-04 4.224997828714549541e-04 2.257179934531450272e-03 2.058639220194891095e-04 9.999999403953552246e-01 2.344466920476406813e-04 -5.442448426038026810e-03 -4.225475713610649109e-04 -2.343652449781075120e-04 9.999998807907104492e-01 -1.840837183408439159e-03 4.844831848144531250e+01
6.952632000000000000e+07 9.999997167005276744e-01 -7.139975564171077704e-04 -2.383408753314314682e-04 3.649953159545009200e-03 7.140478073118655677e-04 9.999997228457668808e-01 2.108177812659977484e-04 1.788636035946698766e-04 2.381902858986296079e-04 -2.109879083151452301e-04 9.999999493747455670e-01 1.506796307839670230e-04 1.000000000000000000e+00 -1.505503169028088450e-04 -4.130759334657341242e-04 -5.740945925936102867e-04 1.505479885963723063e-04 1.000000000000000000e+00 -1.032036379911005497e-05 -4.143843892961740494e-03 4.130821325816214085e-04 1.025515484798233956e-05 9.999999403953552246e-01 -9.877970442175865173e-04 4.874678421020507812e+01
6.963032000000000000e+07 9.999998183251777029e-01 -5.543089817086217222e-04 -2.368357151083867230e-04 5.902807770796289141e-03 5.543434489640321856e-04 9.999998357677669647e-01 1.454914844816340442e-04 -8.145342098562755094e-05 2.367550289738562248e-04 -1.456227463796744108e-04 9.999999613705343737e-01 1.511105811061899229e-04 9.999999403953552246e-01 1.054943786584772170e-04 -1.936263470270205289e-05 -1.268762978725135326e-03 -1.054935637512244284e-04 1.000000000000000000e+00 -1.968460273928940296e-04 -2.488135360181331635e-03 1.933592102432157844e-05 1.968544383998960257e-04 9.999999403953552246e-01 -3.926414065062999725e-03 4.876220703125000000e+01
6.973433000000000000e+07 9.999999292196970480e-01 -2.876332217476005085e-04 -2.425442971621437696e-04 2.045766819219973186e-03 2.876628933825855724e-04 9.999999511452963841e-01 1.223089054756348014e-04 -3.355816783499422423e-04 2.425091052095608088e-04 -1.223786678101385951e-04 9.999999631063984928e-01 -6.551571708766280758e-05 9.999998807907104492e-01 -2.060255355900153518e-04 4.486036195885390043e-04 -9.483736357651650906e-04 2.060108527075499296e-04 9.999999403953552246e-01 9.808433787839021534e-06 -2.911322982981801033e-03 -4.486023099161684513e-04 -9.725589734443929046e-06 9.999998807907104492e-01 -4.502858500927686691e-03 4.870409774780273438e+01
6.983843000000000000e+07 9.999996162273456779e-01 -8.374798213840650620e-04 -2.572407066754126286e-04 2.259871246114634850e-03 8.375521579960609839e-04 9.999996097099131953e-01 2.812231783873577699e-04 3.971242602415049963e-04 2.570050875614962311e-04 -2.814385229506809801e-04 9.999999273703754632e-01 2.346086693352074858e-04 9.999998807907104492e-01 -3.513999035931192338e-05 -2.819586661644279957e-04 -1.573636429384350777e-03 3.514279887895099819e-05 1.000000000000000000e+00 -7.523697149736108258e-06 -1.618594164028763771e-03 2.819587534759193659e-04 7.524602096964372322e-06 9.999999403953552246e-01 -4.824647214263677597e-03 4.876409530639648438e+01
6.994331000000000000e+07 9.999997472190232939e-01 -6.673206650851162131e-04 -2.454486277743948039e-04 2.836074576584736613e-03 6.673726546189157754e-04 9.999997548786129231e-01 2.117934440425272181e-04 1.258738121392002701e-04 2.453072334703498250e-04 -2.119571962044502599e-04 9.999999474492536899e-01 1.652854294371336539e-04 1.000000000000000000e+00 -1.904908276628702879e-04 -2.049093200184870511e-05 -7.288580527529120445e-04 1.904969831230118871e-04 1.000000000000000000e+00 -6.701350503135472536e-05 -8.630929514765739441e-04 2.050637158390600234e-05 6.700670201098546386e-05 1.000000119209289551e+00 -6.549688987433910370e-03 4.858633422851562500e+01
7.004725000000000000e+07 9.999997875533676028e-01 -5.968504889462434172e-04 -2.620357584379942465e-04 2.240998153679989863e-03 5.969099396314180971e-04 9.999997961164083238e-01 2.268605078213772679e-04 9.367740501513109738e-05 2.619003032162456465e-04 -2.270168713650741671e-04 9.999999399357873964e-01 1.492996841434384965e-04 9.999999403953552246e-01 -7.099357753759250045e-05 2.004780108109116554e-04 1.458487706258893013e-03 7.100031507434323430e-05 1.000000000000000000e+00 -3.007283157785423100e-05 -1.607360900379717350e-03 -2.004801790462806821e-04 3.008369276358280331e-05 9.999999403953552246e-01 -4.060903098434209824e-03 4.854553604125976562e+01
7.015051000000000000e+07 9.999998986721407856e-01 -3.753584706747314557e-04 -2.485190656889253247e-04 2.235511676958503065e-03 3.753959653376260177e-04 9.999999181621367361e-01 1.508429268173871226e-04 -2.155644629356983592e-04 2.484624251801497352e-04 -1.509362045876684003e-04 9.999999577423416275e-01 -2.468956485923560858e-05 1.000000119209289551e+00 -6.891002703923732042e-05 -1.890995372377801687e-05 1.741694286465644836e-03 6.890024087624624372e-05 1.000000000000000000e+00 -4.817872104467824101e-05 -2.434450667351484299e-03 1.891425745270680636e-05 4.818334855372086167e-05 9.999999403953552246e-01 -4.398183897137641907e-03 4.854355239868164062e+01
7.025445000000000000e+07 9.999999281831634113e-01 -2.982751350335793427e-04 -2.338067950440625171e-04 4.371452428784546561e-03 2.983000129044039318e-04 9.999999498506363382e-01 1.063758952282622998e-04 -3.463346755980791706e-04 2.337750540355165978e-04 -1.064456321559592540e-04 9.999999670092765136e-01 3.283446818693878022e-05 9.999998807907104492e-01 -2.141686709364876151e-04 -5.535280433832667768e-05 8.343018707819283009e-04 2.141576987924054265e-04 9.999999403953552246e-01 -1.279694261029362679e-04 -8.810142753645777702e-04 5.537990364246070385e-05 1.279528078157454729e-04 1.000000000000000000e+00 -2.154908375814557076e-03 4.862486267089843750e+01
7.035844000000000000e+07 9.999999373540638947e-01 -2.741511702400453525e-04 -2.239040161323211492e-04 4.611601948105479437e-03 2.741722715224318070e-04 9.999999579763350077e-01 9.421728344582103664e-05 -3.727510976558735638e-04 2.238781769454070030e-04 -9.427866581413812464e-05 9.999999704950480739e-01 5.366378410066023228e-05 1.000000000000000000e+00 -1.516111806267872453e-04 -5.422703543445095420e-05 3.749678842723369598e-03 1.516140036983415484e-04 1.000000000000000000e+00 -6.540976028190925717e-05 -3.060512477532029152e-03 5.424149640020914376e-05 6.540067261084914207e-05 1.000000119209289551e+00 -7.577782962471246719e-03 4.861151885986328125e+01
7.046245000000000000e+07 9.999999416463788426e-01 -2.334214570791722952e-04 -2.494427114288000954e-04 2.200272871041823817e-03 2.334536927892564119e-04 9.999999644021244638e-01 1.292096185704801319e-04 -3.711536673690098696e-04 2.494125422527403938e-04 -1.292678443508114578e-04 9.999999605416046711e-01 -5.569037791281919941e-05 1.000000000000000000e+00 -1.090320074581541121e-04 1.167526570498012006e-04 1.718207844533026218e-03 1.090433506760746241e-04 1.000000000000000000e+00 -1.139262385549955070e-04 -8.664068300276994705e-04 -1.167467562481760979e-04 1.139403393608517945e-04 9.999998807907104492e-01 -5.160662811249494553e-03 4.882108688354492188e+01
7.056645000000000000e+07 9.999999506078006695e-01 -1.811019600245417690e-04 -2.568783352924074344e-04 -1.129669947875325161e-04 1.811363337219445372e-04 9.999999746441039505e-01 1.337961944007962870e-04 -4.176642792217447834e-04 2.568540980266843625e-04 -1.338427177908182216e-04 9.999999580560499091e-01 -1.631424901242785016e-04 1.000000000000000000e+00 -1.703413436189293861e-04 -2.475232213328126818e-05 2.173528773710131645e-03 1.703382149571552873e-04 9.999999403953552246e-01 -4.612069824361242354e-05 -1.840739743784070015e-03 2.477463021932635456e-05 4.611712211044505239e-05 1.000000119209289551e+00 -6.442062556743621826e-03 4.893299102783203125e+01
7.067064000000000000e+07 9.999999687283138705e-01 -4.839863275318590673e-05 -2.453588082743122178e-04 3.397663626675489698e-03 4.841735473693164316e-05 9.999999959171000929e-01 7.629914618448126380e-05 -6.134161151521058241e-04 2.453551144982443256e-04 -7.631102342273336585e-05 9.999999669887477127e-01 -9.973601685957692140e-05 1.000000000000000000e+00 -7.098592323018237948e-05 -8.145143510773777962e-07 8.960427949205040932e-04 7.098616333678364754e-05 1.000000000000000000e+00 -3.129163087578490376e-05 -3.773946955334395170e-04 8.050139967963332310e-07 3.129571996396407485e-05 1.000000000000000000e+00 -4.335576202720403671e-03 4.878540802001953125e+01
7.077454000000000000e+07 9.999998460253102239e-01 -5.000614364003397967e-04 -2.405990530841986357e-04 3.714909117857597559e-03 5.000975151984891421e-04 9.999998637136339186e-01 1.499172401667955303e-04 -1.243931751988588789e-04 2.405240524606241047e-04 -1.500375400763443237e-04 9.999999598184561300e-01 8.726059287679918338e-05 1.000000000000000000e+00 -2.303688379470258951e-04 1.754506956785917282e-05 1.403294038027524948e-03 2.303734218003228307e-04 1.000000000000000000e+00 -3.266648855060338974e-05 -1.196852186694741249e-03 -1.752991011017002165e-05 3.267002466600388288e-05 1.000000000000000000e+00 -5.811953451484441757e-03 4.860057449340820312e+01
7.087855000000000000e+07 9.999999533342761593e-01 -1.721378075139377655e-04 -2.523886353253098139e-04 -4.414198934780992557e-04 1.721710423758472859e-04 9.999999765106666327e-01 1.316654836786600787e-04 -4.297728197984186887e-04 2.523659647898105970e-04 -1.317089315476206105e-04 9.999999594820888627e-01 -1.630008601497482529e-04 9.999999403953552246e-01 -2.955047530122101307e-04 2.168332139262929559e-05 -2.639254380483180285e-04 2.955060044769197702e-04 1.000000000000000000e+00 -7.081576040945947170e-05 1.536551164463162422e-03 -2.166655576729681343e-05 7.082256342982873321e-05 1.000000000000000000e+00 -3.690060693770647049e-03 4.882758331298828125e+01
7.098254000000000000e+07 9.999998920627056753e-01 -4.025297369501657624e-04 -2.320439346080308603e-04 4.544843665723248029e-03 4.025591058031551699e-04 9.999999109677655262e-01 1.265331066394516260e-04 -2.156650510384272308e-04 2.319929806104267193e-04 -1.266265043807855814e-04 9.999999650724920031e-01 7.668369900519198294e-05 9.999999403953552246e-01 -2.441497927065938711e-04 -2.029132519965060055e-05 6.605439120903611183e-04 2.441477554384618998e-04 9.999998807907104492e-01 -1.744125765981152654e-04 -1.675237872404977679e-04 2.033627424680162221e-05 1.743955945130437613e-04 1.000000000000000000e+00 -5.998564418405294418e-03 4.897472000122070312e+01
7.108668000000000000e+07 9.999998994732481883e-01 -3.777578584420311050e-04 -2.415626317940108955e-04 1.043538236131660987e-03 3.777924813759696884e-04 9.999999183690543303e-01 1.432994585288407897e-04 -2.202095064338233630e-04 2.415084795814550936e-04 -1.433907046644297743e-04 9.999999605563814065e-01 -2.816102206203683239e-05 9.999998807907104492e-01 -4.245586169417947531e-04 -7.856197771616280079e-05 -1.077829394489526749e-03 4.245449963491410017e-04 9.999998807907104492e-01 -9.850268543232232332e-05 1.209423993714153767e-03 7.860287587391212583e-05 9.847779438132420182e-05 1.000000000000000000e+00 -5.205178167670965195e-03 4.896928024291992188e+01
7.119068000000000000e+07 9.999999179864347276e-01 -3.238156215328871984e-04 -2.432500244697642178e-04 1.947902783649035690e-03 3.238443544561276418e-04 9.999999405896931037e-01 1.180908529686263022e-04 -3.264160032479701979e-04 2.432117703569563799e-04 -1.181696184272155650e-04 9.999999634419889372e-01 -1.035367900213928306e-05 9.999999403953552246e-01 -3.801510029006749392e-04 -2.890623591156327166e-06 -2.987912623211741447e-03 3.801508573815226555e-04 9.999999403953552246e-01 -1.318282302236184478e-04 2.520608017221093178e-03 2.940699914688593708e-06 1.318262948188930750e-04 1.000000000000000000e+00 -6.457593757659196854e-03 4.901875305175781250e+01
7.129467000000000000e+07 9.999999588707076947e-01 -1.542930861082509632e-04 -2.417689566348100842e-04 2.706643643283803725e-03 1.543142986870720511e-04 9.999999842458991983e-01 8.772285534207221970e-05 -5.209392904626339738e-04 2.417554177961890756e-04 -8.776016014024171129e-05 9.999999669262362723e-01 -4.906568308847409601e-05 9.999998211860656738e-01 -5.628923536278307438e-04 -5.343797602108679712e-05 -3.003338817507028580e-03 5.628808285109698772e-04 9.999998211860656738e-01 -7.519424980273470283e-05 2.342486754059791565e-03 5.347373735276050866e-05 7.516602636314928532e-05 1.000000000000000000e+00 -7.478385232388973236e-03 4.865167999267578125e+01
7.139879000000000000e+07 9.999998529368494538e-01 -4.832597166646866228e-04 -2.461429451620211610e-04 1.403119125689712525e-03 4.833013684141786669e-04 9.999998688978803951e-01 1.691863781709358533e-04 -9.955036007806330729e-05 2.460611519375810615e-04 -1.693053145024790923e-04 9.999999553948125675e-01 4.152215994575954479e-05 9.999999403953552246e-01 -2.996097900904715061e-04 1.388941382174380124e-05 -2.642127685248851776e-03 2.996176481246948242e-04 9.999999403953552246e-01 -1.496957993367686868e-04 1.929116318933665752e-03 -1.384043207508511841e-05 1.496981130912899971e-04 1.000000000000000000e+00 -6.206140853464603424e-03 4.875868988037109375e+01
7.150301000000000000e+07 9.999999630636822179e-01 -1.133031009413584984e-04 -2.470527131875916577e-04 1.712951371001123369e-03 1.133280484754309141e-04 9.999999884810121253e-01 1.009689531077100376e-04 -5.155037302569273573e-04 2.470412702465490246e-04 -1.009969473795564434e-04 9.999999643851138487e-01 -1.430195794959852494e-04 1.000000000000000000e+00 1.773491385392844677e-05 -1.666257412580307573e-05 -2.327021211385726929e-03 -1.773499207047279924e-05 1.000000000000000000e+00 -8.107053872663527727e-05 -7.412056438624858856e-04 1.665908348513767123e-05 8.107646135613322258e-05 9.999999403953552246e-01 -4.145628772675991058e-03 4.862879943847656250e+01
7.160692000000000000e+07 9.999998482587864057e-01 -4.933605142959074895e-04 -2.451077600180623698e-04 2.948764815577284513e-03 4.933996186501665195e-04 9.999998655575438322e-01 1.595045978292176448e-04 -1.212808712427169863e-04 2.450290337965371442e-04 -1.596255096983810939e-04 9.999999572402347159e-01 7.504261518181262682e-05 1.000000000000000000e+00 -5.458970554172992706e-05 6.641304935328662395e-05 -2.008857438340783119e-03 5.460088868858292699e-05 9.999999403953552246e-01 -1.305600017076358199e-04 -6.874026730656623840e-04 -6.639888306381180882e-05 1.305607438553124666e-04 1.000000000000000000e+00 -4.008782561868429184e-03 4.879452896118164062e+01
7.171099000000000000e+07 9.999998472851624465e-01 -4.954112424641621010e-04 -2.449435486888044229e-04 1.256389120319313332e-04 4.954559049153975034e-04 9.999998606431164117e-01 1.823106810970093390e-04 -6.734916849841629169e-05 2.448531957900775729e-04 -1.824320119872225253e-04 9.999999533827340636e-01 -1.486682037265548693e-05 1.000000000000000000e+00 -2.247498341603204608e-04 2.278041574754752219e-05 -2.335318131372332573e-03 2.247392403660342097e-04 1.000000000000000000e+00 4.257549153408035636e-05 -3.293191839475184679e-04 -2.279720320075284690e-05 -4.256540705682709813e-05 1.000000000000000000e+00 -4.915132187306880951e-03 4.869200134277343750e+01
7.181772000000000000e+07 9.999998535712288916e-01 -4.795122466502655051e-04 -2.508496221358455904e-04 2.677208568698553892e-04 4.795618198359441258e-04 9.999998654876752768e-01 1.975983263378912542e-04 -4.010183948352044636e-05 2.507548375782988779e-04 -1.977185953022962477e-04 9.999999490146841419e-01 1.529662672081246442e-05 1.000000000000000000e+00 -7.676811947021633387e-05 -5.681499169440940022e-05 -1.913955784402787685e-03 7.677078974666073918e-05 1.000000000000000000e+00 -6.384764128597453237e-05 5.158858839422464371e-04 5.682618939317762852e-05 6.383068102877587080e-05 1.000000000000000000e+00 -3.634324297308921814e-03 4.871948623657226562e+01
7.191896000000000000e+07 9.999997291173855496e-01 -6.861258227324414137e-04 -2.664517386080263173e-04 4.398859808917057984e-04 6.861958371262775981e-04 9.999997300453308258e-01 2.627633090136072421e-04 2.559235612523445358e-04 2.662713779925975077e-04 -2.629460759032993381e-04 9.999999299794570806e-01 1.074622931652399093e-04 9.999999403953552246e-01 -5.281150515656918287e-05 1.618916576262563467e-05 -1.167988171800971031e-03 5.281917037791572511e-05 9.999999403953552246e-01 -1.459091290598735213e-04 5.915559595450758934e-04 -1.619522663531824946e-05 1.459115592297166586e-04 1.000000000000000000e+00 -2.596947364509105682e-03 4.866416168212890625e+01
7.202308000000000000e+07 9.999992846279541769e-01 -1.170456403447850922e-03 -2.465267355860360971e-04 3.256823962500482797e-03 1.170542609856961049e-03 9.999992537241245705e-01 3.498302991979015649e-04 7.495343453700511853e-04 2.461170905078317677e-04 -3.501186189787118845e-04 9.999999084216638634e-01 4.981322415879128494e-04 1.000000000000000000e+00 -2.399482764303684235e-04 -8.547704055672511458e-06 -1.365518779493868351e-03 2.399458317086100578e-04 1.000000000000000000e+00 -1.722768211038783193e-04 4.782302421517670155e-04 8.601051376899704337e-06 1.722759916447103024e-04 1.000000000000000000e+00 -9.091495303437113762e-04 4.904323196411132812e+01
7.212705000000000000e+07 9.999997327664473801e-01 -6.818989370348965164e-04 -2.635922810086677170e-04 1.997716571509057168e-03 6.819687590719678526e-04 9.999997323765986712e-01 2.648874474406950636e-04 2.402217968189563192e-04 2.634115840021364341e-04 -2.650671383489188165e-04 9.999999301768746074e-01 1.702700955070790599e-04 1.000000000000000000e+00 2.553024205553811044e-05 5.882517143618315458e-05 -4.453117144294083118e-04 -2.552557270973920822e-05 1.000000000000000000e+00 -9.365209552925080061e-05 -1.896339701488614082e-03 -5.883087214897386730e-05 9.365250298287719488e-05 1.000000000000000000e+00 -9.843985317274928093e-04 4.900447845458984375e+01
7.223197000000000000e+07 9.999999075562371331e-01 -3.496596431929103847e-04 -2.502511951800325636e-04 3.256369598693573293e-03 3.496963222872980122e-04 9.999999281192021305e-01 1.465403704620688887e-04 -2.543008457543911101e-04 2.501999379407724615e-04 -1.466278688334137468e-04 9.999999579501308578e-01 7.124648722889663975e-06 9.999999403953552246e-01 -1.834651484386995435e-04 -7.953838212415575981e-05 -7.043152581900358200e-04 1.834635477280244231e-04 9.999999403953552246e-01 2.231100552307907492e-05 -2.499107213225215673e-04 7.953394379001110792e-05 -2.232693441328592598e-05 9.999999403953552246e-01 -1.607306301593780518e-03 4.878934478759765625e+01
7.233512000000000000e+07 9.999997534619958772e-01 -6.583378179930653683e-04 -2.442688529433300736e-04 1.856811438911953101e-03 6.583902903174441469e-04 9.999997601925072477e-01 2.147956265346084750e-04 1.270677981269314289e-04 2.441273862839488812e-04 -2.149563978178198440e-04 9.999999470977826155e-01 1.167574672219069362e-04 1.000000000000000000e+00 -7.708439807174727321e-05 1.290549153054598719e-05 5.543815786950290203e-04 7.709422789048403502e-05 1.000000000000000000e+00 -5.650695675285533071e-05 -7.650220068171620369e-04 -1.289972806262085214e-05 5.650632738252170384e-05 1.000000000000000000e+00 -4.180578049272298813e-03 4.863107299804687500e+01
7.243920000000000000e+07 9.999988718166151758e-01 -1.485346807428466337e-03 -2.238534561472954045e-04 3.427736119296755871e-03 1.485432730242002789e-03 9.999988229550920149e-01 3.841588815032733199e-04 9.547324985598201839e-04 2.232825834963767799e-04 -3.844909673504939515e-04 9.999999011557875184e-01 7.027402090264766666e-04 1.000000000000000000e+00 -7.803054177202284336e-05 4.291565346647985280e-05 2.802672388497740030e-04 7.802455365890637040e-05 1.000000000000000000e+00 4.501581315707881004e-06 -1.098235807148739696e-04 -4.291239019948989153e-05 -4.492157586355460808e-06 1.000000000000000000e+00 -2.822623122483491898e-03 4.859254455566406250e+01
7.254319000000000000e+07 9.999997818940384864e-01 -6.112699800850304992e-04 -2.501217467980957070e-04 3.978360100774080282e-04 6.113269164979920085e-04 9.999997872338599603e-01 2.276216976701416644e-04 1.087165326702089200e-04 2.499825552704458271e-04 -2.277745541802828045e-04 9.999999428137358315e-01 6.728144236310959817e-05 1.000000000000000000e+00 -1.184053835459053516e-04 6.458607822423800826e-05 3.941542236134409904e-04 1.184085849672555923e-04 9.999999403953552246e-01 -5.333912849891930819e-05 -4.375395947135984898e-04 -6.457763811340555549e-05 5.333771332516334951e-05 9.999999403953552246e-01 -2.883440582081675529e-03 4.879904174804687500e+01
7.264720000000000000e+07 9.999994530139016957e-01 -1.016490266549799262e-03 -2.464132782352662751e-04 2.075158406414658561e-03 1.016571537484070673e-03 9.999994288690718935e-01 3.299150047740982326e-04 6.021240762368113486e-04 2.460777821307838400e-04 -3.301653210246928796e-04 9.999999152182946771e-01 3.987625004629926501e-04 9.999998807907104492e-01 -2.469407918397337198e-04 1.616781082702800632e-05 -1.086619522538967431e-04 2.469466999173164368e-04 1.000000000000000000e+00 -3.846030449494719505e-05 3.711610042955726385e-04 -1.615721521375235170e-05 3.847611878882162273e-05 1.000000119209289551e+00 -2.246859250590205193e-03 4.867395019531250000e+01
7.275120000000000000e+07 9.999998472706100872e-01 -4.922815261586109417e-04 -2.512322911065653359e-04 -7.394590446653848711e-05 4.923343529747327548e-04 9.999998567004210193e-01 2.102523014407960361e-04 -6.160243373947050608e-07 2.511287517841323817e-04 -2.103759596131386572e-04 9.999999463381529230e-01 -3.897779344761952689e-05 1.000000000000000000e+00 -2.425853454042226076e-04 -2.356824552407488227e-05 6.550718098878860474e-04 2.425816637696698308e-04 1.000000000000000000e+00 -2.377722739765886217e-05 2.067586407065391541e-03 2.356638833589386195e-05 2.376234260736964643e-05 9.999999403953552246e-01 -4.802272189408540726e-03 4.876707077026367188e+01
7.285518000000000000e+07 9.999999478054617530e-01 -2.099437554595376518e-04 -2.455864336534877967e-04 2.057399351079965133e-03 2.099732079780344699e-04 9.999999707667016624e-01 1.199076709045788971e-04 -4.000090865605069701e-04 2.455612526081959058e-04 -1.199592312158324989e-04 9.999999626547274589e-01 -6.999377525138463245e-05 1.000000000000000000e+00 -1.271409564651548862e-04 8.389718277612701058e-05 1.336269342573359609e-04 1.271460787393152714e-04 9.999999403953552246e-01 1.765778733897604980e-06 1.367065473459661007e-03 -8.389780123252421618e-05 -1.752263415255583823e-06 1.000000000000000000e+00 -3.669998608529567719e-03 4.878729629516601562e+01
7.295921000000000000e+07 9.999999661860728972e-01 -9.300070261524812510e-05 -2.428553553967236248e-04 2.889801177746823772e-03 9.302159567887141177e-05 9.999999919736837217e-01 8.602101859623613195e-05 -5.577446590470893544e-04 2.428473534324706825e-04 -8.604360647978214188e-05 9.999999668108304762e-01 -9.219834943087280084e-05 9.999999403953552246e-01 -1.214342319144634530e-05 2.912735652671472053e-08 2.085978776449337602e-04 1.214146413985872641e-05 1.000000000000000000e+00 -1.320056908298283815e-04 -3.818915283773094416e-04 -2.430475198877957155e-08 1.320026349276304245e-04 1.000000000000000000e+00 -2.280860207974910736e-03 4.912214279174804688e+01
7.306330000000000000e+07 9.999998742990987566e-01 -4.347203526310923884e-04 -2.498399891274685346e-04 -2.662220936799836787e-04 4.347708431407508066e-04 9.999998850704842068e-01 2.020726331141453375e-04 -6.213311859440503093e-05 2.497521153335755385e-04 -2.021812308482218395e-04 9.999999483733178485e-01 -5.486937130791575567e-05 1.000000119209289551e+00 -1.520564692327752709e-04 1.455809297112864442e-06 1.812690607039257884e-04 1.520591031294316053e-04 1.000000000000000000e+00 -7.316117262234911323e-05 -4.824067291337996721e-04 -1.441958715986402240e-06 7.315571565413847566e-05 9.999999403953552246e-01 -5.474564386531710625e-04 4.906086349487304688e+01
7.316746000000000000e+07 9.999998688801723379e-01 -4.401221946239847194e-04 -2.617863576257707572e-04 -4.005677755448326205e-04 4.401824129387360562e-04 9.999998766661853944e-01 2.300153520602924036e-04 3.463980560813105247e-07 2.616850904790578389e-04 -2.301305556490826202e-04 9.999999392804197473e-01 -3.421451388889547513e-05 9.999998807907104492e-01 3.304747588117606938e-05 3.277473661000840366e-05 -2.658537123352289200e-04 -3.305216887383721769e-05 9.999999403953552246e-01 8.188376523321494460e-05 5.317093455232679844e-04 -3.276732240919955075e-05 -8.187009370885789394e-05 1.000000000000000000e+00 -2.051915362244471908e-04 4.878345489501953125e+01
7.327173000000000000e+07 9.999998606956176372e-01 -4.648903551869367498e-04 -2.499714148068603379e-04 7.878918109400014384e-04 4.649380869805539709e-04 9.999998736901389851e-01 1.909248179119780856e-04 -6.128397364743093855e-05 2.498826241282943385e-04 -1.910410125444873971e-04 9.999999505310025461e-01 -3.249931549499015054e-07 1.000000000000000000e+00 -1.051509116223314777e-05 1.000343672785675153e-05 -1.010268388199619949e-04 1.051517938321921974e-05 1.000000000000000000e+00 -2.771971594484057277e-05 -2.204050542786717415e-04 -1.000430165731813759e-05 2.771766412479337305e-05 1.000000000000000000e+00 -9.053790126927196980e-04 4.901599884033203125e+01
7.337531000000000000e+07 9.999998489974423199e-01 -4.932682575453278860e-04 -2.422633395477315058e-04 1.067598322199981653e-03 4.933105003293397585e-04 9.999998631254253256e-01 1.743384278415955225e-04 -7.848238681422885297e-05 2.421773107775370012e-04 -1.744579125624828419e-04 9.999999554572934768e-01 -1.335583706420575942e-05 1.000000000000000000e+00 3.854876194964163005e-05 6.248558202059939504e-05 -2.930219634436070919e-04 -3.855164686683565378e-05 1.000000000000000000e+00 -3.671868034871295094e-05 -4.379156507638981566e-06 -6.249641592148691416e-05 3.671298327390104532e-05 1.000000000000000000e+00 -1.465301844291388988e-03 4.904694366455078125e+01
7.347944000000000000e+07 9.999999038385142258e-01 -3.617850672380385890e-04 -2.478599161323216562e-04 8.582985944884171129e-04 3.618253320528807149e-04 9.999999213503862894e-01 1.624243171957988037e-04 -2.117025127035505677e-04 2.478011339489313955e-04 -1.625139835683893667e-04 9.999999560919030639e-01 -5.695993290713354402e-05 1.000000000000000000e+00 -9.453111124457791448e-05 2.178242311856593005e-06 1.102974754758179188e-03 9.454004612052813172e-05 1.000000000000000000e+00 1.082327216863632202e-04 4.820551257580518723e-03 -2.185945277233258821e-06 -1.082248054444789886e-04 9.999999403953552246e-01 -4.020876716822385788e-03 4.880854415893554688e+01
7.358346000000000000e+07 9.999999342602192698e-01 -2.777892649111742343e-04 -2.330508233698378861e-04 3.922632485207660190e-03 2.778152567396467362e-04 9.999999551928123731e-01 1.115036302963576747e-04 -3.467914751588800095e-04 2.330198384171057880e-04 -1.115683680381320881e-04 9.999999666271277565e-01 1.573077994981530417e-05 1.000000000000000000e+00 -9.746488649398088455e-05 6.971785478526726365e-05 -5.517816171050071716e-04 9.745444549480453134e-05 1.000000000000000000e+00 6.770636537112295628e-05 3.650374477729201317e-03 -6.972305709496140480e-05 -6.770357140339910984e-05 1.000000000000000000e+00 -2.969358582049608231e-03 4.909558486938476562e+01
7.368760000000000000e+07 9.999998715447928621e-01 -4.475583735304831012e-04 -2.379115757597511478e-04 3.679885458763441225e-03 4.475921561558784500e-04 9.999998897539855713e-01 1.419622967538815934e-04 -1.640032848147863608e-04 2.378480131207132869e-04 -1.420687658658790391e-04 9.999999616223961274e-01 4.865211585882711089e-05 1.000000000000000000e+00 -2.063757710857316852e-05 -9.850868082139641047e-05 -2.567827468737959862e-04 2.062124076473992318e-05 9.999999403953552246e-01 -2.058392055914737284e-05 3.088672878220677376e-03 9.851563663687556982e-05 2.057648998743388802e-05 1.000000000000000000e+00 -1.234664814546704292e-03 4.906361770629882812e+01
7.379156000000000000e+07 9.999999015616125586e-01 -3.732976739600626990e-04 -2.398449969867675192e-04 3.403772714906229922e-03 3.733320507846446469e-04 9.999999200440651270e-01 1.433005651224678783e-04 -2.217509222800624841e-04 2.397914840450079553e-04 -1.433900928359204503e-04 9.999999609696640368e-01 3.673899152167911899e-05 1.000000000000000000e+00 -2.577050690888427198e-05 2.773990672721993178e-05 -2.538232365623116493e-04 2.578215207904577255e-05 1.000000000000000000e+00 -3.251119778724387288e-05 1.187378307804465294e-03 -2.774727363430429250e-05 3.251294401707127690e-05 1.000000000000000000e+00 -9.419776033610105515e-04 4.890649414062500000e+01
7.389566000000000000e+07 9.999998977206532302e-01 -3.706811158421988812e-04 -2.591412620421842884e-04 3.331904168322280492e-04 3.707326204080526504e-04 9.999999115316231535e-01 1.987311506749540727e-04 -1.218828512623418222e-04 2.590675732317968059e-04 -1.988272024678587753e-04 9.999999466758666689e-01 -5.617050310373487333e-05 1.000000000000000000e+00 1.243888691533356905e-04 2.188961298088543117e-05 7.024529622867703438e-04 -1.243926380993798375e-04 1.000000000000000000e+00 8.454531780444085598e-06 -3.421243280172348022e-03 -2.189206315961200744e-05 -8.455069291812833399e-06 1.000000000000000000e+00 -2.860553795471787453e-04 4.913027191162109375e+01
7.399956000000000000e+07 9.999996708140563850e-01 -7.736875274410321551e-04 -2.444983193520702900e-04 1.642791201184657041e-03 7.737463983182226585e-04 9.999996716708223765e-01 2.407795629169307808e-04 2.862533590975522972e-04 2.443119509426079552e-04 -2.409686633383516827e-04 9.999999411228887025e-01 1.680323568430878002e-04 9.999999403953552246e-01 3.475710036582313478e-05 1.460504427086561918e-05 1.648489997023716569e-04 -3.474981349427253008e-05 1.000000000000000000e+00 -1.286763199459528551e-05 -1.605528988875448704e-03 -1.460060138924745843e-05 1.287423856410896406e-05 9.999999403953552246e-01 -3.307290899101644754e-05 4.898342514038085938e+01
7.410368000000000000e+07 9.999998626675524749e-01 -4.596598013159354382e-04 -2.517493755074582491e-04 3.609964243775980425e-04 4.597054645563940353e-04 9.999998778904541918e-01 1.813559121211728224e-04 -9.527700337415843154e-05 2.516659827453651037e-04 -1.814716177767405144e-04 9.999999518661422115e-01 3.221658246207536149e-06 1.000000000000000000e+00 -3.932900654035620391e-05 -2.190625082221231423e-06 1.422646600985899568e-04 3.932111940230242908e-05 1.000000000000000000e+00 -6.231149745872244239e-05 -4.484197706915438175e-04 2.200343487857026048e-06 6.230021972442045808e-05 1.000000000000000000e+00 -8.542534778825938702e-04 4.887049484252929688e+01
7.420770000000000000e+07 9.999997626368634096e-01 -6.389903643105019921e-04 -2.577160004355855518e-04 2.441940064705274208e-03 6.390478125888564547e-04 9.999997709684088631e-01 2.228924146257152785e-04 1.079107386932806590e-04 2.575735153069520387e-04 -2.230570545636606126e-04 9.999999419507162868e-01 1.309929799497250671e-04 1.000000000000000000e+00 -1.964855073310900480e-05 -6.488938379334285855e-05 1.004916994133964181e-04 1.965719457075465471e-05 1.000000000000000000e+00 1.029499162541469559e-05 9.370076586492359638e-04 6.488618964795023203e-05 -1.030362545861862600e-05 1.000000000000000000e+00 -2.277331659570336342e-03 4.913062286376953125e+01
7.431171000000000000e+07 9.999997090615122541e-01 -7.222324273496539887e-04 -2.454734912296938163e-04 2.146628672824902814e-03 7.222893123107386676e-04 9.999997123005589517e-01 2.317260701479166877e-04 2.177617438079995312e-04 2.453060605316305289e-04 -2.319033056020198104e-04 9.999999430228974084e-01 1.677400756255704659e-04 1.000000000000000000e+00 -1.516621159680653363e-05 8.360554056707769632e-05 1.609722711145877838e-02 1.517238342785276473e-05 9.999999403953552246e-01 -1.973089820239692926e-05 -3.156459704041481018e-02 -8.361529762623831630e-05 1.973625876416917890e-05 1.000000000000000000e+00 -3.798023238778114319e-02 4.891727828979492188e+01
7.441568000000000000e+07 9.999995215328245646e-01 -9.424135971270926901e-04 -2.622799209919965077e-04 2.323482782385764226e-03 9.424937786442986456e-04 9.999995091098135003e-01 3.057542037299112374e-04 5.172244833299384026e-04 2.619916453293611217e-04 -3.060012546243793337e-04 9.999999188618036161e-01 3.197994209955327114e-04 9.999997615814208984e-01 -6.561226909980177879e-04 -1.880734052974730730e-04 1.165428292006254196e-02 6.561425980180501938e-04 9.999997615814208984e-01 1.147405127994716167e-04 -2.066934294998645782e-02 1.880089839687570930e-04 -1.148623487097211182e-04 9.999999403953552246e-01 -2.643122151494026184e-02 4.918419265747070312e+01
7.451980000000000000e+07 9.999969802965749111e-01 -2.448179792307503440e-03 -2.140413588233819157e-04 6.146178356311616034e-03 2.448303522961703220e-03 9.999968348562091602e-01 5.797307160121535196e-04 1.897513195945547092e-03 2.126213963905870981e-04 -5.802530035870911030e-04 9.999998090492869807e-01 1.417494686355262167e-03 9.999971985816955566e-01 -2.329699927940964699e-03 -4.300021391827613115e-04 1.362980622798204422e-02 2.329783048480749130e-03 9.999973177909851074e-01 2.130467619281262159e-04 -1.866022497415542603e-02 4.294992249924689531e-04 -2.140397264156490564e-04 9.999999403953552246e-01 -2.236485667526721954e-02 4.885942459106445312e+01
7.462389000000000000e+07 9.999941561754924768e-01 -3.412360128927649072e-03 -2.083584396573143660e-04 1.875823225325010807e-02 3.412462110899850288e-03 9.999940569554168768e-01 4.910765853541523146e-04 2.095196392057269586e-03 2.066814712171576962e-04 -4.917847308681267543e-04 9.999998577152641177e-01 2.278951881894607668e-03 9.999984502792358398e-01 -1.764892367646098137e-03 -3.567803360056132078e-04 1.913822442293167114e-02 1.765088294632732868e-03 9.999983310699462891e-01 5.324630765244364738e-04 -1.797979697585105896e-02 3.558415919542312622e-04 -5.330908461473882198e-04 9.999998211860656738e-01 -2.291170321404933929e-02 4.899446487426757812e+01
7.472784000000000000e+07 9.999961495400235822e-01 -2.770500601472628173e-03 -1.588451162019334528e-04 1.046526463792163929e-02 2.770584967643312246e-03 9.999960196717300187e-01 5.333852908582554933e-04 1.912358079385469188e-03 1.573667397206420914e-04 -5.338233309577685706e-04 9.999998451341728378e-01 1.684604186416815497e-03 9.999954104423522949e-01 -3.027482423931360245e-03 -1.758757862262427807e-04 2.154910564422607422e-02 3.027585567906498909e-03 9.999952316284179688e-01 6.039690342731773853e-04 -1.192093361169099808e-02 1.740508159855380654e-04 -6.045085028745234013e-04 9.999997615814208984e-01 -1.598869077861309052e-02 4.904889678955078125e+01
7.483185000000000000e+07 9.999820563432217924e-01 -5.984505696920457314e-03 -2.696005887075968253e-04 2.868843278237952210e-02 5.984642994661128722e-03 9.999819611133297093e-01 5.113682675475646157e-04 3.256191742308557364e-03 2.665354392165686414e-04 -5.129725549458870890e-04 9.999998329090009630e-01 3.927594622127003089e-03 9.999883174896240234e-01 -4.817945882678031921e-03 1.987277355510741472e-04 2.784523554146289825e-02 4.818026442080736160e-03 9.999882578849792480e-01 -4.110863956157118082e-04 -1.767092570662498474e-02 -1.967544667422771454e-04 4.120434750802814960e-04 9.999998807907104492e-01 -1.713010855019092560e-02 4.908848190307617188e+01
7.493585000000000000e+07 9.999926837448098738e-01 -3.819215251819092858e-03 -2.145982476832461537e-04 1.827816304627550778e-02 3.819339623993515866e-03 9.999925368348113741e-01 5.821685528510287238e-04 2.450823596504523270e-03 2.123732191905677088e-04 -5.829839171092251766e-04 9.999998075136746767e-01 2.603994282172262219e-03 9.999846816062927246e-01 -5.543692968785762787e-03 4.256438114680349827e-05 2.957844547927379608e-02 5.543689709156751633e-03 9.999846816062927246e-01 5.793298987555317581e-05 -1.092008315026760101e-02 -4.288147829356603324e-05 -5.769677591160871089e-05 1.000000000000000000e+00 -1.177671458572149277e-02 4.899299240112304688e+01
7.503985000000000000e+07 9.999707341337757960e-01 -7.648459597735332398e-03 -1.787301162680497040e-04 3.620373279592161569e-02 7.648557072262554719e-03 9.999705974422963273e-01 5.512062565792368550e-04 4.113880723857733616e-03 1.745089825578404591e-04 -5.525571524828119287e-04 9.999998321135977752e-01 4.895290723891696644e-03 9.999805688858032227e-01 -6.227025762200355530e-03 5.462453191285021603e-05 3.460237756371498108e-02 6.226976867765188217e-03 9.999802708625793457e-01 7.518468191847205162e-04 -1.012654416263103485e-02 -5.930387851549312472e-05 -7.514929748140275478e-04 9.999997615814208984e-01 -1.338845491409301758e-02 4.908240127563476562e+01
7.514381000000000000e+07 9.999705016083706433e-01 -7.673490013965961892e-03 -3.368490775122437073e-04 4.075807308325422873e-02 7.673600709780396822e-03 9.999705035140812326e-01 3.285683085168948680e-04 3.701531159853732773e-03 3.343178761508100428e-04 -3.311434614612141815e-04 9.999998892877827172e-01 4.887775066864091973e-03 9.999705553054809570e-01 -7.673095446079969406e-03 1.201627528644166887e-04 3.454820066690444946e-02 7.673066109418869019e-03 9.999706149101257324e-01 3.549767716322094202e-04 -3.084957133978605270e-03 -1.228860783157870173e-04 -3.540490870364010334e-04 9.999999403953552246e-01 -7.597905583679676056e-03 4.913555145263671875e+01
7.524781000000000000e+07 9.999415199341256111e-01 -1.081356894170097845e-02 -1.531018995958273790e-04 6.086771256693367105e-02 1.081362892049675915e-02 9.999414523936435151e-01 3.965048302135935616e-04 6.181580036162395014e-03 1.488053035882790640e-04 -3.981372296916750359e-04 9.999999096718611424e-01 7.011376942972384792e-03 9.999596476554870605e-01 -8.987462148070335388e-03 -1.010311971185728908e-04 4.012111946940422058e-02 8.987502194941043854e-03 9.999595880508422852e-01 1.616478257346898317e-04 -7.604111451655626297e-03 9.957164002116769552e-05 -1.625472214072942734e-04 1.000000000000000000e+00 -8.858126588165760040e-03 4.904576110839843750e+01
7.535171000000000000e+07 9.999358986311320807e-01 -1.132222383369774384e-02 -7.668456003959121261e-05 6.367895979069916612e-02 1.132225699297750680e-02 9.999358014017092344e-01 4.467393252771167987e-04 6.733342774476550399e-03 7.162155453250274571e-05 -4.475789309427634323e-04 9.999998972717248913e-01 7.384344855094765112e-03 9.999550580978393555e-01 -9.478834457695484161e-03 1.775874552549794316e-04 4.240875318646430969e-02 9.478704072535037994e-03 9.999550580978393555e-01 3.228239656891673803e-04 -1.452597556635737419e-03 -1.806366199161857367e-04 -3.211250004824250937e-04 9.999999403953552246e-01 -5.294687580317258835e-03 4.930390548706054688e+01
7.545573000000000000e+07 9.999214703032770490e-01 -1.253193435183542342e-02 6.201944671479708783e-05 6.797512126211885386e-02 1.253190132993286382e-02 9.999213441507365241e-01 5.069115470720629698e-04 7.836428415618542503e-03 -6.836715081415774341e-05 -5.060945178673210846e-04 9.999998695971260565e-01 7.888758800824567305e-03 9.999440908432006836e-01 -1.057453174144029617e-02 1.870879641501232982e-04 4.769224673509597778e-02 1.057445909827947617e-02 9.999439716339111328e-01 4.520184884313493967e-04 -5.467896815389394760e-03 -1.918562775244936347e-04 -4.500159993767738342e-04 9.999998807907104492e-01 -5.907712038606405258e-03 4.926595306396484375e+01
7.555959000000000000e+07 9.998868984909349278e-01 -1.503647827082183093e-02 3.074946919552948819e-04 7.880681199025209305e-02 1.503628320723621008e-02 9.998867520374050688e-01 6.271307706641831257e-04 1.021861593385390600e-02 -3.168897067815667525e-04 -6.224362640708095730e-04 9.999997560769817717e-01 8.876761306062075363e-03 9.999277591705322266e-01 -1.201422698795795441e-02 6.449280044762417674e-05 5.011919140815734863e-02 1.201422605663537979e-02 9.999278187751770020e-01 1.613820641068741679e-04 6.565416697412729263e-06 -6.642906373599544168e-05 -1.605887518962845206e-04 9.999999403953552246e-01 -3.967987839132547379e-03 4.886671829223632812e+01
7.566357000000000000e+07 9.999169778667866826e-01 -1.288539708534730023e-02 -6.250347842717565120e-05 7.345220244259369202e-02 1.288542053878864203e-02 9.999169032316805872e-01 3.905893960708670728e-04 7.842574909346594278e-03 5.746538485072557380e-05 -3.913623521526554769e-04 9.999999217666121210e-01 8.123416730924001503e-03 9.999151229858398438e-01 -1.303046848624944687e-02 -1.161286636488512158e-04 5.347726121544837952e-02 1.303054392337799072e-02 9.999150633811950684e-01 3.635071916505694389e-04 3.834021277725696564e-03 1.113770922529511154e-04 -3.649924474302679300e-04 9.999999403953552246e-01 -5.379134789109230042e-03 4.925683212280273438e+01
7.576748000000000000e+07 9.999043355193355520e-01 -1.383090039317751152e-02 1.612801296783061529e-04 7.497900482075287032e-02 1.383081437741292066e-02 9.999042130543962514e-01 5.227782183959911802e-04 8.949525672815688421e-03 -1.684951743372352460e-04 -5.204975716402552872e-04 9.999998503458216170e-01 8.498072249474396614e-03 9.998985528945922852e-01 -1.421963889151811600e-02 -8.180682780221104622e-04 6.036215648055076599e-02 1.422005984932184219e-02 9.998987913131713867e-01 4.774614062625914812e-04 4.748214501887559891e-03 8.112062932923436165e-04 -4.890451673418283463e-04 9.999995231628417969e-01 -4.414736758917570114e-03 4.931955337524414062e+01
7.587136000000000000e+07 9.998872776781028149e-01 -1.501337717010129379e-02 1.744954715336438525e-04 7.966618655824213302e-02 1.501329982791989488e-02 9.998871988324777860e-01 4.363994390952589258e-04 9.525898042666279888e-03 -1.810276174646069239e-04 -4.337304943665976900e-04 9.999998895534264465e-01 8.776822411365889365e-03 9.998674392700195312e-01 -1.617905125021934509e-02 -1.869340427219867706e-03 6.906723976135253906e-02 1.618060283362865448e-02 9.998686313629150391e-01 8.767985855229198933e-04 8.782257325947284698e-03 1.854908186942338943e-03 -9.069378138519823551e-04 9.999979138374328613e-01 -5.453590303659439087e-03 4.926623916625976562e+01
7.597518000000000000e+07 9.998696509307538616e-01 -1.614399391315802026e-02 2.293866388231584775e-04 7.714088477812318378e-02 1.614386975639980557e-02 9.998695370926470316e-01 5.331730663250002465e-04 1.047114958413771987e-02 -2.379642547809159969e-04 -5.294003798369932047e-04 9.999998315541179794e-01 7.890707634792056002e-03 9.998477697372436523e-01 -1.734105497598648071e-02 -1.963644754141569138e-03 8.481721580028533936e-02 1.734430342912673950e-02 9.998483061790466309e-01 1.607195008546113968e-03 1.055528130382299423e-02 1.935473759658634663e-03 -1.640997943468391895e-03 9.999967813491821289e-01 -4.586608149111270905e-03 4.979135894775390625e+01
7.607910000000000000e+07 9.998694237678676933e-01 -1.615269294598574781e-02 4.753159596461327668e-04 8.164799448648869806e-02 1.615239025346089027e-02 9.998693406833906172e-01 6.339172015836288133e-04 1.101170866356525162e-02 -4.854933250763447845e-04 -6.261569382065952042e-04 9.999996861118114477e-01 8.579007434190500866e-03 9.998381137847900391e-01 -1.797403581440448761e-02 -7.976935012266039848e-04 1.059249714016914368e-01 1.797519810497760773e-02 9.998372197151184082e-01 1.523973420262336731e-03 3.729415591806173325e-03 7.701724534854292870e-04 -1.538071082904934883e-03 9.999984502792358398e-01 -2.928018104285001755e-03 4.926124954223632812e+01
7.618295000000000000e+07 9.998488321079335162e-01 -1.738075950630112512e-02 4.713003501773871591e-04 9.277063361278588272e-02 1.738047656638064611e-02 9.998487693165032386e-01 5.979324634544678574e-04 1.204115063280916491e-02 -4.816215957030560587e-04 -5.896506503706226395e-04 9.999997101763254959e-01 9.314684991820062002e-03 9.998292922973632812e-01 -1.846506260335445404e-02 6.438207929022610188e-04 1.156264320015907288e-01 1.846446283161640167e-02 9.998291134834289551e-01 8.807551930658519268e-04 1.805855706334114075e-02 -6.599815678782761097e-04 -8.687245426699519157e-04 9.999994039535522461e-01 -2.313479082658886909e-03 4.936787033081054688e+01
7.628681000000000000e+07 9.998491526141014551e-01 -1.735924635768325286e-02 5.732412678071322062e-04 9.027606503387970716e-02 1.735886242198204921e-02 9.998491004077103561e-01 6.680809153517804164e-04 1.215774213557881643e-02 -5.847521462602900269e-04 -6.580293215491127192e-04 9.999996125311239048e-01 9.032310388065831197e-03 9.998136162757873535e-01 -1.925961859524250031e-02 1.355740358121693134e-03 1.360673755407333374e-01 1.926114223897457123e-02 9.998138546943664551e-01 -1.122468151152133942e-03 6.872598547488451004e-03 -1.333861961029469967e-03 1.148381154052913189e-03 9.999984502792358398e-01 -6.338524399325251579e-04 4.928934478759765625e+01
7.639067000000000000e+07 9.998151346667140116e-01 -1.920973898950751463e-02 8.260854867503638135e-04 1.008013699066089286e-01 1.920902099670983992e-02 9.998151125386086635e-01 8.684754761941560017e-04 1.437522650037636150e-02 -8.426159412123794198e-04 -8.524466316345133323e-04 9.999992816662958139e-01 9.251343863708771584e-03 9.997692704200744629e-01 -2.142791450023651123e-02 1.543789869174361229e-03 1.512936651706695557e-01 2.143032290041446686e-02 9.997692704200744629e-01 -1.494482625275850296e-03 1.031448319554328918e-02 -1.511413138359785080e-03 1.527217915281653404e-03 9.999976754188537598e-01 -1.998249790631234646e-04 4.923120117187500000e+01
7.649507000000000000e+07 9.997185558575857334e-01 -2.367474168799912557e-02 1.521732302323443656e-03 1.431474956374682583e-01 2.367280387912859899e-02 9.997189416698530895e-01 1.279066923326226601e-03 1.981029475109528232e-02 -1.551586186369411854e-03 -1.242683266383455077e-03 9.999980241573128703e-01 8.588785389728943384e-03 9.997311830520629883e-01 -2.313276939094066620e-02 1.559778349474072456e-03 1.637900769710540771e-01 2.313105203211307526e-02 9.997318387031555176e-01 1.040698960423469543e-03 1.301663089543581009e-02 -1.583429635502398014e-03 -1.004339894279837608e-03 9.999983310699462891e-01 1.301091280765831470e-03 4.915478515625000000e+01
7.659834000000000000e+07 9.997127650082998640e-01 -2.391759192107589110e-02 1.528489800290306526e-03 1.451674895688276623e-01 2.391566231300568807e-02 9.997131748965761844e-01 1.268479106570195684e-03 2.000376656662824354e-02 -1.558390356420907103e-03 -1.231559909387659919e-03 9.999980273379144302e-01 8.645358314702398378e-03 9.996998310089111328e-01 -2.431393601000308990e-02 2.995443297550082207e-03 1.794139295816421509e-01 2.430943027138710022e-02 9.997032880783081055e-01 1.566083868965506554e-03 1.431220304220914841e-02 -3.032637294381856918e-03 -1.492791576310992241e-03 9.999942779541015625e-01 7.808571099303662777e-04 4.928550338745117188e+01
7.670207000000000000e+07 9.996995770333151343e-01 -2.445291230202300409e-02 1.676530250478865374e-03 1.519479836710413978e-01 2.445063082837734686e-02 9.997001025239621308e-01 1.368086256160645775e-03 2.085282814327280368e-02 -1.709481156843221678e-03 -1.326683029010448933e-03 9.999976587903947056e-01 8.466239985544977628e-03 9.996821284294128418e-01 -2.511861734092235565e-02 2.185095567256212234e-03 1.875854879617691040e-01 2.511863969266414642e-02 9.996844530105590820e-01 3.629251295933499932e-06 1.916664652526378632e-02 -2.184494398534297943e-03 5.125437019160017371e-05 9.999975562095642090e-01 -4.288724157959222794e-04 4.926198577880859375e+01
7.680583000000000000e+07 9.996484490025527858e-01 -2.644394567595521536e-02 1.922542142032040166e-03 1.652213819302911502e-01 2.644103319779876962e-02 9.996492117552426837e-01 1.524868817991114267e-03 2.320716726016926190e-02 -1.962191283657944638e-03 -1.473498750018998682e-03 9.999969892989724052e-01 8.701867318651758040e-03 9.996497631072998047e-01 -2.643674798309803009e-02 1.173580298200249672e-03 1.981361359357833862e-01 2.643848955631256104e-02 9.996494054794311523e-01 -1.499709440395236015e-03 1.396475639194250107e-02 -1.133521669544279575e-03 1.530223176814615726e-03 9.999982118606567383e-01 -4.825719588552601635e-05 4.912323379516601562e+01
7.690969000000000000e+07 9.996249710086255735e-01 -2.731289451760191347e-02 1.980694201332860831e-03 1.695676352879479376e-01 2.730975100102791750e-02 9.996257433098233447e-01 1.597132726924386376e-03 2.424595037096941713e-02 -2.023575229809099381e-03 -1.542441491891862609e-03 9.999967630036158406e-01 8.809261078084962629e-03 9.995973110198974609e-01 -2.826062589883804321e-02 2.548892050981521606e-03 2.096057981252670288e-01 2.826347574591636658e-02 9.995999336242675781e-01 -1.077834283933043480e-03 1.591259799897670746e-02 -2.517419634386897087e-03 1.149432151578366756e-03 9.999961853027343750e-01 1.620330149307847023e-03 4.903145599365234375e+01
7.701344000000000000e+07 9.995434158210848574e-01 -3.011563949805946133e-02 2.451155635897734209e-03 2.023308637314711889e-01 3.011064352020941665e-02 9.995444691191895936e-01 2.050223794179155488e-03 2.883983915829398809e-02 -2.511782858318551814e-03 -1.975481822307834524e-03 9.999948941962850668e-01 8.697152627294982979e-03 9.995181560516357422e-01 -3.085826896131038666e-02 3.376735141500830650e-03 2.177162766456604004e-01 3.086156956851482391e-02 9.995232224464416504e-01 -9.281775564886629581e-04 2.628381550312042236e-02 -3.346479963511228561e-03 1.031940220855176449e-03 9.999938607215881348e-01 1.017825794406235218e-03 4.888166427612304688e+01
7.711709000000000000e+07 9.995535939608394260e-01 -2.977649376975145465e-02 2.444012309060519545e-03 2.002687585668093129e-01 2.977156623255093962e-02 9.995546705808779908e-01 2.028383959037582777e-03 2.836185433550557702e-02 -2.503322082297701739e-03 -1.954716399992850913e-03 9.999949562183264584e-01 8.404597356843944780e-03 9.994244575500488281e-01 -3.386465087532997131e-02 1.966642448678612709e-03 2.289562672376632690e-01 3.386529535055160522e-02 9.994263052940368652e-01 -3.391574427951127291e-04 2.162776142358779907e-02 -1.954027917236089706e-03 4.055679892189800739e-04 9.999980330467224121e-01 1.750093768350780010e-03 4.897017669677734375e+01
7.722084000000000000e+07 9.992716503488034974e-01 -3.808148226684857779e-02 2.443253478906836328e-03 2.757548663378314724e-01 3.807524918367854311e-02 9.992716240437036213e-01 2.548872433574600905e-03 3.895942594200862974e-02 -2.538538714158080668e-03 -2.453988476245865056e-03 9.999937668613233521e-01 8.803507834779737001e-03 9.992952942848205566e-01 -3.753295168280601501e-02 -4.462937067728489637e-04 2.410355806350708008e-01 3.753313794732093811e-02 9.992954134941101074e-01 1.588054583407938480e-04 2.398921549320220947e-02 4.400215111672878265e-04 -1.754460245138034225e-04 9.999998807907104492e-01 4.382935294415801764e-04 4.881193542480468750e+01
7.732446000000000000e+07 9.990518984041931727e-01 -4.346292768129427636e-02 2.505623294418003223e-03 2.937155342024054261e-01 4.345616017096804590e-02 9.990517000847519702e-01 2.694927957079852176e-03 4.419621914527298995e-02 -2.620376674853651909e-03 -2.583488120596576666e-03 9.999932295844575769e-01 1.025671343682396999e-02 9.991502165794372559e-01 -4.117712751030921936e-02 -1.789072062820196152e-03 2.588683962821960449e-01 4.118050634860992432e-02 9.991497397422790527e-01 1.974015263840556145e-03 4.358081147074699402e-02 1.706267008557915688e-03 -2.046015346422791481e-03 9.999964237213134766e-01 6.662448286078870296e-04 4.888006210327148438e+01
7.742819000000000000e+07 9.989418551610773633e-01 -4.594783795268964077e-02 1.991523755323162340e-03 3.165518806120620199e-01 4.594251474435849525e-02 9.989405940248351490e-01 2.641007438480770259e-03 4.542911960223084550e-02 -2.110762506547076822e-03 -2.546717259352189889e-03 9.999945294413852270e-01 9.789767736609659987e-03 9.990135431289672852e-01 -4.438282176852226257e-02 -1.463772030547261238e-03 2.839834988117218018e-01 4.438798129558563232e-02 9.990077614784240723e-01 3.622892778366804123e-03 3.407869115471839905e-02 1.301523414440453053e-03 -3.684288123622536659e-03 9.999923706054687500e-01 1.830211607739329338e-03 4.886329650878906250e+01
7.753182000000000000e+07 9.987242659903861064e-01 -5.048166967674520139e-02 1.200554619126845655e-03 3.510359318824862740e-01 5.047928983843772560e-02 9.987232309726561397e-01 1.936232307977193198e-03 4.665614282553656039e-02 -1.296766036153202805e-03 -1.873159040615880126e-03 9.999974048329396403e-01 8.834708345937329274e-03 9.988419413566589355e-01 -4.809853807091712952e-02 -1.163698034361004829e-03 3.118505477905273438e-01 4.810009896755218506e-02 9.988415837287902832e-01 1.425233902409672737e-03 5.077663064002990723e-02 1.093797502107918262e-03 -1.479565980844199657e-03 9.999982714653015137e-01 1.901262206956744194e-03 4.875155258178710938e+01
7.763543000000000000e+07 9.986945873052787137e-01 -5.103514750581778642e-02 -2.129492899519973021e-03 3.423355267153714854e-01 5.103258435182411040e-02 9.986962173949957000e-01 -1.241140380573883990e-03 4.088498684384683085e-02 2.190058292293122367e-03 1.130846642898673989e-03 9.999969624103500765e-01 5.973670966677882208e-03 9.986548423767089844e-01 -5.182183906435966492e-02 -1.738554332405328751e-03 3.386607766151428223e-01 5.181717127561569214e-02 9.986529350280761719e-01 -2.655116841197013855e-03 2.342699654400348663e-02 1.873798784799873829e-03 2.561458852142095566e-03 9.999949336051940918e-01 -2.503983443602919579e-03 4.861587142944335938e+01
7.773908000000000000e+07 9.986567526520289118e-01 -5.180471867195590024e-02 -9.805989386502838613e-04 3.859169044001183324e-01 5.180435697552888269e-02 9.986571764054079647e-01 -3.907438586282943691e-04 4.248468302687295056e-02 9.995245424454213788e-04 3.394196968165856445e-04 9.999994428723382178e-01 5.614350185784753623e-03 9.985890984535217285e-01 -5.300552397966384888e-02 -3.199368948116898537e-03 3.644495904445648193e-01 5.299530178308486938e-02 9.985896348953247070e-01 -3.200698178261518478e-03 2.176724746823310852e-02 3.364518051967024803e-03 3.026635153219103813e-03 9.999898076057434082e-01 -5.025116726756095886e-03 4.888390350341796875e+01
7.784269000000000000e+07 9.986853193459865885e-01 -5.126041087868835749e-02 5.640831352786998629e-05 4.318106633173252051e-01 5.126036398756652485e-02 9.986851152448755764e-01 6.447129081832360560e-04 4.357978865279497904e-02 -8.938239188751564892e-05 -6.409738058872692205e-04 9.999997905816607746e-01 6.124316921160851898e-03 9.986104965209960938e-01 -5.261276289820671082e-02 -3.010684857144951820e-03 3.971999287605285645e-01 5.261174961924552917e-02 9.986150264739990234e-01 -4.154299094807356596e-04 4.915193840861320496e-02 3.028366249054670334e-03 2.564494207035750151e-04 9.999953508377075195e-01 -4.083454143255949020e-03 4.883734512329101562e+01
7.794653000000000000e+07 9.985888490866474676e-01 -5.310595391312658564e-02 2.613280080879858635e-04 4.601158605509219068e-01 5.310580438190813657e-02 9.985887401779071082e-01 5.492580530376846553e-04 4.456548762974727601e-02 -2.901280776539605301e-04 -5.346049337546369181e-04 9.999998150116246043e-01 5.519596560142478285e-03 9.986419081687927246e-01 -5.209895223379135132e-02 -1.996698410948738456e-04 4.231865704059600830e-01 5.209907516837120056e-02 9.986418485641479492e-01 3.925626515410840511e-04 2.849866263568401337e-02 1.789539237506687641e-04 -4.024255613330751657e-04 9.999999403953552246e-01 -1.902594929561018944e-03 4.880524826049804688e+01
7.805025000000000000e+07 9.984376928920734029e-01 -5.587407782406008522e-02 -5.108388173525159684e-04 4.921126783406788441e-01 5.587366798583006527e-02 9.984375385802214398e-01 -7.841532516794623171e-04 4.380924973791654187e-02 5.538544896133571274e-04 7.543857261167652341e-04 9.999995620736107371e-01 3.514827708236139756e-03 9.986009597778320312e-01 -5.286807194352149963e-02 1.026074751280248165e-03 4.538346230983734131e-01 5.286913365125656128e-02 9.986008405685424805e-01 -1.096998224966228008e-03 2.822832949459552765e-02 -9.666446130722761154e-04 1.149705378338694572e-03 9.999988675117492676e-01 2.260046458104625344e-04 4.875100708007812500e+01
7.815397000000000000e+07 9.984447627439744233e-01 -5.574356015472919923e-02 8.432872326345645713e-04 4.834576754777723528e-01 5.574288490603358792e-02 9.984448327582498006e-01 8.041166959457710746e-04 4.733453893491318398e-02 -8.868001090042604588e-04 -7.558588387346129979e-04 9.999993211312353525e-01 4.916779903895040875e-03 9.985753297805786133e-01 -5.332098901271820068e-02 2.006941707804799080e-03 4.871895909309387207e-01 5.332456156611442566e-02 9.985757470130920410e-01 -1.717113307677209377e-03 4.771177843213081360e-02 -1.912527251988649368e-03 1.821693149395287037e-03 9.999965429306030273e-01 -1.270464737899601460e-03 4.866886520385742188e+01
7.825784000000000000e+07 9.985270113773010436e-01 -5.425627948203724099e-02 2.527428258186363206e-04 4.946881057081910504e-01 5.425618941751188945e-02 9.985269867304471525e-01 3.505326820991072016e-04 4.513886703024224539e-02 -2.713891302331263391e-04 -3.363034897435506539e-04 9.999999066239531054e-01 4.170829625750660519e-03 9.985778331756591797e-01 -5.316499620676040649e-02 3.990821074694395065e-03 5.061112046241760254e-01 5.316229537129402161e-02 9.985855817794799805e-01 7.679478148929774761e-04 3.541324287652969360e-02 -4.026006441563367844e-03 -5.547032342292368412e-04 9.999916553497314453e-01 1.731605851091444492e-03 4.868102264404296875e+01
7.836156000000000000e+07 9.983450973440842757e-01 -5.749182675230375683e-02 1.325227803231005148e-03 5.114157232005568376e-01 5.749025750202935159e-02 9.983453541004849718e-01 1.193315289833313513e-03 5.028785602663800314e-02 -1.391640901139644653e-03 -1.115152775937754050e-03 9.999984098835662527e-01 4.802983423085003048e-03 9.985338449478149414e-01 -5.386778339743614197e-02 5.335622932761907578e-03 5.395442247390747070e-01 5.387506633996963501e-02 9.985468983650207520e-01 -1.242653466761112213e-03 5.081497132778167725e-02 -5.260926671326160431e-03 1.528294524177908897e-03 9.999850392341613770e-01 -1.851064553193282336e-06 4.864640045166015625e+01
7.846543000000000000e+07 9.982587214847132850e-01 -5.898203172291064528e-02 8.029699501810154145e-04 5.482553248234112164e-01 5.898159759969470034e-02 9.982589163414266054e-01 5.540186307290952345e-04 5.032232701500961858e-02 -8.342490581475926585e-04 -5.056934773837790846e-04 9.999995241511738797e-01 3.025645091220510296e-03 9.984908103942871094e-01 -5.465427786111831665e-02 5.373770371079444885e-03 5.491065382957458496e-01 5.467555299401283264e-02 9.984965920448303223e-01 -3.888318547978997231e-03 2.473073266446590424e-02 -5.153186619281768799e-03 4.176264163106679916e-03 9.999780058860778809e-01 2.089781221002340317e-03 4.858499145507812500e+01
7.856931000000000000e+07 9.983809776107325229e-01 -5.687373667557329981e-02 8.952417046995821788e-04 5.838993541613903826e-01 5.687295143254290919e-02 9.983810363838873103e-01 8.794432938042972322e-04 4.958264446677630721e-02 -9.438095697231143775e-04 -8.271044147807669715e-04 9.999992125605416948e-01 3.058102558369794888e-03 9.984848499298095703e-01 -5.481482297182083130e-02 4.829014185816049576e-03 5.709899663925170898e-01 5.482945591211318970e-02 9.984914064407348633e-01 -2.957892837002873421e-03 2.652392536401748657e-02 -4.659594502300024033e-03 3.218189580366015434e-03 9.999839663505554199e-01 5.709507502615451813e-03 4.852515029907226562e+01
7.867306000000000000e+07 9.983045485375445782e-01 -5.819173844684006475e-02 1.322848133860639319e-03 6.474510616224001813e-01 5.818992771271810222e-02 9.983045926381961532e-01 1.368434023122161274e-03 5.159364515382645205e-02 -1.400236922575692072e-03 -1.289137471937199918e-03 9.999981887289192128e-01 4.130114596645714439e-03 9.985309839248657227e-01 -5.400486290454864502e-02 4.409962333738803864e-03 6.061388850212097168e-01 5.400945246219635010e-02 9.985399842262268066e-01 -9.201627108268439770e-04 4.772372543811798096e-02 -4.353830590844154358e-03 1.156986923888325691e-03 9.999898076057434082e-01 6.399499252438545227e-03 4.858393478393554688e+01
7.877693000000000000e+07 9.983396785442640864e-01 -5.758682018862060215e-02 1.282426534996463502e-03 6.387193137489345363e-01 5.758505331490379464e-02 9.983396578817614886e-01 1.374542967243402207e-03 5.112808982154238430e-02 -1.359452821495572665e-03 -1.298412189017439594e-03 9.999982330054696389e-01 4.186995124375525283e-03 9.986302256584167480e-01 -5.214444547891616821e-02 4.326243419200181961e-03 6.144567131996154785e-01 5.214832723140716553e-02 9.986390471458435059e-01 -7.908183033578097820e-04 2.786975353956222534e-02 -4.279110115021467209e-03 1.015335554257035255e-03 9.999903440475463867e-01 9.422292001545429230e-03 4.843417739868164062e+01
7.888080000000000000e+07 9.984063707909244245e-01 -5.642016891516039162e-02 1.217918265574085852e-03 6.492851191557739154e-01 5.641853423249037353e-02 9.984063104528660970e-01 1.337259950401548407e-03 4.994656908205448442e-02 -1.291425713760677423e-03 -1.266415690997496320e-03 9.999983642041346821e-01 4.773019474343064700e-03 9.987083673477172852e-01 -5.073258653283119202e-02 2.807306591421365738e-03 6.513786315917968750e-01 5.073603242635726929e-02 9.987114071846008301e-01 -1.156358048319816589e-03 3.904356434941291809e-02 -2.745029283687472343e-03 1.297305920161306858e-03 9.999953508377075195e-01 8.907295763492584229e-03 4.853580856323242188e+01
7.898486000000000000e+07 9.987432931349944365e-01 -5.010814572818674678e-02 1.004028120204706991e-03 6.575055965736219532e-01 5.010672901595995127e-02 9.987429019870004421e-01 1.389734074784195438e-03 4.448691503741349779e-02 -1.072402958089487164e-03 -1.337679019891916711e-03 9.999985302822425037e-01 7.016495863452314186e-03 9.989147782325744629e-01 -4.657507687807083130e-02 -1.231416244991123676e-04 6.597811579704284668e-01 4.657456651329994202e-02 9.989117980003356934e-01 -2.474953187629580498e-03 2.251059375703334808e-02 2.382828242843970656e-04 2.466521691530942917e-03 9.999969601631164551e-01 7.141277659684419632e-03 4.843225479125976562e+01
7.908883000000000000e+07 9.990875244432190216e-01 -4.269946758099964906e-02 9.348322213923542347e-04 7.271953974186602387e-01 4.269830079900440584e-02 9.990872490921326454e-01 1.234403271863042297e-03 3.824950202610142430e-02 -9.866873165970432673e-04 -1.193361160339179855e-03 9.999988011678828670e-01 8.685495925466805295e-03 9.991782903671264648e-01 -4.051063209772109985e-02 -1.304645091295242310e-03 6.859805583953857422e-01 4.051073268055915833e-02 9.991791248321533203e-01 1.804297244234476238e-05 2.373966388404369354e-02 1.302835415117442608e-03 -7.087784615578129888e-05 9.999991059303283691e-01 6.130205467343330383e-03 4.866409683227539062e+01
7.919296000000000000e+07 9.993618068073349958e-01 -3.572026989247975570e-02 -2.036888546816174091e-04 6.875168799137647557e-01 3.572025812110697640e-02 9.993618261156507199e-01 -6.114011166575407743e-05 3.042216831306539249e-02 2.057428069423895595e-04 5.382527443010911742e-05 9.999999773863696984e-01 8.151485946998996562e-03 9.994038343429565430e-01 -3.451054543256759644e-02 -9.889535140246152878e-04 7.173300385475158691e-01 3.451239317655563354e-02 9.994022846221923828e-01 2.001347951591014862e-03 2.939736284315586090e-02 9.193013538606464863e-04 -2.034283708781003952e-03 9.999974966049194336e-01 4.123745951801538467e-03 4.856611251831054688e+01
7.929706000000000000e+07 9.995627420145197783e-01 -2.955808948192424623e-02 -8.025861607822233536e-04 7.028720873942387870e-01 2.955737319398207136e-02 9.995626890657052233e-01 -8.901345757569940551e-04 2.376781966967131399e-02 8.285458578679305314e-04 8.660230192362831925e-04 9.999992817577059157e-01 7.667398641300827294e-03 9.996128082275390625e-01 -2.773836627602577209e-02 -2.227518474683165550e-03 7.352533936500549316e-01 2.774182707071304321e-02 9.996140003204345703e-01 1.506240339949727058e-03 1.831050217151641846e-02 2.184872049838304520e-03 -1.567452563904225826e-03 9.999963641166687012e-01 4.446913022547960281e-03 4.876006317138671875e+01
7.940131000000000000e+07 9.997104456548412399e-01 -2.405980140573015999e-02 -3.883390557008937908e-04 7.598807502303709382e-01 2.405946315121488058e-02 9.997101649805102408e-01 -8.533872656656645364e-04 1.940453530659186354e-02 4.087588294958798127e-04 8.437969345121724626e-04 9.999995604613814981e-01 8.613148096490325437e-03 9.997531175613403320e-01 -2.209703810513019562e-02 -2.285793190822005272e-03 7.653445005416870117e-01 2.209741622209548950e-02 9.997557997703552246e-01 1.459910126868635416e-04 1.411727722734212875e-02 2.282012021169066429e-03 -1.964603579835966229e-04 9.999973177909851074e-01 4.350766539573669434e-03 4.823606491088867188e+01
7.950569000000000000e+07 9.998572255910022077e-01 -1.678556249812712675e-02 -1.942504831824527507e-03 7.371599691399781662e-01 1.678358787329814472e-02 9.998586167790557422e-01 -1.028411741344208152e-03 1.424515615766008651e-02 1.959492663796618111e-03 9.956627099191248109e-04 9.999975845192164980e-01 8.144262765940371226e-03 9.998492598533630371e-01 -1.735508628189563751e-02 -5.839393124915659428e-04 7.901471853256225586e-01 1.735478453338146210e-02 9.998492002487182617e-01 -5.278630997054278851e-04 8.645378053188323975e-03 5.930117913521826267e-04 5.176479462534189224e-04 9.999997019767761230e-01 2.311789896339178085e-03 4.833663940429687500e+01
7.961007000000000000e+07 9.997909181262626399e-01 -2.038539982061399192e-02 -1.598584777473499108e-03 7.380999768531506522e-01 2.038336003010486619e-02 9.997914156875467029e-01 -1.282075795415670971e-03 1.631184316218812352e-02 1.624386967499541002e-03 1.249223204947125070e-03 9.999979004018115791e-01 7.741136029680947828e-03 9.998856186866760254e-01 -1.508528459817171097e-02 -1.147068804129958153e-03 8.128409981727600098e-01 1.508379541337490082e-02 9.998854398727416992e-01 -1.299199066124856472e-03 6.187531631439924240e-03 1.166536239907145500e-03 1.281753298826515675e-03 9.999985098838806152e-01 3.105010604485869408e-03 4.810432052612304688e+01
7.971447000000000000e+07 9.998570116865903579e-01 -1.664120441003240705e-02 -3.004415469340885030e-03 8.217449097707634209e-01 1.663778231876061539e-02 9.998609091173435992e-01 -1.160445389142253326e-03 1.425359574674942356e-02 3.023308790453523107e-03 1.110292651134276191e-03 9.999948134139216016e-01 9.863888983655588749e-03 9.998989105224609375e-01 -1.408925931900739670e-02 -1.875352696515619755e-03 8.328402042388916016e-01 1.408654265105724335e-02 9.998996853828430176e-01 -1.457109698094427586e-03 4.372745752334594727e-03 1.895694411359727383e-03 1.430540927685797215e-03 9.999971389770507812e-01 5.567253101617097855e-03 4.839795303344726562e+01
7.981880000000000000e+07 9.998327754625232489e-01 -1.808518811634921009e-02 -2.710550587269012004e-03 8.219929715301045325e-01 1.808212121632418040e-02 9.998358417246177021e-01 -1.151736894731781062e-03 1.568162629184502443e-02 2.730935006191449570e-03 1.102531792189639101e-03 9.999956631994517675e-01 1.003503772260829971e-02 9.998862147331237793e-01 -1.468579284846782684e-02 -3.459491301327943802e-03 8.521367907524108887e-01 1.467994041740894318e-02 9.998908042907714844e-01 -1.710959244519472122e-03 4.358710721135139465e-03 3.484241664409637451e-03 1.659984816797077656e-03 9.999926090240478516e-01 3.815236734226346016e-03 4.817603302001953125e+01
7.992305000000000000e+07 9.998882899579105699e-01 -1.485981677031923513e-02 -1.610420130455183976e-03 8.833242421781606346e-01 1.485899944957967851e-02 9.998894646410142473e-01 -5.183026499090768579e-04 1.318955444303238252e-02 1.617944004416385726e-03 4.943155187237529159e-04 9.999985689536746714e-01 1.139718937983143741e-02 9.998915791511535645e-01 -1.430775877088308334e-02 -3.473680699244141579e-03 8.747174739837646484e-01 1.430745702236890793e-02 9.998977184295654297e-01 -1.119635780923999846e-04 5.793929565697908401e-03 3.474927507340908051e-03 6.224556273082271218e-05 9.999939799308776855e-01 1.550465705804526806e-03 4.760867309570312500e+01
8.002742000000000000e+07 9.999017951087391110e-01 -1.395733425611252188e-02 1.262118844390651157e-03 9.091284418462509676e-01 1.395627581880385173e-02 9.999022505892870560e-01 8.435739503797825981e-04 1.379102218310366244e-02 -1.273769517490885329e-03 -8.258766272491196341e-04 9.999988477187556901e-01 1.224994760868595989e-02 9.999198913574218750e-01 -1.263959985226392746e-02 -7.416642038151621819e-04 9.008426666259765625e-01 1.264168135821819305e-02 9.999158382415771484e-01 2.878434024751186371e-03 1.014138106256723404e-02 7.052182918414473534e-04 -2.887572860345244408e-03 9.999955296516418457e-01 9.988304227590560913e-04 4.720627212524414062e+01
8.013168000000000000e+07 9.999417529432331753e-01 -1.069280986236104299e-02 1.467834353030775946e-03 8.579813469297075113e-01 1.069198131214915519e-02 9.999426760112279933e-01 5.711626366068393509e-04 1.132207461534748792e-02 -1.473857544403833070e-03 -5.554353105419714345e-04 9.999987596170040183e-01 1.075699814797506648e-02 9.999524354934692383e-01 -9.738747030496597290e-03 4.210482875350862741e-04 9.214085340499877930e-01 9.736810810863971710e-03 9.999429583549499512e-01 4.400645382702350616e-03 1.005158945918083191e-02 -4.638803657144308090e-04 -4.396344535052776337e-03 9.999902248382568359e-01 4.430836532264947891e-03 4.711119842529296875e+01
8.023593000000000000e+07 9.999780935013142802e-01 -6.136614842396126250e-03 2.480821220310829717e-03 9.250347676369788941e-01 6.135112753903541015e-03 9.999809923518236943e-01 6.126377189589479006e-04 6.926156630349796818e-03 -2.484533587607753828e-03 -5.974041796679038742e-04 9.999967350950832445e-01 1.036907387108643337e-02 9.999849796295166016e-01 -5.468536633998155594e-03 4.572047910187393427e-04 9.432887434959411621e-01 5.466232541948556900e-03 9.999730587005615234e-01 4.890901036560535431e-03 8.330848999321460724e-03 -4.839395114686340094e-04 -4.888327792286872864e-03 9.999879598617553711e-01 4.758363123983144760e-03 4.684179306030273438e+01
8.034030000000000000e+07 9.999975881895798446e-01 -1.005490192630102133e-03 1.952589121114601005e-03 8.443229513370398287e-01 1.003837636475817191e-03 9.999991373343640744e-01 8.471366173554566474e-04 3.257598256101418288e-03 -1.953439224282407707e-03 -8.451744916846939048e-04 9.999977348749691242e-01 9.857713336563884987e-03 9.999963045120239258e-01 -2.555896062403917313e-03 -8.890200988389551640e-04 9.656794667243957520e-01 2.558230422437191010e-03 9.999933242797851562e-01 2.639423124492168427e-03 2.149455249309539795e-03 8.822692907415330410e-04 -2.641692291945219040e-03 9.999960660934448242e-01 4.283473361283540726e-03 4.681993484497070312e+01
8.044455000000000000e+07 9.999849145132154726e-01 -1.892263064646392120e-03 5.156557488192316414e-03 9.471565190766356723e-01 1.884026061107767084e-03 9.999969423784006439e-01 1.601773821288433224e-03 5.470081925719092429e-03 -5.159572698966839559e-03 -1.592034568617541708e-03 9.999854220108310709e-01 1.080963476053566422e-02 9.999990463256835938e-01 -8.245475473813712597e-04 1.125523122027516365e-03 9.895604848861694336e-01 8.233244880102574825e-04 9.999990463256835938e-01 1.093553262762725353e-03 -2.095569390803575516e-03 -1.126424293033778667e-03 -1.092626713216304779e-03 9.999988079071044922e-01 2.604435430839657784e-03 4.715852737426757812e+01
8.054894000000000000e+07 9.999940366451323115e-01 -3.378645994691778162e-03 7.151401663074640706e-04 1.048179086649001723e+00 3.378581884716300512e-03 9.999942884503585372e-01 9.083583494257880067e-05 3.369103813564210820e-03 -7.154429838777604574e-04 -8.841913365369231579e-05 9.999997401616639303e-01 1.202454688635352757e-02 9.999985098838806152e-01 -1.161269494332373142e-03 1.279689138755202293e-03 1.015053391456604004e+00 1.162353320978581905e-03 9.999989867210388184e-01 -8.476198418065905571e-04 -3.760458203032612801e-03 -1.278703683055937290e-03 8.491151384077966213e-04 9.999988675117492676e-01 2.913550939410924911e-03 4.731750488281250000e+01
8.065319000000000000e+07 9.999939430408081309e-01 -3.473444904951492225e-03 2.215011951957567536e-04 1.037619124643117452e+00 3.473454450385968055e-03 9.999939666265065252e-01 -4.272416450017770705e-05 3.043952114929536316e-03 -2.213514587721097406e-04 4.349327999640851026e-05 9.999999745559340347e-01 1.189541004389875478e-02 9.999958276748657227e-01 -2.821243135258555412e-03 5.769130657427012920e-04 1.038459897041320801e+00 2.821581205353140831e-03 9.999958872795104980e-01 -5.840805242769420147e-04 -1.483082305639982224e-03 -5.752636934630572796e-04 5.856988718733191490e-04 9.999996423721313477e-01 3.424177411943674088e-03 4.725564956665039062e+01
8.075732000000000000e+07 9.999837511840238280e-01 -5.266188505303325863e-03 2.182801993850949293e-03 1.057661445857202009e+00 5.265324346180042143e-03 9.999860574997969653e-01 4.014521355295225052e-04 5.639513030128296203e-03 -2.184885682884179885e-03 -3.899524512150477434e-04 9.999975371026339488e-01 1.193127545018930410e-02 9.999910593032836914e-01 -4.230516031384468079e-03 -4.048063419759273529e-05 1.055755972862243652e+00 4.230478778481483459e-03 9.999906420707702637e-01 -8.272592676803469658e-04 -1.584084820933640003e-03 4.397957673063501716e-05 8.270791149698197842e-04 9.999996423721313477e-01 3.363935509696602821e-03 4.712563323974609375e+01
8.086143000000000000e+07 9.999707090941586385e-01 -7.649693820931760882e-03 -2.512786895794571367e-04 1.043648644902907652e+00 7.649564526068538747e-03 9.999706108139005956e-01 -5.115406666200527763e-04 6.054120096121251224e-03 2.551844339926593436e-04 5.096035106734481557e-04 9.999998375925778227e-01 1.223200889653344378e-02 9.999890327453613281e-01 -4.666374064981937408e-03 -4.143854894209653139e-04 1.077029347419738770e+00 4.666372202336788177e-03 9.999891519546508789e-01 1.762876672728452832e-05 -3.190950083080679178e-04 4.143002734053879976e-04 -1.956361120392102748e-05 1.000000000000000000e+00 4.336365964263677597e-03 4.739302444458007812e+01
8.096555000000000000e+07 9.999828218721853457e-01 -5.856080268097289647e-03 2.495699743097676802e-04 1.045755348616093316e+00 5.856142119774994555e-03 9.999828219434301335e-01 -2.478270853349735141e-04 4.831267498811187000e-03 -2.481143919095354401e-04 2.492843453367415236e-04 9.999999381482812533e-01 1.201093666350468679e-02 9.999879002571105957e-01 -4.910391289740800858e-03 1.406818337272852659e-04 1.095394015312194824e+00 4.910365678369998932e-03 9.999878406524658203e-01 2.319241175428032875e-04 1.627412624657154083e-02 -1.418195606674998999e-04 -2.312302385689690709e-04 9.999999403953552246e-01 1.602562610059976578e-03 4.756566238403320312e+01
8.106968000000000000e+07 9.999981500396414313e-01 -1.665481728381444041e-03 9.623345789542896937e-04 1.127964697770054592e+00 1.665279414298494794e-03 9.999985911616420253e-01 2.109956247838020685e-04 2.515153502708325495e-03 -9.626846325444455340e-04 -2.093926784579706077e-04 9.999995146963759352e-01 1.335080690709919242e-02 9.999849200248718262e-01 -5.500101950019598007e-03 1.071091828634962440e-04 1.113094091415405273e+00 5.500025115907192230e-03 9.999846816062927246e-01 6.708590663038194180e-04 1.927196234464645386e-02 -1.107982388930395246e-04 -6.702505634166300297e-04 9.999997615814208984e-01 2.994718961417675018e-03 4.745526504516601562e+01
8.117379000000000000e+07 9.999911228588121981e-01 -1.369307015448454094e-03 3.984871700285035762e-03 1.163680991695031475e+00 1.365367287633431322e-03 9.999985766228597361e-01 9.912237489052286906e-04 4.325577121888539781e-03 -3.986223317897458901e-03 -9.857741363907132019e-04 9.999915691012499774e-01 1.337735392501912014e-02 9.999832510948181152e-01 -5.264535080641508102e-03 2.402340760454535484e-03 1.126248121261596680e+00 5.266672931611537933e-03 9.999858140945434570e-01 -8.813607273623347282e-04 9.047414176166057587e-03 -2.397667150944471359e-03 8.939966792240738869e-04 9.999967813491821289e-01 4.626473877578973770e-03 4.733571243286132812e+01
8.127781000000000000e+07 9.999982325346802314e-01 -6.632372973608312771e-04 1.759273638504723920e-03 1.129007631412970003e+00 6.624448074376111184e-04 9.999996788789417002e-01 4.510087341631889308e-04 2.395628533122678722e-03 -1.759572199384582241e-03 -4.498425153117875924e-04 9.999983507723015919e-01 1.352827459704830648e-02 9.999787807464599609e-01 -5.240223370492458344e-03 3.852903144434094429e-03 1.144382953643798828e+00 5.244670901447534561e-03 9.999855756759643555e-01 -1.142054912634193897e-03 1.159975212067365646e-02 -3.846863051876425743e-03 1.162230269983410835e-03 9.999919533729553223e-01 5.156697239726781845e-03 4.724208068847656250e+01
8.138181000000000000e+07 9.999994331742628750e-01 -4.880973507134524735e-04 9.462622264924748549e-04 1.178914602609346218e+00 4.878388931374212124e-04 9.999998436473552799e-01 2.733468478050492495e-04 1.702846218840766519e-03 -9.463954984056309428e-04 -2.728850693772195729e-04 9.999995149345629608e-01 1.440371035230139304e-02 9.999861717224121094e-01 -4.524108953773975372e-03 2.722302451729774475e-03 1.160422563552856445e+00 4.524935502558946609e-03 9.999896287918090820e-01 -3.055919951293617487e-04 6.594098173081874847e-03 -2.720893127843737602e-03 3.179083578288555145e-04 9.999961853027343750e-01 9.126712568104267120e-03 4.707155227661132812e+01
8.148593000000000000e+07 9.999999327276152261e-01 -2.055369167657848737e-04 -3.038080732636354222e-04 1.216269809733339535e+00 2.055233145063463309e-04 9.999999778764259162e-01 -4.480308435823588249e-05 5.256400259344667751e-04 3.038172752298214183e-04 4.474064170416624668e-05 9.999999528466696486e-01 1.509713020053108160e-02 9.999973773956298828e-01 -2.255942206829786301e-03 -3.007050836458802223e-04 1.172978997230529785e+00 2.255937084555625916e-03 9.999974370002746582e-01 -3.112729973508976400e-05 9.196420200169086456e-03 3.007760096807032824e-04 3.046062374778557569e-05 1.000000000000000000e+00 7.579708006232976913e-03 4.686611175537109375e+01
8.158993000000000000e+07 9.999999942375253914e-01 9.450396724616490305e-05 5.093083045262663692e-05 1.201619205107497645e+00 -9.450691608606524765e-05 9.999999938580383940e-01 5.789962054689762897e-05 6.169802494152975972e-04 -5.092535839598805576e-05 -5.790443352895440751e-05 9.999999970268422800e-01 1.496914669618952878e-02 9.999977946281433105e-01 -1.216664168168790638e-04 -2.097297459840774536e-03 1.186422705650329590e+00 1.241129939444363117e-04 9.999992847442626953e-01 1.169139752164483070e-03 9.846966713666915894e-03 2.097153337672352791e-03 -1.169406110420823097e-03 9.999970793724060059e-01 9.343257173895835876e-03 4.673920059204101562e+01
8.169405000000000000e+07 9.999997983042350214e-01 3.916662454477620910e-04 4.999890379799051907e-04 1.216371817964373214e+00 -3.917651680056702217e-04 9.999999037041582550e-01 1.977668468793373450e-04 7.026935105889724718e-04 -4.999115312339841213e-04 -1.979626852817461299e-04 9.999998554496064562e-01 1.512359443181944887e-02 9.999993443489074707e-01 9.377871756441891193e-04 -5.113886436447501183e-04 1.200411558151245117e+00 -9.375096997246146202e-04 9.999994635581970215e-01 5.210166564211249352e-04 1.123768836259841919e-02 5.118774133734405041e-04 -5.205388879403471947e-04 9.999997615814208984e-01 7.703129667788743973e-03 4.657030487060546875e+01
8.179806000000000000e+07 9.999996149336273232e-01 1.296235325135005419e-04 8.679460330201044195e-04 1.201501620354232136e+00 -1.298625936678530883e-04 9.999999536500898678e-01 2.753825020742905767e-04 1.156643812329817946e-03 -8.679102967372105985e-04 -2.754951097597923507e-04 9.999995854169835274e-01 1.483210656113127801e-02 9.999969005584716797e-01 6.804819568060338497e-04 2.420743927359580994e-03 1.206448793411254883e+00 -6.783119169995188713e-04 9.999994039535522461e-01 -8.998154080472886562e-04 5.866402294486761093e-03 -2.421355806291103363e-03 8.981729042716324329e-04 9.999966621398925781e-01 8.390859700739383698e-03 4.653817749023437500e+01
8.190218000000000000e+07 9.999999269478132558e-01 -9.874629860228044073e-05 3.692608061152438366e-04 1.233022638959366368e+00 9.868961977822589596e-05 9.999999833478669942e-01 1.535077394511765521e-04 8.848998473073656267e-04 -3.692759582866986549e-04 -1.534712860300922114e-04 9.999999200409156463e-01 1.518082027873979105e-02 9.999971389770507812e-01 4.065211687702685595e-04 2.315882826223969460e-03 1.211053133010864258e+00 -4.032024298794567585e-04 9.999988675117492676e-01 -1.431913580745458603e-03 6.843501236289739609e-03 -2.316461177542805672e-03 1.430983422324061394e-03 9.999963641166687012e-01 1.278175879269838333e-02 4.633145523071289062e+01
8.200618000000000000e+07 9.999999200150251344e-01 1.825369653784779920e-04 3.558794706052880548e-04 1.262238693496525732e+00 -1.825959080337436781e-04 9.999999696177072073e-01 1.655998739577388044e-04 6.626075160652942922e-04 -3.558492316940088012e-04 -1.656648428481513982e-04 9.999999229632381414e-01 1.557093716614957497e-02 9.999988675117492676e-01 5.572290392592549324e-04 1.428291900083422661e-03 1.204599142074584961e+00 -5.553865339607000351e-04 9.999990463256835938e-01 -1.292595756240189075e-03 3.122750902548432350e-03 -1.429011463187634945e-03 1.291792723350226879e-03 9.999980926513671875e-01 1.536067202687263489e-02 4.645715332031250000e+01
8.211018000000000000e+07 9.999992208372445734e-01 -1.276874123837661045e-04 1.241781318549229490e-03 1.244632444339082156e+00 1.272092151782015725e-04 9.999999177343799062e-01 3.851610708935785722e-04 1.461225654444142348e-03 -1.241830396613350426e-03 -3.850028047649527141e-04 9.999991548147040277e-01 1.508291081454390427e-02 9.999997019767761230e-01 3.465009503997862339e-04 6.392294890247285366e-04 1.199034452438354492e+00 -3.464763867668807507e-04 9.999998807907104492e-01 -4.024922600365243852e-05 4.337952472269535065e-03 -6.392443319782614708e-04 4.002882997156120837e-05 9.999997615814208984e-01 1.776535809040069580e-02 4.698720169067382812e+01
8.221418000000000000e+07 9.999967089071153392e-01 -2.540848476465621688e-04 2.552962136604135755e-03 1.192816612206923255e+00 2.523257431316567093e-04 9.999997305689678484e-01 6.893429466645203344e-04 2.560999790658087614e-03 -2.553136600358662210e-03 -6.886964998890946713e-04 9.999965035891194010e-01 1.424589499520560396e-02 9.999998211860656738e-01 5.298127071000635624e-04 2.179393050028011203e-04 1.197947382926940918e+00 -5.297524621710181236e-04 9.999999403953552246e-01 -2.309933770447969437e-04 9.551978670060634613e-03 -2.180604496970772743e-04 2.308722905581817031e-04 1.000000000000000000e+00 2.084464766085147858e-02 4.661564636230468750e+01
8.231818000000000000e+07 9.999998240929316440e-01 2.708494954229802906e-04 -5.276880407311811301e-04 1.222888899851595434e+00 -2.709253516560881318e-04 9.999999529769130202e-01 -1.436858679611302460e-04 -1.107513181727146263e-04 5.276490986741290239e-04 1.438288067489795839e-04 9.999998504498452956e-01 1.518029077736423975e-02 9.999991655349731445e-01 5.099798436276614666e-04 -1.195337041281163692e-03 1.191986680030822754e+00 -5.090553895570337772e-04 9.999994635581970215e-01 7.773070828989148140e-04 7.330061402171850204e-03 1.195733319036662579e-03 -7.766884518787264824e-04 9.999988675117492676e-01 2.196335792541503906e-02 4.649840164184570312e+01
8.242220000000000000e+07 9.999995158831294084e-01 1.734342086428284442e-04 -9.685835533983175880e-04 1.273155282501664987e+00 -1.736705175493309021e-04 9.999999551769095385e-01 -2.438949196278707144e-04 -4.518315699363755237e-04 9.685412102618159427e-04 2.440630159581205782e-04 9.999995011804689860e-01 1.587997553525082040e-02 9.999970793724060059e-01 4.374542913865298033e-04 -2.360893180593848228e-03 1.191524028778076172e+00 -4.373102856334298849e-04 1.000000000000000000e+00 5.749622505391016603e-05 7.888981141149997711e-03 2.360917162150144577e-03 -5.647751095239073038e-05 9.999971985816955566e-01 1.973858475685119629e-02 4.636572647094726562e+01
8.252618000000000000e+07 9.999997499786485999e-01 4.186273496309774649e-04 5.699068277246521807e-04 1.287695876802728012e+00 -4.187619219888299256e-04 9.999998844637608686e-01 2.360316128415641075e-04 6.393870916440439660e-04 -5.698079525931998247e-04 -2.362702091024431643e-04 9.999998097476283654e-01 1.589679274752874710e-02 9.999998807907104492e-01 3.608682309277355671e-04 -3.545663785189390182e-04 1.192537069320678711e+00 -3.608326078392565250e-04 9.999998807907104492e-01 1.068990677595138550e-04 4.665252752602100372e-03 3.546068037394434214e-04 -1.067555131157860160e-04 1.000000000000000000e+00 1.717248000204563141e-02 4.674803161621093750e+01
8.263018000000000000e+07 9.999978714211473774e-01 4.543655667046661898e-04 2.012636374736853032e-03 1.233877369551520164e+00 -4.555377303987057634e-04 9.999997268911270387e-01 5.819820070336019849e-04 1.578364723355589472e-03 -2.012371392487965083e-03 -5.828976000300661875e-04 9.999978052935113437e-01 1.493097674771190833e-02 9.999971389770507812e-01 5.398334469646215439e-04 2.340966137126088142e-03 1.193025708198547363e+00 -5.419979570433497429e-04 9.999994039535522461e-01 9.210297721438109875e-04 7.578299846500158310e-03 -2.340468810871243477e-03 -9.222932276315987110e-04 9.999968409538269043e-01 1.805442944169044495e-02 4.682572937011718750e+01
8.273405000000000000e+07 9.999996113758026217e-01 1.281003106727426281e-04 8.722606163908916974e-04 1.243843711961745591e+00 -1.283554393799162397e-04 9.999999490013705694e-01 2.924416885295660451e-04 1.048328466239707279e-03 -8.722231100370250517e-04 -2.925535342701945213e-04 9.999995768195639734e-01 1.524911411856283254e-02 9.999971985816955566e-01 5.692635895684361458e-04 2.312911674380302429e-03 1.191381812095642090e+00 -5.687391385436058044e-04 9.999998807907104492e-01 -2.266894298372790217e-04 4.216807894408702850e-03 -2.313038799911737442e-03 2.253551065223291516e-04 9.999971985816955566e-01 1.806967332959175110e-02 4.678121566772460938e+01
8.283807000000000000e+07 9.999996717021805148e-01 1.929388728724320233e-04 7.870007394699150361e-04 1.241126342981464292e+00 -1.931508018278610579e-04 9.999999451067467238e-01 2.692197582855655898e-04 9.677362542951941336e-04 -7.869487533154441916e-04 -2.693716797155920454e-04 9.999996540752409402e-01 1.525733863283918607e-02 9.999989867210388184e-01 2.025182620855048299e-04 -1.426928909495472908e-03 1.186985135078430176e+00 -2.015350910369306803e-04 9.999997615814208984e-01 6.898102001287043095e-04 1.342380326241254807e-02 1.427065930329263210e-03 -6.895141559652984142e-04 9.999987483024597168e-01 1.614327542483806610e-02 4.679382324218750000e+01
8.294206000000000000e+07 9.999993949701295737e-01 -6.780385274962295059e-05 -1.097935320806652047e-03 1.243603903232410213e+00 6.750095783393532292e-05 9.999999596582230810e-01 -2.759115257377944396e-04 -3.141754852250245819e-04 1.097953984379126859e-03 2.758372471146051681e-04 9.999993592052022207e-01 1.552681578068470028e-02 9.999974966049194336e-01 3.431617806199938059e-04 -2.187168225646018982e-03 1.180749893188476562e+00 -3.452148812357336283e-04 9.999994039535522461e-01 -9.381696581840515137e-04 5.175045225769281387e-03 2.186846220865845680e-03 9.389228653162717819e-04 9.999971985816955566e-01 1.541405078023672104e-02 4.642476654052734375e+01
8.304605000000000000e+07 9.999999310702094579e-01 -1.907640682483118194e-04 -3.185414438880024030e-04 1.188812756631089762e+00 1.907463454691666943e-04 9.999999802585236575e-01 -5.566673427015880022e-05 5.615497292157192212e-04 3.185520568118455336e-04 5.560596981890162554e-05 9.999999477162820893e-01 1.474427570852693443e-02 9.999989867210388184e-01 1.353545230813324451e-04 -1.370859914459288120e-03 1.177997112274169922e+00 -1.353731786366552114e-04 1.000000000000000000e+00 -1.885803976620081812e-05 9.037235751748085022e-03 1.370858051814138889e-03 1.904641067085321993e-05 9.999991059303283691e-01 1.558974571526050568e-02 4.695503997802734375e+01
8.314993000000000000e+07 9.999969209022416816e-01 -4.817631110991325676e-04 2.434356368230301652e-03 1.186049916478639776e+00 4.801817685493666062e-04 9.999996733739936472e-01 6.501364760646134548e-04 2.667575268076990882e-03 -2.434668784847775387e-03 -6.489655407962706575e-04 9.999968256110816078e-01 1.416700841113622232e-02 9.999975562095642090e-01 3.547058440744876862e-04 2.209322527050971985e-03 1.177854537963867188e+00 -3.578121541067957878e-04 9.999990463256835938e-01 1.402542227879166603e-03 7.317386567592620850e-03 -2.208823338150978088e-03 -1.403334201313555241e-03 9.999964833259582520e-01 1.401281543076038361e-02 4.693353652954101562e+01
8.325396000000000000e+07 9.999938638449027417e-01 7.963844699215578537e-05 3.502275011439333861e-03 1.164704310307691948e+00 -8.284711839220463788e-05 9.999995770105820636e-01 9.160322110517887849e-04 2.982873959570664715e-03 -3.502200578631357690e-03 -9.163167435286765890e-04 9.999934474558962449e-01 1.384935442730393131e-02 9.999958276748657227e-01 2.627563371788710356e-04 2.884553279727697372e-03 1.177254796028137207e+00 -2.650269307196140289e-04 9.999995827674865723e-01 7.828273810446262360e-04 7.713927421718835831e-03 -2.884348155930638313e-03 -7.835791329853236675e-04 9.999955296516418457e-01 1.648547500371932983e-02 4.664828872680664062e+01
8.335793000000000000e+07 9.999999171593152436e-01 1.719387215090064638e-04 -3.689423207624986808e-04 1.188560144446031197e+00 -1.719750147784979708e-04 9.999999803767566364e-01 -9.834164947995739040e-05 1.448875810004370077e-04 3.689254047849044164e-04 9.840509019533349219e-05 9.999999271052381067e-01 1.474105611124010284e-02 9.999961853027343750e-01 4.967273562215268612e-04 2.711208770051598549e-03 1.174245119094848633e+00 -5.014006164856255054e-04 9.999983906745910645e-01 1.727067283354699612e-03 6.926539819687604904e-03 -2.710343338549137115e-03 -1.728419563733041286e-03 9.999948740005493164e-01 1.600192114710807800e-02 4.655942535400390625e+01
8.346193000000000000e+07 9.999986752662292089e-01 4.116105622605886446e-04 1.574815078062673755e-03 1.183528937254317182e+00 -4.123308651214732971e-04 9.999998105252808633e-01 4.570915224696231937e-04 1.483675112925361608e-03 -1.574626635976351420e-03 -4.577402618089681597e-04 9.999986555115003561e-01 1.458502820250657042e-02 9.999995827674865723e-01 3.897889982908964157e-04 -9.404416196048259735e-04 1.166977405548095703e+00 -3.872626984957605600e-04 9.999963641166687012e-01 2.687142696231603622e-03 9.512296877801418304e-03 9.414803935214877129e-04 -2.686784602701663971e-03 9.999959468841552734e-01 1.746595092117786407e-02 4.684323120117187500e+01
8.356593000000000000e+07 9.999998199641217944e-01 4.104703549941446676e-04 4.377051553217519721e-04 1.160541037804664777e+00 -4.105318894484199762e-04 9.999999058611356295e-01 1.405036764571927711e-04 6.635180106820939751e-04 -4.376474415213327794e-04 -1.406833430902824293e-04 9.999998943364487580e-01 1.435965911376144155e-02 9.999988675117492676e-01 1.021797725115902722e-04 -1.482750871218740940e-03 1.161272287368774414e+00 -1.009068146231584251e-04 9.999995231628417969e-01 8.581338333897292614e-04 4.861309658735990524e-03 1.482836320064961910e-03 -8.579900604672729969e-04 9.999985098838806152e-01 1.715457253158092499e-02 4.728937530517578125e+01
8.366981000000000000e+07 9.999986854912541467e-01 1.020991828883775158e-03 1.259599749830472371e-03 1.118675968885805450e+00 -1.021421018795012209e-03 9.999994205021527360e-01 3.401389371093433323e-04 8.111170962653380199e-04 -1.259251740830316874e-03 -3.414250716140787806e-04 9.999991488566506437e-01 1.376031239647264315e-02 9.999999403953552246e-01 1.218507532030344009e-04 -4.972278838977217674e-04 1.159089207649230957e+00 -1.216555683640763164e-04 9.999999403953552246e-01 3.947501536458730698e-04 3.350490704178810120e-03 4.972785245627164841e-04 -3.946921497117727995e-04 9.999997615814208984e-01 1.651402935385704041e-02 4.748089599609375000e+01
8.377369000000000000e+07 9.999991423178942185e-01 5.150668929782462567e-04 1.204188330778803570e-03 1.159281376832467902e+00 -5.154635804535026133e-04 9.999998129833852500e-01 3.291359657187726217e-04 1.099238951362748341e-03 -1.204018578532806789e-03 -3.297563986662117017e-04 9.999992207996701854e-01 1.426211537354993113e-02 9.999998211860656738e-01 2.477202797308564186e-04 5.217002471908926964e-04 1.157309651374816895e+00 -2.482947893440723419e-04 9.999992847442626953e-01 1.095169573090970516e-03 5.043233744800090790e-03 -5.214277189224958420e-04 -1.095291227102279663e-03 9.999992847442626953e-01 1.824250817298889160e-02 4.749859237670898438e+01
8.387756000000000000e+07 9.999998826501411697e-01 9.184944253787275545e-05 4.756715242073272245e-04 1.192757301122697511e+00 -9.192119425721589335e-05 9.999999844014073602e-01 1.508233436166624294e-04 8.938279769460919823e-04 -4.756576637483800872e-04 -1.508670502093305125e-04 9.999998754944603441e-01 1.477007219865861948e-02 9.999986886978149414e-01 6.629025301663205028e-05 1.612770371139049530e-03 1.156414985656738281e+00 -6.485933408839628100e-05 9.999997019767761230e-01 -8.802438387647271156e-04 1.646103453822433949e-03 -1.612824737094342709e-03 8.801309159025549889e-04 9.999982714653015137e-01 1.815348304808139801e-02 4.745398330688476562e+01
8.398156000000000000e+07 9.999997650935440463e-01 -5.964816512847023267e-04 3.376722150917533974e-04 1.162848751802832092e+00 5.964478047257585269e-04 9.999998170922700380e-01 1.003267897321058428e-04 1.340872848730282349e-03 -3.377319964144941231e-04 -1.001253623254450047e-04 9.999999379560070567e-01 1.419745550848484569e-02 9.999999403953552246e-01 -3.174633093294687569e-05 -1.690273784333840013e-04 1.152289152145385742e+00 3.160091000609099865e-05 9.999995827674865723e-01 -8.774002781137824059e-04 1.441450905986130238e-03 1.690529898041859269e-04 8.773966110311448574e-04 9.999995827674865723e-01 1.970295421779155731e-02 4.757743835449218750e+01
8.408558000000000000e+07 9.999989798864230561e-01 -1.428363523295806412e-03 -1.956133018991686610e-06 1.156765402880360449e+00 1.428363485111860389e-03 9.999989797005142123e-01 -1.938434783868722171e-05 1.670356129512412524e-03 1.983818917603514655e-06 1.938153399556820201e-05 9.999999998102102605e-01 1.393512779767231563e-02 9.999977946281433105e-01 2.179020084440708160e-04 -2.109816297888755798e-03 1.146547555923461914e+00 -2.225995704066008329e-04 9.999974966049194336e-01 -2.224605297669768333e-03 -1.213493756949901581e-03 2.109325025230646133e-03 2.225068397819995880e-03 9.999952912330627441e-01 1.867901533842086792e-02 4.824911880493164062e+01
8.418966000000000000e+07 9.999977150893049060e-01 -1.549427624042467363e-03 -1.472783160195744985e-03 1.154836198697708483e+00 1.548729393615370323e-03 9.999986878523614564e-01 -4.751113952966676442e-04 3.686774863599893721e-04 1.473517378402378368e-03 4.728293671538322078e-04 9.999988025887535104e-01 1.394216544723747390e-02 9.999985098838806152e-01 -6.440000724978744984e-04 -1.591725507751107216e-03 1.140573620796203613e+00 6.404814776033163071e-04 9.999973773956298828e-01 -2.211283193901181221e-03 -9.444605093449354172e-04 1.593146705999970436e-03 2.210272941738367081e-03 9.999963641166687012e-01 1.666693016886711121e-02 4.797113418579101562e+01
8.429337000000000000e+07 9.999968958561924470e-01 -2.449619003352927846e-03 -4.556805680973107040e-04 1.171211811411897008e+00 2.449539068278010125e-03 9.999969844052094547e-01 -1.758945729881594765e-04 1.959867573088308265e-03 4.561100686336307022e-04 1.747778196431098237e-04 9.999998807081535990e-01 1.399542597080443915e-02 9.999989271163940430e-01 -1.445954781956970692e-03 2.649490197654813528e-04 1.137081384658813477e+00 1.446672016754746437e-03 9.999952316284179688e-01 -2.742409007623791695e-03 -2.266421448439359665e-03 -2.609833900351077318e-04 2.742779208347201347e-03 9.999961853027343750e-01 1.723051629960536957e-02 4.809830474853515625e+01
8.439714000000000000e+07 9.999972959595159194e-01 -2.267995863785730523e-03 -5.140707045539734746e-04 1.155815385158923014e+00 2.267896003205595659e-03 9.999974093560081156e-01 -1.947543343806638905e-04 1.773863480984419483e-03 5.145110747825391503e-04 1.935879489193235992e-04 9.999998489010261116e-01 1.378484995758953204e-02 9.999957084655761719e-01 -2.669520443305373192e-03 1.163047505542635918e-03 1.140674352645874023e+00 2.670609857887029648e-03 9.999959468841552734e-01 -9.391205385327339172e-04 2.550554228946566582e-03 -1.160535728558897972e-03 9.422381990589201450e-04 9.999989271163940430e-01 1.830353774130344391e-02 4.846505737304687500e+01
8.450097000000000000e+07 9.999954875232243134e-01 -2.884119658871793154e-03 8.407062259501259975e-04 1.149976692658044586e+00 2.883988509719508445e-03 9.999958289453235727e-01 1.571693633742799379e-04 3.358078173376514118e-03 -8.411560145703656606e-04 -1.547440670490459835e-04 9.999996342553485462e-01 1.343294833523418427e-02 9.999940395355224609e-01 -3.295637434348464012e-03 1.093214144930243492e-03 1.133939981460571289e+00 3.296178998425602913e-03 9.999944567680358887e-01 -4.942588857375085354e-04 2.341219456866383553e-03 -1.091576996259391308e-03 4.978554788976907730e-04 9.999992847442626953e-01 1.891464926302433014e-02 4.863951873779296875e+01
8.460469000000000000e+07 9.999929790457166012e-01 -3.554644088335069327e-03 1.185902525629540290e-03 1.148809879442042714e+00 3.554354681256204247e-03 9.999936529890690595e-01 2.460578942302680595e-04 3.983715286349583454e-03 -1.186769646924830824e-03 -2.418410485121756583e-04 9.999992665450936347e-01 1.333676385042598632e-02 9.999952316284179688e-01 -2.942458493635058403e-03 8.672421099618077278e-04 1.131945371627807617e+00 2.941390732303261757e-03 9.999948740005493164e-01 1.226195017807185650e-03 6.268266122788190842e-03 -8.708517416380345821e-04 -1.223644940182566643e-03 9.999989271163940430e-01 1.823443360626697540e-02 4.799971389770507812e+01
8.470856000000000000e+07 9.999920906147806710e-01 -3.634138763068059125e-03 1.616088568822523705e-03 1.137504155304101650e+00 3.633570797902308924e-03 9.999933358154021734e-01 3.542416412141391707e-04 4.319727888740820289e-03 -1.617365162276057124e-03 -3.483666667530975762e-04 9.999986313842696983e-01 1.312538165715587679e-02 9.999958276748657227e-01 -2.757476177066564560e-03 -8.800525683909654617e-04 1.125057816505432129e+00 2.759920898824930191e-03 9.999923706054687500e-01 2.776335226371884346e-03 7.668560836464166641e-03 8.723933133296668530e-04 -2.778756665065884590e-03 9.999957084655761719e-01 2.056596428155899048e-02 4.844022369384765625e+01
8.481232000000000000e+07 9.999966345641686516e-01 -2.456977366527718278e-03 8.331402556629243254e-04 1.093693013450341533e+00 2.456855543540022429e-03 9.999969710899961894e-01 1.472134080028897080e-04 2.975315589516059310e-03 -8.334994321607102361e-04 -1.451660073491092351e-04 9.999996421027061988e-01 1.267788402773389542e-02 9.999933838844299316e-01 -2.996115945279598236e-03 -2.036991994827985764e-03 1.120499134063720703e+00 2.998599549755454063e-03 9.999947547912597656e-01 1.218505320139229298e-03 5.573099479079246521e-03 2.033332595601677895e-03 -1.224601175636053085e-03 9.999971389770507812e-01 2.155399881303310394e-02 4.855187225341796875e+01
8.491606000000000000e+07 9.999981835694339294e-01 -1.759315549657536944e-03 7.332575944268672832e-04 1.123715186512523001e+00 1.759209890308794429e-03 9.999984421177527949e-01 1.447158921325327103e-04 2.416767733020184702e-03 -7.335110530122890618e-04 -1.434256752788492801e-04 9.999997206952717654e-01 1.330019376587841806e-02 9.999964833259582520e-01 -2.656528493389487267e-03 -2.947570174001157284e-04 1.125046014785766602e+00 2.656599739566445351e-03 9.999963641166687012e-01 2.635669370647519827e-04 -3.959171008318662643e-04 2.940556441899389029e-04 -2.643465413711965084e-04 1.000000000000000000e+00 2.622482553124427795e-02 4.811724853515625000e+01
8.502009000000000000e+07 9.999910261640466702e-01 -1.485132446924468472e-03 3.967615409578786542e-03 1.095330298470612140e+00 1.481340167592748100e-03 9.999984433804488537e-01 9.585759341685591616e-04 4.400019236038344057e-03 -3.969032845809062487e-03 -9.526899436768384395e-04 9.999916695449291293e-01 1.249117357117621348e-02 9.999967217445373535e-01 -2.026479458436369896e-03 1.605823170393705368e-03 1.118765830993652344e+00 2.026334637776017189e-03 9.999979734420776367e-01 9.316627983935177326e-05 -8.274519350379705429e-04 -1.606010599061846733e-03 -8.991246431833133101e-05 9.999986886978149414e-01 2.600008063018321991e-02 4.839913558959960938e+01
8.512372000000000000e+07 9.999967165583780737e-01 -2.045723638110097907e-03 1.543336284048429929e-03 1.112829671595482628e+00 2.045189779209018698e-03 9.999978482496897358e-01 3.474111578985449858e-04 3.181242936815917733e-03 -1.544043670432217706e-03 -3.442536014205644854e-04 9.999987487084467386e-01 1.295627460627409890e-02 9.999979734420776367e-01 -1.790168695151805878e-03 8.413140894845128059e-04 1.115875959396362305e+00 1.790399430319666862e-03 9.999983310699462891e-01 -2.662223996594548225e-04 -1.834486261941492558e-03 -8.408341673202812672e-04 2.677339361980557442e-04 9.999995827674865723e-01 2.668838202953338623e-02 4.777296066284179688e+01
8.522744000000000000e+07 9.999993062497557483e-01 -1.139871651425227762e-03 2.969725479800888247e-04 1.131426275500719836e+00 1.139855563703596770e-03 9.999993488882643611e-01 5.433604487925535777e-05 1.683595325438275040e-03 -2.970342907319245399e-04 -5.399750138931543335e-05 9.999999544274511543e-01 1.360842437352973062e-02 9.999986886978149414e-01 -1.546111423522233963e-03 5.484852590598165989e-04 1.112466454505920410e+00 1.546099549159407616e-03 9.999988079071044922e-01 1.144265479524619877e-05 -1.377401291392743587e-03 -5.485086585395038128e-04 -1.060243266692850739e-05 9.999998211860656738e-01 2.412631921470165253e-02 4.765987014770507812e+01
8.533118000000000000e+07 9.999970996228608744e-01 -1.177436643875247628e-03 2.101044648145718348e-03 1.112368164446849050e+00 1.176367906248725797e-03 9.999991781140921132e-01 5.098329453419983602e-04 2.973199783453517927e-03 -2.101643217339699450e-03 -5.073598650542837174e-04 9.999976628380645716e-01 1.313139493261908548e-02 9.999982118606567383e-01 -1.385204377584159374e-03 1.310273772105574608e-03 1.111537814140319824e+00 1.384990522637963295e-03 9.999990463256835938e-01 1.615795772522687912e-04 3.540105826687067747e-04 -1.310492982156574726e-03 -1.597730442881584167e-04 9.999991655349731445e-01 2.524796128273010254e-02 4.771763229370117188e+01
8.543510000000000000e+07 9.999993477549987686e-01 -6.771795502184039086e-04 9.197376858226243923e-04 1.106823634696487924e+00 6.769633475481611927e-04 9.999997431628994127e-01 2.353608978749112987e-04 1.840542249258231592e-03 -9.198968311896416538e-04 -2.347381156482624656e-04 9.999995493438089689e-01 1.330513708676471160e-02 9.999994039535522461e-01 -9.393155341967940331e-04 4.907908733002841473e-04 1.106384873390197754e+00 9.384818258695304394e-04 9.999980926513671875e-01 1.693808473646640778e-03 1.353007974103093147e-03 -4.923829692415893078e-04 -1.693333499133586884e-03 9.999984502792358398e-01 2.392053045332431793e-02 4.775120162963867188e+01
8.553887000000000000e+07 9.999999766500410336e-01 -1.622918997890617084e-04 1.426928768818311799e-04 1.125990599383580593e+00 1.622879290953908730e-04 9.999999864438372521e-01 2.783799139689782171e-05 8.558948955198523393e-04 -1.426973928279198301e-04 -2.781483341567090245e-05 9.999999894318946092e-01 1.373624814871731922e-02 9.999999403953552246e-01 5.279395918478257954e-05 -6.361561099765822291e-05 1.103325486183166504e+00 -5.273321221466176212e-05 9.999997019767761230e-01 7.657637470401823521e-04 6.736517534591257572e-04 6.366016896208748221e-05 -7.657596142962574959e-04 9.999997019767761230e-01 2.434384822845458984e-02 4.758998489379882812e+01
8.564260000000000000e+07 9.999997599126325687e-01 2.729842389877602327e-04 -6.369099553549689187e-04 1.107638917879304907e+00 -2.731529486861529942e-04 9.999999276300042261e-01 -2.648158901758326279e-04 -2.559831927932466368e-04 6.368376186988758923e-04 2.649898004260394478e-04 9.999997621091025746e-01 1.337272248459164294e-02 9.999995827674865723e-01 6.524223717860877514e-04 -6.972739938646554947e-04 1.099346637725830078e+00 -6.511975661851465702e-04 9.999982714653015137e-01 1.767428591847419739e-03 1.510109752416610718e-03 6.984203355386853218e-04 -1.766984467394649982e-03 9.999980926513671875e-01 2.184125036001205444e-02 4.727814483642578125e+01
8.574645000000000000e+07 9.999979180417167823e-01 1.323694624311031517e-03 -1.552979395011299182e-03 1.137245610748313318e+00 -1.324608562273195574e-03 9.999989500538162268e-01 -5.876253371171664703e-04 -1.934529684912663413e-03 1.552199928009314559e-03 5.896812033968890608e-04 9.999986214748561864e-01 1.390913232740914260e-02 9.999989867210388184e-01 1.380744739435613155e-03 -3.623716183938086033e-04 1.098313927650451660e+00 -1.380635774694383144e-03 9.999989867210388184e-01 2.639874583110213280e-04 -5.670189857482910156e-04 3.627419064287096262e-04 -2.634757547639310360e-04 9.999999403953552246e-01 2.113230526447296143e-02 4.659020614624023438e+01
8.585040000000000000e+07 9.999988271929859396e-01 1.493495995589248044e-03 3.392378828296514423e-04 1.119625021482928195e+00 -1.493498905145553566e-03 9.999988846952364563e-01 8.323579490976768062e-06 -3.855200089684470061e-04 -3.392250732432627652e-04 -8.830221140490473363e-06 9.999999424241862167e-01 1.374666144586555311e-02 9.999985694885253906e-01 1.629695645533502102e-03 4.592737532220780849e-04 1.099178791046142578e+00 -1.629355945624411106e-03 9.999983906745910645e-01 -7.618368254043161869e-04 -2.205785131081938744e-03 -4.605141584761440754e-04 7.610825705341994762e-04 9.999996423721313477e-01 2.035800553858280182e-02 4.659638214111328125e+01
8.595422000000000000e+07 9.999990357886335834e-01 1.331211519051386403e-03 -3.953450760217250650e-04 1.141521346977925067e+00 -1.331300087087619989e-03 9.999990887655495486e-01 -2.238485674937955154e-04 -9.169564883312790807e-04 3.950467259834191855e-04 2.243746745812218320e-04 9.999998967970413766e-01 1.401372477842488529e-02 9.999973773956298828e-01 2.240985864773392677e-03 -3.935782297048717737e-04 1.103465557098388672e+00 -2.242088783532381058e-03 9.999933838844299316e-01 -2.840213477611541748e-03 -2.837631152942776680e-03 3.872133383993059397e-04 2.841090317815542221e-03 9.999958872795104980e-01 1.449210755527019501e-02 4.644137573242187500e+01
8.605806000000000000e+07 9.999993981891373007e-01 7.311421512012114370e-04 -8.179562842909684790e-04 1.125086143055134658e+00 -7.314140382702447214e-04 9.999996773554451490e-01 -3.321482974845473501e-04 -8.428046694059234366e-04 8.177131727540138621e-04 3.327463623205146573e-04 9.999996103124254576e-01 1.362533417248378356e-02 9.999964833259582520e-01 2.158664399757981300e-03 -1.574583700858056545e-03 1.100214838981628418e+00 -2.163634635508060455e-03 9.999926686286926270e-01 -3.163148416206240654e-03 -4.690374247729778290e-03 1.567736268043518066e-03 3.166538197547197342e-03 9.999937415122985840e-01 1.376656442880630493e-02 4.650159835815429688e+01
8.616194000000000000e+07 9.999978254175427850e-01 1.745169597780335405e-03 -1.141728338929871205e-03 1.103871911288534458e+00 -1.745745215678573678e-03 9.999983494991918631e-01 -5.033614919176486718e-04 -1.885755454898245618e-03 1.140848003402605100e-03 5.053535639464843982e-04 9.999992215415619556e-01 1.338468343615919695e-02 9.999964237213134766e-01 2.321606036275625229e-03 -1.338064554147422314e-03 1.105344533920288086e+00 -2.324977191165089607e-03 9.999941587448120117e-01 -2.515825210139155388e-03 -3.554508555680513382e-03 1.332219573669135571e-03 2.518928609788417816e-03 9.999960064888000488e-01 1.339123584330081940e-02 4.647750473022460938e+01
8.626642000000000000e+07 9.999991438102103780e-01 5.680151543095523885e-04 -1.178871341823592607e-03 1.091671801725536239e+00 -5.685655711648264152e-04 9.999997294999388719e-01 -4.666189490160655719e-04 -1.019180224221945220e-03 1.178605976306024410e-03 4.672888151556148857e-04 9.999991962642396093e-01 1.304200294484011285e-02 9.999973773956298828e-01 2.270921366289258003e-03 3.895666450262069702e-04 1.087584137916564941e+00 -2.270050114020705223e-03 9.999949336051940918e-01 -2.237125299870967865e-03 -4.075283184647560120e-03 -3.946422948502004147e-04 2.236242406070232391e-03 9.999973773956298828e-01 1.305680535733699799e-02 4.640995025634765625e+01
8.636974000000000000e+07 9.999978349983524861e-01 1.084185671112756393e-03 1.776102549543973801e-03 1.104712315340469875e+00 -1.084922580549215572e-03 9.999993257767681998e-01 4.139916354771962020e-04 9.848083210307237000e-04 -1.775652508278929105e-03 -4.159176728445610144e-04 9.999983370340345123e-01 1.338802596514127204e-02 9.999947547912597656e-01 2.349913585931062698e-03 2.219653455540537834e-03 1.098682999610900879e+00 -2.349612070247530937e-03 9.999971985816955566e-01 -1.359962916467338800e-04 -1.047739569912664592e-04 -2.219971036538481712e-03 1.307774800807237625e-04 9.999975562095642090e-01 1.863109879195690155e-02 4.648985671997070312e+01
8.647360000000000000e+07 9.999992965990005533e-01 9.469304808896407324e-04 -7.142297931357635904e-04 1.085044769445139057e+00 -9.471628811046196948e-04 9.999994985903466471e-01 -3.251177516733410678e-04 -8.922957318801005584e-04 7.139215711114476953e-04 3.257940149199275081e-04 9.999996920870839467e-01 1.302596691454056994e-02 9.999955892562866211e-01 2.375497948378324509e-03 1.735555473715066910e-03 1.096213459968566895e+00 -2.377636265009641647e-03 9.999964237213134766e-01 1.234706607647240162e-03 3.000666387379169464e-03 -1.732618082314729691e-03 -1.238820492289960384e-03 9.999977350234985352e-01 2.188846282660961151e-02 4.693398284912109375e+01
8.657749000000000000e+07 9.999978725885526609e-01 1.878002001704984171e-03 8.531862825909148880e-04 1.078598567752348192e+00 -1.878123070750792366e-03 9.999982263674045413e-01 1.411232140127598221e-04 -2.722386794870267079e-04 -8.529197396724071427e-04 -1.427253026332367348e-04 9.999996260786313540e-01 1.283529502743857402e-02 9.999971985816955566e-01 2.349128481000661850e-03 -4.956963821314275265e-04 1.079809784889221191e+00 -2.348689595237374306e-03 9.999968409538269043e-01 9.001321159303188324e-04 2.337285084649920464e-03 4.978085635229945183e-04 -8.989716297946870327e-04 9.999994039535522461e-01 2.391432784497737885e-02 4.709129714965820312e+01
8.668131000000000000e+07 9.999994182111845431e-01 1.078020418498630128e-03 3.807009464939513274e-05 1.109264880445737012e+00 -1.078017860240400739e-03 9.999994166836877474e-01 -6.715534144860425738e-05 -3.356366201672275184e-04 -3.814246726790139578e-05 6.711426213860656551e-05 9.999999970204141997e-01 1.349883269631797951e-02 9.999970793724060059e-01 2.143230289220809937e-03 -1.135961036197841167e-03 1.075448393821716309e+00 -2.141467994078993797e-03 9.999964237213134766e-01 1.549204578623175621e-03 4.304669797420501709e-03 1.139280386269092560e-03 -1.546769635751843452e-03 9.999982118606567383e-01 2.681730501353740692e-02 4.703235244750976562e+01
8.678551000000000000e+07 9.999997930089969955e-01 4.641008267671489968e-04 4.456371062085966346e-04 1.095609479713886891e+00 -4.641587443157410369e-04 9.999998838450832039e-01 1.298711102227334373e-04 7.106399078054826931e-04 -4.455767811625262025e-04 -1.300779296779419787e-04 9.999998922705379822e-01 1.342107682665519795e-02 9.999949336051940918e-01 1.922474475577473640e-03 -2.518361667171120644e-03 1.067347645759582520e+00 -1.920492504723370075e-03 9.999979138374328613e-01 7.887036772444844246e-04 3.459019120782613754e-03 2.519874135032296181e-03 -7.838627207092940807e-04 9.999964833259582520e-01 2.428941987454891205e-02 4.650912094116210938e+01
8.688909000000000000e+07 9.999995054495695035e-01 6.703348289823665533e-04 7.346780596581695740e-04 1.080937386366212394e+00 -6.704753371086194687e-04 9.999997569867428160e-01 1.910216908223135108e-04 7.505467761908851589e-04 -7.345498326315205110e-04 -1.915141798633036635e-04 9.999997118793948481e-01 1.319966977184639997e-02 9.999949336051940918e-01 1.698189880698919296e-03 -2.733333036303520203e-03 1.080838322639465332e+00 -1.695577753707766533e-03 9.999981522560119629e-01 9.561757324263453484e-04 1.552727539092302322e-02 2.734951907768845558e-03 -9.515357669442892075e-04 9.999958276748657227e-01 1.849920116364955902e-02 4.659046554565429688e+01
8.699295000000000000e+07 9.999997442627385213e-01 6.961630004515895805e-04 -1.638033590611940975e-04 1.050300099734832626e+00 -6.961810458300384755e-04 9.999997516012349985e-01 -1.101336709988610452e-04 -4.226215048721974118e-05 1.637266473866858148e-04 1.102476796260660130e-04 9.999999805195171065e-01 1.264370362874285211e-02 9.999961853027343750e-01 1.569036161527037621e-03 -2.242920920252799988e-03 1.075824618339538574e+00 -1.571554457768797874e-03 9.999981522560119629e-01 -1.124390051700174809e-03 6.557394284754991531e-03 2.241153270006179810e-03 1.127913361415266991e-03 9.999967813491821289e-01 1.754174567759037018e-02 4.646368026733398438e+01
8.709669000000000000e+07 9.999995166441769667e-01 8.856150842235468350e-04 4.270800158002530707e-04 1.092506529279503757e+00 -8.856511603871256673e-04 9.999996042585368450e-01 8.428995127990432813e-05 2.672975182905861207e-04 -4.270051983350580619e-04 -8.466815444752972663e-05 9.999999052489281226e-01 1.333510059471030261e-02 9.999994635581970215e-01 1.005014986731112003e-03 -4.375989083200693130e-04 1.079814434051513672e+00 -1.005043508484959602e-03 9.999994635581970215e-01 -2.549603959778323770e-05 1.092097442597150803e-02 4.375747521407902241e-04 2.593964018160477281e-05 1.000000000000000000e+00 1.719423197209835052e-02 4.644755172729492188e+01
8.720057000000000000e+07 9.999986228118287190e-01 1.018731469262843577e-03 1.310175867065606825e-03 1.081800178802943435e+00 -1.019156437672667434e-03 9.999994282583829497e-01 3.237331160289072789e-04 8.408575848173885023e-04 -1.309845320890182284e-03 -3.250679442778013064e-04 9.999990893176727846e-01 1.317467374132463669e-02 9.999979734420776367e-01 5.721917841583490372e-04 1.909061567857861519e-03 1.078349828720092773e+00 -5.714435828849673271e-04 9.999997019767761230e-01 -3.889025829266756773e-04 7.532557938247919083e-03 -1.909285550937056541e-03 3.878048155456781387e-04 9.999980330467224121e-01 1.715255528688430786e-02 4.667196655273437500e+01
8.730443000000000000e+07 9.999992704880741323e-01 -2.807529027825019646e-04 1.174819632486989555e-03 1.048967781943253019e+00 2.804083710816109715e-04 9.999999176385298005e-01 2.934179334859559327e-04 1.787946033076611438e-03 -1.174901913661316639e-03 -2.930882901840507217e-04 9.999992668521259231e-01 1.254325798541619345e-02 9.999966621398925781e-01 -2.073954383376985788e-04 2.598672872409224510e-03 1.076528191566467285e+00 2.071823109872639179e-04 1.000000000000000000e+00 8.120978600345551968e-05 9.561128914356231689e-03 -2.598691266030073166e-03 -8.067113958531990647e-05 9.999966025352478027e-01 1.808916591107845306e-02 4.639955139160156250e+01
8.740833000000000000e+07 9.999989152068979870e-01 2.876221094614610186e-04 1.444596316364694672e-03 1.095072239846351270e+00 -2.881913822625666857e-04 9.999998809029938540e-01 3.938778004137148507e-04 1.572376705559499609e-03 -1.444482856352091640e-03 -3.942936933531836653e-04 9.999988790002356520e-01 1.333018903083911869e-02 9.999979734420776367e-01 -3.664186515379697084e-04 1.984861912205815315e-03 1.067368388175964355e+00 3.617376787588000298e-04 9.999971985816955566e-01 2.360322978347539902e-03 1.137226261198520660e-02 -1.985725015401840210e-03 -2.359596779569983482e-03 9.999953508377075195e-01 1.876671053469181061e-02 4.621356964111328125e+01
8.751218000000000000e+07 9.999982516185647041e-01 2.002234123012185541e-04 1.859212346152754958e-03 1.096649924153344280e+00 -2.011532832415217659e-04 9.999998547842204877e-01 4.999689060950874642e-04 1.913201464758108525e-03 -1.859111970689643996e-03 -5.003420186104886669e-04 9.999981466786340700e-01 1.327926922181748431e-02 9.999994039535522461e-01 -5.547693581320345402e-04 8.508113678544759750e-04 1.052188515663146973e+00 5.518173566088080406e-04 9.999938011169433594e-01 3.470533993095159531e-03 1.323017384856939316e-02 -8.527236059308052063e-04 -3.470069495961070061e-03 9.999936223030090332e-01 1.777276024222373962e-02 4.596825790405273438e+01
8.761606000000000000e+07 9.999981996678309892e-01 2.834921147900440496e-04 1.876244477087357686e-03 1.061494605163408433e+00 -2.844044298981793207e-04 9.999998414608047836e-01 4.859963861595853604e-04 1.873534561604413198e-03 -1.876106403486549291e-03 -4.865291234425270098e-04 9.999981217553340906e-01 1.279428072959599462e-02 9.999998807907104492e-01 -4.944565007463097572e-04 -7.034480222500860691e-05 1.052540302276611328e+00 4.947799607180058956e-04 9.999893903732299805e-01 4.593261517584323883e-03 1.348840352147817612e-02 6.806837336625903845e-05 -4.593295510858297348e-03 9.999893903732299805e-01 1.791518554091453552e-02 4.605545425415039062e+01
8.771979000000000000e+07 9.999991516487968246e-01 3.410304053652546885e-04 1.257139654542308591e-03 1.070489526487467424e+00 -3.414569743592773621e-04 9.999998842030184409e-01 3.391181305955731076e-04 1.420752283388945726e-03 -1.257023859386826583e-03 -3.395471019661903131e-04 9.999991522991127368e-01 1.300107184693314807e-02 9.999998807907104492e-01 -4.062349908053874969e-04 -4.308110510464757681e-04 1.052093982696533203e+00 4.076920158695429564e-04 9.999941587448120117e-01 3.407287178561091423e-03 1.269976608455181122e-02 4.294246027711778879e-04 -3.407462732866406441e-03 9.999941587448120117e-01 1.699621416628360748e-02 4.590329742431640625e+01
8.782357000000000000e+07 9.999970681363180569e-01 3.360589216001329867e-04 2.398079072034352884e-03 1.062442960799865554e+00 -3.375381767902337852e-04 9.999997530151009117e-01 6.164719961410580415e-04 2.198416324721562919e-03 -2.397871308833172347e-03 -6.172796319578116933e-04 9.999969345848574998e-01 1.277753694804410582e-02 9.999995231628417969e-01 -3.832520451396703720e-04 -8.106022723950445652e-04 1.046985864639282227e+00 3.863158926833420992e-04 9.999927282333374023e-01 3.783459309488534927e-03 1.437038835138082504e-02 8.091473719105124474e-04 -3.783773165196180344e-03 9.999924898147583008e-01 1.667782291769981384e-02 4.538806533813476562e+01
8.792732000000000000e+07 9.999984003921963405e-01 1.142462066187622995e-03 1.376224413343146713e-03 1.073743985407793700e+00 -1.142897475159226992e-03 9.999992970799089775e-01 3.156344713631665643e-04 7.476527142779667602e-04 -1.375862845575112365e-03 -3.172068498004871392e-04 9.999990031901753174e-01 1.302617841994387418e-02 9.999995827674865723e-01 -3.178391780238598585e-04 -8.962572319433093071e-04 1.050797343254089355e+00 3.189707931596785784e-04 9.999991655349731445e-01 1.258286181837320328e-03 9.580409154295921326e-03 8.958552498370409012e-04 -1.258573960512876511e-03 9.999988675117492676e-01 1.697320677340030670e-02 4.691961669921875000e+01
8.803106000000000000e+07 9.999996326102539301e-01 -4.441883541227686894e-04 7.331276260925518023e-04 1.063320216430479359e+00 4.440616044184748945e-04 9.999998864327528381e-01 1.730427381682774130e-04 1.563322190351362729e-03 -7.332044063968004306e-04 -1.727171207876942115e-04 9.999997162900274850e-01 1.275244002908051087e-02 9.999966025352478027e-01 -8.622285095043480396e-04 -2.481936011463403702e-03 1.062971234321594238e+00 8.657449507154524326e-04 9.999986290931701660e-01 1.418391242623329163e-03 6.985118146985769272e-03 2.480710856616497040e-03 -1.420531305484473705e-03 9.999959468841552734e-01 9.525213390588760376e-03 4.686291122436523438e+01
8.813505000000000000e+07 9.999994020015671170e-01 -1.060940950893440177e-03 2.653316405222277030e-04 1.061114952601503569e+00 1.060933858744218111e-03 9.999994368485858320e-01 2.686869921392792833e-05 1.623675895620038407e-03 -2.653599972019094855e-04 -2.658718384236638727e-05 9.999999644385982878e-01 1.258020441638848554e-02 9.999997615814208984e-01 -5.494383512996137142e-04 -1.925644901348277926e-04 1.062061429023742676e+00 5.493247299455106258e-04 9.999997019767761230e-01 -6.197885959409177303e-04 2.992415102198719978e-03 1.929052814375609159e-04 6.196880713105201721e-04 9.999997615814208984e-01 8.703984320163726807e-03 4.649772644042968750e+01
8.823871000000000000e+07 9.999985821487672455e-01 -1.006590609599922106e-03 1.349991056059406721e-03 1.060067021293808809e+00 1.006167771987576814e-03 9.999994445597288895e-01 3.138577203083594137e-04 2.368937569354922362e-03 -1.350306232448288384e-03 -3.124989578364414304e-04 9.999990395082961614e-01 1.251571741475588501e-02 9.999928474426269531e-01 -7.926340913400053978e-04 3.700100816786289215e-03 1.068335175514221191e+00 8.073764620348811150e-04 9.999917149543762207e-01 -3.985336516052484512e-03 -1.999842468649148941e-03 -3.696911502629518509e-03 3.988295327872037888e-03 9.999851584434509277e-01 4.138195421546697617e-03 4.671705627441406250e+01
8.834260000000000000e+07 9.999957012157079106e-01 -1.147525355501830056e-04 2.929911632820409676e-03 1.075643874970926506e+00 1.125544238734487172e-04 9.999997121266864797e-01 7.503852745349233379e-04 2.857935527747208163e-03 -2.929996897987790280e-03 -7.500522742830263798e-04 9.999954262595371901e-01 1.275898103841627274e-02 9.999780058860778809e-01 -8.820624789223074913e-04 6.574743892997503281e-03 1.064598083496093750e+00 8.908852469176054001e-04 9.999986886978149414e-01 -1.339166657999157906e-03 1.480048755183815956e-03 -6.573550868779420853e-03 1.344990334473550320e-03 9.999775886535644531e-01 1.248800382018089294e-02 4.731686401367187500e+01
8.844633000000000000e+07 9.999999551730677227e-01 -1.675885836124954163e-04 2.481288602131512732e-04 1.043618500616970701e+00 1.675817508253666223e-04 9.999999855784628133e-01 2.755778819187299945e-05 9.954182028530853248e-04 -2.481334750053378968e-04 -2.751620508865697644e-05 9.999999688363186978e-01 1.249643037330931683e-02 9.999992251396179199e-01 -1.232638722285628319e-03 1.723877212498337030e-04 1.066233754158020020e+00 1.233138260431587696e-03 9.999949336051940918e-01 -2.944157924503087997e-03 5.085432901978492737e-03 -1.687724434304982424e-04 2.944366075098514557e-03 9.999955892562866211e-01 1.825616881251335144e-02 4.710153579711914062e+01
8.855019000000000000e+07 9.999948995642671257e-01 -6.343451963959348058e-04 -3.130247975361418432e-03 1.062641448033706748e+00 6.311129955753483692e-04 9.999992668384733996e-01 -1.033450053134027553e-03 -1.754816003157136199e-03 3.130901244412024644e-03 1.031469242060187134e-03 9.999945667499470225e-01 1.254647066692726916e-02 9.999908208847045898e-01 -1.342445379123091698e-03 -4.085943568497896194e-03 1.056545257568359375e+00 1.332314917817711830e-03 9.999960064888000488e-01 -2.481059171259403229e-03 -4.861579742282629013e-03 4.089267924427986145e-03 2.475600456818938255e-03 9.999886155128479004e-01 1.687851548194885254e-02 4.706601715087890625e+01
8.865393000000000000e+07 9.999964582321312356e-01 -3.565193140690902534e-04 -2.637502063757675257e-03 1.047845153253806227e+00 3.542136504584299348e-04 9.999995548036252346e-01 -8.746000437888862625e-04 -1.516005154707627308e-03 2.637812701360580520e-03 8.736627069197322633e-04 9.999961393213416816e-01 1.230580565662320498e-02 9.999909996986389160e-01 -8.425991400144994259e-04 -4.153362009674310684e-03 1.057914137840270996e+00 8.397636120207607746e-04 9.999994039535522461e-01 -6.847731419838964939e-04 -1.848283223807811737e-03 4.153938964009284973e-03 6.812794017605483532e-04 9.999911189079284668e-01 1.632734015583992004e-02 4.740483093261718750e+01
8.875782000000000000e+07 9.999996478116024434e-01 -5.592794453197513262e-04 -6.257660753213054386e-04 1.024735983977647757e+00 5.591315652042148487e-04 9.999998157272512733e-01 -2.364685187059957581e-04 5.727340645275005122e-04 6.258982119901630031e-04 2.361185498633142554e-04 9.999997762497068177e-01 1.210261739640868146e-02 9.999990463256835938e-01 -3.631986910477280617e-04 -1.367616001516580582e-03 1.052734494209289551e+00 3.641579532995820045e-04 9.999997019767761230e-01 7.100401562638580799e-04 1.715677906759083271e-03 1.367358723655343056e-03 -7.105406839400529861e-04 9.999988675117492676e-01 1.699708215892314911e-02 4.721577453613281250e+01
8.886169000000000000e+07 9.999993325245271070e-01 -2.689024569174096237e-04 -1.123673439742937973e-03 1.038697526237693181e+00 2.684175453763085282e-04 9.999998708065646058e-01 -4.316698754550818309e-04 -1.916106358701327966e-04 1.123789371659165938e-03 4.313679736663689310e-04 9.999992755093136676e-01 1.220954631319901007e-02 9.999996423721313477e-01 -6.394651136361062527e-04 -3.639905771706253290e-04 1.051208376884460449e+00 6.395762902684509754e-04 9.999997019767761230e-01 2.769539714790880680e-04 3.114478662610054016e-03 3.638125199358910322e-04 -2.771966683212667704e-04 9.999998211860656738e-01 1.419595815241336823e-02 4.768835067749023438e+01
8.896556000000000000e+07 9.999991341100654685e-01 -4.001289445922191963e-04 -1.253665013762278804e-03 1.021423892611831530e+00 3.995390608751190980e-04 9.999998093849999936e-01 -4.707425058906058958e-04 -1.759032947199512292e-04 1.253853132494825093e-03 4.702412101428968304e-04 9.999991033623715220e-01 1.193118939434564818e-02 1.000000000000000000e+00 -3.228523419238626957e-04 4.697621261584572494e-05 1.043787837028503418e+00 3.229230933357030153e-04 9.999989271163940430e-01 -1.420969609171152115e-03 7.024406222626566887e-04 -4.651689232559874654e-05 1.420989981852471828e-03 9.999990463256835938e-01 1.418153382837772369e-02 4.795011138916015625e+01
8.906945000000000000e+07 9.999963423508617666e-01 -9.634436560413696914e-05 -2.702961857997590762e-03 1.029906103766772718e+00 9.382320229575744248e-05 9.999995604918084924e-01 -9.328523001381351220e-04 -1.803795861405306207e-03 2.703050545085019900e-03 9.325952875596018200e-04 9.999959118836145855e-01 1.198672639108501817e-02 9.999973177909851074e-01 -6.828871119068935513e-05 -2.335800556465983391e-03 1.037922382354736328e+00 6.381294952007010579e-05 9.999982118606567383e-01 -1.914535067044198513e-03 -6.883486639708280563e-04 2.335927216336131096e-03 1.914379303343594074e-03 9.999954104423522949e-01 1.571035757660865784e-02 4.777491378784179688e+01
8.917332000000000000e+07 9.999988700424620180e-01 -1.232494053805883083e-04 -1.498240123978692405e-03 1.031268042159419140e+00 1.224621275975897418e-04 9.999998544007571155e-01 -5.255487636892520586e-04 -5.524230431036619357e-04 1.498304679406237214e-03 5.253646921752174858e-04 9.999987395367674337e-01 1.213392336847982436e-02 9.999958276748657227e-01 8.131183130899444222e-05 -2.884550252929329872e-03 1.036442279815673828e+00 -8.994212839752435684e-05 9.999954700469970703e-01 -2.992459107190370560e-03 -2.165920333936810493e-03 2.884295070543885231e-03 2.992710797116160393e-03 9.999914169311523438e-01 1.392703503370285034e-02 4.786912155151367188e+01
8.927742000000000000e+07 9.999950126855363663e-01 -4.780382544248328925e-04 -3.121871809141835586e-03 1.007468641864205150e+00 4.748583804552654222e-04 9.999993678283519705e-01 -1.019241104531972645e-03 -1.720458429255869361e-03 3.122357071816011988e-03 1.017753574281422910e-03 9.999946075175099036e-01 1.167747297249093451e-02 9.999992251396179199e-01 4.757186688948422670e-04 -1.191745046526193619e-03 1.028200626373291016e+00 -4.777663561981171370e-04 9.999984502792358398e-01 -1.716799568384885788e-03 -1.717806328088045120e-03 1.190926181152462959e-03 1.717364299111068249e-03 9.999977350234985352e-01 1.346927694976329803e-02 4.833119964599609375e+01
8.938118000000000000e+07 9.999995377028306764e-01 3.291015098483827429e-04 9.034856823946807881e-04 1.008053094422160845e+00 -3.292784349973519554e-04 9.999999266418772015e-01 1.956833197807263840e-04 1.152979072537695408e-03 -9.034212164446670489e-04 -1.959807276500068489e-04 9.999995727107652277e-01 1.204574816093833753e-02 9.999968409538269043e-01 8.720242185518145561e-04 2.373890019953250885e-03 1.034885168075561523e+00 -8.675805293023586273e-04 9.999978542327880859e-01 -1.869878731667995453e-03 -1.113003585487604141e-03 -2.375518437474966049e-03 1.867811311967670918e-03 9.999954700469970703e-01 1.306050363928079605e-02 4.801647949218750000e+01
8.948513000000000000e+07 9.999991090800786075e-01 4.991770816430026424e-04 1.238006974599006578e-03 1.032934580024319704e+00 -4.995228911504120007e-04 9.999998363084068309e-01 2.790341141767382666e-04 1.209171508579711101e-03 -1.237867484511223160e-03 -2.796522784102402543e-04 9.999991947390132196e-01 1.238144269979023389e-02 9.999922513961791992e-01 6.714499904774129391e-04 3.857812844216823578e-03 1.032009005546569824e+00 -6.643087253905832767e-04 9.999980926513671875e-01 -1.850369386374950409e-03 -4.481726791709661484e-03 -3.859047312289476395e-03 1.847795676440000534e-03 9.999908208847045898e-01 1.458692643791437149e-02 4.858992004394531250e+01
8.958899000000000000e+07 9.999976305885345251e-01 8.571544392243819624e-04 2.001025527098059670e-03 9.801122930609155182e-01 -8.579251466278059761e-04 9.999995581274694345e-01 3.843295846807541017e-04 1.344673717958798972e-03 -2.000695213060647501e-03 -3.860454043181431013e-04 9.999979240914645962e-01 1.148470950938903015e-02 9.999982118606567383e-01 8.317194296978414059e-04 1.732218428514897823e-03 1.026246428489685059e+00 -8.312173304148018360e-04 9.999995827674865723e-01 -3.010988875757902861e-04 -5.618112161755561829e-03 -1.732467673718929291e-03 2.996699477080255747e-04 9.999985098838806152e-01 1.491666678339242935e-02 5.047430419921875000e+01
8.969287000000000000e+07 9.999998725472286631e-01 -2.186781258321804052e-04 -4.550663932064413211e-04 9.935992090040766112e-01 2.185939464718597884e-04 9.999999589913828313e-01 -1.850241203895005833e-04 5.169650231828962304e-04 4.551068352697552064e-04 1.849246220560577263e-04 9.999998793403277464e-01 1.170546313620173147e-02 9.999988079071044922e-01 1.080404384993016720e-03 -1.035090652294456959e-03 1.019501686096191406e+00 -1.079363166354596615e-03 9.999989867210388184e-01 9.935620473697781563e-04 -7.058836985379457474e-03 1.036162720993161201e-03 -9.924550540745258331e-04 9.999989867210388184e-01 1.245937030762434006e-02 4.913187026977539062e+01
8.979683000000000000e+07 9.999974831952032073e-01 -1.091984488910724730e-04 -2.240910274890427299e-03 9.145801517259327662e-01 1.074473560327960894e-04 9.999996888361644132e-01 -7.815258331565386966e-04 -1.106548921247949404e-03 2.240994919010587307e-03 7.812830863197053107e-04 9.999971837652356088e-01 1.020789739881202036e-02 9.999981522560119629e-01 9.787549497559666634e-04 -1.659318571910262108e-03 1.012132763862609863e+00 -9.754780912771821022e-04 9.999975562095642090e-01 1.975306775420904160e-03 -7.402364630252122879e-03 1.661248970776796341e-03 -1.973684411495923996e-03 9.999967217445373535e-01 9.000009857118129730e-03 4.791449737548828125e+01
8.990071000000000000e+07 9.999984822377597782e-01 6.402988766245868053e-04 1.620351671679222351e-03 9.551038369813060758e-01 -6.407658330899769494e-04 9.999997533298109476e-01 2.876794514614668379e-04 1.291578323122750385e-03 -1.620167071158053673e-03 -2.887172808162939046e-04 9.999986458495863095e-01 1.116119667273541421e-02 9.999994039535522461e-01 1.095663988962769508e-03 3.823654551524668932e-04 1.015044331550598145e+00 -1.096029183827340603e-03 9.999988675117492676e-01 9.230425348505377769e-04 -3.876561066135764122e-03 -3.813550283666700125e-04 -9.234649478457868099e-04 9.999994635581970215e-01 1.067349128425121307e-02 4.834576034545898438e+01
9.000458000000000000e+07 9.999994103170795068e-01 4.063854712381245781e-04 1.007083125042122686e-03 9.484123459698666769e-01 -4.065909365235678653e-04 9.999998965698233544e-01 2.038238620631310067e-04 1.231407549367629847e-03 -1.007000189828645507e-03 -2.042332127152918946e-04 9.999994721196021619e-01 1.120409280526766908e-02 9.999973177909851074e-01 9.963554330170154572e-04 2.065891632810235023e-03 1.013995885848999023e+00 -9.969314560294151306e-04 9.999995231628417969e-01 2.824467374011874199e-04 -7.343363016843795776e-03 -2.065608743578195572e-03 -2.845037961378693581e-04 9.999978542327880859e-01 1.132850255817174911e-02 4.839900970458984375e+01
9.010870000000000000e+07 9.999983908364036278e-01 1.271909475193134078e-03 1.265136672497092123e-03 9.540624249411548963e-01 -1.272018962039450250e-03 9.999991873077984650e-01 8.574063965677352847e-05 2.809655240987876884e-04 -1.265026589995312629e-03 -8.734977956811812775e-05 9.999991960385256062e-01 1.094698282560050209e-02 9.999984502792358398e-01 1.043328084051609039e-03 1.466556452214717865e-03 1.007135987281799316e+00 -1.043846830725669861e-03 9.999994039535522461e-01 3.531230904627591372e-04 -4.593099467456340790e-03 -1.466187881305813789e-03 -3.546539519447833300e-04 9.999988675117492676e-01 1.711669936776161194e-02 4.851107025146484375e+01
9.021251000000000000e+07 9.999997333763024354e-01 3.403709253931219898e-04 6.460611153908655570e-04 9.814009969737017558e-01 -3.403623315178698288e-04 9.999999419868018657e-01 -1.341185504706191934e-05 6.154536019586624588e-04 -6.460656429162436008e-04 1.319195660671692487e-05 9.999997912125597743e-01 1.135421641545298135e-02 9.999995827674865723e-01 7.413035491481423378e-04 -2.534499799367040396e-04 1.005106449127197266e+00 -7.417018641717731953e-04 9.999983906745910645e-01 -1.603923621587455273e-03 -6.140057928860187531e-03 2.522610884625464678e-04 1.604116521775722504e-03 9.999986886978149414e-01 2.276114746928215027e-02 4.832835388183593750e+01
9.031652000000000000e+07 9.999995244242955161e-01 -2.776228365285139861e-04 -9.349207535527411482e-04 9.658415302253078316e-01 2.771060593580011527e-04 9.999998087934369728e-01 -5.528339266086030766e-04 -2.798368877585408828e-04 9.350740541009803543e-04 5.525745915080320205e-04 9.999994101487877929e-01 1.083070800255487263e-02 9.999997615814208984e-01 6.625528912991285324e-04 -1.785644708434119821e-04 9.972105026245117188e-01 -6.625871756114065647e-04 9.999997615814208984e-01 -1.510071451775729656e-04 -3.539571072906255722e-03 1.784653577487915754e-04 1.511239970568567514e-04 1.000000000000000000e+00 2.059142664074897766e-02 4.816387176513671875e+01
9.042032000000000000e+07 9.999993063846331909e-01 9.292320238399341464e-04 -7.237113935182450455e-04 9.736798520008139723e-01 -9.296159072816660924e-04 9.999994273077170703e-01 -5.302815959055175990e-04 -1.214418058706501127e-03 7.232182244431241067e-04 5.309540016776951319e-04 9.999995975215669741e-01 1.092500285867025953e-02 9.999996423721313477e-01 7.786428905092179775e-04 6.459461292251944542e-05 9.941585659980773926e-01 -7.786356145516037941e-04 9.999997615814208984e-01 4.841682311962358654e-06 -2.411159221082925797e-03 -6.459149881266057491e-05 -4.893014647677773610e-06 1.000000000000000000e+00 1.985492557287216187e-02 4.855622482299804688e+01
9.052433000000000000e+07 9.999919608963198092e-01 1.908361402700996592e-03 3.526513822200833675e-03 9.475257188451353674e-01 -1.911253426836399469e-03 9.999978398964272097e-01 8.168922111521446493e-04 1.508247050426011343e-03 -3.524947279023981500e-03 -8.236257055944794670e-04 9.999934481723264934e-01 1.100806463726987199e-02 9.999986290931701660e-01 7.599808741360902786e-04 1.490805298089981079e-03 9.794872403144836426e-01 -7.628562161698937416e-04 9.999977946281433105e-01 1.926835975609719753e-03 -6.740442477166652679e-04 -1.489339279942214489e-03 -1.927966135554015636e-03 9.999969601631164551e-01 2.087081037461757660e-02 4.850159835815429688e+01
9.062822000000000000e+07 9.999991200050625251e-01 1.036047670030439995e-03 8.286098413974714522e-04 8.340342255109952641e-01 -1.036160520432958393e-03 9.999994539681292816e-01 1.357747546540039106e-04 1.156762664527547120e-05 -8.284687198273371243e-04 -1.366332080050491568e-04 9.999996474853999340e-01 9.666770998483164082e-03 9.999994635581970215e-01 8.546273456886410713e-04 7.136082276701927185e-04 9.578214883804321289e-01 -8.553326479159295559e-04 9.999992251396179199e-01 9.753106860443949699e-04 -1.846709405072033405e-03 -7.127771968953311443e-04 -9.759264066815376282e-04 9.999992847442626953e-01 2.144213207066059113e-02 4.862374496459960938e+01
9.073222000000000000e+07 9.999879619080951354e-01 -4.991812500639788725e-04 4.881276081159989684e-03 9.029931995585228632e-01 4.907658224496101469e-04 9.999983916435902787e-01 1.725067834689070732e-03 5.130186161689202946e-03 -4.882129351874591773e-03 -1.722651504613758287e-03 9.999865985521516620e-01 1.086829763998628171e-02 9.999994635581970215e-01 8.558492991141974926e-04 5.663293995894491673e-04 9.400588274002075195e-01 -8.561511058360338211e-04 9.999994635581970215e-01 5.352806183509528637e-04 -8.771812426857650280e-04 -5.658691516146063805e-04 -5.357637419365346432e-04 9.999997019767761230e-01 2.208368293941020966e-02 4.866934585571289062e+01
9.083620000000000000e+07 9.999998332371322629e-01 5.733438955933682678e-04 -6.929989811396648552e-05 8.585255420806295890e-01 -5.733563173456898915e-04 9.999998195463188910e-01 -1.793595631076872984e-04 -2.531951106985609991e-04 6.919705089506321036e-05 1.793992667326503522e-04 9.999999815138349568e-01 9.647689105671479470e-03 9.999992251396179199e-01 6.349426694214344025e-04 1.021560165099799633e-03 9.246850609779357910e-01 -6.357043166644871235e-04 9.999995827674865723e-01 7.483569206669926643e-04 1.720525557175278664e-03 -1.021080533973872662e-03 -7.490047137252986431e-04 9.999992251396179199e-01 1.993425935506820679e-02 4.890431976318359375e+01
9.094010000000000000e+07 9.999923539515132020e-01 5.906244457752939450e-04 3.865643640308148287e-03 8.736013971903068276e-01 -5.963761997432284918e-04 9.999987166824683138e-01 1.486932667340278361e-03 3.900370502205244630e-03 -3.864760460647209250e-03 -1.489226676123039678e-03 9.999914228781683345e-01 1.083575666132732644e-02 9.999983310699462891e-01 4.866646122536621988e-05 1.813789363950490952e-03 9.052957892417907715e-01 -5.181037704460322857e-05 9.999985098838806152e-01 1.736267004162073135e-03 4.089363384991884232e-03 -1.813703216612339020e-03 -1.736364327371120453e-03 9.999967813491821289e-01 2.268897555768489838e-02 4.878902435302734375e+01
9.104407000000000000e+07 9.999991141119161098e-01 -4.110573343523980815e-04 1.266020252097124505e-03 8.369718530363414732e-01 4.104935542191816169e-04 9.999998164925558708e-01 4.455445008779934071e-04 1.920914054568471398e-03 -1.266203164104982674e-03 -4.450244130305856176e-04 9.999990993410180495e-01 9.478885412727303117e-03 9.999996423721313477e-01 -7.331063388846814632e-04 3.757676458917558193e-04 8.841150999069213867e-01 7.333477842621505260e-04 9.999994039535522461e-01 -6.661230581812560558e-04 4.855979233980178833e-03 -3.752852207981050014e-04 6.664005341008305550e-04 9.999997615814208984e-01 2.243531495332717896e-02 4.902511978149414062e+01
9.114811000000000000e+07 9.999978830619171699e-01 -2.017715123795202608e-03 -4.033575761068912175e-04 7.988654445747187527e-01 2.017645219615612790e-03 9.999979494767611277e-01 -1.736375898390908775e-04 1.943566897432302603e-03 4.037071002063014297e-04 1.728233897682087382e-04 9.999999035763212918e-01 8.571828969188458741e-03 9.999965429306030273e-01 -2.290291711688041687e-03 -1.263625919818878174e-03 8.586768507957458496e-01 2.290260279551148415e-03 9.999974370002746582e-01 -3.193240263499319553e-05 1.080334000289440155e-02 1.263702404685318470e-03 2.904225584643427283e-05 9.999992251396179199e-01 1.980642415583133698e-02 4.897340774536132812e+01
9.125194000000000000e+07 9.999867417051244711e-01 -4.495464584835252506e-03 -2.511416497046239926e-03 8.015279878185155304e-01 4.492661257193540994e-03 9.999892798862001220e-01 -1.120762268383606979e-03 2.548114608710235190e-03 2.516427921331373940e-03 1.109464465682536045e-03 9.999962183325055154e-01 7.828274748241763337e-03 9.999948143959045410e-01 -3.094394924119114876e-03 -9.617963223718106747e-04 8.419125676155090332e-01 3.094271058216691017e-03 9.999951720237731934e-01 -1.200834885821677744e-04 7.473562844097614288e-03 9.621620411053299904e-04 1.171123876702040434e-04 9.999994635581970215e-01 1.672585494816303253e-02 4.927977752685546875e+01
9.135593000000000000e+07 9.999875773327772110e-01 -4.468436657325990623e-03 2.208677349095142586e-03 8.086022540628895472e-01 4.466592674533921038e-03 9.999896726696484439e-01 8.391098363321837289e-04 5.819601233244301244e-03 -2.212404048256224817e-03 -8.292341509458213628e-04 9.999972088158173289e-01 9.153712885400070581e-03 9.999920129776000977e-01 -4.000264219939708710e-03 -1.327370118815451860e-04 8.175176382064819336e-01 4.000549670308828354e-03 9.999898076057434082e-01 2.119438024237751961e-03 1.362621039152145386e-02 1.242553262272849679e-04 -2.119966084137558937e-03 9.999977350234985352e-01 2.538529410958290100e-02 4.911936187744140625e+01
9.145982000000000000e+07 9.999904766881611007e-01 -4.325161263065853932e-03 -5.826786476062537730e-04 7.979282464954630116e-01 4.324999512591169541e-03 9.999906083448005800e-01 -2.785727309770365929e-04 3.792375952283507431e-03 5.838780471877710746e-04 2.760499933570948763e-04 9.999997914414069378e-01 8.372401610091942045e-03 9.999904632568359375e-01 -4.352618940174579620e-03 -5.014901980757713318e-04 7.993400096893310547e-01 4.353847354650497437e-03 9.999874830245971680e-01 2.477288711816072464e-03 1.532764267176389694e-02 4.907050752080976963e-04 -2.479444257915019989e-03 9.999968409538269043e-01 2.757797949016094208e-02 4.894262313842773438e+01
9.156382000000000000e+07 9.999852858518782917e-01 -5.421774368383563969e-03 1.801156094192531859e-04 7.714412019663651199e-01 5.421745012650521639e-03 9.999852889354745589e-01 1.630731448244952396e-04 5.655064643260781024e-03 -1.809971055477288299e-04 -1.620942044083134061e-04 9.999999704827571279e-01 8.337580686107343500e-03 9.999860525131225586e-01 -5.140329711139202118e-03 -1.150106312707066536e-03 7.845205664634704590e-01 5.140679422765970230e-03 9.999867081642150879e-01 3.044382610823959112e-04 1.135215163230895996e-02 1.148527371697127819e-03 -3.103447379544377327e-04 9.999992847442626953e-01 2.438266761600971222e-02 4.885680007934570312e+01
9.166769000000000000e+07 9.999774769425399112e-01 -6.501516270829461007e-03 -1.666100171225041527e-03 7.809346229649155591e-01 6.500498711716225404e-03 9.999786821506864154e-01 -6.154322541372618657e-04 5.431211021454237717e-03 1.670065896721451308e-03 6.045879097340262466e-04 9.999984226752948180e-01 8.146770185076396276e-03 9.999747872352600098e-01 -6.980154663324356079e-03 -1.321424613706767559e-03 7.606204152107238770e-01 6.979160476475954056e-03 9.999753236770629883e-01 -7.525362307205796242e-04 9.878458455204963684e-03 1.326640136539936066e-03 7.432930287905037403e-04 9.999988675117492676e-01 2.307256124913692474e-02 4.912508773803710938e+01
9.177170000000000000e+07 9.999696264298492121e-01 -7.400984627139148113e-03 -2.443694502907537390e-03 7.324622952149377753e-01 7.398985447705882200e-03 9.999722858798236746e-01 -8.261266735870287630e-04 6.147408370113240442e-03 2.449740929022312802e-03 8.080207206658646633e-04 9.999966729303324531e-01 7.310937049416790963e-03 9.999568462371826172e-01 -9.087081067264080048e-03 -1.931261154823005199e-03 7.397371530532836914e-01 9.083165787160396576e-03 9.999566674232482910e-01 -2.063635038211941719e-03 1.042743679136037827e-02 1.949930796399712563e-03 2.046007430180907249e-03 9.999960064888000488e-01 2.260531112551689148e-02 4.872409439086914062e+01
9.187557000000000000e+07 9.999490347457450357e-01 -9.894135383289733368e-03 -2.008481236958062008e-03 6.984299440438981321e-01 9.892550072039067374e-03 9.999507493397874480e-01 -7.977146430662431995e-04 8.642954452802914522e-03 2.016275014544969060e-03 7.778049862893496660e-04 9.999976648245265665e-01 6.987743047438259303e-03 9.999374747276306152e-01 -1.101786457002162933e-02 -1.906964345835149288e-03 7.165031433105468750e-01 1.101445592939853668e-02 9.999377131462097168e-01 -1.772047253325581551e-03 1.228467002511024475e-02 1.926371012814342976e-03 1.750927302055060863e-03 9.999966025352478027e-01 2.279206551611423492e-02 4.855235290527343750e+01
9.197954000000000000e+07 9.999023971589342530e-01 -1.395466485237475268e-02 -6.807941412142696352e-04 6.669872356822451609e-01 1.395434919528357881e-02 9.999025246323806071e-01 -4.662277561805431431e-04 1.155789392147734372e-02 6.872338327698120780e-04 4.566822116541576632e-04 9.999996595754433448e-01 6.688762779676690404e-03 9.999273419380187988e-01 -1.205264776945114136e-02 -3.377417742740362883e-04 6.972413659095764160e-01 1.205272972583770752e-02 9.999273419380187988e-01 4.749041981995105743e-04 1.823658309876918793e-02 3.319940296933054924e-04 -4.789397353306412697e-04 9.999998807907104492e-01 2.465035393834114075e-02 4.930972671508789062e+01
9.208370000000000000e+07 9.999182761717803070e-01 -1.278408645293951755e-02 -9.003866526124204388e-05 6.444709357424877050e-01 1.278408282428975147e-02 9.999182794411499708e-01 -4.076192175572070602e-05 1.096273314694898304e-02 9.055241119629521736e-05 3.960752875126848620e-05 9.999999951157521050e-01 6.616928325833745621e-03 9.999194741249084473e-01 -1.268222089856863022e-02 -2.249076496809720993e-04 6.700134873390197754e-01 1.268228609114885330e-02 9.999195933341979980e-01 1.785202184692025185e-04 2.092024683952331543e-02 2.226272772531956434e-04 -1.813483831938356161e-04 9.999999403953552246e-01 2.482405304908752441e-02 4.923427200317382812e+01
9.218728000000000000e+07 9.999182523540175449e-01 -1.275410948272857371e-02 9.062604408597098359e-04 6.591708257125187265e-01 1.275366476030194950e-02 9.999185462810094016e-01 4.948189819941317940e-04 1.143477769708438688e-02 -9.124975977647307957e-04 -4.832203903836634635e-04 9.999994669229762545e-01 7.336533198205940492e-03 9.999011754989624023e-01 -1.404581591486930847e-02 6.688540452159941196e-04 6.525151133537292480e-01 1.404602546244859695e-02 9.999012947082519531e-01 -2.621213207021355629e-04 1.796150952577590942e-02 -6.651096045970916748e-04 2.714795700740069151e-04 9.999997615814208984e-01 2.224436961114406586e-02 4.877625656127929688e+01
9.229178000000000000e+07 9.999002335909552563e-01 -1.381347854941132602e-02 2.951385153355948112e-03 6.365198730368849533e-01 1.380652604334214884e-02 9.999018927352071318e-01 2.363205954507555193e-03 1.438922127758537894e-02 -2.983739695920489213e-03 -2.322221809788674231e-03 9.999928522660730401e-01 8.180285229113647139e-03 9.998791217803955078e-01 -1.539900805801153183e-02 2.134329406544566154e-03 6.223756074905395508e-01 1.540133636444807053e-02 9.998807311058044434e-01 -1.073908992111682892e-03 1.919070445001125336e-02 -2.117537660524249077e-03 1.106660929508507252e-03 9.999971389770507812e-01 2.713138051331043243e-02 4.854163360595703125e+01
9.239482000000000000e+07 9.998523153565015420e-01 -1.715616415665768835e-02 1.006728041654724078e-03 5.973447994775606951e-01 1.715487326039041860e-02 9.998520285998681034e-01 1.277192942883934468e-03 1.619821816554625760e-02 -1.028490806950564489e-03 -1.259734028763475743e-03 9.999986776375158204e-01 7.346647368703522994e-03 9.998535513877868652e-01 -1.710915006697177887e-02 3.960712638217955828e-04 6.052492856979370117e-01 1.710857264697551727e-02 9.998528361320495605e-01 1.298241899348795414e-03 2.214325405657291412e-02 -4.182233824394643307e-04 -1.291287015192210674e-03 9.999989867210388184e-01 2.438762597739696503e-02 4.890323257446289062e+01
9.249871000000000000e+07 9.998232320639099946e-01 -1.870226419358315961e-02 1.931306449429719824e-03 6.027730247568798827e-01 1.869806930586011273e-02 9.998228258840473615e-01 2.167729405306020700e-03 1.839886929346309929e-02 -1.971505719353481428e-03 -2.131234518956967756e-03 9.999957854934938828e-01 8.120131418732556491e-03 9.998082518577575684e-01 -1.955641433596611023e-02 -1.073205261491239071e-03 6.128587126731872559e-01 1.955981366336345673e-02 9.998031854629516602e-01 3.291752655059099197e-03 2.997124195098876953e-02 1.008618623018264771e-03 -3.312112996354699135e-03 9.999939799308776855e-01 2.622386626899242401e-02 4.845439910888671875e+01
9.260714000000000000e+07 9.998302037764508210e-01 -1.839344863596668184e-02 1.115655882687532994e-03 5.504762620624130687e-01 1.839131876040791397e-02 9.998290786631623961e-01 1.890205919598521517e-03 1.748020756273736820e-02 -1.150232596298561474e-03 -1.869366588305477811e-03 9.999975912140386392e-01 7.714189657162407593e-03 9.998121857643127441e-01 -1.937178336083889008e-02 -5.247714580036699772e-04 5.505172014236450195e-01 1.937339454889297485e-02 9.998074173927307129e-01 3.137623192742466927e-03 2.603364922106266022e-02 4.638888931367546320e-04 -3.147187409922480583e-03 9.999949932098388672e-01 2.008230425417423248e-02 4.901241683959960938e+01
9.270633000000000000e+07 9.998069269277044535e-01 -1.958704203225868079e-02 1.567368859806406601e-03 5.654841368322998107e-01 1.958339613796424017e-02 9.998055615466951984e-01 2.308611983486627550e-03 1.826102722685293833e-02 -1.612282983761356269e-03 -2.277471846864956295e-03 9.999961068251379537e-01 8.468530196240414698e-03 9.997482895851135254e-01 -2.243913896381855011e-02 7.755359547445550561e-05 5.792322158813476562e-01 2.243924327194690704e-02 9.997481107711791992e-01 -5.086418823339045048e-04 2.448637969791889191e-02 -6.612154538743197918e-05 5.102416034787893295e-04 9.999998807907104492e-01 1.917654275894165039e-02 4.882681655883789062e+01
9.281267000000000000e+07 9.997051750723405794e-01 -2.425513700338791448e-02 1.118605047343815230e-03 5.554115486346625774e-01 2.425275701707596890e-02 9.997036650110066036e-01 2.094267277899761713e-03 2.196460886312728150e-02 -1.169070304016431522e-03 -2.066520579982610191e-03 9.999971813797564613e-01 8.123627279817181163e-03 9.997515678405761719e-01 -2.226292900741100311e-02 1.018615439534187317e-03 5.391004681587219238e-01 2.226208336651325226e-02 9.997518658638000488e-01 7.599637610837817192e-04 2.531018108129501343e-02 -1.035277615301311016e-03 -7.370911771431565285e-04 9.999992251396179199e-01 1.409209985285997391e-02 4.830451202392578125e+01
9.291389000000000000e+07 9.996798035147835826e-01 -2.528688927440080753e-02 9.293420360884339926e-04 5.482555240356499215e-01 2.528515421882405328e-02 9.996785978517188642e-01 1.833568790159345770e-03 2.280685324201956604e-02 -9.754085944524183704e-04 -1.809483131216138400e-03 9.999978871722076113e-01 7.754518321840016618e-03 9.997137784957885742e-01 -2.392393909394741058e-02 3.785383014474064112e-04 5.394650697708129883e-01 2.392304502427577972e-02 9.997114539146423340e-01 2.180533716455101967e-03 3.477938100695610046e-02 -4.305991169530898333e-04 -2.170865191146731377e-03 9.999974966049194336e-01 1.102990284562110901e-02 4.891420745849609375e+01
9.301761000000000000e+07 9.996810125920286838e-01 -2.523880837669615143e-02 9.357327858817521358e-04 5.389037974158092936e-01 2.523708652162339958e-02 9.996798583325561260e-01 1.808394088216250120e-03 2.263411527238962800e-02 -9.810749320294303785e-04 -1.784202063280097448e-03 9.999979270552777910e-01 7.768739670157109693e-03 9.996378421783447266e-01 -2.690552547574043274e-02 -4.577607905957847834e-04 5.284971594810485840e-01 2.690614573657512665e-02 9.996370077133178711e-01 1.319543807767331600e-03 3.258249536156654358e-02 4.220906412228941917e-04 -1.331373467110097408e-03 9.999990463256835938e-01 1.015366706997156143e-02 4.861455917358398438e+01
9.312132000000000000e+07 9.995523957290517458e-01 -2.989791419271303069e-02 1.059690010041543402e-03 5.422995226242053324e-01 2.989604343570349126e-02 9.995515001081388684e-01 1.739322335332902465e-03 2.693922137223241434e-02 -1.111216847758952388e-03 -1.706863269517041584e-03 9.999979259053521918e-01 7.894674572020768388e-03 9.995439648628234863e-01 -3.012814559042453766e-02 -2.044287277385592461e-03 5.201393365859985352e-01 3.013070859014987946e-02 9.995452165603637695e-01 1.256401534192264080e-03 3.702307119965553284e-02 2.005506772547960281e-03 -1.317427493631839752e-03 9.999971389770507812e-01 9.644766338169574738e-03 4.888806533813476562e+01
9.322506000000000000e+07 9.994609463938711746e-01 -3.281544362160115219e-02 9.814673376156981752e-04 5.314744448483915695e-01 3.281384576303109785e-02 9.994601967198771808e-01 1.602087273900693444e-03 2.960716424439283415e-02 -1.033510743677260469e-03 -1.569017944672615331e-03 9.999982350175334878e-01 7.739186733755019747e-03 9.993966817855834961e-01 -3.457944840192794800e-02 -3.251036163419485092e-03 5.100972056388854980e-01 3.457717224955558777e-02 9.994016885757446289e-01 -7.617919472977519035e-04 3.387347608804702759e-02 3.275425639003515244e-03 6.489255465567111969e-04 9.999943971633911133e-01 8.419197052717208862e-03 4.934652709960937500e+01
9.332869000000000000e+07 9.993097724512054469e-01 -3.714221112994065682e-02 6.594038396195290967e-04 4.751197175199125544e-01 3.714125401734564430e-02 9.993090325335048929e-01 1.408802495041426052e-03 3.387034890396686815e-02 -7.112742535747924779e-04 -1.383339014826642874e-03 9.999987902303016929e-01 6.291695496719807573e-03 9.992592930793762207e-01 -3.841230273246765137e-02 -2.302228007465600967e-03 5.063743591308593750e-01 3.841058164834976196e-02 9.992617368698120117e-01 -7.930548163130879402e-04 3.400764241814613342e-02 2.331000519916415215e-03 7.040390046313405037e-04 9.999970197677612305e-01 5.703569855540990829e-03 4.967286300659179688e+01
9.343244000000000000e+07 9.992010755756520757e-01 -3.995915910580408181e-02 6.900533077315361506e-04 4.949805354146130099e-01 3.995801811103710799e-02 9.992000866134969073e-01 1.594898670948101957e-03 3.595678487101407195e-02 -7.532321345420282897e-04 -1.566051304905594641e-03 9.999984900611924576e-01 6.319936825671120841e-03 9.990763664245605469e-01 -4.296493902802467346e-02 6.222355295903980732e-04 5.076210498809814453e-01 4.296690225601196289e-02 9.990697503089904785e-01 -3.673177212476730347e-03 3.650707006454467773e-02 -4.638480022549629211e-04 3.696510102599859238e-03 9.999930262565612793e-01 -1.108704134821891785e-03 4.917292785644531250e+01
9.353624000000000000e+07 9.987799381505036989e-01 -4.936102742716830943e-02 1.457393340549559442e-03 4.753852893487425235e-01 4.935781633041979449e-02 9.987788186241041144e-01 2.162709124306163959e-03 4.590859605889079098e-02 -1.562367148683688027e-03 -2.088136728796594239e-03 9.999965993409921650e-01 6.653723709589299054e-03 9.987777471542358398e-01 -4.934596642851829529e-02 2.844583010300993919e-03 4.994428753852844238e-01 4.935568943619728088e-02 9.987754225730895996e-01 -3.415593178942799568e-03 3.182211890816688538e-02 -2.672546310350298882e-03 3.551818896085023880e-03 9.999901056289672852e-01 9.079605806618928909e-04 4.875523376464843750e+01
9.363969000000000000e+07 9.986280738007853319e-01 -5.233181339775336283e-02 1.830711834402100856e-03 4.781089573102356716e-01 5.232754734810898811e-02 9.986273144021896586e-01 2.305363480367895145e-03 4.868825139103265254e-02 -1.948842694860273596e-03 -2.206404030979735621e-03 9.999956668872855836e-01 6.900578235501132578e-03 9.986602663993835449e-01 -5.168642476201057434e-02 2.468550810590386391e-03 4.924291372299194336e-01 5.168107151985168457e-02 9.986612796783447266e-01 2.164198551326990128e-03 4.325058683753013611e-02 -2.577111590653657913e-03 -2.033727243542671204e-03 9.999946951866149902e-01 3.429161617532372475e-03 4.893878555297851562e+01
9.374329000000000000e+07 9.985855708620479110e-01 -5.313404593973923562e-02 1.905462532288924871e-03 4.666951416142967601e-01 5.312948219211878487e-02 9.985848175765041912e-01 2.370693347095218124e-03 4.938415310955569099e-02 -2.028730486192988069e-03 -2.266103930165077988e-03 9.999953745020317974e-01 7.100502025688150247e-03 9.986841678619384766e-01 -5.128383263945579529e-02 -2.836077692336402833e-05 4.898012876510620117e-01 5.128309503197669983e-02 9.986687302589416504e-01 5.547858774662017822e-03 6.004836037755012512e-02 -2.561955188866704702e-04 -5.542010534554719925e-03 9.999845623970031738e-01 6.399504840373992920e-03 4.854076766967773438e+01
9.384721000000000000e+07 9.986421604178231659e-01 -5.204115704830691164e-02 2.356573268623679118e-03 4.346032154903092803e-01 5.203425031729070477e-02 9.986410813001599385e-01 2.903026362546837994e-03 4.940525002700513202e-02 -2.504447726439596334e-03 -2.776461996420111818e-03 9.999930094758235910e-01 8.312031466440820970e-03 9.986567497253417969e-01 -5.177665874361991882e-02 -1.945398515090346336e-03 4.799842238426208496e-01 5.178180336952209473e-02 9.986550211906433105e-01 2.628669142723083496e-03 4.761088639497756958e-02 1.806685235351324081e-03 -2.725870814174413681e-03 9.999946355819702148e-01 1.380447996780276299e-03 4.875161743164062500e+01
9.395065000000000000e+07 9.986898577218051853e-01 -5.116229975678212444e-02 9.935378309029721435e-04 4.506736140380359079e-01 5.116057565529862766e-02 9.986890112531423558e-01 1.689452879216627812e-03 4.598588011863454644e-02 -1.078671610235762109e-03 -1.636409487200598352e-03 9.999980793138927293e-01 6.776910726836700774e-03 9.985963702201843262e-01 -5.290510877966880798e-02 -2.535036997869610786e-03 4.767711162567138672e-01 5.289984494447708130e-02 9.985975623130798340e-01 -2.109391149133443832e-03 3.869760036468505859e-02 2.643081126734614372e-03 1.972325611859560013e-03 9.999945759773254395e-01 2.232142491266131401e-03 4.832009506225585938e+01
9.405440000000000000e+07 9.985464389044629296e-01 -5.384298911109756947e-02 2.437632737538838936e-03 4.464873976965083036e-01 5.383610975852433367e-02 9.985458456112008552e-01 2.804938023922919077e-03 5.070759418940429947e-02 -2.585114281615838189e-03 -2.669628219838023064e-03 9.999930951112447897e-01 8.125194628881993869e-03 9.986339211463928223e-01 -5.223653838038444519e-02 -1.288772560656070709e-03 4.799963533878326416e-01 5.222940817475318909e-02 9.986227154731750488e-01 -4.975776188075542450e-03 3.832969442009925842e-02 1.546916551887989044e-03 4.901668988168239594e-03 9.999868273735046387e-01 5.642025265842676163e-03 4.897625732421875000e+01
9.415811000000000000e+07 9.986274836633619589e-01 -5.234221183317831066e-02 1.855224978271685383e-03 4.593745026082694527e-01 5.233769296042434932e-02 9.986265455397289603e-01 2.405943927509441010e-03 4.874970475809771442e-02 -1.978609332248765056e-03 -2.305543539528331475e-03 9.999953847766124282e-01 7.360394820717867069e-03 9.986885190010070801e-01 -5.115728452801704407e-02 2.075698459520936012e-03 4.703272283077239990e-01 5.114774778485298157e-02 9.986811876296997070e-01 4.467115737497806549e-03 4.723675549030303955e-02 -2.301496453583240509e-03 -4.355098586529493332e-03 9.999879002571105957e-01 8.423353545367717743e-03 5.105868911743164062e+01
9.426183000000000000e+07 9.986636633742667080e-01 -5.166786835601368255e-02 1.148426614942305544e-03 4.748992193914567395e-01 5.166581479648722774e-02 9.986628945859902240e-01 1.751172986663966516e-03 4.679161730562587246e-02 -1.237370421235555774e-03 -1.689498434382459688e-03 9.999978072523759698e-01 6.245503506101428466e-03 9.987095594406127930e-01 -5.071968212723731995e-02 2.576669212430715561e-03 4.707023799419403076e-01 5.069307237863540649e-02 9.986692667007446289e-01 9.478209540247917175e-03 6.268301606178283691e-02 -3.053964581340551376e-03 -9.335353970527648926e-03 9.999517202377319336e-01 8.629550226032733917e-03 4.962230300903320312e+01
9.436572000000000000e+07 9.987570642007902455e-01 -4.981836403196149288e-02 1.567595206048059226e-03 4.513253141302779325e-01 4.981471750166481527e-02 9.987558621939313097e-01 2.285102636193532977e-03 4.631856885910631827e-02 -1.679484974743505063e-03 -2.204173089295461459e-03 9.999961604682976457e-01 7.163676681175346062e-03 9.986599087715148926e-01 -5.169144272804260254e-02 2.537453779950737953e-03 4.646364450454711914e-01 5.167571082711219788e-02 9.986461997032165527e-01 5.950190592557191849e-03 5.284593254327774048e-02 -2.841596724465489388e-03 -5.811090581119060516e-03 9.999790787696838379e-01 7.131147431209683418e-04 4.957692718505859375e+01
9.446945000000000000e+07 9.986481068013454143e-01 -5.195744378675776903e-02 1.543632913075079598e-03 4.691524028301694016e-01 5.195408763644850797e-02 9.986471813108590556e-01 2.140098844989670249e-03 4.792270888458811939e-02 -1.652738723649494444e-03 -2.057007619821622432e-03 9.999965185811026114e-01 6.722199028205986041e-03 9.986345171928405762e-01 -5.192576721310615540e-02 5.723233800381422043e-03 4.698035120964050293e-01 5.192476138472557068e-02 9.986509680747985840e-01 3.360246773809194565e-04 4.153118655085563660e-02 -5.732961930334568024e-03 -3.838945485767908394e-05 9.999836683273315430e-01 5.083039868623018265e-04 4.922249603271484375e+01
9.457325000000000000e+07 9.986835499145796380e-01 -5.126797505046819248e-02 1.661903490424982690e-03 4.653392458177476598e-01 5.126418701723195470e-02 9.986825992994426970e-01 2.247008007865494705e-03 4.756478192541822164e-02 -1.774913645556601806e-03 -2.158853804618407132e-03 9.999960945083615771e-01 7.005896024441793379e-03 9.986636042594909668e-01 -5.127051845192909241e-02 6.511445157229900360e-03 4.809879064559936523e-01 5.128665268421173096e-02 9.986811876296997070e-01 -2.342642284929752350e-03 3.932521864771842957e-02 -6.382750347256660461e-03 2.673462033271789551e-03 9.999760389328002930e-01 2.510471502318978310e-03 4.906054306030273438e+01
9.467709000000000000e+07 9.986640568352090908e-01 -5.164579164819112916e-02 1.677412324504204411e-03 4.856778062652021832e-01 5.164211068428773560e-02 9.986633021045120406e-01 2.168260909613235407e-03 4.787864906393685116e-02 -1.787151685375673593e-03 -2.078739120720611913e-03 9.999962424590909116e-01 6.582598310846577913e-03 9.986969828605651855e-01 -5.061943456530570984e-02 6.476325914263725281e-03 4.747607111930847168e-01 5.060087144374847412e-02 9.987145662307739258e-01 2.990596229210495949e-03 4.110548272728919983e-02 -6.619385443627834320e-03 -2.658993005752563477e-03 9.999745488166809082e-01 6.926626898348331451e-03 4.907740783691406250e+01
9.478082000000000000e+07 9.985802435552129097e-01 -5.323603480920028469e-02 1.849833768965907822e-03 4.877909072924685452e-01 5.323200597053042576e-02 9.985798292456141700e-01 2.162930917065645185e-03 4.913784715944729403e-02 -1.962352550538468653e-03 -2.061389723511838391e-03 9.999959499143871167e-01 6.548081442536834301e-03 9.987016916275024414e-01 -5.060470476746559143e-02 5.853896029293537140e-03 4.824273288249969482e-01 5.053057894110679626e-02 9.986481070518493652e-01 1.218871772289276123e-02 6.686171889305114746e-02 -6.462792400270700455e-03 -1.187709532678127289e-02 9.999085664749145508e-01 6.513005588203668594e-03 4.883552169799804688e+01
9.488479000000000000e+07 9.985702684831736509e-01 -5.343035648451741754e-02 1.617339108152633523e-03 4.548710135530668608e-01 5.342692225355657326e-02 9.985695602493742662e-01 2.096950222188859094e-03 4.879853563292323171e-02 -1.727066404569717545e-03 -2.007542691776313930e-03 9.999964935006905309e-01 7.079943636757759368e-03 9.987649321556091309e-01 -4.965020343661308289e-02 1.833777641877532005e-03 4.718671441078186035e-01 4.964127764105796814e-02 9.987564682960510254e-01 4.619333427399396896e-03 5.350961536169052124e-02 -2.060848055407404900e-03 -4.522597882896661758e-03 9.999876618385314941e-01 3.070538397878408432e-03 4.904553604125976562e+01
9.498857000000000000e+07 9.987650525996059070e-01 -4.967896988929502988e-02 6.079536485043201752e-04 4.838944692876836484e-01 4.967804945130112337e-02 9.987642373757602554e-01 1.445507900964820933e-03 4.453940362947217402e-02 -6.790137069991744947e-04 -1.413520822693700631e-03 9.999987704488545459e-01 5.684343359652779468e-03 9.987821578979492188e-01 -4.923234507441520691e-02 -3.208802314475178719e-03 4.736129641532897949e-01 4.923493787646293640e-02 9.987868666648864746e-01 7.365024066530168056e-04 3.648610785603523254e-02 3.168651834130287170e-03 -8.935873047448694706e-04 9.999945759773254395e-01 -6.056147161871194839e-03 4.916812896728515625e+01
9.509244000000000000e+07 9.988885783675498509e-01 -4.713327865220617863e-02 2.493561631992371672e-04 4.706120707456977748e-01 4.713293487239733626e-02 9.988878554472416793e-01 1.240491255741598938e-03 4.179709850999718812e-02 -3.075472597684038648e-04 -1.227359659882041069e-03 9.999991995011998647e-01 5.742057755370247318e-03 9.989770054817199707e-01 -4.516167193651199341e-02 -2.327847061678767204e-03 4.849037528038024902e-01 4.515866190195083618e-02 9.989789128303527832e-01 -1.329568796791136265e-03 3.456884250044822693e-02 2.385515253990888596e-03 1.223081024363636971e-03 9.999964237213134766e-01 -2.213241532444953918e-03 4.913407897949218750e+01
9.519646000000000000e+07 9.990799359736154406e-01 -4.288222774124637177e-02 6.293233014155914795e-04 5.186926223266717928e-01 4.288116399851962107e-02 9.990788724641234131e-01 1.616273128350815321e-03 3.839642052492604068e-02 -6.980530079367837371e-04 -1.587799937411498667e-03 9.999984958055216921e-01 6.159902709064758383e-03 9.991924166679382324e-01 -4.017477110028266907e-02 -7.444034563377499580e-04 4.845968186855316162e-01 4.017520323395729065e-02 9.991925358772277832e-01 5.980532150715589523e-04 3.218948096036911011e-02 7.197756785899400711e-04 -6.274789338931441307e-04 9.999995827674865723e-01 -9.565231390297412872e-03 4.883881759643554688e+01
9.530044000000000000e+07 9.993194337053162846e-01 -3.688536550232552474e-02 3.731669462005303330e-04 5.116885347716239041e-01 3.688482252339581741e-02 9.993185841981406803e-01 1.370097293539173679e-03 3.308261988323452085e-02 -4.234492029457560163e-04 -1.355400655166066459e-03 9.999989917894269720e-01 6.575772562266823940e-03 9.992969632148742676e-01 -3.747889399528503418e-02 -9.886078769341111183e-04 4.954902231693267822e-01 3.748386353254318237e-02 9.992817044258117676e-01 5.565780680626630783e-03 3.928800299763679504e-02 7.792981923557817936e-04 -5.598920863121747971e-03 9.999839663505554199e-01 -5.403174087405204773e-03 4.866204833984375000e+01
9.540457000000000000e+07 9.994692689743529534e-01 -3.257539080023968969e-02 1.558490941614982378e-04 4.934910115978706213e-01 3.257520988189577249e-02 9.994687365731828033e-01 1.048957964409264355e-03 2.936876402694084398e-02 -1.899365128980618639e-04 -1.043324432914666776e-03 9.999994376989657097e-01 6.353032643670352905e-03 9.994088411331176758e-01 -3.429811820387840271e-02 -2.343884436413645744e-03 4.952335059642791748e-01 3.431014716625213623e-02 9.993972182273864746e-01 5.294606555253267288e-03 3.441018238663673401e-02 2.160877222195267677e-03 -5.371890962123870850e-03 9.999832510948181152e-01 -8.657773025333881378e-03 4.887337493896484375e+01
9.550857000000000000e+07 9.996377836918481918e-01 -2.691249577664574927e-02 -1.378338042273859329e-04 4.892719161057069166e-01 2.691257662970517744e-02 9.996375969815498586e-01 6.228415083496330676e-04 2.417584861946349417e-02 1.210216336431062115e-04 -6.263253677613522460e-04 9.999997965351314910e-01 5.652914459006526567e-03 9.995902776718139648e-01 -2.862382866442203522e-02 -1.831133849918842316e-04 5.071898102760314941e-01 2.862420864403247833e-02 9.995879530906677246e-01 2.153828041628003120e-03 2.506033144891262054e-02 1.213874056702479720e-04 -2.158190356567502022e-03 9.999977350234985352e-01 -1.534832874312996864e-03 4.913590240478515625e+01
9.561282000000000000e+07 9.997851901182052137e-01 -2.071654822378167157e-02 -6.310714797799054504e-04 5.110722696389745634e-01 2.071661226903312100e-02 9.997853834347448787e-01 9.511861110474172706e-05 1.790905343236191827e-02 6.289655120985180974e-04 -1.081718418108133361e-04 9.999997963505984355e-01 5.383656037622162882e-03 9.997438788414001465e-01 -2.262353897094726562e-02 5.734777660109102726e-04 5.166486501693725586e-01 2.262292616069316864e-02 9.997436404228210449e-01 9.078578441403806210e-04 1.904721744358539581e-02 -5.938723334111273289e-04 -8.946523885242640972e-04 9.999993443489074707e-01 6.000404828228056431e-04 5.011417770385742188e+01
9.571708000000000000e+07 9.998697727518182088e-01 -1.609816036301095835e-02 -1.134363399474457848e-03 5.190924901389994961e-01 1.609754827362632271e-02 9.998702766372697948e-01 -5.466690188609141937e-04 1.356385417144515340e-02 1.143016611233023784e-03 5.283373587916891014e-04 9.999992071860475118e-01 4.995758405450785242e-03 9.997826218605041504e-01 -2.084139734506607056e-02 4.986491403542459011e-04 5.225940942764282227e-01 2.084114030003547668e-02 9.997826218605041504e-01 6.459514261223375797e-04 1.606696471571922302e-02 -5.120027926750481129e-04 -6.354165379889309406e-04 9.999996423721313477e-01 2.827043412253260612e-03 4.991312026977539062e+01
9.582121000000000000e+07 9.998897013867901196e-01 -1.480524704247257982e-02 -1.178867002982209857e-03 5.246658296476464090e-01 1.480460130852120394e-02 9.998902520729302523e-01 -5.546137013816707572e-04 1.243997634871957247e-02 1.186948817386639663e-03 5.370998728216124863e-04 9.999991513377817220e-01 5.093637735702630578e-03 9.998181462287902832e-01 -1.906233467161655426e-02 -6.008855416439473629e-04 5.306512117385864258e-01 1.906082779169082642e-02 9.998154640197753906e-01 -2.377803670242428780e-03 1.138226781040430069e-02 6.461016018874943256e-04 2.365909516811370850e-03 9.999970793724060059e-01 -1.577020011609420180e-04 4.936479949951171875e+01
9.592544000000000000e+07 9.999011916179881831e-01 -1.402029133545973708e-02 -1.019037132296722386e-03 5.334256346260943804e-01 1.401992499502568990e-02 9.999016491289178798e-01 -3.657557416710879319e-04 1.184227351413582457e-02 1.024064911038763187e-03 3.514327781298509103e-04 9.999994138928729459e-01 5.418788367324272465e-03 9.998825192451477051e-01 -1.516072172671556473e-02 -2.245734212920069695e-03 5.411020517349243164e-01 1.515855174511671066e-02 9.998846650123596191e-01 -9.812287753447890282e-04 1.246685069054365158e-02 2.260351087898015976e-03 9.470747318118810654e-04 9.999969601631164551e-01 3.529437584802508354e-03 4.980400085449218750e+01
9.602970000000000000e+07 9.999137782227137672e-01 -1.311623945892785581e-02 -6.327524007205383378e-04 5.471720667153421314e-01 1.311621225803916851e-02 9.999139776743771746e-01 -4.711890145438060918e-05 1.132204695088937646e-02 6.333159927056417190e-04 3.881552363603820989e-05 9.999997987020755597e-01 5.941588271565815225e-03 9.999002814292907715e-01 -1.404360961169004440e-02 -1.492585404776036739e-03 5.554451942443847656e-01 1.404507737606763840e-02 9.999008774757385254e-01 9.726184071041643620e-04 1.259315945208072662e-02 1.478778431192040443e-03 -9.934859117493033409e-04 9.999984502792358398e-01 5.862602498382329941e-03 4.961648178100585938e+01
9.613395000000000000e+07 9.999059551641458210e-01 -1.367641215637292219e-02 -1.018124041932516729e-03 5.587030429799746400e-01 1.367591976342734557e-02 9.999063606498282963e-01 -4.890290417719255281e-04 1.118220753402596884e-02 1.024716868234057084e-03 4.750592683170789567e-04 9.999993621368081786e-01 5.485695608715718957e-03 9.998926520347595215e-01 -1.463916432112455368e-02 -4.899068153463304043e-04 5.731647014617919922e-01 1.463952288031578064e-02 9.998925328254699707e-01 7.438058382831513882e-04 1.437618862837553024e-02 4.789671511389315128e-04 -7.509003044106066227e-04 9.999995827674865723e-01 3.978772088885307312e-03 4.907455825805664062e+01
9.623819000000000000e+07 9.999154853389559117e-01 -1.296326966060921612e-02 -9.878342198429480338e-04 5.679034824990542019e-01 1.296284466661577761e-02 9.999158839933394161e-01 -4.354231957751786156e-04 1.062799103281150855e-02 9.933956355626760541e-04 4.225812543840794461e-04 9.999994172949185911e-01 5.540118275460587625e-03 9.999038577079772949e-01 -1.384652126580476761e-02 -7.473708246834576130e-04 5.868079066276550293e-01 1.384615805000066757e-02 9.999040365219116211e-01 -4.769003426190465689e-04 1.275060418993234634e-02 7.539023645222187042e-04 4.665129526983946562e-04 9.999996423721313477e-01 3.219022182747721672e-03 4.876902389526367188e+01
9.634232000000000000e+07 9.999060477071446407e-01 -1.365560914503479405e-02 -1.191678584082777204e-03 5.803044695408999809e-01 1.365480656289956053e-02 9.999065382095707610e-01 -6.790462229269338471e-04 1.086761435751884899e-02 1.200839997466139186e-03 6.627102844519545607e-04 9.999990593987487797e-01 5.403039932727979160e-03 9.999030232429504395e-01 -1.391227263957262039e-02 -6.786274025216698647e-04 6.047257184982299805e-01 1.391183026134967804e-02 9.999030828475952148e-01 -6.573413265869021416e-04 1.181963458657264709e-02 6.877068080939352512e-04 6.478310097008943558e-04 9.999995827674865723e-01 3.685180330649018288e-03 4.875788879394531250e+01
9.644646000000000000e+07 9.999134851661523049e-01 -1.313611168947692934e-02 -6.817277403210692324e-04 5.897264854876720364e-01 1.313593900649378740e-02 9.999136867614882851e-01 -2.571645719170090241e-04 1.096581538964661734e-02 6.850470407283931404e-04 2.481871893587601994e-04 9.999997345568004681e-01 5.955297417201877233e-03 9.998971819877624512e-01 -1.433378644287586212e-02 4.604483838193118572e-04 6.215866804122924805e-01 1.433478109538555145e-02 9.998946785926818848e-01 -2.230443758890032768e-03 8.206522092223167419e-03 -4.284303286112844944e-04 2.236820990219712257e-03 9.999973177909851074e-01 4.401359241455793381e-03 4.860470581054687500e+01
9.655057000000000000e+07 9.999089373579742590e-01 -1.345960376310010621e-02 -9.777884541054774475e-04 6.221492136868410627e-01 1.345907559826394449e-02 9.999092741563383457e-01 -5.447496801420509405e-04 1.084792960066111728e-02 9.850318577876489984e-04 5.315399459497466284e-04 9.999993735886077983e-01 5.937636869717623916e-03 9.999139904975891113e-01 -1.309061050415039062e-02 -8.130113128572702408e-04 6.378338932991027832e-01 1.309039350599050522e-02 9.999143481254577637e-01 -2.732086868491023779e-04 1.053957920521497726e-02 8.165179169736802578e-04 2.625371562317013741e-04 9.999997019767761230e-01 4.795869812369346619e-03 4.821715164184570312e+01
9.665471000000000000e+07 9.999560446659226942e-01 -9.362841346758200498e-03 -4.959252129717729544e-04 6.347115641003658881e-01 9.362829046879172015e-03 9.999561673896878444e-01 -2.711776233087312849e-05 8.529570776632546675e-03 4.961573745714685686e-04 2.247330757319538751e-05 9.999998766614027756e-01 6.561710718918112653e-03 9.999464154243469238e-01 -1.027303654700517654e-02 -1.290858956053853035e-03 6.541821956634521484e-01 1.027445401996374130e-02 9.999466538429260254e-01 1.096864696592092514e-03 1.211217232048511505e-02 1.279522781260311604e-03 -1.110073411837220192e-03 9.999985694885253906e-01 4.731573164463043213e-03 4.846572875976562500e+01
9.675895000000000000e+07 9.999512597292282701e-01 -9.789138997539092307e-03 -1.284882766556434209e-03 6.326917292647871172e-01 9.788463987506091507e-03 9.999519510697012503e-01 -5.305890773100806852e-04 8.336794682973660067e-03 1.290015039536653507e-03 5.179861875800598940e-04 9.999990337752878711e-01 6.135344355882301967e-03 9.999622106552124023e-01 -8.571250364184379578e-03 -1.422027242369949818e-03 6.692683100700378418e-01 8.573771454393863678e-03 9.999616742134094238e-01 1.772592309862375259e-03 1.058182865381240845e-02 1.406778581440448761e-03 -1.784713240340352058e-03 9.999973773956298828e-01 4.487096797674894333e-03 4.781315231323242188e+01
9.686308000000000000e+07 9.999765952392534185e-01 -6.789623525405713567e-03 -8.426074387747592475e-04 6.646627162997419402e-01 6.789495314310028951e-03 9.999769391101522853e-01 -1.549272486390507707e-04 6.664009422615163603e-03 8.436399051629958580e-04 1.492027434935338549e-04 9.999996330050680005e-01 7.051408635216776209e-03 9.999782443046569824e-01 -6.410232745110988617e-03 -1.542066805996000767e-03 6.870483160018920898e-01 6.409901194274425507e-03 9.999793767929077148e-01 -2.165755140595138073e-04 5.055746994912624359e-03 1.543424557894468307e-03 2.066858141915872693e-04 9.999988079071044922e-01 3.533116774633526802e-03 4.754512023925781250e+01
9.696720000000000000e+07 9.999899213252044783e-01 -4.342408876342838432e-03 -1.140496404598087196e-03 7.198791602788048305e-01 4.342004207142987661e-03 9.999905097099882623e-01 -3.570551425150660487e-04 3.928093316118773208e-03 1.142036060461677251e-03 3.520995034117352894e-04 9.999992858894937164e-01 7.293580744095770271e-03 9.999907016754150391e-01 -4.270853940397500992e-03 -6.449104985222220421e-04 7.069401144981384277e-01 4.270962905138731003e-03 9.999909400939941406e-01 1.766653731465339661e-04 9.446993470191955566e-03 6.441495497711002827e-04 -1.794181589502841234e-04 9.999997615814208984e-01 7.515560835599899292e-03 4.706131362915039062e+01
9.707145000000000000e+07 9.999886596970767316e-01 -4.298872452950889926e-03 2.049432046703711548e-03 7.118960282905221204e-01 4.296036155155425439e-03 9.999898110114207039e-01 1.386342544812840935e-03 6.718894084816139783e-03 -2.055370875144812461e-03 -1.377522388645918564e-03 9.999969389364751216e-01 9.138596415236189749e-03 9.999937415122985840e-01 -3.527589142322540283e-03 -2.367201086599379778e-04 7.170429825782775879e-01 3.527457593008875847e-03 9.999935626983642578e-01 -5.730917328037321568e-04 7.567815482616424561e-03 2.387416461715474725e-04 5.722581408917903900e-04 9.999998211860656738e-01 4.311292897909879684e-03 4.686713409423828125e+01
9.717557000000000000e+07 9.999908894268254578e-01 -4.128136990595516337e-03 1.086070245353208197e-03 7.243784008036600053e-01 4.127248239242880742e-03 9.999911472530235157e-01 8.192910294688022762e-04 5.639819595467250937e-03 -1.089442776207691583e-03 -8.148010838103400500e-04 9.999990746063998071e-01 8.735060575355392889e-03 9.999953508377075195e-01 -2.875840757042169571e-03 9.646897087804973125e-04 7.340473532676696777e-01 2.875821432098746300e-03 9.999958872795104980e-01 3.019899486389476806e-05 3.356513101607561111e-03 -9.647724218666553497e-04 -2.742352626228239387e-05 9.999995231628417969e-01 2.146902028471231461e-03 4.665132904052734375e+01
9.727972000000000000e+07 9.999967339240257713e-01 -2.293587497717246033e-03 1.127651507554584646e-03 7.231345354303655437e-01 2.292594469594328496e-03 9.999969838132604094e-01 8.811215645400127285e-04 4.005654292622670004e-03 -1.129669035673937574e-03 -8.785334392196367075e-04 9.999989760129480709e-01 8.940615378521614073e-03 9.999948740005493164e-01 -2.680022967979311943e-03 1.771983690559864044e-03 7.487069368362426758e-01 2.682542661204934120e-03 9.999953508377075195e-01 -1.423332956619560719e-03 5.626256825053133070e-05 -1.768163405358791351e-03 1.428077579475939274e-03 9.999973773956298828e-01 3.533836686983704567e-03 4.695340728759765625e+01
9.738381000000000000e+07 9.999933475871111144e-01 -3.571145870135749873e-03 7.427646301710158798e-04 7.157220790561061863e-01 3.570638577085714829e-03 9.999933918756391815e-01 6.831879687196802404e-04 4.735106518552745225e-03 -7.451994856734741940e-04 -6.805312799485401052e-04 9.999994907773450681e-01 8.632457493767370371e-03 9.999919533729553223e-01 -3.225162858143448830e-03 2.383979968726634979e-03 7.585522532463073730e-01 3.228816902264952660e-03 9.999936819076538086e-01 -1.528574735857546329e-03 -8.327066316269338131e-04 -2.379033947363495827e-03 1.536266296170651913e-03 9.999960660934448242e-01 4.609504248946905136e-03 4.662361526489257812e+01
9.748794000000000000e+07 9.999972296203726296e-01 -1.434159662732368504e-03 1.866530965299118992e-03 7.612437747623773676e-01 1.432045800339694971e-03 9.999983323767703824e-01 1.133352825088409718e-03 4.007324460899738122e-03 -1.868153261474691075e-03 -1.130676727538785023e-03 9.999976157840098079e-01 9.518930651104692831e-03 9.999923706054687500e-01 -3.135586623102426529e-03 2.312032505869865417e-03 7.627001404762268066e-01 3.138123080134391785e-03 9.999944567680358887e-01 -1.097582164220511913e-03 9.904664329951629043e-05 -2.308578696101903915e-03 1.104819122701883316e-03 9.999966621398925781e-01 7.225776091217994690e-03 4.658496093750000000e+01
9.759207000000000000e+07 9.999974149683376057e-01 -1.989698470957489834e-03 1.100525548684845806e-03 7.339662337003282078e-01 1.988796032125081381e-03 9.999976857367671723e-01 8.204945549344835193e-04 3.645899293852588284e-03 -1.102155538588899019e-03 -8.183037130204350550e-04 9.999990578156291443e-01 9.022448101896687889e-03 9.999923110008239746e-01 -3.140799468383193016e-03 2.352299634367227554e-03 7.655373811721801758e-01 3.141765948385000229e-03 9.999949336051940918e-01 -4.030774580314755440e-04 1.408781157806515694e-03 -2.351022092625498772e-03 4.104721010662615299e-04 9.999971389770507812e-01 8.027681149542331696e-03 4.688841629028320312e+01
9.769624000000000000e+07 9.999990139055984217e-01 -1.397553557405718534e-03 1.379563148581999560e-04 7.545329407124776733e-01 1.397520776352904025e-03 9.999989952808209237e-01 2.374301777483613400e-04 1.942228497597911713e-03 -1.382879976303449379e-04 -2.372371468093961342e-04 9.999999622974833358e-01 8.866351573551920981e-03 9.999929666519165039e-01 -3.279449418187141418e-03 1.802709419280290604e-03 7.658976912498474121e-01 3.282917663455009460e-03 9.999927878379821777e-01 -1.925471005961298943e-03 -6.192673463374376297e-04 -1.796381780877709389e-03 1.931366277858614922e-03 9.999966025352478027e-01 8.874019607901573181e-03 4.747302246093750000e+01
9.780034000000000000e+07 9.999972840647940453e-01 -2.074027429031707285e-03 -1.063142970862057408e-03 7.401813481972622233e-01 2.073722942168724614e-03 9.999978085275254003e-01 -2.874249076876044862e-04 1.327980236178047911e-03 1.063736768186737333e-03 2.852194629759073076e-04 9.999993935567574876e-01 8.244584069969385434e-03 9.999936223030090332e-01 -3.505656495690345764e-03 7.230993360280990601e-04 7.630189061164855957e-01 3.507277462631464005e-03 9.999913573265075684e-01 -2.257563406601548195e-03 -1.400160486809909344e-03 -7.151803583838045597e-04 2.260087989270687103e-03 9.999971389770507812e-01 9.597756899893283844e-03 4.746902465820312500e+01
9.790432000000000000e+07 9.999977618164865856e-01 -1.926068521384935407e-03 8.755696219930379992e-04 7.682283576036839090e-01 1.925530804017669450e-03 9.999979573196540183e-01 6.145630388669636205e-04 3.283909123823250918e-03 -8.767515239827362644e-04 -6.128757271195995867e-04 9.999994278449025886e-01 9.134724268582444795e-03 9.999932646751403809e-01 -3.657890250906348228e-03 1.277073897654190660e-04 7.671949863433837891e-01 3.658145666122436523e-03 9.999911189079284668e-01 -2.086106687784194946e-03 9.370466577820479870e-04 -1.200744954985566437e-04 2.086563268676400185e-03 9.999978542327880859e-01 8.979369886219501495e-03 4.787142562866210938e+01
9.800832000000000000e+07 9.999974401442993654e-01 -2.261424653333367601e-03 7.525662750228635095e-05 8.062139319052443742e-01 2.261413143270811759e-03 9.999974313465838094e-01 1.526794183338871366e-04 2.792357145423782910e-03 -7.560170718301923972e-05 -1.525088411758642988e-04 9.999999855127179593e-01 8.935594193239320207e-03 9.999929666519165039e-01 -3.763204440474510193e-03 -1.616025983821600676e-04 7.669498324394226074e-01 3.763117827475070953e-03 9.999927282333374023e-01 -5.252967239357531071e-04 7.047045975923538208e-03 1.635775843169540167e-04 5.246842047199606895e-04 9.999998807907104492e-01 7.567921653389930725e-03 4.847203063964843750e+01
9.811232000000000000e+07 9.999974514839855555e-01 -1.852397723531181350e-03 1.290600040543697343e-03 7.465978825341247349e-01 1.851223625438968992e-03 9.999978721313188545e-01 9.103318831622259771e-04 3.797756343149797861e-03 -1.292283590939502383e-03 -9.079403740012790408e-04 9.999987528229840050e-01 9.228460974586977922e-03 9.999926686286926270e-01 -3.777410602197051048e-03 -4.973195027559995651e-04 7.685394883155822754e-01 3.777215722948312759e-03 9.999927878379821777e-01 -3.935345448553562164e-04 7.640638854354619980e-03 4.988023429177701473e-04 3.916566201951354742e-04 9.999997615814208984e-01 7.379220332950353622e-03 4.851468658447265625e+01
9.821647000000000000e+07 9.999953475605031228e-01 -2.420020970991927211e-03 1.856974902737273123e-03 7.926402075459554331e-01 2.418237054591592262e-03 9.999966130464837955e-01 9.623019618725871553e-04 4.464148847121264876e-03 -1.859297404192506711e-03 -9.578068792731345106e-04 9.999978128071665973e-01 9.283177502487352170e-03 9.999951720237731934e-01 -3.122437978163361549e-03 1.096869673347100616e-04 7.674444913864135742e-01 3.122429363429546356e-03 9.999951720237731934e-01 2.054604374279733747e-05 6.302411668002605438e-03 -1.097506392397917807e-04 -2.020457395701669157e-05 1.000000000000000000e+00 7.942341268062591553e-03 4.881254577636718750e+01
9.832032000000000000e+07 9.999977623398078608e-01 -1.978961762059599019e-03 -7.476803830374629915e-04 7.663376559197009330e-01 1.978843201215369982e-03 9.999980294032009276e-01 -1.592780766588862721e-04 1.669896199971538167e-03 7.479941148677495162e-04 1.577981780833144889e-04 9.999997078022421215e-01 8.519052422581527978e-03 9.999977946281433105e-01 -2.065371256321668625e-03 2.735254529397934675e-04 7.689298391342163086e-01 2.065195003524422646e-03 9.999976754188537598e-01 6.607139948755502701e-04 7.498976774513721466e-03 -2.748892875388264656e-04 -6.601414061151444912e-04 9.999997019767761230e-01 8.040201850235462189e-03 4.952307128906250000e+01
9.842432000000000000e+07 9.999993139425558120e-01 -7.347478964806768067e-04 9.122828414235569601e-04 7.332669342710221860e-01 7.340171574146490269e-04 9.999994097469147025e-01 8.010771911109996124e-04 2.658267577231885736e-03 -9.128708927113058985e-04 -8.004070102857616586e-04 9.999992630074234778e-01 9.351671824690205650e-03 9.999991655349731445e-01 -1.255859038792550564e-03 -2.353824238525703549e-04 7.669607400894165039e-01 1.256016432307660580e-03 9.999989867210388184e-01 6.275315536186099052e-04 4.882091190665960312e-03 2.345944812986999750e-04 -6.278333603404462337e-04 9.999997615814208984e-01 9.576453827321529388e-03 4.906703948974609375e+01
9.852832000000000000e+07 9.999997055223613929e-01 -2.640132007509837699e-04 7.205915987485512000e-04 7.864846916223570128e-01 2.635909016233811686e-04 9.999997935167056484e-01 5.860771324068210280e-04 2.039594530017136559e-03 -7.207461820496485500e-04 -5.858870184413119504e-04 9.999995686306016873e-01 9.683431206354920287e-03 9.999997615814208984e-01 -6.711285677738487720e-04 1.902038661683036480e-06 7.691383957862854004e-01 6.711222813464701176e-04 9.999989867210388184e-01 1.235346426256000996e-03 6.289793644100427628e-03 -2.730634150793775916e-06 -1.235344563610851765e-03 9.999992251396179199e-01 9.500487707555294037e-03 4.936195373535156250e+01
9.863232000000000000e+07 9.999998923258439643e-01 -3.161303348586170419e-04 3.397203608293461181e-04 6.970252046423257575e-01 3.158947543032184597e-04 9.999997097835773285e-01 6.932844272639351272e-04 1.823364754180196654e-03 -3.399394304630630752e-04 -6.931770367410853336e-04 9.999997019733616321e-01 9.156184675125918215e-03 9.999999403953552246e-01 -1.802983460947871208e-04 1.575134083395823836e-04 7.664133906364440918e-01 1.802788465283811092e-04 9.999999403953552246e-01 1.102015085052698851e-04 -1.282674726098775864e-03 -1.575341011630371213e-04 -1.101804664358496666e-04 1.000000000000000000e+00 1.243553403764963150e-02 4.926287841796875000e+01
9.873632000000000000e+07 9.999999702940879365e-01 -2.072065959896438752e-04 1.283637449504975467e-04 7.304719332676496979e-01 2.071412621785408820e-04 9.999998491185050353e-01 5.087784102227296866e-04 1.693812681599488274e-03 -1.284691478231753917e-04 -5.087518056813869439e-04 9.999998623336323611e-01 9.408687579456186806e-03 9.999998211860656738e-01 4.351398820290341973e-05 6.685123662464320660e-04 7.652063965797424316e-01 -4.294004611438140273e-05 9.999997019767761230e-01 -8.497301023453474045e-04 -1.095427200198173523e-02 -6.685496191494166851e-04 8.497046073898673058e-04 9.999994039535522461e-01 1.681613735854625702e-02 4.936025619506835938e+01
9.884032000000000000e+07 9.999999879022267724e-01 -1.258977106549407689e-04 9.135268471882851361e-05 7.156602482511189578e-01 1.258515578451935800e-04 9.999998645451126933e-01 5.050456855626661795e-04 1.561177388132748128e-03 -9.141625643960027458e-05 -5.050341825751702768e-04 9.999998682917639048e-01 9.311916340233452466e-03 9.999997615814208984e-01 1.458230872231069952e-05 7.984237163327634335e-04 7.649903893470764160e-01 -1.438042909285286441e-05 1.000000000000000000e+00 -2.541891881264746189e-04 -5.134139209985733032e-03 -7.984272087924182415e-04 2.541715803090482950e-04 9.999996423721313477e-01 1.651447825133800507e-02 4.942780685424804688e+01
9.894434000000000000e+07 9.999992305436407047e-01 5.268869522511661271e-05 1.239409567680046977e-03 7.599766293627635561e-01 -5.374959714160508056e-05 9.999996322251570868e-01 8.559559302609178171e-04 2.248218640372628800e-03 -1.239364012656685773e-03 -8.560218894030646470e-04 9.999988656010767585e-01 9.676733195722196992e-03 9.999992251396179199e-01 -3.513542651489842683e-06 1.168228685855865479e-03 7.609170079231262207e-01 3.513418278089375235e-06 1.000000000000000000e+00 -3.781830400839680806e-06 -3.071867628023028374e-03 -1.168229151517152786e-03 3.789074980886653066e-06 9.999993443489074707e-01 1.707815751433372498e-02 5.002742385864257812e+01
9.904820000000000000e+07 9.999990848768520735e-01 3.982680779955956752e-04 -1.292914533092666624e-03 7.687841529634888982e-01 -3.985923873212000911e-04 9.999998891649063415e-01 -2.505878750077544900e-04 -2.309296845400821141e-04 1.292814588640660506e-03 2.511029915811630541e-04 9.999991327884844017e-01 9.375256420889693104e-03 9.999995827674865723e-01 -2.018924897129181772e-05 9.051543893292546272e-04 7.599711418151855469e-01 2.050677721854299307e-05 9.999998807907104492e-01 -3.548648383002728224e-04 -2.945203566923737526e-03 -9.051451343111693859e-04 3.548866952769458294e-04 9.999995231628417969e-01 1.531600113958120346e-02 4.983974456787109375e+01
9.915222000000000000e+07 9.999998288727500739e-01 1.289554339625710523e-04 -5.706355916240748180e-04 7.364855671440858620e-01 -1.288507200054055178e-04 9.999999748558237034e-01 1.835370413163965402e-04 8.430555700470942701e-04 5.706592453739110218e-04 -1.834634831038946452e-04 9.999998203445780165e-01 9.378117345491191262e-03 1.000000119209289551e+00 5.454761776491068304e-05 -4.338577491580508649e-05 7.556126713752746582e-01 -5.455569043988361955e-05 1.000000000000000000e+00 -1.668147306190803647e-04 -3.010136075317859650e-03 4.337750215199775994e-05 1.668195181991904974e-04 9.999999403953552246e-01 1.617474667727947235e-02 4.958595275878906250e+01
9.925607000000000000e+07 9.999999291057667383e-01 1.673456852075065973e-04 3.373186657457639352e-04 7.324307147443572807e-01 -1.675334545897619483e-04 9.999998310080137065e-01 5.567014312291894505e-04 1.479362928704407772e-03 -3.372254471585625895e-04 -5.567579039239926864e-04 9.999997881497932894e-01 9.508490036680800409e-03 9.999998211860656738e-01 3.125866351183503866e-04 -3.211353614460676908e-04 7.530640959739685059e-01 -3.122862835880368948e-04 9.999995231628417969e-01 9.231783333234488964e-04 -6.260637310333549976e-04 3.214251482859253883e-04 -9.230724535882472992e-04 9.999995231628417969e-01 1.513689197599887848e-02 4.937977600097656250e+01
9.936007000000000000e+07 9.999995515281111524e-01 1.621814462292317451e-04 -9.330813163650724783e-04 7.524012945535140107e-01 -1.622268933175079263e-04 9.999999856587311609e-01 -4.863098054710035707e-05 3.688343168437911257e-04 9.330734159406384610e-04 4.878232962269592708e-05 9.999995634970412217e-01 9.300373103916037901e-03 9.999994635581970215e-01 9.054684778675436974e-04 -5.443285335786640644e-04 7.507554888725280762e-01 -9.055459522642195225e-04 9.999995231628417969e-01 -1.341121969744563103e-04 -1.939105219207704067e-03 5.442023393698036671e-04 1.346046919934451580e-04 9.999998211860656738e-01 1.413981150835752487e-02 5.052912139892578125e+01
9.946410000000000000e+07 9.999998852823414053e-01 -8.228228003514635334e-05 -4.718738700854603727e-04 6.918139395055973306e-01 8.243225997051519384e-05 9.999999460950118602e-01 3.178284203824412396e-04 1.230561907430708941e-03 4.718476930041785758e-04 -3.178672815482306907e-04 9.999998381600732067e-01 9.138229844149140663e-03 9.999991655349731445e-01 1.138278748840093613e-03 -5.826098495163023472e-04 7.453839182853698730e-01 -1.138859544880688190e-03 9.999988675117492676e-01 -9.985313517972826958e-04 -4.522467032074928284e-03 5.814731121063232422e-04 9.991833940148353577e-04 9.999993443489074707e-01 1.360298041254281998e-02 4.969491195678710938e+01
9.956794000000000000e+07 9.999998020200439042e-01 1.834948287482894244e-04 6.019049009888614290e-04 7.440275712663007024e-01 -1.838967200453581522e-04 9.999997601715714390e-01 6.677116012634256356e-04 1.717423418761793944e-03 -6.017822350055992151e-04 -6.678221574100732475e-04 9.999995959357609321e-01 9.617004162103251139e-03 9.999988079071044922e-01 1.537069794721901417e-03 -2.708856663957703859e-05 7.414194941520690918e-01 -1.537066185846924782e-03 9.999987483024597168e-01 2.326763788005337119e-04 -5.914031993597745895e-03 2.744633638940285891e-05 -2.326280809938907623e-04 1.000000000000000000e+00 1.647351309657096863e-02 4.964006423950195312e+01
9.967195000000000000e+07 9.999999698115390467e-01 2.036784959998974825e-04 -1.374481544404500960e-04 6.878253764371127232e-01 -2.036178823984166359e-04 9.999998820900091179e-01 4.408624966143778572e-04 1.054559449154171373e-03 1.375379324384754659e-04 -4.408344964050539723e-04 9.999998933741330864e-01 9.109407697328989612e-03 9.999985694885253906e-01 1.542519778013229370e-03 -5.519395344890654087e-04 7.315603494644165039e-01 -1.541937119327485561e-03 9.999982714653015137e-01 1.033231499604880810e-03 -3.474255558103322983e-03 5.535332020372152328e-04 -1.032379921525716782e-03 9.999993443489074707e-01 2.185595966875553131e-02 4.928176116943359375e+01
9.977595000000000000e+07 9.999997867211776192e-01 3.791177356207719204e-04 -5.318151422495496399e-04 6.916048815464247435e-01 -3.789619147094917232e-04 9.999998852493732215e-01 2.930684383277808169e-04 9.113359264645390801e-04 5.319261886651626510e-04 -2.928668381397027398e-04 9.999998156417571060e-01 9.233744281949509206e-03 9.999984502792358398e-01 1.244913204573094845e-03 1.261721015907824039e-03 7.225415706634521484e-01 -1.241493155248463154e-03 9.999955296516418457e-01 -2.715288661420345306e-03 -7.066672202199697495e-03 -1.265096245333552361e-03 2.713719382882118225e-03 9.999954104423522949e-01 1.843268238008022308e-02 4.840544128417968750e+01
9.987994000000000000e+07 9.999999385464205526e-01 1.788375592497801005e-05 3.501247289527556852e-04 6.462254447553128500e-01 -1.808748861982814617e-05 9.999998305375318308e-01 5.818915269518133097e-04 1.197692299031853733e-03 -3.501142632136720521e-04 -5.818978240695706679e-04 9.999997694074350685e-01 8.590001360218042781e-03 9.999980330467224121e-01 1.096495543606579304e-03 1.697511179372668266e-03 7.131206989288330078e-01 -1.093505648896098137e-03 9.999979138374328613e-01 -1.756789861246943474e-03 -5.593877285718917847e-03 -1.699429587461054325e-03 1.754928380250930786e-03 9.999970197677612305e-01 1.921605877578258514e-02 4.854479980468750000e+01
9.998382000000000000e+07 9.999997567531482279e-01 1.658960034980560508e-04 6.774748508869445204e-04 6.279003409545441672e-01 -1.662896260151677569e-04 9.999998173938112744e-01 5.809992378581740327e-04 7.348677899569801969e-04 -6.773783417268745182e-04 -5.811117535684649392e-04 9.999996017337875465e-01 8.200603520556350515e-03 9.999966025352478027e-01 1.280128839425742626e-03 2.241986570879817009e-03 7.029426693916320801e-01 -1.286307815462350845e-03 9.999952912330627441e-01 2.753371605649590492e-03 5.455766338855028152e-03 -2.238458255305886269e-03 -2.756257075816392899e-03 9.999936819076538086e-01 1.737103611230850220e-02 4.791424179077148438e+01
1.000878000000000000e+08 9.999999908409977767e-01 6.484392777302140198e-05 1.187992779559967190e-04 6.959577998211444738e-01 -6.490420711684084982e-05 9.999998691301106302e-01 5.074713709354171549e-04 1.184187196660360913e-03 -1.187663559701703132e-04 -5.074790768608147210e-04 9.999998641797536170e-01 9.079484046231234631e-03 9.999988079071044922e-01 1.489921938627958298e-03 5.131218349561095238e-04 6.890949010848999023e-01 -1.490206923335790634e-03 9.999987483024597168e-01 5.627011414617300034e-04 -1.190547947771847248e-03 -5.122845177538692951e-04 -5.634548142552375793e-04 9.999997019767761230e-01 2.214676141738891602e-02 4.828096008300781250e+01
1.001918000000000000e+08 9.999998061345883871e-01 3.678267535714405167e-04 -5.024283630642706723e-04 6.784282692595658970e-01 -3.677282357152218640e-04 9.999999131482625314e-01 1.961616931077139444e-04 6.667185415818737033e-04 5.025004729471586667e-04 -1.959768979808831153e-04 9.999998545431526553e-01 8.918713799835048875e-03 9.999959468841552734e-01 2.912604832090437412e-04 -2.821034053340554237e-03 6.759416460990905762e-01 -2.988080668728798628e-04 9.999964237213134766e-01 -2.675981959328055382e-03 -6.044718436896800995e-03 2.820250345394015312e-03 2.676816191524267197e-03 9.999924898147583008e-01 1.733341254293918610e-02 4.773222351074218750e+01
1.002957000000000000e+08 9.999997037919911014e-01 8.130324746360302580e-05 -7.653794678956277924e-04 6.851621350835847002e-01 -8.125163311399010606e-05 9.999999944231785509e-01 6.746714185546087293e-05 7.442436094906596661e-04 7.653849489248084432e-04 -6.740493354130290267e-05 9.999997048211927142e-01 8.937613526361394209e-03 9.999978542327880859e-01 4.058492486365139484e-04 -2.018465660512447357e-03 6.648399233818054199e-01 -4.068432317581027746e-04 9.999997615814208984e-01 -4.912367439828813076e-04 -9.427053853869438171e-03 2.018263796344399452e-03 4.920619539916515350e-04 9.999977350234985352e-01 2.286202833056449890e-02 4.767334365844726562e+01
1.003997000000000000e+08 9.999999903844160043e-01 9.701802715793459103e-05 9.908920671289705670e-05 6.324614127288702425e-01 -9.704912284720481946e-05 9.999999460371468141e-01 3.138585260978063538e-04 7.122971767475166612e-04 -9.905875143164849842e-05 -3.138681396001854942e-04 9.999999458370775196e-01 8.278524387972042292e-03 9.999908804893493652e-01 1.259368495084345341e-03 -4.084113053977489471e-03 6.582591533660888672e-01 -1.249036286026239395e-03 9.999960064888000488e-01 2.531438600271940231e-03 -1.915337750688195229e-03 4.087285138666629791e-03 -2.526322612538933754e-03 9.999884963035583496e-01 1.796663552522659302e-02 4.659907150268554688e+01
1.005037000000000000e+08 9.999999033225823730e-01 -4.390274117764781460e-05 4.375241391322919038e-04 6.219670218051441823e-01 4.369681468507332554e-05 9.999998882841176773e-01 4.706615951621789112e-04 7.854341664877847150e-04 -4.375447535884106919e-04 -4.706424312483064448e-04 9.999997935251206949e-01 8.134581065239681816e-03 9.999983906745910645e-01 3.539551107678562403e-04 -1.757072051987051964e-03 6.530410051345825195e-01 -3.488515503704547882e-04 9.999956488609313965e-01 2.906089415773749352e-03 -1.371153863146901131e-03 1.758094178512692451e-03 -2.905475674197077751e-03 9.999942183494567871e-01 1.870123669505119324e-02 4.663260650634765625e+01
1.006077000000000000e+08 9.999996650681922672e-01 -3.737492910239053213e-04 7.281311562328644533e-04 6.516528212800800635e-01 3.731939093475586952e-04 9.999996394798968957e-01 7.627361227547938211e-04 1.484849092428601990e-03 -7.284159658078384874e-04 -7.624641331815273535e-04 9.999994440291668507e-01 8.574922691819678380e-03 9.999998211860656738e-01 3.670400183182209730e-04 -3.780568658839911222e-04 6.490311026573181152e-01 -3.667103301268070936e-04 9.999996423721313477e-01 8.666024077683687210e-04 -3.380787093192338943e-03 3.783746506087481976e-04 -8.664632914587855339e-04 9.999995231628417969e-01 1.840793155133724213e-02 4.669523239135742188e+01
1.007116000000000000e+08 9.999999178214034057e-01 -3.700002514246913910e-04 1.657015429752174999e-04 6.381656696929549621e-01 3.699491546999600410e-04 9.999998840472652528e-01 3.082905774036609806e-04 9.983823633908719963e-04 -1.658155913522239540e-04 -3.082292509233391605e-04 9.999999387499577397e-01 8.134337714216437892e-03 9.999997019767761230e-01 6.965982611291110516e-04 2.503829455235973001e-05 6.456462740898132324e-01 -6.965889479033648968e-04 9.999997615814208984e-01 -3.767732550841174088e-06 -4.924194887280464172e-03 -2.503955329302698374e-05 3.762377218663459644e-06 1.000000000000000000e+00 1.749375090003013611e-02 4.779270553588867188e+01
1.008156000000000000e+08 9.999999489175337430e-01 3.104895239520930311e-04 -7.590247037019729295e-05 6.736945100444348133e-01 -3.104627595458067397e-04 9.999998897228596917e-01 3.523735839109671131e-04 7.894893579577906767e-04 7.601187030654251895e-05 -3.523500010203766807e-04 9.999999350358338424e-01 8.762074855229335171e-03 9.999990463256835938e-01 4.638070240616798401e-04 -1.322767580859363079e-03 6.380516886711120605e-01 -4.636101948563009501e-04 9.999998211860656738e-01 1.627937745070084929e-04 -3.588717663660645485e-03 1.322841853834688663e-03 -1.621947303647175431e-04 9.999990463256835938e-01 1.472311187535524368e-02 4.750883102416992188e+01
1.009196000000000000e+08 9.999999033852653429e-01 -1.323799602261203651e-04 4.191718129164039800e-04 6.198352840763845517e-01 1.322480733932536717e-04 9.999999417532940971e-01 3.146487836067578237e-04 6.909752720792359084e-04 -4.192134416939258864e-04 -3.145933185431161482e-04 9.999998626455595119e-01 7.976527689807225846e-03 9.999994635581970215e-01 5.748853436671197414e-05 -1.024200231768190861e-03 6.338347792625427246e-01 -5.598639472736977041e-05 9.999989867210388184e-01 1.453904085792601109e-03 -4.489876155275851488e-04 1.024284050799906254e-03 -1.453834236599504948e-03 9.999984502792358398e-01 1.213606726378202438e-02 4.699039840698242188e+01
1.010236000000000000e+08 9.999997050350062366e-01 -7.407925967652684860e-04 -2.028700268362847278e-04 6.079827385759287717e-01 7.407694692943116990e-04 9.999997191262404161e-01 -1.140528441131298835e-04 8.352090542048366427e-04 2.029544593553152146e-04 1.139025305541561993e-04 9.999999729178509211e-01 7.651993299443664472e-03 9.999997615814208984e-01 1.158497470896691084e-04 -7.461327477358281612e-04 6.287244558334350586e-01 -1.146753056673333049e-04 9.999987483024597168e-01 1.574085908941924572e-03 5.025458522140979767e-04 7.463138317689299583e-04 -1.574006280861794949e-03 9.999985098838806152e-01 1.119733322411775589e-02 4.685919952392578125e+01
1.011274000000000000e+08 9.999994147011380674e-01 -1.060882309434853796e-03 2.124292933759178875e-04 6.324802875401601687e-01 1.060809495338708433e-03 9.999993786580435584e-01 3.425884489529931157e-04 1.594225887528805769e-03 -2.127926073792400070e-04 -3.423629014437077375e-04 9.999999187534784895e-01 8.118280287235919365e-03 1.000000000000000000e+00 -4.752561653731390834e-05 -1.684331946307793260e-04 6.253126859664916992e-01 4.771747990162111819e-05 9.999993443489074707e-01 1.135046244598925114e-03 -7.351595559157431126e-04 1.683779555605724454e-04 -1.135054626502096653e-03 9.999993443489074707e-01 1.035976316779851913e-02 4.585203170776367188e+01
1.012315000000000000e+08 9.999997742759807462e-01 -4.435434402847500835e-04 -5.046951569191950775e-04 6.335328892775888843e-01 4.435261251711862095e-04 9.999999010499327490e-01 -3.441946899480384579e-05 8.998455382732215967e-04 5.047103735093581107e-04 3.419561573680693985e-05 9.999998720490403947e-01 8.055029588480307895e-03 9.999997019767761230e-01 -5.149930366314947605e-04 5.756657919846475124e-04 6.200790405273437500e-01 5.152039229869842529e-04 9.999997615814208984e-01 -3.882402670569717884e-04 -5.196497775614261627e-03 -5.754656158387660980e-04 3.885376499965786934e-04 9.999997019767761230e-01 1.158440206199884415e-02 4.617520141601562500e+01
1.013354000000000000e+08 9.999999763200875247e-01 -1.717092482345516263e-04 -1.337002587359713930e-04 6.269445535918566348e-01 1.717258755610918226e-04 9.999999775222622178e-01 1.243611653434700327e-04 6.905711046548647022e-04 1.336789017688167673e-04 -1.243841221922420903e-04 9.999999833292707585e-01 8.004208305803225260e-03 9.999994635581970215e-01 -6.216054316610097885e-04 8.411329472437500954e-04 6.164916157722473145e-01 6.222640513442456722e-04 9.999994635581970215e-01 -7.710130303166806698e-04 -5.562660284340381622e-03 -8.406538981944322586e-04 7.715286337770521641e-04 9.999993443489074707e-01 1.448931265622377396e-02 4.607875061035156250e+01
1.014393000000000000e+08 9.999998527048823416e-01 -5.008646473444251963e-04 -2.091048129445895708e-04 6.146369832632810892e-01 5.008581140854210904e-04 9.999998740808757614e-01 -3.129514104559702708e-05 7.336439038900964202e-04 2.091204612438544476e-04 3.119040459521429704e-05 9.999999776478957214e-01 7.772951381038602746e-03 9.999995827674865723e-01 -8.435283671133220196e-04 2.139167045243084431e-04 6.112325191497802734e-01 8.436401258222758770e-04 9.999995231628417969e-01 -5.211988463997840881e-04 -4.438170231878757477e-03 -2.134763781214132905e-04 5.213903496041893959e-04 9.999998211860656738e-01 2.069309167563915253e-02 4.591385650634765625e+01
1.015433000000000000e+08 9.999992931580986566e-01 -1.047068161622717554e-03 -5.633219413545287064e-04 5.987924157485018384e-01 1.046861261364422134e-03 9.999993845287776795e-01 -3.674555778588624159e-04 8.023352743548176676e-04 5.637063456711336167e-04 3.668655982251838184e-04 9.999997738223754817e-01 7.489867145318723080e-03 9.999989867210388184e-01 -1.349931466393172741e-03 -4.126600688323378563e-04 6.101971268653869629e-01 1.349641242995858192e-03 9.999988675117492676e-01 -6.808312609791755676e-04 -5.313707981258630753e-03 4.135786730330437422e-04 6.802658899687230587e-04 9.999997019767761230e-01 1.589435338973999023e-02 4.616019058227539062e+01
1.016472000000000000e+08 9.999989416020622635e-01 -1.444733351160636938e-03 1.718728813096952765e-04 5.982387214936353281e-01 1.444719626224565167e-03 9.999989531958436428e-01 7.995252820430978201e-05 1.571356009597365102e-03 -1.719882114771067213e-04 -7.970413545647159540e-05 9.999999820336527012e-01 7.616175540661729998e-03 9.999977350234985352e-01 -1.653106999583542347e-03 -1.280218828469514847e-03 6.065866351127624512e-01 1.652291277423501015e-03 9.999983906745910645e-01 -6.516030989587306976e-04 -9.643131867051124573e-03 1.281294855289161205e-03 6.494901026599109173e-04 9.999989271163940430e-01 1.878312975168228149e-02 4.658940887451171875e+01
1.017512000000000000e+08 9.999995569979648335e-01 -8.827483095282813007e-04 -3.267405044933126366e-04 5.806095140170421942e-01 8.826422104697487225e-04 9.999995577492554188e-01 -3.247215469016500895e-04 5.098039051815488271e-04 3.270270073689003285e-04 3.244330081081242545e-04 9.999998938982815888e-01 7.419285407528076678e-03 9.999983906745910645e-01 -1.436974969692528248e-03 -1.113153412006795406e-03 6.051679253578186035e-01 1.436946913599967957e-03 9.999989867210388184e-01 -2.176853740820661187e-05 -6.931377109140157700e-03 1.113182399421930313e-03 2.016552389250136912e-05 9.999994039535522461e-01 1.764196902513504028e-02 4.695734405517578125e+01
1.018551000000000000e+08 9.999975881600989824e-01 -2.170636823214311482e-03 3.346789511911734977e-04 6.206382442803236588e-01 2.170512154571058085e-03 9.999975750886331838e-01 3.724165345984422628e-04 2.535437932922129066e-03 -3.354865206288404605e-04 -3.716892116931714272e-04 9.999998746479603629e-01 8.009020321800204914e-03 9.999982118606567383e-01 -1.885061152279376984e-03 -4.400519901537336409e-05 6.029639244079589844e-01 1.885049627162516117e-03 9.999982118606567383e-01 6.674214819213375449e-05 -1.045852620154619217e-02 4.387928129290230572e-05 -6.682334060315042734e-05 1.000000000000000000e+00 1.498532854020595551e-02 4.680713653564453125e+01
1.019591000000000000e+08 9.999977169278557732e-01 -2.070412369847979273e-03 -5.287077118495403646e-04 5.788776030089153313e-01 2.070249300957400194e-03 9.999978093558200554e-01 -3.087904412426446658e-04 1.824219044674746729e-03 5.293458771673753777e-04 3.076951795168487882e-04 9.999998125582979513e-01 7.075562313730557676e-03 9.999977350234985352e-01 -2.129179425537586212e-03 7.745623588562011719e-05 5.992671251296997070e-01 2.129210159182548523e-03 9.999976754188537598e-01 -2.348003617953509092e-04 -7.882958278059959412e-03 -7.695591193623840809e-05 2.349709975533187389e-04 9.999998807907104492e-01 1.377888023853302002e-02 4.732019042968750000e+01
1.020629000000000000e+08 9.999973962717866316e-01 -2.241852467344541879e-03 4.260829116954090992e-04 5.823349396270406375e-01 2.241705090042424558e-03 9.999974274995330203e-01 3.460521597575598961e-04 2.466045646962403831e-03 -4.268576135616360644e-04 -3.450961064054107181e-04 9.999998493506012665e-01 7.552743863801061712e-03 9.999979734420776367e-01 -1.989699900150299072e-03 -1.439003244740888476e-04 5.979489088058471680e-01 1.989564392715692520e-03 9.999975562095642090e-01 -9.977313457056879997e-04 -8.918256498873233795e-03 1.458871847717091441e-04 9.974455460906028748e-04 9.999995231628417969e-01 1.378230657428503036e-02 4.729705429077148438e+01
1.021669000000000000e+08 9.999989510017963656e-01 -1.444773794806686936e-03 1.030726137958337988e-04 5.963954032052015686e-01 1.444772314813772256e-03 9.999989562117842512e-01 1.443175392433581445e-05 1.509099197200233864e-03 -1.030933568299837843e-04 -1.428282232485319676e-05 9.999999945838803361e-01 7.550208121192944662e-03 9.999982714653015137e-01 -1.878181472420692444e-03 1.883459772216156125e-04 5.958046317100524902e-01 1.878503011539578438e-03 9.999966621398925781e-01 -1.749512040987610817e-03 -1.015559025108814240e-02 -1.850608969107270241e-04 1.749861636199057102e-03 9.999984502792358398e-01 1.024268381297588348e-02 4.767708969116210938e+01
1.022708000000000000e+08 9.999981995241736810e-01 -1.502003031392485418e-03 1.159713428968464199e-03 5.770229001894414678e-01 1.501092550751766553e-03 9.999985648051255005e-01 7.855627215533874177e-04 2.053370211171084633e-03 -1.160891682164862191e-03 -7.838204699448683525e-04 9.999990189774869975e-01 7.855688715693648003e-03 9.999970793724060059e-01 -2.132145920768380165e-03 1.172395888715982437e-03 5.940028429031372070e-01 2.133402042090892792e-03 9.999971389770507812e-01 -1.077050575986504555e-03 -1.021035015583038330e-02 -1.170096918940544128e-03 1.079546520486474037e-03 9.999987483024597168e-01 8.956297300755977631e-03 4.734476852416992188e+01
1.023748000000000000e+08 9.999998038562563085e-01 -2.666874547034896940e-04 5.667144442958179729e-04 5.485397840445532802e-01 2.664363634109787678e-04 9.999998663395680554e-01 4.430942537578578763e-04 6.946951517452241900e-04 -5.668325362239507370e-04 -4.429431735162810461e-04 9.999997412510842620e-01 7.907769846449497556e-03 9.999979734420776367e-01 -1.796789467334747314e-03 8.917460800148546696e-04 5.879346728324890137e-01 1.796800643205642700e-03 9.999983310699462891e-01 -1.218110264744609594e-05 -9.099992923438549042e-03 -8.917228551581501961e-04 1.378622891934355721e-05 9.999995827674865723e-01 6.291042082011699677e-03 4.738399887084960938e+01
1.024787000000000000e+08 9.999999013035361095e-01 -2.049926890037558286e-04 3.941711757842588032e-04 5.580646919195993982e-01 2.049066486791171820e-04 9.999999551770863970e-01 2.183096209453035846e-04 3.979595787936133274e-04 -3.942159099925172721e-04 -2.182288311044137225e-04 9.999998984849918227e-01 7.777629296575887426e-03 9.999982118606567383e-01 -1.592163578607141972e-03 9.542952175252139568e-04 5.852478146553039551e-01 1.591698033735156059e-03 9.999986290931701660e-01 4.876716411672532558e-04 -6.372054107487201691e-03 -9.550714748911559582e-04 -4.861558554694056511e-04 9.999994039535522461e-01 7.779493462294340134e-03 4.748412704467773438e+01
1.025827000000000000e+08 9.999997403179307076e-01 -4.266092418902708286e-04 5.808344384631739877e-04 5.875553627720144778e-01 4.264223481374405109e-04 9.999998572871399150e-01 3.218535246652480791e-04 7.419495485593991793e-04 -5.809716612537773250e-04 -3.216057603095759127e-04 9.999997795208156459e-01 7.808035188647069816e-03 9.999973177909851074e-01 -1.891483669169247150e-03 1.328024314716458321e-03 5.802855491638183594e-01 1.890739542432129383e-03 9.999979734420776367e-01 5.566466134041547775e-04 -6.492889020591974258e-03 -1.329074031673371792e-03 -5.541372229345142841e-04 9.999989867210388184e-01 8.158751763403415680e-03 4.746742248535156250e+01
1.026866000000000000e+08 9.999995943487650640e-01 -8.843113151300585606e-05 8.963716838153295294e-04 5.530459777843428348e-01 8.786517758293140555e-05 9.999997968050884367e-01 6.314027796108790920e-04 5.322607818708923605e-04 -8.964273373424750139e-04 -6.313237636200256511e-04 9.999993989239533976e-01 7.981167822189740718e-03 9.999989271163940430e-01 -1.298944815061986446e-03 7.383770425803959370e-04 5.736734271049499512e-01 1.299058552831411362e-03 9.999991655349731445e-01 -1.462620712118223310e-04 -6.371477618813514709e-03 -7.381869363598525524e-04 1.472113071940839291e-04 9.999997019767761230e-01 9.437374770641326904e-03 4.732559967041015625e+01
1.027906000000000000e+08 9.999997708341137326e-01 -8.618841142696418887e-05 6.714933325428799546e-04 5.269272111145920645e-01 8.564609828119088377e-05 9.999996702158080453e-01 8.076094643750187296e-04 2.647124186713716693e-04 -6.715627176690610114e-04 -8.075517685167881788e-04 9.999994484316981902e-01 8.163817774566461613e-03 9.999997019767761230e-01 -7.144499686546623707e-04 1.609797036508098245e-04 5.627781748771667480e-01 7.144716219045221806e-04 9.999997615814208984e-01 -1.053632804541848600e-04 -7.798957172781229019e-03 -1.609036989975720644e-04 1.054918029694817960e-04 1.000000000000000000e+00 8.191375993192195892e-03 4.715548706054687500e+01
1.028944000000000000e+08 9.999998844919691932e-01 1.856214740437085470e-04 4.433516911156391415e-04 5.059523492478903428e-01 -1.860219110421657256e-04 9.999995746920721240e-01 9.033335726368127297e-04 -3.604384343705782233e-04 -4.431838244492649227e-04 -9.034159414214518310e-04 9.999994937137509643e-01 8.326273192394650913e-03 1.000000000000000000e+00 -2.125582104781642556e-04 -4.256268584867939353e-05 5.548619627952575684e-01 2.125722967321053147e-04 9.999999403953552246e-01 3.941761679016053677e-04 -2.670784015208482742e-03 4.247888864483684301e-05 -3.941835602745413780e-04 9.999998807907104492e-01 9.421605616807937622e-03 4.723449707031250000e+01
1.029985000000000000e+08 9.999986734617271056e-01 1.591234816373809013e-03 3.479173855454662087e-04 5.016695728818654221e-01 -1.591509859994306520e-03 9.999984201521654459e-01 7.917003809567141987e-04 -2.122158088823946319e-03 -3.466570546604886985e-04 -7.922530446933694808e-04 9.999996260819244975e-01 8.327879268522003081e-03 9.999997615814208984e-01 6.308867014013230801e-04 3.511189133860170841e-04 5.438410043716430664e-01 -6.312640034593641758e-04 9.999992251396179199e-01 1.069378107786178589e-03 -7.069650571793317795e-03 -3.504453925415873528e-04 -1.069598365575075150e-03 9.999993443489074707e-01 6.715536583214998245e-03 4.733385467529296875e+01
1.031024000000000000e+08 9.999990226470016896e-01 1.362480874937782496e-03 3.136096004293004755e-04 4.854541341750313599e-01 -1.362802859477727033e-03 9.999985421772759064e-01 1.028791426987440668e-03 -1.747850192675056693e-03 -3.122074346519978258e-04 -1.029217809539020043e-03 9.999994216184638907e-01 8.453014607284379048e-03 9.999988675117492676e-01 1.447585294954478741e-03 -1.160549072665162385e-04 5.318485498428344727e-01 -1.447464572265744209e-03 9.999984502792358398e-01 1.023211632855236530e-03 -5.825219675898551941e-03 1.175377983599901199e-04 -1.023056567646563053e-03 9.999995231628417969e-01 8.702240884304046631e-03 4.687241744995117188e+01
1.032065000000000000e+08 9.999987385917488147e-01 1.588040625654556573e-03 3.068903881456358691e-05 4.688275354836939357e-01 -1.588061351701530732e-03 9.999985026569240265e-01 6.875645244599739225e-04 -2.477221232609520991e-03 -2.959711243659440255e-05 -6.876123932381144775e-04 9.999997631565695766e-01 7.959622230874348683e-03 9.999991059303283691e-01 1.389521756209433079e-03 1.420655462425202131e-05 5.214565396308898926e-01 -1.389528159052133560e-03 9.999990463256835938e-01 3.841730649583041668e-04 -9.649405255913734436e-03 -1.367370441585080698e-05 -3.841903817374259233e-04 9.999999403953552246e-01 3.639331087470054626e-03 4.643532943725585938e+01
1.033103000000000000e+08 9.999987117168991357e-01 1.592215393234515169e-03 2.035060938288646534e-04 4.925455674100610581e-01 -1.592336703649770363e-03 9.999985538253248762e-01 5.973367002495898279e-04 -2.353596465424171325e-03 -2.025547108516795205e-04 -5.976599809275702415e-04 9.999998008870519817e-01 8.112433451572049342e-03 9.999991059303283691e-01 1.259042532183229923e-03 -5.096025779494084418e-05 5.094351768493652344e-01 -1.259056152775883675e-03 9.999990463256835938e-01 -5.538638215512037277e-04 -9.734906256198883057e-03 5.026280632591806352e-05 5.539322155527770519e-04 9.999998211860656738e-01 5.363976582884788513e-03 4.653104019165039062e+01
1.034143000000000000e+08 9.999988729744475613e-01 1.501321592497237593e-03 9.130003659158287245e-06 4.560493002098024995e-01 -1.501327384275770926e-03 9.999986475999972368e-01 6.714270752327675465e-04 -2.351462742508837311e-03 -8.121963366640062780e-06 -6.714400256415428529e-04 9.999997745511420844e-01 7.723449920513232765e-03 9.999989271163940430e-01 1.470088143832981586e-03 -2.311586576979607344e-04 4.966645538806915283e-01 -1.470121205784380436e-03 9.999988675117492676e-01 -7.634011126356199384e-05 -9.628060273826122284e-03 2.310455020051449537e-04 7.667544559808447957e-05 9.999999403953552246e-01 3.290538676083087921e-03 4.636313629150390625e+01
1.035183000000000000e+08 9.999990064745571949e-01 1.403970985227937689e-03 1.261564448195749894e-04 4.455901381937455996e-01 -1.404064395111950759e-03 9.999987379668573428e-01 7.434164144143315172e-04 -2.311351579999907594e-03 -1.251125505708049613e-04 -7.435928075767297236e-04 9.999997157082637367e-01 7.810087612896345066e-03 9.999982714653015137e-01 1.641627750359475613e-03 -8.329341071657836437e-04 4.848524928092956543e-01 -1.641514129005372524e-03 9.999986886978149414e-01 1.338357978966087103e-04 -8.444811217486858368e-03 8.331538410857319832e-04 -1.324595359619706869e-04 9.999996423721313477e-01 4.707955289632081985e-03 4.626857757568359375e+01
1.036223000000000000e+08 9.999987272215854484e-01 1.593509291231585186e-03 7.926744622499061791e-05 4.781363047335706051e-01 -1.593551322110311422e-03 9.999985882330549858e-01 5.330347630536297690e-04 -2.569911442215697898e-03 -7.841793846371330719e-05 -5.331604013632034941e-04 9.999998547952949624e-01 7.912221757183193413e-03 9.999992847442626953e-01 1.136417035013437271e-03 -3.196441102772951126e-04 4.757386147975921631e-01 -1.136317383497953415e-03 9.999993443489074707e-01 2.863599220290780067e-04 -7.312803063541650772e-03 3.199696948286145926e-04 -2.860001404769718647e-04 9.999998807907104492e-01 3.044135635718703270e-03 4.640566253662109375e+01
1.037263000000000000e+08 9.999984735162510407e-01 1.730539017035633443e-03 2.412464469092327930e-04 4.852441669352933196e-01 -1.730706383200653758e-03 9.999982606175751298e-01 6.952821046518288441e-04 -2.399491430242671041e-03 -2.400428144675394084e-04 -6.956985700847088429e-04 9.999997291914340947e-01 8.185089968830791193e-03 9.999994039535522461e-01 1.161854830570518970e-03 6.551061960635706782e-05 4.621981382369995117e-01 -1.161874504759907722e-03 9.999992847442626953e-01 1.668345357757061720e-04 -3.837312804535031319e-03 -6.531865801662206650e-05 -1.669133780524134636e-04 9.999999403953552246e-01 7.901690900325775146e-03 4.640182495117187500e+01
1.038303000000000000e+08 9.999985218197752213e-01 1.714067529531638915e-03 1.353913557738537692e-04 4.518412185042131046e-01 -1.714179263008971292e-03 9.999981867548748404e-01 8.295037545312313213e-04 -2.376251058677189207e-03 -1.339692848491713542e-04 -8.297346134256983067e-04 9.999996467962946056e-01 8.030354375722104435e-03 9.999992847442626953e-01 1.214868039824068546e-03 5.065304321760777384e-06 4.533020257949829102e-01 -1.214878633618354797e-03 9.999991655349731445e-01 4.626276204362511635e-04 -2.496079308912158012e-03 -4.502447609411319718e-06 -4.626257868949323893e-04 9.999999403953552246e-01 8.178343065083026886e-03 4.644505691528320312e+01
1.039343000000000000e+08 9.999980029250631341e-01 1.983239122716953708e-03 2.467965568529663259e-04 4.626856523463594439e-01 -1.983431095389957561e-03 9.999977287514492108e-01 7.800596872970091749e-04 -2.828840651807491662e-03 -2.452489514550143242e-04 -7.805476334155418390e-04 9.999996652991219870e-01 8.065896897583734251e-03 9.999992251396179199e-01 1.139473402872681618e-03 4.529032157734036446e-04 4.384515881538391113e-01 -1.139356405474245548e-03 9.999992847442626953e-01 -2.287808165419846773e-04 -3.397839376702904701e-03 -4.531624726951122284e-04 2.282588829984888434e-04 9.999998807907104492e-01 9.925523772835731506e-03 4.624563217163085938e+01
1.040384000000000000e+08 9.999993661787329735e-01 1.108756398510087147e-03 1.957074671106071809e-04 4.005431966982342940e-01 -1.108949365615158507e-03 9.999988963921774276e-01 9.886585794219673352e-04 -1.594357063173048195e-03 -1.946110696277222321e-04 -9.888749824552471937e-04 9.999994921262840286e-01 7.515341662779103336e-03 9.999995231628417969e-01 9.752513724379241467e-04 3.461597661953419447e-04 4.222915768623352051e-01 -9.750224417075514793e-04 9.999993443489074707e-01 -6.618807674385607243e-04 -3.736834740266203880e-03 -3.468049690127372742e-04 6.615439197048544884e-04 9.999997019767761230e-01 9.658726863563060760e-03 4.605785751342773438e+01
1.041423000000000000e+08 9.999992370016956844e-01 1.195436869319691994e-03 3.113305916900464213e-04 3.565412045152357434e-01 -1.195691361400126433e-03 9.999989501612905896e-01 8.185343678721662079e-04 -1.815562076204975221e-03 -3.103517586933459381e-04 -8.189059986261600435e-04 9.999996165373069568e-01 6.696782475855818373e-03 9.999989271163940430e-01 1.106339623220264912e-03 9.155928855761885643e-04 4.221780896186828613e-01 -1.105729024857282639e-03 9.999992251396179199e-01 -6.623248918913304806e-04 -8.926836890168488026e-04 -9.163254871964454651e-04 6.613058503717184067e-04 9.999993443489074707e-01 9.757054969668388367e-03 4.537308883666992188e+01
1.042510000000000000e+08 9.999997015509601850e-01 7.058436393699175221e-04 3.141381189758501069e-04 3.288012591931622763e-01 -7.060487824323540690e-04 9.999995372793749615e-01 6.534035268950631617e-04 -1.771917137712995761e-03 -3.136767729023713191e-04 -6.536251287199314327e-04 9.999997371905067212e-01 5.656188432949812647e-03 9.999985694885253906e-01 9.551392286084592342e-04 1.359078218229115009e-03 3.711633980274200439e-01 -9.563942439854145050e-04 9.999991059303283691e-01 9.248928399756550789e-04 1.022762851789593697e-03 -1.358193927444517612e-03 -9.261879022233188152e-04 9.999986290931701660e-01 8.627097122371196747e-03 4.564336013793945312e+01
1.043506000000000000e+08 9.999964917370874895e-01 2.600476250460722911e-03 5.040202414915898434e-04 3.260951596014614595e-01 -2.600945435015602440e-03 9.999961827790284641e-01 9.324750924221329815e-04 -4.398347259029046843e-03 -5.015934380701148445e-04 -9.337827502721967720e-04 9.999994382267105575e-01 6.160682244118333845e-03 9.999991655349731445e-01 9.594107978045940399e-04 8.407846908085048199e-04 3.696129024028778076e-01 -9.605794912204146385e-04 9.999985694885253906e-01 1.380752422846853733e-03 2.010358497500419617e-03 -8.394581964239478111e-04 -1.381552196107804775e-03 9.999986886978149414e-01 8.903742767870426178e-03 4.524102401733398438e+01
1.044552000000000000e+08 9.999964256053761602e-01 2.644676508509661347e-03 3.930168723924308571e-04 3.178655994286359587e-01 -2.645015370223698179e-03 9.999961285161099722e-01 8.642025671378301922e-04 -4.641437554238801548e-03 -3.907298144861420298e-04 -8.652390138593897247e-04 9.999995493457053408e-01 6.042255952334375270e-03 9.999995827674865723e-01 9.610711713321506977e-04 -8.464209531666710973e-05 3.424583971500396729e-01 -9.610230335965752602e-04 9.999993443489074707e-01 5.985244060866534710e-04 1.339516165899112821e-04 8.521629933966323733e-05 -5.984518211334943771e-04 9.999998211860656738e-01 8.547398261725902557e-03 4.511622238159179688e+01
1.045582000000000000e+08 9.999979154887168598e-01 2.041647483785419877e-03 -2.633574533209312007e-05 2.787901962872822992e-01 -2.041630290603393353e-03 9.999977128972322715e-01 6.371387917576761158e-04 -4.794711245722561334e-03 2.763649797345434653e-05 -6.370836957766156695e-04 9.999997966802637306e-01 5.142176808172641694e-03 9.999996423721313477e-01 7.340121665038168430e-04 -5.348488339222967625e-04 3.211951553821563721e-01 -7.346388301812112331e-04 9.999990463256835938e-01 -1.169193186797201633e-03 -2.088191220536828041e-03 5.339904455468058586e-04 1.169589930213987827e-03 9.999991655349731445e-01 1.369925588369369507e-02 4.517820739746093750e+01
1.046622000000000000e+08 9.999973845085933233e-01 2.244139644192451148e-03 -4.413765196833378097e-04 2.406125890473862772e-01 -2.243916732762136004e-03 9.999973549607438228e-01 5.048853483408332309e-04 -6.068180138795167475e-03 4.425083854506002968e-04 -5.038936156600154221e-04 9.999997751387512679e-01 4.439459921982045164e-03 9.999993443489074707e-01 6.151618435978889465e-04 -8.559295674785971642e-04 3.045074939727783203e-01 -6.158704054541885853e-04 9.999994635581970215e-01 -8.271078113466501236e-04 -3.524804720655083656e-03 8.554204832762479782e-04 8.276354637928307056e-04 9.999993443489074707e-01 1.041125878691673279e-02 4.541651153564453125e+01
1.047662000000000000e+08 9.999988270649384781e-01 1.507507616282560735e-03 -2.707203302116067663e-04 2.336490503545896880e-01 -1.507325204743681325e-03 9.999986376912699537e-01 6.727453371045287369e-04 -4.710907666127947362e-03 2.717341301423681658e-04 -6.723364844343478284e-04 9.999997370620684611e-01 4.272229551641356510e-03 9.999995827674865723e-01 7.138176588341593742e-04 -5.463166162371635437e-04 2.868742346763610840e-01 -7.141057285480201244e-04 9.999996423721313477e-01 -5.356891779229044914e-04 -1.381833804771304131e-03 5.459337844513356686e-04 5.360770737752318382e-04 9.999997019767761230e-01 1.075029931962490082e-02 4.533862304687500000e+01
1.048702000000000000e+08 9.999947335687118244e-01 3.184364943434898204e-03 -6.266210485305898688e-04 2.348073104864389915e-01 -3.184141493696571179e-03 9.999948667870589558e-01 3.572697736996677123e-04 -6.737586206508299445e-03 6.277555093812312286e-04 -3.552726419279965539e-04 9.999997398521313086e-01 5.103621437846640914e-03 9.999997019767761230e-01 5.917587550356984138e-04 -5.345168756321072578e-04 2.757911086082458496e-01 -5.914623616263270378e-04 9.999995827674865723e-01 5.518456455320119858e-04 -1.644809148274362087e-03 5.348433624021708965e-04 -5.515252705663442612e-04 9.999997019767761230e-01 8.992603980004787445e-03 4.522115325927734375e+01
1.049742000000000000e+08 9.999996119178311549e-01 7.181296073899103623e-04 -5.103469772880188035e-04 2.358577851901109690e-01 -7.179758322988570411e-04 9.999996968240294493e-01 3.014341390107113088e-04 -4.320736536818803319e-03 5.105632913476720186e-04 -3.010676052257674207e-04 9.999998243416921007e-01 3.603084323931763679e-03 9.999994039535522461e-01 4.976008203811943531e-04 -9.392346837557852268e-04 2.690865993499755859e-01 -4.975763149559497833e-04 9.999998807907104492e-01 2.040593062702100724e-05 -4.642525222152471542e-03 9.392455685883760452e-04 -1.993938712985254824e-05 9.999995231628417969e-01 7.438556756824254990e-03 4.515177536010742188e+01
1.050786000000000000e+08 9.999960004448419371e-01 2.759566108643771686e-03 -6.195880537979474518e-04 2.192882426150888631e-01 -2.759303384013624995e-03 9.999961030205797297e-01 4.244863131781853854e-04 -6.035112300870992645e-03 6.207570372983396484e-04 -4.227749840391749076e-04 9.999997179609720899e-01 4.912544688987595734e-03 9.999981522560119629e-01 3.651137812994420528e-04 -1.893136301077902317e-03 2.605431675910949707e-01 -3.659724316094070673e-04 9.999998211860656738e-01 -4.506282275542616844e-04 -4.956975579261779785e-03 1.892971340566873550e-03 4.513223248068243265e-04 9.999981522560119629e-01 6.093760486692190170e-03 4.516508865356445312e+01
1.051819000000000000e+08 9.999975010265732545e-01 2.105630753426810352e-03 -7.511724677827579877e-04 2.119303815444956995e-01 -2.105479593419259422e-03 9.999977630803225104e-01 2.019661728190418840e-04 -5.639323476598856640e-03 7.515960536263261360e-04 -2.003840899156975660e-04 9.999996974747690226e-01 4.465926158533460068e-03 9.999980926513671875e-01 4.384692001622170210e-04 -1.874683657661080360e-03 2.590916752815246582e-01 -4.392119299154728651e-04 9.999998211860656738e-01 -3.919485898222774267e-04 -7.655262481421232224e-03 1.874512410722672939e-03 3.927727520931512117e-04 9.999981522560119629e-01 4.612177610397338867e-03 4.553273773193359375e+01
1.052860000000000000e+08 9.999954308181899787e-01 2.932787050162277177e-03 -7.328732357336731297e-04 2.240693142630922619e-01 -2.932605917020164252e-03 9.999956691234177519e-01 2.481073266409738868e-04 -6.789667582340618533e-03 7.335977076794981218e-04 -2.459569646809387834e-04 9.999997006697530777e-01 4.872573399037131298e-03 9.999999403953552246e-01 2.860372478608042002e-04 -3.767689049709588289e-04 2.580931484699249268e-01 -2.860416716430336237e-04 1.000000000000000000e+00 -2.043170934484805912e-05 -6.228497717529535294e-03 3.767623566091060638e-04 2.053569733106996864e-05 9.999999403953552246e-01 4.303707741200923920e-03 4.659001541137695312e+01
1.053900000000000000e+08 9.999998921043126154e-01 2.826599487789988258e-04 -3.686390047052548274e-04 2.250202914951846267e-01 -2.824763346999575658e-04 9.999998360799327024e-01 4.980433986616417726e-04 -3.598684309702511464e-03 3.687797211999388675e-04 -4.979392131296905225e-04 9.999998080290095626e-01 3.430684532217910618e-03 9.999998807907104492e-01 8.415059710387140512e-05 5.467647570185363293e-04 2.562985122203826904e-01 -8.413511386606842279e-05 9.999999403953552246e-01 -3.219792415620759130e-05 -1.006721053272485733e-02 -5.467673763632774353e-04 3.214416574337519705e-05 9.999998807907104492e-01 3.716372186318039894e-03 4.778927993774414062e+01
1.054940000000000000e+08 9.999994384335634257e-01 6.251145469424945419e-05 -1.057934245836321310e-03 1.932852696332365006e-01 -6.307295532067347464e-05 9.999998571753845322e-01 -5.307268703606082653e-04 -5.562805238400800496e-03 1.057900918228344127e-03 5.307932993620571686e-04 9.999992995518104388e-01 2.516994141208812267e-03 9.999998807907104492e-01 1.207634995807893574e-04 5.051351618021726608e-04 2.530708312988281250e-01 -1.204287109430879354e-04 9.999998807907104492e-01 -6.491122767329216003e-04 -1.181587297469377518e-02 -5.052140913903713226e-04 6.490566884167492390e-04 9.999996423721313477e-01 4.292011260986328125e-03 4.574265670776367188e+01
1.055979000000000000e+08 9.999995848423278710e-01 -4.083607325008198471e-04 -8.145898781167293986e-04 1.955275491976981861e-01 4.081719300881031390e-04 9.999998898023422234e-01 -2.319288145075734003e-04 -4.173289622576003069e-03 8.146844989730605505e-04 2.315962254919747660e-04 9.999996413261071915e-01 2.982155930849444189e-03 1.000000000000000000e+00 1.254753442481160164e-04 2.488361787982285023e-04 2.527083754539489746e-01 -1.253404770977795124e-04 9.999998211860656738e-01 -5.559189012274146080e-04 -5.790357477962970734e-03 -2.489052130840718746e-04 5.558913107961416245e-04 9.999998211860656738e-01 3.950830083340406418e-03 4.520828628540039062e+01
1.057018000000000000e+08 9.999989084186649002e-01 -1.271378451246848573e-03 -7.528335470109929865e-04 1.999472114573399850e-01 1.271510153807920394e-03 9.999991764073103973e-01 1.744897063626654375e-04 -3.137386277283006706e-03 7.526110845339356592e-04 -1.754467513758384745e-04 9.999997013974569748e-01 2.347159307827633313e-03 9.999998807907104492e-01 2.419579141132999212e-05 3.405894094612449408e-04 2.512234151363372803e-01 -2.404739825578872114e-05 9.999998807907104492e-01 -4.235667583998292685e-04 -4.422684200108051300e-03 -3.405996831133961678e-04 4.235552041791379452e-04 9.999998211860656738e-01 5.239326041191816330e-03 4.545020675659179688e+01
1.058057000000000000e+08 9.999995884489322195e-01 -4.693499787784862474e-04 -7.764100312675946891e-04 2.099591272528107955e-01 4.693571734591359969e-04 9.999998898106489120e-01 9.084418097009595725e-06 -4.272479069377389284e-03 7.764056819438942348e-04 -9.448827987916326221e-06 9.999996985524131077e-01 2.758198079254623163e-03 1.000000000000000000e+00 -1.685252645984292030e-04 5.642581527354195714e-05 2.472628057003021240e-01 1.685051975073292851e-04 9.999999403953552246e-01 3.025893529411405325e-04 -3.132366808131337166e-03 -5.647661600960418582e-05 -3.025846090167760849e-04 1.000000000000000000e+00 4.435318056493997574e-03 4.599833679199218750e+01
1.059097000000000000e+08 9.999992644993278557e-01 -9.771221782076827417e-04 -7.184936208530496964e-04 2.127024290827869146e-01 9.772730291415776798e-04 9.999995004955271050e-01 2.096333560131957610e-04 -3.768443103235908330e-03 7.182884245651587236e-04 -2.103353662501468533e-04 9.999997199103530798e-01 2.541020279252367061e-03 1.000000000000000000e+00 -8.568959310650825500e-05 6.204385135788470507e-05 2.487948536872863770e-01 8.571020589442923665e-05 9.999999403953552246e-01 -3.544277569744735956e-04 -3.869623178616166115e-03 -6.201544601935893297e-05 3.544400387909263372e-04 9.999998211860656738e-01 9.583283099345862865e-04 4.566300964355468750e+01
1.060137000000000000e+08 9.999986495672759101e-01 -1.589345535624742947e-03 -4.181438654707480174e-04 2.021250473614890908e-01 1.589389522538830210e-03 9.999987314192538834e-01 1.048843845199040300e-04 -1.723913103908499955e-03 4.179766374869648793e-04 -1.055488363840572134e-04 9.999999070774790999e-01 3.125317322505775843e-03 9.999995231628417969e-01 -9.296992793679237366e-04 -1.899250346468761563e-04 2.471547871828079224e-01 9.295209893025457859e-04 9.999991059303283691e-01 -9.403818403370678425e-04 -3.351377323269844055e-03 1.908005360746756196e-04 9.402033756487071514e-04 9.999995827674865723e-01 4.729116335511207581e-03 4.565113449096679688e+01
1.061176000000000000e+08 9.999990310534005999e-01 -1.205346085652307013e-03 -6.964431918336115362e-04 2.221903774109065810e-01 1.205521666029175367e-03 9.999992416706227072e-01 2.517453631305609902e-04 -3.433227431841967634e-03 6.961392234194023606e-04 -2.525846965399093885e-04 9.999997257955451913e-01 2.519752303774707314e-03 9.999962449073791504e-01 -2.751885913312435150e-03 1.445109082851558924e-04 2.463485300540924072e-01 2.752087311819195747e-03 9.999952316284179688e-01 -1.415075967088341713e-03 -3.792720381170511246e-03 -1.406158989993855357e-04 1.415468403138220310e-03 9.999990463256835938e-01 4.829318728297948837e-03 4.558598327636718750e+01
1.062215000000000000e+08 9.999848278620788733e-01 -5.500152371154609990e-03 -3.039235653908020445e-04 2.577832016052928332e-01 5.500395408144653428e-03 9.999845489343506255e-01 8.047005084017748791e-04 2.390671138132037087e-03 2.994928940371613586e-04 -8.063599991586746160e-04 9.999996300437105079e-01 3.426213468553844163e-03 9.999900460243225098e-01 -4.444665275514125824e-03 -8.106653694994747639e-05 2.450557798147201538e-01 4.444648977369070053e-03 9.999900460243225098e-01 -2.820322988554835320e-04 -1.262163510546088219e-03 8.231976244132965803e-05 2.816641645040363073e-04 9.999999403953552246e-01 5.466010887175798416e-03 4.563174438476562500e+01
1.063255000000000000e+08 9.999864718656773510e-01 -5.194449877841287797e-03 -2.716196010286647334e-04 2.527486519811714127e-01 5.194645387995584784e-03 9.999862455665101679e-01 7.241120167244719137e-04 2.258882199437685801e-03 2.678545016320415563e-04 -7.255131882903326571e-04 9.999997009422573191e-01 3.519142800777618971e-03 9.999814629554748535e-01 -6.084812339395284653e-03 4.117934076930396259e-05 2.435104995965957642e-01 6.084789056330919266e-03 9.999813437461853027e-01 4.039091290906071663e-04 -2.416076837107539177e-03 -4.363691914477385581e-05 -4.036457976326346397e-04 9.999998807907104492e-01 3.234189236536622047e-03 4.600441741943359375e+01
1.064293000000000000e+08 9.999827321923828727e-01 -5.875266042381598747e-03 -1.287111134403390940e-04 2.246634444367930639e-01 5.875339940281488343e-03 9.999825709752182545e-01 5.814868411204286063e-04 3.707815441216657116e-03 1.252924802951011006e-04 -5.822330216509263119e-04 9.999998226532386125e-01 3.965809717561163961e-03 9.999712109565734863e-01 -7.569625508040189743e-03 -4.920621286146342754e-04 2.413041144609451294e-01 7.569755893200635910e-03 9.999713897705078125e-01 2.641039027366787195e-04 -3.000190947204828262e-03 4.900483181700110435e-04 -2.678189775906503201e-04 9.999998211860656738e-01 3.008952829986810684e-03 4.673676681518554688e+01
1.065332000000000000e+08 9.999669730154410185e-01 -8.108521496832494027e-03 -5.520517372571568174e-04 2.456876598927197342e-01 8.108888814943321019e-03 9.999669003611840745e-01 6.664142026652903044e-04 4.864338358235094535e-03 5.466298309554562182e-04 -6.708687189251477407e-04 9.999996255654455268e-01 3.549288764855574110e-03 9.999708533287048340e-01 -7.644799072295427322e-03 -3.304140409454703331e-05 2.420129030942916870e-01 7.644821424037218094e-03 9.999698996543884277e-01 1.271350658498704433e-03 -2.370829926803708076e-03 2.332033545826561749e-05 -1.271570101380348206e-03 9.999991655349731445e-01 2.330845920369029045e-03 4.626499176025390625e+01
1.066377000000000000e+08 9.999652262249324464e-01 -8.337238107085639255e-03 -1.918490643456044866e-04 2.421904918053817690e-01 8.337345848891123540e-03 9.999650825134741572e-01 5.678225365668994719e-04 6.278479315465999681e-03 1.871082940683564287e-04 -5.694023031340681882e-04 9.999998203857469736e-01 4.489941687906490349e-03 9.999834299087524414e-01 -5.751729477196931839e-03 -1.901042924146167934e-05 2.371867895126342773e-01 5.751752294600009918e-03 9.999812841415405273e-01 2.082162071019411087e-03 3.920517337974160910e-04 7.033764632069505751e-06 -2.082232618704438210e-03 9.999978542327880859e-01 4.570093471556901932e-03 4.617068862915039062e+01
1.067410000000000000e+08 9.999835281963055378e-01 -5.735542356977660697e-03 -2.165404655513972481e-04 2.241391725272144364e-01 5.735680612305176992e-03 9.999833438991579948e-01 6.433443894328913287e-04 3.461295008623686918e-03 2.128469298171666360e-04 -6.445757993466723909e-04 9.999997696090839883e-01 3.736129233940837981e-03 9.999888539314270020e-01 -4.705355502665042877e-03 -3.505802305880934000e-04 2.354110479354858398e-01 4.705885425209999084e-03 9.999879002571105957e-01 1.443003537133336067e-03 -1.533571747131645679e-03 3.437877458054572344e-04 -1.444641849957406521e-03 9.999989867210388184e-01 6.935261189937591553e-03 4.603283309936523438e+01
1.068450000000000000e+08 9.999904193607784819e-01 -4.370681634315775645e-03 -2.415125607210155863e-04 2.161925042496607718e-01 4.370814964778347265e-03 9.999902943044470804e-01 5.543221581808900405e-04 1.879943364586996249e-03 2.390874509481662831e-04 -5.553724541561725703e-04 9.999998171992935392e-01 3.501852178942772235e-03 9.999878406524658203e-01 -4.908964503556489944e-03 -3.974664141424000263e-04 2.380357384681701660e-01 4.908586386591196060e-03 9.999874234199523926e-01 -9.699870133772492409e-04 -3.743905806913971901e-03 4.022228531539440155e-04 9.680303046479821205e-04 9.999994039535522461e-01 3.577058669179677963e-03 4.567030334472656250e+01
1.069494000000000000e+08 9.999992517437071848e-01 -1.177716161835217846e-03 -3.309028740877009798e-04 2.016872908302814182e-01 1.177791690434501970e-03 9.999992803773786187e-01 2.281479810973492455e-04 -1.417922662960588182e-03 3.306339424058218814e-04 -2.285375450281221460e-04 9.999999192258924863e-01 3.454141878810871712e-03 9.999874234199523926e-01 -4.998791497200727463e-03 -1.949860597960650921e-04 2.354261875152587891e-01 4.998560529202222824e-03 9.999868869781494141e-01 -1.184018910862505436e-03 -3.594812238588929176e-03 2.009034942602738738e-04 1.183032873086631298e-03 9.999993443489074707e-01 2.119854791089892387e-03 4.572192001342773438e+01
1.070529000000000000e+08 9.999673782345194217e-01 -8.066693014262712319e-03 -4.134389252833232898e-04 2.334708204012947153e-01 8.066854317783703904e-03 9.999673863574227717e-01 3.899795761826337103e-04 5.133473837539670806e-03 4.102795960667658713e-04 -3.933020058813677089e-04 9.999998384920824046e-01 4.223268877194604788e-03 9.999918341636657715e-01 -4.044797271490097046e-03 -1.575722853885963559e-04 2.354857623577117920e-01 4.044951405376195908e-03 9.999912381172180176e-01 9.816129459068179131e-04 -2.950570487882941961e-04 1.536006020614877343e-04 -9.822489228099584579e-04 9.999994635581970215e-01 1.620751689188182354e-03 4.559715270996093750e+01
1.071568000000000000e+08 9.999927449378646083e-01 -3.782488226118524161e-03 -4.503934768137193086e-04 2.227255959719383338e-01 3.782701383777942444e-03 9.999927335227051239e-01 4.733622912559681405e-04 8.418727671770415318e-04 4.485997167253342392e-04 -4.750625610310712089e-04 9.999997865369033567e-01 3.075222182913585605e-03 9.999972581863403320e-01 -2.327597467228770256e-03 -1.787764776963740587e-04 2.328832298517227173e-01 2.328005619347095490e-03 9.999939203262329102e-01 2.621391788125038147e-03 4.604838788509368896e-03 1.726725749904289842e-04 -2.621803432703018188e-03 9.999965429306030273e-01 2.941329497843980789e-03 4.564342498779296875e+01
1.072607000000000000e+08 9.999976032073696341e-01 -2.164624106663363880e-03 -3.286063753161450832e-04 2.117700196005898039e-01 2.164730816678523979e-03 9.999976042434861601e-01 3.247274797546449970e-04 -5.069676028671473572e-04 3.279026751475355673e-04 -3.254380457741663010e-04 9.999998932849547550e-01 3.189063350213492114e-03 9.999998211860656738e-01 -5.716763553209602833e-04 -2.190626983065158129e-04 2.310395985841751099e-01 5.722168716602027416e-04 9.999971389770507812e-01 2.297841478139162064e-03 5.703411065042018890e-03 2.177494316129013896e-04 -2.297962550073862076e-03 9.999973177909851074e-01 6.002917885780334473e-03 4.576838302612304688e+01
1.073647000000000000e+08 9.999992765580708598e-01 1.061576856407993406e-03 -5.656305497367468101e-04 1.722588059378663827e-01 -1.061580490542586488e-03 9.999994365045183908e-01 -6.124733774941095007e-06 -3.790517513690746815e-03 5.656237291308887109e-04 6.725191698043338185e-06 9.999998400122722675e-01 4.285708412746755229e-03 9.999996423721313477e-01 7.447887910529971123e-04 -2.582388697192072868e-04 2.302100956439971924e-01 -7.447460084222257137e-04 9.999997019767761230e-01 6.566060619661584496e-05 -1.142166671343147755e-03 2.582895685918629169e-04 -6.547736848006024957e-05 1.000000000000000000e+00 4.031668417155742645e-03 4.596899032592773438e+01
1.074688000000000000e+08 9.999986412866151975e-01 1.521183808254510366e-03 -6.351571878768715214e-04 1.683822141894022184e-01 -1.521124415880776865e-03 9.999988386733510426e-01 9.398075575555422587e-05 -4.169718923371693552e-03 6.352994122606407494e-04 -9.301447492366511996e-05 9.999997938714538792e-01 4.382481779214597063e-03 9.999991655349731445e-01 1.324807060882449150e-03 1.382917980663478374e-04 2.287639379501342773e-01 -1.324821612797677517e-03 9.999990463256835938e-01 -4.693090450018644333e-04 -3.039514645934104919e-03 -1.389187818858772516e-04 4.691343638114631176e-04 9.999998211860656738e-01 2.684219973161816597e-03 4.628940963745117188e+01
1.075728000000000000e+08 9.999982240762055330e-01 1.759568982643640051e-03 -6.751011927876989990e-04 1.832256904729316072e-01 -1.759559022777145137e-03 9.999984518571449765e-01 1.534680389701977845e-05 -4.778171457297441561e-03 6.751271513933407645e-04 -1.415889631082254145e-05 9.999997720014137670e-01 4.619470188479584891e-03 9.999985098838806152e-01 1.716198516078293324e-03 2.473319182172417641e-04 2.276427000761032104e-01 -1.715919584967195988e-03 9.999982118606567383e-01 -8.109344635158777237e-04 -4.424456041306257248e-03 -2.487194724380970001e-04 8.105073357000946999e-04 9.999996423721313477e-01 3.562050638720393181e-03 4.606054306030273438e+01
1.076768000000000000e+08 9.999952428886913491e-01 2.962181779755082914e-03 -8.600459877060221510e-04 1.850662709800656447e-01 -2.962041133802236978e-03 9.999955995734260972e-01 1.647607813697106753e-04 -6.076366234626767379e-03 8.605302545208844871e-04 -1.622125059944716215e-04 9.999996165873188403e-01 4.983859723103324819e-03 9.999973773956298828e-01 2.238348359242081642e-03 4.665350716095417738e-04 2.309539169073104858e-01 -2.238470595329999924e-03 9.999974370002746582e-01 1.779801677912473679e-04 -1.119109569117426872e-03 -4.661374259740114212e-04 -1.790200185496360064e-04 9.999998807907104492e-01 8.093141950666904449e-03 4.640697479248046875e+01
1.077809000000000000e+08 9.999919561236513266e-01 3.909285024321666399e-03 -8.973172642198160714e-04 1.693089900235730527e-01 -3.909093937134042879e-03 9.999923364342598875e-01 2.146090318267215608e-04 -6.769333711689810157e-03 8.981493554606903920e-04 -2.110996079913089838e-04 9.999995743822464034e-01 5.551912067179171940e-03 9.999968409538269043e-01 2.513840794563293457e-03 2.021537220571190119e-04 2.271469980478286743e-01 -2.513884799554944038e-03 9.999968409538269043e-01 -1.463805674575269222e-04 -4.494099121075123549e-04 -2.025225403485819697e-04 1.458731421735137701e-04 9.999998807907104492e-01 7.849140092730522156e-03 4.652016067504882812e+01
1.078850000000000000e+08 9.999962010010153834e-01 2.687896728676512741e-03 -6.108965980611563576e-04 1.567998547842205936e-01 -2.687905318104384829e-03 9.999963874883012194e-01 -1.323978007720422081e-05 -4.816094304353759140e-03 6.108588040281964912e-04 1.488176200683910641e-05 9.999998133150084234e-01 5.241731711831797841e-03 9.999966621398925781e-01 2.494707703590393066e-03 -6.339992396533489227e-04 2.254008501768112183e-01 -2.494847401976585388e-03 9.999968409538269043e-01 -2.366241969866678119e-04 3.859214193653315306e-04 6.334068020805716515e-04 2.381945523666217923e-04 9.999998211860656738e-01 8.869392797350883484e-03 4.653292846679687500e+01
1.079890000000000000e+08 9.999932146002019628e-01 3.585011421348280412e-03 -8.476124107918844245e-04 1.833560590185707995e-01 -3.584805362901443641e-03 9.999935446746079926e-01 2.444989815922202149e-04 -6.242293158421589536e-03 8.484834708107739671e-04 -2.414587970834060923e-04 9.999996108866526789e-01 5.588025261558758963e-03 9.999963045120239258e-01 2.704462269321084023e-03 -9.666576079325750470e-05 2.243596464395523071e-01 -2.704426879063248634e-03 9.999963641166687012e-01 -1.700621796771883965e-04 -6.912908283993601799e-04 9.620722266845405102e-05 1.703292218735441566e-04 1.000000000000000000e+00 7.933724671602249146e-03 4.634873580932617188e+01
1.080930000000000000e+08 9.999935013489853475e-01 3.514637501710226025e-03 -8.028590986083785751e-04 1.815186317297260987e-01 -3.514511577622013699e-03 9.999938115710247377e-01 1.582015888471594402e-04 -6.169263650777330812e-03 8.034101514214158322e-04 -1.553789030886801065e-04 9.999996651946988502e-01 5.574514728882871625e-03 9.999949336051940918e-01 3.185721812769770622e-03 2.541842404752969742e-04 2.248415499925613403e-01 -3.185842186212539673e-03 9.999948740005493164e-01 2.232083352282643318e-04 -1.263363170437514782e-03 -2.534736995585262775e-04 -2.240218891529366374e-04 9.999999403953552246e-01 8.087589405477046967e-03 4.661088180541992188e+01
1.081971000000000000e+08 9.999940316938199514e-01 3.342350827171818028e-03 -8.747958530489408817e-04 1.857926475378394449e-01 -3.342237259287152151e-03 9.999944060959243819e-01 1.312518692956068055e-04 -6.405749468166996134e-03 8.752296493152324870e-04 -1.283273106737236647e-04 9.999996087525078181e-01 5.153522232921202949e-03 9.999926090240478516e-01 3.829799592494964600e-03 1.155874924734234810e-04 2.238731235265731812e-01 -3.829647554084658623e-03 9.999926686286926270e-01 -2.698889002203941345e-04 -3.581772092729806900e-03 -1.166163492598570883e-04 2.694533905014395714e-04 1.000000000000000000e+00 7.059454917907714844e-03 4.647430419921875000e+01
1.083011000000000000e+08 9.999980530164574999e-01 1.871438936737126676e-03 -6.258431809323990050e-04 1.713675162093907245e-01 -1.871376835033919730e-03 9.999982439928742917e-01 9.979973623583740256e-05 -4.326532421648606776e-03 6.260288510554450200e-04 -9.862835352232926771e-05 9.999997991801470310e-01 4.737281367658864595e-03 9.999912381172180176e-01 4.182917997241020203e-03 6.466251215897500515e-05 2.238603830337524414e-01 -4.182954318821430206e-03 9.999911785125732422e-01 -2.541551657486706972e-05 -5.657022818922996521e-03 -6.476993439719080925e-05 2.514415245968848467e-05 9.999999403953552246e-01 4.911253228783607483e-03 4.639017486572265625e+01
1.084051000000000000e+08 9.999871200970419372e-01 4.968685059695821665e-03 -1.035282119386486373e-03 2.076454175418494252e-01 -4.968504140231987803e-03 9.999876411978408930e-01 1.772524781294772299e-04 -8.791963237465349329e-03 1.036150036270540612e-03 -1.721063916912253479e-04 9.999994483860996652e-01 5.702859594845021557e-03 9.999917149543762207e-01 3.988669253885746002e-03 -7.297522388398647308e-04 2.275327742099761963e-01 -3.988717682659626007e-03 9.999920725822448730e-01 -6.158580072224140167e-05 -5.652317777276039124e-03 7.295024115592241287e-04 6.448463682318106294e-05 9.999998211860656738e-01 3.945514094084501266e-03 4.664726257324218750e+01
1.085091000000000000e+08 9.999916329933947745e-01 3.986393065623589430e-03 -9.179399641852122428e-04 2.125235828422289142e-01 -3.986282441491245318e-03 9.999920472645860148e-01 1.223115460424135438e-04 -7.386712861272380810e-03 9.184202459434266273e-04 -1.186513547535381362e-04 9.999995712129683412e-01 5.558918612718971412e-03 9.999898076057434082e-01 4.143134225159883499e-03 -1.817086362279951572e-03 2.354867309331893921e-01 -4.143118392676115036e-03 9.999914765357971191e-01 1.130038435803726315e-05 -5.749121773988008499e-03 1.817116281017661095e-03 -3.758682169063831680e-06 9.999982714653015137e-01 3.951647318899631500e-03 4.636003112792968750e+01
1.086130000000000000e+08 9.999882217180238175e-01 4.742689449823431561e-03 -1.031175609944456548e-03 2.111425785904341434e-01 -4.742665067673765972e-03 9.999887531610046620e-01 2.608899242406064337e-05 -7.990827880378373327e-03 1.031287744462135690e-03 -2.119816483155537978e-05 9.999994679979969936e-01 5.778557641055454518e-03 9.999884963035583496e-01 4.563456866890192032e-03 -1.458836137317121029e-03 2.469817996025085449e-01 -4.564198199659585953e-03 9.999893903732299805e-01 -5.037813680246472359e-04 -9.318605996668338776e-03 1.456522499211132526e-03 5.104253650642931461e-04 9.999988079071044922e-01 7.987673743627965450e-04 4.637667083740234375e+01
1.087170000000000000e+08 9.999873504808017843e-01 4.927513127923863895e-03 -1.009204114655707545e-03 2.107900572774044634e-01 -4.927462561108122280e-03 9.999878586000960912e-01 5.258593399291641300e-05 -7.908481040754554436e-03 1.009450979383257714e-03 -4.761245335098242336e-05 9.999994893707606636e-01 6.049827150417244441e-03 9.999893903732299805e-01 4.587483126670122147e-03 -2.913096686825156212e-04 2.590273916721343994e-01 -4.587563220411539078e-03 9.999894499778747559e-01 -2.834270999301224947e-04 -8.215224370360374451e-03 2.900089602917432785e-04 2.847651485353708267e-04 9.999999403953552246e-01 1.232446520589292049e-03 4.726211166381835938e+01
1.088210000000000000e+08 9.999893594544421171e-01 4.567631596012035680e-03 -6.463116964844862946e-04 2.584935490408616365e-01 -4.567771785618455690e-03 9.999895444343170903e-01 -2.155975066297568534e-04 -7.175003867839047263e-03 6.453201689147049312e-04 2.185474169820352517e-04 9.999997678994185790e-01 6.529074345662906446e-03 9.999883174896240234e-01 4.831550177186727524e-03 4.113233881071209908e-04 2.705426216125488281e-01 -4.831361584365367889e-03 9.999882578849792480e-01 -4.731332010123878717e-04 -9.784440509974956512e-03 -4.136070783715695143e-04 4.711362125817686319e-04 9.999997615814208984e-01 7.268541230587288737e-05 4.680451202392578125e+01
1.089250000000000000e+08 9.999901482800540586e-01 4.346854266196624461e-03 -8.990000732997847042e-04 2.340076676929758182e-01 -4.347199535274477028e-03 9.999904777442438775e-01 -3.824622034478050150e-04 -7.010943825189180391e-03 8.973290053565549217e-04 3.863665681771446224e-04 9.999995227606591763e-01 5.997517174794452302e-03 9.999881982803344727e-01 4.843736998736858368e-03 2.521413262002170086e-04 2.815752327442169189e-01 -4.843519534915685654e-03 9.999879002571105957e-01 -8.166045299731194973e-04 -9.540200233459472656e-03 -2.560922876000404358e-04 8.153764647431671619e-04 9.999996423721313477e-01 1.781050697900354862e-03 4.671955108642578125e+01
1.090288000000000000e+08 9.999897015735493833e-01 4.451797958900079524e-03 -8.821801710211353911e-04 2.208722033723860556e-01 -4.452151093444876515e-03 9.999900096291184370e-01 -3.987388515338077030e-04 -7.086320279623271705e-03 8.803962529153508583e-04 4.026623445493620517e-04 9.999995313826289811e-01 5.823096882855649525e-03 9.999872446060180664e-01 4.978803452104330063e-03 8.748925756663084030e-04 2.927934527397155762e-01 -4.977140109986066818e-03 9.999858736991882324e-01 -1.901915413327515125e-03 -1.305241789668798447e-02 -8.843498071655631065e-04 1.897537149488925934e-03 9.999977946281433105e-01 2.835624385625123978e-03 4.689379119873046875e+01
1.091328000000000000e+08 9.999896528292985254e-01 4.476537464092090329e-03 -8.092258101846940780e-04 2.300847850063985900e-01 -4.476930280281354174e-03 9.999898612401579845e-01 -4.842642879717148712e-04 -6.734884333938142773e-03 8.070497783836114766e-04 4.878821247850653937e-04 9.999995553207393639e-01 6.164295602629265257e-03 9.999850392341613770e-01 5.273062735795974731e-03 1.477151759900152683e-03 3.016636967658996582e-01 -5.270439200103282928e-03 9.999845027923583984e-01 -1.779000856913626194e-03 -9.736970998346805573e-03 -1.486510853283107281e-03 1.771190087310969830e-03 9.999973177909851074e-01 3.964128438383340836e-03 4.689990234375000000e+01
1.092368000000000000e+08 9.999900707004659717e-01 4.383270856097810572e-03 -8.033901834232664478e-04 2.514867344008431815e-01 -4.383768540744891265e-03 9.999901997998345005e-01 -6.187700643959316614e-04 -6.751663715512354856e-03 8.006700730717437138e-04 6.222857972834537578e-04 9.999994858437446510e-01 6.387941885675793401e-03 9.999873042106628418e-01 4.842826630920171738e-03 1.382473157718777657e-03 3.092903196811676025e-01 -4.841315560042858124e-03 9.999876618385314941e-01 -1.088695717044174671e-03 -5.088354926556348801e-03 -1.387728145346045494e-03 1.081984257325530052e-03 9.999984502792358398e-01 3.124374663457274437e-03 4.740262222290039062e+01
1.093407000000000000e+08 9.999905835007848465e-01 4.332103329833697156e-03 -2.564957170762964837e-04 3.059764374068905668e-01 -4.332200892452337318e-03 9.999905433764519902e-01 -3.810415296554463867e-04 -7.071488919320897092e-03 2.548425801742333326e-04 3.821491325788734742e-04 9.999998945086417956e-01 6.580433185697868656e-03 9.999887943267822266e-01 4.686012864112854004e-03 6.394111551344394684e-04 3.170076906681060791e-01 -4.685463383793830872e-03 9.999886751174926758e-01 -8.647738141007721424e-04 -6.694037001579999924e-03 -6.434575188905000687e-04 8.617708808742463589e-04 9.999993443489074707e-01 2.848165575414896011e-03 4.719420623779296875e+01
1.094447000000000000e+08 9.999901075597531497e-01 4.417285819605558730e-03 -5.218897736468519752e-04 2.812607579277183745e-01 -4.417573771220968323e-03 9.999900901809778420e-01 -5.518896000743825055e-04 -7.094559988175048147e-03 5.194467477480929499e-04 5.541896270784516269e-04 9.999997115244296797e-01 6.580953245525083400e-03 9.999907016754150391e-01 4.250224214047193527e-03 7.696691900491714478e-04 3.246772289276123047e-01 -4.250301048159599304e-03 9.999908804893493652e-01 9.260174556402489543e-05 -8.132859133183956146e-03 -7.692690705880522728e-04 -9.586937085259705782e-05 9.999997019767761230e-01 2.710444678086787462e-04 4.714166259765625000e+01
1.095486000000000000e+08 9.999901480911730367e-01 4.427717123665000400e-03 -3.147077498240134883e-04 2.975452171395337464e-01 -4.427850776256520536e-03 9.999901065931925404e-01 -4.252676060258470244e-04 -7.107949079949042737e-03 3.128216715639829909e-04 4.266568953317929468e-04 9.999998600532329363e-01 6.625408318970663415e-03 9.999904632568359375e-01 4.230956546962261200e-03 1.020754687488079071e-03 3.343733251094818115e-01 -4.230995196849107742e-03 9.999910593032836914e-01 3.704571281559765339e-05 -7.438086904585361481e-03 -1.020587864331901073e-03 -4.136858478887006640e-05 9.999995231628417969e-01 2.225538017228245735e-03 4.720931243896484375e+01
1.096526000000000000e+08 9.999904739662092146e-01 4.350735405863756337e-03 -3.508231849586260502e-04 2.948964332601025085e-01 -4.350896961542684814e-03 9.999904285113869751e-01 -4.610638557371342567e-04 -6.871457924522960010e-03 3.488138600738483592e-04 4.625858592651628238e-04 9.999998321715808380e-01 6.722459375224866876e-03 9.999907612800598145e-01 4.157417919486761093e-03 1.080910675227642059e-03 3.408375382423400879e-01 -4.156349692493677139e-03 9.999909400939941406e-01 -9.883582824841141701e-04 -6.879941560328006744e-03 -1.085010590031743050e-03 9.838599944487214088e-04 9.999989271163940430e-01 4.372174851596355438e-03 4.732998275756835938e+01
1.097565000000000000e+08 9.999931639110374304e-01 3.678143086338230873e-03 -3.786747933916434126e-04 3.072398131835807900e-01 -3.678288105858774047e-03 9.999931617363948533e-01 -3.829843708430269184e-04 -5.824750729830813906e-03 3.772635325946616471e-04 3.843746277194029764e-04 9.999998549641754275e-01 6.764721534033216535e-03 9.999938011169433594e-01 3.517583012580871582e-03 4.023317596875131130e-04 3.493800461292266846e-01 -3.516906173899769783e-03 9.999923706054687500e-01 -1.666880794800817966e-03 -8.584131486713886261e-03 -4.081925144419074059e-04 1.665454357862472534e-03 9.999985098838806152e-01 4.964414052665233612e-03 4.750342559814453125e+01
1.098605000000000000e+08 9.999935066903341552e-01 3.593652525803823789e-03 -2.687733802774997394e-04 3.614752814627624211e-01 -3.593693042507590130e-03 9.999935313519678903e-01 -1.504159997542488583e-04 -4.960117593415547602e-03 2.682310988579385052e-04 1.513809120507816637e-04 9.999999525679490464e-01 6.894136940718829584e-03 9.999951124191284180e-01 2.586307236924767494e-03 -1.720660948194563389e-03 3.559387624263763428e-01 -2.590572461485862732e-03 9.999935626983642578e-01 -2.481532515957951546e-03 -1.090722251683473587e-02 1.714233774691820145e-03 2.485977020114660263e-03 9.999955296516418457e-01 2.961786929517984390e-03 4.744233703613281250e+01
1.099644000000000000e+08 9.999997671486340334e-01 6.325013325207229191e-04 -2.562122964804477423e-04 2.993422306551801193e-01 -6.325106691345530781e-04 9.999997993040253830e-01 -3.636153858874081218e-05 -2.302467108157187515e-03 2.561892463380047733e-04 3.652358713339150904e-05 9.999999665165482110e-01 5.029151899807823671e-03 9.999960660934448242e-01 1.592866610735654831e-03 -2.315277699381113052e-03 3.652888238430023193e-01 -1.595845445990562439e-03 9.999979138374328613e-01 -1.287262770347297192e-03 -7.772678975015878677e-03 2.313222503289580345e-03 1.290953950956463814e-03 9.999964833259582520e-01 2.495198044925928116e-03 4.739494323730468750e+01
1.100682000000000000e+08 9.999966087787807156e-01 2.602986644595742510e-03 8.301685090062370322e-05 3.751904716681699892e-01 -2.603011243967349921e-03 9.999965678778479639e-01 2.975992669010130718e-04 -3.774571101266368557e-03 -8.224191909731244545e-05 -2.978143514618929871e-04 9.999999522714405620e-01 7.162634802575076030e-03 9.999965429306030273e-01 1.391715253703296185e-03 -2.236552303656935692e-03 3.762755393981933594e-01 -1.388752483762800694e-03 9.999981522560119629e-01 1.326558412984013557e-03 -3.086431184783577919e-03 2.238394459709525108e-03 -1.323449425399303436e-03 9.999966621398925781e-01 1.311987638473510742e-03 4.749785614013671875e+01
1.101721000000000000e+08 9.999995485371152570e-01 9.096285653310157236e-04 -2.747753354905151406e-04 4.060294853770383128e-01 -9.094894931203059609e-04 9.999994584811585652e-01 5.058322914324269153e-04 -1.766781034679807891e-03 2.752353061724750445e-04 -5.055821578001430412e-04 9.999998343160987346e-01 7.126732861624647704e-03 9.999967813491821289e-01 2.516318578273057938e-03 6.205133104231208563e-05 3.876050710678100586e-01 -2.516508102416992188e-03 9.999910593032836914e-01 3.383941715583205223e-03 6.436183466576039791e-04 -5.353585220291279256e-05 -3.384085837751626968e-03 9.999942183494567871e-01 -2.089541521854698658e-04 4.745075225830078125e+01
1.102760000000000000e+08 9.999889876427151547e-01 4.644825969984643817e-03 6.709576518601618978e-04 4.207274895044988416e-01 -4.645554685520907924e-03 9.999886167791267599e-01 1.088638125735655023e-03 -4.777481203041469143e-03 -6.658934793705621009e-04 -1.091743107844839666e-03 9.999991823410649960e-01 8.298789993314200850e-03 9.999853372573852539e-01 5.292772781103849411e-03 1.244816696271300316e-03 4.007709324359893799e-01 -5.298986099660396576e-03 9.999732971191406250e-01 5.039638374000787735e-03 -1.906461268663406372e-02 -1.218110905028879642e-03 -5.046157166361808777e-03 9.999865889549255371e-01 -1.326236966997385025e-02 4.755072021484375000e+01
1.103800000000000000e+08 9.999679590999037693e-01 8.004362034253149905e-03 -1.047027582877877464e-04 4.130645875323029070e-01 -8.004393817102304493e-03 9.999679172806540395e-01 -3.067404152028541478e-04 -9.364010256814780248e-03 1.022441378304525013e-04 3.075686690662715497e-04 9.999999474738242577e-01 7.889675160648286847e-03 9.999685287475585938e-01 7.870750501751899719e-03 1.007738057523965836e-03 4.080320596694946289e-01 -7.868798449635505676e-03 9.999671578407287598e-01 -1.924818614497780800e-03 -4.490068927407264709e-02 -1.022855285555124283e-03 1.916826586239039898e-03 9.999976158142089844e-01 -2.284753695130348206e-02 4.750000000000000000e+01
1.104840000000000000e+08 9.999595869542027282e-01 8.848724000120000016e-03 -1.588881054153187464e-03 4.055361471932578121e-01 -8.851733467672918271e-03 9.999590229904019578e-01 -1.897144108153251676e-03 -1.157578683564027336e-02 1.572028642177309213e-03 1.911131790202263156e-03 9.999969381459667961e-01 5.811840470565642416e-03 9.999689459800720215e-01 7.877934724092483521e-03 1.855072187026962638e-04 4.025025069713592529e-01 -7.876107469201087952e-03 9.999337196350097656e-01 -8.396460674703121185e-03 -4.433039575815200806e-02 -2.516421081963926554e-04 8.394738659262657166e-03 9.999647140502929688e-01 -8.808981627225875854e-03 4.783910369873046875e+01
1.105878000000000000e+08 9.999827435124978292e-01 5.786691615730562947e-03 -1.013350267522652786e-03 4.144558451991522396e-01 -5.787988780888147534e-03 9.999824278615032647e-01 -1.281856276520462181e-03 -8.322730659328236510e-03 1.005914754125595634e-03 1.287699415925773428e-03 9.999986649820239437e-01 6.487695901937600047e-03 9.999899864196777344e-01 3.710662946105003357e-03 -2.484287833794951439e-03 3.976321220397949219e-01 -3.732095239683985710e-03 9.999553561210632324e-01 -8.678995072841644287e-03 -4.852667823433876038e-02 2.451973967254161835e-03 8.688182570040225983e-03 9.999592900276184082e-01 -5.824875552207231522e-03 4.770569610595703125e+01
1.106917000000000000e+08 9.999983144746437125e-01 -1.292812197312881916e-03 -1.303719385643510456e-03 3.525098279839221638e-01 1.291178389137485069e-03 9.999983811050491278e-01 -1.253253925141889274e-03 -1.150372252979818067e-03 1.305337497143165123e-03 1.251568478325601344e-03 9.999983648337195108e-01 4.518479320251712027e-03 9.999899268150329590e-01 -2.978580305352807045e-03 -3.369089448824524879e-03 3.908353447914123535e-01 2.966048428788781166e-03 9.999886751174926758e-01 -3.718661842867732048e-03 -2.205699868500232697e-02 3.380127483978867531e-03 3.708631033077836037e-03 9.999874234199523926e-01 2.084529260173439980e-03 4.763379287719726562e+01
1.107956000000000000e+08 9.999746051531958058e-01 -7.113192066657103400e-03 -4.376618863101895164e-04 3.841741235518623121e-01 7.113422035621996993e-03 9.999745608704970756e-01 5.261552949892655921e-04 5.775471992711223024e-03 4.339081089465165152e-04 -5.292552070261494386e-04 9.999997658063147776e-01 6.143279460991294370e-03 9.999349117279052734e-01 -1.120945252478122711e-02 -2.125509083271026611e-03 3.874817192554473877e-01 1.121696084737777710e-02 9.999307990074157715e-01 3.554497146978974342e-03 -7.696514483541250229e-03 2.085519488900899887e-03 -3.578107338398694992e-03 9.999914169311523438e-01 -4.174032714217901230e-03 4.870227050781250000e+01
1.108992000000000000e+08 9.998961473182342852e-01 -1.440607352877120578e-02 -3.995267496644083326e-04 3.853903858046081599e-01 1.440648607703099576e-02 9.998956702131516217e-01 1.049688469681571640e-03 1.263248746537858763e-02 3.843631777003559281e-04 -1.055335233330116423e-03 9.999993692660413824e-01 5.234655067570303036e-03 9.998555183410644531e-01 -1.657802611589431763e-02 -3.768549766391515732e-03 3.814043402671813965e-01 1.659686490893363953e-02 9.998496174812316895e-01 5.024745594710111618e-03 6.667250301688909531e-03 3.684686729684472084e-03 -5.086568184196949005e-03 9.999802708625793457e-01 -6.061343941837549210e-03 4.782720184326171875e+01
1.110029000000000000e+08 9.998994736935156169e-01 -1.417158753077293540e-02 -4.567460979620020160e-04 4.397057245800592429e-01 1.417202355163223182e-02 9.998991052462314899e-01 9.659601220739476041e-04 1.401349211299659017e-02 4.430108264408394035e-04 -9.723360340421591426e-04 9.999994291518670142e-01 5.575592078677781178e-03 9.998401999473571777e-01 -1.750545762479305267e-02 -3.613986540585756302e-03 3.783032894134521484e-01 1.753169298171997070e-02 9.998192787170410156e-01 7.358934264630079269e-03 8.079738356173038483e-03 3.484516404569149017e-03 -7.421118672937154770e-03 9.999664425849914551e-01 -6.710942368954420090e-03 4.764464187622070312e+01
1.111066000000000000e+08 9.998247352329625581e-01 -1.870512175481231845e-02 -7.856307902444418763e-04 3.734939910520934103e-01 1.870575153758246775e-02 9.998247103917191625e-01 8.020777959176750814e-04 1.761486157292707633e-02 7.704901136058524584e-04 -8.166330351632258323e-04 9.999993697274994764e-01 4.173429460978026785e-03 9.998189210891723633e-01 -1.891045458614826202e-02 -2.106411149725317955e-03 3.752753436565399170e-01 1.891170628368854523e-02 9.998209476470947266e-01 5.761371576227247715e-04 1.771854469552636147e-03 2.095127943903207779e-03 -6.158733158372342587e-04 9.999976158142089844e-01 -4.292757716029882431e-03 4.768703842163085938e+01
1.112102000000000000e+08 9.997627638114442439e-01 -2.178096142756431181e-02 -7.634173913516600213e-05 4.330364305923685153e-01 2.178103867052266079e-02 9.997620139209859591e-01 1.225515318304531975e-03 2.061877673292450419e-02 4.963066970028236907e-05 -1.226887384057046004e-03 9.999992461418076850e-01 5.785940571333531533e-03 9.997339844703674316e-01 -2.306681871414184570e-02 -1.395770668750628829e-04 3.735712468624114990e-01 2.306603081524372101e-02 9.997250437736511230e-01 -4.215900786221027374e-03 -4.488041624426841736e-03 2.367919805692508817e-04 4.211564082652330399e-03 9.999910593032836914e-01 -8.311239071190357208e-04 4.779391860961914062e+01
1.113140000000000000e+08 9.997239057948761332e-01 -2.349529811606577978e-02 2.883497657688991649e-04 3.261474049882739368e-01 2.349501377293515547e-02 9.997235000492497026e-01 9.527717435783786010e-04 2.231990088461194288e-02 -3.106556933495243462e-04 -9.457339070636564243e-04 9.999995045400831284e-01 5.320217054375765524e-03 9.996900558471679688e-01 -2.414589747786521912e-02 6.055166944861412048e-03 3.739606440067291260e-01 2.414846234023571014e-02 9.997083544731140137e-01 -3.447096969466656446e-04 4.181456286460161209e-03 -6.045076996088027954e-03 4.908269038423895836e-04 9.999815821647644043e-01 4.375937860459089279e-03 4.800147247314453125e+01
1.114177000000000000e+08 9.997430191370743069e-01 -2.266871474091973482e-02 1.583927444413950683e-04 4.390361119459694206e-01 2.266852462163666815e-02 9.997424157406796796e-01 1.113638234299219043e-03 2.105211631016029594e-02 -1.835966909710202641e-04 -1.109761520980634408e-03 9.999993673606470956e-01 6.196935315454711601e-03 9.996522665023803711e-01 -2.550111897289752960e-02 6.710550747811794281e-03 3.698181211948394775e-01 2.546774409711360931e-02 9.996630549430847168e-01 5.005931481719017029e-03 1.744092069566249847e-02 -6.835951935499906540e-03 -4.833295475691556931e-03 9.999650120735168457e-01 8.490069769322872162e-03 4.785007858276367188e+01
1.115213000000000000e+08 9.996257190013385641e-01 -2.735526382441329923e-02 3.337498122568802379e-04 4.521154934438840756e-01 2.735489357850497127e-02 9.996252147440212177e-01 1.067605721457339082e-03 2.535849545418809511e-02 -3.628293663747654920e-04 -1.058076445520848971e-03 9.999993744142946506e-01 6.558362494621724527e-03 9.996439218521118164e-01 -2.643462270498275757e-02 3.635877743363380432e-03 3.616249263286590576e-01 2.641724981367588043e-02 9.996398091316223145e-01 4.728351254016160965e-03 1.818117126822471619e-02 -3.759560873731970787e-03 -4.630611278116703033e-03 9.999822378158569336e-01 6.072332151234149933e-03 4.765267181396484375e+01
1.116251000000000000e+08 9.996202757953978058e-01 -2.755544148448868177e-02 -4.349374705662784751e-05 4.138363642103893847e-01 2.755546874412112893e-02 9.996199046044542680e-01 8.616781762958626188e-04 2.593820915522036807e-02 1.973329360611172228e-05 -8.625494667907717241e-04 9.999996278094518409e-01 5.524504626185132786e-03 9.996564984321594238e-01 -2.616375312209129333e-02 1.546996994875371456e-03 3.553029000759124756e-01 2.616026997566223145e-02 9.996551871299743652e-01 2.297237981110811234e-03 1.565154269337654114e-02 -1.606567762792110443e-03 -2.255974337458610535e-03 9.999961256980895996e-01 5.834001582115888596e-03 4.769225692749023438e+01
1.117287000000000000e+08 9.995922270864383563e-01 -2.854749018770614752e-02 6.483916462926393124e-04 2.951847049884866458e-01 2.854654396712101930e-02 9.995914493875498463e-01 1.424499320402007087e-03 2.716322446556809073e-02 -6.887926229189077817e-04 -1.405409108914678316e-03 9.999987751943186787e-01 5.393059794506892095e-03 9.996980428695678711e-01 -2.438518404960632324e-02 3.037186572328209877e-03 3.531458079814910889e-01 2.438381500542163849e-02 9.997025132179260254e-01 5.020523676648736000e-04 7.797677069902420044e-03 -3.048525191843509674e-03 -4.278431006241589785e-04 9.999952912330627441e-01 4.936794750392436981e-03 4.778969573974609375e+01
1.118325000000000000e+08 9.996754956933784353e-01 -2.547177190104461461e-02 3.035526344534815696e-04 3.637120159483379633e-01 2.547147584708180437e-02 9.996751052896403200e-01 9.422208328595551002e-04 2.498276377429639247e-02 -3.274540460249072732e-04 -9.341831445172411614e-04 9.999995100377284674e-01 5.074089358408557550e-03 9.997683167457580566e-01 -2.136424370110034943e-02 2.601643092930316925e-03 3.521535694599151611e-01 2.136744186282157898e-02 9.997709393501281738e-01 -1.249042456038296223e-03 6.279952824115753174e-03 -2.574365353211760521e-03 1.304344041272997856e-03 9.999957680702209473e-01 5.962801165878772736e-03 4.770774459838867188e+01
1.119364000000000000e+08 9.997318179844675301e-01 -2.315744971427061150e-02 1.570496584824125109e-04 2.764165218626733478e-01 2.315730215451947127e-02 9.997314428932186914e-01 8.840135775312904856e-04 2.036600099116394821e-02 -1.774789804151340709e-04 -8.801396548275266726e-04 9.999995969276428420e-01 5.414582108972390388e-03 9.998918175697326660e-01 -1.429980900138616562e-02 3.443457419052720070e-03 3.494898378849029541e-01 1.428536418825387955e-02 9.998892545700073242e-01 4.180673509836196899e-03 1.419605314731597900e-02 -3.502860199660062790e-03 -4.131034482270479202e-03 9.999853372573852539e-01 7.840291596949100494e-03 4.768956756591796875e+01
1.120402000000000000e+08 9.999997339345424452e-01 -3.876799660499598483e-04 6.179280330230393914e-04 4.819313174122605292e-01 3.866929530222393079e-04 9.999986506446765233e-01 1.596614296824830446e-03 3.926743748036564557e-04 -6.185461746346515577e-04 -1.596374923589696706e-03 9.999985344926985986e-01 8.772377617205055766e-03 9.999576210975646973e-01 -8.462941274046897888e-03 3.616480156779289246e-03 3.478126823902130127e-01 8.438639342784881592e-03 9.999421238899230957e-01 6.671983748674392700e-03 1.346332207322120667e-02 -3.672735998407006264e-03 -6.641184445470571518e-03 9.999712705612182617e-01 9.842046536505222321e-03 4.755577468872070312e+01
1.121442000000000000e+08 9.999998398455098858e-01 3.878042543046700437e-04 4.122096484615535750e-04 4.311127197095668273e-01 -3.883199220896655073e-04 9.999991413005823171e-01 1.251641172604041471e-03 -9.339093730635088155e-04 -4.117239026943600856e-04 -1.251801041377000436e-03 9.999991317383573053e-01 7.866900164452463387e-03 9.999933838844299316e-01 -2.219261135905981064e-03 2.917255274951457977e-03 3.439950048923492432e-01 2.207662211731076241e-03 9.999895691871643066e-01 3.985490184277296066e-03 2.657179487869143486e-03 -2.926067216321825981e-03 -3.979021217674016953e-03 9.999877214431762695e-01 5.218299571424722672e-03 4.761334228515625000e+01
1.122483000000000000e+08 9.999913466307607246e-01 4.157804470471235074e-03 1.390187780003279282e-04 3.327797333902249854e-01 -4.157793042122462542e-03 9.999913529469389717e-01 -8.239542815062007343e-05 -5.997816704034143048e-03 -1.393601599645125501e-04 8.181670386598282295e-05 9.999999869423867871e-01 6.781088963370051487e-03 9.999895691871643066e-01 4.553612787276506424e-03 1.706441544229164720e-04 3.386184573173522949e-01 -4.553745035082101822e-03 9.999884963035583496e-01 1.527690095826983452e-03 -4.864338319748640060e-03 -1.636836532270535827e-04 -1.528458553366363049e-03 9.999988675117492676e-01 5.427849013358354568e-03 4.740195083618164062e+01
1.123525000000000000e+08 9.999590037166962153e-01 8.999971369417799141e-03 -9.956904924385177273e-04 2.123427260337768241e-01 -9.000390931798234531e-03 9.999594084189751264e-01 -4.177029563386800066e-04 -9.793786250324754486e-03 9.918907610602268211e-04 4.266474359349830951e-04 9.999994170621597789e-01 6.244527891632211357e-03 9.999691843986511230e-01 7.860564626753330231e-03 -6.445500912377610803e-05 3.337129652500152588e-01 -7.860697805881500244e-03 9.999665021896362305e-01 -2.284259302541613579e-03 -1.423908025026321411e-02 4.649796755984425545e-05 2.284702146425843239e-03 9.999973773956298828e-01 5.762260872870683670e-03 4.730268859863281250e+01
1.124567000000000000e+08 9.999569762095467107e-01 9.252610826226177407e-03 -6.594872184199187040e-04 2.629895873470310952e-01 -9.252963963704801190e-03 9.999570475892985977e-01 -5.344483243927222954e-04 -1.137940572551740179e-02 6.545138495383058183e-04 5.405275418218557842e-04 9.999996397207363552e-01 5.660725480889101241e-03 9.999614953994750977e-01 8.145212195813655853e-03 3.265852108597755432e-03 3.094373345375061035e-01 -8.124846965074539185e-03 9.999474883079528809e-01 -6.238068919628858566e-03 -2.202577888965606689e-02 -3.316498827189207077e-03 6.211289204657077789e-03 9.999752044677734375e-01 5.735484417527914047e-03 4.702515029907226562e+01
1.125610000000000000e+08 9.999551145880302139e-01 9.404493878173455709e-03 -1.150783308890360613e-03 2.073656351569116429e-01 -9.405085878645394817e-03 9.999556410905304782e-01 -5.101068055793695670e-04 -1.181971030698643170e-02 1.145934964964262070e-03 5.209071253029572785e-04 9.999992077440807980e-01 5.426711803649394289e-03 9.999520182609558105e-01 9.560535661876201630e-03 2.111548557877540588e-03 2.750835716724395752e-01 -9.553270414471626282e-03 9.999486207962036133e-01 -3.394408849999308586e-03 -1.829606480896472931e-02 -2.143884077668190002e-03 3.374077379703521729e-03 9.999919533729553223e-01 2.729737432673573494e-03 4.698809432983398438e+01
1.126651000000000000e+08 9.999440030543552682e-01 1.051839210132271031e-02 -1.163693793595555956e-03 1.709588125230197264e-01 -1.051868258408855498e-02 9.999446474112941852e-01 -2.437831174744252004e-04 -1.413892452768023347e-02 1.161065173714595413e-03 2.560099920031685961e-04 9.999992931930234974e-01 5.234431442460927598e-03 9.999450445175170898e-01 1.032014563679695129e-02 1.845579012297093868e-03 2.347148060798645020e-01 -1.032248511910438538e-02 9.999459385871887207e-01 1.217685057781636715e-03 -6.302282214164733887e-03 -1.832915935665369034e-03 -1.236667158082127571e-03 9.999976158142089844e-01 5.976911634206771851e-03 4.724047851562500000e+01
1.127692000000000000e+08 9.999647262709964179e-01 8.307183574301518769e-03 -1.239725781833695556e-03 1.307684886865120022e-01 -8.307532634583902204e-03 9.999654535809353595e-01 -2.766790069255438498e-04 -1.439056157377013520e-02 1.237384530617537549e-03 2.869683090602327766e-04 9.999991932640903691e-01 5.329194406413349794e-03 9.999511241912841797e-01 9.874301962554454803e-03 4.075720789842307568e-04 1.982877105474472046e-01 -9.874499402940273285e-03 9.999509453773498535e-01 8.304233197122812271e-04 -7.433753460645675659e-03 -3.993511490989476442e-04 -8.344054804183542728e-04 9.999996423721313477e-01 7.846190594136714935e-03 4.663212966918945312e+01
1.128733000000000000e+08 9.999503283574208146e-01 9.897443994766514513e-03 -1.175338588155851660e-03 1.688124916897552896e-01 -9.897812189896111612e-03 9.999509680647615806e-01 -3.078647964158689413e-04 -1.407229020751740722e-02 1.172233884466706644e-03 3.194827848076812462e-04 9.999992618989668181e-01 5.268242280388637025e-03 9.999516010284423828e-01 9.759961627423763275e-03 -1.228508073836565018e-03 1.609255075454711914e-01 -9.760368615388870239e-03 9.999522566795349121e-01 -2.639454905875027180e-04 -8.013774640858173370e-03 1.225871616043150425e-03 2.759169728960841894e-04 9.999991059303283691e-01 5.504776258021593094e-03 4.655129623413085938e+01
1.129775000000000000e+08 9.999775833518740331e-01 6.644916615681784045e-03 -8.233314603327566766e-04 6.235860587226596530e-02 -6.644489674065463120e-03 9.999777898223096706e-01 5.202084749782122288e-04 -9.617641607716626712e-03 8.267699161042108133e-04 -5.147261959895408582e-04 9.999995257540885696e-01 5.988138598491376738e-03 9.999683499336242676e-01 7.876127026975154877e-03 -1.101645641028881073e-03 1.258167028427124023e-01 -7.878871634602546692e-03 9.999656677246093750e-01 -2.588483737781643867e-03 -9.422751143574714661e-03 1.081217429600656033e-03 2.597087528556585312e-03 9.999961256980895996e-01 1.935800304636359215e-03 4.679302215576171875e+01
1.130816000000000000e+08 9.999994259172313438e-01 1.035124432603523647e-03 -2.769163692214605781e-04 6.650587709928201634e-03 -1.035152551414297807e-03 9.999994590866160271e-01 -1.014185680316010010e-04 -1.941185840983622153e-03 2.768112386013839472e-04 1.017051604804026919e-04 9.999999565158005366e-01 3.476766754142330971e-05 9.999853968620300293e-01 5.311795044690370560e-03 -1.056831795722246170e-03 9.292919933795928955e-02 -5.313644651323556900e-03 9.999843835830688477e-01 -1.742964261211454868e-03 -4.967738408595323563e-03 1.047551166266202927e-03 1.748554641380906105e-03 9.999978542327880859e-01 1.033578417263925076e-03 4.664543914794921875e+01
1.131857000000000000e+08 9.999972653281710144e-01 2.310844537511592793e-03 -3.596299453635281099e-04 1.111238449422929583e-02 -2.310881221308004781e-03 9.999973247468729731e-01 -1.016222067899274502e-04 -3.468012495265881609e-03 3.593941501407136316e-04 1.024529909747057922e-04 9.999999301696121945e-01 1.052075697750550886e-03 9.999918937683105469e-01 3.933307249099016190e-03 -8.059840765781700611e-04 5.720986798405647278e-02 -3.932955674827098846e-03 9.999920725822448730e-01 5.290842382237315178e-04 1.055061002261936665e-03 8.080626721493899822e-04 -5.259154131636023521e-04 9.999995827674865723e-01 9.696049382910132408e-04 4.671311950683593750e+01
1.132897000000000000e+08 9.999993999968669334e-01 1.055343772047604919e-03 -2.936928717690765432e-04 4.938958566319629449e-03 -1.055350744245233188e-03 9.999994428391375534e-01 -2.358579733387498921e-05 -1.772404124255927372e-03 2.936678170121242472e-04 2.389573215399331705e-05 9.999999565941053437e-01 -5.115512985473760657e-05 9.999971985816955566e-01 1.865180907770991325e-03 -1.457039150409400463e-03 2.563939057290554047e-02 -1.863689161837100983e-03 9.999977946281433105e-01 9.884153259918093681e-04 4.238625988364219666e-03 1.458886079490184784e-03 -9.856906253844499588e-04 9.999983906745910645e-01 2.080039121210575104e-04 4.663974380493164062e+01
1.133937000000000000e+08 9.999995057725510339e-01 9.577855298807389558e-04 -2.666487260676472749e-04 5.701633985348294499e-03 -9.578100852191270224e-04 9.999995370700027753e-01 -9.197625142678833988e-05 -1.762140184915182272e-03 2.665605091061981667e-04 9.223160480587675879e-05 9.999999602194126203e-01 -1.962089524849400029e-04 9.999999403953552246e-01 -2.340522769372910261e-04 -4.374225391075015068e-04 -4.938449128530919552e-04 2.339541097171604633e-04 9.999999403953552246e-01 -8.874232298694550991e-05 8.959594997577369213e-04 4.374389245640486479e-04 8.863237599143758416e-05 9.999999403953552246e-01 1.104122056858614087e-04 4.660559844970703125e+01
1.134977000000000000e+08 9.999997181336627294e-01 7.022395063051660967e-04 -2.656920833550061554e-04 3.417169457096649876e-03 -7.022475886418037307e-04 9.999997529642471461e-01 -3.032787060426626679e-05 -1.403657301240171691e-03 2.656707202911509115e-04 3.051444367662147660e-05 9.999999642439687531e-01 -2.490130374288711691e-04 9.999973177909851074e-01 -3.537372685968875885e-04 -2.274857135489583015e-03 -1.759754121303558350e-02 3.554183640517294407e-04 9.999996423721313477e-01 7.302628364413976669e-04 4.129660781472921371e-03 2.274602418765425682e-03 -7.310705841518938541e-04 9.999971389770507812e-01 2.588253933936357498e-03 4.662726211547851562e+01
1.136017000000000000e+08 9.999996428217255984e-01 8.013480260070217440e-04 -2.686964926267854646e-04 5.076504443358102747e-03 -8.013607061682791102e-04 9.999996778018813703e-01 -4.708705382012625784e-05 -1.518297024767800273e-03 2.686586729379186202e-04 4.730235979982524389e-05 9.999999627925036938e-01 -2.583288518791800417e-04 9.999879598617553711e-01 4.602030676323920488e-04 -4.895147867500782013e-03 -8.305356837809085846e-03 -4.569448356050997972e-04 9.999997019767761230e-01 6.692630704492330551e-04 2.313849516212940216e-03 4.895455669611692429e-03 -6.670195143669843674e-04 9.999877810478210449e-01 3.610881278291344643e-03 4.696627044677734375e+01
1.137057000000000000e+08 9.999998565184355925e-01 4.692429831805965384e-04 -2.584069165009673821e-04 2.199720028209675108e-03 -4.692403560881176511e-04 9.999998898544433246e-01 1.022702819823534100e-05 -1.144852234059548458e-03 2.584116869997564567e-04 -1.010577177880550863e-05 9.999999665606364996e-01 -2.258707156888180821e-04 9.999954104423522949e-01 -2.532275393605232239e-04 -3.014846704900264740e-03 -2.279035979881882668e-03 2.529598714318126440e-04 1.000000000000000000e+00 -7.740300497971475124e-05 3.069787984713912010e-03 3.014863003045320511e-03 7.664990698685869575e-05 9.999954104423522949e-01 7.470069685950875282e-04 4.689033508300781250e+01
1.138097000000000000e+08 9.999997352477095758e-01 6.773694080517780620e-04 -2.658480821350752777e-04 2.416521205294180127e-03 -6.773750526579403169e-04 9.999997703579828201e-01 -2.114298539494201669e-05 -1.361022809928663342e-03 2.658336994738750214e-04 2.132305865353217118e-05 9.999999644388855025e-01 -2.834371253365298277e-04 9.999998211860656738e-01 -6.671511982858646661e-06 4.725463513750582933e-04 -3.445816226303577423e-03 6.909782314323820174e-06 9.999999403953552246e-01 -3.600875788833945990e-04 1.546562882140278816e-03 -4.725417529698461294e-04 3.600896743591874838e-04 9.999998211860656738e-01 -2.864126348868012428e-03 4.665923309326171875e+01
1.139136000000000000e+08 9.999999179807127492e-01 2.807007391461038533e-04 -2.919686110146170834e-04 1.034824596200452015e-03 -2.806768517748287235e-04 9.999999572603275322e-01 8.185262131201588934e-05 -8.934392307564291511e-04 2.919915746262974625e-04 -8.177066577146368707e-05 9.999999540272401788e-01 -1.602857775630707352e-04 9.999997019767761230e-01 2.276124723721295595e-04 8.103451691567897797e-04 -2.386423526331782341e-03 -2.275379665661603212e-04 9.999999403953552246e-01 -1.484475651523098350e-04 2.647808985784649849e-03 -8.103800355456769466e-04 1.482590159866958857e-04 9.999997615814208984e-01 -2.712383400648832321e-03 4.666707229614257812e+01
1.140176000000000000e+08 9.999997237160582753e-01 6.926599046934790770e-04 -2.697963567474667354e-04 2.804836990364502434e-03 -6.926642981004001122e-04 9.999997599769856471e-01 -1.619106111303572843e-05 -1.365939376404844835e-03 2.697850770914987997e-04 1.637793494023166143e-05 9.999999634738877541e-01 -3.245170130263285747e-04 9.999997615814208984e-01 -3.528429078869521618e-04 4.659180121961981058e-04 1.554759917780756950e-03 3.528990200720727444e-04 9.999998807907104492e-01 -3.030092557310126722e-05 2.864759335352573544e-05 -4.659038095269352198e-04 3.047025711566675454e-05 9.999998211860656738e-01 1.942132075782865286e-04 4.665955352783203125e+01
1.141216000000000000e+08 9.999998907627702938e-01 3.804417792369443646e-04 -2.715483606897649304e-04 3.287542182305427767e-03 -3.804311273026448020e-04 9.999999268647294937e-01 3.927723366978469710e-05 -1.044827903284732294e-03 2.715632835298421844e-04 -3.917392393595647593e-05 9.999999623593947007e-01 -1.766162895578427818e-04 9.999997615814208984e-01 1.222190767293795943e-04 7.128439610823988914e-04 -6.628396804444491863e-04 -1.224512234330177307e-04 1.000000000000000000e+00 3.225902037229388952e-04 4.177202354185283184e-04 -7.128070574253797531e-04 -3.226733533665537834e-04 9.999997019767761230e-01 -5.474382196553051472e-04 4.651737594604492188e+01
1.142256000000000000e+08 9.999999255614873128e-01 2.878761309916280870e-04 -2.569131343122077298e-04 1.702351593593500693e-03 -2.878672518050170775e-04 9.999999579677347761e-01 3.459735638709365857e-05 -9.606576025002836741e-04 2.569230832662927795e-04 -3.452339693656564224e-05 9.999999663993328625e-01 -1.092051731452827476e-04 1.000000000000000000e+00 -2.356696495553478599e-05 -1.103047252399846911e-04 -2.812009537592530251e-03 2.357327139179687947e-05 1.000000000000000000e+00 7.070439460221678019e-05 4.070632276125252247e-04 1.103073809645138681e-04 -7.071090658428147435e-05 1.000000000000000000e+00 -1.450416282750666142e-03 4.670396804809570312e+01
