0.000000000000000000e+00 9.999793264403880055e-01 -6.428796144871089593e-03 1.314228119103634474e-04 9.171564992898544044e-02 6.428735243122547793e-03 9.999792302680310385e-01 4.586891433144664400e-04 6.912606914186028920e-03 -1.343689012900197203e-04 -4.578347781144403474e-04 9.999998861661507643e-01 1.517175645961581481e-03 9.999795556068420410e-01 -6.385928951203823090e-03 2.609402872622013092e-04 9.155806899070739746e-02 6.385809276252985001e-03 9.999794960021972656e-01 4.604047862812876701e-04 2.320159226655960083e-03 -2.638755249790847301e-04 -4.587290459312498569e-04 9.999998211860656738e-01 1.529485452920198441e-03 1.828310966491699219e+03
1.038750000000000000e+05 9.999753019620567507e-01 -7.027999624138470992e-03 -5.183798541783065283e-05 9.101366054756233892e-02 7.028026037920622957e-03 9.999751635686767726e-01 5.282951909875640032e-04 6.245057877910214182e-03 4.812383954357111695e-05 -5.286464618441615677e-04 9.999998591084973132e-01 2.246833899451889435e-03 9.999752640724182129e-01 -7.028209511190652847e-03 -1.647270255489274859e-04 9.421081840991973877e-02 7.028292864561080933e-03 9.999752044677734375e-01 5.141666624695062637e-04 2.317378995940089226e-03 1.611095358384773135e-04 -5.153120146133005619e-04 9.999998807907104492e-01 1.760457060299813747e-03 1.709805727005004883e+03
2.078940000000000000e+05 9.999710286322180952e-01 -7.584827171516145619e-03 -6.421004607115249688e-04 9.575102673537062847e-02 7.585096202917409811e-03 9.999711455494505463e-01 4.175932372923658355e-04 6.750929061736404314e-03 6.389145607226771406e-04 -4.224515328115395832e-04 9.999997066614001451e-01 2.070159900168533698e-03 9.999715089797973633e-01 -7.520209532231092453e-03 -6.863341550342738628e-04 9.776867926120758057e-02 7.520406972616910934e-03 9.999716281890869141e-01 2.858361112885177135e-04 3.525230567902326584e-03 6.841645808890461922e-04 -2.909884788095951080e-04 9.999997019767761230e-01 1.712060184217989445e-03 1.756379127502441406e+03
3.117500000000000000e+05 9.999585880718115938e-01 -9.043365487524560042e-03 -1.019648021807280543e-03 1.000983125678946289e-01 9.044090625924953650e-03 9.999588501588642098e-01 7.088114786160609011e-04 7.346380230995487072e-03 1.013196022190291116e-03 -7.180039144817794081e-04 9.999992289518024879e-01 1.238311281755275330e-03 9.999570250511169434e-01 -9.145541116595268250e-03 -1.476999255828559399e-03 1.039242595434188843e-01 9.146448224782943726e-03 9.999579787254333496e-01 6.110390531830489635e-04 5.731394048780202866e-03 1.471350085921585560e-03 -6.245219847187399864e-04 9.999987483024597168e-01 -1.260527060367166996e-03 1.971904754638671875e+03
4.156220000000000000e+05 9.999340689627352896e-01 -1.139510059531951940e-02 -1.417536613357653352e-03 1.088008816691299757e-01 1.139548969206458963e-02 9.999350337287341572e-01 2.667144413395181892e-04 8.814238853930156034e-03 1.414405283400212458e-03 -2.828503804453884806e-04 9.999989597261370600e-01 9.859979857544942661e-04 9.999343752861022949e-01 -1.130468398332595825e-02 -1.863608020357787609e-03 1.140498518943786621e-01 1.130505744367837906e-02 9.999360442161560059e-01 1.882950164144858718e-04 6.707527674734592438e-03 1.861360738985240459e-03 -2.093524817610159516e-04 9.999982714653015137e-01 -8.837897912599146366e-04 2.039129972457885742e+03
5.194990000000000000e+05 9.999072737285011891e-01 -1.357771991820702281e-02 -1.043775195565903357e-03 1.253809055083084656e-01 1.357766246730731860e-02 9.999078173634344813e-01 -6.210810109071168423e-05 1.130454409195369436e-02 1.044522264017656030e-03 4.793031474092614890e-05 9.999994533378130379e-01 6.318745594694087772e-04 9.999082088470458984e-01 -1.351376995444297791e-02 -1.069227699190378189e-03 1.273107379674911499e-01 1.351364143192768097e-02 9.999086260795593262e-01 -1.319263683399185538e-04 7.248097099363803864e-03 1.070910831913352013e-03 1.174664284917525947e-04 9.999993443489074707e-01 -7.473326986655592918e-04 2.058737277984619141e+03
6.233770000000000000e+05 9.998694511854684386e-01 -1.615690590120967898e-02 -1.870234468351681517e-04 1.348792877846001492e-01 1.615688122031586418e-02 9.998694602651468921e-01 -1.327340057389627109e-04 1.301899720496552809e-02 1.891436036846220277e-04 1.296949618559356066e-04 9.999999737019565904e-01 3.875457498651626296e-04 9.998703002929687500e-01 -1.610431075096130371e-02 -1.502521336078643799e-04 1.400279700756072998e-01 1.610430143773555756e-02 9.998703598976135254e-01 -2.664368003024719656e-05 9.459931403398513794e-03 1.506639964645728469e-04 2.421790486550889909e-05 1.000000119209289551e+00 -4.982291138730943203e-04 1.972524881362915039e+03
7.271220000000000000e+05 9.998277648363712578e-01 -1.855863929939839674e-02 -1.325505973553722490e-04 1.478211535820316003e-01 1.855844263248667206e-02 9.998268572297783763e-01 -1.356380876204058439e-03 1.280153417330674899e-02 1.577002306118246511e-04 1.353687327064980904e-03 9.999990713301978307e-01 8.333794395540580595e-04 9.998261928558349609e-01 -1.864295080304145813e-02 -2.044563443632796407e-04 1.537104099988937378e-01 1.864266395568847656e-02 9.998252987861633301e-01 -1.353333238512277603e-03 8.814394474029541016e-03 2.296494785696268082e-04 1.349287573248147964e-03 9.999990463256835938e-01 -2.443275880068540573e-04 2.230620145797729492e+03
8.308740000000000000e+05 9.998002004996805470e-01 -1.998405566229406738e-02 -4.433960811952907064e-04 1.584760547613578985e-01 1.998352638156761577e-02 9.997996275742211392e-01 -1.167636846848539318e-03 1.175812804827456107e-02 4.666413565876874445e-04 1.158542936303934593e-03 9.999992200117503449e-01 4.869191827872791298e-03 9.997990131378173828e-01 -2.004464715719223022e-02 -2.216273423982784152e-04 1.649828106164932251e-01 2.004429697990417480e-02 9.997980594635009766e-01 -1.479302067309617996e-03 1.067213620990514755e-02 2.512347418814897537e-04 1.474564196541905403e-03 9.999988675117492676e-01 -1.080317524611018598e-04 1.999840021133422852e+03
9.346220000000000000e+05 9.997501493536309347e-01 -2.234605749716261913e-02 -5.409082419030112861e-04 1.637915541714009549e-01 2.234604691211486416e-02 9.997502955897347166e-01 -2.560545834761827189e-05 1.756904194613700260e-02 5.413453557739363953e-04 1.351189985858527635e-05 9.999998533813063695e-01 3.355258567728624814e-03 9.997520446777343750e-01 -2.226583659648895264e-02 -3.913249820470809937e-04 1.728546917438507080e-01 2.226582355797290802e-02 9.997521042823791504e-01 -2.176898415200412273e-04 1.348628941923379898e-02 3.960763569921255112e-04 2.089226909447461367e-04 9.999998807907104492e-01 2.230941550806164742e-03 2.100404977798461914e+03
1.038404000000000000e+06 9.997076189608217200e-01 -2.415304907450621305e-02 -1.143158820549159673e-03 1.782575532466621759e-01 2.415711275799157370e-02 9.997013807298161803e-01 3.685548818977607381e-03 2.721316554563056600e-02 1.053800209805208499e-03 -3.712086650912270989e-03 9.999925549311925455e-01 4.992477971900484077e-03 9.997014999389648438e-01 -2.438680827617645264e-02 -1.480627339333295822e-03 1.794411092996597290e-01 2.439166046679019928e-02 9.996965527534484863e-01 3.422292415052652359e-03 1.932529173791408539e-02 1.396718318574130535e-03 -3.457386977970600128e-03 9.999930262565612793e-01 4.334760364145040512e-03 2.163814067840576172e+03
1.142127000000000000e+06 9.996630017354384279e-01 -2.587181786112842385e-02 -2.128849889852720521e-03 1.809356345000729394e-01 2.588125231705428256e-02 9.996547585275841197e-01 4.530400827581606074e-03 2.932490155493094885e-02 2.010905217533098203e-03 -4.583971391509353635e-03 9.999874716547642040e-01 3.056180935987732987e-03 9.996657967567443848e-01 -2.576352842152118683e-02 -2.110270317643880844e-03 1.857839226722717285e-01 2.577298134565353394e-02 9.996575713157653809e-01 4.543483257293701172e-03 2.366738021373748779e-02 1.992494333535432816e-03 -4.596355371177196503e-03 9.999875426292419434e-01 5.897333379834890366e-03 2.124976634979248047e+03
1.245873000000000000e+06 9.996226403363129842e-01 -2.746130680665502533e-02 -6.734653139109600959e-04 1.845167461532204733e-01 2.746347958502365350e-02 9.996168097431036292e-01 3.462797727711132336e-03 3.095520123737219645e-02 5.781142977542483557e-04 -3.479986708425001837e-03 9.999937777188255827e-01 5.636859661352915281e-03 9.996259212493896484e-01 -2.732755430042743683e-02 -1.160088344477117062e-03 1.938670724630355835e-01 2.733149752020835876e-02 9.996200203895568848e-01 3.575948299840092659e-03 2.432418800890445709e-02 1.061923685483634472e-03 -3.606318961828947067e-03 9.999928474426269531e-01 5.624613258987665176e-03 2.053156614303588867e+03
1.349627000000000000e+06 9.995442169973006719e-01 -3.018562569955388075e-02 -4.315882059976481949e-04 2.031168979580521838e-01 3.018607975257727241e-02 9.995437049921539474e-01 1.087382052921626518e-03 2.807144681307541592e-02 3.985679668119015409e-04 -1.099914398670981440e-03 9.999993156657115412e-01 5.227289092748028422e-03 9.995445609092712402e-01 -3.016305342316627502e-02 -9.368516621179878712e-04 2.020513713359832764e-01 3.016378358006477356e-02 9.995447397232055664e-01 7.500867359340190887e-04 2.327476069331169128e-02 9.138025925494730473e-04 -7.779960287734866142e-04 9.999993443489074707e-01 1.218547695316374302e-03 2.233799219131469727e+03
1.453253000000000000e+06 9.995006872254861285e-01 -3.159707599319173943e-02 -3.200720544455120308e-05 1.941626142593479154e-01 3.159708813427657137e-02 9.994995315008062819e-01 1.520049704213932923e-03 2.951604226718812160e-02 -1.603793917099728114e-05 -1.520302058470086480e-03 9.999988442115497200e-01 3.272109683840320783e-03 9.994937181472778320e-01 -3.181681409478187561e-02 -7.821354665793478489e-05 2.087318003177642822e-01 3.181682527065277100e-02 9.994922876358032227e-01 1.664368668571114540e-03 2.651835419237613678e-02 2.521707574487663805e-05 -1.666016178205609322e-03 9.999985694885253906e-01 2.775442553684115410e-04 2.070685625076293945e+03
1.556997000000000000e+06 9.994479353246710218e-01 -3.322150077827482062e-02 3.955518819827744744e-04 2.190660903431957407e-01 3.322084490606972557e-02 9.994468132913624236e-01 1.562966879797879132e-03 3.089500201431648330e-02 -4.472571733527080603e-04 -1.548963453271179694e-03 9.999987003357760917e-01 1.561677090406094533e-03 9.994471073150634766e-01 -3.324704617261886597e-02 3.413386584725230932e-04 2.148822993040084839e-01 3.324626013636589050e-02 9.994451999664306641e-01 2.026610542088747025e-03 3.016748465597629547e-02 -4.085289838258177042e-04 -2.014152705669403076e-03 9.999978542327880859e-01 1.339123118668794632e-03 2.062146425247192383e+03
1.660772000000000000e+06 9.993744185411032044e-01 -3.536378759968827890e-02 4.172436172132511331e-04 2.126507141483197638e-01 3.536292065278129337e-02 9.993726751475880965e-01 1.928733070810018189e-03 3.339159187694831082e-02 -4.851891765752830064e-04 -1.912771538233366689e-03 9.999980529463572410e-01 4.864022417007081607e-03 9.993683099746704102e-01 -3.553970158100128174e-02 1.839556935010477901e-04 2.194489687681198120e-01 3.553947433829307556e-02 9.993667602539062500e-01 1.682905829511582851e-03 2.867658250033855438e-02 -2.436522336211055517e-04 -1.675299368798732758e-03 9.999985694885253906e-01 6.704993429593741894e-04 2.105744123458862305e+03
1.764374000000000000e+06 9.993607852640132849e-01 -3.574438605841884914e-02 -5.997847960664604884e-04 2.030036511207380656e-01 3.574577594873054598e-02 9.993578048978887240e-01 2.493449718106950652e-03 3.539678193764913411e-02 5.102727878668352314e-04 -2.513295641241341302e-03 9.999967114779437782e-01 -1.294534203373091550e-03 9.993640184402465820e-01 -3.565063700079917908e-02 -6.676744669675827026e-04 2.199064046144485474e-01 3.565231338143348694e-02 9.993606805801391602e-01 2.688103588297963142e-03 3.166450187563896179e-02 5.714152357541024685e-04 -2.710198517888784409e-03 9.999961853027343750e-01 1.006929902359843254e-03 2.035170316696166992e+03
1.868002000000000000e+06 9.993587887555761551e-01 -3.580421410058751835e-02 -2.637984588213650541e-04 2.328325006608752135e-01 3.580477995231930860e-02 9.993554182541355413e-01 2.601103355838881807e-03 3.692734211832275626e-02 1.704979577000096595e-04 -2.608880744889069316e-03 9.999965823300124290e-01 6.148044751296447659e-04 9.993473291397094727e-01 -3.612128645181655884e-02 -4.851866688113659620e-04 2.262274175882339478e-01 3.612256422638893127e-02 9.993421435356140137e-01 3.209950402379035950e-03 3.760523721575737000e-02 3.689177974592894316e-04 -3.225385444238781929e-03 9.999947547912597656e-01 -4.111038055270910263e-03 2.202773094177246094e+03
1.971750000000000000e+06 9.992739552701860317e-01 -3.809547097277862782e-02 -5.453531337602306964e-04 2.243967879944108457e-01 3.809581014092400242e-02 9.992738952839347322e-01 6.256626715723780313e-04 3.194492367821716999e-02 5.211222361342496886e-04 -6.459840819305292560e-04 9.999996555680311650e-01 -3.363624544399232245e-03 9.992625117301940918e-01 -3.839168697595596313e-02 -6.089981179684400558e-04 2.296906411647796631e-01 3.839217126369476318e-02 9.992624521255493164e-01 7.855304866097867489e-04 3.383675217628479004e-02 5.783950327895581722e-04 -8.083335706032812595e-04 9.999994635581970215e-01 -5.229389294981956482e-03 2.146389484405517578e+03
2.075498000000000000e+06 9.991717462811900985e-01 -4.064565810500977289e-02 -1.936984927117408120e-03 2.154319407750029114e-01 4.063733311580519647e-02 9.991653057359572987e-01 -4.159203145561727807e-03 2.888902071488902087e-02 2.104421685952989271e-03 4.077044368365566503e-03 9.999894745038999666e-01 -1.785329268203356872e-03 9.991707205772399902e-01 -4.066643118858337402e-02 -2.053911099210381508e-03 2.324984967708587646e-01 4.065869003534317017e-02 9.991663694381713867e-01 -3.678192850202322006e-03 2.799022942781448364e-02 2.201778348535299301e-03 3.591637592762708664e-03 9.999912381172180176e-01 -5.303369835019111633e-03 2.210600614547729492e+03
2.179126000000000000e+06 9.990683846684663694e-01 -4.313224082225491918e-02 -1.404477693738683799e-03 2.472177787080942768e-01 4.312567333656317642e-02 9.990599149833047088e-01 -4.411640604134453927e-03 2.935665587270924054e-02 1.593441310261282723e-03 4.346961605881762176e-03 9.999892823773600670e-01 6.416785746516357782e-03 9.990647435188293457e-01 -4.321073368191719055e-02 -1.580986543558537960e-03 2.381317466497421265e-01 4.320192337036132812e-02 9.990523457527160645e-01 -5.296058952808380127e-03 2.723420970141887665e-02 1.808330067433416843e-03 5.222802050411701202e-03 9.999846816062927246e-01 -2.212786115705966949e-03 1.992123842239379883e+03
2.282875000000000000e+06 9.989039165055964009e-01 -4.678077686809805485e-02 1.588869219904921228e-03 2.288329518986380318e-01 4.678061449177228770e-02 9.989051780441965400e-01 1.392273830735029456e-04 3.718483494659088201e-02 -1.593642856139559786e-03 -6.474649978273198415e-05 9.999987280543599644e-01 6.279201999658500823e-03 9.989092946052551270e-01 -4.666416719555854797e-02 1.633117441087961197e-03 2.456638216972351074e-01 4.666408151388168335e-02 9.989106059074401855e-01 5.563661761698313057e-05 3.859853744506835938e-02 -1.633932930417358875e-03 2.063791544060222805e-05 9.999986290931701660e-01 1.963997259736061096e-03 2.057134628295898438e+03
2.386504000000000000e+06 9.987430846192334455e-01 -5.006984075392612032e-02 2.293898893798349513e-03 2.610824687224080898e-01 5.005916721792772611e-02 9.987361364455329404e-01 4.495501673587995982e-03 5.169656625625013852e-02 -2.516088771494404911e-03 -4.375020540084531215e-03 9.999872641651831318e-01 7.493245668804848249e-04 9.987252950668334961e-01 -5.038804933428764343e-02 2.972013782709836960e-03 2.545753121376037598e-01 5.037059634923934937e-02 9.987145662307739258e-01 5.652596242725849152e-03 5.206239223480224609e-02 -3.253018250688910484e-03 -5.495696794241666794e-03 9.999796748161315918e-01 5.125451833009719849e-03 2.087715387344360352e+03
2.490144000000000000e+06 9.986177632083577116e-01 -5.255863790901250249e-02 3.906224337103165502e-04 2.532777375996031477e-01 5.255726636123957130e-02 9.986135755307083972e-01 2.942875873678178593e-03 5.268578007981109673e-02 -5.447544126657864662e-04 -2.918278075077155708e-03 9.999955934381442590e-01 6.669521153040897099e-03 9.986200332641601562e-01 -5.251704528927803040e-02 1.345270429737865925e-04 2.592584192752838135e-01 5.251647904515266418e-02 9.986150264739990234e-01 3.157315542921423912e-03 5.023135617375373840e-02 -3.001500153914093971e-04 -3.145889844745397568e-03 9.999949336051940918e-01 4.051672760397195816e-03 2.209596157073974609e+03
2.593620000000000000e+06 9.985103454119919064e-01 -5.454592092484100707e-02 -1.353741365789462190e-03 2.412178548413774215e-01 5.454563089004041410e-02 9.985112475639980056e-01 -2.502778370118292342e-04 4.453061591833974014e-02 1.365377615140313987e-03 1.760643326247166159e-04 9.999990523722104285e-01 -1.733085865518837251e-03 9.985058307647705078e-01 -5.463204532861709595e-02 -1.187183428555727005e-03 2.672726511955261230e-01 5.463260412216186523e-02 9.985064268112182617e-01 4.904476227238774300e-04 4.540769010782241821e-02 1.158616389147937298e-03 -5.545692984014749527e-04 9.999991655349731445e-01 3.954579122364521027e-03 2.231133699417114258e+03
2.697329000000000000e+06 9.983927443011043623e-01 -5.667022483240198583e-02 -6.432296281124082670e-04 2.950870448752090924e-01 5.666632249225815599e-02 9.983806814679684338e-01 -4.994273396419056897e-03 4.216234233173821178e-02 9.252146307048059225e-04 4.949796864497626493e-03 9.999873216640734475e-01 7.309305688031507951e-03 9.983935356140136719e-01 -5.665735527873039246e-02 -5.904965219087898731e-04 2.767335772514343262e-01 5.665308982133865356e-02 9.983776211738586426e-01 -5.707932636141777039e-03 3.639151155948638916e-02 9.129371028393507004e-04 5.665303207933902740e-03 9.999835491180419922e-01 1.467328751459717751e-03 2.087351799011230469e+03
2.800890000000000000e+06 9.983359208418125519e-01 -5.765991298518926417e-02 -8.506417993447664468e-04 2.763545211919378186e-01 5.765517922074720608e-02 9.983249571480160567e-01 -4.812509162107163167e-03 3.954804462967187462e-02 1.126705797406700547e-03 4.755456860518033485e-03 9.999880580107414207e-01 2.911255489212702212e-03 9.983257055282592773e-01 -5.783668532967567444e-02 -8.228009101003408432e-04 2.880248725414276123e-01 5.783194676041603088e-02 9.983142614364624023e-01 -4.906155634671449661e-03 4.003375023603439331e-02 1.105165458284318447e-03 4.850367549806833267e-03 9.999876022338867188e-01 1.661309972405433655e-03 2.128173112869262695e+03
2.904641000000000000e+06 9.983518846658472334e-01 -5.738622595593945858e-02 5.791844996976386849e-04 2.766297989341964803e-01 5.738728674400319502e-02 9.983499471723751295e-01 -2.020470508880138020e-03 4.481891727897808347e-02 -4.622816375162885536e-04 2.050378367414079899e-03 9.999977911196794578e-01 1.042392877758015418e-03 9.983488917350769043e-01 -5.743359774351119995e-02 9.087030193768441677e-04 2.974367439746856689e-01 5.743567273020744324e-02 9.983463287353515625e-01 -2.374937757849693298e-03 4.430609941482543945e-02 -7.707959157414734364e-04 2.423200756311416626e-03 9.999967813491821289e-01 2.627424662932753563e-03 2.057357311248779297e+03
3.008248000000000000e+06 9.982515382123531289e-01 -5.909377179748523390e-02 1.338876924003863786e-03 3.267286764908107211e-01 5.909576498278627799e-02 9.982511888337286532e-01 -1.501516948553310166e-03 4.336197450474320314e-02 -1.247805181181037022e-03 1.578013559587068595e-03 9.999979764256704540e-01 -1.201700658579100506e-04 9.982526898384094238e-01 -5.906545743346214294e-02 1.713023288175463676e-03 3.106378316879272461e-01 5.906826257705688477e-02 9.982526898384094238e-01 -1.607812009751796722e-03 4.721366986632347107e-02 -1.615068293176591396e-03 1.706186332739889622e-03 9.999972581863403320e-01 2.176844980567693710e-03 2.074977159500122070e+03
3.112001000000000000e+06 9.981861820821309461e-01 -6.019187819520515487e-02 1.133004692161234750e-03 3.100323879279265893e-01 6.019239357530559859e-02 9.981867029538533664e-01 -4.263822125926452545e-04 4.956299856590798414e-02 -1.105285471894689895e-03 4.938070972488210536e-04 9.999992672490197743e-01 3.914647125886677216e-03 9.981776475906372070e-01 -6.033862382173538208e-02 7.684838492423295975e-04 3.198237419128417969e-01 6.033949553966522217e-02 9.981773495674133301e-01 -1.144831767305731773e-03 4.813686013221740723e-02 -6.980066536925733089e-04 1.189117669127881527e-03 9.999990463256835938e-01 1.635310123674571514e-03 2.017696142196655273e+03
3.215751000000000000e+06 9.982045113199925490e-01 -5.989216898590388888e-02 8.256358632729561770e-04 3.039940607717540599e-01 5.989232867476370487e-02 9.982048287057363467e-01 -1.700425404555042932e-04 5.327534999349772815e-02 -8.139694889039405514e-04 2.191864854878128864e-04 9.999996447054148030e-01 -1.136900049337989139e-03 9.981883168220520020e-01 -6.015222519636154175e-02 1.358660170808434486e-03 3.303059637546539307e-01 6.015226617455482483e-02 9.981891512870788574e-01 -1.157257975137326866e-05 5.009597912430763245e-02 -1.355504384264349937e-03 9.328411397291347384e-05 9.999990463256835938e-01 1.440912717953324318e-03 2.081048250198364258e+03
3.319374000000000000e+06 9.981680019213463595e-01 -6.047988723116023285e-02 1.680232380753586248e-03 3.640422334714338293e-01 6.048004545013924843e-02 9.981694055684451339e-01 -4.346821590355079987e-05 4.745494800579594386e-02 -1.674527603917674206e-03 1.450091129703055619e-04 9.999985874638327443e-01 3.047630513791403043e-03 9.981895685195922852e-01 -6.011654064059257507e-02 1.853618072345852852e-03 3.467434048652648926e-01 6.011697277426719666e-02 9.981912970542907715e-01 -2.049308823188766837e-04 5.131731182336807251e-02 -1.837952644564211369e-03 3.159858169965445995e-04 9.999983310699462891e-01 1.051252911565825343e-04 2.142731904983520508e+03
3.423126000000000000e+06 9.982272774550787764e-01 -5.950240359623213543e-02 1.329101535799615680e-03 3.334748291256527386e-01 5.950169830916880731e-02 9.982280449500612329e-01 5.640687043560277478e-04 5.078160823008331243e-02 -1.360309871323970307e-03 -4.839849684415295722e-04 9.999989576572589911e-01 1.120998607140726152e-03 9.982108473777770996e-01 -5.978065356612205505e-02 1.236404525116086006e-03 3.594499528408050537e-01 5.977982655167579651e-02 9.982113242149353027e-01 7.435958250425755978e-04 5.195732414722442627e-02 -1.278642332181334496e-03 -6.683490355499088764e-04 9.999989867210388184e-01 1.840563956648111343e-03 2.213721275329589844e+03
3.526893000000000000e+06 9.982873914952089534e-01 -5.844634367433653582e-02 2.511750941610800276e-03 3.904157189661345284e-01 5.844860007182609007e-02 9.982900704834658523e-01 -8.344601612181542540e-04 4.576159556666065109e-02 -2.458684879172458836e-03 9.798393839153850867e-04 9.999964973855891559e-01 5.164154813053572178e-03 9.982947111129760742e-01 -5.828689411282539368e-02 3.191290656104683876e-03 3.773848712444305420e-01 5.829090252518653870e-02 9.982990026473999023e-01 -1.178464270196855068e-03 4.846060648560523987e-02 -3.117171814665198326e-03 1.362476148642599583e-03 9.999942183494567871e-01 5.305357277393341064e-03 2.510199785232543945e+03
3.630648000000000000e+06 9.984324030566893438e-01 -5.591751705769975461e-02 2.442910670999996411e-03 3.819060201738286309e-01 5.592527715454365805e-02 9.984297228248376621e-01 -3.232948361094879503e-03 3.927120053221525020e-02 -2.258296179004179016e-03 3.364500857465612706e-03 9.999917900824726313e-01 7.279726588070437217e-03 9.984279274940490723e-01 -5.598722398281097412e-02 2.658744808286428452e-03 3.885746002197265625e-01 5.599435046315193176e-02 9.984273910522460938e-01 -2.685659332200884819e-03 4.012899473309516907e-02 -2.504203701391816139e-03 2.830311190336942673e-03 9.999928474426269531e-01 7.952610962092876434e-03 2.420395135879516602e+03
3.734395000000000000e+06 9.986276499328332612e-01 -5.236374146399529889e-02 9.248618915503798756e-04 3.829118499495166028e-01 5.236472432410798489e-02 9.986274507161266856e-01 -1.072530964584306017e-03 3.559090736808642047e-02 -8.674307388818286403e-04 1.119489214631928971e-03 9.999989971534029021e-01 9.996639318360285922e-03 9.986238479614257812e-01 -5.244471505284309387e-02 2.686583902686834335e-04 4.001221358776092529e-01 5.244507268071174622e-02 9.986224770545959473e-01 -1.669645542278885841e-03 4.015219584107398987e-02 -1.807187218219041824e-04 1.681439811363816261e-03 9.999985694885253906e-01 7.079776376485824585e-03 2.150516748428344727e+03
3.838251000000000000e+06 9.988393388416828556e-01 -4.816559506717883049e-02 -2.250202980468618595e-04 4.223856596512275963e-01 4.816605764658719868e-02 9.988346900998399391e-01 3.048400226747751372e-03 5.424856784893754974e-02 7.793006874158257011e-05 -3.055700407656937023e-03 9.999953283000492243e-01 2.616995516970713632e-03 9.988314509391784668e-01 -4.832984507083892822e-02 -6.617490271310089156e-06 4.169252514839172363e-01 4.832965135574340820e-02 9.988267421722412109e-01 3.074030624702572823e-03 4.520900547504425049e-02 -1.419594045728445053e-04 -3.070759121328592300e-03 9.999952912330627441e-01 4.639579914510250092e-03 2.468952178955078125e+03
3.942122000000000000e+06 9.990875672847260303e-01 -4.270435774079513191e-02 -6.088735782451427502e-04 4.141800818161356368e-01 4.270608550117930419e-02 9.990826092731359687e-01 3.182783239306911753e-03 4.030049270655682025e-02 4.723962892078589770e-04 -3.205881770845688331e-03 9.999947495681251741e-01 -4.183250452103832139e-03 9.990625977516174316e-01 -4.328386485576629639e-02 -5.603806930594146252e-04 4.334872364997863770e-01 4.328550770878791809e-02 9.990572333335876465e-01 3.309652209281921387e-03 4.210948944091796875e-02 4.165955178905278444e-04 -3.330809762701392174e-03 9.999943971633911133e-01 1.905342563986778259e-03 2.042636871337890625e+03
4.046284000000000000e+06 9.992664116737358659e-01 -3.824885907629757553e-02 -1.913969711685949496e-03 4.584584781693404887e-01 3.825324385500528807e-02 9.992654084152181593e-01 2.309302781499704849e-03 4.324702222306186367e-02 1.824235528988133685e-03 -2.380824254049604405e-03 9.999955019101866016e-01 -9.928058254026316930e-04 9.992628097534179688e-01 -3.834122791886329651e-02 -1.968482974916696548e-03 4.475292563438415527e-01 3.834553062915802002e-02 9.992620944976806641e-01 2.215277403593063354e-03 3.618745878338813782e-02 1.882094657048583031e-03 -2.289124531671404839e-03 9.999955296516418457e-01 1.900627103168517351e-04 2.345110654830932617e+03
4.150266000000000000e+06 9.993918170926110456e-01 -3.476601433187448409e-02 -2.705582341157081096e-03 4.618902188601460290e-01 3.476613217877778939e-02 9.993954752955617193e-01 -3.476480915216671871e-06 3.333033512975294710e-02 2.704067613177282923e-03 -9.058826671428797835e-05 9.999963398993564345e-01 3.848543967403904222e-03 9.993916153907775879e-01 -3.475566208362579346e-02 -2.897445810958743095e-03 4.625338912010192871e-01 3.475563973188400269e-02 9.993957877159118652e-01 -5.794083699584007263e-05 3.050660714507102966e-02 2.897709840908646584e-03 -4.279680433683097363e-05 9.999958276748657227e-01 1.488299691118299961e-03 2.706608772277832031e+03
4.254380000000000000e+06 9.995044182733512361e-01 -3.135556775249694061e-02 -2.783203723816605329e-03 4.616312392193966940e-01 3.135582866141020664e-02 9.995082838546831550e-01 5.014800498661764038e-05 2.656552755371887828e-02 2.780262758441888211e-03 -1.373928116455107177e-04 9.999961256235992968e-01 5.194679142177268880e-03 9.994914531707763672e-01 -3.175578266382217407e-02 -2.908069174736738205e-03 4.760482311248779297e-01 3.175549581646919250e-02 9.994956851005554199e-01 -1.440513733541592956e-04 2.377921156585216522e-02 2.911182818934321404e-03 5.162989691598340869e-05 9.999958276748657227e-01 3.797885496169328690e-03 2.572084903717041016e+03
4.358512000000000000e+06 9.996341841380748106e-01 -2.696286203551762073e-02 -2.121785441421626412e-03 4.946413588663353678e-01 2.696414200166348876e-02 9.996362349142799975e-01 5.769683843422515699e-04 3.079568187678688451e-02 2.105456891012772586e-03 -6.339694440949848134e-04 9.999975825640901039e-01 1.608861453256293234e-03 9.996362924575805664e-01 -2.689463831484317780e-02 -1.961144385859370232e-03 4.942502379417419434e-01 2.689687348902225494e-02 9.996375441551208496e-01 1.123319962061941624e-03 2.450582757592201233e-02 1.930215163156390190e-03 -1.175660174340009689e-03 9.999974370002746582e-01 2.496288856491446495e-03 2.031611680984497070e+03
4.462646000000000000e+06 9.997785940606540578e-01 -2.092730901105466917e-02 -2.193307014014680718e-03 5.039674387632204766e-01 2.092974738217213276e-02 9.997803494892818499e-01 1.094737232377921083e-03 2.284474170271618559e-02 2.169915348661011212e-03 -1.140400212787523026e-03 9.999969954728535892e-01 -8.916558543464812425e-04 9.997710585594177246e-01 -2.125185541808605194e-02 -2.518015913665294647e-03 5.093719363212585449e-01 2.125407755374908447e-02 9.997737407684326172e-01 8.570358040742576122e-04 1.991194486618041992e-02 2.499232767149806023e-03 -9.103582706302404404e-04 9.999964833259582520e-01 -5.591300432570278645e-04 2.151837587356567383e+03
4.566885000000000000e+06 9.998612865682611206e-01 -1.664128677354359889e-02 -6.893450387603412442e-04 5.315795879494461529e-01 1.664149535322320336e-02 9.998614763336399758e-01 2.979535575965471124e-04 2.001680604968265886e-02 6.842912175610234076e-04 -3.093839596953718257e-04 9.999997180135078434e-01 -7.420705087034682942e-03 9.998637437820434570e-01 -1.643501967191696167e-02 -1.522910897620022297e-03 5.290836095809936523e-01 1.643490418791770935e-02 9.998649358749389648e-01 -8.558705303585156798e-05 1.357721444219350815e-02 1.524111023172736168e-03 6.054639015928842127e-05 9.999988079071044922e-01 -3.123255912214517593e-03 2.399347782135009766e+03
4.671250000000000000e+06 9.999116493585358256e-01 -1.327643877003459143e-02 6.554774428254045047e-04 5.429108871120779112e-01 1.327703119126669856e-02 9.999114441799300534e-01 -9.078770581969668532e-04 1.338182716269563366e-02 -6.433660223090464621e-04 9.164996411300691545e-04 9.999993730540880366e-01 1.656081637602310795e-03 9.999111294746398926e-01 -1.333006378263235092e-02 2.714401343837380409e-04 5.450425148010253906e-01 1.333030592650175095e-02 9.999107718467712402e-01 -9.169531986117362976e-04 1.051502209156751633e-02 -2.591921656858175993e-04 9.204919333569705486e-04 9.999995231628417969e-01 -3.023564750037621707e-05 2.115023374557495117e+03
4.775500000000000000e+06 9.999535302734621212e-01 -9.565699668630122179e-03 1.197782739070507802e-03 5.614894151022166158e-01 9.564479629463919219e-03 9.999537388905674895e-01 1.020200074716695474e-03 1.271521811567297502e-02 -1.207486255828793065e-03 -1.008696497689846048e-03 9.999987622533927922e-01 4.173909121637983492e-03 9.999497532844543457e-01 -9.876422584056854248e-03 1.694705686531960964e-03 5.591876506805419922e-01 9.874369949102401733e-03 9.999504685401916504e-01 1.217149663716554642e-03 8.875396102666854858e-03 -1.706638373434543610e-03 -1.200357801280915737e-03 9.999978542327880859e-01 5.242699757218360901e-03 2.170383453369140625e+03
4.879959000000000000e+06 9.999728510529505288e-01 -7.248589318443997460e-03 1.324805618281342870e-03 5.754941939780363613e-01 7.246794663688725484e-03 9.999728243169715425e-01 1.354472089634127822e-03 1.422502798690548215e-02 -1.334587627704838337e-03 -1.344834722858100030e-03 9.999982051461053789e-01 4.096416290434725174e-03 9.999753236770629883e-01 -6.810943596065044403e-03 1.737215439788997173e-03 5.771279335021972656e-01 6.806930061429738998e-03 9.999741911888122559e-01 2.304495777934789658e-03 9.367549791932106018e-03 -1.752861426211893559e-03 -2.292612334713339806e-03 9.999958276748657227e-01 7.750737480819225311e-03 2.233767032623291016e+03
4.984250000000000000e+06 9.999898453786489894e-01 -4.398200531514744223e-03 9.823297157631593474e-04 5.919126225024357035e-01 4.397433958306540096e-03 9.999900261291211345e-01 7.811637869168001425e-04 8.224564826429610689e-03 -9.857556331162311506e-04 -7.768361244439802270e-04 9.999992124054235543e-01 4.589920837445350958e-04 9.999890327453613281e-01 -4.581660963594913483e-03 8.401121594943106174e-04 5.900844335556030273e-01 4.581525456160306931e-03 9.999895691871643066e-01 1.213910727528855205e-04 2.565993461757898331e-03 -8.406682754866778851e-04 -1.175422003143467009e-04 9.999996423721313477e-01 2.896686550229787827e-03 2.050510168075561523e+03
5.088502000000000000e+06 9.999979059561809880e-01 -1.871213340465352351e-03 8.286397815452868675e-04 6.093523737772238436e-01 1.871549775743079928e-03 9.999981664663674108e-01 -4.054199551635756364e-04 1.157604038276699313e-03 -8.278796349777853107e-04 4.069699467937473248e-04 9.999995744952957510e-01 9.759645959048951535e-04 9.999985098838806152e-01 -1.746956259012222290e-03 -3.979411849286407232e-05 6.079012155532836914e-01 1.746845664456486702e-03 9.999954700469970703e-01 -2.434120746329426765e-03 -2.633458934724330902e-03 4.404709761729463935e-05 2.434048335999250412e-03 9.999969601631164551e-01 -5.844277620781213045e-05 2.278717041015625000e+03
5.192878000000000000e+06 9.999976746445583542e-01 9.794834647490558224e-04 1.921280202992271683e-03 6.245482810883020708e-01 -9.766843659456416436e-04 9.999984611953555147e-01 -1.457290146254580252e-03 -2.476110752690642569e-03 -1.922704638118970114e-03 1.455410273200145096e-03 9.999970924896788294e-01 1.226634300497269963e-03 9.999982714653015137e-01 6.174174486659467220e-04 1.767903682775795460e-03 6.235796809196472168e-01 -6.134335417300462723e-04 9.999973773956298828e-01 -2.216693246737122536e-03 -2.559709362685680389e-03 -1.769270980730652809e-03 2.215605927631258965e-03 9.999960064888000488e-01 2.088496694341301918e-03 2.272345781326293945e+03
5.297154000000000000e+06 9.999966641266352374e-01 1.388282423088509337e-03 2.178166089836234848e-03 6.479929892524594059e-01 -1.387136429424485088e-03 9.999988987710008992e-01 -5.275502928776079105e-04 5.290394861740260225e-03 -2.178896079975469434e-03 5.245271195040883752e-04 9.999974886384331851e-01 5.974586526060735384e-03 9.999947547912597656e-01 1.469117705710232258e-03 2.892266027629375458e-03 6.395282149314880371e-01 -1.470989547669887543e-03 9.999987483024597168e-01 6.339013343676924706e-04 -2.894270292017608881e-04 -2.891334705054759979e-03 -6.381510756909847260e-04 9.999955892562866211e-01 8.528983220458030701e-03 2.377003192901611328e+03
5.401501000000000000e+06 9.999985116734948498e-01 1.671269927746431511e-03 4.283778981903054112e-04 6.519707832868991693e-01 -1.671766196309779290e-03 9.999979289207312494e-01 1.160754940924486498e-03 5.673153689525865448e-03 -4.264370761594710874e-04 -1.161469361031582711e-03 9.999992345698787144e-01 5.449101134509823016e-03 9.999979734420776367e-01 1.917316694743931293e-03 6.483802571892738342e-04 6.551343202590942383e-01 -1.918843714520335197e-03 9.999952316284179688e-01 2.396018244326114655e-03 1.644166768528521061e-03 -6.437742849811911583e-04 -2.397254575043916702e-03 9.999968409538269043e-01 8.566783741116523743e-03 2.330327510833740234e+03
5.505749000000000000e+06 9.999967281597195168e-01 1.813265176118984299e-03 -1.804366719118998246e-03 6.650539880529600101e-01 -1.806901464926483243e-03 9.999921644306848378e-01 3.522241378751169924e-03 5.832095772287308570e-03 1.810739338512475441e-03 -3.518969541671908979e-03 9.999921690075441738e-01 8.802978703815307615e-03 9.999949336051940918e-01 1.713513978756964207e-03 -2.674418268725275993e-03 6.653316020965576172e-01 -1.708972500637173653e-03 9.999970793724060059e-01 1.702395384199917316e-03 3.164645982906222343e-03 2.677331911399960518e-03 -1.697824336588382721e-03 9.999949932098388672e-01 4.683318547904491425e-03 2.356281518936157227e+03
5.610008000000000000e+06 9.999992804171867755e-01 1.189607279390809827e-03 -1.549181377217152269e-04 7.072705049949117306e-01 -1.189510493215506374e-03 9.999990982446645971e-01 6.233575572196067751e-04 1.420318308228747488e-03 1.556595487111897070e-04 -6.231728319118128370e-04 9.999997937128419778e-01 9.619869671795867059e-04 9.999992251396179199e-01 1.246599596925079823e-03 -1.796424621716141701e-04 6.838040947914123535e-01 -1.246528699994087219e-03 9.999991059303283691e-01 3.612214932218194008e-04 -2.355032629566267133e-04 1.800866157282143831e-04 -3.609945706557482481e-04 9.999999403953552246e-01 4.267187614459544420e-04 2.637733936309814453e+03
5.714253000000000000e+06 9.999949324420069896e-01 1.931136110155883294e-03 2.530968911293509163e-03 6.993493264160753897e-01 -1.931529193625210238e-03 9.999981229104406566e-01 1.528743584430786043e-04 1.878194474973845758e-03 -2.530668939244284151e-03 -1.577622240837227535e-04 9.999967854077335128e-01 1.519570694230021812e-03 9.999962449073791504e-01 1.525969128124415874e-03 2.273107413202524185e-03 7.008289694786071777e-01 -1.524793915450572968e-03 9.999987483024597168e-01 -5.209047812968492508e-04 -1.664144452661275864e-03 -2.273902297019958496e-03 5.174413672648370266e-04 9.999973177909851074e-01 -2.050819894066080451e-04 2.648045778274536133e+03
5.818377000000000000e+06 9.999934390838272069e-01 1.741107172304956529e-03 3.176528783842667934e-03 7.272516248285212370e-01 -1.743456284069535688e-03 9.999982086658418812e-01 7.369024989496347549e-04 2.817136072180511167e-03 -3.175240067391942467e-03 -7.424358032638299658e-04 9.999946833056626572e-01 4.421190050582459417e-03 9.999919533729553223e-01 1.840953365899622440e-03 3.555075498297810555e-03 7.175199985504150391e-01 -1.843997044488787651e-03 9.999979734420776367e-01 8.554045925848186016e-04 -6.533360283356159925e-05 -3.553487127646803856e-03 -8.619559812359511852e-04 9.999933242797851562e-01 4.588546697050333023e-03 2.736668109893798828e+03
5.922523000000000000e+06 9.999958889181311816e-01 2.073725238053016322e-03 1.980356148180280502e-03 7.291906084240903363e-01 -2.074189117349039494e-03 9.999978219054187489e-01 2.322152532393358039e-04 4.295388458530106056e-03 -1.979870284145982245e-03 -2.363219317544493962e-04 9.999980121308255088e-01 8.547869296877171758e-03 9.999928474426269531e-01 1.824068254791200161e-03 3.302375553175806999e-03 7.319613695144653320e-01 -1.827545231208205223e-03 9.999977946281433105e-01 1.048979349434375763e-03 -7.274833624251186848e-04 -3.300464013591408730e-03 -1.055008498951792717e-03 9.999939799308776855e-01 8.689804002642631531e-03 2.184472799301147461e+03
6.026772000000000000e+06 9.999988550210201499e-01 1.501716047733181285e-03 1.865624844156025814e-04 7.452081282791258587e-01 -1.502089443756805462e-03 9.999968363018476580e-01 2.017700076464601453e-03 3.941313762867285075e-03 -1.835318816038760173e-04 -2.017977999778867992e-03 9.999979470383131286e-01 8.496158977330157958e-03 9.999977946281433105e-01 1.855589798651635647e-03 -1.044237753376364708e-03 7.418152689933776855e-01 -1.854400383308529854e-03 9.999976158142089844e-01 1.143491244874894619e-03 -1.050435355864465237e-03 1.046361983753740788e-03 -1.141560496762394905e-03 9.999988079071044922e-01 4.773669876158237457e-03 2.224503278732299805e+03
6.130876000000000000e+06 9.999958404128720391e-01 1.621493174730060608e-03 -2.385354656625439038e-03 7.581657196891091743e-01 -1.614491173559294123e-03 9.999943912954533110e-01 2.934415765759036589e-03 6.684754942547286097e-03 2.390099413011929474e-03 -2.930552425762058752e-03 9.999928496180738868e-01 7.784560269156414435e-03 9.999944567680358887e-01 1.957372529432177544e-03 -2.698494819924235344e-03 7.556337118148803711e-01 -1.951394951902329922e-03 9.999957084655761719e-01 2.213442232459783554e-03 1.937996712513267994e-04 2.702811732888221741e-03 -2.208157442510128021e-03 9.999939203262329102e-01 1.301865675486624241e-03 2.200749397277832031e+03
6.235023000000000000e+06 9.999985437099387919e-01 1.665620904553228362e-03 -3.718669168432669364e-04 7.642899744956048735e-01 -1.665194688037904044e-03 9.999979597239868623e-01 1.143535969883268744e-03 4.387139853397204435e-03 3.737708555486625624e-04 -1.142915073748616579e-03 9.999992770199794823e-01 1.837905181554240095e-03 9.999983310699462891e-01 1.616882625967264175e-03 -7.825310458429157734e-04 7.672685980796813965e-01 -1.615860615856945515e-03 9.999977946281433105e-01 1.313975662924349308e-03 9.725831660034600645e-06 7.846520165912806988e-04 -1.312710461206734180e-03 9.999988079071044922e-01 1.716303173452615738e-03 2.266488790512084961e+03
6.339025000000000000e+06 9.999979400611557212e-01 1.125262442914268983e-03 1.689277324662495985e-03 7.853411291135751204e-01 -1.120670287144821635e-03 9.999956812556686225e-01 -2.716904142322350973e-03 -1.968657687760884227e-03 -1.692327259297979553e-03 2.715005422761475502e-03 9.999948823739058801e-01 4.171480850801916745e-03 9.999964237213134766e-01 1.606450299732387066e-03 2.131334738805890083e-03 7.875365018844604492e-01 -1.600710442289710045e-03 9.999951124191284180e-01 -2.689821645617485046e-03 -7.522463798522949219e-03 -2.135639544576406479e-03 2.686402061954140663e-03 9.999941587448120117e-01 2.191526349633932114e-03 2.430788993835449219e+03
6.443143000000000000e+06 9.999974355050542663e-01 1.297194177324287193e-03 1.856413364849239696e-03 7.878412465448170199e-01 -1.294883145678474420e-03 9.999983859381371687e-01 -1.245551588470008957e-03 -3.715859094808097963e-04 -1.858026090751345926e-03 1.243144555881700109e-03 9.999975011622076471e-01 8.830500484709031400e-03 9.999973773956298828e-01 1.116233179345726967e-03 1.993737882003188133e-03 7.940873503684997559e-01 -1.111397170461714268e-03 9.999964833259582520e-01 -2.421419136226177216e-03 -6.501201074570417404e-03 -1.996433595195412636e-03 2.419199328869581223e-03 9.999951124191284180e-01 6.396362092345952988e-03 2.406618833541870117e+03
6.547271000000000000e+06 9.999986721732745387e-01 8.086493635073446025e-04 1.414827867537742177e-03 8.049278765962909477e-01 -8.065928516033278595e-04 9.999986183581911492e-01 -1.453509436007446691e-03 1.476077123969162961e-03 -1.416001292232687333e-03 1.452366315954566620e-03 9.999979427840963719e-01 8.753063244017074071e-03 9.999965429306030273e-01 1.320456969551742077e-03 2.280093031004071236e-03 8.026323914527893066e-01 -1.318604219704866409e-03 9.999987483024597168e-01 -8.155716932378709316e-04 -3.578130155801773071e-03 -2.281159628182649612e-03 8.125624153763055801e-04 9.999970197677612305e-01 7.860713638365268707e-03 2.277546644210815430e+03
6.651280000000000000e+06 9.999920903130047334e-01 6.805544113898026387e-04 -3.918693292487128270e-03 8.029946509469252369e-01 -6.815759817269925790e-04 9.999997340927239131e-01 -2.593620304067778049e-04 3.916018403534345972e-03 3.918515740504128521e-03 2.620308661622127106e-04 9.999922882573728522e-01 1.361821605158322797e-02 9.999912381172180176e-01 7.448530523106455803e-04 -4.131622612476348877e-03 8.023442029953002930e-01 -7.446193485520780087e-04 9.999997019767761230e-01 5.940114351687952876e-05 -2.025358844548463821e-03 4.131658002734184265e-03 -5.632866304949857295e-05 9.999915361404418945e-01 1.037747319787740707e-02 2.585987329483032227e+03
6.755380000000000000e+06 9.999765637440451993e-01 4.321313768408837339e-04 -6.832658715662134723e-03 8.065341136416058765e-01 -4.392399007853895984e-04 9.999993638688998709e-01 -1.038908131281621921e-03 7.524682073825891349e-04 6.832205424394247224e-03 1.041884959501111676e-03 9.999761174371966099e-01 1.064290661175617062e-02 9.999712109565734863e-01 5.296804592944681644e-04 -7.557232398539781570e-03 8.071804642677307129e-01 -5.396350170485675335e-04 9.999989867210388184e-01 -1.315521541982889175e-03 -4.981948994100093842e-03 7.556536234915256500e-03 1.319563947618007660e-03 9.999705553054809570e-01 8.816294372081756592e-03 2.399997949600219727e+03
6.859377000000000000e+06 9.999902876409418884e-01 -2.804900984603490247e-04 -4.398403015977905145e-03 8.168036264678985026e-01 2.737356391411542751e-04 9.999987825959876231e-01 -1.536188576556697964e-03 -1.726645993069094364e-03 4.398828547029516763e-03 1.534969656880882114e-03 9.999891470288896356e-01 4.733321317371833210e-03 9.999877214431762695e-01 2.552284968260210007e-05 -4.974209703505039215e-03 8.218785524368286133e-01 -4.278406777302734554e-05 9.999939799308776855e-01 -3.468225011602044106e-03 -8.160443976521492004e-03 4.974081180989742279e-03 3.468396607786417007e-03 9.999816417694091797e-01 1.398440450429916382e-03 2.175189733505249023e+03
6.963378000000000000e+06 9.999994353594903185e-01 -4.419203923850124460e-04 9.664300633137100707e-04 8.333041890346997160e-01 4.422553963966298352e-04 9.999998421897124956e-01 -3.464544912242160349e-04 2.660552083921941934e-03 -9.662768054963984934e-04 3.468817045127159620e-04 9.999994729909701396e-01 3.932105972960753607e-03 9.999997019767761230e-01 -5.130232893861830235e-04 -6.209982093423604965e-04 8.317966461181640625e-01 5.120727582834661007e-04 9.999986886978149414e-01 -1.536913099698722363e-03 -5.938757210969924927e-03 6.217900081537663937e-04 1.536594587378203869e-03 9.999986290931701660e-01 1.765688997693359852e-03 2.214060783386230469e+03
7.067377000000000000e+06 9.999777186101299620e-01 -3.037549757648529158e-04 6.668584272129870691e-03 8.439598368801070061e-01 3.081600132714589955e-04 9.999997350168519095e-01 -6.595480515316313195e-04 3.977547046324421409e-03 -6.668382164065007715e-03 6.615883469021584294e-04 9.999775472380233454e-01 6.190030334288523957e-03 9.999623298645019531e-01 1.354628766421228647e-04 8.669146336615085602e-03 8.461033701896667480e-01 -1.439928455511108041e-04 9.999995231628417969e-01 9.842910803854465485e-04 -3.270946326665580273e-04 -8.669015020132064819e-03 -9.855029638856649399e-04 9.999619722366333008e-01 6.627676542848348618e-03 2.137871980667114258e+03
7.171256000000000000e+06 9.999715351749514092e-01 -1.778831244984380795e-04 7.543023097204901509e-03 8.492085408550207326e-01 1.691850206065614339e-04 9.999993201129647735e-01 1.153754756058451196e-03 6.127749894372519664e-03 -7.543223202302203577e-03 -1.152445748113034834e-03 9.999708854024290661e-01 1.061652263625265276e-02 9.999758601188659668e-01 -3.673403989523649216e-04 6.943287793546915054e-03 8.498190641403198242e-01 3.593602159526199102e-04 9.999992251396179199e-01 1.149720046669244766e-03 1.213715993799269199e-03 -6.943699903786182404e-03 -1.147196395322680473e-03 9.999752044677734375e-01 1.002912689000368118e-02 2.556581497192382812e+03
7.275272000000000000e+06 9.999854618662137318e-01 -8.684521195276433971e-05 5.391522431035390694e-03 8.504478301637460325e-01 7.838784114288768941e-05 9.999987663069743737e-01 1.568833922265949104e-03 8.121717606273433018e-03 -5.391652025266267627e-03 -1.568388484544656339e-03 9.999842349987323464e-01 1.126687426495622847e-02 9.999818205833435059e-01 -3.210488357581198215e-04 6.008396390825510025e-03 8.492242097854614258e-01 3.093207487836480141e-04 9.999980926513671875e-01 1.953747589141130447e-03 4.699707496911287308e-03 -6.009019911289215088e-03 -1.951855374500155449e-03 9.999800324440002441e-01 1.199314184486865997e-02 2.336859226226806641e+03
7.379272000000000000e+06 9.999997488629454034e-01 -3.376449899522239906e-04 6.231130772126541395e-04 8.565011291028170604e-01 3.349194207846556913e-04 9.999903995725963890e-01 4.369049281085684092e-03 8.837408302947985864e-03 -6.245822826614050695e-04 -4.368839491184613177e-03 9.999902615218172475e-01 1.174140600035010473e-02 9.999995231628417969e-01 -3.305349382571876049e-04 9.290723828598856926e-04 8.482795357704162598e-01 3.288441803306341171e-04 9.999982714653015137e-01 1.803820952773094177e-03 5.851223133504390717e-03 -9.296604548580944538e-04 -1.803512801416218281e-03 9.999979138374328613e-01 1.626163162291049957e-02 2.442103862762451172e+03
7.483251000000000000e+06 9.999957913010516508e-01 2.607810372018947383e-05 -2.901154962400242371e-03 8.392036379208231978e-01 -2.444094827872679584e-05 9.999998404583082534e-01 5.643456370757391188e-04 4.486271364113184924e-03 2.901169216609128954e-03 -5.642723549364653040e-04 9.999956323974050765e-01 1.606166765885849376e-02 9.999943971633911133e-01 -3.669421712402254343e-04 -3.313644556328654289e-03 8.426662087440490723e-01 3.680269001051783562e-04 9.999999403953552246e-01 3.239259531255811453e-04 3.673098282888531685e-03 3.313526278361678123e-03 -3.251394082326442003e-04 9.999944567680358887e-01 1.436031889170408249e-02 2.344658613204956055e+03
7.587271000000000000e+06 9.999976454790072689e-01 -8.471360984280799922e-04 -1.997848060402940447e-03 8.318777850279267527e-01 8.481892042899455897e-04 9.999995017748621873e-01 5.263317405956841706e-04 6.352365749065577369e-03 1.997401190407608294e-03 -5.280250544931971730e-04 9.999978657867357734e-01 1.370258365256243893e-02 9.999944567680358887e-01 -4.301695735193789005e-04 -3.311975160613656044e-03 8.400687575340270996e-01 4.296404658816754818e-04 9.999998807907104492e-01 -1.613369968254119158e-04 1.538090407848358154e-03 3.312044544145464897e-03 1.599089155206456780e-04 9.999945163726806641e-01 9.378818795084953308e-03 2.153537034988403320e+03
7.691129000000000000e+06 9.999993907128758019e-01 -1.647001356723359065e-04 1.091534581371551502e-03 8.420076333239617794e-01 1.631256904889175562e-04 9.999989465127614441e-01 1.442346482813037329e-03 8.290165218651205162e-03 -1.091770986115205488e-03 -1.442167546677618163e-03 9.999983640931024986e-01 7.410260613441205929e-03 9.999991059303283691e-01 5.085051816422492266e-05 1.301963464356958866e-03 8.451610803604125977e-01 -5.285598308546468616e-05 9.999988079071044922e-01 1.540986471809446812e-03 2.714737784117460251e-03 -1.301886048167943954e-03 -1.541050965897738934e-03 9.999979734420776367e-01 8.230031467974185944e-03 2.189812421798706055e+03
7.795131000000000000e+06 9.999979236622533740e-01 2.571744377683173521e-04 2.021517373305610835e-03 8.525757866038854438e-01 -2.578120581489532675e-04 9.999999171027788014e-01 3.151624632008703081e-04 5.464034826405727262e-03 -2.021436153998158562e-03 -3.156829803717473969e-04 9.999979070678753912e-01 1.016709979199057964e-02 9.999960660934448242e-01 2.051587944151833653e-04 2.831194316968321800e-03 8.419969677925109863e-01 -2.082219289150089025e-04 9.999993443489074707e-01 1.077112159691751003e-03 2.055487362667918205e-03 -2.830973127856850624e-03 -1.077703665941953659e-03 9.999954104423522949e-01 1.411048695445060730e-02 2.161660671234130859e+03
7.899003000000000000e+06 9.999994086927753711e-01 -2.668141374893015570e-04 -1.054241108863722106e-03 8.311416974304681737e-01 2.674657187952880354e-04 9.999997732909214898e-01 6.179645579027402084e-04 8.318732250915237061e-03 1.054075988177175958e-03 -6.182461658517983622e-04 9.999992533474659773e-01 1.655667745095972324e-02 9.999994039535522461e-01 2.080679951177444309e-05 -1.053399522788822651e-03 8.440325856208801270e-01 -1.986079041671473533e-05 9.999995827674865723e-01 8.875644998624920845e-04 3.981019835919141769e-03 1.053420244716107845e-03 -8.875474450178444386e-04 9.999991059303283691e-01 1.474535837769508362e-02 2.735592365264892578e+03
8.003004000000000000e+06 9.999905621231582886e-01 7.484860205747080912e-04 -4.279653407319357512e-03 8.356001601203939533e-01 -7.442027981226430767e-04 9.999992207392074395e-01 1.002338851382887338e-03 6.025598840172461182e-03 4.280400308971390316e-03 -9.991444613915321724e-04 9.999903398951112132e-01 1.555942197673890366e-02 9.999868273735046387e-01 4.729435313493013382e-04 -5.115380510687828064e-03 8.339120149612426758e-01 -4.691971407737582922e-04 9.999997019767761230e-01 7.341799791902303696e-04 2.136942697688937187e-03 5.115720443427562714e-03 -7.317632553167641163e-04 9.999866485595703125e-01 1.148733682930469513e-02 2.326332807540893555e+03
8.107005000000000000e+06 9.999937664674978244e-01 -2.914335615660816809e-05 -3.530747344712377445e-03 8.288649043202822586e-01 3.542823389707872104e-05 9.999984151848716474e-01 1.779992299269648765e-03 7.815681687005556280e-03 3.530689874181037070e-03 -1.780106291772557553e-03 9.999921826947459902e-01 1.133555863435278983e-02 9.999896883964538574e-01 4.339460574556142092e-04 -4.522035829722881317e-03 8.365053534507751465e-01 -4.284196475055068731e-04 9.999991059303283691e-01 1.223639817908406258e-03 8.169075008481740952e-04 4.522573668509721756e-03 -1.221695449203252792e-03 9.999889731407165527e-01 9.520576335489749908e-03 2.333215475082397461e+03
8.211004000000000000e+06 9.999998443049091801e-01 4.627914100689079695e-04 3.117920270812762668e-04 8.343919481631766333e-01 -4.626614094842803129e-04 9.999998060736980943e-01 -4.168896572755723335e-04 3.388950201036482549e-03 -3.119848995689351976e-04 4.167453382291839135e-04 9.999998644943635107e-01 4.692859174009120227e-03 9.999997019767761230e-01 4.351635579951107502e-04 5.293708527460694313e-04 8.393068313598632812e-01 -4.351550305727869272e-04 9.999999403953552246e-01 1.576127033331431448e-05 -3.715678176376968622e-04 -5.293674184940755367e-04 -1.598643575562164187e-05 9.999999403953552246e-01 1.057726796716451645e-02 2.237919092178344727e+03
8.315006000000000000e+06 9.999975268695936448e-01 9.452735562315301831e-04 2.013135017870103065e-03 8.444679419695362288e-01 -9.419667296092923891e-04 9.999982067209590708e-01 -1.642940518237793676e-03 1.867773676586068077e-03 -2.014684435983620393e-03 1.641040148822597118e-03 9.999966240112280191e-01 1.360575082348469515e-02 9.999959468841552734e-01 7.230290793813765049e-04 2.776741050183773041e-03 8.399033546447753906e-01 -7.203613640740513802e-04 9.999992251396179199e-01 -9.688196587376296520e-04 -2.368797082453966141e-03 -2.777440473437309265e-03 9.668087004683911800e-04 9.999956488609313965e-01 1.517330668866634369e-02 2.355768442153930664e+03
8.418880000000000000e+06 9.999867920459873938e-01 -2.237081660842490081e-05 5.139575188856201036e-03 8.295866272777896455e-01 1.988963485921114630e-05 9.999998832491135969e-01 4.828106891332147065e-04 4.976516114601930649e-03 -5.139585389675625435e-03 -4.827020879179979695e-04 9.999866757415903917e-01 9.678837371638182932e-03 9.999898076057434082e-01 4.154200141783803701e-04 4.491375759243965149e-03 8.434110283851623535e-01 -4.129715962335467339e-04 9.999998211860656738e-01 -5.434181075543165207e-04 -1.397645915858447552e-03 -4.491606261581182480e-03 5.415660561993718147e-04 9.999896883964538574e-01 1.328233629465103149e-02 2.454416275024414062e+03
8.522877000000000000e+06 9.999859174977761000e-01 5.958608893124954205e-04 5.273495608363356658e-03 8.431076060127578042e-01 -5.859077679842696973e-04 9.999980447043667064e-01 -1.888729607678114875e-03 2.536708810742104026e-03 -5.274610717224122863e-03 1.885613227597843526e-03 9.999843113492019597e-01 9.091485993693313242e-03 9.999849796295166016e-01 5.643457407131791115e-04 5.456953775137662888e-03 8.442777395248413086e-01 -5.597968702204525471e-04 9.999994635581970215e-01 -8.359382045455276966e-04 -9.630210115574300289e-04 -5.457415245473384857e-03 8.328704861924052238e-04 9.999847412109375000e-01 1.315821707248687744e-02 2.544817447662353516e+03
8.626899000000000000e+06 9.999939491021544447e-01 -3.117575938663643049e-04 3.464760638274208115e-03 8.303878818161994912e-01 3.074128716530607282e-04 9.999991659428110191e-01 1.254436530336738550e-03 5.002183804768600174e-03 -3.465148828580046081e-03 -1.253363827852037099e-03 9.999932108883093917e-01 1.438742873192395098e-02 9.999921917915344238e-01 -1.851459965109825134e-04 3.950431942939758301e-03 8.375484943389892578e-01 1.847551466198638082e-04 1.000000000000000000e+00 1.023586155497469008e-04 -5.799299833597615361e-05 -3.950452432036399841e-03 -1.016269307001493871e-04 9.999922513961791992e-01 1.639379374682903290e-02 2.442836523056030273e+03
8.730751000000000000e+06 9.999999581868057597e-01 2.109109541426330381e-04 1.978457884398971789e-04 8.333641810638670044e-01 -2.108589684836776603e-04 9.999999432524222520e-01 -2.627425499754318947e-04 1.320099315002293055e-03 -1.979011924945371030e-04 2.627008214304573882e-04 9.999999459116967193e-01 1.551856323924951341e-02 9.999998211860656738e-01 2.696763549465686083e-04 -6.186350365169346333e-04 8.351501822471618652e-01 -2.698867756407707930e-04 9.999998807907104492e-01 -3.292848996352404356e-04 -1.435055979527533054e-03 6.185484817251563072e-04 3.294591442681849003e-04 9.999997019767761230e-01 1.668293774127960205e-02 2.294210672378540039e+03
8.834756000000000000e+06 9.999932105239044411e-01 4.102173733429898710e-04 -3.662052402776016808e-03 8.322837786088210787e-01 -4.087819306178508351e-04 9.999998393351181569e-01 3.927175459502565752e-04 3.316348032401812782e-03 3.662212913972966513e-03 -3.912178987526354840e-04 9.999932175495632736e-01 1.660752287820013717e-02 9.999936819076538086e-01 2.011300530284643173e-04 -3.531956812366843224e-03 8.326882719993591309e-01 -2.015434583881869912e-04 1.000000000000000000e+00 -1.162546468549408019e-04 -1.044115924742072821e-04 3.531925147399306297e-03 1.169573733932338655e-04 9.999937415122985840e-01 1.236627064645290375e-02 2.522833108901977539e+03
8.938756000000000000e+06 9.999920663572199331e-01 1.814994427648164064e-04 -3.979231153091722199e-03 8.232578235701749625e-01 -1.769656604572053212e-04 9.999993349016902400e-01 1.139683873717501836e-03 6.603167650587811986e-03 3.979435358499816555e-03 -1.138970644603646935e-03 9.999914333833556102e-01 1.440555447387928574e-02 9.999892711639404297e-01 4.461632634047418833e-04 -4.621153231710195541e-03 8.292440772056579590e-01 -4.428268293850123882e-04 9.999995827674865723e-01 7.246562745422124863e-04 1.590761938132345676e-03 4.621482454240322113e-03 -7.226079469546675682e-04 9.999891519546508789e-01 1.326120644807815552e-02 2.787624359130859375e+03
9.042758000000000000e+06 9.999961248724988927e-01 4.922225870561293534e-04 -2.740065128859806801e-03 8.317509898328632190e-01 -4.836554765518658299e-04 9.999949958582723397e-01 3.126393416378136711e-03 1.094701375006733660e-02 2.741590298641123462e-03 -3.125056053699347674e-03 9.999913588163127365e-01 1.142413347371609537e-02 9.999969005584716797e-01 4.995127092115581036e-04 -2.443701727315783501e-03 8.299023509025573730e-01 -4.898468614555895329e-04 9.999921321868896484e-01 3.953293897211551666e-03 6.597929168492555618e-03 2.445658203214406967e-03 -3.952079452574253082e-03 9.999891519546508789e-01 1.107229664921760559e-02 2.655407190322875977e+03
9.146631000000000000e+06 9.999984767447589462e-01 -5.527252044259808135e-04 -1.655597478266205040e-03 8.285800362710259437e-01 5.581189885503794927e-04 9.999945329805011163e-01 3.259219585092077050e-03 1.279562744008309189e-02 1.653786974271070258e-03 -3.260138640858779337e-03 9.999933182200199111e-01 7.190814974911568375e-03 9.999980926513671875e-01 -3.868683706969022751e-04 -1.924486248753964901e-03 8.293855786323547363e-01 3.932309627998620272e-04 9.999944567680358887e-01 3.304418642073869705e-03 6.461715791374444962e-03 1.923202420584857464e-03 -3.305169986560940742e-03 9.999927282333374023e-01 8.903153240680694580e-03 2.734453439712524414e+03
9.250652000000000000e+06 9.999973957287756621e-01 -6.452557381374550904e-04 -2.189104999451115495e-03 8.275724432232923755e-01 6.400971330323759756e-04 9.999970188858877673e-01 -2.356373272149956365e-03 4.082824767808241120e-03 2.190618936854357192e-03 2.354965895680794820e-03 9.999948276487752308e-01 1.327730644862108907e-02 9.999983906745910645e-01 -6.662384257651865482e-04 -1.642278744839131832e-03 8.262895345687866211e-01 6.641364307142794132e-04 9.999989271163940430e-01 -1.272097229957580566e-03 -6.039256113581359386e-04 1.643123105168342590e-03 1.271007349714636803e-03 9.999977946281433105e-01 1.267091091722249985e-02 2.485380887985229492e+03
9.354505000000000000e+06 9.999930698603962664e-01 -1.147230841566285143e-03 -3.541764048743844227e-03 8.201967591490550991e-01 1.135275692392890895e-03 9.999936580619765980e-01 -3.375645853589813884e-03 -1.609273477936766592e-03 3.545614232129197258e-03 3.371601581260065365e-03 9.999880303896112599e-01 1.373741820749872430e-02 9.999923110008239746e-01 -1.304262317717075348e-03 -3.692401340231299400e-03 8.257274031639099121e-01 1.290571643039584160e-03 9.999923110008239746e-01 -3.711306722834706306e-03 -5.257245153188705444e-03 3.697203937917947769e-03 3.706509713083505630e-03 9.999862909317016602e-01 1.063739135861396790e-02 2.818281173706054688e+03
9.458529000000000000e+06 9.999985117314638128e-01 -1.047124325103681143e-03 -1.371154807239749951e-03 8.255520307568942062e-01 1.042230239701450421e-03 9.999931016017582497e-01 -3.565179521881795943e-03 -9.325181077062937723e-04 1.374878534668562196e-03 3.563745156933870086e-03 9.999927046881249559e-01 9.219134652363146498e-03 9.999966621398925781e-01 -7.683430449105799198e-04 -2.495255321264266968e-03 8.247467279434204102e-01 7.578955846838653088e-04 9.999909996986389160e-01 -4.185928963124752045e-03 -4.510711412876844406e-03 2.498452551662921906e-03 4.184021614491939545e-03 9.999880790710449219e-01 6.939279381185770035e-03 2.483875751495361328e+03
9.562503000000000000e+06 9.999933954987204610e-01 -1.616017376131216642e-03 3.255371987907582088e-03 8.242540950231186381e-01 1.619012553578842890e-03 9.999982683594709210e-01 -9.176472149497862194e-04 4.476436294919995847e-03 -3.253883416928993449e-03 9.229116424625721836e-04 9.999942802220467275e-01 8.851496463260973349e-03 9.999935626983642578e-01 -1.678298227488994598e-03 3.178812330588698387e-03 8.252362608909606934e-01 1.681062625721096992e-03 9.999982118606567383e-01 -8.691084221936762333e-04 -1.130258664488792419e-03 -3.177340375259518623e-03 8.744517690502107143e-04 9.999945759773254395e-01 9.102631360292434692e-03 2.738484859466552734e+03
9.666385000000000000e+06 9.999803793070959346e-01 -2.189865951430671268e-03 5.869027854017579496e-03 8.258742054711786240e-01 2.202494463448096025e-03 9.999952715772056910e-01 -2.146122403115535617e-03 1.146646091814485999e-03 -5.864300382394309168e-03 2.159006796061225825e-03 9.999804741447102518e-01 9.506545550660860586e-03 9.999765157699584961e-01 -1.859872951172292233e-03 6.581025663763284683e-03 8.274666666984558105e-01 1.871817628853023052e-03 9.999966025352478027e-01 -1.808408414945006371e-03 -2.051898278295993805e-03 -6.577645428478717804e-03 1.820687204599380493e-03 9.999766945838928223e-01 1.320405863225460052e-02 2.847253084182739258e+03
9.770380000000000000e+06 9.999921916393044174e-01 -1.984979055216348418e-03 3.417092122117719628e-03 8.204773259109334749e-01 1.991030277136779641e-03 9.999964543110952953e-01 -1.768378826245627826e-03 2.219716291853804195e-03 -3.413569811240309716e-03 1.775168551980807995e-03 9.999925981314841117e-01 1.386222026391825159e-02 9.999908804893493652e-01 -1.864328747615218163e-03 3.861275035887956619e-03 8.189956545829772949e-01 1.872197026386857033e-03 9.999961256980895996e-01 -2.037862548604607582e-03 -3.351260442286729813e-03 -3.857464296743273735e-03 2.045068889856338501e-03 9.999904632568359375e-01 1.617677509784698486e-02 2.798440694808959961e+03
9.874249000000000000e+06 9.999987210675831406e-01 -1.546026372026805670e-03 -4.094699685260446624e-04 8.080616733672759677e-01 1.546209878174473890e-03 9.999987041667252052e-01 4.482185660862347018e-04 2.220383830510012143e-03 4.087764801976331397e-04 -4.488511193551314666e-04 9.999998157172139690e-01 1.662196892783442126e-02 9.999976754188537598e-01 -1.753154559992253780e-03 -1.247666776180267334e-03 8.126513361930847168e-01 1.752026146277785301e-03 9.999980926513671875e-01 -9.162218775600194931e-04 -2.608096227049827576e-03 1.249270397238433361e-03 9.140359470620751381e-04 9.999988079071044922e-01 1.670230180025100708e-02 2.769803524017333984e+03
9.978133000000000000e+06 9.999930497970839216e-01 -1.038324443079161443e-03 -3.580815532525043806e-03 8.047930536753532538e-01 1.049566012415376927e-03 9.999945227213024035e-01 3.138939085164875464e-03 1.211927921129863847e-02 3.577536682222944020e-03 -3.142675571180959457e-03 9.999886623464996349e-01 1.281353766390674713e-02 9.999953508377075195e-01 -8.855783380568027496e-04 -2.932464238256216049e-03 8.059613704681396484e-01 8.970468188636004925e-04 9.999918937683105469e-01 3.917612135410308838e-03 6.650636903941631317e-03 2.928972011432051659e-03 -3.920224029570817947e-03 9.999880790710449219e-01 1.634208112955093384e-02 2.664535284042358398e+03
1.008213000000000000e+07 9.999950559945388617e-01 -1.152438505218293186e-03 -2.925725887854360024e-03 8.001922936215489779e-01 1.166697604135959318e-03 9.999874283422539589e-01 4.876676547188131539e-03 1.376146197095493712e-02 2.920069036799364734e-03 -4.880065874256368091e-03 9.999838289461900898e-01 1.323915270329693687e-02 9.999920725822448730e-01 -1.139585976488888264e-03 -3.797563957050442696e-03 8.007593154907226562e-01 1.155492616817355156e-03 9.999905824661254883e-01 4.185051657259464264e-03 8.034283295273780823e-03 3.792751114815473557e-03 -4.189409781247377396e-03 9.999840855598449707e-01 1.271164044737815857e-02 2.609117507934570312e+03
1.018601000000000000e+07 9.999988788834576203e-01 -9.515288843342320241e-04 -1.156211317176387022e-03 7.991779634535415289e-01 9.562709884916614127e-04 9.999911056859237535e-01 4.107809007227030199e-03 1.254601131249805102e-02 1.152292334548088958e-03 -4.108910053233581945e-03 9.999908944988199488e-01 7.391279967862982199e-03 9.999986886978149414e-01 -1.024007098749279976e-03 -1.303149037994444370e-03 8.005165457725524902e-01 1.029685023240745068e-03 9.999898672103881836e-01 4.373400937765836716e-03 9.958053939044475555e-03 1.298667164519429207e-03 -4.374739248305559158e-03 9.999895691871643066e-01 8.504121564328670502e-03 2.792265415191650391e+03
1.029001000000000000e+07 9.999984843099297693e-01 -1.156469898953882067e-03 1.301520347845428480e-03 8.056061676496515389e-01 1.154243834673726946e-03 9.999978721326309161e-01 1.709810334657076982e-03 9.494154316061957297e-03 -1.303494922567701147e-03 -1.708305471277327950e-03 9.999976912940368168e-01 1.116743523943964853e-02 9.999983310699462891e-01 -9.465080802328884602e-04 1.524209976196289062e-03 7.982712388038635254e-01 9.430444333702325821e-04 9.999970197677612305e-01 2.278798026964068413e-03 6.561324931681156158e-03 -1.526360283605754375e-03 -2.277361461892724037e-03 9.999961853027343750e-01 1.267569418996572495e-02 2.661262273788452148e+03
1.039388000000000000e+07 9.999983769844007497e-01 -9.018596433826135423e-04 1.559704378395658422e-03 7.896032595586685021e-01 9.021049878067412785e-04 9.999995808405630626e-01 -1.566055209076975467e-04 4.283760841379804542e-03 -1.559562488431611793e-03 1.580122838337489212e-04 9.999987713977266379e-01 1.399586976848773631e-02 9.999983310699462891e-01 -9.785806760191917419e-04 1.572402543388307095e-03 7.969357967376708984e-01 9.792604250833392143e-04 9.999993443489074707e-01 -4.385696665849536657e-04 1.077180262655019760e-03 -1.571975881233811378e-03 4.401070764288306236e-04 9.999986886978149414e-01 1.325917523354291916e-02 2.508862495422363281e+03
1.049776000000000000e+07 9.999992649159771263e-01 -1.211286154749118471e-03 5.434479334091968481e-05 7.912772886664520833e-01 1.211196832418438103e-03 9.999979630264906882e-01 1.614603698286370828e-03 9.221860895885520409e-03 -5.630042974715628365e-05 -1.614536689175436086e-03 9.999986950499190064e-01 1.391598045347336964e-02 9.999995231628417969e-01 -8.799449424259364605e-04 -2.976724936161190271e-04 7.899675965309143066e-01 8.804951794445514679e-04 9.999979734420776367e-01 1.822400372475385666e-03 3.567847888916730881e-03 2.960685233119875193e-04 -1.822662074118852615e-03 9.999983310699462891e-01 1.339370105415582657e-02 2.445642948150634766e+03
1.060175000000000000e+07 9.999998309207486225e-01 -5.659731663413936726e-04 1.335396919661384514e-04 7.823987538490333460e-01 5.658271000616679107e-04 9.999992444316768703e-01 1.091318362402586215e-03 7.547902204591816142e-03 -1.341572479768327899e-04 -1.091242617506646157e-03 9.999993955955086555e-01 1.157169603343511169e-02 9.999998807907104492e-01 -5.571774672716856003e-04 -7.409645331790670753e-05 7.858340740203857422e-01 5.572586087509989738e-04 9.999992847442626953e-01 1.089865225367248058e-03 2.374244853854179382e-03 7.349609222728759050e-05 -1.089896890334784985e-03 9.999994039535522461e-01 1.575234159827232361e-02 2.273788928985595703e+03
1.070563000000000000e+07 9.999984640833893268e-01 -3.532989414339354653e-04 1.716685970218168522e-03 7.790188207671646659e-01 3.563789647401722658e-04 9.999983269302270550e-01 -1.794193629515953604e-03 2.929966763607968518e-03 -1.716049211372726487e-03 1.794802664553005580e-03 9.999969169244971035e-01 1.095134055775280786e-02 9.999988079071044922e-01 -5.854608607478439808e-04 1.471244031563401222e-03 7.826452255249023438e-01 5.875713541172444820e-04 9.999988079071044922e-01 -1.438053208403289318e-03 -2.065334934741258621e-03 -1.470406306907534599e-03 1.438912586309015751e-03 9.999978542327880859e-01 1.290430035442113876e-02 2.449036121368408203e+03
1.080965000000000000e+07 9.999949180200649046e-01 -8.288622089543921804e-04 3.078460895059039783e-03 7.819044327982060949e-01 8.303500675208265935e-04 9.999995390655461724e-01 -4.820658263302098241e-04 5.127521977485687346e-03 -3.078059909944674041e-03 4.846195766934254250e-04 9.999951453337445617e-01 1.398877140267327547e-02 9.999968409538269043e-01 -3.650594735518097878e-04 2.492258092388510704e-03 7.786766886711120605e-01 3.680932277347892523e-04 9.999991655349731445e-01 -1.215876778587698936e-03 -2.401341916993260384e-03 -2.491810126230120659e-03 1.216789009049534798e-03 9.999961256980895996e-01 1.537922583520412445e-02 2.305687189102172852e+03
1.091351000000000000e+07 9.999925371941628116e-01 -3.199055104673139479e-05 3.863228259571287876e-03 7.654806657516936008e-01 3.441660965806087562e-05 9.999998022643722395e-01 -6.279225377158849982e-04 3.779979921250357835e-03 -3.863207408085426574e-03 6.280508108709349649e-04 9.999923405610169347e-01 9.375320569434296078e-03 9.999898076057434082e-01 -2.102713006024714559e-05 4.506884142756462097e-03 7.769171595573425293e-01 1.849750697147101164e-05 9.999998211860656738e-01 5.607414059340953827e-04 2.047098940238356590e-03 -4.506893455982208252e-03 -5.606513586826622486e-04 9.999897480010986328e-01 1.523088570684194565e-02 2.941302061080932617e+03
1.101751000000000000e+07 9.999977521772849265e-01 -6.956715515591071174e-04 2.002918238454787399e-03 7.783008870947160096e-01 6.955963137423674123e-04 9.999997573409230567e-01 3.826046487896570875e-05 7.480890602535016261e-03 -2.002944369145462453e-03 -3.686715633282715434e-05 9.999979934253202529e-01 1.504530404253647501e-02 9.999968409538269043e-01 -4.975465126335620880e-04 2.484082011505961418e-03 7.677918076515197754e-01 4.976644413545727730e-04 9.999999403953552246e-01 -4.491392974159680307e-05 7.109137368388473988e-04 -2.484073862433433533e-03 4.615385478246025741e-05 9.999969005584716797e-01 1.636239886283874512e-02 2.660180568695068359e+03
1.112138000000000000e+07 9.999995778021454340e-01 -7.245622602986700892e-04 5.651593244826910159e-04 7.583962971715584311e-01 7.246905340331630165e-04 9.999997116932420882e-01 -2.267974044622648045e-04 3.001346110866477245e-03 -5.649948327034313598e-04 2.272068743215603886e-04 9.999998145789205095e-01 1.354126042591279749e-02 9.999997615814208984e-01 -7.381152245216071606e-04 -1.985219423659145832e-04 7.593169212341308594e-01 7.380187744274735451e-04 9.999995827674865723e-01 -4.109780420549213886e-04 -1.551799941807985306e-03 1.988396252272650599e-04 4.108262364752590656e-04 9.999998807907104492e-01 1.571416109800338745e-02 2.487679958343505859e+03
1.122538000000000000e+07 9.999985197341898502e-01 -2.625518437059984312e-04 -1.700469334767261897e-03 7.391351995060373437e-01 2.607753006345295689e-04 9.999994201167199392e-01 -1.044874378195953177e-03 4.602446394211923142e-03 1.700742682387963289e-03 1.044429391102141488e-03 9.999980083188042546e-01 1.587938347231030584e-02 9.999981522560119629e-01 -4.546951386146247387e-04 -1.858168630860745907e-03 7.505259513854980469e-01 4.535084008239209652e-04 9.999997615814208984e-01 -6.485853227786719799e-04 -1.650513848289847374e-03 1.858453499153256416e-03 6.477433489635586739e-04 9.999980330467224121e-01 1.682756096124649048e-02 2.639419794082641602e+03
1.132928000000000000e+07 9.999940073115066719e-01 -4.018772716417074202e-04 -3.438580482219899537e-03 7.458160727743933238e-01 4.042088844420889870e-04 9.999996888679996143e-01 6.774061422655757022e-04 7.405424712779978998e-03 3.438307178235229349e-03 -6.787919875623642284e-04 9.999938586237345772e-01 1.501685043324175496e-02 9.999935626983642578e-01 -6.229172868188470602e-05 -3.571947105228900909e-03 7.361237406730651855e-01 6.146043597254902124e-05 9.999999403953552246e-01 -2.327676484128460288e-04 5.332153523340821266e-04 3.571961773559451103e-03 2.325459208805114031e-04 9.999936819076538086e-01 1.685126870870590210e-02 2.569299697875976562e+03
1.143326000000000000e+07 9.999959027920304333e-01 2.554611629140515110e-04 -2.851164454426719126e-03 7.124972210965506703e-01 -2.547763976162186654e-04 9.999999386169063920e-01 2.405310180050674262e-04 3.810625433243860702e-03 2.851225725747001324e-03 -2.398036230907532498e-04 9.999959064946631893e-01 1.330908705716018353e-02 9.999965429306030273e-01 6.562865746673196554e-05 -2.640419173985719681e-03 7.295860052108764648e-01 -6.503496115328744054e-05 1.000000000000000000e+00 2.235622378066182137e-04 7.734677055850625038e-04 2.640433609485626221e-03 -2.233914565294981003e-04 9.999964833259582520e-01 1.518976036459207535e-02 2.147308588027954102e+03
1.153715000000000000e+07 9.999975412565987876e-01 1.203727507769037242e-03 -1.862396532430068887e-03 7.154193671947600697e-01 -1.201231757345665651e-03 9.999983798976509464e-01 1.340613418672825189e-03 6.734215247409024684e-03 1.864007248406412617e-03 -1.338372952588902940e-03 9.999973671139428255e-01 1.235435141143131736e-02 9.999961256980895996e-01 1.284660189412534237e-03 -2.456611022353172302e-03 7.120844125747680664e-01 -1.283435034565627575e-03 9.999990463256835938e-01 5.016414797864854336e-04 -2.414222835795953870e-04 2.457264810800552368e-03 -4.984821425750851631e-04 9.999967813491821289e-01 1.457121782004833221e-02 2.231278181076049805e+03
1.164113000000000000e+07 9.999969221472977399e-01 2.429941074893916721e-03 -5.010811349690261988e-04 6.966044163797734390e-01 -2.429106007099726076e-03 9.999956711483023453e-01 1.660460376707275070e-03 6.318874144867946997e-03 5.051137867356992250e-04 -1.659238086859820280e-03 9.999984958933856305e-01 1.193139837715133204e-02 9.999970793724060059e-01 2.359820064157247543e-03 -5.859258235432207584e-04 6.980161070823669434e-01 -2.358633792027831078e-03 9.999951720237731934e-01 2.018304076045751572e-03 2.570244541857391596e-04 5.906778969801962376e-04 -2.016919199377298355e-03 9.999978542327880859e-01 1.486259512603282928e-02 2.117052316665649414e+03
1.174513000000000000e+07 9.999914405598733236e-01 4.042730711883323579e-03 8.804177306534703273e-04 6.702507900562353349e-01 -4.042787577706099048e-03 9.999918259277484900e-01 6.281949529816632783e-05 2.112542998320152045e-03 -8.801565717523816531e-04 -6.637829946313558423e-05 9.999996104590893609e-01 1.109411598421112394e-02 9.999918341636657715e-01 3.844337537884712219e-03 1.231348374858498573e-03 6.826543211936950684e-01 -3.845428349450230598e-03 9.999921917915344238e-01 8.821029914543032646e-04 -2.430955646559596062e-03 -1.227946369908750057e-03 -8.868222357705235481e-04 9.999988079071044922e-01 1.596544869244098663e-02 2.115540742874145508e+03
1.184914000000000000e+07 9.999834345402256464e-01 5.532332322361942743e-03 1.588692609981706694e-03 6.727175370511662145e-01 -5.533145719499965413e-03 9.999845629709028794e-01 5.080534806702126805e-04 -8.587368897100105527e-04 -1.585857364595059851e-03 -5.168355322452370271e-04 9.999986089677583845e-01 1.035478069793241418e-02 9.999822378158569336e-01 5.854102317243814468e-03 1.107822521589696407e-03 6.672906279563903809e-01 -5.852946545928716660e-03 9.999822378158569336e-01 -1.052236766554415226e-03 -7.048426661640405655e-03 -1.113967271521687508e-03 1.045732526108622551e-03 9.999988675117492676e-01 1.554286200553178787e-02 2.066177845001220703e+03
1.195326000000000000e+07 9.999750231007344947e-01 6.915249045936766592e-03 1.460310007531110321e-03 6.404826831994091529e-01 -6.913207847753816138e-03 9.999751259370101009e-01 -1.398236215648602891e-03 -8.642515091814751901e-03 -1.469942835344256347e-03 1.388105865439277688e-03 9.999979562129950317e-01 1.276976740565328658e-02 9.999734759330749512e-01 7.080276496708393097e-03 1.717166393063962460e-03 6.515319943428039551e-01 -7.078478578478097916e-03 9.999744296073913574e-01 -1.042660442180931568e-03 -7.705867290496826172e-03 -1.724505214951932430e-03 1.030472223646938801e-03 9.999979734420776367e-01 1.640071161091327667e-02 1.914256334304809570e+03
1.205726000000000000e+07 9.999598998539017680e-01 8.797288659282642698e-03 1.675230258792823100e-03 6.412156123284897813e-01 -8.799911748947166976e-03 9.999600554783779627e-01 1.564928397780275668e-03 -5.426752960157102661e-04 -1.661396215675146892e-03 -1.579607522359434153e-03 9.999973722978925395e-01 1.243423699117511376e-02 9.999613761901855469e-01 8.647525683045387268e-03 1.538085984066128731e-03 6.363319158554077148e-01 -8.648658171296119690e-03 9.999623894691467285e-01 7.283706218004226685e-04 -5.640271119773387909e-03 -1.531721907667815685e-03 -7.416410953737795353e-04 9.999985098838806152e-01 1.652236655354499817e-02 1.801693916320800781e+03
1.216138000000000000e+07 9.999287593951189379e-01 1.182048034666264777e-02 1.659029509214029899e-03 6.233854479214024913e-01 -1.182324769661087689e-02 9.999287112911947606e-01 1.668277385460951263e-03 -2.510918347229811748e-03 -1.639191399094825675e-03 -1.687773653194325936e-03 9.999972322319959916e-01 1.223778359189807083e-02 9.999260306358337402e-01 1.200549490749835968e-02 1.945090014487504959e-03 6.203888654708862305e-01 -1.200907025486230850e-02 9.999261498451232910e-01 1.839411095716059208e-03 -5.649037193506956100e-03 -1.922869239933788776e-03 -1.862633740529417992e-03 9.999964237213134766e-01 1.544282678514719009e-02 2.031042814254760742e+03
1.226551000000000000e+07 9.998889027736684865e-01 1.477435999458984357e-02 1.974942231968836864e-03 5.994860888629895967e-01 -1.477922482002819518e-02 9.998877260463133743e-01 2.471804128889918024e-03 -3.949190233243018641e-03 -1.938201173359817894e-03 -2.500717633559999126e-03 9.999949948812386635e-01 1.225921345409286545e-02 9.998925924301147461e-01 1.453945133835077286e-02 1.881220960058271885e-03 6.019350886344909668e-01 -1.454421784728765488e-02 9.998909831047058105e-01 2.540428191423416138e-03 -7.211548741906881332e-03 -1.844078302383422852e-03 -2.567521762102842331e-03 9.999950528144836426e-01 1.352911908179521561e-02 2.092936515808105469e+03
1.236963000000000000e+07 9.998288745804475575e-01 1.843429206915568261e-02 1.548686896896832267e-03 5.880027689881235364e-01 -1.843645367525184944e-02 9.998290633622071155e-01 1.393281067109548290e-03 -7.460797721347586613e-03 -1.522738019440160679e-03 -1.421594935534492739e-03 9.999978301660276125e-01 1.153992327509298713e-02 9.998283982276916504e-01 1.845804788172245026e-02 1.539586810395121574e-03 5.842035412788391113e-01 -1.845959946513175964e-02 9.998291134834289551e-01 1.002568751573562622e-03 -1.248839963227510452e-02 -1.520820893347263336e-03 -1.030820538289844990e-03 9.999982714653015137e-01 1.298808492720127106e-02 2.038564205169677734e+03
1.247391000000000000e+07 9.997602535086279607e-01 2.187802380009483058e-02 8.874564589182162627e-04 5.572681697711122650e-01 -2.187827230580331392e-02 9.997606051479377420e-01 2.712842466872454465e-04 -1.618298368873407125e-02 -8.813088432049075074e-04 -2.906352213086943232e-04 9.999995694128528401e-01 1.093832229773412587e-02 9.997618794441223145e-01 2.180397696793079376e-02 9.831279749050736427e-04 5.611215829849243164e-01 -2.180437557399272919e-02 9.997622370719909668e-01 3.928448422811925411e-04 -1.633147709071636200e-02 -9.743278496898710728e-04 -4.141871759202331305e-04 9.999994635581970215e-01 1.357621792703866959e-02 1.814883470535278320e+03
1.257813000000000000e+07 9.996770009977475890e-01 2.540825848371523754e-02 5.604257080601988267e-04 5.399105547311857656e-01 -2.540763055343647769e-02 9.996765683289481341e-01 -1.100474315048585250e-03 -1.851074848694200109e-02 -5.882055844883844059e-04 1.085879773599778518e-03 9.999992374393631422e-01 1.116212481334446192e-02 9.996775388717651367e-01 2.537342719733715057e-02 9.492521057836711407e-04 5.397234559059143066e-01 -2.537232637405395508e-02 9.996773004531860352e-01 -1.155999721959233284e-03 -2.347020618617534637e-02 -9.782809065654873848e-04 1.131541677750647068e-03 9.999988675117492676e-01 1.407705713063478470e-02 1.967729330062866211e+03
1.268239000000000000e+07 9.995854192080435574e-01 2.878862995987668469e-02 4.522075994607223696e-04 5.118265114386144621e-01 -2.878761269088334074e-02 9.995833140736397615e-01 -2.114611339866972854e-03 -2.743641020745542225e-02 -5.128959342906233565e-04 2.100716685393861759e-03 9.999976619608509365e-01 1.374770543952542542e-02 9.995877742767333984e-01 2.870953641831874847e-02 -3.237049677409231663e-04 5.148586630821228027e-01 -2.871029451489448547e-02 9.995841979980468750e-01 -2.664564410224556923e-03 -3.114885836839675903e-02 2.470743202138692141e-04 2.672771690413355827e-03 9.999964237213134766e-01 1.330762449651956558e-02 1.889489889144897461e+03
1.278678000000000000e+07 9.994185525068844944e-01 3.409178451936510645e-02 5.541961105458081483e-04 4.952414474849472503e-01 -3.409028805496953918e-02 9.994155892603121538e-01 -2.516387051334962894e-03 -2.714241295746375529e-02 -6.396603575083440124e-04 2.496031199344805104e-03 9.999966803259292547e-01 9.867092284495428134e-03 9.994313120841979980e-01 3.371405974030494690e-02 4.879843909293413162e-04 4.947462081909179688e-01 -3.371288627386093140e-02 9.994290471076965332e-01 -2.249621320515871048e-03 -3.528521955013275146e-02 -5.635486450046300888e-04 2.231886144727468491e-03 9.999973177909851074e-01 1.392516866326332092e-02 2.018529891967773438e+03
1.289113000000000000e+07 9.993028842674400725e-01 3.732498477456472341e-02 7.687693762231020272e-04 4.770351315513381429e-01 -3.732365145438065746e-02 9.993018154792110419e-01 -1.681256097324252286e-03 -3.232481669077708758e-02 -8.309854915793382299e-04 1.651390787001392633e-03 9.999982911843305899e-01 8.071878084195438161e-03 9.992948770523071289e-01 3.754312545061111450e-02 6.008154014125466347e-04 4.780364334583282471e-01 -3.754182159900665283e-02 9.992930889129638672e-01 -1.984029542654752731e-03 -3.628263622522354126e-02 -6.748730666004121304e-04 1.960074296221137047e-03 9.999978542327880859e-01 1.229914464056491852e-02 2.136111259460449219e+03
1.299551000000000000e+07 9.991803449929295144e-01 4.047221173179115644e-02 7.989100997939862321e-04 4.610062288538313569e-01 -4.047095766673788203e-02 9.991795468307299588e-01 -1.527998911714203946e-03 -3.689861981378894651e-02 -8.600961269514921514e-04 1.494413822927127258e-03 9.999985134798842212e-01 1.188360622516238668e-02 9.991753697395324707e-01 4.060229286551475525e-02 2.309584378963336349e-04 4.594967961311340332e-01 -4.060197621583938599e-02 9.991741776466369629e-01 -1.556150498799979687e-03 -3.766011819243431091e-02 -2.939563419204205275e-04 1.545489765703678131e-03 9.999987483024597168e-01 1.276569161564111710e-02 2.337200403213500977e+03
1.309988000000000000e+07 9.989548340210049338e-01 4.568372247743479608e-02 1.495689363164991051e-03 4.589765464414648499e-01 -4.568063805454281728e-02 9.989540215245662491e-01 -2.035236307251635322e-03 -3.393887924328470307e-02 -1.587102074921668002e-03 1.964785103063310633e-03 9.999968103581643453e-01 6.005248353547418261e-03 9.989617466926574707e-01 4.552364349365234375e-02 1.760750426910817623e-03 4.605464339256286621e-01 -4.551906511187553406e-02 9.989603161811828613e-01 -2.529639052227139473e-03 -4.250103980302810669e-02 -1.874076668173074722e-03 2.446869621053338051e-03 9.999952316284179688e-01 1.191460620611906052e-02 2.257279396057128906e+03
1.320438000000000000e+07 9.988402036318371202e-01 4.814815905302419208e-02 4.887243269286348853e-05 4.478682925058065090e-01 -4.814740992913054546e-02 9.988293890156105803e-01 -4.656023605853946458e-03 -5.383609224379755365e-02 -2.729941872156104550e-04 4.648270485534699605e-03 9.999891594690749619e-01 5.898213494469348520e-03 9.988014698028564453e-01 4.894340038299560547e-02 3.323523560538887978e-04 4.450733959674835205e-01 -4.894158989191055298e-02 9.987927675247192383e-01 -4.205776844173669815e-03 -4.743090271949768066e-02 -5.377926863729953766e-04 4.184466321021318436e-03 9.999911189079284668e-01 1.289672031998634338e-02 2.534864664077758789e+03
1.330876000000000000e+07 9.986447126507270733e-01 5.201828997050101516e-02 -1.683865580077912021e-03 4.437429189076271818e-01 -5.203118298313629680e-02 9.986064312393350129e-01 -8.829013807583602561e-03 -5.100341176072453742e-02 1.222248797211915403e-03 8.904661474979664454e-03 9.999596057400986782e-01 1.547824065437340343e-02 9.986708760261535645e-01 5.149967595934867859e-02 -2.052970463410019875e-03 4.451056420803070068e-01 -5.151633545756340027e-02 9.986308217048645020e-01 -9.089135564863681793e-03 -5.833136290311813354e-02 1.582073047757148743e-03 9.182818233966827393e-03 9.999566078186035156e-01 1.236504316329956055e-02 2.764826536178588867e+03
1.341326000000000000e+07 9.985845773102768330e-01 5.312624157199349884e-02 -2.538585135447154681e-03 4.401934347190160079e-01 -5.314216711973939605e-02 9.985645957379891691e-01 -6.682680034531126960e-03 -6.311506068692260274e-02 2.179915565661417597e-03 6.808127133097710559e-03 9.999744483600899736e-01 1.036351659344843766e-02 9.985550045967102051e-01 5.367060750722885132e-02 -2.747006481513381004e-03 4.313081800937652588e-01 -5.368875712156295776e-02 9.985327124595642090e-01 -7.057337556034326553e-03 -6.055438518524169922e-02 2.364201936870813370e-03 7.194623351097106934e-03 9.999713301658630371e-01 8.279178291559219360e-03 2.439327955245971680e+03
1.351763000000000000e+07 9.984039766612635702e-01 5.643903510978771215e-02 -2.033396875046692472e-03 4.370172378285808179e-01 -5.645085855940060876e-02 9.983853629686990638e-01 -6.321991598043000433e-03 -4.743248593132208535e-02 1.673306571387178513e-03 6.426688551293614771e-03 9.999779486165596420e-01 4.604553749278930512e-03 9.984322190284729004e-01 5.592298880219459534e-02 -2.375793177634477615e-03 4.393709897994995117e-01 -5.593834817409515381e-02 9.984103441238403320e-01 -6.908170413225889206e-03 -5.918412655591964722e-02 1.985682873055338860e-03 7.030239328742027283e-03 9.999733567237854004e-01 2.999765565618872643e-03 2.709799766540527344e+03
1.362213000000000000e+07 9.984450090142774625e-01 5.574433050282721902e-02 3.655013966740930506e-04 4.414094075552335572e-01 -5.574375425373091081e-02 9.984440804256419222e-01 -1.432523889463190600e-03 -6.150594745088200366e-02 -4.447877910439843128e-04 1.409921907692647351e-03 9.999989071414204789e-01 6.347775890310913968e-05 9.983991980552673340e-01 5.655993521213531494e-02 1.220188569277524948e-04 4.299692809581756592e-01 -5.655958503484725952e-02 9.983982443809509277e-01 -1.412085373885929585e-03 -5.339308455586433411e-02 -2.016735525103285909e-04 1.402928144671022892e-03 9.999989867210388184e-01 1.189293339848518372e-03 2.527514934539794922e+03
1.372651000000000000e+07 9.984840271027132230e-01 5.504217486606358123e-02 8.128199109600143428e-05 4.295207196876573152e-01 -5.504171872095114937e-02 9.984799703305873297e-01 -2.856229835505764893e-03 -3.940278763387004141e-02 -2.383715421215228559e-04 2.847425967995731097e-03 9.999959176638496539e-01 -2.769175461750554047e-03 9.985042214393615723e-01 5.467268452048301697e-02 3.904007899109274149e-04 4.367147982120513916e-01 -5.467153340578079224e-02 9.985013604164123535e-01 -2.446438884362578392e-03 -4.995828121900558472e-02 -5.235809949226677418e-04 2.421435434371232986e-03 9.999969005584716797e-01 3.953198902308940887e-03 2.396581649780273438e+03
1.383076000000000000e+07 9.985907338460024985e-01 5.306286800813245913e-02 9.371849623806684064e-04 4.303657725240416787e-01 -5.305297083834314975e-02 9.985552236518631108e-01 -8.535080714521388681e-03 -5.491104619625065963e-02 -1.388726801106596707e-03 8.473332067669462134e-03 9.999631363613075141e-01 1.882793952377335208e-03 9.985950589179992676e-01 5.297925323247909546e-02 1.030147424899041653e-03 4.344554841518402100e-01 -5.296875536441802979e-02 9.985606074333190918e-01 -8.426503278315067291e-03 -5.736046284437179565e-02 -1.475086668506264687e-03 8.360106498003005981e-03 9.999639987945556641e-01 5.797765217721462250e-03 2.432882785797119141e+03
1.393513000000000000e+07 9.985888234532853680e-01 5.310560181399723995e-02 3.958915967442002727e-04 4.347386473491413050e-01 -5.309694973797528250e-02 9.985162263477644906e-01 -1.208551400408549269e-02 -7.393519044608302948e-02 -1.037112677642261505e-03 1.204743857395392317e-02 9.999268891379512469e-01 1.861730172359006910e-02 9.985895752906799316e-01 5.308403819799423218e-02 9.914424736052751541e-04 4.217483699321746826e-01 -5.306705832481384277e-02 9.985087513923645020e-01 -1.280454266816377640e-02 -7.088200747966766357e-02 -1.669686054810881615e-03 1.273387018591165543e-02 9.999174475669860840e-01 7.066929712891578674e-03 2.448579311370849609e+03
1.403938000000000000e+07 9.985401727118324855e-01 5.393467076369969776e-02 -2.928270860953205608e-03 4.120909628432107841e-01 -5.394415958353467738e-02 9.985386181106247205e-01 -3.264320534214767283e-03 -4.439162684980817175e-02 2.747931485669765153e-03 3.417518300648669186e-03 9.999903846743801727e-01 9.972251824379765525e-03 9.985384941101074219e-01 5.393170565366744995e-02 -3.497354686260223389e-03 4.222439229488372803e-01 -5.394322052597999573e-02 9.985386133193969727e-01 -3.295053029432892799e-03 -5.218882486224174500e-02 3.314543049782514572e-03 3.478893544524908066e-03 9.999884963035583496e-01 9.837927296757698059e-03 2.499517679214477539e+03
1.414365000000000000e+07 9.984646623157565903e-01 5.487563885327432361e-02 -7.548666579418180853e-03 4.319634668724794402e-01 -5.486524488635158986e-02 9.984925222013807389e-01 1.577343173175997128e-03 -4.858876866640461645e-02 7.623844846459411524e-03 -1.160761978316039462e-03 9.999702643685894898e-01 -1.644409434433310394e-03 9.984681606292724609e-01 5.489659309387207031e-02 -6.911983713507652283e-03 4.122417867183685303e-01 -5.488098040223121643e-02 9.984899163246154785e-01 2.438564784824848175e-03 -4.607856273651123047e-02 7.035410497337579727e-03 -2.055498538538813591e-03 9.999731183052062988e-01 7.461183704435825348e-03 2.655863761901855469e+03
1.424788000000000000e+07 9.983325667405376080e-01 5.686084392483809619e-02 -9.946386952315240323e-03 4.117536299002775846e-01 -5.683181733826811466e-02 9.983787105823511698e-01 3.177230547442782584e-03 -3.368152520772216274e-02 1.011092099067698383e-02 -2.606661481105283350e-03 9.999454858104230848e-01 5.114725003727001000e-03 9.983158111572265625e-01 5.679593607783317566e-02 -1.182983163744211197e-02 4.275666773319244385e-01 -5.676575750112533569e-02 9.983834028244018555e-01 2.864485606551170349e-03 -4.025432467460632324e-02 1.197341270744800568e-02 -2.188132377341389656e-03 9.999259710311889648e-01 -1.204158994369208813e-03 2.476055622100830078e+03
1.435215000000000000e+07 9.982544954520710112e-01 5.845573244202352525e-02 -8.419599420264175724e-03 4.578252862442540039e-01 -5.841817625330068819e-02 9.982814181685638610e-01 4.639700701497601401e-03 -5.187176915531148402e-02 8.676346752490349257e-03 -4.139744439906927614e-03 9.999537906938513743e-01 -4.737758941231448584e-03 9.982315897941589355e-01 5.871846899390220642e-02 -9.265711531043052673e-03 4.332805871963500977e-01 -5.867803841829299927e-02 9.982663989067077637e-01 4.585592541843652725e-03 -4.574649780988693237e-02 9.518901817500591278e-03 -4.033784382045269012e-03 9.999465346336364746e-01 -4.092399496585130692e-03 2.505728960037231445e+03
1.445638000000000000e+07 9.982445090892207995e-01 5.912881373120388445e-02 -3.418107657921281781e-03 4.506177544192963569e-01 -5.912322022583761660e-02 9.982492191205186716e-01 1.715038017636238282e-03 -4.157954357273994928e-02 3.513531463876530363e-03 -1.509937752169734958e-03 9.999926875655826830e-01 -4.296646778359611459e-03 9.982243180274963379e-01 5.949226766824722290e-02 -2.960613695904612541e-03 4.604718685150146484e-01 -5.948698520660400391e-02 9.982274770736694336e-01 1.832493930123746395e-03 -4.236927628517150879e-02 3.064387710765004158e-03 -1.653121900744736195e-03 9.999939799308776855e-01 -2.825053175911307335e-03 2.670995235443115234e+03
1.456063000000000000e+07 9.982526984949441351e-01 5.906434079894288397e-02 -1.718602207731710369e-03 4.774518274757723058e-01 -5.906422051484721408e-02 9.982541776950168977e-01 1.207038483751794874e-04 -4.866731751740457218e-02 1.722731126900235027e-03 -1.898504258447849719e-05 9.999985159174149540e-01 -2.067808828623896901e-03 9.982479214668273926e-01 5.912929773330688477e-02 -2.193516120314598083e-03 4.760938882827758789e-01 -5.912972614169120789e-02 9.982501864433288574e-01 -1.218167162733152509e-04 -4.584172740578651428e-02 2.182475524023175240e-03 2.513052313588559628e-04 9.999975562095642090e-01 -4.297249019145965576e-03 2.147316932678222656e+03
1.466488000000000000e+07 9.983141346709432096e-01 5.799615201516689078e-02 -2.309733239877917888e-03 5.160961124443367298e-01 -5.798856204611525095e-02 9.983120297335809079e-01 3.227686639309649934e-03 -5.147003656618746176e-02 2.493027883836370501e-03 -3.088307085020742821e-03 9.999921235546402887e-01 -5.155314904449997786e-03 9.982922077178955078e-01 5.835881829261779785e-02 -2.649078844115138054e-03 4.826895594596862793e-01 -5.834997817873954773e-02 9.982908368110656738e-01 3.292095381766557693e-03 -4.700474441051483154e-02 2.836674218997359276e-03 -3.131899284198880196e-03 9.999910593032836914e-01 -2.810253063216805458e-03 2.437761545181274414e+03
1.476901000000000000e+07 9.985237722450259756e-01 5.428877378902638440e-02 1.733580701194721834e-03 5.012536491721237830e-01 -5.429110160017507763e-02 9.985242712204336346e-01 1.325168193579640431e-03 -3.913670463276163608e-02 -1.659080649968610243e-03 -1.417329949492934739e-03 9.999976193107716904e-01 9.795960945903091355e-03 9.984892606735229492e-01 5.490685254335403442e-02 2.130124717950820923e-03 5.104254484176635742e-01 -5.491025000810623169e-02 9.984899759292602539e-01 1.608273712918162346e-03 -3.787433728575706482e-02 -2.038604812696576118e-03 -1.722810324281454086e-03 9.999963641166687012e-01 1.907737459987401962e-03 2.078870296478271484e+03
1.487316000000000000e+07 9.987584323469099745e-01 4.980862218081779508e-02 8.336500414427378209e-04 5.460417548299176804e-01 -4.981209514591271315e-02 9.987468040908915601e-01 4.855563345765209239e-03 -3.263488028458329249e-02 -5.907563944569268729e-04 -4.891060690560316421e-03 9.999878641924629941e-01 -3.223640701791424725e-03 9.987606406211853027e-01 4.974679648876190186e-02 1.559405704028904438e-03 5.218759179115295410e-01 -4.975538328289985657e-02 9.987434744834899902e-01 5.975803826004266739e-03 -3.617293760180473328e-02 -1.260168966837227345e-03 -6.045987829566001892e-03 9.999809861183166504e-01 4.972004680894315243e-04 2.553028345108032227e+03
1.497715000000000000e+07 9.989926810474705210e-01 4.486941895966086585e-02 -5.987117914875437260e-04 5.364916590168763433e-01 -4.486440198740516277e-02 9.989705389150453918e-01 6.711766838655603383e-03 -2.510717546903586117e-02 8.992485192403004484e-04 -6.678145102226170152e-03 9.999772966073251501e-01 -1.374853026200877504e-04 9.989597797393798828e-01 4.558363556861877441e-02 -1.205151551403105259e-03 5.402726531028747559e-01 -4.557604342699050903e-02 9.989445209503173828e-01 5.728235933929681778e-03 -2.485464699566364288e-02 1.464994624257087708e-03 -5.667352117598056793e-03 9.999828934669494629e-01 -4.680968821048736572e-03 2.394687414169311523e+03
1.508116000000000000e+07 9.992359435188764571e-01 3.904441576884816467e-02 1.750079201079811310e-03 5.705367653447251941e-01 -3.905132914985344483e-02 9.992287637123355992e-01 4.107488471953812254e-03 -2.558568883044112091e-02 -1.588354988828936205e-03 -4.172693037685355592e-03 9.999900328309492270e-01 -2.329263720751366829e-03 9.992215037345886230e-01 3.941815346479415894e-02 1.588379847817122936e-03 5.609414577484130859e-01 -3.942496702075004578e-02 9.992123842239379883e-01 4.491220694035291672e-03 -2.423716150224208832e-02 -1.410095253959298134e-03 -4.550344310700893402e-03 9.999885559082031250e-01 -1.918858033604919910e-03 2.349714517593383789e+03
1.518501000000000000e+07 9.994652427613937018e-01 3.262812263241494926e-02 2.152701881902943822e-03 5.940563604885746862e-01 -3.262800374338250403e-02 9.994675608600895877e-01 -9.033329966611411128e-05 -2.332440036823776874e-02 -2.154503105143756436e-03 2.004662821911464213e-05 9.999976788545573703e-01 3.307262760259997367e-03 9.994666576385498047e-01 3.252011910080909729e-02 2.988384803757071495e-03 5.760789513587951660e-01 -3.252265974879264832e-02 9.994706511497497559e-01 8.218603907153010368e-04 -2.562213130295276642e-02 -2.960073761641979218e-03 -9.186125826090574265e-04 9.999952316284179688e-01 3.350483952090144157e-03 1.972880840301513672e+03
1.528876000000000000e+07 9.996748583750409978e-01 2.541303076118362619e-02 2.086959600188027959e-03 5.800066507464020082e-01 -2.541044630951332095e-02 9.996763138293404127e-01 -1.255701769282017988e-03 -2.277810169122186992e-02 -2.118195267916358603e-03 1.202262913497588719e-03 9.999970339019481624e-01 7.654854447480000969e-03 9.996679425239562988e-01 2.570527233183383942e-02 1.783315208740532398e-03 5.945685505867004395e-01 -2.570253051817417145e-02 9.996684789657592773e-01 -1.561467419378459454e-03 -2.213923074305057526e-02 -1.822863472625613213e-03 1.515113865025341511e-03 9.999972581863403320e-01 3.773482516407966614e-03 1.969030141830444336e+03
1.539248000000000000e+07 9.997394162452838406e-01 2.272686918385570520e-02 2.142200419914076521e-03 6.228583234334255092e-01 -2.272566274362847541e-02 9.997415671224249012e-01 -5.858502034904103503e-04 -1.544613312172244367e-02 -2.154961345831277186e-03 5.370146161724569621e-04 9.999975338754092391e-01 4.467429694985676839e-03 9.997476339340209961e-01 2.233789674937725067e-02 2.374058356508612633e-03 6.105481386184692383e-01 -2.233627624809741974e-02 9.997501373291015625e-01 -7.064951932989060879e-04 -2.031526900827884674e-02 -2.389247063547372818e-03 6.532855331897735596e-04 9.999969005584716797e-01 7.876012823544442654e-04 2.040859460830688477e+03
1.549619000000000000e+07 9.998287953259290539e-01 1.829644926352541959e-02 2.760431388141130170e-03 6.193366604446813861e-01 -1.830049868054782480e-02 9.998314820310518769e-01 1.448891863966744395e-03 -1.221598028218231179e-02 -2.733456629372777846e-03 -1.499161077883829534e-03 9.999951403536507799e-01 2.930610188694818177e-03 9.998131990432739258e-01 1.905360445380210876e-02 3.260630182921886444e-03 6.287764310836791992e-01 -1.906042732298374176e-02 9.998161792755126953e-01 2.067816676571965218e-03 -1.371951587498188019e-02 -3.220633603632450104e-03 -2.129575004801154137e-03 9.999924898147583008e-01 4.585281945765018463e-03 2.115187406539916992e+03
1.559991000000000000e+07 9.998719947598679880e-01 1.588420231724800222e-02 1.919950954358602691e-03 6.427812859816216529e-01 -1.589272581030097206e-02 9.998635364956134364e-01 4.508841625467926127e-03 -4.402109663099900046e-03 -1.848069598527758749e-03 -4.538777724199788595e-03 9.999879919956685681e-01 5.101813484547088398e-03 9.998715519905090332e-01 1.598206721246242523e-02 1.206569955684244633e-03 6.416853070259094238e-01 -1.598653756082057953e-02 9.998648166656494141e-01 3.872744040563702583e-03 -8.037280291318893433e-03 -1.144510810263454914e-03 -3.891540924087166786e-03 9.999917745590209961e-01 5.369078367948532104e-03 2.118865251541137695e+03
1.570361000000000000e+07 9.998938993617660920e-01 1.451873412191446826e-02 1.181684653223199393e-03 6.642947565138423993e-01 -1.452081976480753926e-02 9.998929901580495549e-01 1.775957812709657918e-03 -4.474132654635809342e-04 -1.155773542040754425e-03 -1.792928412320546035e-03 9.999977247950255776e-01 -3.567681786767510987e-05 9.998984336853027344e-01 1.403419114649295807e-02 2.462381962686777115e-03 6.573835611343383789e-01 -1.404455862939357758e-02 9.998923540115356445e-01 4.238042980432510376e-03 -7.929706014692783356e-03 -2.402638783678412437e-03 -4.272188525646924973e-03 9.999880194664001465e-01 6.229731719940900803e-03 2.029556751251220703e+03
1.580732000000000000e+07 9.999168259091986144e-01 1.287973110143672724e-02 6.736396872395283798e-04 6.599307449760333233e-01 -1.287956568073675249e-02 9.999170238694224944e-01 -2.493270792870180656e-04 -1.011466047263262155e-02 -6.767950569624011595e-04 2.406301551369336865e-04 9.999997420227564326e-01 9.308000715574474976e-03 9.999078512191772461e-01 1.357954088598489761e-02 -2.027613663813099265e-05 6.705235242843627930e-01 -1.357956975698471069e-02 9.999064803123474121e-01 -1.634013140574097633e-03 -1.724651642143726349e-02 -1.917130475703743286e-06 1.634131534956395626e-03 9.999986886978149414e-01 3.308735089376568794e-03 1.892259836196899414e+03
1.591101000000000000e+07 9.999015692104624708e-01 1.403018305786205878e-02 7.651024607617064115e-05 6.839896431889912476e-01 -1.403018212347488004e-02 9.999015720696634579e-01 -1.273568405665322976e-05 -8.975074477729983596e-03 -7.668139930968177580e-05 1.166097778645568120e-05 9.999999969919923792e-01 3.608731667781724019e-03 9.999016523361206055e-01 1.402156986296176910e-02 6.197240873007103801e-05 6.857651472091674805e-01 -1.402161549776792526e-02 9.999015927314758301e-01 -2.298605431860778481e-05 -1.809696853160858154e-02 -6.228769780136644840e-05 2.211153514508623630e-05 1.000000000000000000e+00 1.955798827111721039e-03 1.968523740768432617e+03
1.601476000000000000e+07 9.998779450673884739e-01 1.559665499620421260e-02 9.161445005755904482e-04 7.117255245210759584e-01 -1.559644231877924114e-02 9.998783395725576728e-01 -2.388317863874643739e-04 -6.140258766200730467e-03 -9.197580190184637908e-04 2.245140409309773427e-04 9.999995518192155153e-01 2.357248876300020984e-03 9.998887777328491211e-01 1.489033829420804977e-02 8.308673277497291565e-04 7.011224627494812012e-01 -1.489058043807744980e-02 9.998891353607177734e-01 2.970481291413307190e-04 -1.588366739451885223e-02 -8.263527415692806244e-04 -3.093860286753624678e-04 9.999995827674865723e-01 1.522105420008301735e-03 1.878986120223999023e+03
1.611855000000000000e+07 9.999064974674288786e-01 1.364814847838918647e-02 8.510966634192836718e-04 7.081019736873400694e-01 -1.364840741359714567e-02 9.999068113927597201e-01 2.991745923588364398e-04 -8.324902454446753142e-03 -8.469341716491176958e-04 -3.107627327874695018e-04 9.999995930644336450e-01 2.724370079160166099e-03 9.998928904533386230e-01 1.461248751729726791e-02 8.138085249811410904e-04 7.168021798133850098e-01 -1.461348123848438263e-02 9.998924732208251953e-01 1.213044626638293266e-03 -1.673484221100807190e-02 -7.959939539432525635e-04 -1.224800362251698971e-03 9.999989867210388184e-01 4.433702677488327026e-03 2.272719144821166992e+03
1.622236000000000000e+07 9.999031748378091056e-01 1.376952510625983547e-02 -2.010255610102368654e-03 7.343227152359322885e-01 -1.376930470773328995e-02 9.999051910112746189e-01 1.234365104262123258e-04 -5.313565781658398726e-03 2.011764681930238059e-03 -9.574473663014022385e-05 9.999979718158482633e-01 1.004613183547135337e-02 9.999123811721801758e-01 1.306689251214265823e-02 -2.141795819625258446e-03 7.242199182510375977e-01 -1.306594908237457275e-02 9.999145865440368652e-01 4.489916318561881781e-04 -1.503366604447364807e-02 2.147478517144918442e-03 -4.209681355860084295e-04 9.999975562095642090e-01 8.711430244147777557e-03 2.186307907104492188e+03
1.632614000000000000e+07 9.999290610534871115e-01 1.089590521122513027e-02 -4.811663986559836306e-03 7.318860364764311344e-01 -1.089121407863324724e-02 9.999401888595879084e-01 1.000079669279164713e-03 -7.300810386787958024e-03 4.822272968729659701e-03 -9.476038621289241187e-04 9.999879237922504327e-01 6.362540138630422976e-03 9.999250173568725586e-01 1.154889725148677826e-02 -4.061405546963214874e-03 7.378134131431579590e-01 -1.154076587408781052e-02 9.999313354492187500e-01 2.008171984925866127e-03 -1.381640974432229996e-02 4.084322135895490646e-03 -1.961152534931898117e-03 9.999897480010986328e-01 6.718994118273258209e-03 2.798191547393798828e+03
1.642989000000000000e+07 9.999375216613100026e-01 9.850975095071596091e-03 -5.283092230254253681e-03 7.523624429725439544e-01 -9.847055913682969952e-03 9.999512221540433066e-01 7.673346518867675981e-04 -5.666142175914529351e-03 5.290393526940593595e-03 -7.152638055040406919e-04 9.999857499654775106e-01 9.249437400984770671e-03 9.999269247055053711e-01 1.000138930976390839e-02 -6.789105478674173355e-03 7.460754513740539551e-01 -1.001369394361972809e-02 9.999483227729797363e-01 -1.781029044650495052e-03 -1.522932387888431549e-02 6.770943757146596909e-03 1.848880201578140259e-03 9.999753236770629883e-01 5.807939305668696761e-05 2.800542354583740234e+03
1.653376000000000000e+07 9.999622174546105580e-01 8.692735208666355073e-03 -4.224939591088790365e-06 7.597422364351255064e-01 -8.692725065749785929e-03 9.999615936034236263e-01 1.117071632679316352e-03 -3.322594200297181947e-03 1.393518523837724733e-05 -1.116992700631366754e-03 9.999993760663641318e-01 -1.437731826803649018e-03 9.999646544456481934e-01 8.348916657269001007e-03 -1.056660199537873268e-03 7.626436948776245117e-01 -8.349339477717876434e-03 9.999650716781616211e-01 -3.777112578973174095e-04 -1.392071507871150970e-02 1.053465646691620350e-03 3.865236940328031778e-04 9.999994039535522461e-01 -3.498997306451201439e-03 2.210125684738159180e+03
1.663752000000000000e+07 9.999601052125014489e-01 6.331560067128885749e-03 6.300740473897673694e-03 7.662427438971030069e-01 -6.329393813063882712e-03 9.999799030496815400e-01 -3.636904023511900266e-04 -1.730529531528336717e-03 -6.302916575857725641e-03 3.237960252266638039e-04 9.999800840010623082e-01 3.982577535248161063e-03 9.999547600746154785e-01 6.791334133595228195e-03 6.652417592704296112e-03 7.762310504913330078e-01 -6.799019873142242432e-03 9.999762177467346191e-01 1.136482227593660355e-03 -8.001509122550487518e-03 -6.644538603723049164e-03 -1.181664760224521160e-03 9.999772906303405762e-01 3.027480794116854668e-03 2.228044033050537109e+03
1.674126000000000000e+07 9.999574112216219612e-01 5.024496738589933828e-03 7.741458226720652341e-03 7.718471407731886114e-01 -5.044915697918836081e-03 9.999838411779067293e-01 2.620345145207566943e-03 6.005199573928745801e-03 -7.728167218238347728e-03 -2.659288552041669858e-03 9.999666012501837731e-01 2.830779230064265663e-03 9.999516606330871582e-01 5.039644427597522736e-03 8.441329002380371094e-03 7.799428701400756836e-01 -5.071416497230529785e-03 9.999800920486450195e-01 3.743407316505908966e-03 -1.284860656596720219e-03 -8.422299288213253021e-03 -3.786040935665369034e-03 9.999573826789855957e-01 1.110473740845918655e-02 2.717495679855346680e+03
1.684514000000000000e+07 9.999797057744803652e-01 4.893465203863372852e-03 4.079465342715821001e-03 7.704495064061560594e-01 -4.890710542189902720e-03 9.999878058203669484e-01 -6.849532543352408829e-04 3.874895601509628727e-03 -4.082767391898987387e-03 6.649878695813083492e-04 9.999914443641790829e-01 1.326048379942402523e-02 9.999765753746032715e-01 4.232057370245456696e-03 5.383706651628017426e-03 7.778316736221313477e-01 -4.235665779560804367e-03 9.999908804893493652e-01 6.581649067811667919e-04 -4.499014001339673996e-03 -5.380870308727025986e-03 -6.809456972405314445e-04 9.999852180480957031e-01 1.227830350399017334e-02 2.234777688980102539e+03
1.694889000000000000e+07 9.999949093718373261e-01 3.187857470758195984e-03 -1.370954301860841844e-04 7.625817189869583679e-01 -3.187768552870637838e-03 9.999947116941331204e-01 6.439840222567047318e-04 4.754326684024279400e-04 1.391476344599163546e-04 -6.435437154724153643e-04 9.999997832446876345e-01 1.625207665229683532e-02 9.999920725822448730e-01 3.502701176330447197e-03 -1.905114389955997467e-03 7.690131664276123047e-01 -3.506206441670656204e-03 9.999921321868896484e-01 -1.834200113080441952e-03 -8.787844330072402954e-03 1.898671500384807587e-03 1.840863609686493874e-03 9.999964833259582520e-01 1.156954746693372726e-02 2.204760313034057617e+03
1.705263000000000000e+07 9.999925259472974837e-01 3.824175133304221364e-03 -5.689763557317513562e-04 7.710855766088429153e-01 -3.824409613860176201e-03 9.999926022134553172e-01 -4.115938139285099055e-04 1.131709290885921744e-03 5.673981397378753417e-04 4.137667362995722927e-04 9.999997534281891420e-01 1.098905659327302498e-02 9.999940991401672363e-01 3.316796384751796722e-03 -8.919764659367501736e-04 7.701645493507385254e-01 -3.316484624519944191e-03 9.999944567680358887e-01 3.378892433829605579e-04 -6.070672534406185150e-03 8.930933545343577862e-04 -3.349290927872061729e-04 9.999995827674865723e-01 1.025130227208137512e-02 2.293055534362792969e+03
1.715642000000000000e+07 9.999948508325856578e-01 2.424688109941806457e-03 2.102188356041206560e-03 7.654274560706341157e-01 -2.422718807487394578e-03 9.999966245122450248e-01 -9.388278307474859277e-04 -1.693197135517910496e-03 -2.104457624808648078e-03 9.337299852987501455e-04 9.999973496996980016e-01 6.361064667385337573e-03 9.999939799308776855e-01 2.866927534341812134e-03 1.934533473104238510e-03 7.734891772270202637e-01 -2.863571746274828911e-03 9.999943971633911133e-01 -1.734629971906542778e-03 -7.989054545760154724e-03 -1.939496956765651703e-03 1.729081850498914719e-03 9.999966025352478027e-01 9.049296379089355469e-03 2.121385335922241211e+03
1.726028000000000000e+07 9.999932008946168516e-01 2.546291550524223003e-03 2.667313981925279083e-03 7.721494901197102356e-01 -2.539297716287252857e-03 9.999933380880449141e-01 -2.622164494699842467e-03 -8.473587667620710324e-04 -2.673973007811313290e-03 2.615373562024187436e-03 9.999930048202760879e-01 1.146340360821357027e-02 9.999926686286926270e-01 2.417070325464010239e-03 2.954734256491065025e-03 7.727783322334289551e-01 -2.410762710496783257e-03 9.999948143959045410e-01 -2.135003451257944107e-03 -9.800112806260585785e-03 -2.959873760119080544e-03 2.127869520336389542e-03 9.999933838844299316e-01 1.103917788714170456e-02 2.269528150558471680e+03
1.736400000000000000e+07 9.999928641364745907e-01 3.396812797915145336e-03 1.653281266501282565e-03 7.726634494330943959e-01 -3.391693284555356153e-03 9.999894753613083331e-01 -3.089592736749253131e-03 -2.298366392894650445e-03 -1.663758634461832238e-03 3.083963266868061399e-03 9.999938605200409114e-01 1.242480680270351134e-02 9.999928474426269531e-01 3.093807026743888855e-03 2.154932823032140732e-03 7.731386423110961914e-01 -3.088317811489105225e-03 9.999919533729553223e-01 -2.547528129070997238e-03 -1.295927446335554123e-02 -2.162801101803779602e-03 2.540848450735211372e-03 9.999944567680358887e-01 1.544344797730445862e-02 2.451262474060058594e+03
1.746789000000000000e+07 9.999924257109511494e-01 2.511953795471799904e-03 -2.972979794286398966e-03 7.536605386103764070e-01 -2.513534536543214366e-03 9.999967016293609401e-01 -5.280857246198325311e-04 2.165896935442547695e-03 2.971643461356841560e-03 5.355544121352956606e-04 9.999954412479139521e-01 1.619451459949012087e-02 9.999921917915344238e-01 2.841688692569732666e-03 -2.777074230834841728e-03 7.644275426864624023e-01 -2.843121066689491272e-03 9.999958872795104980e-01 -5.124011076986789703e-04 -1.341203693300485611e-02 2.775608096271753311e-03 5.202931351959705353e-04 9.999959468841552734e-01 1.765077002346515656e-02 2.305481195449829102e+03
1.757166000000000000e+07 9.999750500642023976e-01 1.784744390091232754e-03 -6.834759436713875279e-03 7.603010553286371209e-01 -1.758611645962949131e-03 9.999911283073312784e-01 3.827609137447592850e-03 9.714303344099329413e-03 6.841530104764210508e-03 -3.815493951302595388e-03 9.999693172651514805e-01 1.045180524073191682e-02 9.999684691429138184e-01 2.163090044632554054e-03 -7.630238775163888931e-03 7.619406580924987793e-01 -2.139398362487554550e-03 9.999927878379821777e-01 3.112401580438017845e-03 -4.946342203766107559e-03 7.636916358023881912e-03 -3.095982130616903305e-03 9.999661445617675781e-01 9.911226108670234680e-03 2.601422548294067383e+03
1.767551000000000000e+07 9.999748044684085846e-01 1.908877843921052194e-03 -6.837149533620347393e-03 7.594222442802383011e-01 -1.904036914432485255e-03 9.999979320841003716e-01 7.144724987995502334e-04 6.516372640489092628e-03 6.838499235693166860e-03 -7.014363121836276332e-04 9.999763711784911413e-01 1.141782012609600036e-02 9.999692440032958984e-01 1.784702530130743980e-03 -7.638128474354743958e-03 7.614850401878356934e-01 -1.776359742507338524e-03 9.999978542327880859e-01 1.099388347938656807e-03 -9.140936890617012978e-04 7.640075404196977615e-03 -1.085780328139662743e-03 9.999701976776123047e-01 9.831871837377548218e-03 2.495104312896728516e+03
1.777939000000000000e+07 9.999917989212965264e-01 1.321757645150376057e-03 -3.828191071085917420e-03 7.588981065029479778e-01 -1.317548969304104846e-03 9.999985251558872745e-01 1.101703573376446900e-03 4.404661524682407583e-03 3.829641610221654405e-03 -1.096650709018725470e-03 9.999920655697022154e-01 7.872874572264515480e-03 9.999876022338867188e-01 1.307244645431637764e-03 -4.810116719454526901e-03 7.584486007690429688e-01 -1.302640419453382492e-03 9.999987483024597168e-01 9.582481579855084419e-04 -1.528565771877765656e-03 4.811358172446489334e-03 -9.519687155261635780e-04 9.999879598617553711e-01 4.839209839701652527e-03 2.459406852722167969e+03
1.788314000000000000e+07 9.999960422728436660e-01 2.347849639526633850e-03 1.550174415775816420e-03 7.677625025511761736e-01 -2.348504947350265899e-03 9.999971536180063403e-01 4.210467881037096866e-04 5.789626867581060786e-03 -1.549181448837599201e-03 -4.246857140001076311e-04 9.999987098386092788e-01 4.696034467960009257e-03 9.999961853027343750e-01 1.891472958959639072e-03 1.988201402127742767e-03 7.695303559303283691e-01 -1.894909190014004707e-03 9.999966621398925781e-01 1.723210676573216915e-03 -2.517527491363580339e-06 -1.984930830076336861e-03 -1.726986956782639027e-03 9.999965429306030273e-01 5.318079143762588501e-03 2.316271066665649414e+03
1.798701000000000000e+07 9.999896132179956210e-01 2.222738435147267756e-03 3.979056417338169144e-03 7.623191061922086620e-01 -2.229077179340998097e-03 9.999962526607032443e-01 1.589301569720625923e-03 8.076562027194466101e-03 -3.975508904779634888e-03 -1.598154685846881091e-03 9.999908205731431465e-01 1.149212446178888951e-02 9.999904632568359375e-01 2.242967486381530762e-03 3.775452496483922005e-03 7.618421912193298340e-01 -2.253202954307198524e-03 9.999938011169433594e-01 2.706964500248432159e-03 8.122831583023071289e-03 -3.769358852878212929e-03 -2.715441631153225899e-03 9.999892115592956543e-01 1.446228753775358200e-02 2.462966918945312500e+03
1.809088000000000000e+07 9.999875535241911084e-01 2.198605117623206925e-03 4.478719933184062939e-03 7.613889428162765594e-01 -2.208060183887840689e-03 9.999953419530688281e-01 2.107259449929808903e-03 8.698279370988801912e-03 -4.474066039685646763e-03 -2.117122505135290728e-03 9.999877501876563990e-01 8.039843365572868494e-03 9.999822378158569336e-01 2.052535070106387138e-03 5.592822097241878510e-03 7.615215778350830078e-01 -2.071966649964451790e-03 9.999918937683105469e-01 3.472952172160148621e-03 7.418259978294372559e-03 -5.585649982094764709e-03 -3.484471468254923820e-03 9.999783039093017578e-01 1.626552641391754150e-02 2.272159099578857422e+03
1.819476000000000000e+07 9.999943646766743521e-01 2.483444409573983686e-03 2.259008357431821837e-03 7.544203214232497734e-01 -2.477718133488691736e-03 9.999937195060293327e-01 -2.534139172885332275e-03 -5.399481477902200047e-04 -2.265287563505438435e-03 2.528527706220829677e-03 9.999942374933434852e-01 1.298355584367553474e-02 9.999958276748657227e-01 2.238148357719182968e-03 1.792581286281347275e-03 7.547072768211364746e-01 -2.234324114397168159e-03 9.999952316284179688e-01 -2.131217392161488533e-03 1.051292565534822643e-04 -1.797342672944068909e-03 2.127195009961724281e-03 9.999961853027343750e-01 1.320685073733329773e-02 2.365612745285034180e+03
1.829851000000000000e+07 9.999993009239729336e-01 1.168635167292910761e-03 1.801205459555537455e-04 7.540429417200471551e-01 -1.168270120052529448e-03 9.999972902041389666e-01 -2.013635842330041819e-03 -2.721544731387388915e-04 -1.824732635251122401e-04 2.013424005193649967e-03 9.999979564115535347e-01 1.495161983144184872e-02 9.999992847442626953e-01 1.129724667407572269e-03 -3.027441271115094423e-04 7.500050663948059082e-01 -1.130665536038577557e-03 9.999945759773254395e-01 -3.096244763582944870e-03 -4.852142650634050369e-03 2.992447116412222385e-04 3.096584929153323174e-03 9.999951124191284180e-01 1.472767163068056107e-02 2.497524976730346680e+03
1.840239000000000000e+07 9.999990108975486125e-01 1.396712979873666405e-03 1.655197163737237001e-04 7.531763010954460880e-01 -1.396450757817406301e-03 9.999977863794431432e-01 -1.573900090400913790e-03 1.012242229303120114e-03 -1.677176366611642523e-04 1.573667393519112209e-03 9.999987477200803498e-01 1.222218575041614588e-02 9.999994635581970215e-01 8.373039308935403824e-04 5.661678151227533817e-04 7.535277605056762695e-01 -8.361926302313804626e-04 9.999977946281433105e-01 -1.939178677275776863e-03 -3.812287934124469757e-03 -5.677892477251589298e-04 1.938719768077135086e-03 9.999979734420776367e-01 1.515149232000112534e-02 2.471826553344726562e+03
1.850626000000000000e+07 9.999987233875083925e-01 7.861826139269654330e-04 -1.391093185594068256e-03 7.556072422084819662e-01 -7.865498600285795961e-04 9.999996559611636915e-01 -2.634708180478764240e-04 5.528830111948558265e-03 1.390885570827561342e-03 2.645646458481546435e-04 9.999989977209361447e-01 8.992717015984037776e-03 9.999979734420776367e-01 1.270359382033348083e-03 -1.571750734001398087e-03 7.542262077331542969e-01 -1.270154723897576332e-03 9.999992251396179199e-01 1.337640424026176333e-04 -2.076005097478628159e-03 1.571919419802725315e-03 -1.317696151090785861e-04 9.999988079071044922e-01 1.292440574616193771e-02 2.363747596740722656e+03
1.861013000000000000e+07 9.999989751575153463e-01 7.863225333277714833e-04 -1.196403273450202332e-03 7.599118033681794282e-01 -7.883516823738088942e-04 9.999982501663703394e-01 -1.696515788944291843e-03 1.210891145291727615e-03 1.195067171350526610e-03 1.697457236816257448e-03 9.999978452243710736e-01 9.013236319059680576e-03 9.999974966049194336e-01 6.377174286171793938e-04 -2.131239976733922958e-03 7.566990852355957031e-01 -6.420100107789039612e-04 9.999976754188537598e-01 -2.016131533309817314e-03 -4.869347438216209412e-03 2.129949862137436867e-03 2.017489401623606682e-03 9.999956488609313965e-01 1.338419970124959946e-02 2.476404666900634766e+03
1.871391000000000000e+07 9.999993728212244193e-01 1.045394172485535457e-03 4.018808058785098875e-04 7.659568976996020684e-01 -1.044874881173144107e-03 9.999986218116156955e-01 -1.290198183267077725e-03 1.743431037096657274e-03 -4.032290176731901255e-04 1.289777458922872775e-03 9.999990869398160953e-01 1.028888583942616855e-02 9.999995827674865723e-01 6.553650018759071827e-04 5.629988736473023891e-04 7.642414569854736328e-01 -6.544622592628002167e-04 9.999985694885253906e-01 -1.611129613593220711e-03 -3.173727309331297874e-03 -5.640549934469163418e-04 1.610759063623845577e-03 9.999985098838806152e-01 1.311432477086782455e-02 2.213444471359252930e+03
1.881776000000000000e+07 9.999996587964353756e-01 3.493645324688580251e-04 7.485662538072956982e-04 7.713425863645404501e-01 -3.496691965941105544e-04 9.999998560800147374e-01 4.069046605632517543e-04 7.474301675409107150e-03 -7.484239880171544325e-04 -4.071662722864973698e-04 9.999996370385145772e-01 7.423291140677462999e-03 9.999995231628417969e-01 8.493941277265548706e-04 5.785652319900691509e-04 7.685626149177551270e-01 -8.511338382959365845e-04 9.999950528144836426e-01 3.013831097632646561e-03 5.991416051983833313e-03 -5.760022322647273540e-04 -3.014324000105261803e-03 9.999952912330627441e-01 1.146656461060047150e-02 2.451052427291870117e+03
1.892164000000000000e+07 9.999999130173125028e-01 1.076159195451381189e-04 -4.029692065201111628e-04 7.751026823585555059e-01 -1.074573968458531604e-04 9.999999168495399271e-01 3.933876220315983010e-04 6.004241513856681603e-03 4.030115077837188213e-04 -3.933442857917440099e-04 9.999998414309861916e-01 1.052040568053332244e-02 9.999995231628417969e-01 3.908753205905668437e-05 -9.539992897771298885e-04 7.718242406845092773e-01 -3.914629633072763681e-05 1.000000000000000000e+00 -6.244818359846249223e-05 4.493432119488716125e-03 9.539971943013370037e-04 6.249468424357473850e-05 9.999995231628417969e-01 1.197113562375307083e-02 2.369072437286376953e+03
1.902551000000000000e+07 9.999991091954377742e-01 -1.326770048501887522e-03 -1.459094558859709567e-04 7.780815404674172875e-01 1.326799634090434490e-03 9.999990992254290667e-01 2.028572440426711077e-04 6.467475140271272335e-03 1.456401795389259844e-04 -2.030506559491924534e-04 9.999999687796841119e-01 6.605889520541201494e-03 9.999984502792358398e-01 -1.755436998791992664e-03 -7.636799273313954473e-05 7.777941226959228516e-01 1.755446544848382473e-03 9.999984502792358398e-01 1.294800167670473456e-04 5.246086511760950089e-03 7.614020432811230421e-05 -1.296163827646523714e-04 1.000000000000000000e+00 1.573110185563564301e-02 2.188692569732666016e+03
1.912939000000000000e+07 9.999973112484894511e-01 -2.196272773165956153e-03 7.442322874023123971e-04 7.884167995336459622e-01 2.197367753220086546e-03 9.999964999174035807e-01 -1.473678356797914965e-03 4.233184528008560564e-03 -7.409930828763964042e-04 1.475309746472250284e-03 9.999986371942729546e-01 9.857704262718881491e-03 9.999976754188537598e-01 -2.107779495418071747e-03 5.075031076557934284e-04 7.863903641700744629e-01 2.109050750732421875e-03 9.999945759773254395e-01 -2.522099763154983521e-03 6.010076613165438175e-04 -5.021852557547390461e-04 2.523158444091677666e-03 9.999966621398925781e-01 1.052717491984367371e-02 2.291473627090454102e+03
1.923326000000000000e+07 9.999966091386728317e-01 -2.587814371947747688e-03 2.914239744635901876e-04 7.882270486336769855e-01 2.587279676722503610e-03 9.999949959847103109e-01 1.820436599750261319e-03 1.068279669884907371e-02 -2.961334681696195731e-04 -1.819676431575757225e-03 9.999983005398827007e-01 8.389184624348795805e-03 9.999950528144836426e-01 -3.073415951803326607e-03 -6.192229338921606541e-04 7.881014943122863770e-01 3.074041567742824554e-03 9.999947547912597656e-01 1.015765825286507607e-03 5.739428102970123291e-03 6.160990451462566853e-04 -1.017653732560575008e-03 9.999993443489074707e-01 1.265605911612510681e-02 2.184042692184448242e+03
1.933701000000000000e+07 9.999949972979363944e-01 -3.111021687749424523e-03 -5.717719462284757796e-04 8.025427870135374286e-01 3.112298151682376616e-03 9.999926360719416651e-01 2.245306683777183610e-03 1.383915668547359631e-02 5.647825379521183992e-04 -2.247074975948234066e-03 9.999973158337662760e-01 8.473419140543130348e-03 9.999953508377075195e-01 -3.039279719814658165e-03 2.823966206051409245e-04 7.985563278198242188e-01 3.038168419152498245e-03 9.999879002571105957e-01 3.873630892485380173e-03 9.693398140370845795e-03 -2.941663551609963179e-04 -3.872766392305493355e-03 9.999924898147583008e-01 1.462362986057996750e-02 2.603528976440429688e+03
1.944089000000000000e+07 9.999892412536310893e-01 -2.274079134633784187e-03 -4.043011387137035971e-03 7.972528924848411025e-01 2.277547762341474227e-03 9.999970421229608109e-01 8.535347207798223059e-04 1.107208811555354493e-02 4.041058422907273587e-03 -8.627336893541394944e-04 9.999914627322594729e-01 1.174878525029805255e-02 9.999880194664001465e-01 -2.508458681404590607e-03 -4.198744427412748337e-03 7.963855266571044922e-01 2.516004955396056175e-03 9.999952912330627441e-01 1.793697127141058445e-03 7.709751836955547333e-03 4.194226115942001343e-03 -1.804241677746176720e-03 9.999895691871643066e-01 1.210424117743968964e-02 2.531494379043579102e+03
1.954476000000000000e+07 9.999910308033890249e-01 -2.030063344181153116e-03 -3.717143472377174712e-03 7.994380277241354138e-01 2.039950102526868082e-03 9.999943870264369483e-01 2.657916326735942306e-03 9.866293130520628965e-03 3.711726869642326728e-03 -2.665475274569414996e-03 9.999895591080968371e-01 4.744669235369251836e-03 9.999843239784240723e-01 -2.521782647818326950e-03 -5.011552013456821442e-03 8.000077009201049805e-01 2.522789407521486282e-03 9.999967813491821289e-01 1.963303948286920786e-04 4.899932537227869034e-03 5.011039786040782928e-03 -2.089598128804937005e-04 9.999873638153076172e-01 7.873143069446086884e-03 2.820109605789184570e+03
1.964851000000000000e+07 9.999972828733774133e-01 -2.034861473243190950e-03 -1.137358627284395423e-03 8.281994212139696110e-01 2.034840475999496329e-03 9.999979295175367433e-01 -1.961827817000125876e-05 6.844718995595629879e-03 1.137396192881722683e-03 1.730388149412984299e-05 9.999993530150287357e-01 5.528748892355553161e-03 9.999976754188537598e-01 -1.884665805846452713e-03 -9.857037803158164024e-04 8.131780624389648438e-01 1.883566030301153660e-03 9.999975562095642090e-01 -1.121461973525583744e-03 2.750931889750063419e-04 9.878190467134118080e-04 1.119594206102192402e-03 9.999989867210388184e-01 -4.890417330898344517e-04 2.775583982467651367e+03
1.975239000000000000e+07 9.999971861760574843e-01 -2.064103132097316017e-03 1.169238310753645217e-03 8.175270224110028350e-01 2.064992429985494996e-03 9.999975791892119492e-01 -7.598828724623063122e-04 8.261237754381077839e-03 -1.167667003631852251e-03 7.622952025462415709e-04 9.999990277294237284e-01 4.467346640545752368e-03 9.999969005584716797e-01 -2.209149068221449852e-03 1.162466476671397686e-03 8.214234709739685059e-01 2.208114834502339363e-03 9.999971985816955566e-01 8.921107510104775429e-04 1.587498700246214867e-03 -1.164435059763491154e-03 -8.895393693819642067e-04 9.999989271163940430e-01 5.826887674629688263e-03 2.572550535202026367e+03
1.985626000000000000e+07 9.999965931962039312e-01 -2.316871878731593427e-03 1.202372938532768375e-03 8.427712743664131922e-01 2.317625299765303098e-03 9.999971186164094972e-01 -6.255971933058066719e-04 2.845281903389187527e-03 -1.200920045490530249e-03 6.283817119610104508e-04 9.999990814633122893e-01 1.076599387553606874e-02 9.999967813491821289e-01 -2.192880958318710327e-03 1.315845758654177189e-03 8.331311345100402832e-01 2.193929627537727356e-03 9.999972581863403320e-01 -7.973142201080918312e-04 9.497425344306975603e-05 -1.314094406552612782e-03 8.002071408554911613e-04 9.999988079071044922e-01 7.210974115878343582e-03 2.572833061218261719e+03
1.996014000000000000e+07 9.999973047595355213e-01 -1.637518707742061487e-03 1.645905874096762660e-03 8.457660902475709896e-01 1.638147885201560443e-03 9.999985856570001719e-01 -3.809927894556595094e-04 4.937389409543056946e-03 -1.645279663401062742e-03 3.836879998153691282e-04 9.999985729181556371e-01 9.675254441594883376e-03 9.999974966049194336e-01 -1.947585376910865307e-03 1.056551467627286911e-03 8.385503888130187988e-01 1.949700759723782539e-03 9.999961256980895996e-01 -1.999794738367199898e-03 -5.338832270354032516e-03 -1.052653184160590172e-03 2.001839922741055489e-03 9.999974370002746582e-01 1.807861030101776123e-03 2.374555826187133789e+03
2.006401000000000000e+07 9.999947968207824056e-01 -8.194476727617244251e-04 3.120070011028782016e-03 8.416500921096952137e-01 8.222550741648370666e-04 9.999992581966673511e-01 -8.986115445176767226e-04 5.775569003644663059e-03 -3.119331331411578229e-03 9.011723622790815142e-04 9.999947288163164583e-01 2.582589783654764496e-03 9.999925494194030762e-01 -1.152658602222800255e-03 3.701282432302832603e-03 8.468437790870666504e-01 1.155374455265700817e-03 9.999990463256835938e-01 -7.319955620914697647e-04 -2.174956956878304482e-03 -3.700436325743794441e-03 7.362705073319375515e-04 9.999929070472717285e-01 4.499203991144895554e-03 2.192483901977539062e+03
2.016793000000000000e+07 9.999888273458850119e-01 -1.325571027281767771e-03 4.537405079264355927e-03 8.599874584007396461e-01 1.329578671224076851e-03 9.999987286072724579e-01 -8.803433397021419695e-04 2.986055344037999958e-03 -4.536232352815366617e-03 8.863663409465988383e-04 9.999893184183273886e-01 8.172287777527697042e-03 9.999887347221374512e-01 -9.986254153773188591e-04 4.631010815501213074e-03 8.538934588432312012e-01 1.002278644591569901e-03 9.999991655349731445e-01 -7.871453999541699886e-04 -1.505633932538330555e-03 -4.630222450941801071e-03 7.917699986137449741e-04 9.999889731407165527e-01 1.160899456590414047e-02 2.390962839126586914e+03
2.027189000000000000e+07 9.999973123638319361e-01 7.191043073065010250e-04 2.204122071966166298e-03 8.562093804239898631e-01 -7.194461912837735390e-04 9.999997292908767710e-01 1.543222311007620934e-04 4.978448744776806101e-03 -2.204010501509115223e-03 -1.559075635685527969e-04 9.999975590122912594e-01 1.211558801452322295e-02 9.999960660934448242e-01 4.039138730149716139e-04 2.796795684844255447e-03 8.573977351188659668e-01 -4.032594442833214998e-04 9.999999403953552246e-01 -2.335014141863211989e-04 -2.517291577532887459e-03 -2.796889049932360649e-03 2.323865192010998726e-04 9.999960660934448242e-01 1.322118192911148071e-02 2.401146411895751953e+03
2.037576000000000000e+07 9.999976496997884379e-01 2.136938010606168406e-03 3.661841586046104863e-04 8.663792629045254934e-01 -2.137882662376102121e-03 9.999943372021471433e-01 2.599042392945536545e-03 6.105363221707470894e-03 -3.606280924970812194e-04 -2.599819143179568203e-03 9.999965554379682819e-01 8.129608860193678413e-03 9.999976754188537598e-01 2.112579764798283577e-03 -4.734945105155929923e-05 8.629984855651855469e-01 -2.112396527081727982e-03 9.999914169311523438e-01 3.560220822691917419e-03 2.679215744137763977e-03 5.487094676936976612e-05 -3.560121171176433563e-03 9.999936223030090332e-01 1.290764939039945602e-02 2.474182605743408203e+03
2.047975000000000000e+07 9.999983814755540878e-01 1.602945345627819918e-03 -8.170755724565383418e-04 8.680517360206024824e-01 -1.602626078753621253e-03 9.999986392562182358e-01 3.912484677669679739e-04 3.810639844219548648e-03 8.177016105364249068e-04 -3.899383679010271267e-04 9.999995896559884523e-01 1.148751625162906798e-02 9.999976158142089844e-01 1.877796137705445290e-03 -1.145464251749217510e-03 8.635016679763793945e-01 -1.877637114375829697e-03 9.999982118606567383e-01 1.354629785055294633e-04 6.797633832320570946e-04 1.145716174505650997e-03 -1.333055261056870222e-04 9.999992847442626953e-01 1.090222597122192383e-02 2.635251760482788086e+03
2.058364000000000000e+07 9.999957637377711039e-01 2.149354267238742875e-03 -1.962850668218872954e-03 8.672290170044025803e-01 -2.152941853994905404e-03 9.999960126025184692e-01 -1.827462841558157329e-03 7.694735372668025635e-04 1.958914976496338185e-03 1.831681003303097096e-03 9.999964037919421012e-01 9.270246578802618029e-03 9.999961853027343750e-01 1.614615670405328274e-03 -2.256255364045500755e-03 8.661527037620544434e-01 -1.619483693502843380e-03 9.999964237213134766e-01 -2.153401495888829231e-03 -3.931938670575618744e-03 2.252769889310002327e-03 2.157042734324932098e-03 9.999951720237731934e-01 1.165611948817968369e-02 2.512116193771362305e+03
2.068751000000000000e+07 9.999977147074351480e-01 1.646138694938631061e-03 -1.364114109680924104e-03 8.721864346122288891e-01 -1.651805813207237556e-03 9.999899672240426529e-01 -4.163770984754704661e-03 -2.073734120638092652e-03 1.357246279294814159e-03 4.166014720936079933e-03 9.999904010558712253e-01 1.259683263463051359e-02 9.999969005584716797e-01 1.617809524759650230e-03 -1.855876296758651733e-03 8.706723451614379883e-01 -1.625157310627400875e-03 9.999908208847045898e-01 -3.969681449234485626e-03 -8.996155112981796265e-03 1.849437248893082142e-03 3.972681704908609390e-03 9.999903440475463867e-01 1.106462068855762482e-02 2.471115112304687500e+03
2.079153000000000000e+07 9.999982279758342640e-01 1.882214490213488401e-03 -3.624643557723569595e-05 8.765516174588391385e-01 -1.882258737888444942e-03 9.999974321375215691e-01 -1.262069889749156508e-03 3.326176462922494849e-04 3.387085626722580401e-05 1.262135878500895677e-03 9.999992029325769360e-01 7.368584996339965464e-03 9.999982118606567383e-01 1.922457478940486908e-03 -5.035001231590285897e-05 8.727695345878601074e-01 -1.922542345710098743e-03 9.999970793724060059e-01 -1.427117385901510715e-03 -4.348173271864652634e-03 4.760622687172144651e-05 1.427222508937120438e-03 9.999989867210388184e-01 8.124608546495437622e-03 2.724453449249267578e+03
2.089539000000000000e+07 9.999968624941090178e-01 1.267873900527598761e-03 2.160439240161301545e-03 8.820989307325866058e-01 -1.261697451979929821e-03 9.999951203825041546e-01 -2.857854216130997164e-03 1.689359341196371319e-04 -2.164052096816331937e-03 2.855119428912089585e-03 9.999935825651926624e-01 6.914188952638379571e-03 9.999966621398925781e-01 1.064431504346430302e-03 2.342172665521502495e-03 8.795723319053649902e-01 -1.060067908838391304e-03 9.999977350234985352e-01 -1.855501555837690830e-03 -1.786706387065351009e-03 -2.344141947105526924e-03 1.853015855886042118e-03 9.999955296516418457e-01 1.364083867520093918e-02 2.736865520477294922e+03
2.099926000000000000e+07 9.999968664069870394e-01 7.874549164320702446e-04 2.376360865071183628e-03 8.759642178889757158e-01 -7.800401176706458703e-04 9.999948299653014239e-01 -3.119548057455163222e-03 -1.825056487414751603e-03 -2.378805082657944187e-03 3.117684625252348934e-03 9.999923106349148938e-01 1.380139064668007773e-02 9.999960660934448242e-01 6.111020920798182487e-04 2.739454619586467743e-03 8.796565532684326172e-01 -6.020100554451346397e-04 9.999943375587463379e-01 -3.320532152429223061e-03 -6.048875860869884491e-03 -2.741469768807291985e-03 3.318865783512592316e-03 9.999908208847045898e-01 1.356254518032073975e-02 2.763142108917236328e+03
2.110327000000000000e+07 9.999991719692928882e-01 1.147351150024376832e-03 5.827916156568157136e-04 8.772270909368155012e-01 -1.147069080761083711e-03 9.999992249392378740e-01 -4.841006584156624351e-04 1.648889269677498385e-03 -5.833465974050626966e-04 4.834317553226052293e-04 9.999997130002015178e-01 1.467801982300468398e-02 9.999995827674865723e-01 8.646724163554608822e-04 3.586781676858663559e-04 8.755002617835998535e-01 -8.642991888336837292e-04 9.999989867210388184e-01 -1.065078540705144405e-03 -1.542711630463600159e-03 -3.595986927393823862e-04 1.064763520844280720e-03 9.999993443489074707e-01 1.393184438347816467e-02 2.548110485076904297e+03
2.120714000000000000e+07 9.999951710780261571e-01 1.003501633624904023e-03 -2.941225101996514969e-03 8.660320718306135923e-01 -9.982696174483261711e-04 9.999979179099733884e-01 1.779784674887022536e-03 7.830476509253931836e-03 2.943004994929814249e-03 -1.776839944788297836e-03 9.999940907632456355e-01 1.569174113398718803e-02 9.999963045120239258e-01 1.083184499293565750e-03 -2.462783129885792732e-03 8.696170449256896973e-01 -1.078529632650315762e-03 9.999976754188537598e-01 1.890652580186724663e-03 3.711979836225509644e-03 2.464826218783855438e-03 -1.887988066300749779e-03 9.999952316284179688e-01 1.327016483992338181e-02 2.638544559478759766e+03
2.131112000000000000e+07 9.999871846046590740e-01 8.334227392271211432e-04 -4.993599201487672508e-03 8.590605336914942658e-01 -8.120571708585329774e-04 9.999905149226524514e-01 4.279091945697453998e-03 8.953302457405025103e-03 4.997118129343790932e-03 -4.274982019402508333e-03 9.999783764357783600e-01 1.696933915479217209e-02 9.999829530715942383e-01 7.811224204488098621e-04 -5.793889518827199936e-03 8.605149388313293457e-01 -7.634517969563603401e-04 9.999950528144836426e-01 3.051487961784005165e-03 6.855749525129795074e-03 5.796243902295827866e-03 -3.047013422474265099e-03 9.999784827232360840e-01 1.207040715962648392e-02 2.652268409729003906e+03
2.141504000000000000e+07 9.999863569685294440e-01 1.309665099441336463e-03 -5.056743431899992161e-03 8.684770029630196619e-01 -1.300071981552685567e-03 9.999973500638110746e-01 1.899915313491943192e-03 8.415637115695548745e-03 5.059218284630549040e-03 -1.893315262433816013e-03 9.999854097273946918e-01 1.232030200196009700e-02 9.999855756759643555e-01 1.101294416002929211e-03 -5.262470338493585587e-03 8.610435724258422852e-01 -1.090373960323631763e-03 9.999971985816955566e-01 2.077236538752913475e-03 5.296942777931690216e-03 5.264746490865945816e-03 -2.071466529741883278e-03 9.999840855598449707e-01 1.140693109482526779e-02 2.580418825149536133e+03
2.151901000000000000e+07 9.999840691776229473e-01 7.665274039179768937e-04 -5.592300662681595064e-03 8.554442851034234074e-01 -7.349052129155598558e-04 9.999837433690229593e-01 5.654459479388149537e-03 1.503275464486713425e-02 5.596544048858703713e-03 -5.650259588289349884e-03 9.999683761306125129e-01 1.266289130507749876e-02 9.999786019325256348e-01 8.066257578320801258e-04 -6.485305260866880417e-03 8.547136783599853516e-01 -7.740366272628307343e-04 9.999870657920837402e-01 5.024634767323732376e-03 9.046080522239208221e-03 6.489276885986328125e-03 -5.019510630518198013e-03 9.999663233757019043e-01 1.366419252008199692e-02 2.570221900939941406e+03
2.162290000000000000e+07 9.999988587601794654e-01 9.844551552342340698e-04 -1.146004531408211218e-03 8.629692146792700136e-01 -9.836566355664445958e-04 9.999992732067510826e-01 6.971410135432041816e-04 6.756456847010035120e-03 1.146690002564562400e-03 -6.960129429764101488e-04 9.999991003336059503e-01 8.355192803012371008e-03 9.999991655349731445e-01 1.053566811606287956e-03 -8.095095399767160416e-04 8.560809493064880371e-01 -1.052989973686635494e-03 9.999992251396179199e-01 7.239105179905891418e-04 3.064534859731793404e-03 8.102689171209931374e-04 -7.230641203932464123e-04 9.999994635581970215e-01 9.423933923244476318e-03 2.673566102981567383e+03
2.172689000000000000e+07 9.999831230133522375e-01 2.929115832392393767e-04 5.802403921415654961e-03 8.547964110936182580e-01 -2.810986175550426644e-04 9.999978866496291863e-01 -2.036585338947873285e-03 1.310701654001976109e-03 -5.802988198339208148e-03 2.034919919803494705e-03 9.999810920356894117e-01 8.748968639630287300e-03 9.999877214431762695e-01 1.271551300305873156e-04 4.938305821269750595e-03 8.543899059295654297e-01 -1.080889269360341132e-04 9.999925494194030762e-01 -3.859722753986716270e-03 7.274610688909888268e-04 -4.938765894621610641e-03 3.859156277030706406e-03 9.999802708625793457e-01 7.393678650259971619e-03 2.460805654525756836e+03
2.183076000000000000e+07 9.999571756829177538e-01 -8.171775392673085283e-04 9.218406647122265665e-03 8.703217833280832982e-01 8.265950939521691338e-04 9.999991403712409355e-01 -1.017839540274746799e-03 2.909642839757200453e-03 -9.217566967103909062e-03 1.025415841700102419e-03 9.999569915659165531e-01 1.726114731475252018e-02 9.999414086341857910e-01 -6.251711747609078884e-04 1.080528832972049713e-02 8.596805930137634277e-01 6.366191082634031773e-04 9.999992251396179199e-01 -1.055983710102736950e-03 3.187868278473615646e-03 -1.080461684614419937e-02 1.062798197381198406e-03 9.999411106109619141e-01 1.410131715238094330e-02 2.493251562118530273e+03
2.193464000000000000e+07 9.999773820673198976e-01 -1.211413266390419432e-03 6.615726089200618838e-03 8.642366385638965420e-01 1.237514408821249745e-03 9.999914619962969597e-01 -3.942650453254619401e-03 2.285376485628567295e-03 -6.610893425042957926e-03 3.950748335012287463e-03 9.999703433981009804e-01 7.171418519594664753e-03 9.999590516090393066e-01 -1.323671778663992882e-03 8.947650901973247528e-03 8.542543649673461914e-01 1.316935056820511818e-03 9.999987483024597168e-01 7.579051307402551174e-04 6.968588568270206451e-03 -8.948645554482936859e-03 -7.460985798388719559e-04 9.999596476554870605e-01 2.198100276291370392e-02 2.742852926254272461e+03
2.203866000000000000e+07 9.999968077551552037e-01 -2.296001751990610178e-03 -1.054919643430823678e-03 8.365731930715054609e-01 2.296221324789847560e-03 9.999973422603917195e-01 2.069777302068058630e-04 4.396730455208599717e-03 1.054441618497925764e-03 -2.093993984643991498e-04 9.999994221522156002e-01 2.346851361886033091e-02 9.999890923500061035e-01 -2.571368822827935219e-03 -3.923192154616117477e-03 8.370266556739807129e-01 2.556394785642623901e-03 9.999895095825195312e-01 -3.816420678049325943e-03 -2.078088466078042984e-03 3.932965453714132309e-03 3.806357737630605698e-03 9.999850392341613770e-01 1.855624280869960785e-02 2.522893190383911133e+03
2.214262000000000000e+07 9.999949342195068036e-01 -1.802559191200833397e-03 -2.623416796187078015e-03 8.408302233148728932e-01 1.789930832359595434e-03 9.999868389783236333e-01 -4.808119981421660541e-03 -1.150120356807926656e-03 2.632049190206665109e-03 4.803399889931623916e-03 9.999849997207747032e-01 2.099545850167584479e-02 9.999917745590209961e-01 -2.208122983574867249e-03 -3.383004572242498398e-03 8.312976956367492676e-01 2.188191749155521393e-03 9.999802708625793457e-01 -5.886554252356290817e-03 -4.303702618926763535e-03 3.395937848836183548e-03 5.879099946469068527e-03 9.999770522117614746e-01 1.418633293360471725e-02 2.747807979583740234e+03
2.224654000000000000e+07 9.999952265526143025e-01 -2.754938493856862267e-03 -1.398994596322792119e-03 8.312847441147782623e-01 2.753193616646024740e-03 9.999954316560920597e-01 -1.247634503958360355e-03 4.563238542804572834e-03 1.402425361555569450e-03 1.243776845448380831e-03 9.999982431095886248e-01 8.740652712867521754e-03 9.999961853027343750e-01 -2.643081825226545334e-03 -8.429092122241854668e-04 8.320748805999755859e-01 2.642755862325429916e-03 9.999964237213134766e-01 -3.871842345688492060e-04 6.232748855836689472e-04 8.439289522357285023e-04 3.849565109703689814e-04 9.999995231628417969e-01 1.551233790814876556e-02 2.862214326858520508e+03
2.235039000000000000e+07 9.999942318204096958e-01 -2.747093551661962136e-03 -1.997449105051036979e-03 8.315030825410236748e-01 2.750515086260915763e-03 9.999947514580301844e-01 1.712227541178777332e-03 1.068311299638547048e-02 1.992734972118226106e-03 -1.717711678640301528e-03 9.999965392309714263e-01 1.588017085411664447e-02 9.999930858612060547e-01 -2.496562432497739792e-03 -2.749274484813213348e-03 8.263429999351501465e-01 2.500800881534814835e-03 9.999957084655761719e-01 1.540265162475407124e-03 5.653369240462779999e-03 2.745416946709156036e-03 -1.547133200801908970e-03 9.999949932098388672e-01 1.692183129489421844e-02 2.421516895294189453e+03
2.245439000000000000e+07 9.999903200676120152e-01 -3.111566362031090507e-03 -3.110936490734391834e-03 8.256153270504600350e-01 3.116854743982736160e-03 9.999937034781535283e-01 1.696531918846818547e-03 1.101576721548040705e-02 3.105638031004018772e-03 -1.706211833691924536e-03 9.999937219070922367e-01 1.277438127789287149e-02 9.999886751174926758e-01 -3.467247122898697853e-03 -3.269786015152931213e-03 8.213011622428894043e-01 3.474108874797821045e-03 9.999918341636657715e-01 2.093563321977853775e-03 8.445693179965019226e-03 3.262500977143645287e-03 -2.104898914694786072e-03 9.999924302101135254e-01 1.489279791712760925e-02 2.414585351943969727e+03
2.255837000000000000e+07 9.999902952000198075e-01 -3.483690009733095196e-03 -2.696925971068191326e-03 8.130279220620109104e-01 3.487132323973107448e-03 9.999931100018015773e-01 1.272736060617629629e-03 1.035776982014295633e-02 2.692473571353708184e-03 -1.282128246697808015e-03 9.999955533567269628e-01 7.843970024138030572e-03 9.999849796295166016e-01 -4.001683555543422699e-03 -3.727918723598122597e-03 8.172197341918945312e-01 4.004760179668664932e-03 9.999916553497314453e-01 8.201441960409283638e-04 1.069243066012859344e-03 3.724607871845364571e-03 -8.350603748112916946e-04 9.999927282333374023e-01 1.260219328105449677e-02 2.369312047958374023e+03
2.266227000000000000e+07 9.999906319615436967e-01 -2.763273650548879207e-03 -3.331712455289126840e-03 8.160743664970252498e-01 2.770799664604599224e-03 9.999936156282537292e-01 2.256406867343653359e-03 1.179287360374801745e-02 3.325456114756812631e-03 -2.265617236991020710e-03 9.999919041273105380e-01 1.736497608963613604e-02 9.999849200248718262e-01 -3.173217875882983208e-03 -4.479107446968555450e-03 8.118696212768554688e-01 3.180032595992088318e-03 9.999938011169433594e-01 1.512110116891562939e-03 2.459507668390870094e-03 4.474285524338483810e-03 -1.526334322988986969e-03 9.999888539314270020e-01 1.510378252714872360e-02 2.538352012634277344e+03
2.276614000000000000e+07 9.999941873370131740e-01 -3.369781249907680999e-03 -5.194867799322389025e-04 8.137629357830321597e-01 3.371763309102875517e-03 9.999868542760699253e-01 3.862963530439406015e-03 1.587640290555208944e-02 5.064626088284926702e-04 -3.864692662798412375e-03 9.999924037942727884e-01 5.976813765826967037e-03 9.999949932098388672e-01 -3.073164494708180428e-03 7.188938325271010399e-04 8.133509755134582520e-01 3.069223137572407722e-03 9.999806284904479980e-01 5.419236607849597931e-03 7.009396795183420181e-03 -7.355327252298593521e-04 -5.416990723460912704e-03 9.999850392341613770e-01 1.440061908215284348e-02 2.191656112670898438e+03
2.287016000000000000e+07 9.999922046357827554e-01 -3.606824998973813187e-03 1.606698818482793197e-03 8.116121663080387849e-01 3.600433585068775651e-03 9.999856645963106638e-01 3.963266313837158529e-03 1.555099174998778207e-02 -1.620970593824961649e-03 -3.957450606345597373e-03 9.999908554777050540e-01 1.157194922397698604e-02 9.999926686286926270e-01 -3.620343981310725212e-03 1.219619065523147583e-03 8.122028708457946777e-01 3.617036622017621994e-03 9.999898076057434082e-01 2.697005867958068848e-03 3.775574034079909325e-03 -1.229370827786624432e-03 -2.692584879696369171e-03 9.999956488609313965e-01 1.122159603983163834e-02 2.193646669387817383e+03
2.297402000000000000e+07 9.999800805553225036e-01 -3.559788298174108596e-03 5.212139660729303049e-03 8.026568610272295512e-01 3.544734879702065005e-03 9.999895281896591381e-01 2.894540664006929869e-03 1.166819179366624520e-02 -5.222389032175626770e-03 -2.876007353111040710e-03 9.999822274593190841e-01 8.160569364889277977e-03 9.999781847000122070e-01 -4.075638949871063232e-03 5.202034488320350647e-03 8.117139935493469238e-01 4.060507752001285553e-03 9.999874830245971680e-01 2.916880417615175247e-03 4.657409619539976120e-03 -5.213861819356679916e-03 -2.895692130550742149e-03 9.999821782112121582e-01 1.538659166544675827e-02 2.275581359863281250e+03
2.307801000000000000e+07 9.999719408530942655e-01 -4.584418747327231175e-03 5.924576883191437493e-03 8.141734258812963754e-01 4.586579703785518061e-03 9.999894199134741202e-01 -3.512089610152186727e-04 8.166928719325264666e-03 -5.922904111710276982e-03 3.783726504773496390e-04 9.999823878654168219e-01 1.605033739956980218e-02 9.999682903289794922e-01 -4.094466567039489746e-03 6.834469269961118698e-03 8.097780942916870117e-01 4.092376679182052612e-03 9.999915361404418945e-01 3.300419193692505360e-04 4.905058071017265320e-03 -6.835765205323696136e-03 -3.020669682882726192e-04 9.999765753746032715e-01 1.469575148075819016e-02 2.205013036727905273e+03
2.318199000000000000e+07 9.999844860068831665e-01 -4.463606249542568204e-03 3.332261214032834849e-03 7.973773949706535191e-01 4.471143383485550946e-03 9.999874554050404152e-01 -2.257855043320960552e-03 5.973744852958742281e-03 -3.322141236283676895e-03 2.272719032652528118e-03 9.999918990300894484e-01 1.453992817846212586e-02 9.999826550483703613e-01 -4.999242722988128662e-03 3.104250412434339523e-03 8.017569184303283691e-01 5.002391058951616287e-03 9.999870061874389648e-01 -1.010697800666093826e-03 2.534198574721813202e-03 -3.099156543612480164e-03 1.026209560222923756e-03 9.999947547912597656e-01 1.593117043375968933e-02 2.182261943817138672e+03
2.328591000000000000e+07 9.999761525992322264e-01 -6.812432695554922028e-03 1.133575584414787778e-03 7.925791650442347569e-01 6.810927037251847914e-03 9.999759250954896039e-01 1.326839219000389451e-03 1.215369304193818049e-02 -1.142587296568100185e-03 -1.319086876737120316e-03 9.999984772508813125e-01 1.322317554911187423e-02 9.999786019325256348e-01 -6.535993888974189758e-03 3.342239069752395153e-04 7.945757508277893066e-01 6.536152213811874390e-03 9.999784827232360840e-01 -5.322397919371724129e-04 5.374267697334289551e-03 -3.307401202619075775e-04 5.344143137335777283e-04 9.999997615814208984e-01 1.532361935824155807e-02 1.979944467544555664e+03
2.338977000000000000e+07 9.999773657061995502e-01 -5.978193389726037602e-03 3.086953042185859759e-03 7.950510138431655660e-01 5.991528218440337304e-03 9.999726815492554488e-01 -4.328711678907606192e-03 3.549957081590858921e-03 -3.060990835866350505e-03 4.347109267836945373e-03 9.999858663881786569e-01 1.274260937109788702e-02 9.999752044677734375e-01 -6.156107410788536072e-03 3.400465939193964005e-03 7.969899773597717285e-01 6.166234612464904785e-03 9.999765753746032715e-01 -2.986555686220526695e-03 1.924784621223807335e-03 -3.382002003490924835e-03 3.007445484399795532e-03 9.999898076057434082e-01 1.375797018408775330e-02 2.195857763290405273e+03
2.349376000000000000e+07 9.999824677366379033e-01 -5.917353980434534970e-03 2.216781771353026832e-04 7.865094644628137788e-01 5.917035211187348168e-03 9.999814972322903506e-01 1.412050769819714899e-03 9.656417961836296845e-03 -2.300296797188531455e-04 -1.410714335794076117e-03 9.999989784851828212e-01 1.756864921838868776e-02 9.999788999557495117e-01 -6.498163100332021713e-03 -1.049594648065976799e-04 7.876324653625488281e-01 6.498132366687059402e-03 9.999788403511047363e-01 1.586245489306747913e-04 5.443818401545286179e-03 1.039258495438843966e-04 -1.592982880538329482e-04 9.999998807907104492e-01 1.590957678854465485e-02 2.147006750106811523e+03
2.359764000000000000e+07 9.999800596704476741e-01 -6.245323789950348731e-03 -9.360514123876712391e-04 7.858277581906377707e-01 6.249508855593943757e-03 9.999701800714363431e-01 4.536805810606846061e-03 1.802244133162678869e-02 9.076896781420538398e-04 -4.542565206794876506e-03 9.999892705428344852e-01 1.326552418248039267e-02 9.999821186065673828e-01 -5.938441026955842972e-03 -6.714972550980746746e-04 7.806096076965332031e-01 5.941625684499740601e-03 9.999707937240600586e-01 4.790252074599266052e-03 1.773565821349620819e-02 6.430325447581708431e-04 -4.794161766767501831e-03 9.999883770942687988e-01 1.593767665326595306e-02 2.287370204925537109e+03
2.370151000000000000e+07 9.999756310210546895e-01 -6.030914343389335262e-03 -3.516452221507368643e-03 7.794454117877424038e-01 6.042197830973834900e-03 9.999766031446343240e-01 3.207024896972240566e-03 1.273559904650233172e-02 3.497028655132585449e-03 -3.228193845035564388e-03 9.999886747134109077e-01 1.379689363451934783e-02 9.999768137931823730e-01 -5.596623755991458893e-03 -3.888256847858428955e-03 7.765398621559143066e-01 5.605694837868213654e-03 9.999816417694091797e-01 2.323447261005640030e-03 1.432810723781585693e-02 3.875183174386620522e-03 -2.345186891034245491e-03 9.999896883964538574e-01 1.347748376429080963e-02 2.386629819869995117e+03
2.380554000000000000e+07 9.999794337997928162e-01 -5.604438677391828175e-03 -3.118051403859932631e-03 7.705464986892668344e-01 5.603239392479415597e-03 9.999842244151064818e-01 -3.932292315362150448e-04 8.593885476927052430e-03 3.120206043889611498e-03 3.757499558512281753e-04 9.999950615509130003e-01 9.995487119971769446e-03 9.999762773513793945e-01 -6.098908837884664536e-03 -3.195684636011719704e-03 7.715155482292175293e-01 6.097306963056325912e-03 9.999812841415405273e-01 -5.160667933523654938e-04 8.617075160145759583e-03 3.198772436007857323e-03 4.965782864019274712e-04 9.999947547912597656e-01 1.106952596455812454e-02 2.582263469696044922e+03
2.390939000000000000e+07 9.999853406968798319e-01 -5.347546493250437787e-03 -8.497869425653673892e-04 7.798940999259362794e-01 5.348999998127512180e-03 9.999842191281810289e-01 1.717467211324559062e-03 1.326299859560440067e-02 8.405892964233620777e-04 -1.721987544806300244e-03 9.999981640825797991e-01 1.432670577746672849e-02 9.999853968620300293e-01 -5.363736301660537720e-03 -7.324799080379307270e-04 7.732316851615905762e-01 5.365096963942050934e-03 9.999837279319763184e-01 1.938677625730633736e-03 1.183864101767539978e-02 7.220666157081723213e-04 -1.942591974511742592e-03 9.999978542327880859e-01 1.135320961475372314e-02 2.251177310943603516e+03
2.401339000000000000e+07 9.999780779591185276e-01 -4.977558974410324980e-03 4.366635758032515018e-03 7.734365193270557048e-01 4.979457342556377862e-03 9.999875125448861590e-01 -4.239797925633344614e-04 8.538158124570148153e-03 -4.364470845443045935e-03 4.457139745485932795e-04 9.999903763203383811e-01 3.551332172609299610e-03 9.999825954437255859e-01 -4.729765933007001877e-03 3.527036169543862343e-03 7.711169719696044922e-01 4.725640639662742615e-03 9.999881386756896973e-01 1.163351931609213352e-03 1.907308213412761688e-02 -3.532497445121407509e-03 -1.146656111814081669e-03 9.999931454658508301e-01 1.306340284645557404e-02 2.453063488006591797e+03
2.411727000000000000e+07 9.999708309321612143e-01 -6.138181519316197182e-03 4.545328643676587246e-03 7.796545239417675965e-01 6.138104792452458817e-03 9.999811611820760282e-01 3.083024040514194150e-05 1.095852654332968648e-02 -4.545432256669755186e-03 -2.929637584745379509e-06 9.999896694651486673e-01 1.543787414657708801e-02 9.999704957008361816e-01 -6.168951746076345444e-03 4.570831079035997391e-03 7.704071998596191406e-01 6.167926359921693802e-03 9.999809861183166504e-01 2.518798282835632563e-04 1.426782179623842239e-02 -4.572296049445867538e-03 -2.236808650195598602e-04 9.999895691871643066e-01 1.559566892683506012e-02 2.487886190414428711e+03
2.422127000000000000e+07 9.999768826177118930e-01 -6.476628580892859754e-03 2.070630915472206242e-03 7.686224964413719274e-01 6.482288244234809572e-03 9.999752403073324247e-01 -2.738377514468220367e-03 7.331156183501752119e-03 -2.052844193211631873e-03 2.751736636789883696e-03 9.999941068707356440e-01 1.940914792232866642e-02 9.999757409095764160e-01 -6.506863515824079514e-03 2.484612632542848587e-03 7.636667490005493164e-01 6.508704274892807007e-03 9.999785423278808594e-01 -7.307970081456005573e-04 1.321259513497352600e-02 -2.479805378243327141e-03 7.469448028132319450e-04 9.999966621398925781e-01 2.308199182152748108e-02 2.358019590377807617e+03
2.432514000000000000e+07 9.999702542444487419e-01 -6.800070371183489400e-03 -3.640009510905413501e-03 7.605024735831783511e-01 6.795846787673024379e-03 9.999762218194877539e-01 -1.171435897136496353e-03 7.341100618555879836e-03 3.647888804638055576e-03 1.146664104948870271e-03 9.999926890076243913e-01 1.292940683595725053e-02 9.999700784683227539e-01 -6.916529964655637741e-03 -3.449157113209366798e-03 7.553353905677795410e-01 6.910938769578933716e-03 9.999747872352600098e-01 -1.624877331778407097e-03 9.388037025928497314e-03 3.460309933871030807e-03 1.600999734364449978e-03 9.999926686286926270e-01 1.586056873202323914e-02 2.421744823455810547e+03
2.442914000000000000e+07 9.999411739617914963e-01 -8.392126923994693011e-03 -6.871740798794637520e-03 7.584723967880558915e-01 8.398858509833238492e-03 9.999642764329302880e-01 9.513325905878111232e-04 1.077611598837229824e-02 6.863511611854181127e-03 -1.008991406145812826e-03 9.999759367828290335e-01 1.722460777077450961e-02 9.999323487281799316e-01 -8.319615386426448822e-03 -8.129146881401538849e-03 7.506155371665954590e-01 8.306851610541343689e-03 9.999641180038452148e-01 -1.614740816876292229e-03 1.162641122937202454e-02 8.142294362187385559e-03 1.547099789604544640e-03 9.999656677246093750e-01 1.134218927472829819e-02 2.484507560729980469e+03
2.453302000000000000e+07 9.999538379206542871e-01 -9.299020043155529353e-03 -2.418729830035530864e-03 7.568063516335509222e-01 9.294412242817186656e-03 9.999549831010186018e-01 -1.909364423635932957e-03 6.303982005078001029e-03 2.436376164364187705e-03 1.886795611259559817e-03 9.999952520254817845e-01 8.411194204305373276e-03 9.999545216560363770e-01 -9.136086329817771912e-03 -2.754490822553634644e-03 7.527285814285278320e-01 9.129940532147884369e-03 9.999559521675109863e-01 -2.201571594923734665e-03 9.077977389097213745e-03 2.774479798972606659e-03 2.176326699554920197e-03 9.999938011169433594e-01 1.258574519306421280e-02 2.609698295593261719e+03
2.463689000000000000e+07 9.999368110581611235e-01 -1.091762444829753702e-02 2.679434127087641261e-03 7.634710149361287890e-01 1.091971079262346600e-02 9.999400853514356369e-01 -7.652604581704713178e-04 1.232440368875407227e-02 -2.670918763446128354e-03 7.944707479275708167e-04 9.999961174970578570e-01 1.095697447551071367e-02 9.999336004257202148e-01 -1.093050558120012283e-02 3.653899999335408211e-03 7.568210363388061523e-01 1.093038823455572128e-02 9.999402761459350586e-01 5.961686838418245316e-05 1.440835744142532349e-02 -3.654332831501960754e-03 -1.967159914784133434e-05 9.999933242797851562e-01 1.804255694150924683e-02 2.748301267623901367e+03
2.474076000000000000e+07 9.999192327716064366e-01 -1.136594571210608300e-02 5.687109240316303403e-03 7.591872749697387013e-01 1.137199075253193629e-02 9.999348045540102925e-01 -1.031730516033498718e-03 1.419063264022615671e-02 -5.675011873658227998e-03 1.096320939708785415e-03 9.999832960208040467e-01 8.671026734701539271e-03 9.999232292175292969e-01 -1.164724491536617279e-02 4.226126242429018021e-03 7.560265660285949707e-01 1.165600679814815521e-02 9.999299049377441406e-01 -2.065114909783005714e-03 1.254716422408819199e-02 -4.201781935989856720e-03 2.114210743457078934e-03 9.999889731407165527e-01 1.131537649780511856e-02 2.572917699813842773e+03
2.484464000000000000e+07 9.999011162573788747e-01 -1.166375693057225202e-02 7.855856510399501780e-03 7.517122205399138224e-01 1.166787225356490793e-02 9.999318137041840471e-01 -4.782251930414125360e-04 1.725701406154380238e-02 -7.849742946233886215e-03 5.698390345501865408e-04 9.999690279299418005e-01 1.084434429174483371e-02 9.998945593833923340e-01 -1.219017617404460907e-02 7.885791361331939697e-03 7.595038414001464844e-01 1.218667626380920410e-02 9.999256134033203125e-01 4.944898537360131741e-04 1.537623442709445953e-02 -7.891234010457992554e-03 -3.983417991548776627e-04 9.999687075614929199e-01 1.770840957760810852e-02 2.850256443023681641e+03
2.494851000000000000e+07 9.999220023974048077e-01 -1.187776157477059800e-02 3.861075178913288969e-03 7.568595274778067150e-01 1.188480780332372422e-02 9.999277401724425696e-01 -1.807146123035888695e-03 1.237531352523611565e-02 -3.839331327506483819e-03 1.852893306386321033e-03 9.999909131193905898e-01 2.407643002271462121e-02 9.999229311943054199e-01 -1.153785269707441330e-02 4.591444041579961777e-03 7.523475289344787598e-01 1.153811998665332794e-02 9.999334812164306641e-01 -3.113621642114594579e-05 8.331428281962871552e-03 -4.590777214616537094e-03 8.411256567342206836e-05 9.999895095825195312e-01 1.863506808876991272e-02 2.722607851028442383e+03
2.505239000000000000e+07 9.999194478297303013e-01 -1.190028072592313850e-02 -4.413747900769615998e-03 7.381991777205175742e-01 1.191921144325680179e-02 9.999197702820399325e-01 4.287819688794190960e-03 2.120551346843926183e-02 4.362367529021598904e-03 -4.340082690099037258e-03 9.999810665366544171e-01 1.693445945347600221e-02 9.999201893806457520e-01 -1.168900076299905777e-02 -4.799870308488607407e-03 7.392821907997131348e-01 1.170970406383275986e-02 9.999220967292785645e-01 4.312681034207344055e-03 1.062841061502695084e-02 4.749082960188388824e-03 -4.368534777313470840e-03 9.999791383743286133e-01 1.964951306581497192e-02 3.104014635086059570e+03
2.515627000000000000e+07 9.998793451429232038e-01 -1.216539908112272347e-02 -9.659100463092517783e-03 7.427073501823562296e-01 1.218655432779027110e-02 9.999234632755831242e-01 2.134358118805941475e-03 2.068500444337006972e-02 9.632395868884950293e-03 -2.251811750683227649e-03 9.999510719498553302e-01 1.456386244975825008e-02 9.998706579208374023e-01 -1.217617932707071304e-02 -1.050829701125621796e-02 7.313162684440612793e-01 1.218879129737615585e-02 9.999251365661621094e-01 1.132940058596432209e-03 1.168629899621009827e-02 1.049371901899576187e-02 -1.260876189917325974e-03 9.999442100524902344e-01 1.319095212966203690e-02 3.016124486923217773e+03
2.526014000000000000e+07 9.999072565102891108e-01 -1.252318935114836787e-02 -5.352392599788476785e-03 7.358515583363293144e-01 1.251995712095591538e-02 9.999214193862246969e-01 -6.369665037986506784e-04 1.621849384454144768e-02 5.359948857630228783e-03 5.698957034583860019e-04 9.999854729780482954e-01 6.035996108386602714e-03 9.999061226844787598e-01 -1.266591623425483704e-02 -5.224659107625484467e-03 7.371204495429992676e-01 1.266233623027801514e-02 9.999195933341979980e-01 -7.080924115143716335e-04 3.854285692796111107e-03 5.233207251876592636e-03 6.418585544452071190e-04 9.999860525131225586e-01 8.616545237600803375e-04 2.878078699111938477e+03
2.536401000000000000e+07 9.999200157070927686e-01 -1.205296868438241083e-02 3.832510172310808760e-03 7.366815732281722928e-01 1.206168601744916739e-02 9.999247020092532079e-01 -2.259655310614772355e-03 1.637164676842887967e-02 -3.804986037298978361e-03 2.305701108039631339e-03 9.999901028628516153e-01 -1.915102637308435966e-03 9.999112486839294434e-01 -1.287865918129682541e-02 3.396003739908337593e-03 7.517046332359313965e-01 1.288940198719501495e-02 9.999119639396667480e-01 -3.139463486149907112e-03 -1.992188394069671631e-03 -3.355271415784955025e-03 3.182966494932770729e-03 9.999892711639404297e-01 -2.513022918719798326e-04 2.728673696517944336e+03
2.546789000000000000e+07 9.998958437594474002e-01 -1.232190110264426604e-02 7.514811095380931165e-03 7.597851954660441720e-01 1.233177823600120279e-02 9.999231549350835468e-01 -1.269436964628313947e-03 1.356485454865203125e-02 -7.498591742500280641e-03 1.361975728760138685e-03 9.999709576502677777e-01 1.550573550091641217e-02 9.998934268951416016e-01 -1.214399375021457672e-02 8.097013458609580994e-03 7.571251988410949707e-01 1.214739214628934860e-02 9.999261498451232910e-01 -3.649818245321512222e-04 6.391473580151796341e-03 -8.091982454061508179e-03 4.632961645256727934e-04 9.999672174453735352e-01 1.116662845015525818e-02 2.640806436538696289e+03
2.557179000000000000e+07 9.999033571854164526e-01 -1.262220309226119198e-02 5.827201595198601945e-03 7.491287849046230907e-01 1.263271740119504931e-02 9.999186355514491087e-01 -1.771081023003126184e-03 1.289513551580323027e-02 -5.804372523789017718e-03 1.844523251740144611e-03 9.999814533247998183e-01 1.396932739588909074e-02 9.999088048934936523e-01 -1.236670371145009995e-02 5.437702871859073639e-03 7.564247846603393555e-01 1.236900687217712402e-02 9.999234080314636230e-01 -4.091241571586579084e-04 5.506408866494894028e-03 -5.432236939668655396e-03 4.763554898090660572e-04 9.999850988388061523e-01 1.409808825701475143e-02 2.762828350067138672e+03
2.567564000000000000e+07 9.999142641714293678e-01 -1.296706310866770420e-02 -1.821971691500095820e-03 7.393464202991212320e-01 1.296452207078426476e-02 9.999149774998843387e-01 -1.399620977889071008e-03 1.333149112402162717e-02 1.839965756460247787e-03 1.375879988018049744e-03 9.999973607366539063e-01 1.575061755040979561e-02 9.999094009399414062e-01 -1.327402517199516296e-02 -2.218829235062003136e-03 7.471625208854675293e-01 1.326636224985122681e-02 9.999059438705444336e-01 -3.487109905108809471e-03 1.548407133668661118e-03 2.264915034174919128e-03 3.457345068454742432e-03 9.999914169311523438e-01 1.249061059206724167e-02 2.625770568847656250e+03
2.577952000000000000e+07 9.999167928768587510e-01 -1.186780699020347982e-02 -5.055935136106278274e-03 7.599039121809862962e-01 1.186669747875757942e-02 9.999295571665144378e-01 -2.493907098691813362e-04 1.619606905972763994e-02 5.058538702519248080e-03 1.893727060532807442e-04 9.999871875800075971e-01 6.870737628994342747e-03 9.999120235443115234e-01 -1.214044727385044098e-02 -5.344933830201625824e-03 7.454119920730590820e-01 1.213769055902957916e-02 9.999262690544128418e-01 -5.348441191017627716e-04 2.987021580338478088e-03 5.351035855710506439e-03 4.699266864918172359e-04 9.999856352806091309e-01 1.086234021931886673e-02 2.794796466827392578e+03
2.588339000000000000e+07 9.999367613048257830e-01 -9.213975868850948769e-03 -6.447948503530927244e-03 7.390954355695423805e-01 9.199069381574779408e-03 9.999549551937287895e-01 -2.337671067692855160e-03 1.038245942543768521e-02 6.469197301746771982e-03 2.278208110771985217e-03 9.999764793504269944e-01 1.428087096922914072e-02 9.999386072158813477e-01 -9.518623352050781250e-03 -5.682172253727912903e-03 7.463001608848571777e-01 9.512562304735183716e-03 9.999541640281677246e-01 -1.094189123250544071e-03 4.160524345934391022e-03 5.692326463758945465e-03 1.040074508637189865e-03 9.999831914901733398e-01 1.136224437505006790e-02 3.018580675125122070e+03
2.598739000000000000e+07 9.999495481608268177e-01 -8.195607652016149991e-03 -5.808024463836431242e-03 7.639149789230998966e-01 8.184813862301772505e-03 9.999647370290966064e-01 -1.879766041074982337e-03 9.100755773659062464e-03 5.823225480588990928e-03 1.832133604276798633e-03 9.999813664921252121e-01 7.749814518796568907e-03 9.999397993087768555e-01 -8.099986240267753601e-03 -7.388076744973659515e-03 7.463611364364624023e-01 8.082618936896324158e-03 9.999644756317138672e-01 -2.381480298936367035e-03 -1.118906890042126179e-03 7.407109253108501434e-03 2.321626991033554077e-03 9.999699592590332031e-01 7.402901537716388702e-03 2.779164314270019531e+03
2.609127000000000000e+07 9.999679279711461977e-01 -7.739740788971291238e-03 -2.058990435155286930e-03 7.540905853728158137e-01 7.741197343508505503e-03 9.999697912056941806e-01 7.003854148632382556e-04 1.158122411827539749e-02 2.053507433973335988e-03 -7.163020033689374401e-04 9.999976350065327146e-01 7.841449165236826294e-03 9.999664425849914551e-01 -7.903326302766799927e-03 -2.146553248167037964e-03 7.525261640548706055e-01 7.903821766376495361e-03 9.999687671661376953e-01 2.612497191876173019e-04 3.483824431896209717e-03 2.144418423995375633e-03 -2.782175433821976185e-04 9.999976754188537598e-01 4.968208260834217072e-03 2.812011957168579102e+03
2.619527000000000000e+07 9.999676659491182340e-01 -8.037137693793787799e-03 -2.673461495862063347e-04 7.427703141363197759e-01 8.038280275087102481e-03 9.999571604694069693e-01 4.589474499296432829e-03 1.982476037802389027e-02 2.304484581096514909e-04 -4.591475106275291762e-03 9.999894325690930064e-01 3.531314444149579769e-03 9.999664425849914551e-01 -8.201529271900653839e-03 -3.021772427018731833e-04 7.555964589118957520e-01 8.203069679439067841e-03 9.999512434005737305e-01 5.495348013937473297e-03 1.193442195653915405e-02 2.570919459685683250e-04 -5.497638136148452759e-03 9.999848604202270508e-01 9.688300080597400665e-03 2.891743183135986328e+03
2.629929000000000000e+07 9.999621189723122416e-01 -8.470495670894759646e-03 2.002828872505042507e-03 7.742981111556775931e-01 8.469647624387403179e-03 9.999640387798838237e-01 4.315276837037164350e-04 1.261162176322183984e-02 -2.006412101711786515e-03 -4.145480821895151653e-04 9.999979012279804902e-01 1.060267074773283552e-02 9.999606609344482422e-01 -8.492235094308853149e-03 2.554137259721755981e-03 7.520803213119506836e-01 8.491450920701026917e-03 9.999638199806213379e-01 3.248627181164920330e-04 1.219653058797121048e-02 -2.556803636252880096e-03 -3.031547239515930414e-04 9.999966621398925781e-01 -1.566378981806337833e-03 3.006609439849853516e+03
2.640314000000000000e+07 9.999432349751452564e-01 -8.425045781303385634e-03 6.522685875031115563e-03 7.469838148214079654e-01 8.438365539155572373e-03 9.999623616455017849e-01 -2.017245492807286707e-03 7.755168476814784488e-03 -6.505444986238841446e-03 2.072171791527349129e-03 9.999766923731759904e-01 2.908364225959166830e-03 9.999479055404663086e-01 -8.704137057065963745e-03 5.322126206010580063e-03 7.608755230903625488e-01 8.715935051441192627e-03 9.999596476554870605e-01 -2.201617695391178131e-03 5.176438484340906143e-03 -5.302749574184417725e-03 2.247891854494810104e-03 9.999833703041076660e-01 -7.362501695752143860e-03 2.755097866058349609e+03
2.650702000000000000e+07 9.999398246017499048e-01 -7.472803261218761983e-03 8.031462310226389345e-03 7.823707768059037226e-01 7.481522636187894031e-03 9.999714552689237257e-01 -1.056156425419456325e-03 7.290384590580107835e-03 -8.023340605114365198e-03 1.116180437861590989e-03 9.999671895351188722e-01 1.240708179214648939e-02 9.999441504478454590e-01 -7.631949149072170258e-03 7.303895428776741028e-03 7.649885416030883789e-01 7.649696897715330124e-03 9.999678134918212891e-01 -2.394784940406680107e-03 4.802905023097991943e-03 -7.285384926944971085e-03 2.450512954965233803e-03 9.999704957008361816e-01 7.631108746863901615e-04 3.633970499038696289e+03
2.661102000000000000e+07 9.999548485952417520e-01 -6.487331409014284941e-03 6.943723932931242411e-03 7.664361590801931357e-01 6.449229192146769749e-03 9.999641017958191824e-01 5.495685808685274280e-03 2.164535913331306141e-02 -6.979127000872480807e-03 -5.450656003660433839e-03 9.999607902990174102e-01 1.220271294731809474e-02 9.999465346336364746e-01 -6.590659730136394501e-03 7.970697246491909027e-03 7.657395005226135254e-01 6.528003141283988953e-03 9.999478459358215332e-01 7.856220938265323639e-03 2.044453099370002747e-02 -8.022060617804527283e-03 -7.803762797266244888e-03 9.999373555183410645e-01 1.215979084372520447e-02 3.404055356979370117e+03
2.671489000000000000e+07 9.999802053201346519e-01 -5.850263805672079043e-03 -2.315897516146425868e-03 7.557478768785379497e-01 5.870504153713314993e-03 9.999437683042043945e-01 8.831614267432400661e-03 2.474570290198861364e-02 2.264100016007387483e-03 -8.845034934443394073e-03 9.999583187353990876e-01 1.316062487933909557e-02 9.999815821647644043e-01 -5.906876642256975174e-03 -1.353903324343264103e-03 7.579950690269470215e-01 5.919288378208875656e-03 9.999392032623291016e-01 9.301752783358097076e-03 2.844124846160411835e-02 1.298872870393097401e-03 -9.309606626629829407e-03 9.999558329582214355e-01 6.670659407973289490e-03 3.792335510253906250e+03
2.681889000000000000e+07 9.999467256831987561e-01 -5.886182118752233960e-03 -8.479307490271372275e-03 7.626918863655164360e-01 5.896347283214581694e-03 9.999819268670349093e-01 1.174320232250746377e-03 1.264563222830846455e-02 8.472241979866883960e-03 -1.224254612826470049e-03 9.999633604870118431e-01 5.956231108777584361e-03 9.999399781227111816e-01 -6.046009715646505356e-03 -9.137845598161220551e-03 7.519054412841796875e-01 6.045404355973005295e-03 9.999817609786987305e-01 -8.126939792418852448e-05 1.396545860916376114e-02 9.138171561062335968e-03 2.603710527182556689e-05 9.999582171440124512e-01 2.163438359275460243e-03 3.242526769638061523e+03
2.692289000000000000e+07 9.999624437028978852e-01 -4.942331759531833589e-03 -7.119307586254602221e-03 7.620487728794522742e-01 4.914143528328259770e-03 9.999800391002560129e-01 -3.971472577440415125e-03 3.248410576991572329e-03 7.138793813521220055e-03 3.936338124335192479e-03 9.999667708804422794e-01 1.558275893237968425e-02 9.999541044235229492e-01 -5.435661878436803818e-03 -7.884480990469455719e-03 7.546966075897216797e-01 5.393345374614000320e-03 9.999709725379943848e-01 -5.379482172429561615e-03 1.933559542521834373e-03 7.913498207926750183e-03 5.336700938642024994e-03 9.999545216560363770e-01 -3.097430337220430374e-03 3.506221055984497070e+03
2.702689000000000000e+07 9.999905849222034959e-01 -4.289714359995542084e-03 -6.545362167145182342e-04 7.692272502069960050e-01 4.290242950013752228e-03 9.999904701684995123e-01 8.083239530453949955e-04 8.891824566610440420e-03 6.510625002257548017e-04 -8.111244620017804552e-04 9.999994590972177688e-01 3.298863429162621208e-03 9.999893903732299805e-01 -4.250541329383850098e-03 -1.781006925739347935e-03 7.630621194839477539e-01 4.251963924616575241e-03 9.999907016754150391e-01 7.551382295787334442e-04 7.183881010860204697e-03 1.777778961695730686e-03 -7.626966689713299274e-04 9.999980926513671875e-01 5.632840911857783794e-04 3.115198135375976562e+03
2.713089000000000000e+07 9.999779487762248120e-01 -4.995563753002684251e-03 4.375648989999137567e-03 7.767917734423974707e-01 4.980631575693152992e-03 9.999817590980113469e-01 3.416837771110725012e-03 1.644460235217454214e-02 -4.392638205134025142e-03 -3.394968930132690431e-03 9.999845893390368889e-01 -1.162795885612553882e-03 9.999734759330749512e-01 -4.838772583752870560e-03 5.447668023407459259e-03 7.745859026908874512e-01 4.812500439584255219e-03 9.999768137931823730e-01 4.815201740711927414e-03 1.473717950284481049e-02 -5.470843520015478134e-03 -4.788861144334077835e-03 9.999735951423645020e-01 4.245889373123645782e-03 3.399044513702392578e+03
2.723477000000000000e+07 9.999736498292375320e-01 -5.733958902985953308e-03 4.452118876708092109e-03 7.720105240563190918e-01 5.734267056634170800e-03 9.999835573620022844e-01 -5.645315176281136640e-05 1.038245789758048682e-02 -4.451721972076928130e-03 8.198130281954867907e-05 9.999900876761476098e-01 1.161989021797787784e-02 9.999729394912719727e-01 -5.857593845576047897e-03 4.446276929229497910e-03 7.746017575263977051e-01 5.852955859154462814e-03 9.999822974205017090e-01 1.067695906385779381e-03 6.132934708148241043e-03 -4.452453926205635071e-03 -1.041646813973784447e-03 9.999895691871643066e-01 1.162546593695878983e-02 3.083818912506103516e+03
2.733864000000000000e+07 9.999827815694208866e-01 -5.665008372412905224e-03 -1.531092689651200036e-03 7.727289312135713351e-01 5.660786347516985791e-03 9.999802019873986758e-01 -2.747932162409815870e-03 5.973527972240515703e-03 1.546629435765710728e-03 2.739217658736280755e-03 9.999950522997632651e-01 1.987028170934227941e-02 9.999824166297912598e-01 -5.894669797271490097e-03 -7.648424943909049034e-04 7.724143862724304199e-01 5.892168264836072922e-03 9.999773502349853516e-01 -3.243063110858201981e-03 1.877907547168433666e-03 7.839471218176186085e-04 3.238501492887735367e-03 9.999943971633911133e-01 1.156829297542572021e-02 3.042752504348754883e+03
2.744266000000000000e+07 9.999688193304531181e-01 -4.967868054730304773e-03 -6.138456960051866598e-03 7.629355012279123160e-01 4.978693841066601095e-03 9.999860756918080851e-01 1.749579988033753359e-03 1.224592784839145278e-02 6.129679803753583511e-03 -1.780086932818963083e-03 9.999796289505176183e-01 1.087269993404882742e-02 9.999647140502929688e-01 -4.903557710349559784e-03 -6.815042812377214432e-03 7.638682126998901367e-01 4.908605944365262985e-03 9.999876618385314941e-01 7.246137829497456551e-04 7.794188801199197769e-03 6.811407394707202911e-03 -7.580352830700576305e-04 9.999765753746032715e-01 9.860512800514698029e-03 3.370027065277099609e+03
2.754652000000000000e+07 9.999645353047148522e-01 -5.108627381963450585e-03 -6.695525304094268777e-03 7.717032977078477352e-01 5.114174472383254018e-03 9.999865931580349532e-01 8.116179229660363268e-04 1.246995684298324129e-02 6.691289284699686139e-03 -8.458312237731054192e-04 9.999772553499650662e-01 7.911511572683443613e-03 9.999581575393676758e-01 -5.070307757705450058e-03 -7.618846837431192398e-03 7.648130655288696289e-01 5.071626976132392883e-03 9.999871850013732910e-01 1.504001556895673275e-04 8.854333311319351196e-03 7.617984898388385773e-03 -1.890308340080082417e-04 9.999709129333496094e-01 1.674037543125450611e-03 3.394570112228393555e+03
2.765052000000000000e+07 9.999856478221539335e-01 -5.133324363898752150e-03 -1.533991747786078025e-03 7.708955681118988545e-01 5.136920181313880257e-03 9.999840460149038712e-01 2.349418377706949303e-03 1.382790413233822915e-02 1.521906947905321680e-03 -2.357264651603728847e-03 9.999960635435543033e-01 4.159263691880941277e-03 9.999836683273315430e-01 -5.300062242895364761e-03 -2.108260290697216988e-03 7.680404782295227051e-01 5.302924197167158127e-03 9.999849200248718262e-01 1.392880803905427456e-03 1.074270438402891159e-02 2.100843703374266624e-03 -1.404053531587123871e-03 9.999969005584716797e-01 3.252021968364715576e-03 3.229611635208129883e+03
2.775439000000000000e+07 9.999831814891442239e-01 -4.484197429770147951e-03 3.678139782564722633e-03 7.741111232723608682e-01 4.485062248871422332e-03 9.999899163135470559e-01 -2.269093409618638780e-04 1.132794006885893233e-02 -3.677085187072892843e-03 2.434022105695027912e-04 9.999932098768925526e-01 5.206663700779166730e-03 9.999785423278808594e-01 -4.499325994402170181e-03 4.773619119077920914e-03 7.767269611358642578e-01 4.490785300731658936e-03 9.999883174896240234e-01 1.811734400689601898e-03 1.159560587257146835e-02 -4.781714174896478653e-03 -1.790244714356958866e-03 9.999868869781494141e-01 6.529836449772119522e-03 3.127388954162597656e+03
2.785841000000000000e+07 9.999852004057578903e-01 -4.909027180231548271e-03 2.345297763556163269e-03 7.821991460863521040e-01 4.906875497686020646e-03 9.999875358714470641e-01 9.223202271618794953e-04 1.166062176598339079e-02 -2.349796226527358419e-03 -9.107984930659847322e-04 9.999968244468572243e-01 1.128714929795750915e-02 9.999870061874389648e-01 -4.699887707829475403e-03 1.949534518644213676e-03 7.723153233528137207e-01 4.698865581303834915e-03 9.999888539314270020e-01 5.262841004878282547e-04 9.893286973237991333e-03 -1.951984362676739693e-03 -5.171160446479916573e-04 9.999979734420776367e-01 9.505610913038253784e-03 2.908186197280883789e+03
2.796230000000000000e+07 9.999869262548726212e-01 -5.071773875905643929e-03 6.514822204344042312e-04 7.634540171319552648e-01 5.071318532507783534e-03 9.999868966908287415e-01 6.986952036367819613e-04 1.209791350451910018e-02 -6.550173079424759150e-04 -6.953821952156795903e-04 9.999995436978602603e-01 1.228283732201822936e-02 9.999865889549255371e-01 -5.138091277331113815e-03 6.887869094498455524e-04 7.684701681137084961e-01 5.137570202350616455e-03 9.999865293502807617e-01 7.065546815283596516e-04 4.735566210001707077e-03 -6.924072513356804848e-04 -7.030116394162178040e-04 9.999995231628417969e-01 8.754234760999679565e-03 3.013500928878784180e+03
2.806615000000000000e+07 9.999868289824404011e-01 -5.110680199647727427e-03 -4.720270549891615250e-04 7.725166403448837649e-01 5.110025225441465653e-03 9.999859935721137072e-01 -1.378514340849761348e-03 7.824048013229296245e-03 4.790655895229667741e-04 1.376084114255086152e-03 9.999989384437723006e-01 1.146719456343279868e-02 9.999873042106628418e-01 -5.011701956391334534e-03 -4.506047407630831003e-04 7.646093368530273438e-01 5.011160857975482941e-03 9.999865889549255371e-01 -1.296788454055786133e-03 6.214888766407966614e-03 4.571007448248565197e-04 1.294519053772091866e-03 9.999990463256835938e-01 8.949285373091697693e-03 2.790224552154541016e+03
2.817002000000000000e+07 9.999890673245075412e-01 -4.609768312365718559e-03 -7.843899336275524667e-04 7.635755925568233904e-01 4.608618205682466808e-03 9.999883118392811632e-01 -1.461787624364152592e-03 7.762385761229366118e-03 7.911192678221443033e-04 1.458156689385946714e-03 9.999986239537399513e-01 1.271030015358556343e-02 9.999883770942687988e-01 -4.675502423197031021e-03 -1.185485161840915680e-03 7.617589235305786133e-01 4.673181567341089249e-03 9.999871850013732910e-01 -1.914864871650934219e-03 4.612345714122056961e-03 1.194418873637914658e-03 1.909288926981389523e-03 9.999974370002746582e-01 8.231537416577339172e-03 2.643543243408203125e+03
2.827404000000000000e+07 9.999896252602257229e-01 -4.500117626287383592e-03 7.059130703197078090e-04 7.479708723836920869e-01 4.500758219871384656e-03 9.999894588281798002e-01 -9.085196588054839009e-04 7.722179488643606503e-03 -7.018171838383242085e-04 9.116873772042000590e-04 9.999993381391643066e-01 9.304525370153648306e-03 9.999885559082031250e-01 -4.733663517981767654e-03 6.992100388742983341e-04 7.603905797004699707e-01 4.734187852591276169e-03 9.999886155128479004e-01 -6.261268863454461098e-04 7.706902921199798584e-03 -6.962348707020282745e-04 6.294331396929919720e-04 9.999995827674865723e-01 7.425629533827304840e-03 2.578200578689575195e+03
2.837789000000000000e+07 9.999880394351678969e-01 -4.872118122650172072e-03 4.283125122684056747e-04 7.690377309824586449e-01 4.871617161080671332e-03 9.999874573315497006e-01 1.162981434961390687e-03 1.254399064973367797e-02 -4.339733230121522230e-04 -1.160880950461466894e-03 9.999992320109920563e-01 1.108010765820617062e-02 9.999890923500061035e-01 -4.664329811930656433e-03 -1.806222462619189173e-05 7.592167258262634277e-01 4.664269275963306427e-03 9.999886751174926758e-01 9.497067658230662346e-04 1.231433264911174774e-02 1.362855346087599173e-05 -9.497798746451735497e-04 9.999995827674865723e-01 8.142000064253807068e-03 2.586596488952636719e+03
2.848189000000000000e+07 9.999895503814513198e-01 -4.571017930417760333e-03 7.016397037048714149e-05 7.394052321401957117e-01 4.571017475232880961e-03 9.999895528229613140e-01 6.646435568134343522e-06 9.508716995471446984e-03 -7.019361833122223990e-05 -6.325645380722729086e-06 9.999999975164211019e-01 1.009984238665331303e-02 9.999879002571105957e-01 -4.875739105045795441e-03 6.666760309599339962e-04 7.540079355239868164e-01 4.875183571130037308e-03 9.999877214431762695e-01 8.942158892750740051e-04 1.023733895272016525e-02 -6.710269371978938580e-04 -8.909551543183624744e-04 9.999994039535522461e-01 7.673388347029685974e-03 2.544617414474487305e+03
2.858577000000000000e+07 9.999799434143991084e-01 -5.109937281794321544e-03 -3.741832426940600552e-03 7.571886502044917755e-01 5.107146745970368718e-03 9.999866734678313218e-01 -7.549429487905373300e-04 9.304525389289516543e-03 3.745640272410045643e-03 7.358177199094450378e-04 9.999927143490759951e-01 1.473430225727089676e-02 9.999776482582092285e-01 -5.028982181102037430e-03 -4.402579739689826965e-03 7.437081933021545410e-01 5.023737903684377670e-03 9.999867081642150879e-01 -1.184268854558467865e-03 8.579802699387073517e-03 4.408475011587142944e-03 1.162130967713892460e-03 9.999895691871643066e-01 1.033110916614532471e-02 2.566428661346435547e+03
2.868966000000000000e+07 9.999786009269645559e-01 -4.543803183981857431e-03 -4.706542337635684359e-03 7.387287219522737924e-01 4.539013816832279495e-03 9.999891704521898239e-01 -1.027780089270979554e-03 6.985920346964768178e-03 4.711161398352480510e-03 1.006395035029750357e-03 9.999883959963296043e-01 9.671833889687682373e-03 9.999784231185913086e-01 -4.779850132763385773e-03 -4.504295997321605682e-03 7.398799657821655273e-01 4.774644970893859863e-03 9.999879002571105957e-01 -1.164885703474283218e-03 9.815568104386329651e-03 4.509809426963329315e-03 1.143349683843553066e-03 9.999892115592956543e-01 8.113951422274112701e-03 2.509341955184936523e+03
2.879367000000000000e+07 9.999876415061634827e-01 -4.201639823201610245e-03 -2.657641386050882751e-03 7.220155349538793788e-01 4.202400236416491651e-03 9.999911305075444012e-01 2.806038068525071533e-04 7.847461386193885918e-03 2.656438817991245600e-03 -2.917688118011401203e-04 9.999964290955077884e-01 9.128792337020080402e-03 9.999849796295166016e-01 -4.364887718111276627e-03 -3.310277592390775681e-03 7.343516945838928223e-01 4.363553132861852646e-03 9.999904036521911621e-01 -4.051297728437930346e-04 8.684537373483181000e-03 3.312017535790801048e-03 3.906801575794816017e-04 9.999943971633911133e-01 3.350821556523442268e-03 2.565987825393676758e+03
2.889752000000000000e+07 9.999859576947515150e-01 -4.178296899270388803e-03 3.259792682370470963e-03 7.515012723819922691e-01 4.176997881385100322e-03 9.999911942106454177e-01 4.052034871264547635e-04 8.734397155282765460e-03 -3.261457037796604546e-03 -3.915816500073846722e-04 9.999946047663467175e-01 2.855273924380800823e-03 9.999865889549255371e-01 -4.071139264851808548e-03 3.206084482371807098e-03 7.424886822700500488e-01 4.071422386914491653e-03 9.999917149543762207e-01 -4.958766294294036925e-05 1.173484139144420624e-02 -3.205855144187808037e-03 6.265132833505049348e-05 9.999948143959045410e-01 5.080699338577687740e-04 2.435513734817504883e+03
2.900152000000000000e+07 9.999559008992466858e-01 -3.742157639306477410e-03 8.613507588581969035e-03 7.343716549249810210e-01 3.751947430440681196e-03 9.999923334491566118e-01 -1.120684340146131793e-03 6.784144674255857509e-03 -8.609247775223370300e-03 1.152952346638564480e-03 9.999622750652303882e-01 8.718818202332855039e-03 9.999550580978393555e-01 -3.791264723986387253e-03 8.688366971909999847e-03 7.374253273010253906e-01 3.792215138673782349e-03 9.999927878379821777e-01 -1.010577761917375028e-04 9.294787421822547913e-03 -8.687929250299930573e-03 1.339914597338065505e-04 9.999623298645019531e-01 6.285894196480512619e-03 2.413111925125122070e+03
2.910539000000000000e+07 9.999510913427760439e-01 -3.106233729080321200e-03 9.389687663153518937e-03 7.136503712868115246e-01 3.140541249808213777e-03 9.999884392256864762e-01 -3.641210737358296576e-03 3.783461746555592743e-04 -9.378268659486498765e-03 3.670521352059411511e-03 9.999492863890421246e-01 1.204240912074626239e-02 9.999492764472961426e-01 -3.275206079706549644e-03 9.527618065476417542e-03 7.300865054130554199e-01 3.301236312836408615e-03 9.999908208847045898e-01 -2.720395801588892937e-03 5.477132275700569153e-03 -9.518622420728206635e-03 2.751713385805487633e-03 9.999508857727050781e-01 1.204355061054229736e-02 2.690484046936035156e+03
2.920939000000000000e+07 9.999811120274522125e-01 -3.592807016492799693e-03 4.986714958975478618e-03 7.297826254068968677e-01 3.612397521290471123e-03 9.999857719562058600e-01 -3.925107552578823572e-03 3.066234811342152464e-03 -4.972541853821258948e-03 3.943047412012308690e-03 9.999798628995578698e-01 1.822549928290544130e-02 9.999801516532897949e-01 -3.272501984611153603e-03 5.379260051995515823e-03 7.120816111564636230e-01 3.290394088253378868e-03 9.999890923500061035e-01 -3.312850603833794594e-03 2.273229882121086121e-03 -5.368359386920928955e-03 3.330485429614782333e-03 9.999800324440002441e-01 1.393351238220930099e-02 2.376319646835327148e+03
2.931327000000000000e+07 9.999951367133527169e-01 -3.115709241309572511e-03 -1.374975147894268136e-04 6.798646023736493182e-01 3.115254976040319340e-03 9.999900632395902766e-01 -3.188825569789924177e-03 3.546127975732323652e-04 1.474316018062841462e-04 3.188381721799969301e-03 9.999949062299862135e-01 1.540805282919656231e-02 9.999942779541015625e-01 -3.349622711539268494e-03 -5.396588239818811417e-04 6.954090595245361328e-01 3.347544698044657707e-03 9.999873638153076172e-01 -3.748573362827301025e-03 4.272488295100629330e-04 5.522115970961749554e-04 3.746740752831101418e-03 9.999928474426269531e-01 1.086654141545295715e-02 2.472024440765380859e+03
2.941727000000000000e+07 9.999874046881516154e-01 -3.667004805316540200e-03 -3.426885001343809353e-03 6.896383195860933402e-01 3.666469650539400452e-03 9.999932652852487891e-01 -1.624329016577873933e-04 9.162907270784224553e-03 3.427457564481761754e-03 1.498662859114208590e-04 9.999941150200534201e-01 1.389246821844431108e-02 9.999865293502807617e-01 -3.472982440143823624e-03 -3.840348683297634125e-03 6.751258373260498047e-01 3.472822951152920723e-03 9.999939799308776855e-01 -5.178018182050436735e-05 5.293170455843210220e-03 3.840500488877296448e-03 3.844902676064521074e-05 9.999926090240478516e-01 1.141318771988153458e-02 2.444376468658447266e+03
2.952114000000000000e+07 9.999904654598603670e-01 -3.148873450686537085e-03 -3.025489276682084491e-03 6.641090304068330008e-01 3.148519414385120199e-03 9.999950359860144689e-01 -1.217736705086272595e-04 6.383754409841691999e-03 3.025857707989058724e-03 1.122466977270303090e-04 9.999954157823973677e-01 1.053770383522548322e-02 9.999908804893493652e-01 -3.194296034052968025e-03 -2.824997063726186752e-03 6.607633233070373535e-01 3.192960284650325775e-03 9.999948740005493164e-01 -4.751694796141237020e-04 6.771620362997055054e-03 2.826506737619638443e-03 4.661456914618611336e-04 9.999958276748657227e-01 8.618819527328014374e-03 2.652232170104980469e+03
2.962502000000000000e+07 9.999958563755151353e-01 -2.566676782401862856e-03 -1.303611174627467961e-03 6.301598305979416725e-01 2.565129321063223077e-03 9.999960051532004179e-01 -1.187345445403289361e-03 2.167655233799893177e-03 1.306653498887946213e-03 1.183996594242327314e-03 9.999984454031409786e-01 8.633553816315449672e-03 9.999948740005493164e-01 -2.998039126396179199e-03 -1.156889018602669239e-03 6.467063426971435547e-01 2.996856113895773888e-03 9.999949932098388672e-01 -9.802094427868723869e-04 7.192812860012054443e-03 1.159816863946616650e-03 9.767379378899931908e-04 9.999988675117492676e-01 5.884594749659299850e-03 2.721258640289306641e+03
2.972904000000000000e+07 9.999952002725486233e-01 -3.062648017221804558e-03 -4.686352398580541151e-04 6.451430832848474850e-01 3.061966673693355175e-03 9.999942641532181264e-01 -1.447764052871869682e-03 8.213973424187281935e-03 4.730665435440547769e-04 1.446322158512438087e-03 9.999988421794592242e-01 1.134580843351903033e-02 9.999963045120239258e-01 -2.591003431007266045e-03 -8.605323964729905128e-04 6.268861293792724609e-01 2.589407842606306076e-03 9.999947547912597656e-01 -1.948538585565984249e-03 9.025807376019656658e-04 8.655806886963546276e-04 1.946297008544206619e-03 9.999977350234985352e-01 6.407572422176599503e-03 2.401979684829711914e+03
2.983290000000000000e+07 9.999966147048822140e-01 -2.357079381777724657e-03 1.102159499889398663e-03 5.960411327282167937e-01 2.357537479705892891e-03 9.999971350900067613e-01 -4.145223884291483968e-04 5.048401622583103231e-03 -1.101179280126581960e-03 4.171193674781338350e-04 9.999993067075727549e-01 1.140725685388161229e-02 9.999959468841552734e-01 -2.541279653087258339e-03 1.248565735295414925e-03 6.099299192428588867e-01 2.541346475481987000e-03 9.999967217445373535e-01 -3.974952051066793501e-05 2.557927742600440979e-03 -1.248462474904954433e-03 4.291774530429393053e-05 9.999992251396179199e-01 9.410644881427288055e-03 2.335253477096557617e+03
2.993677000000000000e+07 9.999954383309456185e-01 -2.649531551898932479e-03 1.450275786017257793e-03 5.983988118914823628e-01 2.651461311947191091e-03 9.999955999984456723e-01 -1.330314496587753749e-03 6.378346290327262247e-03 -1.446744694568887456e-03 1.334153778271560510e-03 9.999980634798671941e-01 1.052709190273298963e-02 9.999957680702209473e-01 -2.377411816269159317e-03 1.717222388833761215e-03 5.891885757446289062e-01 2.378872130066156387e-03 9.999967813491821289e-01 -8.657678845338523388e-04 3.183959517627954483e-03 -1.715164864435791969e-03 8.698503370396792889e-04 9.999981522560119629e-01 9.674717672169208527e-03 2.364402532577514648e+03
3.004077000000000000e+07 9.999960786357785514e-01 -2.728441688503922564e-03 6.311252001475386921e-04 5.627132636895799678e-01 2.729358903540338339e-03 9.999952138140789648e-01 -1.457034285819402931e-03 4.369622522171125005e-03 -6.271467463779822893e-04 1.458751139441556710e-03 9.999987393652413070e-01 1.100658526153950982e-02 9.999964833259582520e-01 -2.615725388750433922e-03 4.203085263725370169e-04 5.627890229225158691e-01 2.616511192172765732e-03 9.999949932098388672e-01 -1.820595352910459042e-03 -1.847642124630510807e-04 -4.155370988883078098e-04 1.821700017899274826e-03 9.999982118606567383e-01 7.039791904389858246e-03 2.309363842010498047e+03
3.014465000000000000e+07 9.999970942376055216e-01 -2.377349920583009084e-03 3.996544763438566040e-04 5.260188933801956956e-01 2.378216122258271486e-03 9.999947935280849576e-01 -2.181055890718646730e-03 7.909851210704223678e-04 -3.944672625054627501e-04 2.182000017807433391e-03 9.999975416327286926e-01 1.407046231995613683e-02 9.999966025352478027e-01 -2.605075715109705925e-03 3.714980630320496857e-05 5.392533540725708008e-01 2.605191199108958244e-03 9.999936223030090332e-01 -2.408978994935750961e-03 -1.213474664837121964e-03 -3.087806908297352493e-05 2.409060252830386162e-03 9.999970793724060059e-01 7.781973108649253845e-03 2.454411029815673828e+03
3.024852000000000000e+07 9.999962655044135618e-01 -2.529374112857783047e-03 -1.035009093469026285e-03 5.254890624432944080e-01 2.528519765027375122e-03 9.999964622097561318e-01 -8.259272180749472692e-04 6.264347839459441167e-03 1.037094510748456672e-03 8.233070927035772467e-04 9.999991232998191037e-01 1.003144162924735419e-02 9.999973177909851074e-01 -2.159311901777982712e-03 -8.065082365646958351e-04 5.142484307289123535e-01 2.158759627491235733e-03 9.999974370002746582e-01 -7.057610200718045235e-04 1.986401388421654701e-03 8.080289117060601711e-04 7.040229393169283867e-04 9.999994635581970215e-01 7.384112570434808731e-03 2.358173608779907227e+03
3.035240000000000000e+07 9.999928159311518572e-01 -2.089577799297423835e-03 -3.162554458993998337e-03 4.772339550397932673e-01 2.095367061949598118e-03 9.999961332601383646e-01 1.828360371238863229e-03 6.848069833873151983e-03 3.158721728977752045e-03 -1.834973948617074808e-03 9.999933276515632352e-01 1.223528788219512692e-02 9.999927878379821777e-01 -2.195858163759112358e-03 -3.095872700214385986e-03 4.932480752468109131e-01 2.202932722866535187e-03 9.999948740005493164e-01 2.322130836546421051e-03 8.425143547356128693e-03 3.090761369094252586e-03 -2.328928792849183083e-03 9.999924302101135254e-01 1.258112676441669464e-02 2.447273015975952148e+03
3.045627000000000000e+07 9.999866781691399975e-01 -3.066283831283588349e-03 -4.152275004713060214e-03 4.815703076957091877e-01 3.066388275082566721e-03 9.999952984439388626e-01 1.878733905395575025e-05 8.510978404665974981e-03 4.152197875245370803e-03 -3.151957616157310331e-05 9.999913790925005763e-01 7.012185293799314510e-03 9.999867081642150879e-01 -2.806825330480933189e-03 -4.328063689172267914e-03 4.706611633300781250e-01 2.806583419442176819e-03 9.999960660934448242e-01 -9.205669630318880081e-05 5.878852214664220810e-03 4.328305367380380630e-03 7.989328150870278478e-05 9.999906420707702637e-01 1.020990591496229172e-02 2.508723974227905273e+03
3.056027000000000000e+07 9.999883270818578085e-01 -4.267678779352804090e-03 -2.265528164407138237e-03 4.536562511072406156e-01 4.261399247994555363e-03 9.999870853604273524e-01 -2.769402247196023868e-03 3.112737064806008619e-03 2.277317825129303048e-03 2.759715600174174506e-03 9.999935988761776695e-01 7.078993767277877089e-03 9.999887943267822266e-01 -4.153435584157705307e-03 -2.263444010168313980e-03 4.514139592647552490e-01 4.146678373217582703e-03 9.999870657920837402e-01 -2.947946311905980110e-03 3.058756934478878975e-03 2.275660634040832520e-03 2.938535297289490700e-03 9.999930858612060547e-01 3.519223071634769440e-03 3.072628736495971680e+03
3.066404000000000000e+07 9.999864821755624078e-01 -5.191487766682051884e-03 2.896910631438752892e-04 4.255674358666733936e-01 5.192774214927724750e-03 9.999757879294860485e-01 -4.632348298242703645e-03 -9.947706530656498080e-04 -2.656352696020897446e-04 4.633789979254662739e-03 9.999892286561549160e-01 6.539659485081861581e-03 9.999880194664001465e-01 -4.880375228822231293e-03 2.239722234662622213e-04 4.365926682949066162e-01 4.881435539573431015e-03 9.999754428863525391e-01 -5.012286361306905746e-03 2.702108817175030708e-03 -1.995074562728404999e-04 5.013318732380867004e-03 9.999873638153076172e-01 7.121135713532567024e-04 2.914609432220458984e+03
3.076790000000000000e+07 9.999794130753739685e-01 -6.287321058917974027e-03 1.281803156768815790e-03 4.224383713952009067e-01 6.287754202613624228e-03 9.999801760428814745e-01 -3.341681245015418102e-04 8.610916063042244745e-03 -1.279676724071603881e-03 3.422209081934467841e-04 9.999991226557810586e-01 4.986517318379938071e-03 9.999806284904479980e-01 -6.125455722212791443e-03 1.139670494012534618e-03 4.156990349292755127e-01 6.125574931502342224e-03 9.999812841415405273e-01 -1.362321054330095649e-04 1.019003521651029587e-02 -1.138811581768095493e-03 1.432173448847606778e-04 9.999993443489074707e-01 3.459701780229806900e-03 2.926834344863891602e+03
3.087179000000000000e+07 9.999770991558499800e-01 -6.481011226656388166e-03 1.948757894483982940e-03 3.918463228832319012e-01 6.474814045839777897e-03 9.999740144427373689e-01 3.169735375085535028e-03 1.310103139046348703e-02 -1.969250345475583551e-03 -3.157044940482567601e-03 9.999930775362000368e-01 7.597367779139858369e-03 9.999759793281555176e-01 -6.622144952416419983e-03 2.068068832159042358e-03 3.981679677963256836e-01 6.615677382797002792e-03 9.999731183052062988e-01 3.160297637805342674e-03 1.685425452888011932e-02 -2.088947221636772156e-03 -3.146551083773374557e-03 9.999929070472717285e-01 6.065179128199815750e-03 3.814623832702636719e+03
3.097565000000000000e+07 9.999696957049936108e-01 -6.615199909288200716e-03 4.104485573439497006e-03 3.648835807658233343e-01 6.597496444592191624e-03 9.999689400095980174e-01 4.311850733111316329e-03 1.456006322435891322e-02 -4.132881842735523434e-03 -4.284640736537029433e-03 9.999822804137245003e-01 6.693142080961329669e-03 9.999716877937316895e-01 -6.463925354182720184e-03 3.830077126622200012e-03 3.797896504402160645e-01 6.447262596338987350e-03 9.999697804450988770e-01 4.339056089520454407e-03 1.840708963572978973e-02 -3.858001204207539558e-03 -4.314238205552101135e-03 9.999832510948181152e-01 8.333989419043064117e-03 3.179502487182617188e+03
3.107954000000000000e+07 9.999528263264981787e-01 -6.881660050828529267e-03 6.854770353055851528e-03 3.592914524589929104e-01 6.867894980689006820e-03 9.999743560012873678e-01 2.029620246475555018e-03 1.182108982008449327e-02 -6.868561725902265838e-03 -1.982446658931187079e-03 9.999744460560290316e-01 6.811329730305109437e-03 9.999525547027587891e-01 -6.786412559449672699e-03 6.994837429374456406e-03 3.626241385936737061e-01 6.770878564566373825e-03 9.999746680259704590e-01 2.230560639873147011e-03 1.537691615521907806e-02 -7.009810302406549454e-03 -2.183084841817617416e-03 9.999730587005615234e-01 7.952283136546611786e-03 3.123416185379028320e+03
3.118327000000000000e+07 9.999593754388338418e-01 -8.128591709797797910e-03 3.895313696314542991e-03 3.335196815843468054e-01 8.131538237818525944e-03 9.999666638066324609e-01 -7.411891257913530906e-04 6.991880712502459606e-03 -3.889159017600635898e-03 7.728339075782566939e-04 9.999921385540423424e-01 1.044225238291548313e-02 9.999582767486572266e-01 -8.085398934781551361e-03 4.234407097101211548e-03 3.398701846599578857e-01 8.087259717285633087e-03 9.999671578407287598e-01 -4.190960025880485773e-04 9.712023660540580750e-03 -4.230871330946683884e-03 4.533196333795785904e-04 9.999909400939941406e-01 8.136648684740066528e-03 2.810214996337890625e+03
3.128714000000000000e+07 9.999492947875102677e-01 -1.002852429220274857e-02 9.146335231279533731e-04 3.263098360720979030e-01 1.003187553759087892e-02 9.999426996586010530e-01 -3.736157473553789431e-03 7.905638833267702656e-03 -8.771129683317940764e-04 3.745143520561725493e-03 9.999926022590623909e-01 9.000189997385983284e-03 9.999560713768005371e-01 -9.310888126492500305e-03 1.104844501242041588e-03 3.170673847198486328e-01 9.315095841884613037e-03 9.999493956565856934e-01 -3.809050656855106354e-03 5.510018207132816315e-03 -1.069326419383287430e-03 3.819176228716969490e-03 9.999921321868896484e-01 7.023880723863840103e-03 2.819999694824218750e+03
3.139090000000000000e+07 9.999325447303974990e-01 -1.159216982509186228e-02 7.263523509624893095e-04 2.967014321660097487e-01 1.159448614014144292e-02 9.999274338125530015e-01 -3.270321113977572251e-03 4.897845131474717895e-03 -6.883895246058252234e-04 3.278522195851236130e-03 9.999943886902934453e-01 1.029874711859576387e-02 9.999331235885620117e-01 -1.154760736972093582e-02 6.095515564084053040e-04 3.018086254596710205e-01 1.154974848031997681e-02 9.999269843101501465e-01 -3.543983446434140205e-03 5.324564408510923386e-03 -5.685795331373810768e-04 3.550788853317499161e-03 9.999935626983642578e-01 7.896712981164455414e-03 2.699770689010620117e+03
3.149466000000000000e+07 9.998961853419174872e-01 -1.437937583786985836e-02 9.230867756030833229e-04 2.743500290587166934e-01 1.438167458371798248e-02 9.998933676698502637e-01 -2.533915155184388208e-03 9.479884823076517586e-03 -8.865522263515997680e-04 2.546927631268199651e-03 9.999963635857838096e-01 9.038718828274021691e-03 9.998981952667236328e-01 -1.422896515578031540e-02 1.052049337886273861e-03 2.843977808952331543e-01 1.423155795782804489e-02 9.998953342437744141e-01 -2.575741149485111237e-03 9.204260073602199554e-03 -1.015298534184694290e-03 2.590451622381806374e-03 9.999961256980895996e-01 7.735660299658775330e-03 2.512397289276123047e+03
3.159839000000000000e+07 9.998659268514574761e-01 -1.635437023382031382e-02 8.141840892057076225e-04 2.676074982901698318e-01 1.635435126346372961e-02 9.998662582053640113e-01 2.995255981708602592e-05 1.285729731127911030e-02 -8.145650540171523553e-04 -1.663309139509101058e-05 9.999996681035014934e-01 8.562718808196484108e-03 9.998638629913330078e-01 -1.648360118269920349e-02 8.392524323426187038e-04 2.693833410739898682e-01 1.648367568850517273e-02 9.998641610145568848e-01 2.382059278716042172e-07 1.642150618135929108e-02 -8.391370065510272980e-04 1.359433736070059240e-05 9.999997019767761230e-01 8.788632228970527649e-03 2.407496452331542969e+03
3.170215000000000000e+07 9.998171559979571743e-01 -1.911595344132820812e-02 -4.846608974461100324e-04 2.440726275099736053e-01 1.911703362729096425e-02 9.998145337502302166e-01 2.331764804309843613e-03 2.345018293479892921e-02 4.399971017717359723e-04 -2.340603733775511400e-03 9.999971639843343585e-01 7.705544398147269429e-03 9.998213648796081543e-01 -1.889787986874580383e-02 -3.971816622652113438e-04 2.521688044071197510e-01 1.889873296022415161e-02 9.998186826705932617e-01 2.316635567694902420e-03 2.244474552571773529e-02 3.533335111569613218e-04 -2.323735505342483521e-03 9.999971985816955566e-01 7.970497943460941315e-03 2.545228719711303711e+03
3.180577000000000000e+07 9.997747402093873914e-01 -2.108269463892437773e-02 -2.447207799480081818e-03 2.336531012435916488e-01 2.108417935198264939e-02 9.997775342982995195e-01 5.824890265120482528e-04 2.003063089134384661e-02 2.434382941403285313e-03 -6.339551833117108197e-04 9.999968359352543468e-01 1.163443337663543770e-02 9.997676014900207520e-01 -2.145560272037982941e-02 -2.094397321343421936e-03 2.411824911832809448e-01 2.145661972463130951e-02 9.997696280479431152e-01 4.717859847005456686e-04 1.865927688777446747e-02 2.083782572299242020e-03 -5.166099290363490582e-04 9.999977350234985352e-01 1.106493826955556870e-02 2.859117507934570312e+03
3.190952000000000000e+07 9.997340950564082007e-01 -2.241621807089991952e-02 -5.408544087119793523e-03 2.225494948447219179e-01 2.242318408033401600e-02 9.997478112065085742e-01 1.230773535130143866e-03 2.087843971432230480e-02 5.379590824952548180e-03 -1.351723046034800091e-03 9.999846163053524029e-01 4.637140967610545172e-03 9.997382760047912598e-01 -2.221343480050563812e-02 -5.478897131979465485e-03 2.258725166320800781e-01 2.222027815878391266e-02 9.997525215148925781e-01 1.183456392027437687e-03 2.016236446797847748e-02 5.451272241771221161e-03 -1.304885954596102238e-03 9.999842643737792969e-01 7.871790789067745209e-03 2.996853590011596680e+03
3.201315000000000000e+07 9.997367619886152745e-01 -2.220853384387858065e-02 -5.760881271495030265e-03 2.079558088060754761e-01 2.220996557846121808e-02 9.997533112365675212e-01 1.846632680483313105e-04 1.935792319570905223e-02 5.755359026379710738e-03 -3.125636323983809178e-04 9.999833889352628402e-01 6.012192983246769130e-03 9.997417926788330078e-01 -2.203805930912494659e-02 -5.524114239960908890e-03 2.127234339714050293e-01 2.203742973506450653e-02 9.997571110725402832e-01 -1.597856025910004973e-04 1.891412958502769470e-02 5.526287015527486801e-03 3.800838021561503410e-05 9.999846816062927246e-01 3.672138554975390434e-03 3.096549510955810547e+03
3.211690000000000000e+07 9.997584701564167231e-01 -2.150274552419890670e-02 -4.542387634572599489e-03 2.106770794546269920e-01 2.152054131333903247e-02 9.997607766968468201e-01 3.905852032312733240e-03 2.460085395060538152e-02 4.457314447292458695e-03 -4.002663293233330033e-03 9.999820553562344116e-01 -7.113022035741498614e-04 9.997499585151672363e-01 -2.185290865600109100e-02 -4.733111243695020676e-03 2.111365646123886108e-01 2.187104336917400360e-02 9.997535943984985352e-01 3.804353997111320496e-03 2.582873590290546417e-02 4.648808389902114868e-03 -3.906929399818181992e-03 9.999815821647644043e-01 3.703519178088754416e-04 3.178941965103149414e+03
3.222065000000000000e+07 9.997674519453089159e-01 -2.138393746866811690e-02 -2.787337281425411595e-03 2.065418611311299613e-01 2.140346643564336460e-02 9.997451684222270485e-01 7.175642197810665722e-03 2.456245408124098015e-02 2.633183495812681154e-03 -7.233632196124212613e-03 9.999703700159962017e-01 -3.194577229689404742e-03 9.997605681419372559e-01 -2.173017896711826324e-02 -2.592302393168210983e-03 2.129250764846801758e-01 2.174885943531990051e-02 9.997360706329345703e-01 7.395315915346145630e-03 3.442767262458801270e-02 2.430921420454978943e-03 -7.449919823557138443e-03 9.999692440032958984e-01 -9.419968118891119957e-04 3.098010540008544922e+03
3.232440000000000000e+07 9.997160628389201165e-01 -2.382313192947291269e-02 -5.020825819373615209e-04 1.915353376166411825e-01 2.382454276986232383e-02 9.997115894564962968e-01 3.021434787068492771e-03 2.994378968194107149e-02 4.299577364783897381e-04 -3.032538777400034524e-03 9.999953094114533148e-01 -7.009974108189096116e-03 9.997298717498779297e-01 -2.323513664305210114e-02 -5.261557525955140591e-04 2.104529142379760742e-01 2.323698624968528748e-02 9.997227787971496582e-01 3.797697136178612709e-03 2.774482406675815582e-02 4.377610166557133198e-04 -3.808903973549604416e-03 9.999926686286926270e-01 1.512806396931409836e-03 3.045569181442260742e+03
3.242817000000000000e+07 9.996966157377356055e-01 -2.461900853706304113e-02 7.621687282973599450e-04 2.147218674283703221e-01 2.462092963182255234e-02 9.996934175798374289e-01 -2.623103430993000296e-03 1.406548687086010135e-02 -6.973568550028501995e-04 2.641072925320730146e-03 9.999962692066505232e-01 4.272371636913410535e-03 9.996896386146545410e-01 -2.490470185875892639e-02 6.935190758667886257e-04 2.178751528263092041e-01 2.490669302642345428e-02 9.996849894523620605e-01 -3.097638720646500587e-03 1.957614161074161530e-02 -6.161459605209529400e-04 3.113958751782774925e-03 9.999949336051940918e-01 -2.396734198555350304e-03 2.691196680068969727e+03
3.253177000000000000e+07 9.996549359987353389e-01 -2.625622702580498319e-02 7.870678076171305250e-04 2.118860384757659532e-01 2.625801088189102378e-02 9.996524392084545907e-01 -2.348967669719155549e-03 1.662876499280899201e-02 -7.251192252944930030e-04 2.368823960593397730e-03 9.999969314328683856e-01 -1.727954542257803625e-04 9.996591210365295410e-01 -2.609384991228580475e-02 8.459720411337912083e-04 2.168888598680496216e-01 2.609604224562644958e-02 9.996557831764221191e-01 -2.688952488824725151e-03 1.848796755075454712e-02 -7.755241240374743938e-04 2.710112836211919785e-03 9.999960064888000488e-01 -1.379680004902184010e-03 2.512446880340576172e+03
3.263553000000000000e+07 9.995954406459006680e-01 -2.838240741704254125e-02 1.842278247368407153e-03 2.019580477462420143e-01 2.838215686767268237e-02 9.995971323114852813e-01 1.620067707096189481e-04 2.712449841838240547e-02 -1.846134195159888827e-03 -1.096533991443897154e-04 9.999982898808704723e-01 4.285922594173104117e-03 9.996055364608764648e-01 -2.802528627216815948e-02 1.849903143011033535e-03 2.101454585790634155e-01 2.802572026848793030e-02 9.996072053909301758e-01 -2.379443612881004810e-04 2.600453235208988190e-02 -1.842501573264598846e-03 2.896980440709739923e-04 9.999982714653015137e-01 -1.002478180453181267e-03 2.985143423080444336e+03
3.273927000000000000e+07 9.995704350600064236e-01 -2.921306074329447708e-02 2.354237872011418712e-03 2.122603084116635452e-01 2.920380941313126602e-02 9.995659759389777799e-01 3.872629716411398783e-03 2.759535919846379734e-02 -2.466347443271408972e-03 -3.802213456332254136e-03 9.999897300988254134e-01 -5.098984111704783426e-03 9.995566606521606445e-01 -2.966509386897087097e-02 2.531880978494882584e-03 2.154033780097961426e-01 2.965463139116764069e-02 9.995518326759338379e-01 4.089280497282743454e-03 3.298579901456832886e-02 -2.652062335982918739e-03 -4.012390505522489548e-03 9.999883770942687988e-01 -9.736196952871978283e-04 2.787036895751953125e+03
3.284290000000000000e+07 9.995284653827215537e-01 -3.057395200734535842e-02 2.842595348244555432e-03 2.030903012279588471e-01 3.056628456305758579e-02 9.995290877841974675e-01 2.702761791246824277e-03 3.657907950495795785e-02 -2.923890844663351151e-03 -2.614599767187927339e-03 9.999923073356044023e-01 2.393787727639141300e-03 9.995520114898681641e-01 -2.978844568133354187e-02 2.875227946788072586e-03 2.095212191343307495e-01 2.978109754621982574e-02 9.995532035827636719e-01 2.546080620959401131e-03 3.079919330775737762e-02 -2.949794288724660873e-03 -2.459318842738866806e-03 9.999926686286926270e-01 1.092855352908372879e-03 2.964974880218505859e+03
3.294665000000000000e+07 9.995544519513048787e-01 -2.979531191689790970e-02 1.771149937565897605e-03 2.123047311319127550e-01 2.979171720022015524e-02 9.995540821793588160e-01 2.022469985350650295e-03 2.723672876400067694e-02 -1.830620274301795938e-03 -1.968803279735981647e-03 9.999963863149990972e-01 3.876297378235137123e-03 9.995369315147399902e-01 -3.037205524742603302e-02 1.891179243102669716e-03 2.137932479381561279e-01 3.036783635616302490e-02 9.995362758636474609e-01 2.266440307721495628e-03 2.774689532816410065e-02 -1.959131797775626183e-03 -2.207951620221138000e-03 9.999956488609313965e-01 3.851463086903095245e-03 2.586733341217041016e+03
3.305040000000000000e+07 9.995464326351394257e-01 -3.009789836298209717e-02 1.022506967345280116e-03 2.064072560831501923e-01 3.009376295978866828e-02 9.995396885042682200e-01 3.844025976851448735e-03 3.151589286715136135e-02 -1.137733398789682847e-03 -3.811511369818651029e-03 9.999920889406030966e-01 7.677311003960476943e-03 9.995443820953369141e-01 -3.016225062310695648e-02 1.148169976659119129e-03 2.125367522239685059e-01 3.015802986919879913e-02 9.995390176773071289e-01 3.497659461572766304e-03 3.232723474502563477e-02 -1.253135851584374905e-03 -3.461438231170177460e-03 9.999932646751403809e-01 4.399034660309553146e-03 2.460434436798095703e+03
3.315402000000000000e+07 9.995239527597192808e-01 -3.079229934179981976e-02 1.924100005575205431e-03 2.031902357442750273e-01 3.078243731138066708e-02 9.995137988487790004e-01 4.960591099201518833e-03 3.734357667368724126e-02 -2.075912511976311242e-03 -4.899001135696136669e-03 9.999858450873767568e-01 4.357638046669217585e-03 9.995391964912414551e-01 -3.028434701263904572e-02 2.044351771473884583e-03 2.058326005935668945e-01 3.027384914457798004e-02 9.995290637016296387e-01 4.996748175472021103e-03 3.619621694087982178e-02 -2.194715896621346474e-03 -4.932560026645660400e-03 9.999853968620300293e-01 5.236481782048940659e-03 2.530122756958007812e+03
3.325777000000000000e+07 9.995293733924381918e-01 -3.062604362902217325e-02 1.754188517020783449e-03 2.054678598005222345e-01 3.062073499607589899e-02 9.995266415705054142e-01 2.977142772278197885e-03 2.744356510290063209e-02 -1.844536261532949079e-03 -2.922027107962200596e-03 9.999940297039580095e-01 6.284706741788817150e-03 9.995086193084716797e-01 -3.128351271152496338e-02 1.952922786585986614e-03 2.126749306917190552e-01 3.127695992588996887e-02 9.995053410530090332e-01 3.296772250905632973e-03 3.332459926605224609e-02 -2.055092947557568550e-03 -3.234070492908358574e-03 9.999926090240478516e-01 7.076696492731571198e-03 2.620048999786376953e+03
3.336165000000000000e+07 9.994614535413911538e-01 -3.281274529170355447e-02 -3.558529914190906298e-04 2.093552216852833381e-01 3.281265833306101082e-02 9.994614890980253463e-01 -2.475137885159523887e-04 2.501566616594949610e-02 3.637829676024697135e-04 2.357040082174579557e-04 9.999999060527821060e-01 1.210483297737226412e-02 9.994599223136901855e-01 -3.285619616508483887e-02 -5.124507588334381580e-04 2.160972654819488525e-01 3.285617753863334656e-02 9.994601607322692871e-01 -9.443056478630751371e-05 2.652741223573684692e-02 5.152766825631260872e-04 7.754063699394464493e-05 9.999998807907104492e-01 9.169036522507667542e-03 2.248595952987670898e+03
3.346527000000000000e+07 9.993604623999845504e-01 -3.557652256992251821e-02 -3.602392749415755848e-03 2.141351774186259216e-01 3.557863637244555732e-02 9.993667423206148426e-01 5.243828366893843289e-04 3.666995974975103406e-02 3.581455788718265927e-03 -6.522156958507162837e-04 9.999933738726071164e-01 9.094253155165913163e-03 9.993817806243896484e-01 -3.498058766126632690e-02 -3.548583947122097015e-03 2.180703133344650269e-01 3.498215228319168091e-02 9.993878006935119629e-01 4.016951133962720633e-04 3.209854289889335632e-02 3.532357979565858841e-03 -5.255894502624869347e-04 9.999936819076538086e-01 7.674017921090126038e-03 2.143613100051879883e+03
3.356902000000000000e+07 9.993127004660355972e-01 -3.671475503289597236e-02 -5.114044402810500982e-03 2.480576384324728878e-01 3.671748631944247304e-02 9.993255883621028346e-01 4.411837695999504933e-04 2.853946012112797831e-02 5.094397477723170559e-03 -6.286553995979277630e-04 9.999868258665849385e-01 1.703720253441795476e-03 9.993055462837219238e-01 -3.691905736923217773e-02 -5.028501152992248535e-03 2.470144182443618774e-01 3.692083805799484253e-02 9.993181824684143066e-01 2.464282442815601826e-04 3.336498141288757324e-02 5.015986040234565735e-03 -4.319055879022926092e-04 9.999872446060180664e-01 3.001148812472820282e-03 2.593079328536987305e+03
3.367279000000000000e+07 9.991482937526202646e-01 -4.114361322096406204e-02 -3.144866030735474563e-03 2.431568614735731548e-01 4.114493665774134057e-02 9.991531246759639551e-01 3.572641713111918355e-04 3.615976168859108553e-02 3.127503582414509643e-03 -4.863552008162146242e-04 9.999949910774356132e-01 1.301414206731153983e-03 9.991610050201416016e-01 -4.084931686520576477e-02 -2.943325787782669067e-03 2.534776329994201660e-01 4.084999859333038330e-02 9.991653561592102051e-01 1.693345257081091404e-04 4.131999239325523376e-02 2.933942014351487160e-03 -2.894288918469101191e-04 9.999957084655761719e-01 1.636611996218562126e-03 2.257990598678588867e+03
3.377642000000000000e+07 9.990855469691098945e-01 -4.274026249023563095e-02 -1.157497170758880296e-03 2.748074781212164197e-01 4.274011575350777220e-02 9.990862123146031504e-01 -1.512224733408522282e-04 3.454694032407919918e-02 1.162902752303369936e-03 1.016126244291746833e-04 9.999993186657994970e-01 2.289971989583295916e-04 9.990710020065307617e-01 -4.307336360216140747e-02 -1.345641096122562885e-03 2.849788665771484375e-01 4.307336360216140747e-02 9.990718364715576172e-01 -8.087320679805998225e-07 3.588322922587394714e-02 1.344422926194965839e-03 -5.715771112591028214e-05 9.999991059303283691e-01 2.296459861099720001e-04 2.258898019790649414e+03
3.388004000000000000e+07 9.989950681731656346e-01 -4.477934638700218489e-02 -1.914132400057884419e-03 2.915057004081517689e-01 4.477905439114987507e-02 9.989968959925119574e-01 -1.951541972830082980e-04 3.651917084415217535e-02 1.920951203575536805e-03 1.092450417649640205e-04 9.999981490042840759e-01 -9.297345189526993754e-04 9.989996552467346191e-01 -4.467158392071723938e-02 -2.000803360715508461e-03 2.993869781494140625e-01 4.467177018523216248e-02 9.990017414093017578e-01 2.595105797809083015e-05 3.497284278273582458e-02 1.997655257582664490e-03 -1.153049015556462109e-04 9.999979734420776367e-01 1.871092943474650383e-03 2.247091531753540039e+03
3.398365000000000000e+07 9.988518945712681063e-01 -4.781749644214652872e-02 -2.894778988713046092e-03 2.906421689670424802e-01 4.781715034803719899e-02 9.988560879970014295e-01 -1.886900101903938687e-04 4.180695057849316554e-02 2.900490300172776318e-03 5.005329203771600761e-05 9.999957923164909390e-01 -1.131505797654101288e-03 9.988561868667602539e-01 -4.771292209625244141e-02 -3.161586821079254150e-03 2.997431457042694092e-01 4.771080613136291504e-02 9.988609552383422852e-01 -7.254554075188934803e-04 4.566601663827896118e-02 3.192600561305880547e-03 5.737872561439871788e-04 9.999946951866149902e-01 -1.365551608614623547e-03 2.463662862777709961e+03
3.408740000000000000e+07 9.987772532893973709e-01 -4.938441743839110110e-02 -2.275439728420354177e-03 3.271501721522248607e-01 4.938427750212792677e-02 9.987798452550082917e-01 -1.176774163453994052e-04 4.115377157458546126e-02 2.278474770490652133e-03 5.162579683973472537e-06 9.999974042596649904e-01 -1.284705655880781679e-03 9.987721443176269531e-01 -4.948719963431358337e-02 -2.268645912408828735e-03 3.296648859977722168e-01 4.948652163147926331e-02 9.987747073173522949e-01 -3.761307743843644857e-04 3.856332972645759583e-02 2.284475602209568024e-03 2.633973781485110521e-04 9.999973773956298828e-01 -1.553542912006378174e-03 2.326739549636840820e+03
3.419102000000000000e+07 9.987427535317091598e-01 -5.012277847032248906e-02 -7.869855873653420477e-04 3.326724705261145387e-01 5.012284399035021876e-02 9.987430582724526884e-01 6.374093875005149880e-05 4.283969383289178146e-02 7.828015193891449354e-04 -1.031067564980896200e-04 9.999996882953404720e-01 -1.588900739593921340e-03 9.987437725067138672e-01 -5.010534450411796570e-02 -7.096471963450312614e-04 3.461073338985443115e-01 5.010541528463363647e-02 9.987439513206481934e-01 5.294139918987639248e-05 4.112467542290687561e-02 7.061042124405503273e-04 -8.842795068630948663e-05 9.999998211860656738e-01 -1.347259967587888241e-03 2.154052734375000000e+03
3.429477000000000000e+07 9.986553573176590870e-01 -5.183184002457118245e-02 9.683286662839887728e-04 3.321321941770493669e-01 5.183230007876152290e-02 9.986556987071584235e-01 -4.561888450737306691e-04 4.539108133100561854e-02 -9.433818335671521242e-04 5.057661360871353170e-04 9.999994271155018266e-01 -1.643852723066165436e-03 9.986731410026550293e-01 -5.148870870471000671e-02 8.715522708371281624e-04 3.375479280948638916e-01 5.148885026574134827e-02 9.986735582351684570e-01 -2.093276270898059011e-04 5.230108276009559631e-02 -8.596151019446551800e-04 2.539204142522066832e-04 9.999995231628417969e-01 1.932123792357742786e-03 2.224693775177001953e+03
3.439842000000000000e+07 9.985980223902471975e-01 -5.289052686790002983e-02 2.140524684153919267e-03 3.683826019613957725e-01 5.289507351456265022e-02 9.985978119525831254e-01 -2.126302283932022912e-03 3.849584351312214381e-02 -2.025062017949013585e-03 2.236544466266441288e-03 9.999954484859788773e-01 2.000285847462805310e-03 9.985842704772949219e-01 -5.315107852220535278e-02 2.102802973240613937e-03 3.710787892341613770e-01 5.315612256526947021e-02 9.985832571983337402e-01 -2.419526455923914909e-03 3.466597944498062134e-02 -1.971234800294041634e-03 2.527884207665920258e-03 9.999948740005493164e-01 4.878778941929340363e-03 2.199875354766845703e+03
3.450214000000000000e+07 9.985927919720650747e-01 -5.298841401677198415e-02 2.159583622664921869e-03 3.516175891426608913e-01 5.299401319257501797e-02 9.985913834878437090e-01 -2.623621462718774781e-03 4.283904374771087264e-02 -2.017520057224822180e-03 2.734374484524148153e-03 9.999942263878313087e-01 6.592291129481709332e-03 9.985651373863220215e-01 -5.352114140987396240e-02 1.784293330274522305e-03 3.635956645011901855e-01 5.352615565061569214e-02 9.985622167587280273e-01 -2.890462754294276237e-03 4.901021346449851990e-02 -1.627017045393586159e-03 2.981823403388261795e-03 9.999942183494567871e-01 7.528883405029773712e-03 2.357602596282958984e+03
3.460590000000000000e+07 9.985357140306706514e-01 -5.408517001446146860e-02 1.105526917612016874e-03 3.991481206062980069e-01 5.408785370595756148e-02 9.985328941094825383e-01 -2.561925608541390943e-03 4.096606584933740192e-02 -9.653428104566991489e-04 2.617969795006135081e-03 9.999961071661283007e-01 2.727875450682654222e-03 9.985601305961608887e-01 -5.362762138247489929e-02 1.291759661398828030e-03 3.944452106952667236e-01 5.363120883703231812e-02 9.985564947128295898e-01 -2.936016302555799484e-03 3.454047068953514099e-02 -1.132447272539138794e-03 3.001068020239472389e-03 9.999948740005493164e-01 7.126032374799251556e-03 2.398965358734130859e+03
3.470966000000000000e+07 9.985708480558664890e-01 -5.342140737905404918e-02 1.553913327293694616e-03 3.992277197277107614e-01 5.342412517186474752e-02 9.985703545783328750e-01 -1.763464466161102518e-03 4.185463642515332983e-02 -1.457485028574383645e-03 1.843960667594445177e-03 9.999972377694089642e-01 6.552996258374167715e-03 9.985834956169128418e-01 -5.319477245211601257e-02 1.204617321491241455e-03 4.070168137550354004e-01 5.319726467132568359e-02 9.985817670822143555e-01 -2.133316127583384514e-03 3.513799980282783508e-02 -1.089424942620098591e-03 2.194371307268738747e-03 9.999970197677612305e-01 7.581528741866350174e-03 2.624040365219116211e+03
3.481340000000000000e+07 9.986573447444855312e-01 -5.179293955489942813e-02 9.995999980981246525e-04 3.948827350889477228e-01 5.179390324760547309e-02 9.986573302103497474e-01 -9.635369812160329839e-04 4.510960775089137981e-02 -9.483534527519115690e-04 1.014016468812121898e-03 9.999990361977003639e-01 1.222634839937134822e-03 9.986346960067749023e-01 -5.222468078136444092e-02 1.085045863874256611e-03 4.034793078899383545e-01 5.222592130303382874e-02 9.986346960067749023e-01 -1.084347954019904137e-03 5.040322616696357727e-02 -1.026931800879538059e-03 1.139540341682732105e-03 9.999988079071044922e-01 8.763093501329421997e-03 2.492939710617065430e+03
3.491715000000000000e+07 9.986880451904874834e-01 -5.120082986555909987e-02 8.145027200668363866e-04 4.454528282139800788e-01 5.120223622904609279e-02 9.986866626819227433e-01 -1.811294119863936236e-03 4.087671754557759690e-02 -7.206932411812560710e-04 1.850622144514001578e-03 9.999980278975206804e-01 2.317988283112200776e-03 9.987081289291381836e-01 -5.081215500831604004e-02 5.520044360309839249e-04 4.346928000450134277e-01 5.081314221024513245e-02 9.987059831619262695e-01 -2.087521832436323166e-03 3.193511068820953369e-02 -4.452266730368137360e-04 2.112874761223793030e-03 9.999976754188537598e-01 6.092195399105548859e-03 2.327517032623291016e+03
3.502102000000000000e+07 9.987300049522758183e-01 -5.037989441136665747e-02 4.934036141872388337e-04 4.451470271212702445e-01 5.038127686046231513e-02 9.987243532234754140e-01 -3.375384461063197974e-03 3.853523737321049025e-02 -3.227226927111437674e-04 3.395956043603802748e-03 9.999941816493801428e-01 3.599988025280425469e-03 9.987300038337707520e-01 -5.038200691342353821e-02 2.489559701643884182e-04 4.498029649257659912e-01 5.038257688283920288e-02 9.987226128578186035e-01 -3.833289491012692451e-03 2.817063406109809875e-02 -5.550095374928787351e-05 3.840961260721087456e-03 9.999926090240478516e-01 6.662327330559492111e-03 2.486931324005126953e+03
3.512477000000000000e+07 9.987729890471890304e-01 -4.952166509346168227e-02 3.479024500202867456e-04 4.559988075575790445e-01 4.952253999615253977e-02 9.987676456985764561e-01 -3.272298588497079934e-03 3.519022166311730482e-02 -1.854240361541686943e-04 3.285512455284015330e-03 9.999945854982581483e-01 4.439852241000092486e-03 9.987734556198120117e-01 -4.951306059956550598e-02 4.814966086996719241e-05 4.619629681110382080e-01 4.951292648911476135e-02 9.987664222717285156e-01 -3.752637421712279320e-03 4.472926259040832520e-02 1.377032167511060834e-04 3.750416217371821404e-03 9.999930262565612793e-01 5.745998583734035492e-03 2.474301099777221680e+03
3.522867000000000000e+07 9.988280739071080383e-01 -4.839629398205320260e-02 5.267863129095371562e-04 4.962247880055357108e-01 4.839773313057704751e-02 9.988230473604047255e-01 -3.190531224727537717e-03 3.438562193749052781e-02 -3.717564232572215309e-04 3.212287421324129533e-03 9.999947714896736395e-01 3.622206157998640857e-03 9.988508224487304688e-01 -4.792507737874984741e-02 3.179605409968644381e-04 4.881490767002105713e-01 4.792583361268043518e-02 9.988444447517395020e-01 -3.594919573515653610e-03 2.938918583095073700e-02 -1.453046425012871623e-04 3.606029320508241653e-03 9.999934434890747070e-01 4.861609078943729401e-03 3.136839628219604492e+03
3.533252000000000000e+07 9.989471815507900976e-01 -4.587271950741605986e-02 4.712501744945336662e-04 4.935877122065862044e-01 4.587368006650324737e-02 9.989446380509692247e-01 -2.283765831716175199e-03 3.632509258610548686e-02 -3.659902855729612312e-04 2.302979420650914846e-03 9.999972811647535043e-01 -3.173373060796861201e-04 9.989255666732788086e-01 -4.634197801351547241e-02 2.400448574917390943e-04 4.984850883483886719e-01 4.634258896112442017e-02 9.989221692085266113e-01 -2.634358592331409454e-03 4.266732558608055115e-02 -1.177016165456734598e-04 2.642656443640589714e-03 9.999964833259582520e-01 4.768392536789178848e-03 2.727086782455444336e+03
3.543640000000000000e+07 9.990489805089576292e-01 -4.359966374854200299e-02 4.515141485443125661e-04 5.221697433543411870e-01 4.360019311401074071e-02 9.990482927289302539e-01 -1.237722032839051051e-03 3.677644096101577442e-02 -3.971201748002076127e-04 1.256231039131568659e-03 9.999991320891948865e-01 3.023875049078964070e-03 9.990379810333251953e-01 -4.385342821478843689e-02 2.855329512385651469e-05 5.235806703567504883e-01 4.385330528020858765e-02 9.990367889404296875e-01 -1.534800860099494457e-03 3.022639080882072449e-02 3.877952622133307159e-05 1.534575596451759338e-03 9.999987483024597168e-01 3.732118755578994751e-03 3.489295482635498047e+03
3.554042000000000000e+07 9.992410331611456531e-01 -3.895158486893537247e-02 3.628818599968661033e-04 5.358641799835086594e-01 3.895154538349104856e-02 9.992410939453257868e-01 1.152527060224678521e-04 3.603057926812331530e-02 -3.670957423161917048e-04 -1.010304238019950031e-04 9.999999275167820167e-01 1.119065255189212677e-03 9.992263913154602051e-01 -3.932617604732513428e-02 3.381605201866477728e-04 5.469189286231994629e-01 3.932630270719528198e-02 9.992263913154602051e-01 -3.768457099795341492e-05 3.239833936095237732e-02 -3.364205185789614916e-04 5.095092274132184684e-05 1.000000000000000000e+00 1.763493404723703861e-03 2.684956073760986328e+03
3.564440000000000000e+07 9.994480728236759814e-01 -3.321934127681545890e-02 1.584114093916470865e-04 5.620340796108743708e-01 3.321909900059549087e-02 9.994471904062198764e-01 1.343521753470402905e-03 3.389237048778426242e-02 -2.029547456861299586e-04 -1.337517943011275277e-03 9.999990849271430671e-01 2.495318922048958294e-03 9.994245171546936035e-01 -3.392139449715614319e-02 4.413345595821738243e-05 5.607778429985046387e-01 3.392126038670539856e-02 9.994241595268249512e-01 9.071649401448667049e-04 3.781182691454887390e-02 -7.488083065254613757e-05 -9.051412926055490971e-04 9.999995231628417969e-01 1.607589190825819969e-03 2.699868440628051758e+03
3.574865000000000000e+07 9.996226742340563742e-01 -2.746681513411126929e-02 -2.884849081952061984e-04 5.766388836752374125e-01 2.746732153450364908e-02 9.996208400451019882e-01 1.929350990577836152e-03 2.908952722485072528e-02 2.353823992834102262e-04 -1.936546904468791457e-03 9.999980971887960646e-01 1.608804915897908434e-03 9.996170401573181152e-01 -2.766955271363258362e-02 -3.535943105816841125e-04 5.851771831512451172e-01 2.767024561762809753e-02 9.996146559715270996e-01 2.173513406887650490e-03 2.861259132623672485e-02 2.933205687440931797e-04 -2.182462951168417931e-03 9.999975562095642090e-01 1.590464031323790550e-03 2.477545499801635742e+03
3.585277000000000000e+07 9.997641626956349503e-01 -2.171393251932066809e-02 -3.523124211967439026e-04 6.077095225757767061e-01 2.171467591696201946e-02 9.997616432847089563e-01 2.264832549988703928e-03 2.538677146133280077e-02 3.030500240072556226e-04 -2.271948768033083942e-03 9.999973732012890082e-01 3.718001671116730623e-03 9.997540116310119629e-01 -2.214765362441539764e-02 -1.156419049948453903e-03 5.977600216865539551e-01 2.214995026588439941e-02 9.997526407241821289e-01 2.011698437854647636e-03 2.700353227555751801e-02 1.111579942516982555e-03 -2.036816207692027092e-03 9.999973773956298828e-01 7.018877193331718445e-03 2.646510124206542969e+03
3.595705000000000000e+07 9.998551401420088247e-01 -1.702020142707580397e-02 1.071213588064674679e-04 6.115243233791869404e-01 1.701998774647106583e-02 9.998536144524513558e-01 1.752051220274715698e-03 2.114351898253832157e-02 -1.369259424673340822e-04 -1.749974214169482123e-03 9.999984594195812093e-01 -1.800083660993889246e-04 9.998514056205749512e-01 -1.723631285130977631e-02 3.179054474458098412e-04 6.211711168289184570e-01 1.723585464060306549e-02 9.998500347137451172e-01 1.679557957686483860e-03 1.937538571655750275e-02 -3.468109352979809046e-04 -1.673829159699380398e-03 9.999985098838806152e-01 5.232886876910924911e-03 2.816513299942016602e+03
3.606129000000000000e+07 9.999037159222700089e-01 -1.385114986062941506e-02 8.393642683165206900e-04 6.533275370689651806e-01 1.385148659732390528e-02 9.999039848630509875e-01 -3.967039646731788894e-04 1.587044984424773597e-02 -8.337888705763540822e-04 4.082922113106673555e-04 9.999995690467019527e-01 3.547331810634005590e-03 9.999006390571594238e-01 -1.408019103109836578e-02 6.587100215256214142e-04 6.390427350997924805e-01 1.408048346638679504e-02 9.999008178710937500e-01 -4.982586833648383617e-04 1.286281459033489227e-02 -6.516270223073661327e-04 5.074841319583356380e-04 9.999996423721313477e-01 5.923861637711524963e-03 2.563553571701049805e+03
3.616567000000000000e+07 9.999288312185534711e-01 -1.190047831958569724e-02 8.432755556739034760e-04 6.383028674337494213e-01 1.190087663550464490e-02 9.999290721137192861e-01 -4.689105487854716096e-04 1.226720079272800891e-02 -8.376354841015408491e-04 4.789128953509188516e-04 9.999995345045088468e-01 3.647737860742114157e-03 9.999234676361083984e-01 -1.234735082834959030e-02 7.327611092478036880e-04 6.591557264328002930e-01 1.234795991331338882e-02 9.999234676361083984e-01 -8.013878832571208477e-04 8.111803792417049408e-03 -7.228138274513185024e-04 8.103657164610922337e-04 9.999994039535522461e-01 5.728916265070438385e-03 2.657572984695434570e+03
3.626990000000000000e+07 9.999500895659513278e-01 -9.942075887384100100e-03 9.866631112886072724e-04 6.729719619483122139e-01 9.942670606125195848e-03 9.999503906035113188e-01 -5.996941746264478589e-04 1.046005332367664319e-02 -9.806519585337603127e-04 6.094743099446530993e-04 9.999993334311786386e-01 5.806512435374324918e-03 9.999486804008483887e-01 -1.008795853704214096e-02 9.938877774402499199e-04 6.762739419937133789e-01 1.008886191993951797e-02 9.999486207962036133e-01 -9.595048031769692898e-04 7.411981932818889618e-03 -9.841520804911851883e-04 9.694852633401751518e-04 9.999989867210388184e-01 6.368640344589948654e-03 2.656738281250000000e+03
3.637417000000000000e+07 9.999670111616748569e-01 -8.081723094657525600e-03 8.138428644163135444e-04 7.073623253134220246e-01 8.081179005642574048e-03 9.999671225323346624e-01 6.696269719217364403e-04 1.277189646022954851e-02 -8.192278470876395704e-04 -6.630280718360084639e-04 9.999994446296009976e-01 3.431069235847224261e-03 9.999670982360839844e-01 -8.089544251561164856e-03 6.679728394374251366e-04 6.913319826126098633e-01 8.088961243629455566e-03 9.999668598175048828e-01 8.290336118079721928e-04 1.027365401387214661e-02 -6.746615981683135033e-04 -8.235978311859071255e-04 9.999994635581970215e-01 6.117920391261577606e-03 2.639271736145019531e+03
3.647842000000000000e+07 9.999758744343119066e-01 -6.924966231973337522e-03 5.434997876201751567e-04 6.926488665446970394e-01 6.924535238415946599e-03 9.999757123397972070e-01 7.909122876916611358e-04 1.227626091280156588e-02 -5.489636281667308396e-04 -7.871297230538634379e-04 9.999995395327608838e-01 3.003629538803649548e-03 9.999738931655883789e-01 -7.206383161246776581e-03 3.310901229269802570e-04 7.069958448410034180e-01 7.206180598586797714e-03 9.999738931655883789e-01 6.772121414542198181e-04 8.212563581764698029e-03 -3.359602123964577913e-04 -6.748095620423555374e-04 9.999997019767761230e-01 5.377662368118762970e-03 2.591458559036254883e+03
3.658267000000000000e+07 9.999834949965296094e-01 -5.720979018412793160e-03 5.292764840253626158e-04 7.395292594307311118e-01 5.721008224263740907e-03 9.999836334575761265e-01 -5.368316375656266603e-05 8.602996340053313540e-03 -5.289607013458394544e-04 5.671027283377705938e-05 9.999998584922507039e-01 4.311337652827257685e-03 9.999830722808837891e-01 -5.822970997542142868e-03 3.041913441848009825e-04 7.225402593612670898e-01 5.823017098009586334e-03 9.999830126762390137e-01 -2.044869906967505813e-04 5.601954646408557892e-03 -3.029980289284139872e-04 2.062532294075936079e-04 9.999999403953552246e-01 5.977916531264781952e-03 2.556292772293090820e+03
3.668690000000000000e+07 9.999899722929379564e-01 -4.443514017986046651e-03 5.572223444481155504e-04 7.288272044877263101e-01 4.443899321183165420e-03 9.999898862924168075e-01 -6.921500578274364076e-04 5.995008300429609596e-03 -5.541411303797588207e-04 6.946193571476546019e-04 9.999996052157003046e-01 4.547601238946603029e-03 9.999904632568359375e-01 -4.350455012172460556e-03 3.439945285208523273e-04 7.411547303199768066e-01 4.350697156041860580e-03 9.999902248382568359e-01 -8.125278982333838940e-04 2.652005059644579887e-03 -3.404585586395114660e-04 8.140162681229412556e-04 9.999996423721313477e-01 5.609520245343446732e-03 2.678492069244384766e+03
3.679111000000000000e+07 9.999947269293291141e-01 -3.167222277774038499e-03 7.175071984233523338e-04 7.560898437832350716e-01 3.167701086480137485e-03 9.999947602620433695e-01 -6.671718558973118319e-04 3.810507286818091283e-03 -7.153903573085486269e-04 6.694411861849690294e-04 9.999995200324522937e-01 4.750904022443842162e-03 9.999946951866149902e-01 -3.194578923285007477e-03 5.658609443344175816e-04 7.522144913673400879e-01 3.195276018232107162e-03 9.999942183494567871e-01 -1.125636859796941280e-03 3.453392302617430687e-03 -5.622541066259145737e-04 1.127432915382087231e-03 9.999991655349731445e-01 5.253334529697895050e-03 3.324678421020507812e+03
3.689515000000000000e+07 9.999993067242245459e-01 -1.137822025365036382e-03 3.031700988160305663e-04 7.884149165848705065e-01 1.137961811973304399e-03 9.999992461176044900e-01 -4.613102395348284818e-04 3.744186748995812896e-03 -3.026449813103610658e-04 4.616549157145992898e-04 9.999998476403654246e-01 2.957016034460506308e-03 9.999989867210388184e-01 -1.455130404792726040e-03 1.040137794916518033e-04 7.732490301132202148e-01 1.455195713788270950e-03 9.999989271163940430e-01 -3.892995591741055250e-04 2.400956815108656883e-03 -1.034530869219452143e-04 3.894530818797647953e-04 1.000000000000000000e+00 5.300312303006649017e-03 2.722835302352905273e+03
3.699949000000000000e+07 9.999994052751552953e-01 -1.040835209288156404e-03 -3.257474525724954133e-04 7.765617561387534451e-01 1.040881365534232668e-03 9.999994482638024929e-01 1.415559021702937344e-04 5.925534531148202340e-03 3.255999364787732554e-04 -1.418948824367347614e-04 9.999999369252599024e-01 7.047970817927589129e-03 9.999992847442626953e-01 -1.012208638712763786e-03 -5.655002896673977375e-04 7.850865721702575684e-01 1.012035063467919827e-03 9.999994039535522461e-01 -2.616988494992256165e-04 2.911597024649381638e-03 5.657598958350718021e-04 2.611290838103741407e-04 9.999998211860656738e-01 6.785820703953504562e-03 2.629250049591064453e+03
3.710355000000000000e+07 9.999991738671515362e-01 -1.103352968810660754e-03 -6.594522277637000860e-04 8.203283675216133108e-01 1.103175385645126152e-03 9.999993551619006382e-01 -2.695920090070973445e-04 3.235827661998588473e-03 6.597492576672845917e-04 2.688642948226052458e-04 9.999997462214218480e-01 3.194117722506339269e-03 9.999990463256835938e-01 -1.061034621670842171e-03 -9.052020614035427570e-04 8.028677105903625488e-01 1.060721348039805889e-03 9.999994039535522461e-01 -2.843384572770446539e-04 1.297634327784180641e-03 9.055155678652226925e-04 2.833746548276394606e-04 9.999994635581970215e-01 5.572376772761344910e-03 3.073027610778808594e+03
3.720765000000000000e+07 9.999993216313110000e-01 -9.611508110363627686e-04 -6.579711515750086542e-04 8.159395389240470253e-01 9.613225398127614625e-04 9.999995039390534579e-01 2.607309366952099820e-04 3.706896602429444760e-03 6.577202234299495479e-04 -2.613632823220618582e-04 9.999997495466398378e-01 6.075658198409575501e-03 9.999990463256835938e-01 -8.315137238241732121e-04 -1.092250808142125607e-03 8.194832205772399902e-01 8.308009128086268902e-04 9.999994635581970215e-01 -6.775672663934528828e-04 1.551959081552922726e-03 1.092806807719171047e-03 6.766564911231398582e-04 9.999992251396179199e-01 4.171174485236406326e-03 2.733052968978881836e+03
3.731178000000000000e+07 9.999991160521857214e-01 -9.466588996709560761e-04 9.336657724815238153e-04 8.515431887028482860e-01 9.464865774846286566e-04 9.999995349708654668e-01 1.849897599231904689e-04 2.376507600877177800e-03 -9.338404605023170688e-04 -1.841058942803859360e-04 9.999995470234044337e-01 2.667770879898610868e-03 9.999991059303283691e-01 -1.077095046639442444e-03 7.460093474946916103e-04 8.358851075172424316e-01 1.077155000530183315e-03 9.999994039535522461e-01 -1.364062190987169743e-04 2.958928002044558525e-03 -7.458574837073683739e-04 1.372161787003278732e-04 9.999997019767761230e-01 2.562199719250202179e-03 2.844859361648559570e+03
3.741589000000000000e+07 9.999970459269292844e-01 -7.672819179004959286e-04 2.306385889947245443e-03 8.467383481250843058e-01 7.637012308631150681e-04 9.999985024902373620e-01 1.552989926824501756e-03 8.595000360904020420e-03 -2.307574017201392824e-03 -1.551223949435781959e-03 9.999961343957355364e-01 4.062305674145246133e-03 9.999965429306030273e-01 -1.213157665915787220e-03 2.320373896509408951e-03 8.457412123680114746e-01 1.210180344060063362e-03 9.999983906745910645e-01 1.306408084928989410e-03 1.212027855217456818e-02 -2.321959938853979111e-03 -1.303598051890730858e-03 9.999965429306030273e-01 1.230867928825318813e-03 2.640021800994873047e+03
3.752003000000000000e+07 9.999973385270970461e-01 -1.076946013938004680e-03 2.040373986700005828e-03 8.689870524230974835e-01 1.076393128717747756e-03 9.999993836827879568e-01 2.720512389667027503e-04 5.169126131579865509e-03 -2.040665713679791146e-03 -2.698542703704037270e-04 9.999978814288147388e-01 6.391752620853076959e-03 9.999960660934448242e-01 -1.594741130247712135e-03 2.336242236196994781e-03 8.621523380279541016e-01 1.592237153090536594e-03 9.999980926513671875e-01 1.102323411032557487e-03 1.016956940293312073e-02 -2.337991492822766304e-03 -1.098602428101003170e-03 9.999966621398925781e-01 5.589574109762907028e-03 2.568169355392456055e+03
3.762415000000000000e+07 9.999996842028094912e-01 -7.784328618243080075e-04 1.601142124725610217e-04 8.901943852031672932e-01 7.784540138492077347e-04 9.999996882812720589e-01 -1.320859846499129492e-04 2.496317512825160876e-03 -1.600113424909244521e-04 1.322105844889036568e-04 9.999999784583656348e-01 1.030990788326694232e-02 9.999988675117492676e-01 -1.475180964916944504e-03 2.041016996372491121e-04 8.674209713935852051e-01 1.475151977501809597e-03 9.999989271163940430e-01 -1.100665394915267825e-04 9.423861280083656311e-03 -2.039361861534416676e-04 1.103710383176803589e-04 9.999999403953552246e-01 6.413919385522603989e-03 2.695690393447875977e+03
3.772815000000000000e+07 9.999978850641630945e-01 -1.032437527706825918e-03 -1.778746736364151615e-03 8.722791651061452267e-01 1.032349640293713563e-03 9.999994658605551034e-01 -5.032717639044385118e-05 6.433193712517023925e-03 1.778797745930926332e-03 4.849078139823579411e-05 9.999984167623583442e-01 9.271633323018007786e-03 9.999966025352478027e-01 -1.365270582027733326e-03 -2.217013388872146606e-03 8.811961412429809570e-01 1.363422605209052563e-03 9.999987483024597168e-01 -8.374734898097813129e-04 5.723142530769109726e-03 2.218147041276097298e-03 8.344448287971317768e-04 9.999972581863403320e-01 5.312025547027587891e-03 2.686896800994873047e+03
3.783228000000000000e+07 9.999988950359880446e-01 -7.931384375030294453e-04 -1.257321845109424761e-03 9.181245262172050836e-01 7.920133424212966611e-04 9.999992857729962381e-01 -8.950800874579911822e-04 2.137102196625545805e-03 1.258030869518216802e-03 8.940832827496621692e-04 9.999988089859982443e-01 4.531456709452741025e-03 9.999982714653015137e-01 -1.148084411397576332e-03 -1.448747003450989723e-03 8.941727876663208008e-01 1.146630616858601570e-03 9.999988675117492676e-01 -9.321368415839970112e-04 5.261975340545177460e-03 1.449813134968280792e-03 9.304750710725784302e-04 9.999985098838806152e-01 2.768239937722682953e-03 3.027968883514404297e+03
3.793628000000000000e+07 9.999994623497289181e-01 -1.036795124960817596e-03 1.887119659444833452e-05 9.001601384648491022e-01 1.036831079151360373e-03 9.999974283649555318e-01 -2.016989040355519121e-03 1.222693180254663583e-03 -1.677994366047783970e-05 2.017007522163944810e-03 9.999979656974753439e-01 5.921468867397030982e-03 9.999989271163940430e-01 -1.353828469291329384e-03 -5.526879103854298592e-04 9.102033376693725586e-01 1.352780847810208797e-03 9.999967813491821289e-01 -2.177601680159568787e-03 8.320402703247964382e-04 5.556334508582949638e-04 2.176861045882105827e-03 9.999974966049194336e-01 4.438131116330623627e-03 2.982176542282104492e+03
3.804028000000000000e+07 9.999992219769421320e-01 -1.185038338949433645e-03 -3.895248973980144393e-04 9.269760477027684242e-01 1.184066946540815240e-03 9.999962122936091324e-01 -2.484629529923010772e-03 3.004026895735375006e-04 3.924678032431159233e-04 2.484166373268082567e-03 9.999968374382257608e-01 1.184790114600248190e-02 9.999993443489074707e-01 -1.195591990835964680e-03 -6.754285277565941215e-05 9.235227704048156738e-01 1.195328193716704845e-03 9.999960660934448242e-01 -2.495120745152235031e-03 -1.857080205809324980e-04 7.053332956274971366e-05 2.495032967999577522e-03 9.999968409538269043e-01 5.735716782510280609e-03 2.780547618865966797e+03
3.814428000000000000e+07 9.999958349562844129e-01 -1.346242341418452636e-03 -2.552978974020256395e-03 9.529478898577791179e-01 1.347373141195200730e-03 9.999989949347823925e-01 4.412652754015918694e-04 5.250768927380317780e-03 2.552382358112345075e-03 -4.447032528120606343e-04 9.999966437860253743e-01 6.489932522175432573e-03 9.999956488609313965e-01 -1.592918415553867817e-03 -2.473933389410376549e-03 9.312825202941894531e-01 1.593342050909996033e-03 9.999987483024597168e-01 1.687919429969042540e-04 3.860770026221871376e-03 2.473661210387945175e-03 -1.727323833620175719e-04 9.999969601631164551e-01 7.206754758954048157e-03 2.807493448257446289e+03
3.824828000000000000e+07 9.999907548669069168e-01 -1.396005970245982374e-03 -4.067105610228482007e-03 9.276173338967093063e-01 1.397936119987839339e-03 9.999989116024742275e-01 4.717716306629702043e-04 5.254637858436291172e-03 4.066442587587800438e-03 -4.774528229077987696e-04 9.999916180066129590e-01 9.048547345733603739e-03 9.999906420707702637e-01 -1.443313900381326675e-03 -4.067383706569671631e-03 9.421759247779846191e-01 1.444049645215272903e-03 9.999989867210388184e-01 1.872982102213427424e-04 2.418386517092585564e-03 4.067107103765010834e-03 -1.931692386278882623e-04 9.999916553497314453e-01 7.105344906449317932e-03 2.763689279556274414e+03
3.835228000000000000e+07 9.999948639873892375e-01 -7.576191570309641441e-04 -3.114163138939975064e-03 9.785259401302381921e-01 7.654224235577422424e-04 9.999965687766616540e-01 2.505307050402955267e-03 8.612690740455637012e-03 3.112254384935103386e-03 -2.507677833411512368e-03 9.999920126803650833e-01 8.745501586068744893e-03 9.999907016754150391e-01 -1.108355121687054634e-03 -4.171009641140699387e-03 9.524274468421936035e-01 1.114828279241919518e-03 9.999982118606567383e-01 1.537121832370758057e-03 2.040375256910920143e-03 4.169303458184003830e-03 -1.541763893328607082e-03 9.999901652336120605e-01 8.404265157878398895e-03 3.060360908508300781e+03
3.845615000000000000e+07 9.999996560037296423e-01 -1.753858579069715801e-04 -8.106986020248889207e-04 9.537175571219350667e-01 1.771760269665461284e-04 9.999975452634075612e-01 2.208636641648373689e-03 1.182359196463813114e-02 8.103092483411646323e-04 -2.208779518242980338e-03 9.999972323421509879e-01 3.186587745985142855e-03 9.999996423721313477e-01 2.100755664287135005e-04 -6.962977931834757328e-04 9.673978090286254883e-01 -2.081163111142814159e-04 9.999962449073791504e-01 2.734547480940818787e-03 4.644979257136583328e-03 6.968621746636927128e-04 -2.734400099143385887e-03 9.999960064888000488e-01 7.729832082986831665e-03 3.066708326339721680e+03
3.856015000000000000e+07 9.999985646422462349e-01 3.723481645938789926e-04 1.652897544191898535e-03 9.869930784576728122e-01 -3.764758010422168547e-04 9.999968101145728649e-01 2.497604182042706053e-03 7.132613491354886787e-03 -1.651962293305044406e-03 -2.498222873014167931e-03 9.999955149414713196e-01 7.424925918526338944e-03 9.999988079071044922e-01 1.684675517026335001e-04 1.573048066347837448e-03 9.785916209220886230e-01 -1.708928321022540331e-04 9.999988675117492676e-01 1.468372764065861702e-03 2.828559372574090958e-03 -1.572795445099473000e-03 -1.468638889491558075e-03 9.999976754188537598e-01 1.050100196152925491e-02 3.042319774627685547e+03
3.866415000000000000e+07 9.999966968350419982e-01 -4.153948193932688944e-05 2.569940364400650438e-03 1.017297626041475223e+00 4.094114415447790525e-05 9.999999720468003561e-01 2.328738313660560805e-04 5.062363249312464182e-03 -2.569949966020906255e-03 -2.327678458464493220e-04 9.999966705826085489e-01 8.873074562852805922e-03 9.999954700469970703e-01 -6.371894414769485593e-05 3.005080157890915871e-03 9.872815608978271484e-01 6.143545761005952954e-05 9.999996423721313477e-01 7.889242842793464661e-04 6.467559724114835262e-04 -3.005123697221279144e-03 -7.887404644861817360e-04 9.999952316284179688e-01 1.053919363766908646e-02 2.744493246078491211e+03
3.876815000000000000e+07 9.999958344023648360e-01 -5.191419904915230924e-04 2.839307928334523952e-03 9.781747563043036164e-01 5.204920025820060098e-04 9.999997518483332293e-01 -4.747539859012858622e-04 6.223542772228765618e-03 -2.839060759026294529e-03 4.762298453367706319e-04 9.999958564609859879e-01 1.129868251788561373e-02 9.999965429306030273e-01 -1.211860362673178315e-04 2.631276845932006836e-03 9.847291707992553711e-01 1.239697157870978117e-04 9.999994635581970215e-01 -1.070744125172495842e-03 -3.635722910985350609e-03 -2.631149720400571823e-03 1.071065431460738182e-03 9.999959468841552734e-01 1.255941018462181091e-02 2.798961162567138672e+03
3.887203000000000000e+07 9.999982696798428439e-01 -5.922752983742275641e-05 1.859335747011105905e-03 1.013554600087406721e+00 6.165126913264982404e-05 9.999991485157990745e-01 -1.303520923531630580e-03 -1.627730152568990186e-03 -1.859256959491700605e-03 1.303633298431647889e-03 9.999974218485674360e-01 1.321179510580080402e-02 9.999979734420776367e-01 -2.071846392937004566e-04 2.012377139180898666e-03 9.895824193954467773e-01 2.102404250763356686e-04 9.999988675117492676e-01 -1.501296763308346272e-03 -8.922357112169265747e-03 -2.012069569900631905e-03 1.501717837527394295e-03 9.999969005584716797e-01 1.316643878817558289e-02 2.791729211807250977e+03
3.897602000000000000e+07 9.999993047945188174e-01 -3.751782840476661847e-04 1.117878228691613273e-03 9.733506610186067887e-01 3.757795860170365680e-04 9.999997848157438085e-01 -5.377342919595689327e-04 4.895750545000064104e-03 -1.117676241912887031e-03 5.381539939417368402e-04 9.999992305947525972e-01 1.280743739017148157e-02 9.999995231628417969e-01 -1.664992305450141430e-04 9.908055653795599937e-04 9.880553483963012695e-01 1.670377241680398583e-04 9.999997615814208984e-01 -6.345721776597201824e-04 -7.425363175570964813e-03 -9.907017229124903679e-04 6.347481976263225079e-04 9.999992847442626953e-01 1.528337877243757248e-02 2.805746078491210938e+03
3.907990000000000000e+07 9.999997645513706290e-01 -4.360893381979010316e-05 6.848324351043618471e-04 9.928787051928874563e-01 4.381643604318472251e-05 9.999999531401059238e-01 -3.029849927496614599e-04 5.601492953829707508e-03 -6.848191901606892010e-04 3.030149283288532383e-04 9.999997196022756274e-01 1.679531471894163408e-02 9.999998807907104492e-01 -2.693839451239909977e-05 4.105240805074572563e-04 9.891777038574218750e-01 2.725236117839813232e-05 9.999998807907104492e-01 -4.718936688732355833e-04 -5.109227728098630905e-03 -4.105063853785395622e-04 4.718973941635340452e-04 9.999998211860656738e-01 1.527288742363452911e-02 3.062644958496093750e+03
3.918393000000000000e+07 9.999997697972724531e-01 -3.560266741832495471e-04 5.776247996783080534e-04 1.010737865411714731e+00 3.551518525515480235e-04 9.999987909685355003e-01 1.513911697805188795e-03 6.590867026343824077e-03 -5.781630942585273348e-04 -1.513706204780901300e-03 9.999986872096192636e-01 1.331368519687260721e-02 9.999999403953552246e-01 -1.995663478737697005e-04 1.805072533898055553e-04 9.885409474372863770e-01 1.993102050619199872e-04 9.999987483024597168e-01 1.568928593769669533e-03 -2.271680161356925964e-03 -1.808148226700723171e-04 -1.568886800669133663e-03 9.999988079071044922e-01 1.457065809518098831e-02 3.105357170104980469e+03
3.928778000000000000e+07 9.999994888126588766e-01 3.182489134349272716e-05 1.010624360037139539e-03 9.775407567193232783e-01 -3.190419640034633557e-05 9.999999964134420605e-01 7.845532436125068844e-05 3.167059704227832145e-03 -1.010621859580303813e-03 -7.848752741395164626e-05 9.999994862414505192e-01 1.398239489027587948e-02 9.999994039535522461e-01 1.208012872666586190e-05 1.069680321961641312e-03 9.912022352218627930e-01 -1.223647905135294423e-05 1.000000000000000000e+00 1.081056325347162783e-04 -5.241877399384975433e-03 -1.069690100848674774e-03 -1.081186564988456666e-04 9.999993443489074707e-01 1.665736176073551178e-02 3.410808086395263672e+03
3.939175000000000000e+07 9.999988707612933458e-01 -2.382647651186504782e-04 1.483814691823772064e-03 1.014069915592767490e+00 2.368614862540048289e-04 9.999995246531592219e-01 9.458277284447669589e-04 1.499792177631532105e-03 -1.484039343918706812e-03 -9.454752018262553440e-04 9.999984518507357700e-01 1.337681685189978306e-02 9.999989271163940430e-01 -1.592649641679599881e-04 1.472805743105709553e-03 9.983586668968200684e-01 1.586001744726672769e-04 9.999999403953552246e-01 4.403711354825645685e-04 -7.122753653675317764e-03 -1.472874428145587444e-03 -4.401403421070426702e-04 9.999988675117492676e-01 1.933053880929946899e-02 3.143934011459350586e+03
3.949583000000000000e+07 9.999993346689495244e-01 -3.527347500105167469e-04 1.098289513033639565e-03 9.738044500115162760e-01 3.533168065261102779e-04 9.999997972303228400e-01 -5.298174661211020294e-04 1.686762181050867294e-03 -1.098102405302366210e-03 5.302051577604768385e-04 9.999992565265226618e-01 1.307068958304976984e-02 9.999993443489074707e-01 -1.512296585133299232e-04 1.094786915928125381e-03 9.915575981140136719e-01 1.514924369985237718e-04 9.999999403953552246e-01 -2.411482419120147824e-04 -6.153130438178777695e-03 -1.094747916795313358e-03 2.413122128928080201e-04 9.999992847442626953e-01 1.825590804219245911e-02 2.873613595962524414e+03
3.959958000000000000e+07 9.999997570106285982e-01 -6.970435186429962265e-04 -1.044111088503445843e-05 9.907703947191429661e-01 6.970474323402131188e-04 9.999996849980765656e-01 3.796427595068122820e-04 3.913200497586403863e-03 1.017648007115048146e-05 -3.796499452071900476e-04 9.999999278811766423e-01 1.640391715246228982e-02 9.999998211860656738e-01 -6.484080222435295582e-04 -5.582911035162396729e-05 9.938380122184753418e-01 6.484680343419313431e-04 9.999997615814208984e-01 -1.307637867284938693e-04 -5.167732480913400650e-03 5.590448199654929340e-05 1.307382481172680855e-04 1.000000119209289551e+00 1.720482297241687775e-02 2.632882118225097656e+03
3.970363000000000000e+07 9.999994604469938375e-01 -7.196793543291214691e-04 -7.491110384379118204e-04 1.013242425301587257e+00 7.191490273846744795e-04 9.999994908011062833e-01 -7.079704827756016540e-04 7.371493026497533347e-04 7.496201687313278419e-04 7.074313783133037627e-04 9.999994688050826142e-01 1.448067594566667185e-02 9.999992251396179199e-01 -6.888124626129865646e-04 -1.093103201128542423e-03 9.990735650062561035e-01 6.877657724544405937e-04 9.999993443489074707e-01 -9.201826178468763828e-04 -5.706526339054107666e-03 1.093746395781636238e-03 9.194223093800246716e-04 9.999989271163940430e-01 1.415029913187026978e-02 2.618060111999511719e+03
3.980787000000000000e+07 9.999990912927455566e-01 -1.316187268233131365e-03 -2.916586324728553709e-04 9.668999280617188719e-01 1.316042808315181839e-03 9.999990115301996552e-01 -4.949443910035888645e-04 4.766850230379243020e-03 2.923097836830275257e-04 4.945601059982812327e-04 9.999998349826323407e-01 1.467367856585147755e-02 9.999992847442626953e-01 -1.063278759829699993e-03 -5.145413451828062534e-04 9.897188544273376465e-01 1.062932424247264862e-03 9.999992847442626953e-01 -5.771549767814576626e-04 -9.731067344546318054e-03 5.151595105417072773e-04 5.766103276982903481e-04 9.999996423721313477e-01 1.822453178465366364e-02 2.559528589248657227e+03
3.991128000000000000e+07 9.999995755471295933e-01 -9.019463321381937255e-04 1.881445574375035525e-04 9.880843745191008054e-01 9.020851509029529551e-04 9.999993200198051824e-01 -7.390550099562431504e-04 3.552223283981996091e-03 -1.874778415474523505e-04 7.392244186737104150e-04 9.999997091996165599e-01 1.244032183167485470e-02 9.999995827674865723e-01 -8.728702086955308914e-04 2.367849083384498954e-04 9.971101880073547363e-01 8.729302790015935898e-04 9.999994635581970215e-01 -4.844821523874998093e-04 -1.005864609032869339e-02 -2.363683015573769808e-04 4.846862866543233395e-04 9.999998807907104492e-01 1.925053633749485016e-02 2.482234239578247070e+03
4.001528000000000000e+07 9.999993468392286422e-01 -1.136223225822373612e-03 -1.237654932674666047e-04 1.010537106550490005e+00 1.136351358078782625e-03 9.999988133654872380e-01 1.040179411681205202e-03 6.926087072526523891e-03 1.225834703964863589e-04 -1.040319373363175932e-03 9.999994513542966867e-01 1.689239408705656836e-02 9.999993443489074707e-01 -1.028337399475276470e-03 -1.704844617052003741e-04 9.904353618621826172e-01 1.028474885970354080e-03 9.999992251396179199e-01 5.884700804017484188e-04 -5.501241888850927353e-03 1.698845444479957223e-04 -5.886428989470005035e-04 9.999997615814208984e-01 1.786556094884872437e-02 2.740311861038208008e+03
4.011914000000000000e+07 9.999996329837749220e-01 -6.217589090846001657e-04 -5.894473465663449541e-04 9.621958037823550303e-01 6.220305261796752220e-04 9.999997004036821346e-01 4.607283043025530832e-04 6.211159780091550335e-03 5.891607080422228649e-04 -4.610947894509299753e-04 9.999997201405884661e-01 1.359276722104428743e-02 9.999996423721313477e-01 -7.099891663528978825e-04 -6.582704954780638218e-04 9.912290573120117188e-01 7.104437099769711494e-04 9.999995827674865723e-01 7.038208423182368279e-04 -6.452089175581932068e-03 6.577695603482425213e-04 -7.042922079563140869e-04 9.999995827674865723e-01 1.855354383587837219e-02 2.572819709777832031e+03
4.022303000000000000e+07 9.999995957365914734e-01 -5.554385363743288536e-04 -7.071171657014449149e-04 1.001575835098351241e+00 5.562182452595134698e-04 9.999992370720511836e-01 1.102939970790232970e-03 6.359215360218412917e-03 7.065040108589115860e-04 -1.103332836381060384e-03 9.999991417539990657e-01 1.513910936328475947e-02 9.999992847442626953e-01 -5.928770988248288631e-04 -9.944771882146596909e-04 9.866297841072082520e-01 5.936915404163300991e-04 9.999995231628417969e-01 7.319136057049036026e-04 -3.959651570767164230e-03 9.940407471731305122e-04 -7.325022597797214985e-04 9.999992251396179199e-01 1.629034616053104401e-02 2.776906251907348633e+03
4.032693000000000000e+07 9.999999968165881326e-01 3.739566295281751085e-05 7.048679509715525887e-05 9.606571381007144028e-01 -3.741062658093183621e-05 9.999999767644829340e-01 2.123004444708665350e-04 5.890957718499009038e-03 -7.047885434349195977e-05 -2.123030807501970327e-04 9.999999749800663196e-01 1.294307482638978359e-02 1.000000000000000000e+00 1.434657460777089000e-04 -2.022744447458535433e-04 9.939039349555969238e-01 -1.433569850632920861e-04 9.999995827674865723e-01 8.418625802733004093e-04 -1.009326986968517303e-02 2.023988345172256231e-04 -8.418391807936131954e-04 9.999995231628417969e-01 1.965021714568138123e-02 2.759599447250366211e+03
4.043077000000000000e+07 9.999998209362375157e-01 7.771572400873519087e-05 5.933698333385752869e-04 9.837792939936456094e-01 -7.977361142807605347e-05 9.999939801642812043e-01 3.468900599627668287e-03 1.033566720824754051e-02 -5.930966732280436131e-04 -3.468947313727792879e-03 9.999938073012606399e-01 1.331927386201684632e-02 9.999997019767761230e-01 2.517048851586878300e-04 6.658153142780065536e-04 9.952458143234252930e-01 -2.539028937462717295e-04 9.999946355819702148e-01 3.259433899074792862e-03 -4.971901886165142059e-03 -6.649919087067246437e-04 -3.259598743170499802e-03 9.999945759773254395e-01 1.873067952692508698e-02 2.699605941772460938e+03
4.053499000000000000e+07 9.999993332777988853e-01 1.143702164659975455e-03 -1.593402533854814632e-04 1.003404463030587834e+00 -1.143580994011570914e-03 9.999990584654812054e-01 7.584791765229202502e-04 6.399984309748422279e-03 1.602075776371714589e-04 -7.582964523426615833e-04 9.999996996599661570e-01 1.489401389881728904e-02 9.999994039535522461e-01 1.111837103962898254e-03 2.026892761932685971e-04 9.906087517738342285e-01 -1.112038968130946159e-03 9.999983906745910645e-01 1.431432901881635189e-03 -6.721707060933113098e-03 -2.011039468925446272e-04 -1.431650016456842422e-03 9.999989271163940430e-01 1.952360942959785461e-02 2.928320169448852539e+03
4.063867000000000000e+07 9.999988246501039235e-01 1.205362528336223482e-03 -9.475228683816489363e-04 9.589595297663006113e-01 -1.204255760804473453e-03 9.999985930417762958e-01 1.167768183581057492e-03 6.774804980147164542e-03 9.489291192668288834e-04 -1.166625751172101644e-03 9.999988692583023919e-01 1.287620831126817800e-02 9.999980330467224121e-01 1.347913173958659172e-03 -1.448081457056105137e-03 9.870900511741638184e-01 -1.346525386907160282e-03 9.999986886978149414e-01 1.004579011350870132e-03 -7.096537854522466660e-03 1.449434552341699600e-03 -1.002636388875544071e-03 9.999983906745910645e-01 1.913348212838172913e-02 2.818953037261962891e+03
4.074254000000000000e+07 9.999968077257849197e-01 1.908646747299520396e-03 -1.655779524437898291e-03 1.002740215981792637e+00 -1.906430021355751993e-03 9.999972858592005576e-01 1.339327744080465827e-03 7.170633634178368715e-03 1.658331333961443220e-03 -1.336166840784908235e-03 9.999977322951089098e-01 1.389601867868776527e-02 9.999965429306030273e-01 1.899338443763554096e-03 -1.809433568269014359e-03 9.861245155334472656e-01 -1.895952154882252216e-03 9.999964237213134766e-01 1.850746804848313332e-03 -7.239738013595342636e-03 1.812942442484200001e-03 -1.847303006798028946e-03 9.999967217445373535e-01 1.844196766614913940e-02 3.670946121215820312e+03
4.084641000000000000e+07 9.999981380923377294e-01 1.842749285020133443e-03 5.727887311010424094e-04 9.544200034730724314e-01 -1.842458340534659225e-03 9.999981736109430086e-01 -5.080571244614127653e-04 1.186171474145378745e-03 -5.737239068688224910e-04 5.070008391309785336e-04 9.999997068954710189e-01 1.216738341470199013e-02 9.999981522560119629e-01 1.894177985377609730e-03 -3.209408896509557962e-04 9.898422360420227051e-01 -1.894443295896053314e-03 9.999978542327880859e-01 -8.564109448343515396e-04 -1.092796307057142258e-02 3.193212323822081089e-04 8.570138597860932350e-04 9.999995231628417969e-01 1.826444454491138458e-02 2.977605819702148438e+03
4.095040000000000000e+07 9.999974554482148337e-01 1.367162847189872183e-03 1.794425491606036361e-03 9.799813172079799850e-01 -1.364462533289515942e-03 9.999979363093788320e-01 -1.505197322162711441e-03 -2.975598582669833911e-04 -1.796479638323529582e-03 1.502745065758102298e-03 9.999972572053267283e-01 1.377018937594880719e-02 9.999966025352478027e-01 1.291267690248787403e-03 2.259190659970045090e-03 9.936216473579406738e-01 -1.288297935388982296e-03 9.999982714653015137e-01 -1.301426673308014870e-03 -1.057036500424146652e-02 -2.260867040604352951e-03 1.298515708185732365e-03 9.999966621398925781e-01 1.745924353599548340e-02 3.008867025375366211e+03
4.105460000000000000e+07 9.999864612348502435e-01 1.495794012558648942e-03 4.983969028118420339e-03 9.986407605988809610e-01 -1.483943436251219331e-03 9.999960653463036975e-01 -2.380588958464505134e-03 3.792084712847959842e-04 -4.987510288636695828e-03 2.373160800103923246e-03 9.999847463081312782e-01 9.054127809863971380e-03 9.999858140945434570e-01 1.466694637201726437e-03 5.127834156155586243e-03 9.909808635711669922e-01 -1.452102442272007465e-03 9.999948143959045410e-01 -2.861858578398823738e-03 -1.252503413707017899e-02 -5.132013000547885895e-03 2.854367019608616829e-03 9.999827742576599121e-01 1.525105908513069153e-02 3.696387052536010742e+03
4.115823000000000000e+07 9.999774032423925929e-01 8.897104127343304818e-04 6.663439050754472841e-03 9.561301966635206151e-01 -8.710569878686442438e-04 9.999956957241088462e-01 -2.801748200594699877e-03 6.236989119832933581e-04 -6.665903114022341848e-03 2.795880655021337237e-03 9.999738740522361446e-01 1.513954458079095483e-02 9.999767541885375977e-01 1.056657405570149422e-03 6.741556338965892792e-03 9.962186217308044434e-01 -1.037607085891067982e-03 9.999955296516418457e-01 -2.825906965881586075e-03 -1.191381644457578659e-02 -6.744504440575838089e-03 2.818842884153127670e-03 9.999732971191406250e-01 1.802551001310348511e-02 4.243075132369995117e+03
4.126246000000000000e+07 9.999979031490467962e-01 4.847633852146290552e-04 1.989648705124896517e-03 1.006234563894479184e+00 -4.830764027631082188e-04 9.999995235353055234e-01 -8.482725687961230072e-04 1.294257505958296790e-03 -1.990058968609568699e-03 8.473096377557446735e-04 9.999976608631037100e-01 1.724404357557843270e-02 9.999960660934448242e-01 6.733243353664875031e-04 2.704808022826910019e-03 9.864208698272705078e-01 -6.721946992911398411e-04 9.999997019767761230e-01 -4.126416752114892006e-04 -8.550841361284255981e-03 -2.705085324123501778e-03 4.108316497877240181e-04 9.999961853027343750e-01 2.271886914968490601e-02 3.907566547393798828e+03
4.136593000000000000e+07 9.999926748989587111e-01 2.109766823287110096e-04 -3.821732233553639963e-03 9.500828365086992910e-01 -2.100442090177444070e-04 9.999999480769782290e-01 2.443920438155537927e-04 4.744457692966939574e-03 3.821783596140345893e-03 -2.435875208950647906e-04 9.999926672907477609e-01 1.664694494834246391e-02 9.999879598617553711e-01 2.317522594239562750e-04 -4.916050471365451813e-03 9.818027615547180176e-01 -2.329206326976418495e-04 9.999999403953552246e-01 -2.228149969596415758e-04 -6.392178591340780258e-03 4.916002042591571808e-03 2.239511522930115461e-04 9.999879002571105957e-01 1.880553364753723145e-02 2.914345741271972656e+03
4.146982000000000000e+07 9.999896130817764739e-01 -1.339801088769758805e-05 -4.557800900908886427e-03 9.718474787027721051e-01 1.777969742440428647e-05 9.999995377731533130e-01 9.613206343634061969e-04 4.950822315395937354e-03 4.557785914386623671e-03 -9.613916855255293797e-04 9.999891510979433962e-01 1.082995208613236199e-02 9.999879002571105957e-01 -2.546285577409435064e-05 -4.908631090074777603e-03 9.810616970062255859e-01 2.651639806572347879e-05 1.000000000000000000e+00 2.011700125876814127e-04 -6.227260455489158630e-03 4.908628761768341064e-03 -2.013032644754275680e-04 9.999879598617553711e-01 1.448466069996356964e-02 4.162467002868652344e+03
4.157358000000000000e+07 9.999999625172032447e-01 2.558029063365973134e-04 -9.762410122222099315e-05 9.880787755073100476e-01 -2.558121996271282600e-04 9.999999627491076293e-01 -9.519402221864091873e-05 4.995363507250065796e-03 9.759974667808669565e-05 9.521899208657300378e-05 9.999999907038163993e-01 1.136884080992957811e-02 9.999998807907104492e-01 1.974139886442571878e-04 -3.966526419389992952e-04 9.839398264884948730e-01 -1.976007770281285048e-04 9.999999403953552246e-01 -3.811588394455611706e-04 -4.729188047349452972e-03 3.965735086239874363e-04 3.812432114500552416e-04 9.999998211860656738e-01 1.282302848994731903e-02 3.791195869445800781e+03
4.167741000000000000e+07 9.999958613962653953e-01 -2.593194477977625091e-04 2.865299943333479010e-03 9.613702808223959506e-01 2.582796677362772259e-04 9.999999006701381088e-01 3.632510526304290224e-04 6.134737051832267994e-03 -2.865393856786010995e-03 -3.625095005609370552e-04 9.999958290437553909e-01 9.386084338258134444e-03 9.999946355819702148e-01 -1.265464961761608720e-04 3.261312143877148628e-03 9.876682758331298828e-01 1.240191049873828888e-04 9.999997019767761230e-01 7.835211581550538540e-04 -4.086752422153949738e-03 -3.261409001424908638e-03 -7.831138791516423225e-04 9.999943375587463379e-01 1.726653613150119781e-02 3.384269475936889648e+03
4.178121000000000000e+07 9.999985868552382362e-01 -3.147069269407386217e-04 1.651437881539362081e-03 9.721096023102804295e-01 3.166002775813433253e-04 9.999992928227370292e-01 -1.146349985867775719e-03 3.171235364236703411e-03 -1.651075949398789948e-03 1.146871211601001523e-03 9.999979793152750096e-01 1.868828871349442061e-02 9.999979734420776367e-01 -2.035859652096405625e-04 2.041243016719818115e-03 9.813608527183532715e-01 2.053379575954750180e-04 9.999995827674865723e-01 -8.721115882508456707e-04 -5.598056595772504807e-03 -2.041066996753215790e-03 8.725273073650896549e-04 9.999976158142089844e-01 1.822835206985473633e-02 4.211999893188476562e+03
4.188506000000000000e+07 9.999990906387816736e-01 -7.363589133207149549e-04 -1.129821738401564322e-03 9.834837093662420759e-01 7.356815768404825718e-04 9.999995495026440251e-01 -5.998059072068409213e-04 1.760394192667962291e-03 1.130262901845892820e-03 5.989741727285544971e-04 9.999991818675219024e-01 1.561263693052198850e-02 9.999979734420776367e-01 -7.137714419513940811e-04 -1.815502881072461605e-03 9.760688543319702148e-01 7.116612978279590607e-04 9.999990463256835938e-01 -1.163416309282183647e-03 -7.046761456876993179e-03 1.816327800042927265e-03 1.162121654488146305e-03 9.999976158142089844e-01 1.878402568399906158e-02 3.411133289337158203e+03
4.198880000000000000e+07 9.999986921216829083e-01 -8.218757571050671305e-04 -1.392937602212195600e-03 9.514120193980759588e-01 8.217165278253960254e-04 9.999996557921730922e-01 -1.148802994320667181e-04 5.408201840536358898e-03 1.393031540085242674e-03 1.137355493326467753e-04 9.999990232631995601e-01 1.469721982622725076e-02 9.999979138374328613e-01 -9.066011407412588596e-04 -1.855926122516393661e-03 9.746020436286926270e-01 9.057573624886572361e-04 9.999995231628417969e-01 -4.641166306100785732e-04 -4.638067446649074554e-03 1.856347429566085339e-03 4.624394059646874666e-04 9.999982118606567383e-01 1.566652953624725342e-02 3.749240875244140625e+03
4.209274000000000000e+07 9.999992799859179771e-01 -7.387792903394140324e-04 9.456388348801344828e-04 9.819947597527101113e-01 7.384473987045163824e-04 9.999996656517020632e-01 3.512718657197046418e-04 5.749084668550213245e-03 -9.458980310870720738e-04 -3.505733082612834894e-04 9.999994911875058623e-01 1.150619384748322212e-02 9.999991655349731445e-01 -7.898149196989834309e-04 9.876920375972986221e-04 9.741706252098083496e-01 7.891316199675202370e-04 9.999994635581970215e-01 6.244766409508883953e-04 -3.397006774321198463e-03 -9.881806327030062675e-04 -6.236986373551189899e-04 9.999992251396179199e-01 1.480012666434049606e-02 3.703687429428100586e+03
4.219645000000000000e+07 9.999931636101588861e-01 -7.814997963182270229e-04 3.614137658465146896e-03 9.589160917405432638e-01 7.830069838407989133e-04 9.999996070760801548e-01 -4.156293405225221140e-04 5.144279290907511487e-03 -3.613811424139048295e-03 4.184563941454611620e-04 9.999933826087236133e-01 1.196011306973390753e-02 9.999913573265075684e-01 -6.271183374337852001e-04 4.110649228096008301e-03 9.744534492492675781e-01 6.294283084571361542e-04 9.999997019767761230e-01 -5.375266773626208305e-04 -3.584098769351840019e-03 -4.110315814614295959e-03 5.401084781624376774e-04 9.999914169311523438e-01 1.594968885183334351e-02 4.153147935867309570e+03
4.230017000000000000e+07 9.999953301907420489e-01 -8.293810225979477303e-04 2.941381278961894240e-03 9.780384692263053292e-01 8.326201504823558044e-04 9.999990481807521370e-01 -1.100173293101342755e-03 4.201477592446020530e-03 -2.940466016447710034e-03 1.102617208825028196e-03 9.999950689352907762e-01 1.652826888954009657e-02 9.999923706054687500e-01 -7.797539583407342434e-04 3.838935401290655136e-03 9.708870053291320801e-01 7.814204436726868153e-04 9.999995231628417969e-01 -4.265058087185025215e-04 -4.982544574886560440e-03 -3.838598262518644333e-03 4.295031249057501554e-04 9.999926090240478516e-01 1.713187433779239655e-02 3.948696136474609375e+03
4.240408000000000000e+07 9.999993069880543928e-01 -3.588785558115872680e-04 1.121262499667327085e-03 9.701889134131577164e-01 3.596379844297727243e-04 9.999997060508842850e-01 -6.771695985779869077e-04 3.961263604780873408e-03 -1.121019148425629651e-03 6.775723778767629582e-04 9.999991421055027807e-01 1.643889257116751962e-02 9.999997019767761230e-01 -7.603905978612601757e-04 1.433428988093510270e-04 9.691286087036132812e-01 7.604992133565247059e-04 9.999988079071044922e-01 -1.370983314700424671e-03 -6.596722174435853958e-03 -1.423068024450913072e-04 1.371089601889252663e-03 9.999990463256835938e-01 1.873663999140262604e-02 3.282064676284790039e+03
4.250779000000000000e+07 9.999988124312474413e-01 -9.664369152647643568e-04 -1.200473149888922316e-03 9.398661375933262674e-01 9.649876998071887013e-04 9.999988057366783201e-01 -1.207196734710816715e-03 5.866464530554036522e-03 1.201638395696282263e-03 1.206036859258104513e-03 9.999985507690798414e-01 1.713898439334857193e-02 9.999987483024597168e-01 -8.730053668841719627e-04 -1.355215790681540966e-03 9.596988558769226074e-01 8.716396987438201904e-04 9.999990463256835938e-01 -1.038778689689934254e-03 -4.063828848302364349e-03 1.356115099042654037e-03 1.037601847201585770e-03 9.999985694885253906e-01 1.804755069315433502e-02 4.216462135314941406e+03
4.261155000000000000e+07 9.999985033226603814e-01 -5.929456851086646737e-04 -1.625351609240900273e-03 9.564259472407520279e-01 5.929297038457331760e-04 9.999998241639748153e-01 -1.031433818726067630e-05 5.145593629958589155e-03 1.625357439287856975e-03 9.350603501712046164e-06 9.999986790620080113e-01 1.649222270286735889e-02 9.999978542327880859e-01 -6.082733743824064732e-04 -1.995838712900876999e-03 9.518036246299743652e-01 6.072429823689162731e-04 9.999996423721313477e-01 -5.405578995123505592e-04 1.436877995729446411e-03 1.996177481487393379e-03 5.393400788307189941e-04 9.999978542327880859e-01 1.813760958611965179e-02 3.070390462875366211e+03
4.271529000000000000e+07 9.999996871107141860e-01 -2.651360811735734685e-04 -7.453062003463575011e-04 9.661617399193306310e-01 2.664219047813116427e-04 9.999984755588470220e-01 1.725659106195891320e-03 7.424683479631471322e-03 7.448475296780558436e-04 -1.725857132153187611e-03 9.999982333080978947e-01 1.421381872642419469e-02 9.999992847442626953e-01 7.899953197920694947e-05 -1.200558268465101719e-03 9.519277811050415039e-01 -7.662693678867071867e-05 9.999979734420776367e-01 2.026357222348451614e-03 2.568841446191072464e-03 1.200713566504418850e-03 -2.026258967816829681e-03 9.999972581863403320e-01 1.668895781040191650e-02 3.076381921768188477e+03
4.281919000000000000e+07 9.999994411987607190e-01 9.003781231009028076e-04 -5.540048751396045319e-04 9.391322394813464980e-01 -8.989459171620090526e-04 9.999962676704359232e-01 2.580027409936265850e-03 7.745362573241030592e-03 5.563258076477376260e-04 -2.579527947793157187e-03 9.999965182625198956e-01 1.359630849591931742e-02 9.999992251396179199e-01 1.164736808277666569e-03 -3.942190087400376797e-04 9.495993256568908691e-01 -1.163789536803960800e-03 9.999961256980895996e-01 2.502821851521730423e-03 3.913333639502525330e-03 3.971349215134978294e-04 -2.502371324226260185e-03 9.999967217445373535e-01 1.808498427271842957e-02 3.746217250823974609e+03
4.292292000000000000e+07 9.999997623476695185e-01 6.653123980592327543e-04 -1.807318941808541452e-04 9.542906700889903782e-01 -6.650204957366247097e-04 9.999984821795371293e-01 1.610399441813454733e-03 4.315616356717127608e-03 1.818030385767530326e-04 -1.610278868684410572e-03 9.999986869739481143e-01 1.433299385490985692e-02 9.999995827674865723e-01 7.284944877028465271e-04 -5.508823669515550137e-04 9.488815665245056152e-01 -7.276846445165574551e-04 9.999988079071044922e-01 1.363057293929159641e-03 1.251639216206967831e-03 5.518686957657337189e-04 -1.362647395581007004e-03 9.999989867210388184e-01 1.716932095587253571e-02 3.048813343048095703e+03
4.302685000000000000e+07 9.999997315995198255e-01 6.511331384082486495e-04 3.358965978174531714e-04 9.314599695200810325e-01 -6.518450797080874246e-04 9.999975323083658552e-01 2.123787929797153577e-03 6.125012555532484589e-03 -3.345129002281864005e-04 -2.124006312316031441e-03 9.999976883464806177e-01 1.420427816409645591e-02 9.999996423721313477e-01 8.513816865161061287e-04 1.903295196825638413e-04 9.459461569786071777e-01 -8.517441456206142902e-04 9.999982118606567383e-01 1.680714543908834457e-03 2.150989836081862450e-03 -1.888948900159448385e-04 -1.680882647633552551e-03 9.999985694885253906e-01 1.667329668998718262e-02 2.882218122482299805e+03
4.313055000000000000e+07 9.999995910473898908e-01 6.953381407970610651e-04 5.782818716687156569e-04 9.377128924758808548e-01 -6.958600794451860749e-04 9.999993503137981632e-01 9.028569829075697379e-04 6.528038902373057249e-03 -5.776537050710621023e-04 -9.032590169510110222e-04 9.999994252195074651e-01 1.223552894182817520e-02 9.999995827674865723e-01 8.309232653118669987e-04 2.127546904375776649e-04 9.437963366508483887e-01 -8.311618585139513016e-04 9.999985098838806152e-01 1.554773887619376183e-03 1.333027379587292671e-03 -2.114633389282971621e-04 -1.554942224174737930e-03 9.999987483024597168e-01 1.709780097007751465e-02 2.955792188644409180e+03
4.323443000000000000e+07 9.999995998725611512e-01 7.901603672987763923e-04 4.194059032021004861e-04 9.470191479007270541e-01 -7.900032573497474744e-04 9.999996177717523915e-01 -3.746347588264235091e-04 1.695039379763232327e-03 -4.197017644319542859e-04 3.743032768950954863e-04 9.999998418737303663e-01 1.778670299920280182e-02 9.999996423721313477e-01 7.226025918498635292e-04 5.407420685514807701e-04 9.412236809730529785e-01 -7.222710992209613323e-04 9.999994635581970215e-01 -7.214472279883921146e-04 -1.061660586856305599e-03 -5.412629689089953899e-04 7.210558978840708733e-04 9.999995827674865723e-01 1.680020056664943695e-02 2.861044645309448242e+03
4.333833000000000000e+07 9.999993873022056112e-01 3.655377601896350162e-04 -1.044881504877988266e-03 9.210812186182441019e-01 -3.646892580050149942e-04 9.999996037223255474e-01 8.121311081772986150e-04 4.957189709490375171e-03 1.045177955401038880e-03 -8.117495535256427034e-04 9.999991243324685142e-01 1.501606411679917708e-02 9.999988675117492676e-01 5.208220100030303001e-04 -1.413799240253865719e-03 9.371033310890197754e-01 -5.197929567657411098e-04 9.999995231628417969e-01 7.265015738084912300e-04 -2.025136025622487068e-03 1.414181315340101719e-03 -7.257681572809815407e-04 9.999987483024597168e-01 1.712061837315559387e-02 2.848769187927246094e+03
4.344205000000000000e+07 9.999985273118598972e-01 9.952343211027921480e-04 -1.398171218923136916e-03 9.424984918428370717e-01 -9.944435830845793373e-04 9.999993452874527122e-01 5.661330460627516173e-04 3.607696730724138830e-03 1.398733738560648714e-03 -5.647418099286173436e-04 9.999988623046611735e-01 1.513481235274733924e-02 9.999989271163940430e-01 8.203394245356321335e-04 -1.218815450556576252e-03 9.360463023185729980e-01 -8.192893583327531815e-04 9.999994039535522461e-01 8.515425724908709526e-04 -8.888643351383507252e-04 1.219501486048102379e-03 -8.505447185598313808e-04 9.999988675117492676e-01 1.571392454206943512e-02 2.654483556747436523e+03
4.354591000000000000e+07 9.999999490031103999e-01 2.843633534090858920e-04 1.453659512229120985e-04 9.139110102955865234e-01 -2.842334810470248060e-04 9.999995611864441747e-01 -8.926579676920748429e-04 3.649894520034760795e-03 -1.456197266475024125e-04 8.926166042989531558e-04 9.999995910151627809e-01 1.192453077528561611e-02 9.999998807907104492e-01 4.824399948120117188e-04 9.418546142114792019e-06 9.344058036804199219e-01 -4.824080679100006819e-04 9.999992847442626953e-01 -1.076339278370141983e-03 -4.905394744127988815e-03 -9.928121471602935344e-06 1.076338347047567368e-03 9.999994039535522461e-01 1.553848199546337128e-02 2.832122087478637695e+03
4.364977000000000000e+07 9.999989136896350050e-01 7.965777759625209363e-04 1.240194902761003774e-03 9.266913820089520692e-01 -7.927126153768504924e-04 9.999948374366371961e-01 -3.113953561461697481e-03 -3.042469538945330974e-03 -1.242669006378675648e-03 3.112967060596722856e-03 9.999943825891325355e-01 1.227313067480986959e-02 9.999989271163940430e-01 7.549318834207952023e-04 1.267323386855423450e-03 9.319961071014404297e-01 -7.512636948376893997e-04 9.999954700469970703e-01 -2.898629289120435715e-03 -7.885963656008243561e-03 -1.269507571123540401e-03 2.897678175941109657e-03 9.999949336051940918e-01 1.647125184535980225e-02 2.847329139709472656e+03
4.375365000000000000e+07 9.999997743518362903e-01 3.433205894338271454e-04 5.774315971492734916e-04 9.337341616935040944e-01 -3.428204300332217879e-04 9.999995662108905892e-01 -8.660555313253353064e-04 -6.936913332400842591e-04 -5.777286813612323097e-04 8.658573805530454977e-04 9.999994582601369197e-01 1.845330444228660341e-02 9.999995827674865723e-01 2.392239257460460067e-04 8.765388629399240017e-04 9.283119440078735352e-01 -2.383663231739774346e-04 9.999994635581970215e-01 -1.000091899186372757e-03 -5.824312102049589157e-03 -8.767762919887900352e-04 9.998740861192345619e-04 9.999991655349731445e-01 1.832469552755355835e-02 3.002824068069458008e+03
4.385750000000000000e+07 9.999978269772688000e-01 3.862274522726051097e-04 -2.048626148315108465e-03 9.098397793870891537e-01 -3.859437698749348272e-04 9.999999158815418010e-01 1.388679792218094975e-04 2.825340949174389663e-03 2.048679610613652821e-03 -1.380770229597888955e-04 9.999978919210723571e-01 1.795587836850559213e-02 9.999961256980895996e-01 4.108894499950110912e-04 -2.747244900092482567e-03 9.236202836036682129e-01 -4.110197478439658880e-04 9.999999403953552246e-01 -3.894486508215777576e-05 -1.017275173217058182e-02 2.747236983850598335e-03 4.006849121651612222e-05 9.999961853027343750e-01 2.043635211884975433e-02 2.804341554641723633e+03
4.396128000000000000e+07 9.999929720787645859e-01 7.881528051847543461e-04 -3.665325119922703372e-03 9.060931044510430743e-01 -7.927713057563908578e-04 9.999988935053205630e-01 -1.258769951715731257e-03 -4.097042177473271605e-04 3.664328961191432987e-03 1.261666869761000247e-03 9.999924904167900586e-01 1.342808572071728899e-02 9.999923110008239746e-01 3.585270897019654512e-04 -3.905642777681350708e-03 9.176260232925415039e-01 -3.644920943770557642e-04 9.999986886978149414e-01 -1.522122765891253948e-03 -1.650038734078407288e-02 3.905082354322075844e-03 1.523538609035313129e-03 9.999912977218627930e-01 1.599078439176082611e-02 2.578937292098999023e+03
4.406519000000000000e+07 9.999978243011291568e-01 1.244551868542051205e-03 -1.674062022317839883e-03 9.208015850358008958e-01 -1.244328503742351709e-03 9.999992167829979683e-01 1.344617622499928332e-04 7.341992747515368924e-04 1.674228055801457032e-03 -1.323783866102858846e-04 9.999985897171955740e-01 1.526907612425193635e-02 9.999974370002746582e-01 9.566765511408448219e-04 -2.055683871731162071e-03 9.096807241439819336e-01 -9.589759865775704384e-04 9.999989271163940430e-01 -1.117137144319713116e-03 -1.077780220657587051e-02 2.054618438705801964e-03 1.119109103456139565e-03 9.999971985816955566e-01 1.167628820985555649e-02 2.727211475372314453e+03
4.416905000000000000e+07 9.999993365971000525e-01 8.799422560225098186e-04 7.433081364262117234e-04 8.785612447538535541e-01 -8.811788593422832444e-04 9.999982257106250216e-01 1.664962287791779422e-03 8.173536395388350875e-03 -7.418417469107711076e-04 -1.665616170666765197e-03 9.999983376954155734e-01 9.027190481745675510e-03 9.999991059303283691e-01 9.002760634757578373e-04 9.922073222696781158e-04 8.998615741729736328e-01 -9.036223636940121651e-04 9.999939203262329102e-01 3.369949525222182274e-03 -1.358077861368656158e-02 -9.891703957691788673e-04 -3.370843129232525826e-03 9.999938607215881348e-01 2.485563233494758606e-02 2.587627887725830078e+03
4.427279000000000000e+07 9.999990977592668751e-01 4.459478427745877248e-04 1.267127133954198915e-03 9.079059424102723375e-01 -4.467128109393787329e-04 9.999997181273846403e-01 6.034838985694729882e-04 6.913029590187516268e-03 -1.266857654443043300e-03 -6.040493960055442774e-04 9.999990150975203163e-01 1.606689900968745477e-02 9.999990463256835938e-01 2.384470135439187288e-04 1.376007683575153351e-03 8.891882896423339844e-01 -2.395554911345243454e-04 9.999996423721313477e-01 7.881441270001232624e-04 -1.119185239076614380e-02 -1.375811058096587658e-03 -7.884806836955249310e-04 9.999988079071044922e-01 2.395575307309627533e-02 2.442203044891357422e+03
4.437666000000000000e+07 9.999999119968331351e-01 -3.399158597768590700e-04 2.458933391867265152e-04 8.565195735393400511e-01 3.397797128608867623e-04 9.999997890866094696e-01 5.535128576750746607e-04 6.517935178443965208e-03 -2.460814351234428014e-04 -5.534292593960069831e-04 9.999998165799742766e-01 1.798388124113062606e-02 9.999998807907104492e-01 -2.234925341326743364e-04 9.478334504819940776e-06 8.811853528022766113e-01 2.235831052530556917e-04 9.999999403953552246e-01 6.342713459162041545e-05 -1.664221845567226410e-02 -9.500231499259825796e-06 -6.341269181575626135e-05 1.000000000000000000e+00 2.556697465479373932e-02 2.606314659118652344e+03
4.448054000000000000e+07 9.999999437218030085e-01 -9.763886576618247557e-05 -3.209720276861035074e-04 8.612551590109304156e-01 9.749900639617209441e-05 9.999999003193889013e-01 -4.357237151943351805e-04 5.509037455406435267e-03 3.210145392607546486e-04 4.356923962188098253e-04 9.999998535608899397e-01 1.427685749794682657e-02 9.999997019767761230e-01 -2.044986322289332747e-04 -7.523671374656260014e-04 8.642142415046691895e-01 2.043828862952068448e-04 1.000000000000000000e+00 -1.180447288788855076e-04 -1.305607240647077560e-02 7.523961830884218216e-04 1.178862294182181358e-04 9.999997019767761230e-01 2.265327982604503632e-02 2.609454154968261719e+03
4.458431000000000000e+07 9.999998442781425911e-01 5.259272267040822997e-04 1.866661267780311796e-04 8.678249011849779038e-01 -5.259361915843421007e-04 9.999998605444897493e-01 4.798044563997432233e-05 1.628386286534430410e-03 -1.866408665236997876e-04 -4.807861264018564170e-05 9.999999814268167864e-01 1.640891225545610538e-02 1.000000119209289551e+00 3.967886732425540686e-05 -1.807844382710754871e-04 8.539495468139648438e-01 -3.982726047979667783e-05 9.999998211860656738e-01 -4.828232049476355314e-04 -1.446350757032632828e-02 1.807640219340100884e-04 4.828328383155167103e-04 9.999998807907104492e-01 2.167690545320510864e-02 2.761711835861206055e+03
4.468822000000000000e+07 9.999999735101068321e-01 -2.175454896238962282e-04 7.519139302847154948e-05 8.146400736075752880e-01 2.175274946032778147e-04 9.999999477210285148e-01 2.392482586037967260e-04 7.084299469728432865e-03 -7.524343647710249219e-05 -2.392318960707947000e-04 9.999999685532621196e-01 1.448960257730967302e-02 9.999999403953552246e-01 -1.126128772739320993e-04 -9.361821867059916258e-05 8.398929834365844727e-01 1.127418581745587289e-04 9.999999403953552246e-01 4.705400206148624420e-04 -1.129426341503858566e-02 9.356243390357121825e-05 -4.705561150331050158e-04 9.999998807907104492e-01 2.068766951560974121e-02 2.484772920608520508e+03
4.479218000000000000e+07 9.999999313823533242e-01 3.580719955330416448e-04 9.497228353424637241e-05 8.429707632431500119e-01 -3.581327808907085880e-04 9.999997305647022605e-01 6.407896957762713487e-04 6.159339861695276551e-03 -9.474280910027725068e-05 -6.408236644948001135e-04 9.999997901843934445e-01 1.536801145368698641e-02 9.999999403953552246e-01 1.108063515857793391e-04 3.119546454399824142e-04 8.267101049423217773e-01 -1.111574747483246028e-04 9.999995231628417969e-01 1.001028344035148621e-03 -1.031621824949979782e-02 -3.118476597592234612e-04 -1.001057913526892662e-03 9.999994039535522461e-01 2.159821055829524994e-02 2.577336788177490234e+03
4.489587000000000000e+07 9.999998693204202871e-01 -3.432879230590816524e-04 3.788304952031365026e-04 7.908974166625974966e-01 3.432049692608566912e-04 9.999999171210183224e-01 2.190166784437647552e-04 8.905610105962337431e-03 -3.789056495867090943e-04 -2.188866333142960028e-04 9.999999042595705268e-01 1.784185073280807401e-02 1.000000000000000000e+00 -2.378303033765405416e-04 -2.073301948257721961e-05 8.182089924812316895e-01 2.377908967901021242e-04 9.999998807907104492e-01 1.388273813063278794e-04 -1.009282097220420837e-02 2.070000664389226586e-05 -1.388365344610065222e-04 1.000000000000000000e+00 1.941316388547420502e-02 2.615226745605468750e+03
4.499971000000000000e+07 9.999994721404950049e-01 -3.650407909640537634e-04 9.604498698140671734e-04 8.064282725614281278e-01 3.656272880015239840e-04 9.999997467765969761e-01 -6.105435514461882585e-04 2.508335691869646635e-03 -9.602267533047447595e-04 6.108943958461328459e-04 9.999993523861000488e-01 1.326833524861482927e-02 9.999997615814208984e-01 -3.369158657733350992e-04 6.759413518011569977e-04 8.067482709884643555e-01 3.372413921169936657e-04 9.999998211860656738e-01 -3.690155281219631433e-04 -1.126609276980161667e-02 -6.758081144653260708e-04 3.692403261084109545e-04 9.999997019767761230e-01 1.802876405417919159e-02 2.368506908416748047e+03
4.510355000000000000e+07 9.999984920866937799e-01 2.282171147832534998e-04 1.721551999577361838e-03 8.143325729386352574e-01 -2.278758973152303347e-04 9.999999543556116199e-01 -1.983969513404751632e-04 3.586663584153268209e-03 -1.721597198577990047e-03 1.980043519683937988e-04 9.999984984475539518e-01 1.585655454596025457e-02 9.999977946281433105e-01 -2.174778492189943790e-04 2.084323903545737267e-03 7.984153628349304199e-01 2.178634022129699588e-04 1.000000000000000000e+00 -1.924700627569109201e-04 -1.177599187940359116e-02 -2.084285020828247070e-03 1.929252903209999204e-04 9.999977350234985352e-01 1.803466863930225372e-02 2.530846595764160156e+03
4.520733000000000000e+07 9.999972750831876978e-01 -2.588779825020816132e-04 2.320088013370573844e-03 7.690381805802712911e-01 2.602333989253499073e-04 9.999997956543565936e-01 -5.839262138698524032e-04 4.834253954062152359e-03 -2.319936373630518758e-03 5.845283871090204688e-04 9.999971381067983556e-01 1.163852308940678884e-02 9.999974966049194336e-01 -1.999271044041961432e-04 2.205474535003304482e-03 7.885468602180480957e-01 2.010317111853510141e-04 9.999998211860656738e-01 -4.666607419494539499e-04 -1.066670194268226624e-02 -2.205386757850646973e-03 4.671118804253637791e-04 9.999974370002746582e-01 1.880673132836818695e-02 2.549736499786376953e+03
4.531122000000000000e+07 9.999983153564998561e-01 8.984394188264410394e-05 1.833360910574115049e-03 7.747515562398884503e-01 -8.818441278660095646e-05 9.999995863775640315e-01 -9.052448343905964735e-04 3.016846607831189572e-03 -1.833441483019199831e-03 9.050816355204452596e-04 9.999979096575959403e-01 1.676158311252439956e-02 9.999983310699462891e-01 -3.907474456354975700e-05 1.825748709961771965e-03 7.736983895301818848e-01 4.098965655430220068e-05 9.999993443489074707e-01 -1.108681084588170052e-03 -2.024433575570583344e-03 -1.825699699111282825e-03 1.108749420382082462e-03 9.999977350234985352e-01 2.138384617865085602e-02 2.476821422576904297e+03
4.541524000000000000e+07 9.999990785835861651e-01 -3.933389535115356999e-04 1.299275354325775443e-03 7.756530204759629621e-01 3.953532682368952954e-04 9.999987199084532374e-01 -1.550444209944809798e-03 9.871970844128939802e-04 -1.298663841031359820e-03 1.550956454097738397e-03 9.999979540010596191e-01 1.258557351284613456e-02 9.999992847442626953e-01 -3.706508723553270102e-04 1.197492703795433044e-03 7.577199935913085938e-01 3.723325207829475403e-04 9.999989271163940430e-01 -1.385810086503624916e-03 5.826602689921855927e-03 -1.196981524117290974e-03 1.386253396049141884e-03 9.999983906745910645e-01 2.225347608327865601e-02 2.611661672592163086e+03
4.551894000000000000e+07 9.999994789201349654e-01 -5.948456101861997322e-04 8.296494190546324773e-04 7.256773519837343978e-01 5.961712539115316062e-04 9.999985446797052813e-01 -1.598505022633937758e-03 1.522965500121859547e-03 -8.286973479534211597e-04 1.598998802819621024e-03 9.999983782304520119e-01 1.297318978643984509e-02 9.999996423721313477e-01 -3.108900273218750954e-04 7.254155352711677551e-04 7.429409623146057129e-01 3.122813941445201635e-04 9.999980926513671875e-01 -1.989195588976144791e-03 9.047192521393299103e-03 -7.247949833981692791e-04 1.989417476579546928e-03 9.999977350234985352e-01 2.294819056987762451e-02 2.739235162734985352e+03
4.562298000000000000e+07 9.999997211812416964e-01 -6.300351874424668566e-04 4.008654402347646361e-04 7.435474748196723160e-01 6.304172108825385149e-04 9.999993466245695739e-01 -9.535851162815488008e-04 -1.423377290722547465e-04 -4.002643861416563037e-04 9.538375628769028792e-04 9.999994649910192157e-01 1.695116266075568853e-02 9.999999403953552246e-01 -5.318465991877019405e-04 1.101090947486227378e-05 7.268495559692382812e-01 5.318997427821159363e-04 9.999991059303283691e-01 -1.175466459244489670e-03 4.528725985437631607e-03 -1.037854872265597805e-05 1.175480778329074383e-03 9.999992847442626953e-01 2.070686593651771545e-02 2.809919357299804688e+03
4.572654000000000000e+07 9.999992447448116106e-01 -1.180608703752775331e-03 3.415741429761903281e-04 6.941333803708381600e-01 1.180807826832392781e-03 9.999991327009810638e-01 -5.833439481518084245e-04 8.773742834795409187e-03 -3.408851457868016573e-04 5.837468409997348092e-04 9.999997715184454350e-01 1.063849709352955239e-02 9.999994039535522461e-01 -9.533588890917599201e-04 3.996284212917089462e-04 7.184205055236816406e-01 9.532357216812670231e-04 9.999994039535522461e-01 4.855745646636933088e-04 1.647858135402202606e-02 -4.000953922513872385e-04 -4.852007259614765644e-04 9.999998211860656738e-01 2.247090078890323639e-02 2.824527025222778320e+03
4.583109000000000000e+07 9.999989115681244822e-01 -1.472669776731903206e-03 9.003496447288114309e-05 6.964846915927338511e-01 1.472757022846398487e-03 9.999984384599406306e-01 -9.767622186831095409e-04 -5.065271541663957924e-04 -8.859637568116917401e-05 9.768937551702053940e-04 9.999995189145208796e-01 1.379432902485322118e-02 9.999993443489074707e-01 -1.154758851043879986e-03 -4.032990909763611853e-05 6.934376358985900879e-01 1.154657336883246899e-03 9.999979138374328613e-01 -1.670031808316707611e-03 8.197417482733726501e-03 4.225945667712949216e-05 1.669982913881540298e-03 9.999985694885253906e-01 1.908304728567600250e-02 2.450349330902099609e+03
4.593431000000000000e+07 9.999952268148317724e-01 -2.837616321564624157e-03 -1.222407937039574630e-03 7.033923013784572076e-01 2.835001594272587057e-03 9.999937012986094276e-01 -2.135445870918128118e-03 4.040071376221353663e-03 1.228459813514137019e-03 2.131970149589211203e-03 9.999969727903018635e-01 1.436347461653376609e-02 9.999958276748657227e-01 -2.559872111305594444e-03 -1.329450984485447407e-03 6.853449344635009766e-01 2.557556377723813057e-03 9.999953508377075195e-01 -1.686793752014636993e-03 9.869664907455444336e-03 1.333763008005917072e-03 1.683395006693899632e-03 9.999976754188537598e-01 1.996728964149951935e-02 2.594616889953613281e+03
4.603818000000000000e+07 9.999877356103136217e-01 -4.854755679815619257e-03 -9.797837755373582039e-04 6.607204371463473169e-01 4.852174081411044469e-03 9.999847951971029270e-01 -2.620263592038749902e-03 4.115282962582515920e-03 9.924896176742334201e-04 2.615477374663926352e-03 9.999960871135753493e-01 1.354110534121332268e-02 9.999889135360717773e-01 -4.570886958390474319e-03 -1.114120823331177235e-03 6.716343760490417480e-01 4.567999858409166336e-03 9.999859333038330078e-01 -2.688440028578042984e-03 6.142505910247564316e-03 1.126392744481563568e-03 2.683322178199887276e-03 9.999958276748657227e-01 1.842843741178512573e-02 3.243324518203735352e+03
4.614205000000000000e+07 9.999758358869217378e-01 -6.928833257502180730e-03 -5.647228895429145124e-04 6.753712694598601463e-01 6.927158463793567887e-03 9.999717565688353016e-01 -2.915568598991944479e-03 4.338464987520914209e-03 5.849084285040810453e-04 2.911586221918635673e-03 9.999955902641785022e-01 1.136983197116891824e-02 9.999769926071166992e-01 -6.770487874746322632e-03 -6.162774516269564629e-04 6.606052517890930176e-01 6.768664345145225525e-03 9.999732375144958496e-01 -2.769273938611149788e-03 1.002398878335952759e-02 6.350087933242321014e-04 2.765033394098281860e-03 9.999960064888000488e-01 1.758686639368534088e-02 3.338641405105590820e+03
4.624592000000000000e+07 9.999499023745042070e-01 -1.000895062490925191e-02 1.168272560242476310e-04 6.341926333384531045e-01 1.000913448023130203e-02 9.999484681793440188e-01 -1.696529616670006948e-03 5.157272768334790827e-03 -9.984075453609612624e-05 1.697613964281131666e-03 9.999985540682806429e-01 1.237929444339572888e-02 9.999482035636901855e-01 -1.017195265740156174e-02 -1.907051191665232182e-04 6.474807262420654297e-01 1.017143018543720245e-02 9.999448060989379883e-01 -2.650076290592551231e-03 9.627595543861389160e-03 2.176536072511225939e-04 2.647998277097940445e-03 9.999964237213134766e-01 1.459326781332492828e-02 2.830781936645507812e+03
4.634968000000000000e+07 9.999300749250574771e-01 -1.181117663618297571e-02 5.842660677229691117e-04 6.360184353694784409e-01 1.181257651709900595e-02 9.999272189605200589e-01 -2.453531721353261960e-03 3.629932068070048940e-03 -5.552444476878459810e-04 2.460261845595094424e-03 9.999968194025691259e-01 9.739933481617652974e-03 9.999301433563232422e-01 -1.179777737706899643e-02 6.942375912331044674e-04 6.374394893646240234e-01 1.179937180131673813e-02 9.999278783798217773e-01 -2.235504100099205971e-03 1.192992739379405975e-02 -6.678171921521425247e-04 2.243541181087493896e-03 9.999972581863403320e-01 1.349724363535642624e-02 2.968060016632080078e+03
4.645343000000000000e+07 9.999047800094872374e-01 -1.378362738092953066e-02 6.652295863100131639e-04 6.374987051104653579e-01 1.378468647329815326e-02 9.999036830260997766e-01 -1.614648467565135258e-03 8.421732882167446213e-03 -6.429098005812041881e-04 1.623664702033417867e-03 9.999984751887993628e-01 1.278283869859997424e-02 9.999063014984130859e-01 -1.368019450455904007e-02 4.917797632515430450e-04 6.262013316154479980e-01 1.368079241365194321e-02 9.999051690101623535e-01 -1.590405707247555256e-03 1.799213327467441559e-02 -4.699699056800454855e-04 1.596981426700949669e-03 9.999986290931701660e-01 1.505949720740318298e-02 2.583671331405639648e+03
4.655722000000000000e+07 9.998719649504513862e-01 -1.598922080211346089e-02 6.312877826396286847e-04 6.065222905519863650e-01 1.599061316486807480e-02 9.998695745984760297e-01 -2.265851467816514409e-03 9.912048716786293207e-03 -5.949762472533896276e-04 2.275656038139460807e-03 9.999972336926044036e-01 9.953874184831618468e-03 9.998623132705688477e-01 -1.657268777489662170e-02 8.273908169940114021e-04 6.180890798568725586e-01 1.657455973327159882e-02 9.998601675033569336e-01 -2.226662356406450272e-03 1.491479296237230301e-02 -7.903792429715394974e-04 2.240074099972844124e-03 9.999971985816955566e-01 1.432045828551054001e-02 3.027570009231567383e+03
4.666097000000000000e+07 9.998021975689609375e-01 -1.988312346937775449e-02 4.765893177648990024e-04 6.075204427257346884e-01 1.988452339743818770e-02 9.997973563591346924e-01 -3.138781059956610633e-03 1.011322446144815104e-02 -4.140839686118878943e-04 3.147636952872517099e-03 9.999949604453413077e-01 1.196144007272290262e-02 9.997999072074890137e-01 -2.000006474554538727e-02 2.599054423626512289e-04 6.109964251518249512e-01 2.000089921057224274e-02 9.997926950454711914e-01 -3.810602938756346703e-03 7.231802213937044144e-03 -1.836454903241246939e-04 3.815044183284044266e-03 9.999926686286926270e-01 1.260640565305948257e-02 3.299977064132690430e+03
4.676455000000000000e+07 9.997286703331542679e-01 -2.328293653305416391e-02 7.004143782090954500e-04 6.054031987020876970e-01 2.328485850944486332e-02 9.997247399646959076e-01 -2.873963589953869389e-03 1.206636626446280086e-02 -6.333072702594177636e-04 2.889492848065060033e-03 9.999956248669203962e-01 1.304040559671861693e-02 9.997387528419494629e-01 -2.285046316683292389e-02 3.822131257038563490e-04 5.999745726585388184e-01 2.285161986947059631e-02 9.997328519821166992e-01 -3.453195560723543167e-03 1.393937785178422928e-02 -3.031946835108101368e-04 3.461029613390564919e-03 9.999939203262329102e-01 9.562309831380844116e-03 3.258403539657592773e+03
4.686831000000000000e+07 9.996742049926617968e-01 -2.549634796847078874e-02 1.191684757136971104e-03 5.754786552610674510e-01 2.549693845659871741e-02 9.996747835531761828e-01 -4.829671322027234313e-04 2.473046761070486418e-02 -1.178983303594545754e-03 5.131940968347313342e-04 9.999991733147526318e-01 9.092630658611846467e-03 9.996516704559326172e-01 -2.636162377893924713e-02 1.233327318914234638e-03 5.914833545684814453e-01 2.636256068944931030e-02 9.996522665023803711e-01 -6.582826608791947365e-04 2.031451649963855743e-02 -1.215546857565641403e-03 6.905626505613327026e-04 9.999989867210388184e-01 4.486469086259603500e-03 3.834092378616333008e+03
4.697193000000000000e+07 9.995479352437727227e-01 -3.000260826868718020e-02 1.941300333937595428e-03 5.849068039306243305e-01 2.999713902571329860e-02 9.995460973673998550e-01 2.787631229656563781e-03 2.774699211319052450e-02 -2.024055380386298279e-03 -2.728137583816487178e-03 9.999942302159252616e-01 1.018289051858408019e-02 9.995750784873962402e-01 -2.909403666853904724e-02 1.810887712053954601e-03 5.725790262222290039e-01 2.908962592482566833e-02 9.995738863945007324e-01 2.404615050181746483e-03 3.323058411478996277e-02 -1.880080788396298885e-03 -2.350920345634222031e-03 9.999954700469970703e-01 4.807795397937297821e-03 3.667330503463745117e+03
4.707556000000000000e+07 9.995353686840535712e-01 -3.042035126371040593e-02 1.910229992837451625e-03 5.567153616200889443e-01 3.041298995385555842e-02 9.995303038269596207e-01 3.771176693319774204e-03 3.699568668810217231e-02 -2.024053284808494547e-03 -3.711328680948371758e-03 9.999910645839402701e-01 7.858076290255996618e-03 9.995143413543701172e-01 -3.109994344413280487e-02 1.987584168091416359e-03 5.633704066276550293e-01 3.109238483011722565e-02 9.995095729827880859e-01 3.727426286786794662e-03 3.464435040950775146e-02 -2.102530561387538910e-03 -3.663807176053524017e-03 9.999911189079284668e-01 3.037808230146765709e-03 3.307810544967651367e+03
4.717917000000000000e+07 9.994296850949321298e-01 -3.373016168036346157e-02 1.606469439819123738e-03 5.497413596733632390e-01 3.372334701228785203e-02 9.994228153891183686e-01 4.095356636090679778e-03 3.880656115795879518e-02 -1.743679251854696969e-03 -4.038845466775893220e-03 9.999903236081646440e-01 1.108236755808567411e-02 9.994227886199951172e-01 -3.392699360847473145e-02 1.774259726516902447e-03 5.538266301155090332e-01 3.391941264271736145e-02 9.994161128997802734e-01 4.108067136257886887e-03 3.714922815561294556e-02 -1.912593259476125240e-03 -4.045517183840274811e-03 9.999899864196777344e-01 3.934857901185750961e-03 3.377117156982421875e+03
4.728292000000000000e+07 9.992656472181317140e-01 -3.828266907162929805e-02 1.613548412807009518e-03 5.462284815966383933e-01 3.827728369447178092e-02 9.992618845175674780e-01 3.245874823918764099e-03 3.889958904440676823e-02 -1.736618179473877269e-03 -3.181728956360444817e-03 9.999934303574933292e-01 1.017218017848057175e-02 9.993134140968322754e-01 -3.700768575072288513e-02 1.711153774522244930e-03 5.389200448989868164e-01 3.700210899114608765e-02 9.993101358413696289e-01 3.192464355379343033e-03 5.368736386299133301e-02 -1.828129286877810955e-03 -3.126956988126039505e-03 9.999934434890747070e-01 -2.992245601490139961e-03 3.270511627197265625e+03
4.738654000000000000e+07 9.991907365123681162e-01 -4.013863842893868744e-02 2.600340928095012331e-03 5.247826798361612255e-01 4.013700486866209061e-02 9.991939561317413343e-01 6.773994189683720099e-04 3.765679032756927974e-02 -2.625434829584483848e-03 -5.724813278609270023e-04 9.999963896720251988e-01 1.235795199159413910e-02 9.991597533226013184e-01 -4.090334102511405945e-02 2.603472210466861725e-03 5.347512364387512207e-01 4.090246930718421936e-02 9.991630315780639648e-01 3.792795469053089619e-04 3.743909299373626709e-02 -2.616806421428918839e-03 -2.724759397096931934e-04 9.999965429306030273e-01 1.299152849242091179e-03 3.339343786239624023e+03
4.749016000000000000e+07 9.989836533936363727e-01 -4.505438781103445617e-02 1.327550856266465759e-03 5.155836762289223163e-01 4.504726849142973860e-02 9.989724570444403762e-01 4.977315346126963413e-03 4.540018563703226984e-02 -1.550436636598179424e-03 -4.912454128707863070e-03 9.999867318823132400e-01 1.211342545920499406e-02 9.989877939224243164e-01 -4.496521502733230591e-02 1.235333504155278206e-03 5.214343667030334473e-01 4.495847597718238831e-02 9.989758729934692383e-01 5.092129576951265335e-03 4.182476550340652466e-02 -1.463036518543958664e-03 -5.031440407037734985e-03 9.999862313270568848e-01 3.132962621748447418e-03 3.150031566619873047e+03
4.759387000000000000e+07 9.988767741186417304e-01 -4.737240372625434875e-02 -1.022492803270115633e-03 4.988324032503620997e-01 4.737938676064867155e-02 9.988409620406746292e-01 8.480935080770298645e-03 4.754647074743193619e-02 6.195454146755847687e-04 -8.519854156975571746e-03 9.999635134586777330e-01 8.629973411537532335e-03 9.989123940467834473e-01 -4.661874845623970032e-02 -7.812248077243566513e-04 5.029608011245727539e-01 4.662341624498367310e-02 9.988811016082763672e-01 7.917472161352634430e-03 6.767658889293670654e-02 4.112542665097862482e-04 -7.945286110043525696e-03 9.999683499336242676e-01 2.805056981742382050e-03 3.224214076995849609e+03
4.769741000000000000e+07 9.989533712359697226e-01 -4.568995510512102731e-02 -2.142451582395482612e-03 4.932211968831363147e-01 4.571162677921669637e-02 9.988886542189946427e-01 1.148493142178994703e-02 7.222068027135111756e-02 1.615324576821402939e-03 -1.157084590933799180e-02 9.999317507967500074e-01 5.070430497046738740e-03 9.989341497421264648e-01 -4.610505327582359314e-02 -2.220589900389313698e-03 4.990376830101013184e-01 4.612888768315315247e-02 9.988608360290527344e-01 1.221569720655679703e-02 5.575592443346977234e-02 1.654848689213395119e-03 -1.230510883033275604e-02 9.999229311943054199e-01 1.589203369803726673e-03 3.282027244567871094e+03
4.780116000000000000e+07 9.989331779038033154e-01 -4.611533794122529839e-02 -2.425219490106071338e-03 4.879965471661603105e-01 4.613526500286930371e-02 9.988953038207846191e-01 8.928008058768270930e-03 6.051697779213983247e-02 2.010822250629510852e-03 -9.030371606362320308e-03 9.999572035754967780e-01 8.511883840244224494e-03 9.989327192306518555e-01 -4.613068327307701111e-02 -2.331270137801766396e-03 4.919528365135192871e-01 4.614994302392005920e-02 9.988932609558105469e-01 9.078837931156158447e-03 5.398980900645256042e-02 1.909869723021984100e-03 -9.176742285490036011e-03 9.999560117721557617e-01 9.515490964986383915e-04 3.359868049621582031e+03
4.790491000000000000e+07 9.988078601599972295e-01 -4.869096739229420573e-02 -3.471048402163059814e-03 4.816692064609825463e-01 4.871217634315702649e-02 9.987929083131078523e-01 6.312699846887522524e-03 5.354958687509592946e-02 3.159487066089867405e-03 -6.474256547763868400e-03 9.999740504851278855e-01 8.587169674005589587e-03 9.988446235656738281e-01 -4.793611913919448853e-02 -3.397932508960366249e-03 4.849911332130432129e-01 4.795943200588226318e-02 9.988237619400024414e-01 7.135862018913030624e-03 6.602889299392700195e-02 3.051884006708860397e-03 -7.290571928024291992e-03 9.999688267707824707e-01 7.799262180924415588e-03 3.184906244277954102e+03
4.800860000000000000e+07 9.987791814314130878e-01 -4.936986004499752112e-02 -1.662425437025041516e-03 4.856217967800237623e-01 4.937352883763587025e-02 9.987778642903577531e-01 2.243313110280034488e-03 5.455325675294662308e-02 1.549641673242202261e-03 -2.322654242235225753e-03 9.999961019363803327e-01 7.601557518003702538e-03 9.987773299217224121e-01 -4.939213395118713379e-02 -2.069859765470027924e-03 4.844338893890380859e-01 4.939678683876991272e-02 9.987767934799194336e-01 2.220926340669393539e-03 3.800449520349502563e-02 1.957620726898312569e-03 -2.320462837815284729e-03 9.999954104423522949e-01 5.274056922644376755e-03 3.713640928268432617e+03
4.811229000000000000e+07 9.987050916975900305e-01 -5.087142153215725576e-02 4.881481392771619496e-04 4.743217881784101420e-01 5.087079931044903580e-02 9.987045071566216237e-01 1.212090163933031732e-03 4.817328513366354176e-02 -5.491764965206388013e-04 -1.185688132289547652e-03 9.999991462740498438e-01 5.270428498752434930e-03 9.987428784370422363e-01 -5.012394860386848450e-02 2.829585282597690821e-04 4.825597107410430908e-01 5.012354999780654907e-02 9.987421631813049316e-01 1.251784386113286018e-03 5.853827297687530518e-02 -3.453459066804498434e-04 -1.236025709658861160e-03 9.999991655349731445e-01 3.209485439583659172e-03 3.445465803146362305e+03
4.821606000000000000e+07 9.987836945442596370e-01 -4.927740139113060552e-02 1.693878583755783736e-03 4.782949877977608621e-01 4.927591948467725802e-02 9.987847933146560830e-01 9.057606413030277462e-04 5.635738204640398930e-02 -1.736453701862420177e-03 -8.211915349834469522e-04 9.999981551848005079e-01 6.785908229226658706e-03 9.987559318542480469e-01 -4.984053969383239746e-02 1.569850021041929722e-03 4.810168147087097168e-01 4.983979463577270508e-02 9.987571835517883301e-01 4.993400652892887592e-04 3.722304105758666992e-02 -1.592776039615273476e-03 -4.204720316920429468e-04 9.999986290931701660e-01 9.631855413317680359e-03 3.401703357696533203e+03
4.831978000000000000e+07 9.987234026354575578e-01 -5.038128364005350218e-02 3.645721743937599228e-03 4.807041325411131050e-01 5.035000320078898695e-02 9.986978407652162826e-01 8.215840101619523855e-03 5.459153828895236399e-02 -4.054899004202298061e-03 -8.021789680321848859e-03 9.999596035262576788e-01 7.447718027909202600e-03 9.987356066703796387e-01 -5.016458779573440552e-02 3.272263100370764732e-03 4.781493544578552246e-01 5.013852193951606750e-02 9.987132549285888672e-01 7.613965310156345367e-03 4.648131504654884338e-02 -3.650013590231537819e-03 -7.440280169248580933e-03 9.999656677246093750e-01 1.188797131180763245e-02 3.468878984451293945e+03
4.842363000000000000e+07 9.987289947734361295e-01 -5.022558337431522885e-02 4.217318289098298534e-03 4.636622806457487700e-01 5.018188609951187290e-02 9.986910624407440151e-01 9.896469495407674705e-03 6.170511854491308318e-02 -4.708854036543325822e-03 -9.672258044925562820e-03 9.999421353848306770e-01 1.046271728189254648e-03 9.987218976020812988e-01 -5.029915645718574524e-02 4.963609389960765839e-03 4.799546003341674805e-01 5.024094879627227783e-02 9.986740350723266602e-01 1.122235693037509918e-02 7.761837542057037354e-02 -5.521499086171388626e-03 -1.095864083617925644e-02 9.999247193336486816e-01 1.239893026649951935e-02 3.287517547607421875e+03
4.852742000000000000e+07 9.987059221258103303e-01 -5.078649869283830692e-02 2.685639841262309462e-03 4.790620656857100257e-01 5.077847057931351993e-02 9.987055029131363115e-01 2.977478235882703977e-03 6.430000123817186664e-02 -2.833378982846042511e-03 -2.837252463510596401e-03 9.999919609486856986e-01 1.315283424882255020e-03 9.987134933471679688e-01 -5.056367814540863037e-02 3.832921851426362991e-03 4.698882699012756348e-01 5.054665356874465942e-02 9.987120032310485840e-01 4.416082054376602173e-03 4.551460593938827515e-02 -4.051276482641696930e-03 -4.216658882796764374e-03 9.999828934669494629e-01 1.348183490335941315e-02 3.258083820343017578e+03
4.863119000000000000e+07 9.986376928001138298e-01 -5.217904120333525381e-02 -3.258496064867832834e-04 4.632132245951623983e-01 5.217784408199864499e-02 9.986333715705921765e-01 -2.976872940854393725e-03 3.659993414903659620e-02 4.807346669887823699e-04 2.955815395452473810e-03 9.999955160147109279e-01 7.571461987796656787e-03 9.986515045166015625e-01 -5.190365388989448547e-02 -1.106911338865756989e-03 4.621630311012268066e-01 5.189964920282363892e-02 9.986466169357299805e-01 -3.382438793778419495e-03 2.912758849561214447e-02 1.280971802771091461e-03 3.320434130728244781e-03 9.999936819076538086e-01 1.009846385568380356e-02 3.332170009613037109e+03
4.873491000000000000e+07 9.986549288744629438e-01 -5.184350462850120106e-02 -7.642398680023376484e-04 4.530767652478565055e-01 5.183801413798659607e-02 9.986375201350177200e-01 -5.993635692299918542e-03 2.969825852634909447e-02 1.073929686325468622e-03 5.945957148910899215e-03 9.999817459677011744e-01 2.191736327422509970e-02 9.986660480499267578e-01 -5.160968378186225891e-02 -1.591909793205559254e-03 4.651051163673400879e-01 5.159584060311317444e-02 9.986377954483032227e-01 -7.765121292322874069e-03 4.947876930236816406e-02 1.990488497540354729e-03 7.672624196857213974e-03 9.999685883522033691e-01 1.034957729279994965e-02 3.600861310958862305e+03
4.883878000000000000e+07 9.987187437021167735e-01 -5.052480687827889255e-02 -2.848660734137380482e-03 4.523495270932465506e-01 5.051418511407528011e-02 9.987165455940457681e-01 -3.684923195571909466e-03 5.572024220013502283e-02 3.031184640784643797e-03 3.536304088868953525e-03 9.999891531777054254e-01 1.287625867585633684e-03 9.986945390701293945e-01 -5.103088170289993286e-02 -2.252459991723299026e-03 4.540058076381683350e-01 5.102430656552314758e-02 9.986933469772338867e-01 -2.851547207683324814e-03 3.352510184049606323e-02 2.395039424300193787e-03 2.732894383370876312e-03 9.999933838844299316e-01 1.048799883574247360e-02 3.188522815704345703e+03
4.894253000000000000e+07 9.987602708192594436e-01 -4.976906753595653626e-02 -9.804843909452796210e-04 4.262754775664829854e-01 4.976816488768980029e-02 9.987603692190322180e-01 -9.244680493065795569e-04 3.785231403277228290e-02 1.025278865094778492e-03 8.745250504508211668e-04 9.999990920041802456e-01 1.183912447476957383e-02 9.987249374389648438e-01 -5.047190934419631958e-02 -1.012270455248653889e-03 4.592937231063842773e-01 5.047131702303886414e-02 9.987252354621887207e-01 -7.272404618561267853e-04 6.019007787108421326e-02 1.047681202180683613e-03 6.752160843461751938e-04 9.999992251396179199e-01 1.109837181866168976e-02 2.851330995559692383e+03
4.904641000000000000e+07 9.987218675856743832e-01 -5.049722052444382409e-02 -2.159149251091842161e-03 4.463580460948914919e-01 5.049966048210107611e-02 9.987234824272012146e-01 1.090843561830487276e-03 4.365778572511421624e-02 2.101308491231104053e-03 -1.198485623425474007e-03 9.999970740631370925e-01 6.696430558707914312e-04 9.987497329711914062e-01 -4.994739592075347900e-02 -2.076878678053617477e-03 4.434989988803863525e-01 4.995058104395866394e-02 9.987504482269287109e-01 1.541970996186137199e-03 4.669569805264472961e-02 1.997270155698060989e-03 -1.643779687583446503e-03 9.999966621398925781e-01 6.052862387150526047e-03 3.247758865356445312e+03
4.915028000000000000e+07 9.987228724586413309e-01 -5.050187620586992637e-02 -1.478014765623777201e-03 4.371892236663020292e-01 5.050133301159859256e-02 9.987239124462441442e-01 -4.025818158162758082e-04 4.570426362666385467e-02 1.496459826402185295e-03 3.274259516168204491e-04 9.999988266994288555e-01 -3.460095923579146159e-03 9.987296462059020996e-01 -5.034510418772697449e-02 -2.108800690621137619e-03 4.394825696945190430e-01 5.034261569380760193e-02 9.987313151359558105e-01 -1.212973264046013355e-03 3.930899873375892639e-02 2.167196478694677353e-03 1.105274888686835766e-03 9.999970197677612305e-01 5.748686380684375763e-03 3.258925199508666992e+03
4.925403000000000000e+07 9.987132827408958802e-01 -5.071168629975540687e-02 -3.221017521633257486e-04 4.257389881038096124e-01 5.070929026703541176e-02 9.986995594258897269e-01 -5.268575058533416997e-03 3.222880457057385184e-02 5.888612035908826359e-04 5.245462340828744782e-03 9.999860690866217983e-01 -4.393561568362231232e-03 9.986870884895324707e-01 -5.122436955571174622e-02 -8.829645230434834957e-05 4.531438946723937988e-01 5.122341215610504150e-02 9.986758828163146973e-01 -4.759395495057106018e-03 4.807464778423309326e-02 3.319682145956903696e-04 4.748621024191379547e-03 9.999887347221374512e-01 4.072003066539764404e-03 2.738222837448120117e+03
4.935791000000000000e+07 9.988782010843352266e-01 -4.735020336229710941e-02 5.455639938629125354e-04 4.643351773504343361e-01 4.735095793386839835e-02 9.988772400388415962e-01 -1.464962501688344071e-03 4.276686200496360168e-02 -4.755851840812709997e-04 1.489152086066096621e-03 9.999987781216520544e-01 1.429937603468065845e-02 9.988798499107360840e-01 -4.731027036905288696e-02 -9.004697203636169434e-04 4.485619664192199707e-01 4.730729386210441589e-02 9.988757967948913574e-01 -3.033534623682498932e-03 3.295394033193588257e-02 1.042981282807886600e-03 2.987536834552884102e-03 9.999949336051940918e-01 8.769035339355468750e-03 3.277846813201904297e+03
4.946178000000000000e+07 9.990044412044853939e-01 -4.457660574488207100e-02 1.747190309958992311e-03 4.402026359046789517e-01 4.456998940003141507e-02 9.989995646825804432e-01 3.658662172944947451e-03 4.658673947521730502e-02 -1.908533100303736471e-03 -3.577147506044145962e-03 9.999917807247843404e-01 -7.753572904167359715e-04 9.989975690841674805e-01 -4.470844939351081848e-02 2.256498904898762703e-03 4.684607982635498047e-01 4.469786584377288818e-02 9.989901185035705566e-01 4.549278877675533295e-03 5.475511401891708374e-02 -2.457611029967665672e-03 -4.443861544132232666e-03 9.999870657920837402e-01 1.100702211260795593e-02 3.656995773315429688e+03
4.956578000000000000e+07 9.990896094996245536e-01 -4.240656399402490534e-02 4.651399800989990119e-03 4.654498156295587274e-01 4.239845752978037979e-02 9.990991091307274141e-01 1.827822005101606851e-03 4.212348833830187322e-02 -4.724721048208969237e-03 -1.628945796395481812e-03 9.999875116953256260e-01 1.434943111396420673e-03 9.990961551666259766e-01 -4.222025722265243530e-02 4.946812521666288376e-03 4.664337933063507080e-01 4.220766946673393250e-02 9.991054534912109375e-01 2.628759713843464851e-03 3.537813946604728699e-02 -5.053373519331216812e-03 -2.417589770630002022e-03 9.999843239784240723e-01 1.489291526377201080e-02 3.327973127365112305e+03
4.966978000000000000e+07 9.992722201919836955e-01 -3.788525443667436349e-02 4.442684869761195053e-03 4.673021542523132510e-01 3.789707463880703092e-02 9.992782464663563236e-01 -2.607273085956842568e-03 3.124109163249869439e-02 -4.340701142010211511e-03 2.773740325356936938e-03 9.999867322510850309e-01 1.066557026991748515e-02 9.992629289627075195e-01 -3.813807293772697449e-02 4.347841721028089523e-03 4.707559049129486084e-01 3.814891353249549866e-02 9.992690086364746094e-01 -2.455058041960000992e-03 2.463886328041553497e-02 -4.251036327332258224e-03 2.619125181809067726e-03 9.999875426292419434e-01 1.377921085804700851e-02 3.455970287322998047e+03
4.977378000000000000e+07 9.994453902267473877e-01 -3.314190593858890033e-02 3.244383649094461763e-03 4.639844575542106386e-01 3.315433595396454630e-02 9.994428073287073833e-01 -3.855500792892787004e-03 2.700198908525422783e-02 -3.114797257678117003e-03 3.960927879937892020e-03 9.999873044635984032e-01 1.375528394801842774e-02 9.994212985038757324e-01 -3.386954963207244873e-02 3.180808853358030319e-03 4.766673445701599121e-01 3.388276696205139160e-02 9.994171261787414551e-01 -4.180798772722482681e-03 1.981890760362148285e-02 -3.037357470020651817e-03 4.286150448024272919e-03 9.999862909317016602e-01 1.326970104128122330e-02 3.388754606246948242e+03
4.987803000000000000e+07 9.995433470522556707e-01 -3.018980291200101460e-02 1.293508294683069900e-03 4.910913134006651415e-01 3.018915412334619019e-02 9.995440692844561603e-01 5.182003347934080765e-04 2.885907040445946301e-02 -1.308562910497059351e-03 -4.789137758149886680e-04 9.999990291518809915e-01 1.053299051640281536e-02 9.995444416999816895e-01 -3.015483170747756958e-02 1.184889697469770908e-03 4.740171432495117188e-01 3.015495836734771729e-02 9.995452761650085449e-01 -1.167729424196295440e-04 2.029560692608356476e-02 -1.180826453492045403e-03 1.524490653537213802e-04 9.999992251396179199e-01 1.283942721784114838e-02 3.165412664413452148e+03
4.998218000000000000e+07 9.996742083104769305e-01 -2.550595151526494075e-02 9.610807053249642400e-04 4.717669652731155683e-01 2.550508309320697470e-02 9.996742825694928669e-01 9.052654738745508599e-04 3.048294962598339236e-02 -9.838573218722034604e-04 -8.804581026577593334e-04 9.999991284087700327e-01 2.696120046343236740e-03 9.996574521064758301e-01 -2.613205276429653168e-02 1.450293348170816898e-03 4.835911989212036133e-01 2.612989023327827454e-02 9.996572732925415039e-01 1.559738884679973125e-03 2.345185354351997375e-02 -1.490560825914144516e-03 -1.521313912235200405e-03 9.999977946281433105e-01 1.120361965149641037e-02 2.901519060134887695e+03
5.008641000000000000e+07 9.997692519131768929e-01 -2.147913731642170712e-02 2.993143980438795555e-04 4.856880629640151770e-01 2.147842803430997580e-02 9.997668918717631525e-01 2.199783227756450712e-03 2.497874292086389725e-02 -3.464940714401394282e-04 -2.192846829227202126e-03 9.999975356792845105e-01 7.023585178402426236e-03 9.997667670249938965e-01 -2.159289084374904633e-02 -4.788561782333999872e-04 4.860194027423858643e-01 2.159368619322776794e-02 9.997649788856506348e-01 1.902338932268321514e-03 1.882719993591308594e-02 4.376690485514700413e-04 -1.912232604809105396e-03 9.999980926513671875e-01 9.450780227780342102e-03 2.863043069839477539e+03
5.019069000000000000e+07 9.998517441433117936e-01 -1.721876744157528963e-02 6.149284858668495660e-05 4.847896467895489447e-01 1.721870231629895470e-02 9.998513082413393871e-01 9.368557119147145722e-04 1.730068377132773158e-02 -7.761520573665447336e-05 -9.356579905141559428e-04 9.999995592599052463e-01 6.120914627287457957e-03 9.998483061790466309e-01 -1.741707511246204376e-02 -3.085135249421000481e-04 4.941933155059814453e-01 1.741734147071838379e-02 9.998478889465332031e-01 9.816008387133479118e-04 1.483990903943777084e-02 2.913724456448107958e-04 -9.868289344012737274e-04 9.999994635581970215e-01 9.352875873446464539e-03 2.638312816619873047e+03
5.029505000000000000e+07 9.999058259597741749e-01 -1.372361873257500579e-02 -3.873738190803090772e-05 4.920304280715041556e-01 1.372365342798203929e-02 9.999052032398672019e-01 1.116185660430096685e-03 1.795903945268676957e-02 2.341560329121991695e-05 -1.116612163120825124e-03 9.999993763142989156e-01 9.191416234874148772e-03 9.999028444290161133e-01 -1.393254101276397705e-02 -3.095314023084938526e-04 5.009052753448486328e-01 1.393293030560016632e-02 9.999019503593444824e-01 1.432263990864157677e-03 1.352372393012046814e-02 2.895422803703695536e-04 -1.436439692042768002e-03 9.999988675117492676e-01 1.085686124861240387e-02 2.844541549682617188e+03
5.039930000000000000e+07 9.999393574013520913e-01 -1.099158431836625045e-02 -6.830768208022612456e-04 5.076855828136708215e-01 1.099346149200266035e-02 9.999356274898762997e-01 2.807967387852290404e-03 1.427192221276719387e-02 6.521688391258978435e-04 -2.815306484138541815e-03 9.999958243538847880e-01 2.068996738106248460e-03 9.999394416809082031e-01 -1.097153406590223312e-02 -9.040538570843636990e-04 5.094118118286132812e-01 1.097361836582422256e-02 9.999372363090515137e-01 2.249266020953655243e-03 1.231762673705816269e-02 8.793197921477258205e-04 -2.259049564599990845e-03 9.999970793724060059e-01 1.068706531077623367e-02 3.062872886657714844e+03
5.050368000000000000e+07 9.999587992201837139e-01 -8.899706382240723732e-03 -1.787481031561306138e-03 5.143398394022957731e-01 8.903187364445766874e-03 9.999584664647068744e-01 1.948999821753903943e-03 1.281597711983910662e-02 1.770061265002146819e-03 -1.964833799975768819e-03 9.999965031495142709e-01 2.667755226473632335e-03 9.999591708183288574e-01 -8.816654793918132782e-03 -1.944137737154960632e-03 5.173401236534118652e-01 8.821531198918819427e-03 9.999579191207885742e-01 2.540807239711284637e-03 1.021570060402154922e-02 1.921659568324685097e-03 -2.557855099439620972e-03 9.999948740005493164e-01 8.415220305323600769e-03 3.047365188598632812e+03
5.060803000000000000e+07 9.999724878052151933e-01 -7.307994309558314694e-03 -1.271554882963348313e-03 5.291017746308540604e-01 7.309330849784953510e-03 9.999727355828060826e-01 1.049654022914340472e-03 7.199804575802475765e-03 1.263849349134071095e-03 -1.058919359961643788e-03 9.999986406863820010e-01 2.656310231679146188e-03 9.999710321426391602e-01 -7.407160941511392593e-03 -1.750538707710802555e-03 5.263633728027343750e-01 7.405856624245643616e-03 9.999722838401794434e-01 -7.818003068678081036e-04 4.708622116595506668e-03 1.756280194967985153e-03 7.688215118832886219e-04 9.999981522560119629e-01 5.833507515490055084e-03 3.032216072082519531e+03
5.071239000000000000e+07 9.999843354303402654e-01 -5.595357144308107586e-03 -1.444727250638153928e-04 5.305229021796954436e-01 5.595046065687034158e-03 9.999822038562242721e-01 -2.070611110645329683e-03 3.401384267707826311e-03 1.560559626774615869e-04 2.069770343861381066e-03 9.999978458463099074e-01 1.442866854836221671e-03 9.999832510948181152e-01 -5.777937825769186020e-03 -4.289167700335383415e-04 5.386598706245422363e-01 5.777281709015369415e-03 9.999821782112121582e-01 -1.487064757384359837e-03 4.900854080915451050e-03 4.374976269900798798e-04 1.484556356444954872e-03 9.999988079071044922e-01 2.892084186896681786e-03 2.856894731521606445e+03
5.081673000000000000e+07 9.999916977178923139e-01 -4.070964391190309145e-03 1.781690576980747738e-04 5.465919480160918997e-01 4.071384899632033740e-03 9.999887663852352615e-01 -2.427123469122757782e-03 3.486721155281936532e-03 -1.682863229996965637e-04 2.427828713270100032e-03 9.999970386593414196e-01 9.260341371131592531e-03 9.999900460243225098e-01 -4.402118735015392303e-03 -6.419030833058059216e-04 5.487250089645385742e-01 4.399606026709079742e-03 9.999827146530151367e-01 -3.906846046447753906e-03 3.732391167432069778e-03 6.590969278477132320e-04 3.903989680111408234e-03 9.999921917915344238e-01 1.813678536564111710e-03 2.651230096817016602e+03
5.092092000000000000e+07 9.999938477782025492e-01 -3.362790181653709052e-03 -9.980220134927419648e-04 5.575037398968153424e-01 3.363167832653337578e-03 9.999942734842132142e-01 3.769627434625897775e-04 1.366173172524308768e-02 9.967486516913608065e-04 -3.803169398362413385e-04 9.999994309254134350e-01 5.651494257147443058e-03 9.999934434890747070e-01 -3.557855961844325066e-03 -6.574173457920551300e-04 5.607578158378601074e-01 3.559574950486421585e-03 9.999901652336120605e-01 2.670070854946970940e-03 1.275368686765432358e-02 6.478996365331113338e-04 -2.672396833077073097e-03 9.999963045120239258e-01 3.599416697397828102e-03 3.050702810287475586e+03
5.102528000000000000e+07 9.999971360697077483e-01 -2.183206078671024158e-03 -9.805425030464192358e-04 5.771981597815242226e-01 2.188597675906573357e-03 9.999823056160623835e-01 5.531590638944439316e-03 2.019035701971195682e-02 9.684485506432402146e-04 -5.533720809897739804e-03 9.999842198961955697e-01 6.055035514949114878e-03 9.999952912330627441e-01 -2.594987163320183754e-03 -1.647463883273303509e-03 5.713168382644653320e-01 2.601900137960910797e-03 9.999878406524658203e-01 4.175601992756128311e-03 1.510071754455566406e-02 1.636619330383837223e-03 -4.179867450147867203e-03 9.999899268150329590e-01 4.893306642770767212e-03 2.960018873214721680e+03
5.112953000000000000e+07 9.999987296692657290e-01 -1.592403229522765858e-03 7.008430196275814458e-05 5.916129075947818006e-01 1.592242066614062580e-03 9.999962180020846025e-01 2.242486728711282420e-03 1.759883773194548598e-02 -7.365498001303601053e-05 -2.242372288837675420e-03 9.999974831675637610e-01 -7.253885294047130892e-04 9.999988079071044922e-01 -1.516594085842370987e-03 8.286428783321753144e-05 5.926315188407897949e-01 1.516269403509795666e-03 9.999926090240478516e-01 3.536454401910305023e-03 1.251306012272834778e-02 -8.823335519991815090e-05 -3.536333795636892319e-03 9.999937415122985840e-01 -3.599798947107046843e-04 2.844123840332031250e+03
5.123380000000000000e+07 9.999993621532586863e-01 -3.290535401456031535e-04 1.080470658288829522e-03 6.036454812531146796e-01 3.326580217901069355e-04 9.999943750473230253e-01 -3.337545857997843701e-03 7.179669754116966424e-03 -1.079366349412535370e-03 3.337903156386883181e-03 9.999938466664693992e-01 2.189361662193143113e-03 9.999991655349731445e-01 -9.130244725383818150e-04 8.932750206440687180e-04 6.015825867652893066e-01 9.150578407570719719e-04 9.999970197677612305e-01 -2.277152845636010170e-03 2.263005357235670090e-03 -8.911979966796934605e-04 2.277974272146821022e-03 9.999970197677612305e-01 5.981158465147018433e-04 2.931528329849243164e+03
5.133803000000000000e+07 9.999997947599518211e-01 3.692188839108630563e-04 5.236004872063843279e-04 6.106668815124315364e-01 -3.670181915628837081e-04 9.999911256869531417e-01 -4.196885152984732546e-03 -5.925310311843467537e-04 -5.251454098638364204e-04 4.196692120711905880e-03 9.999910559587733561e-01 8.574007834724102148e-03 1.000000000000000000e+00 2.333966222067829221e-05 1.036970206769183278e-04 6.188532710075378418e-01 -2.283810135850217193e-05 9.999855756759643555e-01 -5.374160129576921463e-03 -5.529634188860654831e-03 -1.038079572026617825e-04 5.374164786189794540e-03 9.999855160713195801e-01 7.951226085424423218e-03 2.866076946258544922e+03
5.144216000000000000e+07 9.999990520495237734e-01 1.191208817886791086e-03 -6.905951100959135166e-04 6.246241044606005710e-01 -1.192106789703267691e-03 9.999984427007621024e-01 -1.301336794488699381e-03 3.684574371088207827e-03 6.890438707680393484e-04 1.302158824005546613e-03 9.999989147998818995e-01 8.960599420432832293e-03 9.999994039535522461e-01 9.881336009129881859e-04 -2.034450881183147430e-04 6.327686309814453125e-01 -9.882625890895724297e-04 9.999991059303283691e-01 -8.575304527767002583e-04 -2.856204286217689514e-03 2.025865251198410988e-04 8.577270782552659512e-04 9.999995827674865723e-01 1.279317215085029602e-02 2.920018196105957031e+03
5.154640000000000000e+07 9.999914006351405815e-01 3.075266394675532601e-04 -4.135708299150089341e-03 6.435062088151146664e-01 -2.933556408076054643e-04 9.999940859242120172e-01 3.426668800407501464e-03 9.563075958064604087e-03 4.136737632198529344e-03 -3.425426099873944263e-03 9.999855768248843146e-01 3.785138301676546982e-03 9.999921321868896484e-01 6.623885710723698139e-04 -3.913359716534614563e-03 6.462101936340332031e-01 -6.447234191000461578e-04 9.999895095825195312e-01 4.541187547147274017e-03 5.158101674169301987e-03 3.916334360837936401e-03 -4.538631066679954529e-03 9.999820590019226074e-01 1.064179651439189911e-02 3.016612529754638672e+03
5.165053000000000000e+07 9.999847036341236173e-01 3.590876817873982522e-04 -5.519379839330953302e-03 6.508319001924057767e-01 -3.411639330220426146e-04 9.999946669746383465e-01 3.248019312285279226e-03 8.398152582192196236e-03 5.520516728063539630e-03 -3.246086616059676386e-03 9.999794931981036417e-01 7.814875506392765167e-03 9.999746680259704590e-01 4.559677036013454199e-04 -7.098176050931215286e-03 6.566570997238159180e-01 -4.486505349632352591e-04 9.999993443489074707e-01 1.024003839120268822e-03 2.824155846610665321e-03 7.098641246557235718e-03 -1.020799390971660614e-03 9.999742507934570312e-01 2.299064770340919495e-03 2.847211599349975586e+03
5.175465000000000000e+07 9.999898960370713352e-01 5.749526084767614831e-04 -4.458391331545111594e-03 6.741168802136250360e-01 -5.681082271886855103e-04 9.999986585431178687e-01 1.536282853850713366e-03 5.715009722605037500e-03 4.459268640639555900e-03 -1.533734482510232646e-03 9.999888812290502749e-01 -2.667434149821970579e-03 9.999878406524658203e-01 6.642813095822930336e-04 -4.897112492471933365e-03 6.752074956893920898e-01 -6.584965158253908157e-04 9.999991655349731445e-01 1.164224580861628056e-03 8.630102965980768204e-04 4.897877108305692673e-03 -1.160973217338323593e-03 9.999873638153076172e-01 1.350840087980031967e-03 2.642328262329101562e+03
5.185878000000000000e+07 9.999998841693308327e-01 4.696700904177657709e-04 1.052203924837569871e-04 6.933117690975577618e-01 -4.694468401305777814e-04 9.999976599337996319e-01 -2.111811210549961477e-03 -2.424954300689273392e-03 -1.062120008232772159e-04 2.111761570556686726e-03 9.999977645885413935e-01 5.275546076691103869e-03 9.999997019767761230e-01 7.205534493550658226e-04 -4.725226608570665121e-05 6.987910270690917969e-01 -7.207265007309615612e-04 9.999960064888000488e-01 -2.753008389845490456e-03 -4.467755090445280075e-03 4.527460623648948967e-05 2.753027481958270073e-03 9.999961256980895996e-01 2.969852881506085396e-03 2.423950910568237305e+03
5.196278000000000000e+07 9.999985519647310861e-01 5.732376484273319977e-04 1.602331750706400063e-03 7.198985127438507492e-01 -5.735326238964770940e-04 9.999998186686996915e-01 1.836379510524928935e-04 4.457663424662869703e-03 -1.602226191966276640e-03 -1.845566746715983461e-04 9.999986994041860644e-01 -6.432197668743188171e-04 9.999969601631164551e-01 2.826905401889234781e-04 2.454233821481466293e-03 7.144340872764587402e-01 -2.866273862309753895e-04 9.999985694885253906e-01 1.607886166311800480e-03 1.229681354016065598e-02 -2.453781198710203171e-03 -1.608573133125901222e-03 9.999957680702209473e-01 4.433610476553440094e-03 2.365791559219360352e+03
5.206691000000000000e+07 9.999970221151530669e-01 8.909039919816546605e-05 2.438816050206122580e-03 7.281706184661072001e-01 -1.042293839988085074e-04 9.999807241860803053e-01 6.208090891568957860e-03 7.885934338187280956e-03 -2.438215958745965518e-03 -6.208326600883763875e-03 9.999777556444719995e-01 3.502347953137504959e-03 9.999969005584716797e-01 2.212537074228748679e-04 2.478972543030977249e-03 7.308255434036254883e-01 -2.360872749704867601e-04 9.999821186065673828e-01 5.981423892080783844e-03 2.017616853117942810e-02 -2.477610250934958458e-03 -5.981990601867437363e-03 9.999790191650390625e-01 5.788805894553661346e-03 3.033345699310302734e+03
5.217103000000000000e+07 9.999990557106601674e-01 -4.209982624832818649e-04 1.308181276023373052e-03 7.491936644579045845e-01 4.175995961098936493e-04 9.999965400839609941e-01 2.597196697327999130e-03 1.107193641103512878e-02 -1.309270165122896441e-03 -2.596647948850338249e-03 9.999957716065925872e-01 5.098711937172009830e-03 9.999987483024597168e-01 -3.899011644534766674e-04 1.548949861899018288e-03 7.474747896194458008e-01 3.835974785033613443e-04 9.999919533729553223e-01 3.990332596004009247e-03 1.484490558505058289e-02 -1.550484797917306423e-03 -3.989742137491703033e-03 9.999908208847045898e-01 1.102621294558048248e-02 2.460387468338012695e+03
5.227503000000000000e+07 9.999987053122216807e-01 -7.489737379442753748e-05 1.607409177478320416e-03 7.637709914134059863e-01 7.360545853377880156e-05 9.999996742685158813e-01 8.037693067862379829e-04 5.946898770807614726e-03 -1.607468854104758408e-03 -8.036499520663801903e-04 9.999983850940148411e-01 7.586607340057035034e-03 9.999992847442626953e-01 -4.716164548881351948e-04 1.121571986004710197e-03 7.618953585624694824e-01 4.711156361736357212e-04 9.999997019767761230e-01 5.540245329029858112e-04 8.303727954626083374e-03 -1.121839275583624840e-03 -5.534905358217656612e-04 9.999992251396179199e-01 1.083254441618919373e-02 2.764030218124389648e+03
5.237903000000000000e+07 9.999960064384924019e-01 -1.670732773002680930e-04 2.821204279518804703e-03 7.922087101639534445e-01 1.652586800815024749e-04 9.999997793498683896e-01 6.434203782783697988e-04 4.228686242890323035e-03 -2.821311155370989903e-03 -6.429515802440402116e-04 9.999958133995512366e-01 1.531602775686366665e-03 9.999945759773254395e-01 1.005186204565688968e-04 3.281911136582493782e-03 7.858875989913940430e-01 -1.016820751829072833e-04 9.999999403953552246e-01 3.537459415383636951e-04 6.093718111515045166e-03 -3.281874116510152817e-03 -3.540806064847856760e-04 9.999945759773254395e-01 6.737279705703258514e-03 2.582395553588867188e+03
5.248316000000000000e+07 9.999909016376552495e-01 9.392016704412530469e-04 4.161074636621900011e-03 7.972984354779384386e-01 -9.342015861509080392e-04 9.999988395307998212e-01 -1.203413665353722604e-03 4.047882226847277116e-03 -4.162200055947677495e-03 1.199515433734520261e-03 9.999906185827037719e-01 2.894748856718773120e-03 9.999908208847045898e-01 6.642320659011602402e-04 4.251518752425909042e-03 8.021692037582397461e-01 -6.601691129617393017e-04 9.999993443489074707e-01 -9.598089382052421570e-04 5.483519285917282104e-03 -4.252152051776647568e-03 9.569958783686161041e-04 9.999905228614807129e-01 8.021387271583080292e-03 3.089464187622070312e+03
5.258716000000000000e+07 9.999986433628287319e-01 -3.577549544120349760e-04 1.607881803686956636e-03 8.259798385503889229e-01 3.537937515634025283e-04 9.999969036708296066e-01 2.463225270790341849e-03 1.054953031780302662e-02 -1.608758056200083712e-03 -2.462653070551981335e-03 9.999956736093265075e-01 5.746639097371571310e-03 9.999976158142089844e-01 -2.087315078824758530e-04 2.157782902941107750e-03 8.157305717468261719e-01 2.029573515756055713e-04 9.999963045120239258e-01 2.710702596232295036e-03 9.365401230752468109e-03 -2.158346120268106461e-03 -2.710255561396479607e-03 9.999939799308776855e-01 1.358386036008596420e-02 2.583109140396118164e+03
5.269118000000000000e+07 9.999979293684156945e-01 -5.281963453421274898e-04 -1.965265249765466016e-03 8.237067650701509480e-01 5.333898877765515982e-04 9.999963647986020998e-01 2.643082444564944043e-03 1.087174033448452468e-02 1.963862039142825512e-03 -2.644125224325978140e-03 9.999945759091343200e-01 8.236834810942339491e-03 9.999977350234985352e-01 -5.403892719186842442e-04 -2.063361462205648422e-03 8.261455297470092773e-01 5.477131926454603672e-04 9.999935626983642578e-01 3.555831965059041977e-03 1.231341622769832611e-02 2.061428967863321304e-03 -3.556954907253384590e-03 9.999915957450866699e-01 1.326067838817834854e-02 2.841517925262451172e+03
5.279515000000000000e+07 9.999965464398173909e-01 -6.063257713376651870e-04 -2.557240211041873768e-03 8.305012200573395065e-01 6.055195933044562381e-04 9.999997667400540857e-01 -3.160156001614952107e-04 3.757725000156671939e-03 2.557431222942683179e-03 3.144660497300295638e-04 9.999966803228115264e-01 6.830590545905118952e-03 9.999927282333374023e-01 -4.666859749704599380e-04 -3.781830891966819763e-03 8.352127671241760254e-01 4.626244190149009228e-04 9.999993443489074707e-01 -1.064659794792532921e-03 4.760020878165960312e-03 3.782324260100722313e-03 1.062902389094233513e-03 9.999923110008239746e-01 4.852846730500459671e-03 3.055362224578857422e+03
5.289916000000000000e+07 9.999991988536879317e-01 -7.851485388990670248e-04 9.928916124178591325e-04 8.551470297058105796e-01 7.874638074770589236e-04 9.999969670845466618e-01 -2.333607177686740884e-03 2.619832764168487926e-03 -9.910563727956193860e-04 2.334387174335483817e-03 9.999967842167224452e-01 2.331889201950486899e-03 9.999993443489074707e-01 -1.035022665746510029e-03 4.099375510122627020e-04 8.557834029197692871e-01 1.036147004924714565e-03 9.999959468841552734e-01 -2.633986994624137878e-03 3.756537567824125290e-03 -4.072093288414180279e-04 2.634400501847267151e-03 9.999964237213134766e-01 3.055684734135866165e-03 2.993323564529418945e+03
5.300316000000000000e+07 9.999876873891523354e-01 3.859362792414569696e-04 4.947334967758887196e-03 8.717962082054797612e-01 -3.687549382631618265e-04 9.999939001209295908e-01 -3.473289611821040075e-03 5.957423993286997893e-04 -4.948645258083378233e-03 3.471422492357085273e-03 9.999817299010963501e-01 -1.266731616375600406e-03 9.999821186065673828e-01 3.025455516763031483e-04 5.969407036900520325e-03 8.695812225341796875e-01 -2.918162790592759848e-04 9.999983310699462891e-01 -1.815656782127916813e-03 6.251533050090074539e-03 -5.969951860606670380e-03 1.813889481127262115e-03 9.999805092811584473e-01 5.892939865589141846e-03 3.364426851272583008e+03
5.310716000000000000e+07 9.999967965257317015e-01 9.315930899203599862e-05 2.529478131439287774e-03 8.760980716109707522e-01 -8.592928142268986308e-05 9.999959114567630314e-01 -2.858266243089220993e-03 -4.980793119625833831e-04 -2.529734063666701747e-03 2.858039730468650130e-03 9.999927160007047178e-01 8.357553881592776415e-03 9.999969005584716797e-01 3.627468686318024993e-05 2.524126553907990456e-03 8.777162432670593262e-01 -2.737343675107695162e-05 9.999938607215881348e-01 -3.503806889057159424e-03 8.420947939157485962e-03 -2.524230396375060081e-03 3.503731451928615570e-03 9.999906420707702637e-01 7.932580076158046722e-03 2.987237215042114258e+03
5.321118000000000000e+07 9.999999641735625167e-01 -1.281683255277407598e-04 -2.350016041040652016e-04 8.840194986608761463e-01 1.278047626808157444e-04 9.999987961120407887e-01 -1.546428275653619153e-03 2.056676575783848888e-03 2.351995243111028983e-04 1.546398185926361156e-03 9.999987766661688759e-01 9.111353322222055448e-03 9.999997019767761230e-01 -5.812211893498897552e-04 -2.506893652025610209e-04 8.854938745498657227e-01 5.808761343359947205e-04 9.999988675117492676e-01 -1.354024279862642288e-03 1.131082605570554733e-02 2.514759544283151627e-04 1.353872474282979965e-03 9.999990463256835938e-01 1.117724925279617310e-02 2.552448511123657227e+03
5.331516000000000000e+07 9.999953204478344571e-01 -5.745337291466368434e-06 -3.059256351457408530e-03 8.979283191499984884e-01 -3.515735989953220031e-06 9.999954179642457364e-01 -3.027216238219736580e-03 -1.125797687870347050e-03 3.059259726213768311e-03 3.027212827741090559e-03 9.999907384133230881e-01 1.263637234316558437e-02 9.999933838844299316e-01 -3.545393992681056261e-04 -3.633499611169099808e-03 8.973248600959777832e-01 3.424122405704110861e-04 9.999944567680358887e-01 -3.308507613837718964e-03 1.078535430133342743e-02 3.634651890024542809e-03 3.307240083813667297e-03 9.999879598617553711e-01 1.074159331619739532e-02 2.706579923629760742e+03
5.341916000000000000e+07 9.999912986709947882e-01 -5.673014450838281732e-04 -4.132886566023025871e-03 9.075594080686387732e-01 5.541456495622643563e-04 9.999947786409978390e-01 -3.183647804137876465e-03 -3.538221074606095855e-03 4.134671074738475310e-03 3.181329881060199725e-03 9.999863917250531031e-01 6.602519024740757456e-03 9.999894499778747559e-01 -3.802591527346521616e-04 -4.574143793433904648e-03 9.057850837707519531e-01 3.617213515099138021e-04 9.999917149543762207e-01 -4.064173903316259384e-03 3.358342684805393219e-03 4.575645085424184799e-03 4.062481224536895752e-03 9.999813437461853027e-01 9.906016290187835693e-03 2.999096155166625977e+03
5.352315000000000000e+07 9.999970084976919082e-01 4.440325192479593203e-04 -2.405375394648653128e-03 9.115755321360197172e-01 -4.476666193262328146e-04 9.999987589961797374e-01 -1.510496838324884399e-03 2.931510616721116468e-03 2.404701699852161440e-03 1.511569125941238925e-03 9.999959662761207513e-01 4.564072416667136305e-03 9.999969601631164551e-01 2.294229925610125065e-04 -2.455190755426883698e-03 9.156208038330078125e-01 -2.308707771589979529e-04 9.999997615814208984e-01 -6.166812381707131863e-04 4.990987014025449753e-03 2.455058507621288300e-03 6.172475405037403107e-04 9.999967217445373535e-01 1.654185168445110321e-02 3.093159675598144531e+03
5.362704000000000000e+07 9.999998428790675131e-01 4.812955696459397586e-04 -2.873959201442112272e-04 9.386776751811519715e-01 -4.810402909728571526e-04 9.999994903326576701e-01 8.876568387601819826e-04 4.280793475918288904e-03 2.878229989717575525e-04 -8.875184502736611393e-04 9.999995647343661309e-01 7.918303506288217747e-03 9.999986886978149414e-01 1.204851898364722729e-03 -1.001273514702916145e-03 9.265970587730407715e-01 -1.203943043947219849e-03 9.999988675117492676e-01 9.365489822812378407e-04 4.648988600820302963e-03 1.002398668788373470e-03 -9.353424538858234882e-04 9.999991059303283691e-01 1.503794360905885696e-02 3.409415245056152344e+03
5.373104000000000000e+07 9.999976181992856761e-01 7.746034629690167579e-04 2.040486518172443097e-03 9.378538900263383438e-01 -7.757850328504194062e-04 9.999995318430009439e-01 5.783349909838405700e-04 6.242260256188224624e-03 -2.040037582617625772e-03 -5.799165924056772295e-04 9.999977509691746480e-01 5.417190570017318615e-03 9.999956488609313965e-01 8.972242940217256546e-04 2.802319591864943504e-03 9.376127719879150391e-01 -8.999181445688009262e-04 9.999991059303283691e-01 9.632495930418372154e-04 3.551881760358810425e-03 -2.801451599225401878e-03 -9.657726041041314602e-04 9.999955296516418457e-01 1.435181591659784317e-02 2.902822494506835938e+03
5.383505000000000000e+07 9.999943597860407873e-01 9.370951065434904867e-04 3.225251752624525362e-03 9.335529009851254445e-01 -9.397346001383414865e-04 9.999992247327299522e-01 8.169656175404242963e-04 7.240448498072959635e-03 -3.224483677709992502e-03 -8.199918903456421054e-04 9.999944651438387178e-01 6.722203398900348029e-03 9.999944567680358887e-01 7.706024916842579842e-04 3.244180465117096901e-03 9.399303793907165527e-01 -7.736793486401438713e-04 9.999991655349731445e-01 9.368640603497624397e-04 2.307058079168200493e-03 -3.243450541049242020e-03 -9.393685613758862019e-04 9.999943971633911133e-01 1.766326464712619781e-02 2.829071998596191406e+03
5.393891000000000000e+07 9.999971908185508740e-01 3.498493628518183117e-04 2.344346482490285329e-03 9.495017306850876970e-01 -3.466055252737478302e-04 9.999989822748213131e-01 -1.383948673802852568e-03 6.524689352809556709e-04 -2.344828270151591391e-03 1.383132222595924140e-03 9.999962943559531636e-01 1.068736456832420148e-02 9.999955296516418457e-01 1.102450652979314327e-03 2.795861335471272469e-03 9.403046369552612305e-01 -1.098723732866346836e-03 9.999986290931701660e-01 -1.327070523984730244e-03 -1.811997382901608944e-03 -2.797320950776338577e-03 1.323992735706269741e-03 9.999951720237731934e-01 2.136600762605667114e-02 3.327708959579467773e+03
5.404291000000000000e+07 9.999987318077130372e-01 5.490237832462928477e-04 1.494976873084287233e-03 9.340774774483951992e-01 -5.413136357720459840e-04 9.999865772166619537e-01 -5.152898800930397899e-03 -3.782745825924803060e-03 -1.497785870327996479e-03 5.152083014697319760e-03 9.999856062354579578e-01 1.297722332329992630e-02 9.999988079071044922e-01 5.897364462725818157e-04 1.422742498107254505e-03 9.344722032546997070e-01 -5.824995459988713264e-04 9.999868869781494141e-01 -5.076164379715919495e-03 -8.714979514479637146e-03 -1.425732159987092018e-03 5.075335036963224411e-03 9.999860525131225586e-01 2.351094596087932587e-02 3.761206388473510742e+03
5.414678000000000000e+07 9.999986555874401661e-01 4.274482204584801703e-04 1.583070223044765173e-03 9.391240864850638470e-01 -4.180561936014017118e-04 9.999823396207789816e-01 -5.928378831707601000e-03 -7.829568771452168063e-03 -1.585576340406109550e-03 5.927709049208989937e-03 9.999811739293379409e-01 1.704389079710968286e-02 9.999993443489074707e-01 7.806404610164463520e-04 7.950246217660605907e-04 9.310010671615600586e-01 -7.747936761006712914e-04 9.999723434448242188e-01 -7.392631378024816513e-03 -1.407147292047739029e-02 -8.007726282812654972e-04 7.392012979835271835e-03 9.999724030494689941e-01 2.283608727157115936e-02 3.696730613708496094e+03
5.425080000000000000e+07 9.999949726145266338e-01 6.372470130623950979e-05 3.170281507122011105e-03 9.395879527887845972e-01 -5.450827316267500925e-05 9.999957727917715422e-01 -2.907133886810623746e-03 -3.395669862858477842e-03 -3.170453361920532332e-03 2.906946464957559529e-03 9.999907489010734229e-01 1.123893497763912667e-02 9.999946951866149902e-01 6.468133069574832916e-04 3.187365131452679634e-03 9.325258731842041016e-01 -6.353910430334508419e-04 9.999935030937194824e-01 -3.567321458831429482e-03 -9.261648170650005341e-03 -3.189637092873454094e-03 3.565278137102723122e-03 9.999885559082031250e-01 1.947847753763198853e-02 3.592351913452148438e+03
5.435466000000000000e+07 9.999813535533379483e-01 3.719639282987936856e-04 6.095423567737482014e-03 9.350189988956467690e-01 -3.526115662512800935e-04 9.999948953876103275e-01 -3.175667458296779939e-03 -2.723089666271373728e-03 -6.096573686705576180e-03 3.173458926531717763e-03 9.999763801949144160e-01 1.063596876725160165e-02 9.999831318855285645e-01 6.375672528520226479e-04 5.767086520791053772e-03 9.381049871444702148e-01 -6.184981903061270714e-04 9.999943375587463379e-01 -3.311274806037545204e-03 -5.709903314709663391e-03 -5.769168958067893982e-03 3.307654522359371185e-03 9.999778270721435547e-01 1.648701168596744537e-02 3.462417125701904297e+03
5.445866000000000000e+07 9.999865363384150552e-01 -3.664584384668638441e-04 5.176181035547193846e-03 9.448712192206011329e-01 3.855311590988837992e-04 9.999931390243559370e-01 -3.684191897930472887e-03 -2.593463221895345693e-03 -5.174795418685250795e-03 3.686137874291884903e-03 9.999798167362912160e-01 1.195896352756585339e-02 9.999805688858032227e-01 3.445037873461842537e-04 6.225208751857280731e-03 9.342099428176879883e-01 -3.234598843846470118e-04 9.999941587448120117e-01 -3.387073753401637077e-03 -1.425074320286512375e-02 -6.226342171430587769e-03 3.384989919140934944e-03 9.999748468399047852e-01 1.887540146708488464e-02 3.421112298965454102e+03
5.456253000000000000e+07 9.999995829015688731e-01 4.052161205934127152e-04 -8.185331905556079458e-04 9.198839097012618815e-01 -4.061037803568500457e-04 9.999993293861998422e-01 -1.084576816130675700e-03 -1.256312929338166415e-03 8.180931536260365768e-04 1.084908773178419389e-03 9.999990768478468350e-01 1.867331871635602436e-02 9.999991059303283691e-01 5.133851082064211369e-04 -1.266085659153759480e-03 9.249264597892761230e-01 -5.159911233931779861e-04 9.999977946281433105e-01 -2.041838131844997406e-03 -5.976689979434013367e-03 1.265034661628305912e-03 2.042488660663366318e-03 9.999971985816955566e-01 2.092895843088626862e-02 3.263642787933349609e+03
5.466641000000000000e+07 9.999707135323002705e-01 3.408387825687124602e-04 -7.645646253035423209e-03 9.244028165605078229e-01 -3.269302953681207111e-04 9.999982897848198604e-01 1.820314263289628557e-03 6.920104800519170755e-03 7.646253611032533155e-03 -1.817761359326968340e-03 9.999691147977303185e-01 1.510399114229169469e-02 9.999691843986511230e-01 7.389396196231245995e-04 -7.807841990143060684e-03 9.170021414756774902e-01 -7.233551586978137493e-04 9.999977350234985352e-01 1.994892721995711327e-03 1.718216575682163239e-03 7.809294853359460831e-03 -1.989178592339158058e-03 9.999675154685974121e-01 2.094749920070171356e-02 3.148137807846069336e+03
5.477042000000000000e+07 9.999652010571793426e-01 8.046204163869609665e-04 -8.303569151908747961e-03 9.166622710347144265e-01 -7.952834226712110011e-04 9.999990479124223342e-01 1.127696114489036604e-03 4.774912245475148101e-03 8.304468613500905205e-03 -1.121053180960912381e-03 9.999648889040119171e-01 1.563147410879994065e-02 9.999560117721557617e-01 1.257221447303891182e-03 -9.292356669902801514e-03 9.088132977485656738e-01 -1.256616669707000256e-03 9.999992847442626953e-01 6.138104799902066588e-05 1.998340478166937828e-03 9.292422793805599213e-03 -4.971383168594911695e-05 9.999567866325378418e-01 1.810111291706562042e-02 3.448125123977661133e+03
5.487429000000000000e+07 9.999944311012192166e-01 1.025368167522494817e-03 -3.175907219984934297e-03 9.189759721227065414e-01 -1.024988907573360763e-03 9.999994673730036032e-01 1.210431675791877359e-04 2.700267125594948189e-03 3.176029642221942645e-03 -1.177872238300726565e-04 9.999949494681867890e-01 9.066372756369515257e-03 9.999922513961791992e-01 9.639205527491867542e-04 -3.821181133389472961e-03 9.215207099914550781e-01 -9.655022295191884041e-04 9.999993443489074707e-01 -4.061945655848830938e-04 1.050863880664110184e-03 3.820790676400065422e-03 4.098924109712243080e-04 9.999926090240478516e-01 1.195260509848594666e-02 3.447795152664184570e+03
5.497853000000000000e+07 9.999976188533439281e-01 6.179941115405470546e-04 2.092933568070228824e-03 9.295222818795887409e-01 -6.169925856009844970e-04 9.999996948728400170e-01 -4.791392034152921597e-04 3.705177422782657878e-03 -2.093229034665672079e-03 4.778467380209253839e-04 9.999976950246952656e-01 9.544776562278917478e-03 9.999950528144836426e-01 1.242800615727901459e-03 2.899557584896683693e-03 9.157670736312866211e-01 -1.242578728124499321e-03 9.999992847442626953e-01 -7.031540735624730587e-05 1.169109949842095375e-03 -2.899651648476719856e-03 6.670999573543667793e-05 9.999958276748657227e-01 1.522267144173383713e-02 2.835895299911499023e+03
5.508204000000000000e+07 9.999953728746504567e-01 1.329634107873075817e-03 2.736110821559525636e-03 9.144174914863336667e-01 -1.327533341930620418e-03 9.999988227882120606e-01 -7.694656693358743705e-04 2.599158461831663366e-04 -2.737130708376399584e-03 7.658298305789327685e-04 9.999959608019203250e-01 1.293929217362572992e-02 9.999959468841552734e-01 9.655545582063496113e-04 2.682794583961367607e-03 9.162613153457641602e-01 -9.640443022362887859e-04 9.999994039535522461e-01 -6.124500650912523270e-04 -9.674382454250007868e-05 -2.683367114514112473e-03 6.098573794588446617e-04 9.999961256980895996e-01 1.722720637917518616e-02 2.982467174530029297e+03
5.518592000000000000e+07 9.999985111166000973e-01 4.512733631417925433e-04 1.665568051693235062e-03 9.198144222219962751e-01 -4.521392212188146990e-04 9.999997628357647494e-01 5.195176020959412942e-04 3.590240756337841500e-03 -1.665333212224552563e-03 -5.202698972365871807e-04 9.999984779911048616e-01 1.743638136030047775e-02 9.999985098838806152e-01 9.517767466604709625e-04 1.464469241909682751e-03 9.189264178276062012e-01 -9.514758712612092495e-04 9.999994635581970215e-01 -1.564199628774076700e-04 4.277606494724750519e-04 -1.464627450332045555e-03 1.550349697936326265e-04 9.999989867210388184e-01 1.739061251282691956e-02 2.775364875793457031e+03
5.529078000000000000e+07 9.999942307895982596e-01 3.350259704734851601e-03 5.604885640182159659e-04 9.074986519178664945e-01 -3.351788911184294326e-03 9.999906013951929129e-01 2.750024068124269465e-03 4.778282556398011881e-03 -5.512700013852161324e-04 -2.751886842010532741e-03 9.999960616023416682e-01 1.088468633407369685e-02 9.999946355819702148e-01 3.250752342864871025e-03 3.352682688273489475e-04 8.956412076950073242e-01 -3.251651534810662270e-03 9.999904632568359375e-01 2.932560630142688751e-03 3.373773535713553429e-03 -3.257290227338671684e-04 -2.933648647740483284e-03 9.999955892562866211e-01 1.615834981203079224e-02 3.117245674133300781e+03
5.539373000000000000e+07 9.999765542205438784e-01 6.835612461664554267e-03 4.067081038495229308e-04 8.990074135911669817e-01 -6.836787695711390826e-03 9.999722419574341714e-01 2.962034541742418394e-03 2.195234659306956587e-03 -3.864494942032490970e-04 -2.964745671493955893e-03 9.999955304599574823e-01 1.174227235317887308e-02 9.999783635139465332e-01 6.572897545993328094e-03 -3.168094190186820924e-05 9.039580821990966797e-01 -6.572812795639038086e-03 9.999719262123107910e-01 3.612220054492354393e-03 -1.477628480643033981e-03 5.542365761357359588e-05 -3.611930878832936287e-03 9.999935030937194824e-01 1.834900677204132080e-02 3.068058729171752930e+03
5.549768000000000000e+07 9.999624105996350876e-01 8.661191599038215241e-03 4.014322502600483765e-04 9.089139432742538993e-01 -8.661710935706702641e-03 9.999616278768544975e-01 1.310548563460790100e-03 3.014929414745166122e-04 -3.900659342443286949e-04 -1.313976390838163168e-03 9.999990606568645024e-01 1.307715163298954660e-02 9.999586343765258789e-01 9.081454947590827942e-03 4.385278152767568827e-04 8.989695310592651367e-01 -9.082321077585220337e-03 9.999567270278930664e-01 1.994072692468762398e-03 -4.760642070323228836e-03 -4.204053839202970266e-04 -1.997965853661298752e-03 9.999979734420776367e-01 1.930074580013751984e-02 2.958112478256225586e+03
5.560170000000000000e+07 9.999302777756690075e-01 1.180176769987224122e-02 -3.973243403514903241e-04 8.879861300138108815e-01 -1.180192074664020846e-02 9.999302807604164567e-01 -3.850780241055001092e-04 -8.891050845978338765e-03 3.927520378137940981e-04 3.897403659846579091e-04 9.999998469241302423e-01 1.698461293166077940e-02 9.999338984489440918e-01 1.147765945643186569e-02 -7.211952470242977142e-04 8.905237913131713867e-01 -1.147808320820331573e-02 9.999339580535888672e-01 -5.980911082588136196e-04 -1.152772456407546997e-02 7.142809918150305748e-04 6.063283653929829597e-04 9.999995231628417969e-01 1.475602760910987854e-02 2.768993854522705078e+03
5.570567000000000000e+07 9.998966907207635924e-01 1.435992562151035094e-02 6.327889146194406360e-04 8.994647382648330858e-01 -1.435870129253695275e-02 9.998951059110980921e-01 -1.898650106186216277e-03 -9.346496433942984988e-03 -6.599870131088811766e-04 1.889367931005974657e-03 9.999979973509766085e-01 1.095197492136057091e-02 9.998928308486938477e-01 1.463488303124904633e-02 4.342355241533368826e-04 8.866684436798095703e-01 -1.463414262980222702e-02 9.998914599418640137e-01 -1.666167052462697029e-03 -1.782209798693656921e-02 -4.585682763718068600e-04 1.659633941017091274e-03 9.999985694885253906e-01 1.275290641933679581e-02 2.630972623825073242e+03
5.580969000000000000e+07 9.998406217487127989e-01 1.767452749953255658e-02 2.518368284357840655e-03 8.916616340202568880e-01 -1.766574809261037965e-02 9.998379383263192866e-01 -3.466760404740402372e-03 -1.784725951672326907e-02 -2.579233505486608086e-03 3.421719018813578015e-03 9.999908196546009043e-01 1.255105174963627029e-02 9.998388290405273438e-01 1.783425360918045044e-02 2.083506435155868530e-03 8.819304704666137695e-01 -1.782596483826637268e-02 9.998335242271423340e-01 -3.900142619386315346e-03 -2.493622153997421265e-02 -2.152713946998119354e-03 3.862368641421198845e-03 9.999901652336120605e-01 1.446364261209964752e-02 2.696426630020141602e+03
5.591381000000000000e+07 9.997696629038550498e-01 2.125482592264692216e-02 2.975485188996195799e-03 8.844819062544621024e-01 -2.124751271528819985e-02 9.997711993488971327e-01 -2.468229300834615635e-03 -2.449884677521392898e-02 -3.027266180174022648e-03 2.404439116677493157e-03 9.999925271380825098e-01 1.664307589295339201e-02 9.997853040695190430e-01 2.041294984519481659e-02 3.549140645191073418e-03 8.824948668479919434e-01 -2.040473558008670807e-02 9.997890591621398926e-01 -2.331685740500688553e-03 -1.954649202525615692e-02 -3.595993854105472565e-03 2.258765976876020432e-03 9.999909400939941406e-01 1.811564527451992035e-02 2.678543567657470703e+03
5.601793000000000000e+07 9.997129819609809065e-01 2.394958389607471788e-02 6.092043075789767368e-04 8.870286933537731011e-01 -2.394773469902910373e-02 9.997090621544605371e-01 -2.880459865028922335e-03 -1.858366884337888866e-02 -6.780128821870225154e-04 2.865044057951580785e-03 9.999956659011465243e-01 1.259724359077908640e-02 9.997038841247558594e-01 2.433286048471927643e-02 3.247013955842703581e-04 8.725413084030151367e-01 -2.433192543685436249e-02 9.997004866600036621e-01 -2.613730495795607567e-03 -2.971363253891468048e-02 -3.882041492033749819e-04 2.605066169053316116e-03 9.999965429306030273e-01 1.746192760765552521e-02 2.727999687194824219e+03
5.612205000000000000e+07 9.995927590692362807e-01 2.853553141717742048e-02 -1.986531931052611078e-04 8.784054634822763274e-01 -2.853608262961199182e-02 9.995854508512429515e-01 -3.823406161161054233e-03 -3.022065601122931461e-02 8.946791496072048564e-05 3.827517897610383489e-03 9.999926710242609262e-01 1.749998237288899819e-02 9.996058344841003418e-01 2.807087637484073639e-02 -4.623307322617620230e-04 8.713991641998291016e-01 -2.807274460792541504e-02 9.995959401130676270e-01 -4.461469128727912903e-03 -2.597173862159252167e-02 3.369120240677148104e-04 4.472683183848857880e-03 9.999899864196777344e-01 1.507013291120529175e-02 3.014292240142822266e+03
5.622619000000000000e+07 9.995130918352097549e-01 3.120220909518723121e-02 -3.738448724151333742e-05 8.783128144498196788e-01 -3.120213910032283017e-02 9.995064991429646328e-01 -3.631072367645718068e-03 -2.686577906538511334e-02 -7.593144129001844493e-05 3.630470844834070548e-03 9.999934069361962052e-01 6.510938122785438036e-03 9.995070695877075195e-01 3.139554336667060852e-02 6.658177153440192342e-05 8.659375905990600586e-01 -3.139511123299598694e-02 9.995006918907165527e-01 -3.572968766093254089e-03 -3.923283517360687256e-02 -1.787249930202960968e-04 3.569119609892368317e-03 9.999936223030090332e-01 9.004197083413600922e-03 2.999026536941528320e+03
5.633051000000000000e+07 9.994541307568882704e-01 3.303528512370828424e-02 3.323398682030275549e-04 8.750265037590726491e-01 -3.303437542695579487e-02 9.994512215756152784e-01 -2.446575394577375426e-03 -3.113125810914127434e-02 -4.129808029903076221e-04 2.434261244342957823e-03 9.999969519048799160e-01 2.110284771681040020e-02 9.994531869888305664e-01 3.306553512811660767e-02 2.750672574620693922e-04 8.649176359176635742e-01 -3.306446596980094910e-02 9.994478225708007812e-01 -3.301303368061780930e-03 -3.843270987272262573e-02 -3.840744320768862963e-04 3.290404099971055984e-03 9.999945163726806641e-01 1.403294969350099564e-02 2.777013063430786133e+03
5.643467000000000000e+07 9.994528449583865992e-01 3.293250596494878835e-02 -3.075834107334383949e-03 8.697112878872260699e-01 -3.294449429609010160e-02 9.994494490125637176e-01 -3.931814346788137758e-03 -2.978885592650894545e-02 2.944656204400728904e-03 4.030994833950401340e-03 9.999875399626170225e-01 5.237825985299425155e-03 9.994652867317199707e-01 3.261971473693847656e-02 -2.255046740174293518e-03 8.641574382781982422e-01 -3.262519091367721558e-02 9.994646906852722168e-01 -2.446756698191165924e-03 -2.865773439407348633e-02 2.174031687900424004e-03 2.519016386941075325e-03 9.999943971633911133e-01 1.397149451076984406e-02 2.927507400512695312e+03
5.653894000000000000e+07 9.994443088041811141e-01 3.227225315707524245e-02 -8.341179478841833153e-03 8.593743905830987240e-01 -3.228894987918058679e-02 9.994768174992830767e-01 -1.874832580380945230e-03 -2.390042966105295971e-02 8.276310448041977047e-03 2.143118678547966793e-03 9.999634541960508161e-01 2.381414806380927757e-02 9.994293451309204102e-01 3.259817510843276978e-02 -8.854404091835021973e-03 8.477442264556884766e-01 -3.262251988053321838e-02 9.994643330574035645e-01 -2.615411765873432159e-03 -3.836662694811820984e-02 8.764406666159629822e-03 2.902771346271038055e-03 9.999573826789855957e-01 1.404268201440572739e-02 3.070712327957153320e+03
5.664303000000000000e+07 9.994024750320729122e-01 3.328931808291640815e-02 -9.301301056367887454e-03 8.544240822568198723e-01 -3.329248051409768733e-02 9.994456345368512018e-01 -1.853279510454958244e-04 -2.790261948230005409e-02 9.289975295187878276e-03 4.948805971423755369e-04 9.999567247897327427e-01 1.739604308574243391e-02 9.993855953216552734e-01 3.309740871191024780e-02 -1.152695622295141220e-02 8.460950851440429688e-01 -3.311594203114509583e-02 9.994505047798156738e-01 -1.424231566488742828e-03 -2.490712702274322510e-02 1.147348619997501373e-02 1.805083476938307285e-03 9.999325871467590332e-01 8.242692798376083374e-03 2.908119916915893555e+03
5.674729000000000000e+07 9.994329833708530675e-01 3.284518671525300804e-02 -7.409821865357746860e-03 8.560761831373048247e-01 -3.281907701398811827e-02 9.994547597971238373e-01 3.618190545482060424e-03 -1.524624647406352083e-02 7.524621876618325239e-03 -3.372955456816240614e-03 9.999660010405855282e-01 7.960406982646845570e-03 9.994247555732727051e-01 3.313129022717475891e-02 -7.246213965117931366e-03 8.439685702323913574e-01 -3.310417383909225464e-02 9.994446039199829102e-01 3.823974868282675743e-03 -2.987975813448429108e-02 7.368876133114099503e-03 -3.581891534850001335e-03 9.999663233757019043e-01 1.070396881550550461e-02 3.048857212066650391e+03
5.685143000000000000e+07 9.994798001019421507e-01 3.220458853588279574e-02 -1.730221204470777869e-03 8.637024275676918883e-01 -3.219638368416789798e-02 9.994710806306206230e-01 4.577320255498088138e-03 -1.935881532152627579e-02 1.876716772387700084e-03 -4.519232268210175187e-03 9.999880271652568098e-01 1.710733553126006024e-03 9.994782209396362305e-01 3.227991238236427307e-02 -1.141425804235041142e-03 8.556108474731445312e-01 -3.227411955595016479e-02 9.994674921035766602e-01 4.812050145119428635e-03 -1.618987508118152618e-02 1.296157017350196838e-03 -4.772707354277372360e-03 9.999877810478210449e-01 8.816908113658428192e-03 2.915881395339965820e+03
5.695555000000000000e+07 9.995783521480103850e-01 2.901804676616368678e-02 -1.034832810168167649e-03 8.569810580807410982e-01 -2.901630030653394934e-02 9.995775525794909910e-01 1.664540692153563140e-03 -1.596666844367176930e-02 1.082697367365948729e-03 -1.633811822559273069e-03 9.999980792108248417e-01 8.863869497702871886e-03 9.995723962783813477e-01 2.923621609807014465e-02 -4.522525414358824492e-04 8.545005321502685547e-01 -2.923516929149627686e-02 9.995703101158142090e-01 2.113761613145470619e-03 -2.430751919746398926e-02 5.138532724231481552e-04 -2.099638106301426888e-03 9.999976754188537598e-01 1.490906067192554474e-02 2.755733251571655273e+03
5.705965000000000000e+07 9.996603461326337703e-01 2.599293349342639628e-02 -1.886737498749485598e-03 8.635158149650358217e-01 -2.599604448985366051e-02 9.996606947023313205e-01 -1.643513959087149201e-03 -2.079621794639915922e-02 1.843377569686779948e-03 1.692003445173041742e-03 9.999968695368386395e-01 1.108142487745696243e-02 9.996623992919921875e-01 2.593057602643966675e-02 -1.671488978900015354e-03 8.559189438819885254e-01 -2.593223191797733307e-02 9.996631741523742676e-01 -9.945665951818227768e-04 -2.505358308553695679e-02 1.645143260248005390e-03 1.037582056596875191e-03 9.999981522560119629e-01 1.341163739562034607e-02 2.852201700210571289e+03
5.716356000000000000e+07 9.997523534090033692e-01 2.217375661057443756e-02 -1.885834280710868907e-03 8.729592348975272476e-01 -2.217913293872260730e-02 9.997498661575194845e-01 -2.879440936780557243e-03 -2.385460585314981216e-02 1.821514547229256690e-03 2.920554022260873819e-03 9.999940762069330358e-01 1.296433451685894377e-02 9.997494816780090332e-01 2.211382798850536346e-02 -3.444358939304947853e-03 8.609690070152282715e-01 -2.212656475603580475e-02 9.997483491897583008e-01 -3.705792827531695366e-03 -1.967283152043819427e-02 3.361545968800783157e-03 3.781076753512024879e-03 9.999871850013732910e-01 7.636777590960264206e-03 2.759031534194946289e+03
5.726747000000000000e+07 9.998119522393458247e-01 1.933578817053308724e-02 1.479004791176362615e-03 8.631104704333899535e-01 -1.933704617350901281e-02 9.998126680889670714e-01 8.410553515849948994e-04 -1.065992172817036010e-02 -1.462465258264464101e-03 -8.694967769473616829e-04 9.999985525843141376e-01 9.477079280798245131e-03 9.998108744621276855e-01 1.944473758339881897e-02 3.016933624166995287e-04 8.676472306251525879e-01 -1.944493874907493591e-02 9.998108148574829102e-01 3.386224852874875069e-04 -1.550083979964256287e-02 -2.950631605926901102e-04 -3.444369358476251364e-04 9.999998807907104492e-01 7.453085388988256454e-03 2.790955066680908203e+03
5.737129000000000000e+07 9.998032199883823967e-01 1.948257481314075168e-02 3.735047457871868478e-03 8.843657174127441678e-01 -1.949011394751551038e-02 9.998080636399989674e-01 1.992821805554289595e-03 -1.163905972098118469e-02 -3.695505266542403570e-03 -2.065226158609541601e-03 9.999910390007196170e-01 -5.686354749453188112e-03 9.997921586036682129e-01 1.958868280053138733e-02 5.650095641613006592e-03 8.830970525741577148e-01 -1.960813626646995544e-02 9.998019337654113770e-01 3.417208790779113770e-03 -9.747302159667015076e-03 -5.582028999924659729e-03 -3.527282038703560829e-03 9.999782443046569824e-01 1.147135533392429352e-02 2.660727500915527344e+03
5.747515000000000000e+07 9.998158540936722405e-01 1.907403237546717589e-02 2.106938983518915655e-03 9.005999819169240306e-01 -1.907294465481423201e-02 9.998179516274336986e-01 -5.351501820072248001e-04 -1.711816180325705442e-02 -2.116762890603211735e-03 4.948661056682107824e-04 9.999976372084098397e-01 1.065802876979800307e-02 9.998201727867126465e-01 1.877319999039173126e-02 2.650787588208913803e-03 8.847492933273315430e-01 -1.877289824187755585e-02 9.998237490653991699e-01 -1.582872937433421612e-04 -1.161349751055240631e-02 -2.653289586305618286e-03 1.084980613086372614e-04 9.999964237213134766e-01 1.210711244493722916e-02 2.595254898071289062e+03
5.757907000000000000e+07 9.998430639732636127e-01 1.770512490099785188e-02 -6.131694679813637274e-04 8.835822245608461190e-01 -1.770517251313748902e-02 9.998432485334114439e-01 -7.230791717732128481e-05 -1.092148856521142630e-02 6.117931320630347856e-04 8.315284067049665505e-05 9.999998093973662128e-01 5.882365230999081485e-03 9.998386502265930176e-01 1.793730445206165314e-02 -9.046478080563247204e-04 8.895655870437622070e-01 -1.793752051889896393e-02 9.998390674591064453e-01 -2.231195830972865224e-04 -1.491300761699676514e-02 9.004919556900858879e-04 2.393151517026126385e-04 9.999995827674865723e-01 1.033979747444391251e-02 2.523559808731079102e+03
5.768293000000000000e+07 9.998563793316649351e-01 1.652372629098716739e-02 -3.766587213143568393e-03 9.078467349962636712e-01 -1.651712399583003463e-02 9.998620034248714150e-01 1.777279412118159358e-03 -1.564274453905413823e-02 3.795434715556678888e-03 -1.714810970020572752e-03 9.999913270117182229e-01 1.486554824025679636e-02 9.998525977134704590e-01 1.653330586850643158e-02 -4.641145002096891403e-03 8.908857107162475586e-01 -1.652795076370239258e-02 9.998627305030822754e-01 1.166666625067591667e-03 -9.359249845147132874e-03 4.659790080040693283e-03 -1.089781406335532665e-03 9.999886155128479004e-01 1.275833882391452789e-02 2.500548362731933594e+03
5.778669000000000000e+07 9.998974889236429409e-01 1.396450012561089270e-02 -3.162970191959619398e-03 8.946541977134354617e-01 -1.397194929010140037e-02 9.998996368474279972e-01 -2.345392380089233921e-03 -1.297562568931873855e-02 3.129900514113299805e-03 2.389344810520033311e-03 9.999922473470221895e-01 9.206265853748374015e-03 9.998925924301147461e-01 1.425110269337892532e-02 -3.415571060031652451e-03 9.042056202888488770e-01 -1.425994653254747391e-02 9.998950958251953125e-01 -2.564458874985575676e-03 -1.011569239199161530e-02 3.378667868673801422e-03 2.612879034131765366e-03 9.999908208847045898e-01 3.795902477577328682e-03 2.445473909378051758e+03
5.789057000000000000e+07 9.999381143139741690e-01 1.066393699642985242e-02 3.169856455699969922e-03 9.224465344581604942e-01 -1.064504411175103485e-02 9.999258246990581078e-01 -5.918457211769959439e-03 -1.647735429292432330e-02 -3.232735385465806011e-03 5.884347682186349786e-03 9.999774616831534901e-01 6.908008778772633824e-04 9.999434947967529297e-01 1.050518546253442764e-02 1.655064872466027737e-03 9.271353483200073242e-01 -1.049485709518194199e-02 9.999262094497680664e-01 -6.113551091402769089e-03 -1.556159369647502899e-02 -1.719153602607548237e-03 6.095841061323881149e-03 9.999799132347106934e-01 -3.011746157426387072e-04 2.948937892913818359e+03
5.799489000000000000e+07 9.999350089065495162e-01 7.685812810989277669e-03 8.420584569569579056e-03 9.501563525999450199e-01 -7.617360311078447827e-03 9.999379267925549986e-01 -8.131321153295499940e-03 -1.923054733108531603e-02 -8.482557689167051496e-03 8.066650063146231162e-03 9.999314853387749613e-01 5.343067478350378360e-03 9.999207854270935059e-01 7.214627694338560104e-03 1.030967198312282562e-02 9.348764419555664062e-01 -7.154441904276609421e-03 9.999572038650512695e-01 -5.863026715815067291e-03 -1.268712896853685379e-02 -1.035154052078723907e-02 5.788800772279500961e-03 9.999296665191650391e-01 4.021174274384975433e-03 2.663833141326904297e+03
5.809807000000000000e+07 9.999617907737172740e-01 3.493588812091076405e-03 8.013228427573793056e-03 9.306958766153343721e-01 -3.459991386650214818e-03 9.999851824263354949e-01 -4.202783288845986058e-03 -4.055645305919232738e-03 -8.027792487648829911e-03 4.174897002409618842e-03 9.999590615534190707e-01 8.566378235140753366e-04 9.999525547027587891e-01 3.617478767409920692e-03 9.049361571669578552e-03 9.487857222557067871e-01 -3.584973048418760300e-03 9.999870061874389648e-01 -3.614010056480765343e-03 -6.679837591946125031e-03 -9.062319993972778320e-03 3.581405151635408401e-03 9.999526143074035645e-01 1.019139494746923447e-02 2.795743703842163086e+03
5.820185000000000000e+07 9.999971021812171790e-01 2.078406010005218098e-03 1.214848807841155008e-03 9.621171581470728817e-01 -2.080323883075275906e-03 9.999965886046983110e-01 1.579566873298708868e-03 1.522632467348131657e-04 -1.211561682228970470e-03 -1.582089574989432434e-03 9.999980145534624887e-01 1.518328238871606908e-02 9.999986290931701660e-01 1.582393189892172813e-03 5.505773588083684444e-04 9.484338760375976562e-01 -1.582582481205463409e-03 9.999987483024597168e-01 4.029913689009845257e-04 -1.325762277701869607e-04 -5.499396356754004955e-04 -4.038634069729596376e-04 9.999997019767761230e-01 1.067807152867317200e-02 2.647482156753540039e+03
5.830544000000000000e+07 9.999957684136041580e-01 9.063142076510948561e-04 -2.764371437150137546e-03 9.459378770893160926e-01 -8.982845478233672434e-04 9.999953783082965453e-01 2.904556234245928622e-03 9.343835926221760735e-03 2.766991101659619853e-03 -2.902060751218845519e-03 9.999919608695060358e-01 6.667090174428541571e-03 9.999943971633911133e-01 1.025389530695974827e-03 -3.173782490193843842e-03 9.546084403991699219e-01 -1.015725894831120968e-03 9.999947547912597656e-01 3.047686303034424782e-03 5.272332578897476196e-03 3.176890546455979347e-03 -3.044447628781199455e-03 9.999903440475463867e-01 1.068746671080589294e-02 2.458784818649291992e+03
5.840923000000000000e+07 9.999919133099209878e-01 9.485443381961299048e-04 -3.908142576965275769e-03 9.656098650732594102e-01 -9.270125313983688378e-04 9.999844033408480382e-01 5.507605905919223804e-03 9.350666976782093243e-03 3.913305831396660453e-03 -5.503938470473847266e-03 9.999771960893825140e-01 1.347426206157568800e-02 9.999918937683105469e-01 8.175890543498098850e-04 -3.936597611755132675e-03 9.622737169265747070e-01 -7.969590951688587666e-04 9.999860525131225586e-01 5.225182045251131058e-03 1.034135464578866959e-02 3.940814640372991562e-03 -5.222002509981393814e-03 9.999786019325256348e-01 9.139333851635456085e-03 2.608124971389770508e+03
5.851281000000000000e+07 9.999966469297112415e-01 9.895546096403454953e-04 -2.393096531478512614e-03 9.819122431805767937e-01 -9.692952318726639821e-04 9.999638101403758306e-01 8.452152169479976163e-03 1.872355062170433931e-02 2.401373791791661799e-03 -8.449804211762288256e-03 9.999614163619988672e-01 4.403841243546860983e-03 9.999963045120239258e-01 3.618327318690717220e-04 -2.695052418857812881e-03 9.799608588218688965e-01 -3.390131168998777866e-04 9.999640583992004395e-01 8.476057089865207672e-03 1.761977933347225189e-02 2.698018448427319527e-03 -8.475119248032569885e-03 9.999604821205139160e-01 7.857842370867729187e-03 2.445357799530029297e+03
5.861656000000000000e+07 9.999999936408655588e-01 -1.057303774570284889e-04 3.923462914191476437e-05 9.830369750809773155e-01 1.055344514830724680e-04 9.999876908457958624e-01 4.960546277617114766e-03 1.282714645842854620e-02 -3.975862662714002989e-05 -4.960542105467267808e-03 9.999876956449371690e-01 7.210912270673901572e-03 9.999998807907104492e-01 2.333297379664145410e-05 4.204061115160584450e-04 9.964059591293334961e-01 -2.553953891037963331e-05 9.999866485595703125e-01 5.165001843124628067e-03 1.384746097028255463e-02 -4.202772688586264849e-04 -5.164999980479478836e-03 9.999865293502807617e-01 5.975421052426099777e-03 2.459373235702514648e+03
5.872045000000000000e+07 9.999977818463234858e-01 -4.329558656411036156e-04 2.061274278511092319e-03 1.000280872713316560e+00 4.291400435704931888e-04 9.999981943022533404e-01 1.851278222178758285e-03 9.473940474630069761e-03 -2.062072078237997975e-03 -1.850389540425472629e-03 9.999961619512811595e-01 8.117977389723782938e-03 9.999974370002746582e-01 -7.484741508960723877e-04 2.168617909774184227e-03 1.004940986633300781e+00 7.436921005137264729e-04 9.999973177909851074e-01 2.215464133769273758e-03 8.672011084854602814e-03 -2.170264488086104393e-03 -2.213857136666774750e-03 9.999951720237731934e-01 7.010314613580703735e-03 2.716327667236328125e+03
5.882403000000000000e+07 9.999986261266403664e-01 -2.269296903156378859e-04 1.642025501472622407e-03 1.018158612607867664e+00 2.246725188149990523e-04 9.999990298877659001e-01 1.374680248835246765e-03 7.591432839410643812e-03 -1.642335864286745880e-03 -1.374309442193300413e-03 9.999977070006040858e-01 9.095629246058330869e-03 9.999974370002746582e-01 -7.983331452123820782e-04 2.073780400678515434e-03 1.011584401130676270e+00 7.936269976198673248e-04 9.999970793724060059e-01 2.291668439283967018e-03 7.775169797241687775e-03 -2.075604628771543503e-03 -2.290014410391449928e-03 9.999952316284179688e-01 1.089108362793922424e-02 2.568030834197998047e+03
5.892782000000000000e+07 9.999985474231498639e-01 -1.528378714391219733e-03 7.544601352527713139e-04 1.008738062525130541e+00 1.527999799783701226e-03 9.999987063272316457e-01 5.025539521781219234e-04 7.102643096049032073e-03 -7.552272519915819229e-04 -5.014004072442740465e-04 9.999995891146302718e-01 1.080957574344619358e-02 9.999992251396179199e-01 -1.246486091986298561e-03 2.094686642521992326e-04 1.027039647102355957e+00 1.246451283805072308e-03 9.999991655349731445e-01 2.712915302254259586e-04 7.598333992063999176e-03 -2.098161639878526330e-04 -2.710308763198554516e-04 9.999999403953552246e-01 8.863434195518493652e-03 2.517557859420776367e+03
5.903170000000000000e+07 9.999993572548887544e-01 -6.054695610580149070e-04 -9.585908512700642547e-04 1.028783831234029611e+00 6.071472229854191303e-04 9.999982830153248958e-01 1.750810855568697266e-03 1.073107951471927168e-02 9.575291427040459949e-04 -1.751391736016906855e-03 9.999980078804797667e-01 1.115267856448735710e-02 9.999988079071044922e-01 -1.422599540092051029e-03 -6.136755109764635563e-04 1.026941180229187012e+00 1.423758105374872684e-03 9.999970197677612305e-01 1.980053493753075600e-03 7.654236163944005966e-03 6.108595989644527435e-04 -1.980919158086180687e-03 9.999978542327880859e-01 1.036581397056579590e-02 2.592984914779663086e+03
5.913542000000000000e+07 9.999977794064053294e-01 -1.383769375677604014e-03 -1.589454174628126973e-03 1.023767621199133560e+00 1.387076633409034315e-03 9.999968716076160780e-01 2.081536306193150845e-03 9.106416194878877782e-03 1.586568835996921651e-03 -2.083736378692463333e-03 9.999965704151352330e-01 1.053788023223032645e-02 9.999976158142089844e-01 -9.419712587259709835e-04 -1.973769394680857658e-03 1.037679791450500488e+00 9.457515552639961243e-04 9.999977350234985352e-01 1.902628107927739620e-03 1.005548145622014999e-02 1.971968449652194977e-03 -1.904498669318854809e-03 9.999962449073791504e-01 1.100181043148040771e-02 2.435875415802001953e+03
5.923917000000000000e+07 9.999980050267003318e-01 -8.108829500040853466e-04 -1.825489375706204663e-03 1.034922831176493752e+00 8.151648704114329829e-04 9.999969156369808987e-01 2.346108002366862309e-03 9.909036043478886696e-03 1.823581326256295100e-03 -2.347591396754424454e-03 9.999955816731294078e-01 1.249005924697214366e-02 9.999979734420776367e-01 -8.648532093502581120e-04 -1.837020157836377621e-03 1.040772080421447754e+00 8.683592895977199078e-04 9.999977350234985352e-01 1.937589491717517376e-03 8.317148312926292419e-03 1.835347851738333702e-03 -1.939178793691098690e-03 9.999964237213134766e-01 1.104263961315155029e-02 2.487838506698608398e+03
5.934307000000000000e+07 9.999992898843242939e-01 7.206205480049127652e-04 -9.491769450895542852e-04 1.049976516970893448e+00 -7.177908199312821010e-04 9.999953074846701373e-01 2.978218423655918431e-03 1.017463386959393395e-02 9.513186564547217866e-04 -2.977534998278654182e-03 9.999951146271405245e-01 7.418057659118099979e-03 9.999995231628417969e-01 1.548929285490885377e-04 -9.473490063101053238e-04 1.048751950263977051e+00 -1.517630153102800250e-04 9.999946355819702148e-01 3.266177605837583542e-03 7.271921262145042419e-03 9.478514548391103745e-04 -3.266035579144954681e-03 9.999942183494567871e-01 1.246442832052707672e-02 2.324241876602172852e+03
5.944678000000000000e+07 9.999996233839394399e-01 7.947092856054243986e-04 3.488110242561225332e-04 1.050429534174284862e+00 -7.952563983067930829e-04 9.999984494768571208e-01 1.571181448019978158e-03 6.972110749686818813e-03 -3.475618509304445169e-04 -1.571458250486650271e-03 9.999987048590246452e-01 1.322437856774382262e-02 9.999991655349731445e-01 1.275856746360659599e-03 3.028518403880298138e-04 1.055117368698120117e+00 -1.276691677048802376e-03 9.999960660934448242e-01 2.525359624996781349e-03 7.605518214404582977e-03 -2.996250696014612913e-04 -2.525744959712028503e-03 9.999967217445373535e-01 1.810073480010032654e-02 2.471809148788452148e+03
5.955068000000000000e+07 9.999983040718833927e-01 1.650637620211879621e-03 8.168529877738731852e-04 1.058980787159435888e+00 -1.651970594729740499e-03 9.999973007337186193e-01 1.633866099442969145e-03 5.745531502411083125e-03 -8.141538620200169680e-04 -1.635212745639531926e-03 9.999983316149909651e-01 1.176995768381279908e-02 9.999985098838806152e-01 1.569439540617167950e-03 7.195535581558942795e-04 1.057146430015563965e+00 -1.570487627759575844e-03 9.999976158142089844e-01 1.468760892748832703e-03 4.966401495039463043e-03 -7.172462064772844315e-04 -1.469886279664933681e-03 9.999986290931701660e-01 1.779063791036605835e-02 2.523504257202148438e+03
5.965455000000000000e+07 9.999977005866086399e-01 2.045480464202823877e-03 6.440738823043777768e-04 1.064493844301353409e+00 -2.045367328153547930e-03 9.999978926990584771e-01 -1.762666590146488778e-04 3.995269531686385968e-03 -6.444330750543840686e-04 1.749488860289503153e-04 9.999997770494246652e-01 1.633646169447099117e-02 9.999988079071044922e-01 1.462531159631907940e-03 4.647282476071268320e-04 1.058591365814208984e+00 -1.462631393224000931e-03 9.999988675117492676e-01 3.999197797384113073e-04 2.805265830829739571e-03 -4.641445993911474943e-04 -4.005990631412714720e-04 9.999998211860656738e-01 1.847535558044910431e-02 2.688890695571899414e+03
5.975842000000000000e+07 9.999994001521139708e-01 1.036708503868808123e-03 3.534556410421072783e-04 1.054752969876554758e+00 -1.037055170527487148e-03 9.999989800721180710e-01 9.820240814720428320e-04 5.919266142409430019e-03 -3.524372078265779825e-04 -9.823900454070683824e-04 9.999994553487582261e-01 1.503841461663059896e-02 9.999986886978149414e-01 1.480909646488726139e-03 6.491437088698148727e-04 1.057803511619567871e+00 -1.481463434174656868e-03 9.999985694885253906e-01 7.992271566763520241e-04 2.718148054555058479e-03 -6.479577277787029743e-04 -8.001826354302465916e-04 9.999995231628417969e-01 1.742307282984256744e-02 2.560737371444702148e+03
5.986246000000000000e+07 9.999973214200451599e-01 1.648912548604410371e-03 1.624266031789938381e-03 1.072592539002602541e+00 -1.649208691496680977e-03 9.999986236736041478e-01 1.810016284520525479e-04 5.006092920587843116e-03 -1.623965340413252275e-03 -1.836798972816495491e-04 9.999986644982424844e-01 1.484549792013528484e-02 9.999986290931701660e-01 1.235210103914141655e-03 1.092038699425756931e-03 1.059975266456604004e+00 -1.235077506862580776e-03 9.999992847442626953e-01 -1.207444001920521259e-04 -3.118529275525361300e-04 -1.092193531803786755e-03 1.193893258459866047e-04 9.999993443489074707e-01 1.433218456804752350e-02 2.513249874114990234e+03
5.996599000000000000e+07 9.999974238307272056e-01 4.982649541423002154e-04 2.214512123365289849e-03 1.048424982781538395e+00 -4.969210417764959942e-04 9.999996920825530156e-01 -6.073749065805561119e-04 6.275153018150132767e-03 -2.214814075108345603e-03 6.062729042086153564e-04 9.999973635124136395e-01 1.733359811289767599e-02 9.999960064888000488e-01 8.630388183519244194e-04 2.676153089851140976e-03 1.060101509094238281e+00 -8.640013984404504299e-04 9.999994635581970215e-01 3.573076974134892225e-04 2.798952162265777588e-03 -2.675847150385379791e-03 -3.596178139559924603e-04 9.999964237213134766e-01 1.509792543947696686e-02 2.424931049346923828e+03
6.006969000000000000e+07 9.999980283419704907e-01 9.763093528202918285e-04 1.729199878347706474e-03 1.054885674118247074e+00 -9.763439370134625482e-04 9.999995231926670503e-01 1.915607830020393411e-05 6.067293657029007234e-03 -1.729180351594116318e-03 -2.084433434807754008e-05 9.999985047492948587e-01 1.610006687931000990e-02 9.999982118606567383e-01 8.283930364996194839e-04 1.729310955852270126e-03 1.056347250938415527e+00 -8.297309977933764458e-04 9.999994635581970215e-01 7.729239878244698048e-04 7.373194239335134625e-05 -1.728669740259647369e-03 -7.743629394099116325e-04 9.999982118606567383e-01 1.293664518743753433e-02 2.443122625350952148e+03
6.017345000000000000e+07 9.999981053556715738e-01 1.506454671866789153e-03 -1.232833885341632707e-03 1.060378628147454538e+00 -1.505198146738265111e-03 9.999983474867298883e-01 1.019510837805866297e-03 4.881831091525951419e-03 1.234367694931908779e-03 -1.017653246915987313e-03 9.999987203583126094e-01 1.968602614258490799e-02 9.999986886978149414e-01 1.156522193923592567e-03 -1.091228914447128773e-03 1.049732208251953125e+00 -1.155532780103385448e-03 9.999988675117492676e-01 9.051481029018759727e-04 4.238064284436404705e-04 1.092275371775031090e-03 -9.038780699484050274e-04 9.999989867210388184e-01 1.553971786051988602e-02 2.675971746444702148e+03
6.027719000000000000e+07 9.999971549741346610e-01 3.663767641706020851e-04 -2.357076940477453343e-03 1.039045779127886648e+00 -3.647190459132458639e-04 9.999996859033331020e-01 7.036854785143543435e-04 5.911904243154286580e-03 2.357334014136054732e-03 -7.028238056580917706e-04 9.999969745029451129e-01 1.721018621057635381e-02 9.999970197677612305e-01 7.963731768541038036e-04 -2.309803850948810577e-03 1.046686649322509766e+00 -7.954174070619046688e-04 9.999996423721313477e-01 4.147856961935758591e-04 -5.751471035182476044e-04 2.310136100277304649e-03 -4.129568987991660833e-04 9.999972581863403320e-01 1.282568369060754776e-02 2.418641805648803711e+03
6.038105000000000000e+07 9.999988481162254139e-01 8.626347910379799462e-04 -1.248850447198587539e-03 1.044593294028780983e+00 -8.613550709023227048e-04 9.999991038295305001e-01 1.024893934764548129e-03 6.344201539069863234e-03 1.249733437180947744e-03 -1.023817050540360958e-03 9.999986949816398463e-01 1.541578788619758604e-02 9.999988079071044922e-01 7.141348905861377716e-04 -1.383222406730055809e-03 1.046393275260925293e+00 -7.131858728826045990e-04 9.999995231628417969e-01 6.849882192909717560e-04 2.343420492252334952e-04 1.383714610710740089e-03 -6.839889101684093475e-04 9.999987483024597168e-01 1.330361329019069672e-02 2.226235151290893555e+03
6.048480000000000000e+07 9.999989530571178342e-01 1.417533405713089761e-03 2.906608197388252531e-04 1.039199374957444633e+00 -1.417396515486073552e-03 9.999988847473659792e-01 -4.706284543885576039e-04 6.757822694332128385e-03 -2.913276271343553220e-04 4.702159800343609663e-04 9.999998470125611716e-01 1.642102395891317443e-02 9.999995231628417969e-01 1.021692878566682339e-03 1.261071884073317051e-04 1.043948769569396973e+00 -1.021764706820249557e-03 9.999993443489074707e-01 4.202049749437719584e-04 -1.670169294811785221e-04 -1.256763789569959044e-04 -4.203373682685196400e-04 9.999999403953552246e-01 1.419169362634420395e-02 2.279057979583740234e+03
6.058854000000000000e+07 9.999977973382936369e-01 1.635766401703860149e-03 1.315137574562038648e-03 1.049213078044956227e+00 -1.637576095225558954e-03 9.999977122730310253e-01 1.376151603802716963e-03 6.522311644513234703e-03 -1.312883503329190108e-03 -1.378302210460312675e-03 9.999981883083204348e-01 1.773289816486245743e-02 9.999980926513671875e-01 1.680731424130499363e-03 1.017865957692265511e-03 1.045801162719726562e+00 -1.681560184806585312e-03 9.999983310699462891e-01 8.219595183618366718e-04 -2.462552220094949007e-04 -1.016484922729432583e-03 -8.236691937781870365e-04 9.999991059303283691e-01 1.390779670327901840e-02 2.513932943344116211e+03
6.069260000000000000e+07 9.999950787408353747e-01 2.740495830985090545e-03 1.527146591181281939e-03 1.030823314228642484e+00 -2.741430584739939190e-03 9.999960560170234602e-01 6.103349467211013901e-04 3.889987771218115110e-03 -1.525467947764129950e-03 -6.145185094770969992e-04 9.999986476563565985e-01 1.585396720841878229e-02 9.999957084655761719e-01 2.664980012923479080e-03 1.193855889141559601e-03 1.047576189041137695e+00 -2.666288753971457481e-03 9.999958276748657227e-01 1.100514316931366920e-03 -5.884031415916979313e-04 -1.190919661894440651e-03 -1.103701884858310223e-03 9.999987483024597168e-01 1.158871315419673920e-02 2.409361362457275391e+03
6.079700000000000000e+07 9.999960870793931367e-01 2.738248821380405949e-03 5.725550584904793693e-04 1.041079318881332538e+00 -2.738462436824448676e-03 9.999961809737830665e-01 3.726410217071960979e-04 4.927662070899434948e-03 -5.715324880492127268e-04 -3.742074841131533638e-04 9.999997666596597279e-01 2.208695644855551699e-02 9.999954700469970703e-01 2.881678985431790352e-03 8.539654081687331200e-04 1.027991533279418945e+00 -2.882496453821659088e-03 9.999953508377075195e-01 9.584474610164761543e-04 -5.588867934420704842e-04 -8.512015338055789471e-04 -9.608932305127382278e-04 9.999991655349731445e-01 1.367135159671306610e-02 2.660587310791015625e+03
6.090020000000000000e+07 9.999957291669682169e-01 2.869363680870305224e-03 -5.553376363044317107e-04 1.037143084563792783e+00 -2.868711051824890217e-03 9.999951979251874290e-01 1.172443374460528133e-03 4.504933061227800635e-03 5.586991359681099927e-04 -1.170845263935875761e-03 9.999991584879676099e-01 1.813716044216524131e-02 9.999947547912597656e-01 2.943857572972774506e-03 -1.397338113747537136e-03 1.031818151473999023e+00 -2.942936262115836143e-03 9.999954700469970703e-01 6.577924941666424274e-04 -1.282287179492413998e-03 1.399271422997117043e-03 -6.536847213283181190e-04 9.999988079071044922e-01 1.376091968268156052e-02 2.620411634445190430e+03
6.100392000000000000e+07 9.999946315182102197e-01 3.239779675582594564e-03 -4.906754657245986301e-04 1.015870263650116900e+00 -3.239940022493187181e-03 9.999946981292354709e-01 -3.263465486105313344e-04 4.677705399743358958e-03 4.896155733113071677e-04 3.279345557044845388e-04 9.999998263677436494e-01 2.205111118139413059e-02 9.999952912330627441e-01 3.036274341866374016e-03 -4.427001695148646832e-04 1.029310464859008789e+00 -3.035829635336995125e-03 9.999949336051940918e-01 1.007053069770336151e-03 1.266499748453497887e-04 4.457553150132298470e-04 -1.005707075819373131e-03 9.999993443489074707e-01 1.309835817664861679e-02 2.558183670043945312e+03
6.110770000000000000e+07 9.999952600203764197e-01 2.789925356598959520e-03 1.302402888676412870e-03 1.035843090257820620e+00 -2.790563050005324345e-03 9.999959872656007942e-01 4.880681925282913543e-04 3.833047983209252312e-03 -1.301035988653455409e-03 -4.917003164723643448e-04 9.999990327676098190e-01 1.272203083671085040e-02 9.999946951866149902e-01 3.080882830545306206e-03 1.012512715533375740e-03 1.027963638305664062e+00 -3.081726143136620522e-03 9.999948143959045410e-01 8.244652417488396168e-04 2.301160478964447975e-03 -1.009974163025617599e-03 -8.275797008536756039e-04 9.999991655349731445e-01 1.629160530865192413e-02 2.540020942687988281e+03
6.121158000000000000e+07 9.999947743768091701e-01 2.778160357654007543e-03 1.653192094563800309e-03 1.008710790444030225e+00 -2.777285243473618867e-03 9.999960021377877206e-01 -5.314086167841660909e-04 2.352400257145336859e-03 -1.654661823682461192e-03 5.268144538341151600e-04 9.999984922792536368e-01 1.844973289573088523e-02 9.999948143959045410e-01 2.684646751731634140e-03 1.798399025574326515e-03 1.024277806282043457e+00 -2.684911480173468590e-03 9.999964237213134766e-01 1.504506071796640754e-04 1.548014115542173386e-03 -1.797981443814933300e-03 -1.552694739075377584e-04 9.999983310699462891e-01 1.707589253783226013e-02 2.633450269699096680e+03
6.131529000000000000e+07 9.999961339494103374e-01 2.334859147174290443e-03 1.510138733993356174e-03 1.032856784510577164e+00 -2.334058611658932237e-03 9.999971347538596511e-01 -5.316525825064715230e-04 2.105985915055553787e-03 -1.511375740969561230e-03 5.281257747938144500e-04 9.999987184124465855e-01 1.658169648788035758e-02 9.999951124191284180e-01 2.794360974803566933e-03 1.373438513837754726e-03 1.021244049072265625e+00 -2.793488791212439537e-03 9.999958276748657227e-01 -6.353023927658796310e-04 -1.623189658857882023e-03 -1.375215593725442886e-03 6.314532365649938583e-04 9.999989271163940430e-01 1.840484701097011566e-02 2.696460723876953125e+03
6.141920000000000000e+07 9.999972990525637373e-01 2.293513916699793827e-03 3.764060191601688136e-04 1.013139666932054261e+00 -2.293326305672736300e-03 9.999972462694829423e-01 -4.981043130446457341e-04 3.964799799027517516e-03 -3.775473918133631624e-04 4.972397458657249912e-04 9.999998051052819692e-01 1.837856642681595654e-02 9.999973773956298828e-01 2.307306742295622826e-03 1.655258092796429992e-04 1.016440510749816895e+00 -2.307187533006072044e-03 9.999970793724060059e-01 -7.570011657662689686e-04 -2.997163450345396996e-03 -1.672692305874079466e-04 7.566299755126237869e-04 9.999997019767761230e-01 1.919480413198471069e-02 2.676039695739746094e+03
6.152295000000000000e+07 9.999976453399164189e-01 2.137619354877215612e-03 -3.740295660089437138e-04 1.003835908403595267e+00 -2.137666967740903777e-03 9.999977071299973597e-01 -1.269436221584245995e-04 4.572099773472945890e-03 3.737573512640675354e-04 1.277428738975604336e-04 9.999999219935972183e-01 1.636173433943885827e-02 9.999973177909851074e-01 2.249145647510886192e-03 -4.948319401592016220e-04 1.011864304542541504e+00 -2.249038545414805412e-03 9.999974370002746582e-01 2.038545208051800728e-04 3.348727012053132057e-03 4.952920717187225819e-04 -2.027446025749668479e-04 9.999998211860656738e-01 1.896785758435726166e-02 3.040430545806884766e+03
6.162679000000000000e+07 9.999986597498854435e-01 1.520485745368406342e-03 -6.071421012413147789e-04 1.017394720391508356e+00 -1.520431127044513404e-03 9.999988400568349256e-01 9.041113229474919679e-05 5.514896486850550360e-03 6.072788658288609141e-04 -8.948789337195225371e-05 9.999998116021303618e-01 1.827090764711288354e-02 9.999974966049194336e-01 1.869310159236192703e-03 -1.185385743156075478e-03 1.012153863906860352e+00 -1.870564301498234272e-03 9.999976754188537598e-01 -1.052633044309914112e-03 2.067031105980277061e-03 1.183424028567969799e-03 1.054842956364154816e-03 9.999986886978149414e-01 1.822000369429588318e-02 3.045531749725341797e+03
6.173099000000000000e+07 9.999990007366849065e-01 1.395283697786092562e-03 2.273962053963346139e-04 1.015000178129299657e+00 -1.395553677767274276e-03 9.999983164196079022e-01 1.191464595418621026e-03 5.834075628216326380e-03 -2.257333914300651070e-04 -1.191780748442511015e-03 9.999992643512711776e-01 1.757556345455770636e-02 9.999990463256835938e-01 1.446647918783128262e-03 7.945554534671828151e-05 1.002905726432800293e+00 -1.446703448891639709e-03 9.999986886978149414e-01 7.267277687788009644e-04 3.864370519295334816e-03 -7.841818296583369374e-05 -7.268434274010360241e-04 9.999997615814208984e-01 1.474105659872293472e-02 3.211111783981323242e+03
6.183451000000000000e+07 9.999989552492015710e-01 1.306389306061639605e-03 6.187467059932319621e-04 1.011117467901974765e+00 -1.307273781517730160e-03 9.999981213174887751e-01 1.431222118725116984e-03 8.282811302790234892e-03 -6.168758102941152444e-04 -1.432029494800811462e-03 9.999987843771414031e-01 1.483455236216713741e-02 9.999989271163940430e-01 1.268434571102261543e-03 6.961511680856347084e-04 1.006951808929443359e+00 -1.269363216124475002e-03 9.999982714653015137e-01 1.321153366006910801e-03 9.188313968479633331e-03 -6.944683846086263657e-04 -1.322042313404381275e-03 9.999989271163940430e-01 1.178731676191091537e-02 3.083808183670043945e+03
6.193839000000000000e+07 9.999991532197803901e-01 3.893078937923041436e-04 -1.241772558149614345e-03 1.041357156898094161e+00 -3.887338817162593507e-04 9.999998175083177898e-01 4.624600527570715933e-04 8.751648708417797407e-03 1.241952370885553115e-03 -4.619769420883083075e-04 9.999991220654212976e-01 2.165667642961841693e-02 9.999991655349731445e-01 7.823306368663907051e-04 -1.059525762684643269e-03 9.994807243347167969e-01 -7.814420387148857117e-04 9.999993443489074707e-01 8.324017981067299843e-04 9.165286086499691010e-03 1.060176058672368526e-03 -8.315656450577080250e-04 9.999990463256835938e-01 1.522806752473115921e-02 4.456817865371704102e+03
6.204207000000000000e+07 9.999931080585728882e-01 4.697116653157009042e-04 -3.682825858866235324e-03 1.032229108055301436e+00 -4.670505425561297932e-04 9.999996292758299710e-01 7.234030641641074708e-04 7.342216709035650005e-03 3.683164284411638827e-03 -7.216780126970379853e-04 9.999929567160460442e-01 2.375584962639300246e-02 9.999911785125732422e-01 5.930012557655572891e-04 -4.148306325078010559e-03 9.943756461143493652e-01 -5.909879691898822784e-04 9.999997019767761230e-01 4.857874591834843159e-04 1.187322475016117096e-02 4.148590844124555588e-03 -4.833261482417583466e-04 9.999912977218627930e-01 1.409039180725812912e-02 3.429289102554321289e+03
6.214593000000000000e+07 9.999942860899270203e-01 -3.837884351735174255e-04 -3.358644657337310924e-03 1.026226596661405699e+00 3.878859799529051490e-04 9.999991812632867960e-01 1.219433156322270468e-03 8.407800386612604773e-03 3.358173903148759225e-03 -1.220728959765099994e-03 9.999936162240452564e-01 1.452409655092540969e-02 9.999941587448120117e-01 2.578456478659063578e-04 -3.424032824113965034e-03 9.911410808563232422e-01 -2.542899455875158310e-04 9.999994635581970215e-01 1.040001865476369858e-03 1.032472308725118637e-02 3.424303373321890831e-03 -1.039137132465839386e-03 9.999935626983642578e-01 1.293587405234575272e-02 3.262012958526611328e+03
6.224991000000000000e+07 9.999997644033968847e-01 -2.058144852774849087e-04 -6.548538373319421181e-04 9.866658766945602954e-01 2.056770499063807344e-04 9.999999568126998195e-01 -2.099322497774535170e-04 6.033470194799746625e-03 6.548970161485040712e-04 2.097975119127462801e-04 9.999997635474231483e-01 1.405448108134872524e-02 9.999998211860656738e-01 -3.809398040175437927e-04 -4.203832650091499090e-04 9.907478094100952148e-01 3.807861066889017820e-04 9.999998807907104492e-01 -3.633013402577489614e-04 7.578888908028602600e-03 4.205305594950914383e-04 3.631538420449942350e-04 9.999998211860656738e-01 1.011761184781789780e-02 2.776724338531494141e+03
6.235366000000000000e+07 9.999992403926784013e-01 -5.676092204832052131e-04 1.094090416401190475e-03 9.801096327580959278e-01 5.690730836981855532e-04 9.999989427865201286e-01 -1.338126177756247684e-03 2.743002888381289566e-03 -1.093329726957389557e-03 1.338747778712911585e-03 9.999985061911308426e-01 1.283165333548392899e-02 9.999998807907104492e-01 -5.252992850728332996e-04 9.335363756690640002e-06 9.878797531127929688e-01 5.253107519820332527e-04 9.999995231628417969e-01 -8.483303245157003403e-04 7.346501108258962631e-03 -8.900654393073637038e-06 8.483245619572699070e-04 9.999996423721313477e-01 1.345124654471874237e-02 2.821648597717285156e+03
6.245742000000000000e+07 9.999990178401625407e-01 -9.736776439583321287e-04 1.008102453022120771e-03 9.943466675866318161e-01 9.746827133665904525e-04 9.999990280112432961e-01 -9.969805298585801469e-04 4.811442854707892111e-03 -1.007130735504485836e-03 9.979621306986082106e-04 9.999989948791284666e-01 1.365681449550849511e-02 9.999985694885253906e-01 -7.767921779304742813e-04 1.468309201300144196e-03 9.849388599395751953e-01 7.793052936904132366e-04 9.999981522560119629e-01 -1.711987541057169437e-03 7.200773339718580246e-03 -1.466969726607203484e-03 1.713133533485233784e-03 9.999974370002746582e-01 1.517460681498050690e-02 2.808641195297241211e+03
6.256129000000000000e+07 9.999986682937433979e-01 -8.288604611036211626e-04 1.405845324230966479e-03 9.734988838604105021e-01 8.308805976254749186e-04 9.999986223617117753e-01 -1.436980205468454995e-03 3.378046471456970685e-03 -1.404652331408919345e-03 1.438146381436090785e-03 9.999979793413651397e-01 1.603919472660304477e-02 9.999988079071044922e-01 -9.081118041649460793e-04 1.233130809850990772e-03 9.826233983039855957e-01 9.107686346396803856e-04 9.999973773956298828e-01 -2.147753257304430008e-03 7.653842214494943619e-03 -1.231185393407940865e-03 2.148877829313278198e-03 9.999969005584716797e-01 1.790809258818626404e-02 2.593684196472167969e+03
6.266529000000000000e+07 9.999988019794844307e-01 -1.133372193926461156e-03 1.054280354481826158e-03 9.892039799419624080e-01 1.134151603091118187e-03 9.999990838062298160e-01 -7.389768888326444423e-04 5.266010649724393866e-03 -1.053441852698976111e-03 7.401717172773141212e-04 9.999991712027024304e-01 1.679849378628070142e-02 9.999991059303283691e-01 -1.005066791549324989e-03 8.854499319568276405e-04 9.759728908538818359e-01 1.005789265036582947e-03 9.999991059303283691e-01 -8.264791104011237621e-04 6.762199103832244873e-03 -8.846165146678686142e-04 8.273672428913414478e-04 9.999992847442626953e-01 1.648022606968879700e-02 3.047914505004882812e+03
6.276905000000000000e+07 9.999988741416503402e-01 -1.091094099629972159e-03 1.030159743697374843e-03 9.879565379365584654e-01 1.091244648816567424e-03 9.999993939940300391e-01 -1.455908272010120273e-04 6.742308918250438168e-03 -1.030000266121900874e-03 1.467148195940995838e-04 9.999994587869601714e-01 1.819642523391262409e-02 9.999994039535522461e-01 -9.032782400026917458e-04 6.242184899747371674e-04 9.705728292465209961e-01 9.036681149154901505e-04 9.999993443489074707e-01 -6.417658296413719654e-04 7.543265819549560547e-03 -6.236333865672349930e-04 6.423350423574447632e-04 9.999996423721313477e-01 1.950340718030929565e-02 2.721241950988769531e+03
6.287280000000000000e+07 9.999994737315629489e-01 -8.324778077292253886e-04 5.995976122805545981e-04 9.569534041408477298e-01 8.321474775369124520e-04 9.999995019874010627e-01 5.509587330946315959e-04 7.147879839562608882e-03 -6.000559745916652374e-04 -5.504594895018437859e-04 9.999996684635339417e-01 1.785978414972130834e-02 9.999992847442626953e-01 -1.007816055789589882e-03 5.346713587641716003e-04 9.713405370712280273e-01 1.007302780635654926e-03 9.999989867210388184e-01 9.699267684482038021e-04 6.643370259553194046e-03 -5.356607143767178059e-04 -9.693878819234669209e-04 9.999993443489074707e-01 2.182317152619361877e-02 2.518461227416992188e+03
6.297667000000000000e+07 9.999992118228092641e-01 -1.226770609289635963e-03 -2.671846412823035270e-04 9.727066898048642996e-01 1.227036961782506643e-03 9.999987481753457308e-01 9.990135313843906840e-04 8.789296888120176621e-03 2.659587463753972547e-04 -9.993405894151859668e-04 9.999994652920228821e-01 1.712814905020757991e-02 9.999991059303283691e-01 -8.080290863290429115e-04 -1.105449162423610687e-03 9.674694538116455078e-01 8.082678541541099548e-04 9.999997019767761230e-01 2.097695105476304889e-04 7.019673474133014679e-03 1.105297473259270191e-03 -2.106686297338455915e-04 9.999993443489074707e-01 2.220951952040195465e-02 2.700300216674804688e+03
6.308066000000000000e+07 9.999972243705369523e-01 -1.881647650967068408e-03 -1.417975084229702127e-03 9.632526072518061699e-01 1.879576194437306957e-03 9.999971666612234023e-01 -1.460774744640010864e-03 4.730950093734209022e-03 1.420719729992755672e-03 1.458105497857967430e-03 9.999979277397557098e-01 1.809639329146069467e-02 9.999976754188537598e-01 -1.767679583281278610e-03 -1.260921009816229343e-03 9.617430567741394043e-01 1.765072578564286232e-03 9.999963045120239258e-01 -2.055122749879956245e-03 3.800405887886881828e-03 1.264538732357323170e-03 2.052892465144395828e-03 9.999971389770507812e-01 1.882803812623023987e-02 2.682415723800659180e+03
6.318446000000000000e+07 9.999960377851617732e-01 -2.725467486936698075e-03 -7.044437202456091569e-04 9.470741686899569745e-01 2.726537061042008485e-03 9.999951249721599211e-01 1.521850048165819145e-03 4.429957895575212939e-03 7.002925332365921799e-04 -1.523764710179644410e-03 9.999985938647493189e-01 1.668507326214395750e-02 9.999951124191284180e-01 -2.959236502647399902e-03 -9.745350689627230167e-04 9.599841237068176270e-01 2.957974560558795929e-03 9.999948143959045410e-01 -1.312113134190440178e-03 4.344155080616474152e-03 9.784044232219457626e-04 1.309220679104328156e-03 9.999986290931701660e-01 1.827799715101718903e-02 2.543472051620483398e+03
6.328824000000000000e+07 9.999953696341068454e-01 -3.024458894027412265e-03 -3.366879034190336573e-04 9.638242929163246542e-01 3.024748770544954946e-03 9.999950523502897370e-01 8.638112157210019616e-04 1.121992483114174835e-02 3.340736760910778687e-04 -8.648256122809347760e-04 9.999995702356272442e-01 1.439181223485859647e-02 9.999957680702209473e-01 -2.832867437973618507e-03 -6.338184466585516930e-04 9.540230035781860352e-01 2.833654405549168587e-03 9.999951720237731934e-01 1.252345158718526363e-03 8.340690284967422485e-03 6.302706315182149410e-04 -1.254132599569857121e-03 9.999989271163940430e-01 1.805883273482322693e-02 2.319331884384155273e+03
6.339207000000000000e+07 9.999968885762976489e-01 -2.319698520040973204e-03 -9.175164848463320845e-04 9.414068854032544564e-01 2.318240800917832547e-03 9.999960541404474546e-01 -1.586651544681615903e-03 7.435920853916944476e-03 9.211934176951644274e-04 1.584519583785706787e-03 9.999983203487772254e-01 1.981177116986392039e-02 9.999963641166687012e-01 -2.371056238189339638e-03 -1.296638045459985733e-03 9.512552022933959961e-01 2.371338428929448128e-03 9.999971389770507812e-01 2.165952319046482444e-04 5.758615210652351379e-03 1.296129077672958374e-03 -2.196736313635483384e-04 9.999991655349731445e-01 2.026197686791419983e-02 2.372090816497802734e+03
6.349582000000000000e+07 9.999978588051836592e-01 -1.996120450856858890e-03 -5.457913463327877584e-04 9.520449824037828801e-01 1.995702716680784403e-03 9.999977160851265534e-01 -7.648497873864201248e-04 7.190786318336952511e-03 5.473168320942496798e-04 7.637589124214028786e-04 9.999995585582069912e-01 1.701828714179522140e-02 9.999977350234985352e-01 -2.044946653768420219e-03 -6.194569868966937065e-04 9.454105496406555176e-01 2.044779947027564049e-03 9.999979138374328613e-01 -2.795727341435849667e-04 3.826857544481754303e-03 6.200282368808984756e-04 2.783087838906794786e-04 9.999997615814208984e-01 1.845185086131095886e-02 2.432788133621215820e+03
6.359972000000000000e+07 9.999990526601819640e-01 -1.098457012207943156e-03 8.295004104485384890e-04 9.408491074042060198e-01 1.097709601529717411e-03 9.999989916558976732e-01 9.009555030671605701e-04 8.617473385531431926e-03 -8.304892349167231286e-04 -9.000440989911161031e-04 9.999992501038440507e-01 1.515216819243403110e-02 9.999994039535522461e-01 -1.058420166373252869e-03 2.401081292191520333e-04 9.398248791694641113e-01 1.058215158991515636e-03 9.999990463256835938e-01 7.897884352132678032e-04 5.170131102204322815e-03 -2.409519656794145703e-04 -7.895273156464099884e-04 9.999997019767761230e-01 1.760888099670410156e-02 2.400050163269042969e+03
6.370364000000000000e+07 9.999977770081871498e-01 -2.092367266119538331e-04 2.098141719777105087e-03 9.256843770826447271e-01 2.065219690115882112e-04 9.999991414302716874e-01 1.294019859145076898e-03 6.795573418252823066e-03 -2.098410674855636857e-03 -1.293583670190290476e-03 9.999969616523480820e-01 1.379064472245099780e-02 9.999972581863403320e-01 -4.059412458445876837e-04 2.313868841156363487e-03 9.329493641853332520e-01 4.022537323180586100e-04 9.999986290931701660e-01 1.593752996996045113e-03 5.280845798552036285e-03 -2.314508426934480667e-03 -1.592819811776280403e-03 9.999960064888000488e-01 2.170234546065330505e-02 2.547030448913574219e+03
6.380744000000000000e+07 9.999978659954267268e-01 2.574444611383894742e-04 2.049811440614685704e-03 9.297666833965638755e-01 -2.596156194880240705e-04 9.999994055555463390e-01 1.059003439114563705e-03 7.841231368026233342e-03 -2.049537587545917448e-03 -1.059533342263370512e-03 9.999973383888449696e-01 1.463203576151580858e-02 9.999978542327880859e-01 5.569630302488803864e-04 1.999597065150737762e-03 9.223307967185974121e-01 -5.584710743278264999e-04 9.999995827674865723e-01 7.556265918537974358e-04 3.178114071488380432e-03 -1.999167725443840027e-03 -7.567503489553928375e-04 9.999976754188537598e-01 2.281684242188930511e-02 2.249960184097290039e+03
6.391142000000000000e+07 9.999984159788357641e-01 1.193234762526115865e-03 1.320693234906785167e-03 9.068655143580204303e-01 -1.194195469505010933e-03 9.999990227730963799e-01 7.268769035357017672e-04 4.292406940644036967e-03 -1.319824609500448416e-03 -7.284529180250344472e-04 9.999988637090275745e-01 1.667095687433578152e-02 9.999988079071044922e-01 9.667169069871306419e-04 1.134608290158212185e-03 9.157186150550842285e-01 -9.669613209553062916e-04 9.999994635581970215e-01 2.164725592592731118e-04 2.587897470220923424e-03 -1.134397462010383606e-03 -2.175694535253569484e-04 9.999993443489074707e-01 2.346779219806194305e-02 2.416867256164550781e+03
6.401577000000000000e+07 9.999991418678967348e-01 1.220550672761806701e-03 4.759406741317875021e-04 8.994155320468363302e-01 -1.221258391766394088e-03 9.999981448894432745e-01 1.489545438170925646e-03 7.658171968107527379e-03 -4.741217255225497898e-04 -1.490125406486432318e-03 9.999987773666837443e-01 1.702035830571219793e-02 9.999991059303283691e-01 1.316151232458651066e-03 2.947768080048263073e-04 8.955150842666625977e-01 -1.316544599831104279e-03 9.999982118606567383e-01 1.360143534839153290e-03 3.581981174647808075e-03 -2.929950424004346132e-04 -1.360526424832642078e-03 9.999990463256835938e-01 2.245918475091457367e-02 2.409797430038452148e+03
6.411946000000000000e+07 9.999978395090421968e-01 2.067373085160799373e-03 2.166697360706064932e-04 8.823053298145957513e-01 -2.067662103657233030e-03 9.999969615146285795e-01 1.342287203125019359e-03 5.936900844808125528e-03 -2.138940692864865778e-04 -1.342732302927936985e-03 9.999990756592176400e-01 1.781012357768710017e-02 9.999977946281433105e-01 2.113321330398321152e-03 -2.223834453616291285e-04 8.830352425575256348e-01 -2.113045193254947662e-03 9.999969005584716797e-01 1.265917904675006866e-03 2.965011168271303177e-03 2.250624092994257808e-04 -1.265442464500665665e-03 9.999991655349731445e-01 2.159405685961246490e-02 2.247639417648315430e+03
6.422341000000000000e+07 9.999915554577848420e-01 4.079960126539774849e-03 4.928879039814748663e-04 8.664769617482500630e-01 -4.080893148043793738e-03 9.999898547202676902e-01 1.907031109389766129e-03 2.839853893267299794e-03 -4.851022926094311562e-04 -1.909026428255168823e-03 9.999980601450494389e-01 1.665658777788546138e-02 9.999932050704956055e-01 3.665453288704156876e-03 3.813578514382243156e-04 8.681040406227111816e-01 -3.665794851258397102e-03 9.999929666519165039e-01 9.093325352296233177e-04 2.821001457050442696e-03 -3.780316910706460476e-04 -9.107245132327079773e-04 9.999995231628417969e-01 1.876980997622013092e-02 2.291878700256347656e+03
6.432743000000000000e+07 9.999860547369116004e-01 5.271521978010873175e-03 3.184144182685023439e-04 8.484625625179542663e-01 -5.271342402035494347e-03 9.999859483414617056e-01 -5.622000604292099260e-04 2.018409499529747516e-03 -3.213735939924147853e-04 5.605137489770207083e-04 9.999997912716533932e-01 1.798026992429990756e-02 9.999846816062927246e-01 5.525049753487110138e-03 3.674553299788385630e-04 8.528965115547180176e-01 -5.524954758584499359e-03 9.999846220016479492e-01 -2.871789620257914066e-04 2.311056479811668396e-03 -3.690322046168148518e-04 2.851449535228312016e-04 9.999998807907104492e-01 1.711355708539485931e-02 2.479442358016967773e+03
6.443145000000000000e+07 9.999736816204560785e-01 7.246766924077927864e-03 3.470382959359331280e-04 8.338448844379243718e-01 -7.246568741701832871e-03 9.999735814138966949e-01 -5.689602242413602630e-04 -3.206905751012071887e-03 -3.511522498089790869e-04 5.664304132627306053e-04 9.999997779243174900e-01 1.890980578463670458e-02 9.999751448631286621e-01 7.047967053949832916e-03 2.286740709678269923e-05 8.329773545265197754e-01 -7.047950755804777145e-03 9.999749064445495605e-01 -6.686917040497064590e-04 1.873086206614971161e-03 -2.757342372206039727e-05 6.685060798190534115e-04 9.999997615814208984e-01 1.829854026436805725e-02 2.306641101837158203e+03
6.453556000000000000e+07 9.999712593808789407e-01 7.554543210775956953e-03 6.397570597749985570e-04 8.095813020344343469e-01 -7.553110343947521538e-03 9.999690255185432752e-01 -2.213261762067791471e-03 -4.038017023721111529e-03 -6.564574252501128400e-04 2.208365995888672637e-03 9.999973460881168563e-01 1.535389397166904597e-02 9.999693632125854492e-01 7.822344079613685608e-03 3.347519959788769484e-04 8.116410374641418457e-01 -7.821652106940746307e-03 9.999674558639526367e-01 -1.998953521251678467e-03 -3.072724211961030960e-04 -3.503814805299043655e-04 1.996272942051291466e-03 9.999980330467224121e-01 1.649656705558300018e-02 2.441703557968139648e+03
6.463959000000000000e+07 9.999683865814504857e-01 7.807301145067939430e-03 1.507277851319035024e-03 7.914176036621840549e-01 -7.803825212691056085e-03 9.999669083571539607e-01 -2.298369571014422571e-03 -6.257402783479052051e-03 -1.525172036402279614e-03 2.286534378796538629e-03 9.999962227982633900e-01 1.313006581336355165e-02 9.999685287475585938e-01 7.787118200212717056e-03 1.514194300398230553e-03 7.883480191230773926e-01 -7.783330511301755905e-03 9.999665617942810059e-01 -2.493462758138775826e-03 -4.684964194893836975e-03 -1.533554866909980774e-03 2.481607254594564438e-03 9.999956488609313965e-01 2.041058428585529327e-02 2.565706968307495117e+03
6.474358000000000000e+07 9.999675072585927360e-01 8.038447993124947510e-03 6.064494193227690060e-04 7.679660315681786642e-01 -8.036072969985286543e-03 9.999604060539113437e-01 -3.822022464325038928e-03 -1.071313367707482644e-02 -6.371485364051869028e-04 3.817024804551169201e-03 9.999925121536580308e-01 1.980349951813969306e-02 9.999695420265197754e-01 7.793041411787271500e-03 1.677616237429901958e-04 7.642536759376525879e-01 -7.792392745614051819e-03 9.999635219573974609e-01 -3.514448646456003189e-03 -5.833666771650314331e-03 -1.951480517163872719e-04 3.513038624078035355e-03 9.999938011169433594e-01 2.343250811100006104e-02 2.462884664535522461e+03
6.484759000000000000e+07 9.999727788256584926e-01 7.348278282646490168e-03 6.666438114123216310e-04 7.372320816532892396e-01 -7.347742920370962591e-03 9.999726833644272395e-01 -8.019968347303044328e-04 -4.331864274001004551e-03 -6.725188968696684715e-04 7.970766760889310115e-04 9.999994561934050230e-01 1.650858863468845569e-02 9.999719262123107910e-01 7.474350742995738983e-03 6.533311679959297180e-04 7.385978698730468750e-01 -7.473138626664876938e-03 9.999702572822570801e-01 -1.860583783127367496e-03 -2.094734925776720047e-03 -6.672214367426931858e-04 1.855642069131135941e-03 9.999980330467224121e-01 2.350000850856304169e-02 2.459251403808593750e+03
6.495155000000000000e+07 9.999703990980803869e-01 7.665145088466255099e-03 6.681903909929918194e-04 7.225175025717045507e-01 -7.663979329808615765e-03 9.999691346225553223e-01 -1.730093364635042685e-03 -5.694114704387733157e-03 -6.814311837008890562e-04 1.724921154966097166e-03 9.999982801477965699e-01 1.453730196551948455e-02 9.999724030494689941e-01 7.413196843117475510e-03 5.499096005223691463e-04 7.140344977378845215e-01 -7.412346545606851578e-03 9.999713897705078125e-01 -1.533254864625632763e-03 2.422365127131342888e-03 -5.612595123238861561e-04 1.529134460724890232e-03 9.999986886978149414e-01 2.344085276126861572e-02 2.447546482086181641e+03
6.505550000000000000e+07 9.999798170155743682e-01 6.338247175241789808e-03 4.383882340234074824e-04 6.830807514549707138e-01 -6.338139601661395631e-03 9.999798834492017452e-01 -2.463398275937983832e-04 3.134971439128485596e-03 -4.399407778806243272e-04 2.435562898939284938e-04 9.999998735662147809e-01 1.613793781369102232e-02 9.999763369560241699e-01 6.868942640721797943e-03 -1.905169920064508915e-04 6.857640147209167480e-01 -6.869117263704538345e-03 9.999759197235107422e-01 -9.872259106487035751e-04 1.155670150183141232e-03 1.837348681874573231e-04 9.885181207209825516e-04 9.999995231628417969e-01 2.285845763981342316e-02 2.462160348892211914e+03
6.515952000000000000e+07 9.999831501038508597e-01 5.799604632313531266e-03 -2.531688927304683381e-04 6.626889322492893752e-01 -5.799887113385671610e-03 9.999825424100575733e-01 -1.129683402323664217e-03 5.672233871131464322e-03 2.466127559185888490e-04 1.131132718274111167e-03 9.999993298602365410e-01 1.721538103864903371e-02 9.999800324440002441e-01 6.312267854809761047e-03 -4.074274911545217037e-04 6.588850617408752441e-01 -6.312856450676918030e-03 9.999790787696838379e-01 -1.446393900550901890e-03 3.708287549670785666e-04 3.982773923780769110e-04 1.448936644010245800e-03 9.999988675117492676e-01 2.081348188221454620e-02 2.388944864273071289e+03
6.526346000000000000e+07 9.999843287003781223e-01 5.598117289009386412e-03 5.862143573925592948e-05 6.411928507067059524e-01 -5.598080771685817747e-03 9.999841472464694458e-01 -6.055967511591093264e-04 4.201450506620388672e-03 -6.201070807091526628e-05 6.052590931387511874e-04 9.999998149080340237e-01 1.545899479353301902e-02 9.999822974205017090e-01 5.930274259299039841e-03 -4.160917305853217840e-04 6.332162022590637207e-01 -5.930674728006124496e-03 9.999818801879882812e-01 -9.674585307948291302e-04 3.082161536440253258e-03 4.103476530872285366e-04 9.699095389805734158e-04 9.999994635581970215e-01 1.845309883356094360e-02 2.219507932662963867e+03
6.536748000000000000e+07 9.999879604481972661e-01 4.906332658985115835e-03 -8.281602582816835424e-05 6.079764524812578674e-01 -4.906377882491438393e-03 9.999878096413965523e-01 -5.549997083734086812e-04 3.254499776766244315e-03 8.009200307619571591e-05 5.553993531431084376e-04 9.999998425584023520e-01 1.310496331147701504e-02 9.999852776527404785e-01 5.400430876761674881e-03 -5.875526112504303455e-04 6.065246462821960449e-01 -5.401150789111852646e-03 9.999847412109375000e-01 -1.230616122484207153e-03 2.415388124063611031e-03 5.809017457067966461e-04 1.233763294294476509e-03 9.999991059303283691e-01 1.583785004913806915e-02 2.221610307693481445e+03
6.547147000000000000e+07 9.999894825312246605e-01 4.584291930404495521e-03 -1.381825980374494088e-04 5.871065600779399318e-01 -4.584514363393921328e-03 9.999881218139125005e-01 -1.654829035176306551e-03 2.251314636242859966e-03 1.305947372866780431e-04 1.655445130669074266e-03 9.999986212222664594e-01 1.552978768572163548e-02 9.999883770942687988e-01 4.766136407852172852e-03 -7.492352160625159740e-04 5.787746906280517578e-01 -4.767756909132003784e-03 9.999862313270568848e-01 -2.175016561523079872e-03 -1.198218553327023983e-03 7.388640660792589188e-04 2.178579103201627731e-03 9.999973177909851074e-01 1.906505972146987915e-02 2.510591268539428711e+03
6.557532000000000000e+07 9.999904031165708362e-01 4.128064966974327732e-03 1.467226767260249769e-03 5.585615585189096510e-01 -4.125787127751998767e-03 9.999902843389438800e-01 -1.552130244094992789e-03 1.740220886324611149e-03 -1.473619806667116582e-03 1.546061883172117736e-03 9.999977190660580550e-01 1.206181138665600103e-02 9.999886751174926758e-01 4.536782391369342804e-03 1.415947801433503628e-03 5.564487576484680176e-01 -4.534232895821332932e-03 9.999881386756896973e-01 -1.798455021344125271e-03 -3.902586176991462708e-03 -1.424095244146883488e-03 1.791999908164143562e-03 9.999973773956298828e-01 1.854450255632400513e-02 2.345247030258178711e+03
6.567931000000000000e+07 9.999906188754011938e-01 3.968772266706130022e-03 1.735225601192247856e-03 5.335831703282598593e-01 -3.967508013519219397e-03 9.999918619210522719e-01 -7.314176848404023174e-04 -9.654360403294649101e-05 -1.738114310012286263e-03 7.245263018419731502e-04 9.999982270085698843e-01 1.015405599755365637e-02 9.999898672103881836e-01 4.059594124555587769e-03 1.943913055583834648e-03 5.248824357986450195e-01 -4.058464430272579193e-03 9.999915957450866699e-01 -5.855226772837340832e-04 -4.137402866035699844e-03 -1.946280477568507195e-03 5.776415928266942501e-04 9.999980330467224121e-01 1.950046792626380920e-02 2.187609672546386719e+03
6.578330000000000000e+07 9.999920059408126116e-01 3.897479624726816420e-03 8.931444701273404986e-04 5.052571077614536055e-01 -3.896755782101207592e-03 9.999920789539250565e-01 -8.107550687548274867e-04 -1.593668686380628023e-03 -8.962972968499569428e-04 8.072682216526009874e-04 9.999992724843222991e-01 1.173884743341656149e-02 9.999925494194030762e-01 3.751035081222653389e-03 8.804340031929314137e-04 4.957297444343566895e-01 -3.750201547518372536e-03 9.999924898147583008e-01 -9.472270030528306961e-04 -2.139449818059802055e-03 -8.839700603857636452e-04 9.439136483706533909e-04 9.999991059303283691e-01 1.708962023258209229e-02 2.216028690338134766e+03
6.588730000000000000e+07 9.999958334135912175e-01 2.783558901868054408e-03 7.648237032705970098e-04 4.689028625211590362e-01 -2.783455965247082567e-03 9.999961169824902463e-01 -1.356201728156464833e-04 3.325247567293048725e-04 -7.651982401860791703e-04 1.334907546432467882e-04 9.999996983258903072e-01 1.087204170859916094e-02 9.999951720237731934e-01 3.070019418373703957e-03 5.889116437174379826e-04 4.633477032184600830e-01 -3.069739555940032005e-03 9.999952316284179688e-01 -4.747360944747924805e-04 -4.976391326636075974e-03 -5.903664277866482735e-04 4.729274951387196779e-04 9.999997615814208984e-01 1.629823632538318634e-02 2.207865715026855469e+03
6.599117000000000000e+07 9.999960690366951344e-01 2.675918027469290084e-03 8.374806670243919223e-04 4.388689244720870852e-01 -2.674687396472336543e-03 9.999953467768497584e-01 -1.467130525667254166e-03 -3.944252238037473067e-03 -8.414026910622476743e-04 1.464884759446114784e-03 9.999985730760585501e-01 1.097263304622244848e-02 9.999967813491821289e-01 2.465622033923864365e-03 6.419817800633609295e-04 4.362609088420867920e-01 -2.464652527123689651e-03 9.999958276748657227e-01 -1.504008774645626545e-03 -6.292930338531732559e-03 -6.456891424022614956e-04 1.502413186244666576e-03 9.999986290931701660e-01 1.375176291912794113e-02 2.190528631210327148e+03
6.609534000000000000e+07 9.999986687319459833e-01 1.496458751560999405e-03 6.504963802592877899e-04 4.072478757240140523e-01 -1.495154880564530204e-03 9.999968816294291241e-01 -2.000310801033689401e-03 1.730485675894845277e-04 -6.534877343745678973e-04 1.999335545246087517e-03 9.999977878031324208e-01 1.127975246601428151e-02 9.999980926513671875e-01 1.880416646599769592e-03 5.695268046110868454e-04 4.013836681842803955e-01 -1.879113959148526192e-03 9.999955892562866211e-01 -2.281784312799572945e-03 -1.013003196567296982e-02 -5.738110630773007870e-04 2.280716784298419952e-03 9.999971985816955566e-01 1.237895712256431580e-02 2.124264240264892578e+03
6.619908000000000000e+07 9.999989284133748990e-01 1.234222925371142874e-03 7.873156116738383361e-04 3.725175726360088202e-01 -1.233471992916153467e-03 9.999987846325074647e-01 -9.535619280575902091e-04 -2.254700708508766954e-03 -7.884915627884073446e-04 9.525897744767966016e-04 9.999992354265961891e-01 8.743633149607741781e-03 9.999989867210388184e-01 1.194130978547036648e-03 6.621251231990754604e-04 3.700081408023834229e-01 -1.193352974951267242e-03 9.999986290931701660e-01 -1.184603199362754822e-03 -5.361001938581466675e-03 -6.635470781475305557e-04 1.183813903480768204e-03 9.999991655349731445e-01 1.056969538331031799e-02 2.136330842971801758e+03
6.630307000000000000e+07 9.999994307269506333e-01 4.184991676028226989e-04 9.815315692276304228e-04 3.435262112316939676e-01 -4.186876975263460342e-04 9.999998939413948795e-01 1.918796778865935354e-04 1.751427106395975642e-03 -9.814511636422858579e-04 -1.922905238474335475e-04 9.999994998888588338e-01 6.190935319820786882e-03 9.999993443489074707e-01 3.404922317713499069e-04 1.117919106036424637e-03 3.377239108085632324e-01 -3.407629847060889006e-04 9.999998807907104492e-01 2.479102404322475195e-04 -6.916975136846303940e-03 -1.117824576795101166e-03 -2.482968848198652267e-04 9.999993443489074707e-01 1.408692914992570877e-02 2.175459146499633789e+03
6.640705000000000000e+07 9.999995893616254738e-01 -5.433706749666683284e-04 7.252757336957383304e-04 3.043056606313532808e-01 5.425255153493964855e-04 9.999991742403091521e-01 1.164982731686735459e-03 6.875137085940235745e-03 -7.259081522455137657e-04 -1.164588772708926396e-03 9.999990583947291345e-01 7.884016557140141948e-03 9.999998211860656738e-01 -4.218093527015298605e-04 4.784301854670047760e-04 3.077206909656524658e-01 4.213241045363247395e-04 9.999993443489074707e-01 1.026585348881781101e-03 -3.372222417965531349e-03 -4.788739897776395082e-04 -1.026385929435491562e-03 9.999993443489074707e-01 1.230329275131225586e-02 2.053864002227783203e+03
6.651293000000000000e+07 9.999994548240702663e-01 -1.041464651521266599e-03 -7.551782429143047046e-05 2.741259947173921296e-01 1.041553576958467297e-03 9.999987528332354714e-01 1.187222860328995908e-03 4.168454708428034373e-03 7.428127946559925140e-05 -1.187300868943684008e-03 9.999992923992188087e-01 7.076409266644213304e-03 9.999993443489074707e-01 -1.055837958119809628e-03 -5.567941116169095039e-04 2.661888003349304199e-01 1.056612934917211533e-03 9.999985098838806152e-01 1.418466330505907536e-03 -1.906812773086130619e-03 5.553077789954841137e-04 -1.419047242961823940e-03 9.999988675117492676e-01 1.149987988173961639e-02 2.062214612960815430e+03
6.661480000000000000e+07 9.999979413166932840e-01 -1.928515855322453926e-03 -6.310221636865695786e-04 2.490334564700385778e-01 1.929726034251966161e-03 9.999962893920116835e-01 1.922851954974986403e-03 1.153881523789941112e-02 6.273115717280811901e-04 -1.924065696329221257e-03 9.999979522235973306e-01 6.387457325906174474e-03 9.999983310699462891e-01 -1.694078557193279266e-03 -6.196339381858706474e-04 2.449626624584197998e-01 1.695160870440304279e-03 9.999970197677612305e-01 1.750328810885548592e-03 -2.549296943470835686e-03 6.166591192595660686e-04 -1.751381438225507736e-03 9.999982118606567383e-01 8.008783683180809021e-03 2.352179527282714844e+03
6.671880000000000000e+07 9.999954305843243851e-01 -2.984952624892984498e-03 -4.784018174134926763e-04 2.266914662183547313e-01 2.985824389042941295e-03 9.999938642826171620e-01 1.832007051382240122e-03 1.763287648354069925e-02 4.729304278182997617e-04 -1.833427103994697506e-03 9.999982074393257703e-01 6.018945002927137203e-03 9.999967813491821289e-01 -2.445066347718238831e-03 -6.681775557808578014e-04 2.252431213855743408e-01 2.446167171001434326e-03 9.999956488609313965e-01 1.637254608795046806e-03 -9.915073169395327568e-04 6.641738000325858593e-04 -1.638881862163543701e-03 9.999984502792358398e-01 5.216341000050306320e-03 2.287939786911010742e+03
6.682414000000000000e+07 9.999940751920153303e-01 -3.256808596325429066e-03 -1.114799817458149867e-03 2.090018988695510893e-01 3.258223431829315557e-03 9.999938859225628862e-01 1.269684039655401449e-03 2.059888029591324526e-02 1.110657883590772084e-03 -1.273308783908306445e-03 9.999985725608844245e-01 5.712900405898894279e-03 9.999962449073791504e-01 -2.472018823027610779e-03 -1.227346365340054035e-03 2.016506046056747437e-01 2.473347587510943413e-03 9.999963641166687012e-01 1.076419837772846222e-03 -3.556340700015425682e-03 1.224672654643654823e-03 -1.079445122741162777e-03 9.999986886978149414e-01 3.251954913139343262e-03 2.206485748291015625e+03
6.692676000000000000e+07 9.999923995798484233e-01 -3.127683615219175543e-03 -2.327740909089577939e-03 1.949430441813208292e-01 3.129181564160737634e-03 9.999948991978940827e-01 6.401569591772997758e-04 1.604060985462144387e-02 2.325726827311459105e-03 -6.474360176543129475e-04 9.999970859064180040e-01 6.289427195690752009e-03 9.999922513961791992e-01 -2.875894075259566307e-03 -2.659897319972515106e-03 1.968890279531478882e-01 2.876761136576533318e-03 9.999957680702209473e-01 3.259535878896713257e-04 -1.057189307175576687e-03 2.658957149833440781e-03 -3.336072841193526983e-04 9.999963641166687012e-01 1.836362178437411785e-03 2.223942518234252930e+03
6.703161000000000000e+07 9.999952445147387570e-01 -2.597884620264496406e-03 -1.661909566673371030e-03 1.883734527889192045e-01 2.597347950167307531e-03 9.999965740732535968e-01 -3.250005869817650995e-04 6.813127905786432389e-03 1.662748187119433146e-03 3.206824840399012905e-04 9.999985662145775001e-01 6.057143332805610403e-03 9.999952316284179688e-01 -2.343821572139859200e-03 -2.057866659015417099e-03 1.890255361795425415e-01 2.342854160815477371e-03 9.999971985816955566e-01 -4.717663978226482868e-04 -1.822734484449028969e-04 2.058970974758267403e-03 4.669345798902213573e-04 9.999977350234985352e-01 -3.232814138755202293e-03 2.273081064224243164e+03
6.713465000000000000e+07 9.999973325366520172e-01 -2.307324832077884379e-03 -1.056962630293426089e-04 1.818701676851313120e-01 2.307218027087710750e-03 9.999968386615731841e-01 -9.997058743038533118e-04 1.839726359806493489e-03 1.080025750762401277e-04 9.994593433016176701e-04 9.999994947081047858e-01 4.451858503896036386e-03 9.999974370002746582e-01 -2.245406154543161392e-03 -1.684678572928532958e-04 1.853472590446472168e-01 2.245263662189245224e-03 9.999971389770507812e-01 -8.171747904270887375e-04 1.791998860426247120e-03 1.703045563772320747e-04 8.168021449819207191e-04 9.999996423721313477e-01 -1.017350121401250362e-03 1.849263429641723633e+03
6.723847000000000000e+07 9.999967471040098754e-01 -2.453955623339735149e-03 6.956171345321248518e-04 1.784144972729064804e-01 2.453252436649583628e-03 9.999964807816765777e-01 1.009938980360836937e-03 6.947142511167641969e-03 -6.980930319436453192e-04 -1.008229170704111246e-03 9.999992480697464936e-01 7.707485448726571122e-04 9.999969005584716797e-01 -2.253219718113541603e-03 1.019679941236972809e-03 1.766105294227600098e-01 2.252307720482349396e-03 9.999970197677612305e-01 9.031125809997320175e-04 8.846573531627655029e-03 -1.021722797304391861e-03 -9.008095366880297661e-04 9.999991059303283691e-01 -5.528877954930067062e-03 1.857254266738891602e+03
6.734252000000000000e+07 9.999964772201423990e-01 -2.637071619815255490e-03 3.023252840816267016e-04 1.675608214696400478e-01 2.636503022678507186e-03 9.999947834979533434e-01 1.865965887382445114e-03 8.940524021453918543e-03 -3.072443926863231570e-04 -1.865162232470088605e-03 9.999982133837688192e-01 2.151528576732767654e-03 9.999971389770507812e-01 -2.390460344031453133e-03 4.476529138628393412e-04 1.654524654150009155e-01 2.389576984569430351e-03 9.999952912330627441e-01 1.962657785043120384e-03 1.138555351644754410e-02 -4.523343523032963276e-04 -1.961591886356472969e-03 9.999979138374328613e-01 -2.482363022863864899e-03 1.880068540573120117e+03
6.744648000000000000e+07 9.999950874867405970e-01 -3.090514272924119003e-03 -5.231863099850404862e-04 1.541115311830996704e-01 3.091435622555886633e-03 9.999936559577796702e-01 1.769482971253649511e-03 1.174463283083931366e-02 5.177143784906452486e-04 -1.771091675441011960e-03 9.999982976016006386e-01 1.633011664747985574e-03 9.999960064888000488e-01 -2.724132500588893890e-03 -6.379841943271458149e-04 1.501864641904830933e-01 2.725291997194290161e-03 9.999945163726806641e-01 1.824598060920834541e-03 1.385369244962930679e-02 6.330027244985103607e-04 -1.826320891268551350e-03 9.999981522560119629e-01 -3.349805250763893127e-03 1.998183250427246094e+03
6.755033000000000000e+07 9.999929444663079314e-01 -3.722371302358390855e-03 -5.049450375603769256e-04 1.436425098661414657e-01 3.722027956991791516e-03 9.999928425653357156e-01 -6.792098255224894056e-04 5.615674043094490836e-03 5.074696946120664087e-04 6.773256137881375006e-04 9.999996418521968078e-01 3.359459540799449896e-03 9.999929666519165039e-01 -3.667409531772136688e-03 -8.235390996560454369e-04 1.406193226575851440e-01 3.666970646008849144e-03 9.999932050704956055e-01 -5.349278217181563377e-04 4.381806589663028717e-03 8.255029679276049137e-04 5.318970652297139168e-04 9.999995231628417969e-01 -1.116541679948568344e-03 1.915236234664916992e+03
6.765429000000000000e+07 9.999879498494066432e-01 -4.879101020836338135e-03 -5.427054533574097615e-04 1.347036330494637557e-01 4.878640028281092805e-03 9.999877401993154669e-01 -8.475391087297168714e-04 5.157009437679790573e-03 5.468340288273230727e-04 8.448812312075070418e-04 9.999994935739968671e-01 4.104754962524569117e-03 9.999888539314270020e-01 -4.661166109144687653e-03 -6.841613794676959515e-04 1.328026205301284790e-01 4.660371225327253342e-03 9.999884963035583496e-01 -1.158537343144416809e-03 1.175799989141523838e-03 6.895425613038241863e-04 1.155340461991727352e-03 9.999991059303283691e-01 -1.434839214198291302e-03 1.808578968048095703e+03
6.775821000000000000e+07 9.999847057153082863e-01 -5.516172116616444542e-03 -4.002257463946173746e-04 1.299216497322124297e-01 5.516079701239454645e-03 9.999847594863625622e-01 -2.316457019260997592e-04 1.070787418938803394e-02 4.014974443105701692e-04 2.294344819551861407e-04 9.999998930798046359e-01 2.688137039637260653e-03 9.999853372573852539e-01 -5.399340298026800156e-03 -4.216610686853528023e-04 1.261250972747802734e-01 5.399203859269618988e-03 9.999853968620300293e-01 -3.215107135474681854e-04 4.011624492704868317e-03 4.233912040945142508e-04 3.192281292285770178e-04 9.999998211860656738e-01 -1.122717047110199928e-03 1.840326547622680664e+03
6.786219000000000000e+07 9.999778220839563581e-01 -6.658529562731071647e-03 -1.390118324290603351e-04 1.221180367977261899e-01 6.658727358646939973e-03 9.999767433122862537e-01 1.474511619925266467e-03 1.393812343406470450e-02 1.291905202624221206e-04 -1.475404560222125456e-03 9.999989032449951853e-01 1.966144451029359658e-03 9.999783635139465332e-01 -6.577535998076200485e-03 1.827261439757421613e-05 1.193436533212661743e-01 6.577508524060249329e-03 9.999775290489196777e-01 1.240064040757715702e-03 7.493717595934867859e-03 -2.642312028910964727e-05 -1.239919452928006649e-03 9.999992847442626953e-01 -2.010707976296544075e-03 1.862355470657348633e+03
6.796608000000000000e+07 9.999686047930352872e-01 -7.914683552227476035e-03 -3.836828619383962982e-04 1.169057939234925819e-01 7.915561821284654645e-03 9.999659235180456962e-01 2.344287472874097104e-03 1.584116844737907051e-02 3.651154938730257577e-04 -2.347250938897142269e-03 9.999971785478727337e-01 2.448899774381071461e-03 9.999700784683227539e-01 -7.736361119896173477e-03 -1.237872056663036346e-04 1.120738461613655090e-01 7.736608386039733887e-03 9.999678134918212891e-01 2.126284176483750343e-03 1.112965773791074753e-02 1.073287203325890005e-04 -2.127176150679588318e-03 9.999977350234985352e-01 -1.450174255296587944e-03 1.846441268920898438e+03
6.807019000000000000e+07 9.999689400774324222e-01 -7.880223288592962463e-03 1.447803103271901124e-04 1.096102909297591022e-01 7.879906059638328020e-03 9.999668009870880114e-01 2.074609394746153128e-03 1.305543280023935097e-02 -1.611238890310105613e-04 -2.073404102294330604e-03 9.999978375149222165e-01 1.884047843848956662e-03 9.999701380729675293e-01 -7.726138457655906677e-03 3.315446083433926105e-04 1.047567650675773621e-01 7.725404575467109680e-03 9.999678134918212891e-01 2.168484497815370560e-03 1.176536642014980316e-02 -3.482797765173017979e-04 -2.165858168154954910e-03 9.999975562095642090e-01 -7.543209358118474483e-04 1.802223682403564453e+03
6.817398000000000000e+07 9.999751658876961935e-01 -7.009063311897925294e-03 7.352818263770320804e-04 9.808166825812546230e-02 7.008214065248273388e-03 9.999747794245176236e-01 1.151282112669681093e-03 8.542869581882274813e-03 -7.433326913637865099e-04 -1.146100509162864805e-03 9.999990669546310329e-01 1.710408034928862821e-03 9.999750256538391113e-01 -6.984869483858346939e-03 1.073419349268078804e-03 9.257051348686218262e-02 6.983345840126276016e-03 9.999746084213256836e-01 1.417923951521515846e-03 1.475994940847158432e-02 -1.083296607248485088e-03 -1.410400611348450184e-03 9.999983906745910645e-01 2.801055961754173040e-04 1.783158063888549805e+03
6.827793000000000000e+07 9.999800039759563219e-01 -6.309797477038809298e-03 4.220237494878500864e-04 8.199432235760614751e-02 6.309214634517819852e-03 9.999791603941083906e-01 1.368425441793678617e-03 9.391242674111538458e-03 -4.306494420793792509e-04 -1.365735440309259622e-03 9.999989746533568535e-01 1.552651023473490023e-03 9.999796152114868164e-01 -6.363576278090476990e-03 5.846368148922920227e-04 7.675600051879882812e-02 6.362714339047670364e-03 9.999787211418151855e-01 1.466499757952988148e-03 1.233497075736522675e-02 -5.939566763117909431e-04 -1.462748507037758827e-03 9.999988079071044922e-01 1.607614540262147784e-04 1.762526273727416992e+03
6.838180000000000000e+07 9.999888858849316220e-01 -4.710669111313261354e-03 1.941729561606312185e-04 6.199797333629408769e-02 4.710543930605303083e-03 9.999887004090209919e-01 6.401797835295572597e-04 4.506091770660347433e-03 -1.971864372176072714e-04 -6.392580082576484416e-04 9.999997762333289186e-01 4.161645145781819942e-04 9.999884366989135742e-01 -4.798906389623880386e-03 2.398955402895808220e-04 6.199610233306884766e-02 4.798708483576774597e-03 9.999880790710449219e-01 8.077197126112878323e-04 1.095246989279985428e-02 -2.437699004076421261e-04 -8.065579459071159363e-04 9.999996423721313477e-01 -1.363611314445734024e-03 1.639123678207397461e+03
6.848593000000000000e+07 9.999912742244885244e-01 -4.130759103937098851e-03 -6.231405211286248453e-04 4.938291627515731946e-02 4.130679567378783661e-03 9.999914604027889675e-01 -1.288712887127534861e-04 3.854762306425706282e-03 6.236675360086548370e-04 1.262961703925865405e-04 9.999997975440204634e-01 1.922656089793587297e-03 9.999909400939941406e-01 -4.186439793556928635e-03 -7.943052914924919605e-04 4.786292836070060730e-02 4.186396021395921707e-03 9.999912977218627930e-01 -6.007532647345215082e-05 8.200497366487979889e-03 7.945497636683285236e-04 5.676074215443804860e-05 9.999996423721313477e-01 -1.388121396303176880e-03 1.439094543457031250e+03
6.858998000000000000e+07 9.999944180961450879e-01 -3.324699904732143340e-03 -3.318841598610513806e-04 3.635602475587893651e-02 3.324730310503994611e-03 9.999944689187347802e-01 9.110598192755717066e-05 6.110021374736441515e-04 3.315794241333574815e-04 -9.220889870859163119e-05 9.999999407763003889e-01 -1.824566920335185137e-03 9.999947547912597656e-01 -3.222520695999264717e-03 -4.087727575097233057e-04 3.603612631559371948e-02 3.222591010853648186e-03 9.999948143959045410e-01 1.891938882181420922e-04 7.967039011418819427e-03 4.081695806235074997e-04 -1.905185054056346416e-04 9.999998807907104492e-01 -2.006867667660117149e-03 1.385568857192993164e+03
6.869397000000000000e+07 9.999977260919232780e-01 -2.132548981978702081e-03 6.769211789747896014e-06 2.788972848550796621e-02 2.132550647615119501e-03 9.999976932381099415e-01 -2.564102069718874840e-04 1.137032978673901094e-03 -6.222388848941267180e-06 2.564240596056329802e-04 9.999999671039911942e-01 8.663684661660873499e-04 9.999974966049194336e-01 -2.191584557294845581e-03 6.973585550440475345e-05 2.545265108346939087e-02 2.191613661125302315e-03 9.999975562095642090e-01 -2.081170532619580626e-04 6.896561942994594574e-03 -6.928407674422487617e-05 2.082766877720132470e-04 1.000000000000000000e+00 -6.741920951753854752e-04 1.387480497360229492e+03
6.879797000000000000e+07 9.999980230297288442e-01 -1.925977076009397718e-03 -4.945188940943288447e-04 1.628625187317842699e-02 1.926241922136777071e-03 9.999980013353670927e-01 5.356466452408198409e-04 2.639127321387684487e-03 4.934862625573297303e-04 -5.365981493084195789e-04 9.999997342668321965e-01 -2.580058611853718129e-06 9.999979734420776367e-01 -1.935415435582399368e-03 -6.225559045560657978e-04 1.533124223351478577e-02 1.935714273713529110e-03 9.999979138374328613e-01 5.046371952630579472e-04 6.848416291177272797e-03 6.215735338628292084e-04 -5.058501847088336945e-04 9.999996423721313477e-01 -2.353047719225287437e-03 1.440498113632202148e+03
6.890206000000000000e+07 9.999996853004355923e-01 -7.700147658356798833e-04 1.909876707021990671e-04 9.452343140926749640e-03 7.699878356205694559e-04 9.999996936133954684e-01 1.410384640974502628e-04 1.720979738587979056e-03 -1.910962138860409327e-04 -1.408913615295128189e-04 9.999999718159302553e-01 -9.427078295094371441e-04 9.999995827674865723e-01 -8.598078857176005840e-04 2.125038008671253920e-04 7.207875140011310577e-03 8.597433334216475487e-04 9.999995827674865723e-01 2.810929727274924517e-04 5.674238316714763641e-03 -2.127469197148457170e-04 -2.809092402458190918e-04 1.000000000000000000e+00 -1.464479602873325348e-03 1.378571271896362305e+03
6.900604000000000000e+07 9.999999878110850116e-01 1.542278782747979397e-04 2.432265104183157527e-05 1.779081320977420245e-05 -1.542265412512014205e-04 9.999999865966427981e-01 -5.496260572509088739e-05 8.722741805878317205e-04 -2.433112748189183159e-05 5.495885385681211681e-05 9.999999981937602866e-01 -2.831318821668203840e-04 9.999999403953552246e-01 1.534099574200809002e-04 8.596510451752692461e-05 -2.641102066263556480e-03 -1.534018228994682431e-04 9.999999403953552246e-01 5.110105121275410056e-05 5.082618445158004761e-03 -8.595349208917468786e-05 -5.110727579449303448e-05 9.999999403953552246e-01 -2.338194986805319786e-03 9.820261001586914062e+02
6.911083000000000000e+07 9.999996938760428167e-01 -2.152531559309780302e-04 -7.522724902975057304e-04 -4.832082939435882081e-03 2.146646019625613573e-04 9.999996709149373553e-01 -7.823612499283224761e-04 2.245105095342267779e-03 7.524406484639915415e-04 7.821995241541036077e-04 9.999994109983140200e-01 6.579846514061871501e-04 9.999996423721313477e-01 4.584437647281447425e-06 -9.012821828946471214e-04 -7.034929469227790833e-03 -5.223063453740905970e-06 9.999998211860656738e-01 -7.070637657307088375e-04 2.886030357331037521e-03 9.012756054289638996e-04 7.070568972267210484e-04 9.999994039535522461e-01 -3.315052599646151066e-04 1.292191267013549805e+03
6.921423000000000000e+07 9.999993823669113269e-01 -3.325336539677651226e-04 -1.060512689672729299e-03 -5.382285879795391595e-03 3.322421537983108464e-04 9.999999069863960699e-01 -2.750315445431794994e-04 3.800828473787269852e-03 1.060604048275085249e-03 2.746790276544498603e-04 9.999993998350622526e-01 2.269458863768455872e-03 9.999991655349731445e-01 -2.901505213230848312e-04 -1.235252129845321178e-03 -1.668283599428832531e-03 2.896593650802969933e-04 9.999998211860656738e-01 -3.899108269251883030e-04 8.917030063457787037e-04 1.235358533449470997e-03 3.895613481290638447e-04 9.999991655349731445e-01 4.505430406425148249e-04 1.359937906265258789e+03
6.931819000000000000e+07 9.999998981899593797e-01 1.883398035400453072e-04 -4.100587633430868026e-04 1.519780520069782901e-03 -1.882263887601506142e-04 9.999999440308573462e-01 2.766027997766182830e-04 4.956701512671229243e-03 4.101108357094178348e-04 -2.765255877354724453e-04 9.999998776713434623e-01 6.953756984977613968e-04 9.999999403953552246e-01 2.612695097923278809e-04 -3.333993954584002495e-04 2.963165054097771645e-03 -2.611859526950865984e-04 1.000000000000000000e+00 2.524380688555538654e-04 -2.619603648781776428e-03 3.334663924761116505e-04 -2.523476141504943371e-04 9.999998807907104492e-01 -1.696099177934229374e-03 1.277961730957031250e+03
6.942233000000000000e+07 9.999998831590674042e-01 -2.928626707757751098e-04 3.845949918064936338e-04 2.818981119113778328e-04 2.927290125245941908e-04 9.999998967627626856e-01 3.475401979388305514e-04 6.114303789535563416e-03 -3.846967336525395080e-04 -3.474275752197362424e-04 9.999998656512425477e-01 -1.548087617332693936e-03 9.999998211860656738e-01 -2.059585240203887224e-04 4.224997828714549541e-04 2.257179934531450272e-03 2.058639220194891095e-04 9.999999403953552246e-01 2.344466920476406813e-04 -5.442448426038026810e-03 -4.225475713610649109e-04 -2.343652449781075120e-04 9.999998807907104492e-01 -1.840837183408439159e-03 1.190240621566772461e+03
6.952632000000000000e+07 9.999999080237877980e-01 -3.394120819112596580e-04 -2.622057484658162356e-04 -1.694232001506629400e-03 3.394169099737242928e-04 9.999999422293692763e-01 1.836898031853079381e-05 7.755138692971551631e-03 2.621994986641722528e-04 -1.845797569394317706e-05 9.999999654553624051e-01 4.490033434353408862e-04 1.000000000000000000e+00 -1.505503169028088450e-04 -4.130759334657341242e-04 -5.740945925936102867e-04 1.505479885963723063e-04 1.000000000000000000e+00 -1.032036379911005497e-05 -4.143843892961740494e-03 4.130821325816214085e-04 1.025515484798233956e-05 9.999999403953552246e-01 -9.877970442175865173e-04 1.289512872695922852e+03
6.963032000000000000e+07 9.999999916363494501e-01 -1.293242013162117720e-04 -1.597493198537208042e-06 1.944631421575832020e-03 1.293242802889311949e-04 9.999999904107760296e-01 4.953461781362681303e-05 1.195703079217658345e-02 1.591087158332236924e-06 -4.953482399399474422e-05 9.999999987718848349e-01 6.205438544925482094e-04 9.999999403953552246e-01 1.054943786584772170e-04 -1.936263470270205289e-05 -1.268762978725135326e-03 -1.054935637512244284e-04 1.000000000000000000e+00 -1.968460273928940296e-04 -2.488135360181331635e-03 1.933592102432157844e-05 1.968544383998960257e-04 9.999999403953552246e-01 -3.926414065062999725e-03 1.274930715560913086e+03
6.973433000000000000e+07 9.999998733093011793e-01 -3.628490582566709123e-04 3.488867188385008427e-04 2.487612181179795824e-04 3.628197429390171203e-04 9.999999306457761916e-01 8.408493886916281043e-05 5.314514286377032548e-03 -3.489172047826155274e-04 -8.395834522673932424e-05 9.999999356038881126e-01 -8.667589424055615992e-04 9.999998807907104492e-01 -2.060255355900153518e-04 4.486036195885390043e-04 -9.483736357651650906e-04 2.060108527075499296e-04 9.999999403953552246e-01 9.808433787839021534e-06 -2.911322982981801033e-03 -4.486023099161684513e-04 -9.725589734443929046e-06 9.999998807907104492e-01 -4.502858500927686691e-03 1.094418764114379883e+03
6.983843000000000000e+07 9.999999594815719428e-01 -1.141167771004925600e-04 -2.607953518163103773e-04 -2.835038259346975547e-03 1.141745977793301269e-04 9.999999689055542040e-01 2.217048757104333437e-04 9.833653893188220793e-03 2.607700434611399183e-04 -2.217346429316966394e-04 9.999999414163646128e-01 8.876625276822098847e-04 9.999998807907104492e-01 -3.513999035931192338e-05 -2.819586661644279957e-04 -1.573636429384350777e-03 3.514279887895099819e-05 1.000000000000000000e+00 -7.523697149736108258e-06 -1.618594164028763771e-03 2.819587534759193659e-04 7.524602096964372322e-06 9.999999403953552246e-01 -4.824647214263677597e-03 1.465688943862915039e+03
6.994331000000000000e+07 9.999999620269377498e-01 -2.755791517371904381e-04 1.501393461422140926e-06 -3.520762711439926699e-04 2.755788462036041055e-04 9.999999420610762302e-01 1.998352912214849833e-04 8.831076597427028191e-03 -1.556463814474991163e-06 -1.998348698808492623e-04 9.999999800318009058e-01 -8.991024574797907968e-05 1.000000000000000000e+00 -1.904908276628702879e-04 -2.049093200184870511e-05 -7.288580527529120445e-04 1.904969831230118871e-04 1.000000000000000000e+00 -6.701350503135472536e-05 -8.630929514765739441e-04 2.050637158390600234e-05 6.700670201098546386e-05 1.000000119209289551e+00 -6.549688987433910370e-03 1.249135732650756836e+03
7.004725000000000000e+07 9.999999392625573691e-01 -3.391126837352706328e-04 8.048272687036265259e-05 1.398419886402357468e-03 3.391205964167507770e-04 9.999999376650007266e-01 -9.832200099374028516e-05 7.703193789798737368e-03 -8.044937961584472852e-05 9.834928837225092690e-05 9.999999919276574278e-01 -2.937455680744064312e-05 9.999999403953552246e-01 -7.099357753759250045e-05 2.004780108109116554e-04 1.458487706258893013e-03 7.100031507434323430e-05 1.000000000000000000e+00 -3.007283157785423100e-05 -1.607360900379717350e-03 -2.004801790462806821e-04 3.008369276358280331e-05 9.999999403953552246e-01 -4.060903098434209824e-03 1.333075046539306641e+03
7.015051000000000000e+07 9.999999862090058755e-01 -1.172175340718521042e-04 -1.176521886938490161e-04 -1.874367849040662205e-04 1.172075286051705450e-04 9.999999895147821949e-01 -8.504605098799033125e-05 4.175585480749157384e-03 1.176621563486195566e-04 8.503226009284894590e-05 9.999999894625657415e-01 2.116543243506290408e-04 1.000000119209289551e+00 -6.891002703923732042e-05 -1.890995372377801687e-05 1.741694286465644836e-03 6.890024087624624372e-05 1.000000000000000000e+00 -4.817872104467824101e-05 -2.434450667351484299e-03 1.891425745270680636e-05 4.818334855372086167e-05 9.999999403953552246e-01 -4.398183897137641907e-03 1.009145975112915039e+03
7.025445000000000000e+07 9.999999270252791783e-01 -3.820329706686253156e-04 4.956038488276515099e-07 -1.513156700244076575e-04 3.820329088691453942e-04 9.999999199190194865e-01 1.192174959770138474e-04 8.070372006112829996e-03 -5.411488232829826603e-07 -1.192172979401703452e-04 9.999999928934715232e-01 -2.227442836526707221e-04 9.999998807907104492e-01 -2.141686709364876151e-04 -5.535280433832667768e-05 8.343018707819283009e-04 2.141576987924054265e-04 9.999999403953552246e-01 -1.279694261029362679e-04 -8.810142753645777702e-04 5.537990364246070385e-05 1.279528078157454729e-04 1.000000000000000000e+00 -2.154908375814557076e-03 1.228753566741943359e+03
7.035844000000000000e+07 9.999999689482017562e-01 -2.435751741789418841e-04 -5.267570567163351315e-05 3.220140948605772003e-07 2.435797128849050586e-04 9.999999666214881566e-01 8.617392959553461242e-05 5.831040604322390748e-03 5.265471408348593304e-05 -8.618675765294265417e-05 9.999999948996619592e-01 -1.990656814472935917e-04 1.000000000000000000e+00 -1.516111806267872453e-04 -5.422703543445095420e-05 3.749678842723369598e-03 1.516140036983415484e-04 1.000000000000000000e+00 -6.540976028190925717e-05 -3.060512477532029152e-03 5.424149640020914376e-05 6.540067261084914207e-05 1.000000119209289551e+00 -7.577782962471246719e-03 1.246811151504516602e+03
7.046245000000000000e+07 9.999999249587510075e-01 -3.816038893439916780e-04 6.679044909826798945e-05 -2.653226109649448874e-04 3.816072498680478093e-04 9.999999259224564563e-01 -5.030893032683749248e-05 4.916717684051315727e-03 -6.677124606711414175e-05 5.033441427119036662e-05 9.999999965040237138e-01 2.670805357683786073e-04 1.000000000000000000e+00 -1.090320074581541121e-04 1.167526570498012006e-04 1.718207844533026218e-03 1.090433506760746241e-04 1.000000000000000000e+00 -1.139262385549955070e-04 -8.664068300276994705e-04 -1.167467562481760979e-04 1.139403393608517945e-04 9.999998807907104492e-01 -5.160662811249494553e-03 9.363415241241455078e+02
7.056645000000000000e+07 9.999999649962687531e-01 -2.584022730188734293e-04 5.688344609718081922e-05 4.895839476510805777e-04 2.583997971140409287e-04 9.999999656673859150e-01 4.352897607156118264e-05 5.723227078729932298e-03 -5.689469213058249622e-05 -4.351427587695395519e-05 9.999999974347508758e-01 -2.971189848328475191e-05 1.000000000000000000e+00 -1.703413436189293861e-04 -2.475232213328126818e-05 2.173528773710131645e-03 1.703382149571552873e-04 9.999999403953552246e-01 -4.612069824361242354e-05 -1.840739743784070015e-03 2.477463021932635456e-05 4.611712211044505239e-05 1.000000119209289551e+00 -6.442062556743621826e-03 1.040825128555297852e+03
7.067064000000000000e+07 9.999999933149972264e-01 -1.039365578830038608e-04 -5.066751853288823911e-05 -6.322364828437994442e-04 1.039322663988588038e-04 9.999999910124883762e-01 -8.469419710655233828e-05 3.494929105979349346e-03 5.067632090083325051e-05 8.468893055033745534e-05 9.999999951298477185e-01 1.487514361671743717e-04 1.000000000000000000e+00 -7.098592323018237948e-05 -8.145143510773777962e-07 8.960427949205040932e-04 7.098616333678364754e-05 1.000000000000000000e+00 -3.129163087578490376e-05 -3.773946955334395170e-04 8.050139967963332310e-07 3.129571996396407485e-05 1.000000000000000000e+00 -4.335576202720403671e-03 1.012667894363403320e+03
7.077454000000000000e+07 9.999999664199625826e-01 -2.562589350726834393e-04 3.861906178956469346e-05 5.748414067751566161e-04 2.562562324318891187e-04 9.999999647184182328e-01 6.997074870348070569e-05 3.808330797121529335e-03 -3.863699105657210229e-05 -6.996084997858610535e-05 9.999999968063312261e-01 -1.737268255883375994e-04 1.000000000000000000e+00 -2.303688379470258951e-04 1.754506956785917282e-05 1.403294038027524948e-03 2.303734218003228307e-04 1.000000000000000000e+00 -3.266648855060338974e-05 -1.196852186694741249e-03 -1.752991011017002165e-05 3.267002466600388288e-05 1.000000000000000000e+00 -5.811953451484441757e-03 1.112348556518554688e+03
7.087855000000000000e+07 9.999999754288602105e-01 -2.132670520296352690e-04 6.049333342737650706e-05 -8.467551036368466425e-04 2.132792379692874255e-04 9.999999569532821431e-01 -2.015078173772277717e-04 2.644153203490864131e-03 -6.045035584516407750e-05 2.015207143980066347e-04 9.999999778675777717e-01 -2.146400878493211250e-04 9.999999403953552246e-01 -2.955047530122101307e-04 2.168332139262929559e-05 -2.639254380483180285e-04 2.955060044769197702e-04 1.000000000000000000e+00 -7.081576040945947170e-05 1.536551164463162422e-03 -2.166655576729681343e-05 7.082256342982873321e-05 1.000000000000000000e+00 -3.690060693770647049e-03 1.103951692581176758e+03
7.098254000000000000e+07 9.999999256317668728e-01 -3.799235032566666468e-04 -6.629172108864989739e-05 -4.015828503426895914e-04 3.799216586873129420e-04 9.999999274423588824e-01 -2.783540799314190598e-05 2.263382706251586707e-03 6.630229160439833256e-05 2.781022026243856418e-05 9.999999974152988802e-01 -2.529790048853372704e-04 9.999999403953552246e-01 -2.441497927065938711e-04 -2.029132519965060055e-05 6.605439120903611183e-04 2.441477554384618998e-04 9.999998807907104492e-01 -1.744125765981152654e-04 -1.675237872404977679e-04 2.033627424680162221e-05 1.743955945130437613e-04 1.000000000000000000e+00 -5.998564418405294418e-03 9.679064750671386719e+02
7.108668000000000000e+07 9.999998971796266733e-01 -4.534586359754289573e-04 4.000182324315821406e-06 -6.863848193658517042e-04 4.534587164123002594e-04 9.999998969849751562e-01 -2.013036481031598780e-05 3.057343202799044611e-03 -3.991053624468366138e-06 2.013217665804655881e-05 9.999999997893834758e-01 -6.618364526921730918e-04 9.999998807907104492e-01 -4.245586169417947531e-04 -7.856197771616280079e-05 -1.077829394489526749e-03 4.245449963491410017e-04 9.999998807907104492e-01 -9.850268543232232332e-05 1.209423993714153767e-03 7.860287587391212583e-05 9.847779438132420182e-05 1.000000000000000000e+00 -5.205178167670965195e-03 1.019714355468750000e+03
7.119068000000000000e+07 9.999999025771879602e-01 -4.390191889073087063e-04 -4.591041827741137700e-05 3.780671147027841604e-04 4.390194914145183094e-04 9.999999036092954707e-01 6.579205252424724804e-06 2.868149336449435545e-03 4.590752545472024130e-05 -6.599360179942825116e-06 9.999999989244737764e-01 -1.424009914027162611e-04 9.999999403953552246e-01 -3.801510029006749392e-04 -2.890623591156327166e-06 -2.987912623211741447e-03 3.801508573815226555e-04 9.999999403953552246e-01 -1.318282302236184478e-04 2.520608017221093178e-03 2.940699914688593708e-06 1.318262948188930750e-04 1.000000000000000000e+00 -6.457593757659196854e-03 1.010572910308837891e+03
7.129467000000000000e+07 9.999998870030716303e-01 -4.727726232631334789e-04 4.979849821337353766e-05 -6.761655468986380859e-04 4.727784952200774892e-04 9.999998812819402838e-01 -1.179686393293561856e-04 2.940415542040536630e-03 -4.974271995831392606e-05 1.179921696583118452e-04 9.999999918017548062e-01 -2.990839230361216666e-04 9.999998211860656738e-01 -5.628923536278307438e-04 -5.343797602108679712e-05 -3.003338817507028580e-03 5.628808285109698772e-04 9.999998211860656738e-01 -7.519424980273470283e-05 2.342486754059791565e-03 5.347373735276050866e-05 7.516602636314928532e-05 1.000000000000000000e+00 -7.478385232388973236e-03 1.003573656082153320e+03
7.139879000000000000e+07 9.999999574043589856e-01 -2.830740387576825769e-04 7.113626987633473115e-05 -1.537034240561522419e-04 2.830909392651563224e-04 9.999999316834687901e-01 -2.376816734913182738e-04 1.093371831631544762e-03 -7.106898350529764722e-05 2.377018014005701115e-04 9.999999692235261861e-01 4.726027602166912736e-04 9.999999403953552246e-01 -2.996097900904715061e-04 1.388941382174380124e-05 -2.642127685248851776e-03 2.996176481246948242e-04 9.999999403953552246e-01 -1.496957993367686868e-04 1.929116318933665752e-03 -1.384043207508511841e-05 1.496981130912899971e-04 1.000000000000000000e+00 -6.206140853464603424e-03 9.788596630096435547e+02
7.150301000000000000e+07 9.999999927327891669e-01 -1.125943581464504574e-04 -4.309213694944610725e-05 -9.218727030919339699e-04 1.125858998299702270e-04 9.999999744078116315e-01 -1.962365695534382354e-04 6.085647086302377372e-04 4.311423097721775406e-05 1.962317165603316314e-04 9.999999798171380627e-01 8.408987336044643646e-05 1.000000000000000000e+00 1.773491385392844677e-05 -1.666257412580307573e-05 -2.327021211385726929e-03 -1.773499207047279924e-05 1.000000000000000000e+00 -8.107053872663527727e-05 -7.412056438624858856e-04 1.665908348513767123e-05 8.107646135613322258e-05 9.999999403953552246e-01 -4.145628772675991058e-03 9.296767711639404297e+02
7.160692000000000000e+07 9.999999999846589382e-01 -4.960910395298174154e-06 2.464055851179362073e-06 7.592676767160721693e-04 4.961375573314226204e-06 9.999999821609345529e-01 -1.888213847593034789e-04 8.105607154946756513e-04 -2.463119081252401257e-06 1.888213969815132412e-04 9.999999821702063585e-01 -5.267496425254989192e-04 1.000000000000000000e+00 -5.458970554172992706e-05 6.641304935328662395e-05 -2.008857438340783119e-03 5.460088868858292699e-05 9.999999403953552246e-01 -1.305600017076358199e-04 -6.874026730656623840e-04 -6.639888306381180882e-05 1.305607438553124666e-04 1.000000000000000000e+00 -4.008782561868429184e-03 9.927668571472167969e+02
7.171099000000000000e+07 9.999999672243997662e-01 -2.560198605497145119e-04 2.242844659480934135e-06 7.701268734078954787e-04 2.560198295796696239e-04 9.999999671317332250e-01 1.379779883818578617e-05 2.733050703813692112e-03 -2.246377096296963110e-06 -1.379722417324715503e-05 9.999999999022951558e-01 -4.481189146322985093e-04 1.000000000000000000e+00 -2.247498341603204608e-04 2.278041574754752219e-05 -2.335318131372332573e-03 2.247392403660342097e-04 1.000000000000000000e+00 4.257549153408035636e-05 -3.293191839475184679e-04 -2.279720320075284690e-05 -4.256540705682709813e-05 1.000000000000000000e+00 -4.915132187306880951e-03 1.034647941589355469e+03
7.181772000000000000e+07 9.999999954575968797e-01 -9.432806447308317191e-05 -1.367561258982915612e-05 -4.935921213034432558e-04 9.432531267817408571e-05 9.999999753347169618e-01 -2.010803337845070793e-04 -2.025959325151915240e-04 1.369457977120579738e-05 2.010790429146855623e-04 9.999999796898382254e-01 -2.814559798776849683e-06 1.000000000000000000e+00 -7.676811947021633387e-05 -5.681499169440940022e-05 -1.913955784402787685e-03 7.677078974666073918e-05 1.000000000000000000e+00 -6.384764128597453237e-05 5.158858839422464371e-04 5.682618939317762852e-05 6.383068102877587080e-05 1.000000000000000000e+00 -3.634324297308921814e-03 7.946555614471435547e+02
7.191896000000000000e+07 9.999999537484558498e-01 -2.811126092284509733e-04 -1.160981782761568565e-04 1.960582149513609169e-03 2.810820224955538579e-04 9.999999258098022370e-01 -2.633880912576878550e-04 2.709206691962687697e-03 1.161722113763832056e-04 2.633554459648240450e-04 9.999999585739622887e-01 -9.191453333513484607e-05 9.999999403953552246e-01 -5.281150515656918287e-05 1.618916576262563467e-05 -1.167988171800971031e-03 5.281917037791572511e-05 9.999999403953552246e-01 -1.459091290598735213e-04 5.915559595450758934e-04 -1.619522663531824946e-05 1.459115592297166586e-04 1.000000000000000000e+00 -2.596947364509105682e-03 1.324539184570312500e+03
7.202308000000000000e+07 9.999999690127011620e-01 -2.485217918743654248e-04 -1.454358043894480549e-05 -8.038553037705844454e-04 2.485182842118750985e-04 9.999999401535595300e-01 -2.406897167262880052e-04 -2.030236281885202613e-03 1.460339620824983536e-05 2.406860949223068235e-04 9.999999709284718152e-01 -4.245483661226684934e-04 1.000000000000000000e+00 -2.399482764303684235e-04 -8.547704055672511458e-06 -1.365518779493868351e-03 2.399458317086100578e-04 1.000000000000000000e+00 -1.722768211038783193e-04 4.782302421517670155e-04 8.601051376899704337e-06 1.722759916447103024e-04 1.000000000000000000e+00 -9.091495303437113762e-04 1.106108665466308594e+03
7.212705000000000000e+07 9.999999940550815536e-01 -8.534383811007065581e-05 -6.786947758279595244e-05 8.391758595339822392e-04 8.534242807464725985e-05 9.999999961424657080e-01 -2.077831759741746099e-05 -5.381866781323514339e-05 6.787125062236034983e-05 2.077252532788298762e-05 9.999999974809977710e-01 -6.103772738694606933e-04 1.000000000000000000e+00 2.553024205553811044e-05 5.882517143618315458e-05 -4.453117144294083118e-04 -2.552557270973920822e-05 1.000000000000000000e+00 -9.365209552925080061e-05 -1.896339701488614082e-03 -5.883087214897386730e-05 9.365250298287719488e-05 1.000000000000000000e+00 -9.843985317274928093e-04 9.301421642303466797e+02
7.223197000000000000e+07 9.999999830673460544e-01 -1.143924777412465179e-04 1.441515478459192334e-04 -1.783615823855341917e-03 1.144065683206799339e-04 9.999999886786316017e-01 -9.774391962150046705e-05 -3.354185697591506999e-04 -1.441403650447768085e-04 9.776040985034365816e-05 9.999999848332284946e-01 -2.890818839522821455e-04 9.999999403953552246e-01 -1.834651484386995435e-04 -7.953838212415575981e-05 -7.043152581900358200e-04 1.834635477280244231e-04 9.999999403953552246e-01 2.231100552307907492e-05 -2.499107213225215673e-04 7.953394379001110792e-05 -2.232693441328592598e-05 9.999999403953552246e-01 -1.607306301593780518e-03 1.010273694992065430e+03
7.233512000000000000e+07 9.999999994833540518e-01 -3.201908400333685175e-05 2.840827137439735089e-06 -1.040803677272246833e-03 3.201927479209098430e-05 9.999999972304728368e-01 -6.718497113243112999e-05 -5.255715896120005670e-04 -2.838675928337536228e-06 6.718506205894503390e-05 9.999999977390546801e-01 7.189022456745447701e-06 1.000000000000000000e+00 -7.708439807174727321e-05 1.290549153054598719e-05 5.543815786950290203e-04 7.709422789048403502e-05 1.000000000000000000e+00 -5.650695675285533071e-05 -7.650220068171620369e-04 -1.289972806262085214e-05 5.650632738252170384e-05 1.000000000000000000e+00 -4.180578049272298813e-03 8.702611923217773438e+02
7.243920000000000000e+07 9.999999947463651395e-01 -3.356844430274398409e-05 9.685261612036218115e-05 6.666941091898283050e-04 3.357693629775892054e-05 9.999999955924675499e-01 -8.767926885348508695e-05 6.434805960413805164e-04 -9.684967243682812373e-05 8.768252040697195593e-05 9.999999914659581934e-01 2.024145448570875995e-05 1.000000000000000000e+00 -7.803054177202284336e-05 4.291565346647985280e-05 2.802672388497740030e-04 7.802455365890637040e-05 1.000000000000000000e+00 4.501581315707881004e-06 -1.098235807148739696e-04 -4.291239019948989153e-05 -4.492157586355460808e-06 1.000000000000000000e+00 -2.822623122483491898e-03 1.037270545959472656e+03
7.254319000000000000e+07 9.999999803185104508e-01 -1.673545475787429932e-04 -1.065618795677768059e-04 -8.694717670390990361e-04 1.673554263237130935e-04 9.999999859621525600e-01 8.237471666072812473e-06 -1.334455166703309810e-03 1.065604994935335262e-04 -8.255305212732022210e-06 9.999999942883548432e-01 8.455431114729990497e-05 1.000000000000000000e+00 -1.184053835459053516e-04 6.458607822423800826e-05 3.941542236134409904e-04 1.184085849672555923e-04 9.999999403953552246e-01 -5.333912849891930819e-05 -4.375395947135984898e-04 -6.457763811340555549e-05 5.333771332516334951e-05 9.999999403953552246e-01 -2.883440582081675529e-03 1.004330396652221680e+03
7.264720000000000000e+07 9.999999868886511045e-01 -1.604615745856628024e-04 2.178945981599336037e-05 2.782154423685793542e-05 1.604640402786714306e-04 9.999999807179215106e-01 -1.132053369902698205e-04 1.551052389725151093e-05 -2.177129428922232684e-05 1.132088319307527258e-04 9.999999933548855413e-01 -3.897626917360398537e-04 9.999998807907104492e-01 -2.469407918397337198e-04 1.616781082702800632e-05 -1.086619522538967431e-04 2.469466999173164368e-04 1.000000000000000000e+00 -3.846030449494719505e-05 3.711610042955726385e-04 -1.615721521375235170e-05 3.847611878882162273e-05 1.000000119209289551e+00 -2.246859250590205193e-03 6.414861679077148438e+02
7.275120000000000000e+07 9.999999860858574952e-01 -1.033640267663176186e-04 -1.309357195633366691e-04 1.264671444550007464e-03 1.033713875888315369e-04 9.999999930773089130e-01 5.621154999939669456e-05 5.117015948364972639e-04 1.309299084047504079e-04 -5.622508422427737802e-05 9.999999898480493865e-01 1.164032637145646611e-04 1.000000000000000000e+00 -2.425853454042226076e-04 -2.356824552407488227e-05 6.550718098878860474e-04 2.425816637696698308e-04 1.000000000000000000e+00 -2.377722739765886217e-05 2.067586407065391541e-03 2.356638833589386195e-05 2.376234260736964643e-05 9.999999403953552246e-01 -4.802272189408540726e-03 1.069194078445434570e+03
7.285518000000000000e+07 9.999999855879059263e-01 -1.663485394499517500e-04 -3.394630121940417957e-05 -6.809253532201409382e-04 1.663483596384719709e-04 9.999999861500682430e-01 -5.299693503263323160e-06 7.555055065755576088e-04 3.394718234552401419e-05 5.294046515359999920e-06 9.999999994097809042e-01 7.963050476945711658e-05 1.000000000000000000e+00 -1.271409564651548862e-04 8.389718277612701058e-05 1.336269342573359609e-04 1.271460787393152714e-04 9.999999403953552246e-01 1.765778733897604980e-06 1.367065473459661007e-03 -8.389780123252421618e-05 -1.752263415255583823e-06 1.000000000000000000e+00 -3.669998608529567719e-03 9.737823009490966797e+02
7.295921000000000000e+07 9.999999992750696620e-01 1.718606989736344833e-05 -3.397793035799272969e-05 -7.054158361379822377e-04 -1.719151905839708222e-05 9.999999869913929196e-01 -1.603797547523850111e-04 -1.732694877699408062e-03 3.397517361831188537e-05 1.603803387683581526e-04 9.999999865619171313e-01 -6.514627904907442646e-04 9.999999403953552246e-01 -1.214342319144634530e-05 2.912735652671472053e-08 2.085978776449337602e-04 1.214146413985872641e-05 1.000000000000000000e+00 -1.320056908298283815e-04 -3.818915283773094416e-04 -2.430475198877957155e-08 1.320026349276304245e-04 1.000000000000000000e+00 -2.280860207974910736e-03 1.041351795196533203e+03
7.306330000000000000e+07 9.999999838010878994e-01 -1.756607323583222156e-04 -3.925724362613136766e-05 -1.895925526298574294e-03 1.756607129886843233e-04 9.999999845715334956e-01 -4.968503343033192155e-07 6.344596096331524228e-04 3.925733029754589271e-05 4.899543708495475101e-07 9.999999992293110429e-01 5.819510640103480598e-04 1.000000119209289551e+00 -1.520564692327752709e-04 1.455809297112864442e-06 1.812690607039257884e-04 1.520591031294316053e-04 1.000000000000000000e+00 -7.316117262234911323e-05 -4.824067291337996721e-04 -1.441958715986402240e-06 7.315571565413847566e-05 9.999999403953552246e-01 -5.474564386531710625e-04 1.024762153625488281e+03
7.316746000000000000e+07 9.999999928627530954e-01 7.924963431621640051e-05 8.940911140891330132e-05 1.418072676576653011e-05 -7.925137503935602028e-05 9.999999966701507148e-01 1.946581690501200315e-05 -4.662958559992823955e-04 -8.940756845232304781e-05 -1.947290256109986584e-05 9.999999958135463718e-01 -1.006975130990855059e-04 9.999998807907104492e-01 3.304747588117606938e-05 3.277473661000840366e-05 -2.658537123352289200e-04 -3.305216887383721769e-05 9.999999403953552246e-01 8.188376523321494460e-05 5.317093455232679844e-04 -3.276732240919955075e-05 -8.187009370885789394e-05 1.000000000000000000e+00 -2.051915362244471908e-04 7.237396240234375000e+02
7.327173000000000000e+07 9.999999980101755837e-01 -4.670710351956871588e-05 -4.240395429938724101e-05 -1.227007803479436858e-03 4.670273372727531551e-05 9.999999936001192635e-01 -1.030466704327856925e-04 -6.080748788286338951e-04 4.240876703951024077e-05 1.030446898471542655e-04 9.999999937916441706e-01 -1.718405227091304634e-04 1.000000000000000000e+00 -1.051509116223314777e-05 1.000343672785675153e-05 -1.010268388199619949e-04 1.051517938321921974e-05 1.000000000000000000e+00 -2.771971594484057277e-05 -2.204050542786717415e-04 -1.000430165731813759e-05 2.771766412479337305e-05 1.000000000000000000e+00 -9.053790126927196980e-04 1.025279283523559570e+03
7.337531000000000000e+07 9.999999963198101804e-01 2.167911498121920759e-05 8.300840691022029667e-05 -1.278791281556455710e-03 -2.167965364735553130e-05 9.999999997439465993e-01 6.488401863616780680e-06 1.892524586390962292e-03 -8.300826622615566552e-05 -6.490201433249861735e-06 9.999999965337524888e-01 4.878330656404254576e-04 1.000000000000000000e+00 3.854876194964163005e-05 6.248558202059939504e-05 -2.930219634436070919e-04 -3.855164686683565378e-05 1.000000000000000000e+00 -3.671868034871295094e-05 -4.379156507638981566e-06 -6.249641592148691416e-05 3.671298327390104532e-05 1.000000000000000000e+00 -1.465301844291388988e-03 1.062739133834838867e+03
7.347944000000000000e+07 9.999999945518946998e-01 4.506570936083475733e-05 -9.415568224126094447e-05 -3.244991490530133027e-03 -4.505852252698133384e-05 9.999999960717310676e-01 7.632999024274296832e-05 -1.264453640747662628e-03 9.415912173654788922e-05 -7.632574731095981703e-05 9.999999926542200157e-01 -8.006983212456579742e-04 1.000000000000000000e+00 -9.453111124457791448e-05 2.178242311856593005e-06 1.102974754758179188e-03 9.454004612052813172e-05 1.000000000000000000e+00 1.082327216863632202e-04 4.820551257580518723e-03 -2.185945277233258821e-06 -1.082248054444789886e-04 9.999999403953552246e-01 -4.020876716822385788e-03 9.967083930969238281e+02
7.358346000000000000e+07 9.999999901978335881e-01 4.473553228835352861e-05 1.326765417659499474e-04 -1.293500054922478402e-03 -4.473550827898162507e-05 9.999999989993501037e-01 -1.839293659376551818e-07 2.738369265960033882e-04 -1.326765498613653174e-04 1.779940116021516582e-07 9.999999911984506218e-01 3.555337524696630213e-04 1.000000000000000000e+00 -9.746488649398088455e-05 6.971785478526726365e-05 -5.517816171050071716e-04 9.745444549480453134e-05 1.000000000000000000e+00 6.770636537112295628e-05 3.650374477729201317e-03 -6.972305709496140480e-05 -6.770357140339910984e-05 1.000000000000000000e+00 -2.969358582049608231e-03 1.052082538604736328e+03
7.368760000000000000e+07 9.999999977715551269e-01 -5.851148655833333982e-05 -3.214491762731645406e-05 -6.615506756115159580e-04 5.850475375275774052e-05 9.999999763617645199e-01 -2.094126642343275549e-04 5.380606328244351422e-04 3.215716991375581238e-05 2.094107831371728025e-04 9.999999775565199256e-01 -2.819860868595478950e-04 1.000000000000000000e+00 -2.063757710857316852e-05 -9.850868082139641047e-05 -2.567827468737959862e-04 2.062124076473992318e-05 9.999999403953552246e-01 -2.058392055914737284e-05 3.088672878220677376e-03 9.851563663687556982e-05 2.057648998743388802e-05 1.000000000000000000e+00 -1.234664814546704292e-03 1.009258985519409180e+03
7.379156000000000000e+07 9.999999914289652292e-01 -1.267929181498458945e-04 -3.264391773687256600e-05 -1.164904050506957367e-03 1.267962459804475013e-04 9.999999867632841655e-01 1.019614794777381480e-04 1.036727231182853551e-03 3.263098931125244428e-05 -1.019656177300459115e-04 9.999999942691156773e-01 1.930955863658633150e-04 1.000000000000000000e+00 -2.577050690888427198e-05 2.773990672721993178e-05 -2.538232365623116493e-04 2.578215207904577255e-05 1.000000000000000000e+00 -3.251119778724387288e-05 1.187378307804465294e-03 -2.774727363430429250e-05 3.251294401707127690e-05 1.000000000000000000e+00 -9.419776033610105515e-04 1.027218341827392578e+03
7.389566000000000000e+07 9.999999982920173558e-01 2.114225858147625401e-05 5.448825704904094482e-05 -3.014041788395962086e-03 -2.114453709519714707e-05 9.999999989021500779e-01 4.181636449423867962e-05 -1.647929127205539305e-03 -5.448737289682994598e-05 -4.181751655178947733e-05 9.999999976412107250e-01 -1.054955817240557994e-04 1.000000000000000000e+00 1.243888691533356905e-04 2.188961298088543117e-05 7.024529622867703438e-04 -1.243926380993798375e-04 1.000000000000000000e+00 8.454531780444085598e-06 -3.421243280172348022e-03 -2.189206315961200744e-05 -8.455069291812833399e-06 1.000000000000000000e+00 -2.860553795471787453e-04 1.034866094589233398e+03
7.399956000000000000e+07 9.999999997959344578e-01 -1.410861568161020458e-05 -1.445952756620127583e-05 -1.309902163611223469e-03 1.410724162940983724e-05 9.999999953857924284e-01 -9.502315845363297432e-05 8.732186599017658681e-04 1.446086814470549074e-05 9.502295445019280282e-05 9.999999953807606756e-01 -8.875472060399969992e-05 9.999999403953552246e-01 3.475710036582313478e-05 1.460504427086561918e-05 1.648489997023716569e-04 -3.474981349427253008e-05 1.000000000000000000e+00 -1.286763199459528551e-05 -1.605528988875448704e-03 -1.460060138924745843e-05 1.287423856410896406e-05 9.999999403953552246e-01 -3.307290899101644754e-05 1.043848037719726562e+03
7.410368000000000000e+07 9.999999995308583856e-01 -7.444931909071987522e-07 3.062236079851007262e-05 -2.233465802649316819e-03 7.443511916357557166e-07 9.999999999889715996e-01 4.637121656716720137e-06 -3.743328687365110661e-04 -3.062236425047785597e-05 -4.637098860750501399e-06 9.999999995203840975e-01 3.057441722236398552e-04 1.000000000000000000e+00 -3.932900654035620391e-05 -2.190625082221231423e-06 1.422646600985899568e-04 3.932111940230242908e-05 1.000000000000000000e+00 -6.231149745872244239e-05 -4.484197706915438175e-04 2.200343487857026048e-06 6.230021972442045808e-05 1.000000000000000000e+00 -8.542534778825938702e-04 1.015521287918090820e+03
7.420770000000000000e+07 9.999999982935665610e-01 -1.263226566634753161e-05 -5.703764203106138843e-05 -1.026957379375406957e-03 1.263313300635864041e-05 9.999999998045889793e-01 1.520611461321055751e-05 -2.988531372488395922e-04 5.703744993223607051e-05 -1.520683515138048377e-05 9.999999982577406632e-01 -3.146491608850111128e-04 1.000000000000000000e+00 -1.964855073310900480e-05 -6.488938379334285855e-05 1.004916994133964181e-04 1.965719457075465471e-05 1.000000000000000000e+00 1.029499162541469559e-05 9.370076586492359638e-04 6.488618964795023203e-05 -1.030362545861862600e-05 1.000000000000000000e+00 -2.277331659570336342e-03 1.016644239425659180e+03
7.431171000000000000e+07 9.999999913528413442e-01 -2.448119193845779304e-06 -1.314850714825148729e-04 -6.091776453182971970e-04 2.558468189928466544e-06 9.999996478200655625e-01 8.392575285806405661e-04 -7.010876817098381881e-04 1.314829705736466931e-04 -8.392578577238202914e-04 9.999996391791732275e-01 -1.263496758872264527e-03 1.000000000000000000e+00 -1.516621159680653363e-05 8.360554056707769632e-05 1.609722711145877838e-02 1.517238342785276473e-05 9.999999403953552246e-01 -1.973089820239692926e-05 -3.156459704041481018e-02 -8.361529762623831630e-05 1.973625876416917890e-05 1.000000000000000000e+00 -3.798023238778114319e-02 9.997413158416748047e+02
7.441568000000000000e+07 9.999997362928212397e-01 -7.153769942754466867e-04 -1.251001356603492515e-04 3.022941404794234066e-03 7.153400375035619610e-04 9.999997005688663343e-01 -2.952131574323501500e-04 1.041709889133753206e-03 1.253112869027083170e-04 2.951235904467862988e-04 9.999999485995725301e-01 7.204140270451581639e-04 9.999997615814208984e-01 -6.561226909980177879e-04 -1.880734052974730730e-04 1.165428292006254196e-02 6.561425980180501938e-04 9.999997615814208984e-01 1.147405127994716167e-04 -2.066934294998645782e-02 1.880089839687570930e-04 -1.148623487097211182e-04 9.999999403953552246e-01 -2.643122151494026184e-02 1.282254934310913086e+03
7.451980000000000000e+07 9.999972790035915882e-01 -2.299002023757308263e-03 -3.956957261972311453e-04 -2.675670370617536011e-03 2.299070070944830152e-03 9.999973424116622711e-01 1.715995968307845092e-04 -3.204043511646857537e-04 3.953001667804939968e-04 -1.725088621101986954e-04 9.999999069892309134e-01 -2.709891891919726523e-04 9.999971985816955566e-01 -2.329699927940964699e-03 -4.300021391827613115e-04 1.362980622798204422e-02 2.329783048480749130e-03 9.999973177909851074e-01 2.130467619281262159e-04 -1.866022497415542603e-02 4.294992249924689531e-04 -2.140397264156490564e-04 9.999999403953552246e-01 -2.236485667526721954e-02 1.020784139633178711e+03
7.462389000000000000e+07 9.999979243318886102e-01 -1.986316827618383237e-03 -4.537371206786957245e-04 8.614117530950687190e-03 1.986512279617038031e-03 9.999979341239213504e-01 4.307166726611389080e-04 2.931319638264727467e-03 4.528806435391896168e-04 -4.316171329982227572e-04 9.999998043028673900e-01 -8.635623128058568564e-04 9.999984502792358398e-01 -1.764892367646098137e-03 -3.567803360056132078e-04 1.913822442293167114e-02 1.765088294632732868e-03 9.999983310699462891e-01 5.324630765244364738e-04 -1.797979697585105896e-02 3.558415919542312622e-04 -5.330908461473882198e-04 9.999998211860656738e-01 -2.291170321404933929e-02 1.423784971237182617e+03
7.472784000000000000e+07 9.999954025889016274e-01 -3.030696001286122942e-03 -9.840126240750956209e-05 1.534309528935275460e-02 3.030732734933153354e-03 9.999953368836457246e-01 3.753265954419597811e-04 4.863083140476772391e-03 9.726330273899127220e-05 -3.756230978384415635e-04 9.999999247235663580e-01 -7.431842577095288793e-04 9.999954104423522949e-01 -3.027482423931360245e-03 -1.758757862262427807e-04 2.154910564422607422e-02 3.027585567906498909e-03 9.999952316284179688e-01 6.039690342731773853e-04 -1.192093361169099808e-02 1.740508159855380654e-04 -6.045085028745234013e-04 9.999997615814208984e-01 -1.598869077861309052e-02 1.379478454589843750e+03
7.483185000000000000e+07 9.999881121838122278e-01 -4.873294065561700403e-03 1.627759375467876678e-04 1.464158150901837679e-02 4.873324702742878704e-03 9.999881075439224221e-01 -1.883535673583781780e-04 1.426476931413761962e-03 -1.618560994190649572e-04 1.891445882432500126e-04 9.999999690134634411e-01 1.345003760443509375e-03 9.999883174896240234e-01 -4.817945882678031921e-03 1.987277355510741472e-04 2.784523554146289825e-02 4.818026442080736160e-03 9.999882578849792480e-01 -4.110863956157118082e-04 -1.767092570662498474e-02 -1.967544667422771454e-04 4.120434750802814960e-04 9.999998807907104492e-01 -1.713010855019092560e-02 1.694706916809082031e+03
7.493585000000000000e+07 9.999842866244814665e-01 -5.605885469391499315e-03 -2.349959574284015025e-05 2.088795250466633432e-02 5.605885019369085016e-03 9.999842867193280416e-01 -1.917254436022247893e-05 3.725432188736594805e-03 2.360670557493679532e-05 1.904050706309728084e-05 9.999999995400913333e-01 1.334979766538680430e-03 9.999846816062927246e-01 -5.543692968785762787e-03 4.256438114680349827e-05 2.957844547927379608e-02 5.543689709156751633e-03 9.999846816062927246e-01 5.793298987555317581e-05 -1.092008315026760101e-02 -4.288147829356603324e-05 -5.769677591160871089e-05 1.000000000000000000e+00 -1.177671458572149277e-02 1.385334014892578125e+03
7.503985000000000000e+07 9.999801162670828303e-01 -6.305944072255738678e-03 4.625828557404642856e-05 2.660289187684928419e-02 6.305904519285266026e-03 9.999797891736084132e-01 8.104396950784284459e-04 7.315354783601210435e-03 -5.136793804696807573e-05 -8.101318801799303098e-04 9.999996705237815808e-01 -6.637328208476742228e-04 9.999805688858032227e-01 -6.227025762200355530e-03 5.462453191285021603e-05 3.460237756371498108e-02 6.226976867765188217e-03 9.999802708625793457e-01 7.518468191847205162e-04 -1.012654416263103485e-02 -5.930387851549312472e-05 -7.514929748140275478e-04 9.999997615814208984e-01 -1.338845491409301758e-02 1.388070821762084961e+03
7.514381000000000000e+07 9.999697992749749798e-01 -7.769644159917182824e-03 1.821197256189484813e-04 2.763742481896259290e-02 7.769600439727933523e-03 9.999697875051611895e-01 2.395535214811727665e-04 6.042309026245881384e-03 -1.839754689468419834e-04 -2.381312892908896248e-04 9.999999547232568675e-01 1.003572113180183642e-03 9.999705553054809570e-01 -7.673095446079969406e-03 1.201627528644166887e-04 3.454820066690444946e-02 7.673066109418869019e-03 9.999706149101257324e-01 3.549767716322094202e-04 -3.084957133978605270e-03 -1.228860783157870173e-04 -3.540490870364010334e-04 9.999999403953552246e-01 -7.597905583679676056e-03 1.771071910858154297e+03
7.524781000000000000e+07 9.999594419490295261e-01 -9.006180188642343848e-03 -5.635064469896407577e-05 3.330998516392740666e-02 9.006190094646896946e-03 9.999594275907063290e-01 1.780798868432437664e-04 7.858486537715222639e-03 5.474453886866009181e-05 -1.785801688882311601e-04 9.999999825560792477e-01 1.073044531090915597e-03 9.999596476554870605e-01 -8.987462148070335388e-03 -1.010311971185728908e-04 4.012111946940422058e-02 8.987502194941043854e-03 9.999595880508422852e-01 1.616478257346898317e-04 -7.604111451655626297e-03 9.957164002116769552e-05 -1.625472214072942734e-04 1.000000000000000000e+00 -8.858126588165760040e-03 1.576084136962890625e+03
7.535171000000000000e+07 9.999543315294883161e-01 -9.555100087261082439e-03 1.868628815060298875e-04 3.559720953879165484e-02 9.555040627617455290e-03 9.999542994547652164e-01 3.165446798748571336e-04 6.747078892253332086e-03 -1.898789578687551665e-04 -3.147447413388948880e-04 9.999999324408623824e-01 4.090097678268604696e-04 9.999550580978393555e-01 -9.478834457695484161e-03 1.775874552549794316e-04 4.240875318646430969e-02 9.478704072535037994e-03 9.999550580978393555e-01 3.228239656891673803e-04 -1.452597556635737419e-03 -1.806366199161857367e-04 -3.211250004824250937e-04 9.999999403953552246e-01 -5.294687580317258835e-03 1.738868236541748047e+03
7.545573000000000000e+07 9.999447303493902428e-01 -1.050949479168418639e-02 2.945601958104786429e-04 4.351391673948507011e-02 1.050936126703389678e-02 9.999446733226623474e-01 4.512420558520393297e-04 9.252489029148242006e-03 -2.992862248093344042e-04 -4.481214763486113814e-04 9.999998548074385818e-01 3.330684859476506121e-04 9.999440908432006836e-01 -1.057453174144029617e-02 1.870879641501232982e-04 4.769224673509597778e-02 1.057445909827947617e-02 9.999439716339111328e-01 4.520184884313493967e-04 -5.467896815389394760e-03 -1.918562775244936347e-04 -4.500159993767738342e-04 9.999998807907104492e-01 -5.907712038606405258e-03 1.455209732055664062e+03
7.555959000000000000e+07 9.999290314367466070e-01 -1.191335826218908184e-02 6.312595792390183851e-05 4.551229274088435667e-02 1.191334474192750834e-02 9.999290114562122689e-01 2.103931129517002557e-04 1.023174999119271303e-02 -6.562796523456444992e-05 -2.096261403558438111e-04 9.999999758749253953e-01 1.108062113933890470e-03 9.999277591705322266e-01 -1.201422698795795441e-02 6.449280044762417674e-05 5.011919140815734863e-02 1.201422605663537979e-02 9.999278187751770020e-01 1.613820641068741679e-04 6.565416697412729263e-06 -6.642906373599544168e-05 -1.605887518962845206e-04 9.999999403953552246e-01 -3.967987839132547379e-03 1.746876239776611328e+03
7.566357000000000000e+07 9.999141180222435032e-01 -1.310465677568531211e-02 -1.566862807309072540e-04 4.510754457534395939e-02 1.310470725504473723e-02 9.999140766237811784e-01 3.256030876307763802e-04 9.564197487697276637e-03 1.524059010081549553e-04 -3.276284520335072522e-04 9.999999347160173357e-01 7.435425688651981424e-04 9.999151229858398438e-01 -1.303046848624944687e-02 -1.161286636488512158e-04 5.347726121544837952e-02 1.303054392337799072e-02 9.999150633811950684e-01 3.635071916505694389e-04 3.834021277725696564e-03 1.113770922529511154e-04 -3.649924474302679300e-04 9.999999403953552246e-01 -5.379134789109230042e-03 1.835857152938842773e+03
7.576748000000000000e+07 9.998981483405564585e-01 -1.425494159477279366e-02 -6.997036916829319376e-04 5.868045258880098120e-02 1.425519527482338109e-02 9.998983251249538018e-01 3.589150158525878124e-04 1.234511051966549061e-02 6.945162368090451949e-04 -3.688528725220790267e-04 9.999996907973297544e-01 1.492403039216407467e-03 9.998985528945922852e-01 -1.421963889151811600e-02 -8.180682780221104622e-04 6.036215648055076599e-02 1.422005984932184219e-02 9.998987913131713867e-01 4.774614062625914812e-04 4.748214501887559891e-03 8.112062932923436165e-04 -4.890451673418283463e-04 9.999995231628417969e-01 -4.414736758917570114e-03 1.749727964401245117e+03
7.587136000000000000e+07 9.998672718514310942e-01 -1.618516058906554686e-02 -1.865276677179439173e-03 5.914827139792060845e-02 1.618706773676315686e-02 9.998684687715581054e-01 1.011926136243112293e-03 1.396440014045829611e-02 1.848653148027338232e-03 -1.041985185081868281e-03 9.999977483716712134e-01 4.925974709129306121e-04 9.998674392700195312e-01 -1.617905125021934509e-02 -1.869340427219867706e-03 6.906723976135253906e-02 1.618060283362865448e-02 9.998686313629150391e-01 8.767985855229198933e-04 8.782257325947284698e-03 1.854908186942338943e-03 -9.069378138519823551e-04 9.999979138374328613e-01 -5.453590303659439087e-03 1.833957672119140625e+03
7.597518000000000000e+07 9.998473699789240943e-01 -1.736233457146916376e-02 -1.945786333791979647e-03 8.346125907844521852e-02 1.736549416335816248e-02 9.998478978947358264e-01 1.618853897147053003e-03 1.915822845524977822e-02 1.917383292609621797e-03 -1.652396352665219496e-03 9.999967966086706905e-01 4.848408513604186864e-04 9.998477697372436523e-01 -1.734105497598648071e-02 -1.963644754141569138e-03 8.481721580028533936e-02 1.734430342912673950e-02 9.998483061790466309e-01 1.607195008546113968e-03 1.055528130382299423e-02 1.935473759658634663e-03 -1.640997943468391895e-03 9.999967813491821289e-01 -4.586608149111270905e-03 2.018543720245361328e+03
7.607910000000000000e+07 9.998386834532326795e-01 -1.793948710300554555e-02 -8.842358211709793392e-04 1.047158233270196886e-01 1.794086043666104011e-02 9.998378164229866361e-01 1.570470409275196225e-03 1.963340247291725169e-02 8.559189789897342230e-04 -1.586081017872696631e-03 9.999983758735342398e-01 2.233524319574824364e-05 9.998381137847900391e-01 -1.797403581440448761e-02 -7.976935012266039848e-04 1.059249714016914368e-01 1.797519810497760773e-02 9.998372197151184082e-01 1.523973420262336731e-03 3.729415591806173325e-03 7.701724534854292870e-04 -1.538071082904934883e-03 9.999984502792358398e-01 -2.928018104285001755e-03 1.813191175460815430e+03
7.618295000000000000e+07 9.998283023894931620e-01 -1.851393778298544845e-02 7.744990070359765097e-04 9.225403574551724328e-02 1.851367829680206772e-02 9.998285490618566973e-01 3.408764951453309802e-04 9.978206510163172005e-03 -7.806771846774318959e-04 -3.264791420081798626e-04 9.999996419771874923e-01 -2.399850506947302092e-03 9.998292922973632812e-01 -1.846506260335445404e-02 6.438207929022610188e-04 1.156264320015907288e-01 1.846446283161640167e-02 9.998291134834289551e-01 8.807551930658519268e-04 1.805855706334114075e-02 -6.599815678782761097e-04 -8.687245426699519157e-04 9.999994039535522461e-01 -2.313479082658886909e-03 1.807061910629272461e+03
7.628681000000000000e+07 9.998125716596071300e-01 -1.931140485050380357e-02 1.375206930951097372e-03 1.500805682559246124e-01 1.931268983562955260e-02 9.998130625667505100e-01 -9.273252976124650567e-04 1.642720925164877985e-02 -1.357041899046930455e-03 9.537104354881957178e-04 9.999986244358985976e-01 2.507549051753226680e-03 9.998136162757873535e-01 -1.925961859524250031e-02 1.355740358121693134e-03 1.360673755407333374e-01 1.926114223897457123e-02 9.998138546943664551e-01 -1.122468151152133942e-03 6.872598547488451004e-03 -1.333861961029469967e-03 1.148381154052913189e-03 9.999984502792358398e-01 -6.338524399325251579e-04 1.773785114288330078e+03
7.639067000000000000e+07 9.997720831470926495e-01 -2.130176282828840501e-02 1.420091592230577791e-03 1.440823309673552877e-01 2.130340307765629312e-02 9.997723952581548668e-01 -1.150085684985917289e-03 1.214618508407888479e-02 -1.395269520156551925e-03 1.180076344672500348e-03 9.999983303199996287e-01 4.416317128904315506e-03 9.997692704200744629e-01 -2.142791450023651123e-02 1.543789869174361229e-03 1.512936651706695557e-01 2.143032290041446686e-02 9.997692704200744629e-01 -1.494482625275850296e-03 1.031448319554328918e-02 -1.511413138359785080e-03 1.527217915281653404e-03 9.999976754188537598e-01 -1.998249790631234646e-04 1.747058868408203125e+03
7.649507000000000000e+07 9.997276269390458214e-01 -2.329364178357303319e-02 1.441591926543260181e-03 1.681227796842840461e-01 2.329248825642011092e-02 9.997283635437049787e-01 8.118602405550078482e-04 2.230980367201258405e-02 -1.460111519242724386e-03 -7.780608486766619472e-04 9.999986313468969268e-01 1.301004279624301931e-03 9.997311830520629883e-01 -2.313276939094066620e-02 1.559778349474072456e-03 1.637900769710540771e-01 2.313105203211307526e-02 9.997318387031555176e-01 1.040698960423469543e-03 1.301663089543581009e-02 -1.583429635502398014e-03 -1.004339894279837608e-03 9.999983310699462891e-01 1.301091280765831470e-03 1.709006547927856445e+03
7.659834000000000000e+07 9.996997448130714448e-01 -2.436503527209985670e-02 2.601014584588486576e-03 1.754988161350023723e-01 2.436169060507269862e-02 9.997023517429262096e-01 1.309942947487570310e-03 2.321580936077995844e-02 -2.632157203250732637e-03 -1.246184517753980104e-03 9.999957593773111109e-01 -3.784420008768914884e-04 9.996998310089111328e-01 -2.431393601000308990e-02 2.995443297550082207e-03 1.794139295816421509e-01 2.430943027138710022e-02 9.997032880783081055e-01 1.566083868965506554e-03 1.431220304220914841e-02 -3.032637294381856918e-03 -1.492791576310992241e-03 9.999942779541015625e-01 7.808571099303662777e-04 1.796224117279052734e+03
7.670207000000000000e+07 9.996799521738238825e-01 -2.521447299602973952e-02 2.055133395571575716e-03 1.799187213869152813e-01 2.521488211572118707e-02 9.996820392763646757e-01 -1.734016700321513191e-04 1.964096546080558794e-02 -2.050107712143460319e-03 2.251661195060213224e-04 9.999978731770319262e-01 -6.723961171905851620e-04 9.996821284294128418e-01 -2.511861734092235565e-02 2.185095567256212234e-03 1.875854879617691040e-01 2.511863969266414642e-02 9.996844530105590820e-01 3.629251295933499932e-06 1.916664652526378632e-02 -2.184494398534297943e-03 5.125437019160017371e-05 9.999975562095642090e-01 -4.288724157959222794e-04 1.795057058334350586e+03
7.680583000000000000e+07 9.996491051986501342e-01 -2.646779620263462265e-02 1.059358161273507180e-03 2.025647821397947856e-01 2.646904917445545152e-02 9.996489288989163224e-01 -1.186754839790094386e-03 1.902299993413509444e-02 -1.027575465995332138e-03 1.214378616950444406e-03 9.999987346858176807e-01 4.771773472359512602e-03 9.996497631072998047e-01 -2.643674798309803009e-02 1.173580298200249672e-03 1.981361359357833862e-01 2.643848955631256104e-02 9.996494054794311523e-01 -1.499709440395236015e-03 1.396475639194250107e-02 -1.133521669544279575e-03 1.530223176814615726e-03 9.999982118606567383e-01 -4.825719588552601635e-05 1.702738523483276367e+03
7.690969000000000000e+07 9.995960101795383634e-01 -2.832922583800124086e-02 2.295952213714255469e-03 2.083589456442684340e-01 2.833199245873932459e-02 9.995978702030219321e-01 -1.181562059495225737e-03 1.948129798745928606e-02 -2.261556204491629429e-03 1.246133621255524201e-03 9.999966662517089100e-01 2.469631171989570065e-03 9.995973110198974609e-01 -2.826062589883804321e-02 2.548892050981521606e-03 2.096057981252670288e-01 2.826347574591636658e-02 9.995999336242675781e-01 -1.077834283933043480e-03 1.591259799897670746e-02 -2.517419634386897087e-03 1.149432151578366756e-03 9.999961853027343750e-01 1.620330149307847023e-03 1.788391113281250000e+03
7.701344000000000000e+07 9.995124897730863767e-01 -3.105609478623330005e-02 3.209636152997434686e-03 2.073800655020491546e-01 3.105928530248968159e-02 9.995170934857433576e-01 -9.490133352294848664e-04 2.135311105108171625e-02 -3.178613550698472338e-03 1.048239686516215692e-03 9.999943987890407282e-01 5.362317433277622239e-03 9.995181560516357422e-01 -3.085826896131038666e-02 3.376735141500830650e-03 2.177162766456604004e-01 3.086156956851482391e-02 9.995232224464416504e-01 -9.281775564886629581e-04 2.628381550312042236e-02 -3.346479963511228561e-03 1.031940220855176449e-03 9.999938607215881348e-01 1.017825794406235218e-03 1.675559997558593750e+03
7.711709000000000000e+07 9.994240524838294837e-01 -3.389690956051832904e-02 1.600886955916984390e-03 2.362274780108553907e-01 3.389749637059166071e-02 9.994252566169706808e-01 -3.408458713011993692e-04 2.866999099236531429e-02 -1.588413235058520282e-03 3.949156217461500303e-04 9.999986604916260013e-01 4.087218202201372934e-03 9.994244575500488281e-01 -3.386465087532997131e-02 1.966642448678612709e-03 2.289562672376632690e-01 3.386529535055160522e-02 9.994263052940368652e-01 -3.391574427951127291e-04 2.162776142358779907e-02 -1.954027917236089706e-03 4.055679892189800739e-04 9.999980330467224121e-01 1.750093768350780010e-03 1.805063486099243164e+03
7.722084000000000000e+07 9.992965363661233669e-01 -3.749909526018146977e-02 -5.002612686831702220e-04 2.376247487443105821e-01 3.749923652589660233e-02 9.992966181539351123e-01 2.760544929837985013e-04 3.254394698262066954e-02 4.895576002590885847e-04 -2.946197143261114243e-04 9.999998367662766841e-01 4.081653952897277768e-03 9.992952942848205566e-01 -3.753295168280601501e-02 -4.462937067728489637e-04 2.410355806350708008e-01 3.753313794732093811e-02 9.992954134941101074e-01 1.588054583407938480e-04 2.398921549320220947e-02 4.400215111672878265e-04 -1.754460245138034225e-04 9.999998807907104492e-01 4.382935294415801764e-04 1.774708747863769531e+03
7.732446000000000000e+07 9.991451105674497013e-01 -4.131440718658240668e-02 -1.472340986296637611e-03 2.403603737136184859e-01 4.131730680424879759e-02 9.991440805508975398e-01 1.996611766223540911e-03 3.682379101197255644e-02 1.388591949507474816e-03 -2.055738048174979293e-03 9.999969228720031467e-01 3.070239924236383387e-03 9.991502165794372559e-01 -4.117712751030921936e-02 -1.789072062820196152e-03 2.588683962821960449e-01 4.118050634860992432e-02 9.991497397422790527e-01 1.974015263840556145e-03 4.358081147074699402e-02 1.706267008557915688e-03 -2.046015346422791481e-03 9.999964237213134766e-01 6.662448286078870296e-04 2.025060892105102539e+03
7.742819000000000000e+07 9.990044676933642620e-01 -4.456091948090140642e-02 -2.097137028044765948e-03 2.959643502664993098e-01 4.456716429026555404e-02 9.990017900929144545e-01 3.031708804769553661e-03 4.853969165799464081e-02 1.959947913147980052e-03 -3.122154091178163792e-03 9.999932053559207334e-01 2.782087554568829805e-04 9.990135431289672852e-01 -4.438282176852226257e-02 -1.463772030547261238e-03 2.839834988117218018e-01 4.438798129558563232e-02 9.990077614784240723e-01 3.622892778366804123e-03 3.407869115471839905e-02 1.301523414440453053e-03 -3.684288123622536659e-03 9.999923706054687500e-01 1.830211607739329338e-03 2.258758544921875000e+03
7.753182000000000000e+07 9.988304381476452720e-01 -4.832889318948517532e-02 -1.440108628571518459e-03 2.940349773420594115e-01 4.833061273216254783e-02 9.988306911912716579e-01 1.184148343837953437e-03 4.157968910087847525e-02 1.381196118036754098e-03 -1.252364741527207427e-03 9.999982619384084614e-01 1.601745301132203930e-03 9.988419413566589355e-01 -4.809853807091712952e-02 -1.163698034361004829e-03 3.118505477905273438e-01 4.810009896755218506e-02 9.988415837287902832e-01 1.425233902409672737e-03 5.077663064002990723e-02 1.093797502107918262e-03 -1.479565980844199657e-03 9.999982714653015137e-01 1.901262206956744194e-03 2.059432029724121094e+03
7.763543000000000000e+07 9.986417774338737230e-01 -5.206777229427130699e-02 -1.883468084523416165e-03 3.456622142251833951e-01 5.206218904500617417e-02 9.986396310809949606e-01 -2.900983670461151648e-03 4.229610418186476040e-02 2.031953630264263493e-03 2.798986017499273133e-03 9.999940184029694201e-01 3.079218625611357743e-03 9.986548423767089844e-01 -5.182183906435966492e-02 -1.738554332405328751e-03 3.386607766151428223e-01 5.181717127561569214e-02 9.986529350280761719e-01 -2.655116841197013855e-03 2.342699654400348663e-02 1.873798784799873829e-03 2.561458852142095566e-03 9.999949336051940918e-01 -2.503983443602919579e-03 2.116740703582763672e+03
7.773908000000000000e+07 9.985762391631629598e-01 -5.326694472933017621e-02 -2.850820575887324376e-03 3.610951722018024279e-01 5.325975637225062453e-02 9.985774597344904135e-01 -2.540720641966844051e-03 4.302891420651249604e-02 2.982101594836697716e-03 2.385269254086710197e-03 9.999927087537505699e-01 2.194082798695552814e-03 9.985890984535217285e-01 -5.300552397966384888e-02 -3.199368948116898537e-03 3.644495904445648193e-01 5.299530178308486938e-02 9.985896348953247070e-01 -3.200698178261518478e-03 2.176724746823310852e-02 3.364518051967024803e-03 3.026635153219103813e-03 9.999898076057434082e-01 -5.025116726756095886e-03 1.936467170715332031e+03
7.784269000000000000e+07 9.986176031644820039e-01 -5.250929466849865723e-02 -2.378365708222304926e-03 3.721949671732795450e-01 5.250909615515381157e-02 9.986204351710765703e-01 -1.458756272021164780e-04 4.186606981196480670e-02 2.382744424834631891e-03 2.078813553152756462e-05 9.999971610443999515e-01 -6.834060208335921739e-03 9.986104965209960938e-01 -5.261276289820671082e-02 -3.010684857144951820e-03 3.971999287605285645e-01 5.261174961924552917e-02 9.986150264739990234e-01 -4.154299094807356596e-04 4.915193840861320496e-02 3.028366249054670334e-03 2.564494207035750151e-04 9.999953508377075195e-01 -4.083454143255949020e-03 1.985833644866943359e+03
7.794653000000000000e+07 9.986067262475013528e-01 -5.276836334725246852e-02 -3.257650999037880915e-04 4.443462780011992463e-01 5.276850651754649846e-02 9.986066714351290452e-01 4.477556921749686392e-04 4.875327671177798888e-02 3.016838670291648451e-04 -4.643219837189916429e-04 9.999998466959580945e-01 -6.068141102813244883e-03 9.986419081687927246e-01 -5.209895223379135132e-02 -1.996698410948738456e-04 4.231865704059600830e-01 5.209907516837120056e-02 9.986418485641479492e-01 3.925626515410840511e-04 2.849866263568401337e-02 1.789539237506687641e-04 -4.024255613330751657e-04 9.999999403953552246e-01 -1.902594929561018944e-03 2.027477741241455078e+03
7.805025000000000000e+07 9.985887558874291248e-01 -5.310189112229701108e-02 8.281149872771681334e-04 4.528795948660088722e-01 5.310283812427130795e-02 9.985883671360559211e-01 -1.166877754025604300e-03 4.474749513244643401e-02 -7.649825774987050950e-04 1.209206260782808321e-03 9.999989763104135676e-01 -6.714299633873463229e-04 9.986009597778320312e-01 -5.286807194352149963e-02 1.026074751280248165e-03 4.538346230983734131e-01 5.286913365125656128e-02 9.986008405685424805e-01 -1.096998224966228008e-03 2.822832949459552765e-02 -9.666446130722761154e-04 1.149705378338694572e-03 9.999988675117492676e-01 2.260046458104625344e-04 2.106752157211303711e+03
7.815397000000000000e+07 9.985868191565560048e-01 -5.309217259000004879e-02 2.363433194595444212e-03 4.631258381475467645e-01 5.309448127868937606e-02 9.985890648386510637e-01 -9.250094135642486764e-04 4.375368770067616930e-02 -2.310987784167362145e-03 1.049187467484875066e-03 9.999967792653731147e-01 3.889939333275450883e-03 9.985753297805786133e-01 -5.332098901271820068e-02 2.006941707804799080e-03 4.871895909309387207e-01 5.332456156611442566e-02 9.985757470130920410e-01 -1.717113307677209377e-03 4.771177843213081360e-02 -1.912527251988649368e-03 1.821693149395287037e-03 9.999965429306030273e-01 -1.270464737899601460e-03 2.312798500061035156e+03
7.825784000000000000e+07 9.985341122241869760e-01 -5.402709763440291524e-02 3.271000742486943058e-03 5.260060110505874187e-01 5.402609346078829367e-02 9.985394461323774395e-01 3.946428903563211753e-04 4.959310345563825578e-02 -3.287544679669511961e-03 -2.173449963436288688e-04 9.999945723908363338e-01 -5.969896634165002339e-03 9.985778331756591797e-01 -5.316499620676040649e-02 3.990821074694395065e-03 5.061112046241760254e-01 5.316229537129402161e-02 9.985855817794799805e-01 7.679478148929774761e-04 3.541324287652969360e-02 -4.026006441563367844e-03 -5.547032342292368412e-04 9.999916553497314453e-01 1.731605851091444492e-03 2.300437688827514648e+03
7.836156000000000000e+07 9.985567002490827182e-01 -5.347559578717006601e-02 4.987689131329844580e-03 5.130375235218311847e-01 5.348398812761357562e-02 9.985674814793438214e-01 -1.564591309448400223e-03 4.791290924991217781e-02 -4.896876721837757629e-03 1.829094641485458578e-03 9.999863374122486270e-01 7.862921181100191196e-04 9.985338449478149414e-01 -5.386778339743614197e-02 5.335622932761907578e-03 5.395442247390747070e-01 5.387506633996963501e-02 9.985468983650207520e-01 -1.242653466761112213e-03 5.081497132778167725e-02 -5.260926671326160431e-03 1.528294524177908897e-03 9.999850392341613770e-01 -1.851064553193282336e-06 2.165014266967773438e+03
7.846543000000000000e+07 9.984531255545879835e-01 -5.531887530106179701e-02 5.583735819297242289e-03 5.731580710520013389e-01 5.533971271880393228e-02 9.984609166728389829e-01 -3.648845438519789444e-03 4.219058724263706484e-02 -5.373291958788166574e-03 3.952203468893290134e-03 9.999777536631831998e-01 1.029716591726990071e-03 9.984908103942871094e-01 -5.465427786111831665e-02 5.373770371079444885e-03 5.491065382957458496e-01 5.467555299401283264e-02 9.984965920448303223e-01 -3.888318547978997231e-03 2.473073266446590424e-02 -5.153186619281768799e-03 4.176264163106679916e-03 9.999780058860778809e-01 2.089781221002340317e-03 2.389543056488037109e+03
7.856931000000000000e+07 9.984723500334214963e-01 -5.503617488006634639e-02 4.897517055337257882e-03 5.717680659316665137e-01 5.505025468076206463e-02 9.984796926447015997e-01 -2.787980581975354859e-03 4.537398907913361978e-02 -4.736631537263504346e-03 3.053331084732170339e-03 9.999841206194062249e-01 5.293891024351059585e-03 9.984848499298095703e-01 -5.481482297182083130e-02 4.829014185816049576e-03 5.709899663925170898e-01 5.482945591211318970e-02 9.984914064407348633e-01 -2.957892837002873421e-03 2.652392536401748657e-02 -4.659594502300024033e-03 3.218189580366015434e-03 9.999839663505554199e-01 5.709507502615451813e-03 2.562641143798828125e+03
7.867306000000000000e+07 9.985381175294398837e-01 -5.389269120548209613e-02 4.147972443596031206e-03 5.814090606126509631e-01 5.389571089229279466e-02 9.985463777089574888e-01 -6.196061122382557750e-04 4.148601498080627115e-02 -4.108550617513504616e-03 8.422582445333718758e-04 9.999912051677618541e-01 2.005657604263126181e-03 9.985309839248657227e-01 -5.400486290454864502e-02 4.409962333738803864e-03 6.061388850212097168e-01 5.400945246219635010e-02 9.985399842262268066e-01 -9.201627108268439770e-04 4.772372543811798096e-02 -4.353830590844154358e-03 1.156986923888325691e-03 9.999898076057434082e-01 6.399499252438545227e-03 2.425543546676635742e+03
7.877693000000000000e+07 9.985617397605052181e-01 -5.348139859070980690e-02 3.767212663848527182e-03 6.449656520100647272e-01 5.348474707859968147e-02 9.985683511151760561e-01 -7.937134601410624412e-04 4.179798782073908259e-02 -3.719370432110818102e-03 9.940603101470258524e-04 9.999925890363829950e-01 2.348355329043051373e-03 9.986302256584167480e-01 -5.214444547891616821e-02 4.326243419200181961e-03 6.144567131996154785e-01 5.214832723140716553e-02 9.986390471458435059e-01 -7.908183033578097820e-04 2.786975353956222534e-02 -4.279110115021467209e-03 1.015335554257035255e-03 9.999903440475463867e-01 9.422292001545429230e-03 2.888165950775146484e+03
7.888080000000000000e+07 9.987236301734235822e-01 -5.044888495496579334e-02 2.453678874498361247e-03 6.273804327358210031e-01 5.045181245720640334e-02 9.987258387067809995e-01 -1.146175911215581650e-03 3.859406936620623368e-02 -2.392729195167418808e-03 1.268505513272958057e-03 9.999963328636567450e-01 2.453192054489833959e-03 9.987083673477172852e-01 -5.073258653283119202e-02 2.807306591421365738e-03 6.513786315917968750e-01 5.073603242635726929e-02 9.987114071846008301e-01 -1.156358048319816589e-03 3.904356434941291809e-02 -2.745029283687472343e-03 1.297305920161306858e-03 9.999953508377075195e-01 8.907295763492584229e-03 2.415325164794921875e+03
7.898486000000000000e+07 9.989001576197193977e-01 -4.688703067774952632e-02 2.854146518136401736e-04 6.745943710760133882e-01 4.688745112677401156e-02 9.988987186030279242e-01 -1.707893457796755190e-03 4.125045458471792575e-02 -2.050222770171303613e-04 1.719397409728643487e-03 9.999985008180828361e-01 4.870386624940529867e-03 9.989147782325744629e-01 -4.657507687807083130e-02 -1.231416244991123676e-04 6.597811579704284668e-01 4.657456651329994202e-02 9.989117980003356934e-01 -2.474953187629580498e-03 2.251059375703334808e-02 2.382828242843970656e-04 2.466521691530942917e-03 9.999969601631164551e-01 7.141277659684419632e-03 3.042261362075805664e+03
7.908883000000000000e+07 9.991634906636956970e-01 -4.088795846383054544e-02 -7.026929620443858734e-04 6.864310059097049610e-01 4.088821374378721202e-02 9.991636650125544916e-01 3.528392300814620487e-04 3.664161591304550963e-02 6.876783995508156623e-04 -3.812759367996102541e-04 9.999996908634916082e-01 2.705374856496554209e-03 9.991782903671264648e-01 -4.051063209772109985e-02 -1.304645091295242310e-03 6.859805583953857422e-01 4.051073268055915833e-02 9.991791248321533203e-01 1.804297244234476238e-05 2.373966388404369354e-02 1.302835415117442608e-03 -7.087784615578129888e-05 9.999991059303283691e-01 6.130205467343330383e-03 2.641924619674682617e+03
7.919296000000000000e+07 9.994049987411980362e-01 -3.447498745375991019e-02 -1.060061870386159793e-03 7.111479735683131631e-01 3.447679506428023150e-02 9.994039890763022349e-01 1.737014815673551538e-03 3.217404093878651478e-02 9.995464979542735464e-04 -1.772528825532429519e-03 9.999979295220370323e-01 -5.038916978963193551e-03 9.994038343429565430e-01 -3.451054543256759644e-02 -9.889535140246152878e-04 7.173300385475158691e-01 3.451239317655563354e-02 9.994022846221923828e-01 2.001347951591014862e-03 2.939736284315586090e-02 9.193013538606464863e-04 -2.034283708781003952e-03 9.999974966049194336e-01 4.123745951801538467e-03 2.539991855621337891e+03
7.929706000000000000e+07 9.996116857473920092e-01 -2.780710994568776420e-02 -1.800653693958806367e-03 7.408546442476809935e-01 2.781068484136385924e-02 9.996112239098435825e-01 1.991693279320124865e-03 3.329645536804269612e-02 1.744570408859801459e-03 -2.040997288824067651e-03 9.999963953955811613e-01 2.014912886982148967e-04 9.996128082275390625e-01 -2.773836627602577209e-02 -2.227518474683165550e-03 7.352533936500549316e-01 2.774182707071304321e-02 9.996140003204345703e-01 1.506240339949727058e-03 1.831050217151641846e-02 2.184872049838304520e-03 -1.567452563904225826e-03 9.999963641166687012e-01 4.446913022547960281e-03 2.516843795776367188e+03
7.940131000000000000e+07 9.997611151260368256e-01 -2.176477722461010733e-02 -2.001787777597149962e-03 7.689722531095121161e-01 2.176537052381725956e-02 9.997630684211992191e-01 2.750763337867308061e-04 2.113554418767296314e-02 1.995326515733949427e-03 -3.185802749008545781e-04 9.999979585872683652e-01 8.992520821415810961e-04 9.997531175613403320e-01 -2.209703810513019562e-02 -2.285793190822005272e-03 7.653445005416870117e-01 2.209741622209548950e-02 9.997557997703552246e-01 1.459910126868635416e-04 1.411727722734212875e-02 2.282012021169066429e-03 -1.964603579835966229e-04 9.999973177909851074e-01 4.350766539573669434e-03 2.721992492675781250e+03
7.950569000000000000e+07 9.998487960828297272e-01 -1.737434345331771018e-02 -7.191392647311534896e-04 7.914123495249004714e-01 1.737394024172529694e-02 9.998489030952937284e-01 -5.631870159338179995e-04 1.912181511003624088e-02 7.288156096574830876e-04 5.506075772399919663e-04 9.999995828294644395e-01 2.740074500001213613e-04 9.998492598533630371e-01 -1.735508628189563751e-02 -5.839393124915659428e-04 7.901471853256225586e-01 1.735478453338146210e-02 9.998492002487182617e-01 -5.278630997054278851e-04 8.645378053188323975e-03 5.930117913521826267e-04 5.176479462534189224e-04 9.999997019767761230e-01 2.311789896339178085e-03 2.506914854049682617e+03
7.961007000000000000e+07 9.998875689666529842e-01 -1.496155212906303926e-02 -1.000691683872480297e-03 8.150327473251025578e-01 1.496062219343599620e-02 9.998876507482060694e-01 -9.304111020358012693e-04 1.428762190397677920e-02 1.014499651115088148e-03 9.153355247396322567e-04 9.999990664752318459e-01 8.876115279740383595e-04 9.998856186866760254e-01 -1.508528459817171097e-02 -1.147068804129958153e-03 8.128409981727600098e-01 1.508379541337490082e-02 9.998854398727416992e-01 -1.299199066124856472e-03 6.187531631439924240e-03 1.166536239907145500e-03 1.281753298826515675e-03 9.999985098838806152e-01 3.105010604485869408e-03 2.494794368743896484e+03
7.971447000000000000e+07 9.998991389346940650e-01 -1.404038876761777230e-02 -2.139962829494513469e-03 8.406943405617151033e-01 1.403598700124491540e-02 9.998993722558727759e-01 -2.058259267573345208e-03 1.212191771879625457e-02 2.168646250163747125e-03 2.028015178893009546e-03 9.999955920542228371e-01 5.013482310549908366e-03 9.998989105224609375e-01 -1.408925931900739670e-02 -1.875352696515619755e-03 8.328402042388916016e-01 1.408654265105724335e-02 9.998996853828430176e-01 -1.457109698094427586e-03 4.372745752334594727e-03 1.895694411359727383e-03 1.430540927685797215e-03 9.999971389770507812e-01 5.567253101617097855e-03 2.384553194046020508e+03
7.981880000000000000e+07 9.998888034865784924e-01 -1.457301999355367986e-02 -3.163502875899584094e-03 8.505401464060764471e-01 1.457144407771689826e-02 9.998936953281357676e-01 -5.206347425194363067e-04 1.377598495997299152e-02 3.170753801276494487e-03 4.744800445054347623e-04 9.999948605813028246e-01 5.941619691496109919e-03 9.998862147331237793e-01 -1.468579284846782684e-02 -3.459491301327943802e-03 8.521367907524108887e-01 1.467994041740894318e-02 9.998908042907714844e-01 -1.710959244519472122e-03 4.358710721135139465e-03 3.484241664409637451e-03 1.659984816797077656e-03 9.999926090240478516e-01 3.815236734226346016e-03 2.342235565185546875e+03
7.992305000000000000e+07 9.998979923733658515e-01 -1.398365581060258094e-02 -2.908989151399257560e-03 8.781825794079919367e-01 1.398592731377134961e-02 9.999019017970891543e-01 7.619840800338731389e-04 1.496654620816675711e-02 2.898048461682865406e-03 -8.025912626743553170e-04 9.999954785709677108e-01 2.754628036158056868e-03 9.998915791511535645e-01 -1.430775877088308334e-02 -3.473680699244141579e-03 8.747174739837646484e-01 1.430745702236890793e-02 9.998977184295654297e-01 -1.119635780923999846e-04 5.793929565697908401e-03 3.474927507340908051e-03 6.224556273082271218e-05 9.999939799308776855e-01 1.550465705804526806e-03 2.142522096633911133e+03
8.002742000000000000e+07 9.999164126097866978e-01 -1.291584334782086563e-02 -5.905795368491633616e-04 8.968166627431666260e-01 1.291739059414435953e-02 9.999129331765450601e-01 2.695753422803896446e-03 1.843551771432799108e-02 5.557101880516053787e-04 -2.703156838365014959e-03 9.999961920573967600e-01 -2.065975907932821216e-03 9.999198913574218750e-01 -1.263959985226392746e-02 -7.416642038151621819e-04 9.008426666259765625e-01 1.264168135821819305e-02 9.999158382415771484e-01 2.878434024751186371e-03 1.014138106256723404e-02 7.052182918414473534e-04 -2.887572860345244408e-03 9.999955296516418457e-01 9.988304227590560913e-04 2.396844863891601562e+03
8.013168000000000000e+07 9.999564823716300399e-01 -9.320908719523067140e-03 3.924584030880406906e-04 9.233434777278097805e-01 9.319247717938928047e-03 9.999484118973043234e-01 4.040441316323885139e-03 1.976396389973315154e-02 -4.300987415996829905e-04 -4.036608068822866366e-03 9.999917603712398240e-01 -8.620136258989571356e-04 9.999524354934692383e-01 -9.738747030496597290e-03 4.210482875350862741e-04 9.214085340499877930e-01 9.736810810863971710e-03 9.999429583549499512e-01 4.400645382702350616e-03 1.005158945918083191e-02 -4.638803657144308090e-04 -4.396344535052776337e-03 9.999902248382568359e-01 4.430836532264947891e-03 2.347723722457885742e+03
8.023593000000000000e+07 9.999836411682426762e-01 -5.716657967556622484e-03 1.929185974097086557e-04 9.433672440098405110e-01 5.715823155291902685e-03 9.999753366021555401e-01 4.081121544776079337e-03 1.741693515935377121e-02 -2.162442153771003081e-04 -4.079952093809185651e-03 9.999916535798444306e-01 2.248198978312932698e-03 9.999849796295166016e-01 -5.468536633998155594e-03 4.572047910187393427e-04 9.432887434959411621e-01 5.466232541948556900e-03 9.999730587005615234e-01 4.890901036560535431e-03 8.330848999321460724e-03 -4.839395114686340094e-04 -4.888327792286872864e-03 9.999879598617553711e-01 4.758363123983144760e-03 2.306011438369750977e+03
8.034030000000000000e+07 9.999968534174071833e-01 -2.508316125942960505e-03 -3.880073318387954967e-05 9.673029101754758718e-01 2.508431568979611458e-03 9.999912938114040584e-01 3.334677264434685387e-03 1.222866350920078643e-02 3.043597062018191409e-05 -3.334764100581270787e-03 9.999944391955613021e-01 2.368003057259005298e-03 9.999963045120239258e-01 -2.555896062403917313e-03 -8.890200988389551640e-04 9.656794667243957520e-01 2.558230422437191010e-03 9.999933242797851562e-01 2.639423124492168427e-03 2.149455249309539795e-03 8.822692907415330410e-04 -2.641692291945219040e-03 9.999960660934448242e-01 4.283473361283540726e-03 2.204887390136718750e+03
8.044455000000000000e+07 9.999993269959743802e-01 -5.578508158946890840e-04 1.017256145572270620e-03 9.957378705947460551e-01 5.575824183594769870e-04 9.999998096740938536e-01 2.641091116841363332e-04 5.494650134430874647e-03 -1.017403285445511035e-03 -2.635417297959017735e-04 9.999994477180031982e-01 -2.279235323563768829e-04 9.999990463256835938e-01 -8.245475473813712597e-04 1.125523122027516365e-03 9.895604848861694336e-01 8.233244880102574825e-04 9.999990463256835938e-01 1.093553262762725353e-03 -2.095569390803575516e-03 -1.126424293033778667e-03 -1.092626713216304779e-03 9.999988079071044922e-01 2.604435430839657784e-03 2.397361040115356445e+03
8.054894000000000000e+07 9.999978368908938320e-01 -1.522604065206522575e-03 1.417000491827714696e-03 1.016267075395244524e+00 1.523646503274084327e-03 9.999985692277046923e-01 -7.348767764406838581e-04 6.155415599036137553e-03 -1.415879538055434287e-03 7.370341946665477650e-04 9.999987260320531979e-01 2.786401447003764281e-03 9.999985098838806152e-01 -1.161269494332373142e-03 1.279689138755202293e-03 1.015053391456604004e+00 1.162353320978581905e-03 9.999989867210388184e-01 -8.476198418065905571e-04 -3.760458203032612801e-03 -1.278703683055937290e-03 8.491151384077966213e-04 9.999988675117492676e-01 2.913550939410924911e-03 2.420627355575561523e+03
8.065319000000000000e+07 9.999966631542758222e-01 -2.520364071186150488e-03 5.669614293744280973e-04 1.033096805331848334e+00 2.520726531157912835e-03 9.999966184835826777e-01 -6.394991438823947926e-04 4.789317993265637674e-03 -5.653477415192512817e-04 6.409261646895782682e-04 9.999996347977245792e-01 1.682883734558545319e-03 9.999958276748657227e-01 -2.821243135258555412e-03 5.769130657427012920e-04 1.038459897041320801e+00 2.821581205353140831e-03 9.999958872795104980e-01 -5.840805242769420147e-04 -1.483082305639982224e-03 -5.752636934630572796e-04 5.856988718733191490e-04 9.999996423721313477e-01 3.424177411943674088e-03 2.435392379760742188e+03
8.075732000000000000e+07 9.999900422311551740e-01 -4.454747614978928245e-03 2.658236620069120634e-04 1.049596256119855520e+00 4.454824042511062836e-03 9.999900358602367145e-01 -2.876160509709883677e-04 7.765728962349047193e-03 -2.645397563856987538e-04 2.887973845974135204e-04 9.999999233073910698e-01 3.282271546721614395e-03 9.999910593032836914e-01 -4.230516031384468079e-03 -4.048063419759273529e-05 1.055755972862243652e+00 4.230478778481483459e-03 9.999906420707702637e-01 -8.272592676803469658e-04 -1.584084820933640003e-03 4.397957673063501716e-05 8.270791149698197842e-04 9.999996423721313477e-01 3.363935509696602821e-03 2.350834846496582031e+03
8.086143000000000000e+07 9.999902982021465769e-01 -4.386888481938171040e-03 -3.983855281506415631e-04 1.071621234363852482e+00 4.386920182460542217e-03 9.999903743198459427e-01 7.873352002912458651e-05 8.015872301312062381e-03 3.980362982468114118e-04 -8.048044168627322412e-05 9.999999175449983957e-01 4.782936844476360153e-03 9.999890327453613281e-01 -4.666374064981937408e-03 -4.143854894209653139e-04 1.077029347419738770e+00 4.666372202336788177e-03 9.999891519546508789e-01 1.762876672728452832e-05 -3.190950083080679178e-04 4.143002734053879976e-04 -1.956361120392102748e-05 1.000000000000000000e+00 4.336365964263677597e-03 2.549411773681640625e+03
8.096555000000000000e+07 9.999890541487277407e-01 -4.669620069617797832e-03 -2.936513889330621594e-04 1.084902365479454733e+00 4.669729077111827407e-03 9.999890277003732342e-01 3.716304731760251270e-04 1.044524719610076362e-02 2.919127937860126350e-04 -3.729976777935725359e-04 9.999998878298202998e-01 3.827880937998138448e-03 9.999879002571105957e-01 -4.910391289740800858e-03 1.406818337272852659e-04 1.095394015312194824e+00 4.910365678369998932e-03 9.999878406524658203e-01 2.319241175428032875e-04 1.627412624657154083e-02 -1.418195606674998999e-04 -2.312302385689690709e-04 9.999999403953552246e-01 1.602562610059976578e-03 2.561953306198120117e+03
8.106968000000000000e+07 9.999880108212543250e-01 -4.841395852168359389e-03 7.342342633382582676e-04 1.101518320183842992e+00 4.840678445896717287e-03 9.999878078166563045e-01 9.757306089933458345e-04 1.094782017056072747e-02 -7.389492095427166495e-04 -9.721647188118867199e-04 9.999992544246346649e-01 4.321413246501214049e-03 9.999849200248718262e-01 -5.500101950019598007e-03 1.071091828634962440e-04 1.113094091415405273e+00 5.500025115907192230e-03 9.999846816062927246e-01 6.708590663038194180e-04 1.927196234464645386e-02 -1.107982388930395246e-04 -6.702505634166300297e-04 9.999997615814208984e-01 2.994718961417675018e-03 2.507220268249511719e+03
8.117379000000000000e+07 9.999856595891554178e-01 -4.714729331639144934e-03 2.540067591824314401e-03 1.123737558847939688e+00 4.718206987728456279e-03 9.999879377518601231e-01 -1.364871277019021360e-03 6.501156476538874456e-03 -2.533601954255056826e-03 1.376836268865206997e-03 9.999958425828709974e-01 7.514853075102855516e-03 9.999832510948181152e-01 -5.264535080641508102e-03 2.402340760454535484e-03 1.126248121261596680e+00 5.266672931611537933e-03 9.999858140945434570e-01 -8.813607273623347282e-04 9.047414176166057587e-03 -2.397667150944471359e-03 8.939966792240738869e-04 9.999967813491821289e-01 4.626473877578973770e-03 2.553775548934936523e+03
8.127781000000000000e+07 9.999800298231994455e-01 -5.098099092516351384e-03 3.734881582618227325e-03 1.132857337203352799e+00 5.101973567304887193e-03 9.999864558493146705e-01 -1.028583319632285498e-03 6.563951419816016312e-03 -3.729587177130884966e-03 1.047618045753070113e-03 9.999924963098065778e-01 4.190544942782488402e-03 9.999787807464599609e-01 -5.240223370492458344e-03 3.852903144434094429e-03 1.144382953643798828e+00 5.244670901447534561e-03 9.999855756759643555e-01 -1.142054912634193897e-03 1.159975212067365646e-02 -3.846863051876425743e-03 1.162230269983410835e-03 9.999919533729553223e-01 5.156697239726781845e-03 2.932323217391967773e+03
8.138181000000000000e+07 9.999889003716844194e-01 -3.849569543330694840e-03 2.716605926598592534e-03 1.151131198957856316e+00 3.850890147124727807e-03 9.999924695850426204e-01 -4.810595412415846891e-04 6.866167529024511107e-03 -2.714733597270197699e-03 4.915155526558383963e-04 9.999961943097369632e-01 1.008873333788103642e-02 9.999861717224121094e-01 -4.524108953773975372e-03 2.722302451729774475e-03 1.160422563552856445e+00 4.524935502558946609e-03 9.999896287918090820e-01 -3.055919951293617487e-04 6.594098173081874847e-03 -2.720893127843737602e-03 3.179083578288555145e-04 9.999961853027343750e-01 9.126712568104267120e-03 2.983969926834106445e+03
8.148593000000000000e+07 9.999977524578224086e-01 -2.107802481862270771e-03 -2.285782167554075469e-04 1.154533378839895930e+00 2.107869427854208721e-03 9.999977355057186879e-01 2.930356799128159108e-04 7.489514594863216912e-03 2.279600378079484557e-04 -2.935168343377379634e-04 9.999999309410422255e-01 8.449263287237739062e-03 9.999973773956298828e-01 -2.255942206829786301e-03 -3.007050836458802223e-04 1.172978997230529785e+00 2.255937084555625916e-03 9.999974370002746582e-01 -3.112729973508976400e-05 9.196420200169086456e-03 3.007760096807032824e-04 3.046062374778557569e-05 1.000000000000000000e+00 7.579708006232976913e-03 2.530158519744873047e+03
8.158993000000000000e+07 9.999984477677661410e-01 1.373844879309883357e-04 -1.756584060281026318e-03 1.177944375978430713e+00 -1.340396581946480309e-04 9.999981781344629006e-01 1.904143147251002258e-03 7.083149096332407718e-03 1.756842459752295908e-03 -1.903904739651600918e-03 9.999966443200266619e-01 9.580286245973084272e-03 9.999977946281433105e-01 -1.216664168168790638e-04 -2.097297459840774536e-03 1.186422705650329590e+00 1.241129939444363117e-04 9.999992847442626953e-01 1.169139752164483070e-03 9.846966713666915894e-03 2.097153337672352791e-03 -1.169406110420823097e-03 9.999970793724060059e-01 9.343257173895835876e-03 2.358714342117309570e+03
8.169405000000000000e+07 9.999988839917951511e-01 1.479570813486843790e-03 -2.070878368580266469e-04 1.193565837881911618e+00 -1.479423103392263610e-03 9.999986524529210774e-01 7.116176102385868762e-04 3.915963896482239741e-03 2.081404464438892587e-04 -7.113104455372158902e-04 9.999997253574646194e-01 6.224262280126546462e-03 9.999993443489074707e-01 9.377871756441891193e-04 -5.113886436447501183e-04 1.200411558151245117e+00 -9.375096997246146202e-04 9.999994635581970215e-01 5.210166564211249352e-04 1.123768836259841919e-02 5.118774133734405041e-04 -5.205388879403471947e-04 9.999997615814208984e-01 7.703129667788743973e-03 2.731329917907714844e+03
8.179806000000000000e+07 9.999970264707191969e-01 7.202462080713834891e-04 2.329870193682479721e-03 1.199086674105856787e+00 -7.180544411112433235e-04 9.999992990584645192e-01 -9.414246645630679373e-04 2.568721096758138766e-03 -2.330546618124525703e-03 9.397488915694757064e-04 9.999968427072564170e-01 8.504010815353740468e-03 9.999969005584716797e-01 6.804819568060338497e-04 2.420743927359580994e-03 1.206448793411254883e+00 -6.783119169995188713e-04 9.999994039535522461e-01 -8.998154080472886562e-04 5.866402294486761093e-03 -2.421355806291103363e-03 8.981729042716324329e-04 9.999966621398925781e-01 8.390859700739383698e-03 2.618329048156738281e+03
8.190218000000000000e+07 9.999969139877323832e-01 9.029726200858116236e-04 2.314444957055606777e-03 1.192227090106865450e+00 -8.993849372059544789e-04 9.999983932183603708e-01 -1.550699014050301939e-03 9.947104953367221555e-04 -2.315841476999625469e-03 1.548612651641752920e-03 9.999961193310245022e-01 1.420566524896414891e-02 9.999971389770507812e-01 4.065211687702685595e-04 2.315882826223969460e-03 1.211053133010864258e+00 -4.032024298794567585e-04 9.999988675117492676e-01 -1.431913580745458603e-03 6.843501236289739609e-03 -2.316461177542805672e-03 1.430983422324061394e-03 9.999963641166687012e-01 1.278175879269838333e-02 2.845450639724731445e+03
8.200618000000000000e+07 9.999986439593301357e-01 5.833046953195137555e-04 1.540076340054939968e-03 1.200254117858911673e+00 -5.821480090976896126e-04 9.999995482513661660e-01 -7.513992008083254055e-04 1.973415045505062890e-03 -1.540513939009448404e-03 7.505016295052283157e-04 9.999985317809759744e-01 1.626210798409413738e-02 9.999988675117492676e-01 5.572290392592549324e-04 1.428291900083422661e-03 1.204599142074584961e+00 -5.553865339607000351e-04 9.999990463256835938e-01 -1.292595756240189075e-03 3.122750902548432350e-03 -1.429011463187634945e-03 1.291792723350226879e-03 9.999980926513671875e-01 1.536067202687263489e-02 2.799598217010498047e+03
8.211018000000000000e+07 9.999994738544464301e-01 5.946205970801610521e-04 8.358930409899492696e-04 1.190892981445337284e+00 -5.946010545609225605e-04 9.999998229456472654e-01 -2.362752745390814881e-05 3.477169708484143754e-03 -8.359069424059299615e-04 2.313049213871687441e-05 9.999996503622209376e-01 1.728664547539497318e-02 9.999997019767761230e-01 3.465009503997862339e-04 6.392294890247285366e-04 1.199034452438354492e+00 -3.464763867668807507e-04 9.999998807907104492e-01 -4.024922600365243852e-05 4.337952472269535065e-03 -6.392443319782614708e-04 4.002882997156120837e-05 9.999997615814208984e-01 1.776535809040069580e-02 2.732650995254516602e+03
8.221418000000000000e+07 9.999994308152841960e-01 9.749548033922499600e-04 4.333961687451920366e-04 1.188367033280017360e+00 -9.747342313231885727e-04 9.999993954777242067e-01 -5.088588845394816443e-04 3.757331699475981515e-03 -4.338920211612844343e-04 5.084361488233818090e-04 9.999997766151733636e-01 1.796295150524263029e-02 9.999998211860656738e-01 5.298127071000635624e-04 2.179393050028011203e-04 1.197947382926940918e+00 -5.297524621710181236e-04 9.999999403953552246e-01 -2.309933770447969437e-04 9.551978670060634613e-03 -2.180604496970772743e-04 2.308722905581817031e-04 1.000000000000000000e+00 2.084464766085147858e-02 2.552636861801147461e+03
8.231818000000000000e+07 9.999991124402292098e-01 4.149571373544391610e-04 -1.266068453070854890e-03 1.191469449404020997e+00 -4.140075485783956902e-04 9.999996328991738181e-01 7.501994849304810834e-04 4.756969208483735265e-03 1.266379288926791115e-03 -7.496746571870099764e-04 9.999989171351162387e-01 2.085689487923211502e-02 9.999991655349731445e-01 5.099798436276614666e-04 -1.195337041281163692e-03 1.191986680030822754e+00 -5.090553895570337772e-04 9.999994635581970215e-01 7.773070828989148140e-04 7.330061402171850204e-03 1.195733319036662579e-03 -7.766884518787264824e-04 9.999988675117492676e-01 2.196335792541503906e-02 2.561300516128540039e+03
8.242220000000000000e+07 9.999976981700363643e-01 7.687147489686084727e-04 -2.003180536949478608e-03 1.180850569239763503e+00 -7.679079876924227140e-04 9.999996237612671646e-01 4.034781861294130180e-04 3.838716089348606468e-03 2.003489942907936416e-03 -4.019389990561209936e-04 9.999979122343654048e-01 1.834449643580929323e-02 9.999970793724060059e-01 4.374542913865298033e-04 -2.360893180593848228e-03 1.191524028778076172e+00 -4.373102856334298849e-04 1.000000000000000000e+00 5.749622505391016603e-05 7.888981141149997711e-03 2.360917162150144577e-03 -5.647751095239073038e-05 9.999971985816955566e-01 1.973858475685119629e-02 2.698621511459350586e+03
8.252618000000000000e+07 9.999998714036771874e-01 4.757636398006614845e-04 -1.756177332996264611e-04 1.190848305194015522e+00 -4.756437911025356794e-04 9.999996544197866655e-01 6.818528369449611878e-04 6.166900935259184667e-03 1.759420733971260543e-04 -6.817692177767420989e-04 9.999997521175294501e-01 1.672668957985472618e-02 9.999998807907104492e-01 3.608682309277355671e-04 -3.545663785189390182e-04 1.192537069320678711e+00 -3.608326078392565250e-04 9.999998807907104492e-01 1.068990677595138550e-04 4.665252752602100372e-03 3.546068037394434214e-04 -1.067555131157860160e-04 1.000000000000000000e+00 1.717248000204563141e-02 2.682067155838012695e+03
8.263018000000000000e+07 9.999971503995551680e-01 7.375045944867508882e-04 2.270524111858423025e-03 1.189840384972620679e+00 -7.382909572102527461e-04 9.999996677722946536e-01 3.455166605029544986e-04 5.101728069478847841e-03 -2.270268537402815156e-03 -3.471919833384379695e-04 9.999973626657695513e-01 1.280566473162287472e-02 9.999971389770507812e-01 5.398334469646215439e-04 2.340966137126088142e-03 1.193025708198547363e+00 -5.419979570433497429e-04 9.999994039535522461e-01 9.210297721438109875e-04 7.578299846500158310e-03 -2.340468810871243477e-03 -9.222932276315987110e-04 9.999968409538269043e-01 1.805442944169044495e-02 2.568404674530029297e+03
8.273405000000000000e+07 9.999969530347478930e-01 7.849181095181183244e-04 2.340475332421400583e-03 1.185604214389166300e+00 -7.837785461889129482e-04 9.999995738850184779e-01 -4.877714342984067154e-04 4.207613118549105233e-03 -2.340857195741883647e-03 4.859355337223591705e-04 9.999971421230394730e-01 1.823654205336534828e-02 9.999971985816955566e-01 5.692635895684361458e-04 2.312911674380302429e-03 1.191381812095642090e+00 -5.687391385436058044e-04 9.999998807907104492e-01 -2.266894298372790217e-04 4.216807894408702850e-03 -2.313038799911737442e-03 2.253551065223291516e-04 9.999971985816955566e-01 1.806967332959175110e-02 2.920143127441406250e+03
8.283807000000000000e+07 9.999992741672376617e-01 2.862024464610688477e-04 -1.170364540417241899e-03 1.181577856112995706e+00 -2.843920979302367387e-04 9.999987634217292198e-01 1.546698466755024167e-03 6.985079809005161414e-03 1.170805762055005276e-03 -1.546364501683611045e-03 9.999981189835785989e-01 1.918952719064972307e-02 9.999989867210388184e-01 2.025182620855048299e-04 -1.426928909495472908e-03 1.186985135078430176e+00 -2.015350910369306803e-04 9.999997615814208984e-01 6.898102001287043095e-04 1.342380326241254807e-02 1.427065930329263210e-03 -6.895141559652984142e-04 9.999987483024597168e-01 1.614327542483806610e-02 2.709740877151489258e+03
8.294206000000000000e+07 9.999972670780592487e-01 6.347317338458416565e-04 -2.250100450815279308e-03 1.173123085414500499e+00 -6.358299735284074928e-04 9.999996790792292645e-01 -4.874029988663273311e-04 2.884544257986120484e-03 2.249790358560756383e-03 4.888323481420558990e-04 9.999973497396271727e-01 1.784533800134114473e-02 9.999974966049194336e-01 3.431617806199938059e-04 -2.187168225646018982e-03 1.180749893188476562e+00 -3.452148812357336283e-04 9.999994039535522461e-01 -9.381696581840515137e-04 5.175045225769281387e-03 2.186846220865845680e-03 9.389228653162717819e-04 9.999971985816955566e-01 1.541405078023672104e-02 2.834075212478637695e+03
8.304605000000000000e+07 9.999992048576122894e-01 9.174886941592235595e-05 -1.257722659470041689e-03 1.176538790642836618e+00 -9.101246924485574259e-05 9.999998244253792690e-01 5.855475566259423425e-04 4.741544524814181143e-03 1.257776161972172383e-03 -5.854326225873964472e-04 9.999990376334223496e-01 2.253349036058764979e-02 9.999989867210388184e-01 1.353545230813324451e-04 -1.370859914459288120e-03 1.177997112274169922e+00 -1.353731786366552114e-04 1.000000000000000000e+00 -1.885803976620081812e-05 9.037235751748085022e-03 1.370858051814138889e-03 1.904641067085321993e-05 9.999991059303283691e-01 1.558974571526050568e-02 2.874522686004638672e+03
8.314993000000000000e+07 9.999978237618040167e-01 3.981012153958518054e-04 2.047922625072192988e-03 1.173556251841644027e+00 -4.000789744753148946e-04 9.999994539502121693e-01 9.654201634360967243e-04 6.725559482384596555e-03 -2.047537171864045880e-03 -9.662373932355055716e-04 9.999974369851304390e-01 1.214011123630738022e-02 9.999975562095642090e-01 3.547058440744876862e-04 2.209322527050971985e-03 1.177854537963867188e+00 -3.578121541067957878e-04 9.999990463256835938e-01 1.402542227879166603e-03 7.317386567592620850e-03 -2.208823338150978088e-03 -1.403334201313555241e-03 9.999964833259582520e-01 1.401281543076038361e-02 2.742507696151733398e+03
8.325396000000000000e+07 9.999932530363165872e-01 5.697639120501772842e-04 3.628946256122420229e-03 1.172655548272518944e+00 -5.740479945295983788e-04 9.999991395077315604e-01 1.179598531851666458e-03 4.930619288178330825e-03 -3.628271040768067928e-03 -1.181673762463793763e-03 9.999927196216849001e-01 1.580823034350245862e-02 9.999958276748657227e-01 2.627563371788710356e-04 2.884553279727697372e-03 1.177254796028137207e+00 -2.650269307196140289e-04 9.999995827674865723e-01 7.828273810446262360e-04 7.713927421718835831e-03 -2.884348155930638313e-03 -7.835791329853236675e-04 9.999955296516418457e-01 1.648547500371932983e-02 2.947533130645751953e+03
8.335793000000000000e+07 9.999970277291767573e-01 4.179863141339820840e-04 2.402045014846888264e-03 1.174471754386764655e+00 -4.203554889103961866e-04 9.999994256554721739e-01 9.858955263426874040e-04 7.766231595484000827e-03 -2.401631544408300983e-03 -9.869023088007805242e-04 9.999966290891972864e-01 1.886805358470625832e-02 9.999961853027343750e-01 4.967273562215268612e-04 2.711208770051598549e-03 1.174245119094848633e+00 -5.014006164856255054e-04 9.999983906745910645e-01 1.727067283354699612e-03 6.926539819687604904e-03 -2.710343338549137115e-03 -1.728419563733041286e-03 9.999948740005493164e-01 1.600192114710807800e-02 2.890009403228759766e+03
8.346193000000000000e+07 9.999994485947025780e-01 6.828135580713147424e-04 -7.978570897412207629e-04 1.160349520562783621e+00 -6.802107903634050344e-04 9.999944615933543668e-01 3.257928160340391784e-03 8.340601987534453088e-03 8.000772284033154163e-04 -3.257383652899935918e-03 9.999943746482609086e-01 1.885992180330105586e-02 9.999995827674865723e-01 3.897889982908964157e-04 -9.404416196048259735e-04 1.166977405548095703e+00 -3.872626984957605600e-04 9.999963641166687012e-01 2.687142696231603622e-03 9.512296877801418304e-03 9.414803935214877129e-04 -2.686784602701663971e-03 9.999959468841552734e-01 1.746595092117786407e-02 3.006630659103393555e+03
8.356593000000000000e+07 9.999991024006353868e-01 -3.492088696095219867e-05 -1.339394809271843376e-03 1.157981921234775058e+00 3.558079271176141427e-05 9.999998780057081094e-01 4.926688300516126554e-04 7.583254106639628761e-03 1.339377441440798514e-03 -4.927160445614517815e-04 9.999989816489658345e-01 1.808107133135023262e-02 9.999988675117492676e-01 1.021797725115902722e-04 -1.482750871218740940e-03 1.161272287368774414e+00 -1.009068146231584251e-04 9.999995231628417969e-01 8.581338333897292614e-04 4.861309658735990524e-03 1.482836320064961910e-03 -8.579900604672729969e-04 9.999985098838806152e-01 1.715457253158092499e-02 2.724703788757324219e+03
8.366981000000000000e+07 9.999999179404607252e-01 2.426583495492949248e-04 -3.244009824262540881e-04 1.154366456231494142e+00 -2.423614737368522565e-04 9.999995521303286505e-01 9.148770727468385306e-04 5.603698553250234526e-03 3.246228396974058968e-04 -9.147983753722648253e-04 9.999995288818612771e-01 1.651778726693004656e-02 9.999999403953552246e-01 1.218507532030344009e-04 -4.972278838977217674e-04 1.159089207649230957e+00 -1.216555683640763164e-04 9.999999403953552246e-01 3.947501536458730698e-04 3.350490704178810120e-03 4.972785245627164841e-04 -3.946921497117727995e-04 9.999997615814208984e-01 1.651402935385704041e-02 2.596670150756835938e+03
8.377369000000000000e+07 9.999994941497871714e-01 3.851744359483470922e-04 9.291613549999732822e-04 1.149668698226385510e+00 -3.857837736795049588e-04 9.999997106120736001e-01 6.557031713670168158e-04 5.126751743890265063e-03 -9.289085260127147130e-04 -6.560612950533171658e-04 9.999993533560546100e-01 1.690927400316399876e-02 9.999998211860656738e-01 2.477202797308564186e-04 5.217002471908926964e-04 1.157309651374816895e+00 -2.482947893440723419e-04 9.999992847442626953e-01 1.095169573090970516e-03 5.043233744800090790e-03 -5.214277189224958420e-04 -1.095291227102279663e-03 9.999992847442626953e-01 1.824250817298889160e-02 3.177617311477661133e+03
8.387756000000000000e+07 9.999990537858494122e-01 -1.202710290578606244e-04 1.370387640578740697e-03 1.155682540370493561e+00 1.212684334764092456e-04 9.999997278248060617e-01 -7.277666390878451694e-04 4.671881500566994229e-03 -1.370299738350621698e-03 7.279321352271813771e-04 9.999987961959921901e-01 1.849089864313708739e-02 9.999986886978149414e-01 6.629025301663205028e-05 1.612770371139049530e-03 1.156414985656738281e+00 -6.485933408839628100e-05 9.999997019767761230e-01 -8.802438387647271156e-04 1.646103453822433949e-03 -1.612824737094342709e-03 8.801309159025549889e-04 9.999982714653015137e-01 1.815348304808139801e-02 2.992174625396728516e+03
8.398156000000000000e+07 9.999999762574622864e-01 2.160131943945722507e-04 -2.869450701435451517e-05 1.137073332164843187e+00 -2.160364153989866010e-04 9.999996472144057069e-01 -8.117261430249208187e-04 1.700582390656151920e-03 2.851915333421740621e-05 8.117323228109192849e-04 9.999996701385925890e-01 2.004021222783015227e-02 9.999999403953552246e-01 -3.174633093294687569e-05 -1.690273784333840013e-04 1.152289152145385742e+00 3.160091000609099865e-05 9.999995827674865723e-01 -8.774002781137824059e-04 1.441450905986130238e-03 1.690529898041859269e-04 8.773966110311448574e-04 9.999995827674865723e-01 1.970295421779155731e-02 3.160507202148437500e+03
8.408558000000000000e+07 9.999978766780377448e-01 1.025566599348350219e-04 -2.058184041176408866e-03 1.148414673200544911e+00 -1.065139463153607366e-04 9.999981459567973685e-01 -1.922690236846163895e-03 1.536478197874098376e-03 2.057983040525497229e-03 1.922905379660226578e-03 9.999960335624865637e-01 1.982508301350286925e-02 9.999977946281433105e-01 2.179020084440708160e-04 -2.109816297888755798e-03 1.146547555923461914e+00 -2.225995704066008329e-04 9.999974966049194336e-01 -2.224605297669768333e-03 -1.213493756949901581e-03 2.109325025230646133e-03 2.225068397819995880e-03 9.999952912330627441e-01 1.867901533842086792e-02 3.135485172271728516e+03
8.418966000000000000e+07 9.999988034718996222e-01 -5.257136061181237087e-04 -1.454881429278889662e-03 1.138681855969251311e+00 5.226937394371895026e-04 9.999977099967840566e-01 -2.075281292393081102e-03 1.518746266201829532e-03 1.455969101207671250e-03 2.074518351845991166e-03 9.999967882586343615e-01 1.522915626134965957e-02 9.999985098838806152e-01 -6.440000724978744984e-04 -1.591725507751107216e-03 1.140573620796203613e+00 6.404814776033163071e-04 9.999973773956298828e-01 -2.211283193901181221e-03 -9.444605093449354172e-04 1.593146705999970436e-03 2.210272941738367081e-03 9.999963641166687012e-01 1.666693016886711121e-02 2.870937585830688477e+03
8.429337000000000000e+07 9.999987737495261708e-01 -1.403366898472594359e-03 6.950257493854831862e-04 1.129810596461657157e+00 1.404813658329945227e-03 9.999968385963333706e-01 -2.085496565381300422e-03 -1.312580334736768726e-03 -6.920968352817962127e-04 2.086470389705776755e-03 9.999975838187228350e-01 1.874910193404548744e-02 9.999989271163940430e-01 -1.445954781956970692e-03 2.649490197654813528e-04 1.137081384658813477e+00 1.446672016754746437e-03 9.999952316284179688e-01 -2.742409007623791695e-03 -2.266421448439359665e-03 -2.609833900351077318e-04 2.742779208347201347e-03 9.999961853027343750e-01 1.723051629960536957e-02 2.665843248367309570e+03
8.439714000000000000e+07 9.999955279994962032e-01 -2.712797640141157395e-03 1.258852641252185441e-03 1.144803170509415269e+00 2.713594999537627742e-03 9.999961184015619953e-01 -6.321265597505855080e-04 4.331604718480948531e-03 -1.257132923452177571e-03 6.355397491127485728e-04 9.999990078525278214e-01 1.567563369667964238e-02 9.999957084655761719e-01 -2.669520443305373192e-03 1.163047505542635918e-03 1.140674352645874023e+00 2.670609857887029648e-03 9.999959468841552734e-01 -9.391205385327339172e-04 2.550554228946566582e-03 -1.160535728558897972e-03 9.422381990589201450e-04 9.999989271163940430e-01 1.830353774130344391e-02 2.901100873947143555e+03
8.450097000000000000e+07 9.999943304344427464e-01 -3.170379711719701482e-03 1.134808994518590698e-03 1.119972574550663680e+00 3.170719302327226850e-03 9.999949289811828068e-01 -2.975752425161378779e-04 5.126455394030237506e-03 -1.133859813369242483e-03 3.011717161771668670e-04 9.999993118285237514e-01 1.893690533146805133e-02 9.999940395355224609e-01 -3.295637434348464012e-03 1.093214144930243492e-03 1.133939981460571289e+00 3.296178998425602913e-03 9.999944567680358887e-01 -4.942588857375085354e-04 2.341219456866383553e-03 -1.091576996259391308e-03 4.978554788976907730e-04 9.999992847442626953e-01 1.891464926302433014e-02 2.840327262878417969e+03
8.460469000000000000e+07 9.999945440957019871e-01 -3.218227237921827792e-03 7.448437918737407576e-04 1.134752256895434464e+00 3.217306088046295153e-03 9.999940623175983534e-01 1.234613738403056655e-03 9.508856521365573536e-03 -7.488126367891069718e-04 -1.232210612002416052e-03 9.999989604677810284e-01 1.842706708510840480e-02 9.999952316284179688e-01 -2.942458493635058403e-03 8.672421099618077278e-04 1.131945371627807617e+00 2.941390732303261757e-03 9.999948740005493164e-01 1.226195017807185650e-03 6.268266122788190842e-03 -8.708517416380345821e-04 -1.223644940182566643e-03 9.999989271163940430e-01 1.823443360626697540e-02 3.325557470321655273e+03
8.470856000000000000e+07 9.999954823472670951e-01 -2.876305618519272699e-03 -8.730126261674710057e-04 1.121808596706964645e+00 2.878246615597677537e-03 9.999933707535892946e-01 2.230279196488898878e-03 1.068879163455898826e-02 8.665918741679247850e-04 -2.232781866498632483e-03 9.999971318477169913e-01 1.804053877876693468e-02 9.999958276748657227e-01 -2.757476177066564560e-03 -8.800525683909654617e-04 1.125057816505432129e+00 2.759920898824930191e-03 9.999923706054687500e-01 2.776335226371884346e-03 7.668560836464166641e-03 8.723933133296668530e-04 -2.778756665065884590e-03 9.999957084655761719e-01 2.056596428155899048e-02 3.039189100265502930e+03
8.481232000000000000e+07 9.999955464158496454e-01 -2.671284152950794723e-03 -1.330935550864743681e-03 1.112379666806369904e+00 2.673350542856488179e-03 9.999952203220699998e-01 1.553232078483908268e-03 7.844202098811602769e-03 1.326780065184356237e-03 -1.556783218311553032e-03 9.999979080381468100e-01 1.840457975443364133e-02 9.999933838844299316e-01 -2.996115945279598236e-03 -2.036991994827985764e-03 1.120499134063720703e+00 2.998599549755454063e-03 9.999947547912597656e-01 1.218505320139229298e-03 5.573099479079246521e-03 2.033332595601677895e-03 -1.224601175636053085e-03 9.999971389770507812e-01 2.155399881303310394e-02 2.864682912826538086e+03
8.491606000000000000e+07 9.999963168756651477e-01 -2.713656648109119378e-03 4.798646185262309913e-05 1.126152770181696461e+00 2.713645975341179555e-03 9.999962936142159364e-01 2.210957973268214659e-04 8.451873874362978226e-03 -4.858626207656796547e-05 -2.209647647344327415e-04 9.999999744069736352e-01 1.633200105478596273e-02 9.999964833259582520e-01 -2.656528493389487267e-03 -2.947570174001157284e-04 1.125046014785766602e+00 2.656599739566445351e-03 9.999963641166687012e-01 2.635669370647519827e-04 -3.959171008318662643e-04 2.940556441899389029e-04 -2.643465413711965084e-04 1.000000000000000000e+00 2.622482553124427795e-02 2.882302284240722656e+03
8.502009000000000000e+07 9.999967204777779894e-01 -2.059352622393225470e-03 1.522530940736454685e-03 1.118510502264133288e+00 2.059465156766059242e-03 9.999978766822203990e-01 -7.234859284430661104e-05 5.927254827571227548e-03 -1.522378716655037626e-03 7.548395499803362441e-05 9.999988383319331486e-01 1.891143231790376120e-02 9.999967217445373535e-01 -2.026479458436369896e-03 1.605823170393705368e-03 1.118765830993652344e+00 2.026334637776017189e-03 9.999979734420776367e-01 9.316627983935177326e-05 -8.274519350379705429e-04 -1.606010599061846733e-03 -8.991246431833133101e-05 9.999986886978149414e-01 2.600008063018321991e-02 2.974230527877807617e+03
8.512372000000000000e+07 9.999982173268403551e-01 -1.608941883724126663e-03 9.882556128035218518e-04 1.102562131545741009e+00 1.609125050732798049e-03 9.999986883231617441e-01 -1.845766156775456915e-04 4.154459377319022484e-03 -9.879573434838045780e-04 1.861665135008564527e-04 9.999994946410306618e-01 1.537277776750026713e-02 9.999979734420776367e-01 -1.790168695151805878e-03 8.413140894845128059e-04 1.115875959396362305e+00 1.790399430319666862e-03 9.999983310699462891e-01 -2.662223996594548225e-04 -1.834486261941492558e-03 -8.408341673202812672e-04 2.677339361980557442e-04 9.999995827674865723e-01 2.668838202953338623e-02 2.925995349884033203e+03
8.522744000000000000e+07 9.999982237053075540e-01 -1.701466626416016066e-03 8.109238859117578677e-04 1.113707330285357067e+00 1.701033124416906697e-03 9.999984101464292063e-01 5.349681517157634653e-04 8.610129582786672439e-03 -8.118328271178622269e-04 -5.335877930633582287e-04 9.999995281056526242e-01 1.569053923840026121e-02 9.999986886978149414e-01 -1.546111423522233963e-03 5.484852590598165989e-04 1.112466454505920410e+00 1.546099549159407616e-03 9.999988079071044922e-01 1.144265479524619877e-05 -1.377401291392743587e-03 -5.485086585395038128e-04 -1.060243266692850739e-05 9.999998211860656738e-01 2.412631921470165253e-02 3.030131101608276367e+03
8.533118000000000000e+07 9.999986691184435950e-01 -1.226686467045949493e-03 1.075640113151591932e-03 1.099676567008293304e+00 1.226814021624701495e-03 9.999992405092905656e-01 -1.179330242723452258e-04 4.403451601537136141e-03 -1.075494629368026851e-03 1.192524776904946797e-04 9.999994145449029315e-01 1.896131821457576472e-02 9.999982118606567383e-01 -1.385204377584159374e-03 1.310273772105574608e-03 1.111537814140319824e+00 1.384990522637963295e-03 9.999990463256835938e-01 1.615795772522687912e-04 3.540105826687067747e-04 -1.310492982156574726e-03 -1.597730442881584167e-04 9.999991655349731445e-01 2.524796128273010254e-02 3.277873277664184570e+03
8.543510000000000000e+07 9.999991849987006631e-01 -1.059107211143970034e-03 7.129472980508940946e-04 1.105701151941413718e+00 1.057851544451620784e-03 9.999978928823864965e-01 1.759312620585843420e-03 9.635397479414295127e-03 -7.148090964702039562e-04 -1.758556994343415860e-03 9.999981982610034459e-01 1.605942646860218995e-02 9.999994039535522461e-01 -9.393155341967940331e-04 4.907908733002841473e-04 1.106384873390197754e+00 9.384818258695304394e-04 9.999980926513671875e-01 1.693808473646640778e-03 1.353007974103093147e-03 -4.923829692415893078e-04 -1.693333499133586884e-03 9.999984502792358398e-01 2.392053045332431793e-02 3.370712518692016602e+03
8.553887000000000000e+07 9.999998080382753729e-01 1.548024903177849354e-04 5.999663335736477162e-04 1.097981856980208226e+00 -1.553361048929371416e-04 9.999995923630428107e-01 8.894630080376287815e-04 7.932063822275708942e-03 -5.998283979165073112e-04 -8.895560337280999626e-04 9.999994244478123129e-01 1.773134992910065100e-02 9.999999403953552246e-01 5.279395918478257954e-05 -6.361561099765822291e-05 1.103325486183166504e+00 -5.273321221466176212e-05 9.999997019767761230e-01 7.657637470401823521e-04 6.736517534591257572e-04 6.366016896208748221e-05 -7.657596142962574959e-04 9.999997019767761230e-01 2.434384822845458984e-02 3.647521495819091797e+03
8.564260000000000000e+07 9.999990761796727634e-01 9.144952756874334720e-04 -1.005653117056905417e-03 1.091542472998219271e+00 -9.127438243639011831e-04 9.999980684504296002e-01 1.740687829812704104e-03 6.607344163680643929e-03 1.007243025384869668e-03 -1.739768318057857439e-03 9.999979793318021226e-01 1.548244828280791879e-02 9.999995827674865723e-01 6.524223717860877514e-04 -6.972739938646554947e-04 1.099346637725830078e+00 -6.511975661851465702e-04 9.999982714653015137e-01 1.767428591847419739e-03 1.510109752416610718e-03 6.984203355386853218e-04 -1.766984467394649982e-03 9.999980926513671875e-01 2.184125036001205444e-02 3.903865337371826172e+03
8.574645000000000000e+07 9.999991192916409810e-01 1.327079991729313577e-03 1.657220840381524847e-05 1.090896838235079214e+00 -1.327088660005470988e-03 9.999989765781510664e-01 5.344888577413090328e-04 4.493636381089443493e-03 -1.586288197454433665e-05 -5.345103798023480767e-04 9.999998570235012485e-01 1.616497979977678939e-02 9.999989867210388184e-01 1.380744739435613155e-03 -3.623716183938086033e-04 1.098313927650451660e+00 -1.380635774694383144e-03 9.999989867210388184e-01 2.639874583110213280e-04 -5.670189857482910156e-04 3.627419064287096262e-04 -2.634757547639310360e-04 9.999999403953552246e-01 2.113230526447296143e-02 3.344635248184204102e+03
8.585040000000000000e+07 9.999985399446111867e-01 1.692082121414315368e-03 2.386770624891232427e-04 1.090091399489135915e+00 -1.691997361989210514e-03 9.999985056022198115e-01 -3.548778015022830789e-04 4.395465025117694692e-03 -2.392771881938597265e-04 3.544734424009377211e-04 9.999999085474986504e-01 1.552162067982680756e-02 9.999985694885253906e-01 1.629695645533502102e-03 4.592737532220780849e-04 1.099178791046142578e+00 -1.629355945624411106e-03 9.999983906745910645e-01 -7.618368254043161869e-04 -2.205785131081938744e-03 -4.605141584761440754e-04 7.610825705341994762e-04 9.999996423721313477e-01 2.035800553858280182e-02 4.756063699722290039e+03
8.595422000000000000e+07 9.999976142079983754e-01 2.145584102696231153e-03 -4.099355674120433468e-04 1.096110061033708893e+00 -2.146573995419666977e-03 9.999947442108021445e-01 -2.429767654475441501e-03 2.027411405087162829e-03 4.047201420244282569e-04 2.430641814584009932e-03 9.999969640863795028e-01 1.744354519567191744e-02 9.999973773956298828e-01 2.240985864773392677e-03 -3.935782297048717737e-04 1.103465557098388672e+00 -2.242088783532381058e-03 9.999933838844299316e-01 -2.840213477611541748e-03 -2.837631152942776680e-03 3.872133383993059397e-04 2.841090317815542221e-03 9.999958872795104980e-01 1.449210755527019501e-02 3.634799242019653320e+03
8.605806000000000000e+07 9.999967573008333721e-01 2.206581067645037569e-03 -1.271372411956497557e-03 1.092701508069955585e+00 -2.209932808456342625e-03 9.999940707160884790e-01 -2.640971345670266486e-03 -2.527668587272754140e-03 1.265537356256960953e-03 2.643772429399634302e-03 9.999957044320446631e-01 1.937303423449559039e-02 9.999964833259582520e-01 2.158664399757981300e-03 -1.574583700858056545e-03 1.100214838981628418e+00 -2.163634635508060455e-03 9.999926686286926270e-01 -3.163148416206240654e-03 -4.690374247729778290e-03 1.567736268043518066e-03 3.166538197547197342e-03 9.999937415122985840e-01 1.376656442880630493e-02 3.200931310653686523e+03
8.616194000000000000e+07 9.999963739754206271e-01 2.433792298768753821e-03 -1.152688621098351155e-03 1.075883534356333548e+00 -2.436387743701468826e-03 9.999944880855502483e-01 -2.255618159337103006e-03 -3.492772394360623908e-03 1.147192561472126825e-03 2.258418376838963564e-03 9.999967917426846320e-01 1.631461699637580531e-02 9.999964237213134766e-01 2.321606036275625229e-03 -1.338064554147422314e-03 1.105344533920288086e+00 -2.324977191165089607e-03 9.999941587448120117e-01 -2.515825210139155388e-03 -3.554508555680513382e-03 1.332219573669135571e-03 2.518928609788417816e-03 9.999960064888000488e-01 1.339123584330081940e-02 2.773192882537841797e+03
8.626642000000000000e+07 9.999975018339121169e-01 2.085252489779532148e-03 8.050142787400241728e-04 1.098209654460194695e+00 -2.083973137895258829e-03 9.999965695392838416e-01 -1.586809889315838858e-03 -5.001708176320897228e-04 -8.083204164426675267e-04 1.585128297068669027e-03 9.999984169919402532e-01 1.653754110877043645e-02 9.999973773956298828e-01 2.270921366289258003e-03 3.895666450262069702e-04 1.087584137916564941e+00 -2.270050114020705223e-03 9.999949336051940918e-01 -2.237125299870967865e-03 -4.075283184647560120e-03 -3.946422948502004147e-04 2.236242406070232391e-03 9.999973773956298828e-01 1.305680535733699799e-02 2.629048824310302734e+03
8.636974000000000000e+07 9.999953655418765130e-01 2.289973763247684941e-03 2.006219063886910143e-03 1.085800147886138323e+00 -2.288767061913740773e-03 9.999971986204311269e-01 -6.035699017769346813e-04 4.794735171608176510e-04 -2.007595602945169092e-03 5.989753364450924522e-04 9.999978053918124887e-01 1.616913872434037544e-02 9.999947547912597656e-01 2.349913585931062698e-03 2.219653455540537834e-03 1.098682999610900879e+00 -2.349612070247530937e-03 9.999971985816955566e-01 -1.359962916467338800e-04 -1.047739569912664592e-04 -2.219971036538481712e-03 1.307774800807237625e-04 9.999975562095642090e-01 1.863109879195690155e-02 3.434059143066406250e+03
8.647360000000000000e+07 9.999950637974520662e-01 2.588651276207715960e-03 1.780804677631889817e-03 1.075355718412177364e+00 -2.590328680506928834e-03 9.999962030324849316e-01 9.402754597494147187e-04 3.111983407763611528e-03 -1.778363870705510765e-03 -9.448836877901452443e-04 9.999979723063241455e-01 1.733766450754386373e-02 9.999955892562866211e-01 2.375497948378324509e-03 1.735555473715066910e-03 1.096213459968566895e+00 -2.377636265009641647e-03 9.999964237213134766e-01 1.234706607647240162e-03 3.000666387379169464e-03 -1.732618082314729691e-03 -1.238820492289960384e-03 9.999977350234985352e-01 2.188846282660961151e-02 3.041753292083740234e+03
8.657749000000000000e+07 9.999974974225338542e-01 2.213509245677486390e-03 3.248468692696451429e-04 1.090097356803128026e+00 -2.213951145278371824e-03 9.999966157670865385e-01 1.366336232452687854e-03 5.698935833910149726e-03 -3.218213720289402275e-04 -1.367052008188681181e-03 9.999990137994193562e-01 1.609022089488747198e-02 9.999971985816955566e-01 2.349128481000661850e-03 -4.956963821314275265e-04 1.079809784889221191e+00 -2.348689595237374306e-03 9.999968409538269043e-01 9.001321159303188324e-04 2.337285084649920464e-03 4.978085635229945183e-04 -8.989716297946870327e-04 9.999994039535522461e-01 2.391432784497737885e-02 2.927519321441650391e+03
8.668131000000000000e+07 9.999966884741632311e-01 2.248300352927657536e-03 -1.252272426554924432e-03 1.068275005954756773e+00 -2.246369729565705822e-03 9.999962896030489823e-01 1.540974747710787025e-03 4.653399724753590379e-03 1.255732354196262019e-03 -1.538156577860913359e-03 9.999980286033550714e-01 1.665866072252634306e-02 9.999970793724060059e-01 2.143230289220809937e-03 -1.135961036197841167e-03 1.075448393821716309e+00 -2.141467994078993797e-03 9.999964237213134766e-01 1.549204578623175621e-03 4.304669797420501709e-03 1.139280386269092560e-03 -1.546769635751843452e-03 9.999982118606567383e-01 2.681730501353740692e-02 2.980598688125610352e+03
8.678551000000000000e+07 9.999954167386787551e-01 1.865733311932649694e-03 -2.384437217642129681e-03 1.083910405070451999e+00 -1.863799993125963379e-03 9.999979328233297160e-01 8.127722023423450447e-04 4.985129202764093312e-03 2.385948704762064394e-03 -8.083243631250963115e-04 9.999968269252168529e-01 1.732504004272971895e-02 9.999949336051940918e-01 1.922474475577473640e-03 -2.518361667171120644e-03 1.067347645759582520e+00 -1.920492504723370075e-03 9.999979138374328613e-01 7.887036772444844246e-04 3.459019120782613754e-03 2.519874135032296181e-03 -7.838627207092940807e-04 9.999964833259582520e-01 2.428941987454891205e-02 2.846469640731811523e+03
8.688909000000000000e+07 9.999941962738007062e-01 1.586892590005495969e-03 -3.014828456663004932e-03 1.074553973210105262e+00 -1.584309612559015338e-03 9.999983760802465538e-01 8.589528050062954136e-04 5.780854889754723225e-03 3.016186626664950094e-03 -8.541713981752894298e-04 9.999950864926565597e-01 1.528193093233654910e-02 9.999949336051940918e-01 1.698189880698919296e-03 -2.733333036303520203e-03 1.080838322639465332e+00 -1.695577753707766533e-03 9.999981522560119629e-01 9.561757324263453484e-04 1.552727539092302322e-02 2.734951907768845558e-03 -9.515357669442892075e-04 9.999958276748657227e-01 1.849920116364955902e-02 3.509216308593750000e+03
8.699295000000000000e+07 9.999975528130082836e-01 1.502744379767622816e-03 -1.623615509861823679e-03 1.072501237297340593e+00 -1.503330985983396912e-03 9.999988051481913942e-01 -3.601362742775104215e-04 2.898882316391490242e-04 1.623072377119774354e-03 3.625762244620033253e-04 9.999986170863138790e-01 1.837591288578270185e-02 9.999961853027343750e-01 1.569036161527037621e-03 -2.242920920252799988e-03 1.075824618339538574e+00 -1.571554457768797874e-03 9.999981522560119629e-01 -1.124390051700174809e-03 6.557394284754991531e-03 2.241153270006179810e-03 1.127913361415266991e-03 9.999967813491821289e-01 1.754174567759037018e-02 3.054316997528076172e+03
8.709669000000000000e+07 9.999996130632952118e-01 8.167940150972345789e-04 -3.266814910681136884e-04 1.075666748679842799e+00 -8.167107027481753040e-04 9.999996339592578387e-01 2.550783769456233148e-04 4.957286435617450082e-03 3.268897179810481709e-04 -2.548114739762916158e-04 9.999999141071087561e-01 1.522483312565192128e-02 9.999994635581970215e-01 1.005014986731112003e-03 -4.375989083200693130e-04 1.079814434051513672e+00 -1.005043508484959602e-03 9.999994635581970215e-01 -2.549603959778323770e-05 1.092097442597150803e-02 4.375747521407902241e-04 2.593964018160477281e-05 1.000000000000000000e+00 1.719423197209835052e-02 2.990089893341064453e+03
8.720057000000000000e+07 9.999978912716853685e-01 5.563418740722426634e-04 1.976849994701686611e-03 1.074360156433807445e+00 -5.555226109654605405e-04 9.999997596040847148e-01 -4.149534931460686546e-04 3.742445270077886330e-03 -1.977080375479052347e-03 4.138544332513446433e-04 9.999979599367675442e-01 1.398579503626117340e-02 9.999979734420776367e-01 5.721917841583490372e-04 1.909061567857861519e-03 1.078349828720092773e+00 -5.714435828849673271e-04 9.999997019767761230e-01 -3.889025829266756773e-04 7.532557938247919083e-03 -1.909285550937056541e-03 3.878048155456781387e-04 9.999980330467224121e-01 1.715255528688430786e-02 3.331783771514892578e+03
8.730443000000000000e+07 9.999964794968937420e-01 -9.075922498895062300e-05 2.651934497980514352e-03 1.069405890851822249e+00 9.025640774486667699e-05 9.999999779294803659e-01 1.897230076111057690e-04 3.922972910470048577e-03 -2.651951658564075283e-03 -1.894829856093057448e-04 9.999964656180535538e-01 1.636412607577847692e-02 9.999966621398925781e-01 -2.073954383376985788e-04 2.598672872409224510e-03 1.076528191566467285e+00 2.071823109872639179e-04 1.000000000000000000e+00 8.120978600345551968e-05 9.561128914356231689e-03 -2.598691266030073166e-03 -8.067113958531990647e-05 9.999966025352478027e-01 1.808916591107845306e-02 3.052809953689575195e+03
8.740833000000000000e+07 9.999982411453792741e-01 -4.324375162878841151e-04 1.825021627913330077e-03 1.072276895762342308e+00 4.284322796292580832e-04 9.999975004256833611e-01 2.194444842601959815e-03 7.451835452455407745e-03 -1.825966026413507063e-03 -2.193659084716089325e-03 9.999959268456499739e-01 1.647747742958553113e-02 9.999979734420776367e-01 -3.664186515379697084e-04 1.984861912205815315e-03 1.067368388175964355e+00 3.617376787588000298e-04 9.999971985816955566e-01 2.360322978347539902e-03 1.137226261198520660e-02 -1.985725015401840210e-03 -2.359596779569983482e-03 9.999953508377075195e-01 1.876671053469181061e-02 2.820198059082031250e+03
8.751218000000000000e+07 9.999990029877464659e-01 -5.759599367123204678e-04 1.289299679842856533e-03 1.059815138999684825e+00 5.714342608242678955e-04 9.999936843738682635e-01 3.507802055715015903e-03 1.099835849112464937e-02 -1.291311890558115598e-03 -3.507061808383851297e-03 9.999930164911521313e-01 1.457248553838575746e-02 9.999994039535522461e-01 -5.547693581320345402e-04 8.508113678544759750e-04 1.052188515663146973e+00 5.518173566088080406e-04 9.999938011169433594e-01 3.470533993095159531e-03 1.323017384856939316e-02 -8.527236059308052063e-04 -3.470069495961070061e-03 9.999936223030090332e-01 1.777276024222373962e-02 3.013659954071044922e+03
8.761606000000000000e+07 9.999997927182551205e-01 -6.422655457950225038e-04 4.536976466640021212e-05 1.067981107593210632e+00 6.420746721673876870e-04 9.999914348933123254e-01 4.088750436233964253e-03 1.385205304197181797e-02 -4.799543960007288644e-05 -4.088720457933864988e-03 9.999916399957825552e-01 1.653552118816701069e-02 9.999998807907104492e-01 -4.944565007463097572e-04 -7.034480222500860691e-05 1.052540302276611328e+00 4.947799607180058956e-04 9.999893903732299805e-01 4.593261517584323883e-03 1.348840352147817612e-02 6.806837336625903845e-05 -4.593295510858297348e-03 9.999893903732299805e-01 1.791518554091453552e-02 2.725240468978881836e+03
8.771979000000000000e+07 9.999999020804830607e-01 -4.132789106393952670e-04 -1.582389529608924062e-04 1.059703290217886451e+00 4.138819161925306458e-04 9.999925804498861481e-01 3.829849466688246828e-03 1.038987294895310151e-02 1.566549828835451640e-04 -3.829914583912304594e-03 9.999926535797631910e-01 1.586694052065166019e-02 9.999998807907104492e-01 -4.062349908053874969e-04 -4.308110510464757681e-04 1.052093982696533203e+00 4.076920158695429564e-04 9.999941587448120117e-01 3.407287178561091423e-03 1.269976608455181122e-02 4.294246027711778879e-04 -3.407462732866406441e-03 9.999941587448120117e-01 1.699621416628360748e-02 2.663609266281127930e+03
8.782357000000000000e+07 9.999997518558909615e-01 -1.885240931540705029e-04 -6.787833402131075462e-04 1.047995650494603526e+00 1.904727129101602828e-04 9.999958581351433562e-01 2.871834379600678774e-03 1.263155310189928437e-02 6.782391188121424932e-04 -2.871962956676183624e-03 9.999956459007575127e-01 1.110607997142716227e-02 9.999995231628417969e-01 -3.832520451396703720e-04 -8.106022723950445652e-04 1.046985864639282227e+00 3.863158926833420992e-04 9.999927282333374023e-01 3.783459309488534927e-03 1.437038835138082504e-02 8.091473719105124474e-04 -3.783773165196180344e-03 9.999924898147583008e-01 1.667782291769981384e-02 2.541984558105468750e+03
8.792732000000000000e+07 9.999992463068869686e-01 -4.695823594906485847e-04 -1.134406481690975431e-03 1.064676222669711958e+00 4.707941628119040605e-04 9.999993186548784552e-01 1.068195972206326160e-03 7.861968153327745026e-03 1.133904102783626260e-03 -1.068729239064214638e-03 9.999987860389127903e-01 1.816022334133563301e-02 9.999995827674865723e-01 -3.178391780238598585e-04 -8.962572319433093071e-04 1.050797343254089355e+00 3.189707931596785784e-04 9.999991655349731445e-01 1.258286181837320328e-03 9.580409154295921326e-03 8.958552498370409012e-04 -1.258573960512876511e-03 9.999988675117492676e-01 1.697320677340030670e-02 2.833528518676757812e+03
8.803106000000000000e+07 9.999985895419809534e-01 -6.867780723210116772e-04 -1.532726305695503947e-03 1.046895962068591146e+00 6.901487678964186726e-04 9.999973424905392871e-01 2.199706011594634164e-03 8.525338247319977358e-03 1.531211522606529653e-03 -2.200760718173048330e-03 9.999964060153089251e-01 1.389450455247152189e-02 9.999966025352478027e-01 -8.622285095043480396e-04 -2.481936011463403702e-03 1.062971234321594238e+00 8.657449507154524326e-04 9.999986290931701660e-01 1.418391242623329163e-03 6.985118146985769272e-03 2.480710856616497040e-03 -1.420531305484473705e-03 9.999959468841552734e-01 9.525213390588760376e-03 2.767590999603271484e+03
8.813505000000000000e+07 9.999995415731717241e-01 -7.447205063908204827e-04 -6.018677711953343340e-04 1.061658506241587974e+00 7.444384338210806654e-04 9.999996130422383889e-01 -4.687502445090200556e-04 3.880706648865030108e-03 6.022166262173904785e-04 4.683019761203761661e-04 9.999997090141548028e-01 1.996551804456328863e-02 9.999997615814208984e-01 -5.494383512996137142e-04 -1.925644901348277926e-04 1.062061429023742676e+00 5.493247299455106258e-04 9.999997019767761230e-01 -6.197885959409177303e-04 2.992415102198719978e-03 1.929052814375609159e-04 6.196880713105201721e-04 9.999997615814208984e-01 8.703984320163726807e-03 2.733819961547851562e+03
8.823871000000000000e+07 9.999899772781438712e-01 -6.952676540811168066e-04 4.422888891495183918e-03 1.059572231838444845e+00 7.106519805735360754e-04 9.999937001872594156e-01 -3.477723329402203269e-03 -1.161623624635542374e-04 -4.420443079582618735e-03 3.480831607899177813e-03 9.999841716218800247e-01 9.584964455820292606e-03 9.999928474426269531e-01 -7.926340913400053978e-04 3.700100816786289215e-03 1.068335175514221191e+00 8.073764620348811150e-04 9.999917149543762207e-01 -3.985336516052484512e-03 -1.999842468649148941e-03 -3.696911502629518509e-03 3.988295327872037888e-03 9.999851584434509277e-01 4.138195421546697617e-03 3.167992115020751953e+03
8.834260000000000000e+07 9.999856970803769896e-01 -7.466671793301217280e-04 5.296047846835193022e-03 1.055287501489187818e+00 7.613285809522254803e-04 9.999958823381196460e-01 -2.766890962350729202e-03 4.553536975135269471e-04 -5.293960092830484951e-03 2.770883420323575017e-03 9.999821479364552346e-01 1.320362900904802420e-02 9.999780058860778809e-01 -8.820624789223074913e-04 6.574743892997503281e-03 1.064598083496093750e+00 8.908852469176054001e-04 9.999986886978149414e-01 -1.339166657999157906e-03 1.480048755183815956e-03 -6.573550868779420853e-03 1.344990334473550320e-03 9.999775886535644531e-01 1.248800382018089294e-02 3.101483583450317383e+03
8.844633000000000000e+07 9.999987462927356630e-01 -1.171664402221994639e-03 1.065183310728375467e-03 1.054466284013538369e+00 1.174236454544025842e-03 9.999963890366699859e-01 -2.417246857434197926e-03 2.393606797742601090e-03 -1.062347262296261911e-03 2.418494603988482258e-03 9.999965111449864441e-01 1.621882494112981618e-02 9.999992251396179199e-01 -1.232638722285628319e-03 1.723877212498337030e-04 1.066233754158020020e+00 1.233138260431587696e-03 9.999949336051940918e-01 -2.944157924503087997e-03 5.085432901978492737e-03 -1.687724434304982424e-04 2.944366075098514557e-03 9.999955892562866211e-01 1.825616881251335144e-02 3.123702287673950195e+03
8.855019000000000000e+07 9.999911039683333502e-01 -1.044085883476125309e-03 -4.086792001319371377e-03 1.048255471211079426e+00 1.038370802347000302e-03 9.999984804728146992e-01 -1.400299303202416114e-03 1.742597217015128984e-03 4.088247824062939129e-03 1.396043240606036854e-03 9.999906686029622627e-01 2.127781279807844025e-02 9.999908208847045898e-01 -1.342445379123091698e-03 -4.085943568497896194e-03 1.056545257568359375e+00 1.332314917817711830e-03 9.999960064888000488e-01 -2.481059171259403229e-03 -4.861579742282629013e-03 4.089267924427986145e-03 2.475600456818938255e-03 9.999886155128479004e-01 1.687851548194885254e-02 3.139470338821411133e+03
8.865393000000000000e+07 9.999929511359645362e-01 -5.027989610952469457e-04 -3.720869735591175557e-03 1.039557344874959322e+00 5.032929078669110077e-04 9.999998646604921770e-01 1.318151969306879273e-04 1.961811473381742596e-03 3.720802955466423478e-03 -1.336869551323066000e-04 9.999930688525618949e-01 1.335652743823303838e-02 9.999909996986389160e-01 -8.425991400144994259e-04 -4.153362009674310684e-03 1.057914137840270996e+00 8.397636120207607746e-04 9.999994039535522461e-01 -6.847731419838964939e-04 -1.848283223807811737e-03 4.153938964009284973e-03 6.812794017605483532e-04 9.999911189079284668e-01 1.632734015583992004e-02 2.787920475006103516e+03
8.875782000000000000e+07 9.999987877713605311e-01 -4.300431082821628745e-04 -1.496502166572267947e-03 1.053967403823121263e+00 4.303512325815669480e-04 9.999998862672498934e-01 2.055804075479579127e-04 6.965341340227906505e-03 1.496413587933496849e-03 -2.062241798894455123e-04 9.999988591083298628e-01 1.337204340427847714e-02 9.999990463256835938e-01 -3.631986910477280617e-04 -1.367616001516580582e-03 1.052734494209289551e+00 3.641579532995820045e-04 9.999997019767761230e-01 7.100401562638580799e-04 1.715677906759083271e-03 1.367358723655343056e-03 -7.105406839400529861e-04 9.999988675117492676e-01 1.699708215892314911e-02 2.711673498153686523e+03
8.886169000000000000e+07 9.999998940866755559e-01 -3.457262758161275631e-04 -3.038091177794585945e-04 1.037464739848931616e+00 3.458110428997548881e-04 9.999999012851648050e-01 2.790060632873821080e-04 4.175037412976616812e-03 3.037126280618011160e-04 -2.791110942847841543e-04 9.999999149278147037e-01 1.376692016212241812e-02 9.999996423721313477e-01 -6.394651136361062527e-04 -3.639905771706253290e-04 1.051208376884460449e+00 6.395762902684509754e-04 9.999997019767761230e-01 2.769539714790880680e-04 3.114478662610054016e-03 3.638125199358910322e-04 -2.771966683212667704e-04 9.999998211860656738e-01 1.419595815241336823e-02 2.755835294723510742e+03
8.896556000000000000e+07 9.999999533059302781e-01 -3.018164130540305391e-04 -4.790605368769077285e-05 1.049743015983471750e+00 3.017715442524264869e-04 9.999995184196720510e-01 -9.338599248850572038e-04 3.303297559812000319e-03 4.818788486990143696e-05 9.338454245955363437e-04 9.999995628052298358e-01 1.851152021127873415e-02 1.000000000000000000e+00 -3.228523419238626957e-04 4.697621261584572494e-05 1.043787837028503418e+00 3.229230933357030153e-04 9.999989271163940430e-01 -1.420969609171152115e-03 7.024406222626566887e-04 -4.651689232559874654e-05 1.420989981852471828e-03 9.999990463256835938e-01 1.418153382837772369e-02 2.601205348968505859e+03
8.906945000000000000e+07 9.999974255625785347e-01 -6.487026926230787880e-05 -2.268184309865033717e-03 1.037852031292633814e+00 6.056652027601489306e-05 9.999981979878241889e-01 -1.897459565025527229e-03 2.404769922776002489e-04 2.268303311282188119e-03 1.897317304103624154e-03 9.999956274840083870e-01 1.925304053719317093e-02 9.999973177909851074e-01 -6.828871119068935513e-05 -2.335800556465983391e-03 1.037922382354736328e+00 6.381294952007010579e-05 9.999982118606567383e-01 -1.914535067044198513e-03 -6.883486639708280563e-04 2.335927216336131096e-03 1.914379303343594074e-03 9.999954104423522949e-01 1.571035757660865784e-02 2.710581064224243164e+03
8.917332000000000000e+07 9.999964671059279331e-01 2.061748160516360911e-04 -2.650144827736486235e-03 1.024245816931117048e+00 -2.120015808684449967e-04 9.999975606780872051e-01 -2.198566170213317721e-03 -1.007033046705243899e-03 2.649685074204415330e-03 2.199120237804938222e-03 9.999940715020200210e-01 1.770956735747402852e-02 9.999958276748657227e-01 8.131183130899444222e-05 -2.884550252929329872e-03 1.036442279815673828e+00 -8.994212839752435684e-05 9.999954700469970703e-01 -2.992459107190370560e-03 -2.165920333936810493e-03 2.884295070543885231e-03 2.992710797116160393e-03 9.999914169311523438e-01 1.392703503370285034e-02 2.817925453186035156e+03
8.927742000000000000e+07 9.999995925901851157e-01 5.563522347646394526e-04 -7.108386981345228344e-04 1.041173363519007466e+00 -5.576072727026310958e-04 9.999982841033743242e-01 -1.766596851766446489e-03 1.213216713416485860e-03 7.098546283023907978e-04 1.766992500865348110e-03 9.999981869203107276e-01 1.315069143375158234e-02 9.999992251396179199e-01 4.757186688948422670e-04 -1.191745046526193619e-03 1.028200626373291016e+00 -4.777663561981171370e-04 9.999984502792358398e-01 -1.716799568384885788e-03 -1.717806328088045120e-03 1.190926181152462959e-03 1.717364299111068249e-03 9.999977350234985352e-01 1.346927694976329803e-02 2.537268877029418945e+03
8.938118000000000000e+07 9.999972778811366814e-01 9.305087445142014042e-04 2.139715820616918101e-03 1.026181246486761456e+00 -9.264459317214945779e-04 9.999977678016531701e-01 -1.898970680789188086e-03 -4.313754523705950941e-04 -2.141478053170851447e-03 1.896983180548226415e-03 9.999959077549070985e-01 1.346911218293753848e-02 9.999968409538269043e-01 8.720242185518145561e-04 2.373890019953250885e-03 1.034885168075561523e+00 -8.675805293023586273e-04 9.999978542327880859e-01 -1.869878731667995453e-03 -1.113003585487604141e-03 -2.375518437474966049e-03 1.867811311967670918e-03 9.999954700469970703e-01 1.306050363928079605e-02 2.741239547729492188e+03
8.948513000000000000e+07 9.999924326012641362e-01 6.695942859479322431e-04 3.832281787452609511e-03 1.034397588851572403e+00 -6.619451427974999995e-04 9.999977871137740726e-01 -1.996896638016686099e-03 -4.225835971547329184e-04 -3.833610417627472851e-03 1.994344766388556241e-03 9.999906629664692126e-01 1.482996989340282061e-02 9.999922513961791992e-01 6.714499904774129391e-04 3.857812844216823578e-03 1.032009005546569824e+00 -6.643087253905832767e-04 9.999980926513671875e-01 -1.850369386374950409e-03 -4.481726791709661484e-03 -3.859047312289476395e-03 1.847795676440000534e-03 9.999908208847045898e-01 1.458692643791437149e-02 2.766209602355957031e+03
8.958899000000000000e+07 9.999981718336696801e-01 9.835351001215614404e-04 1.639813411737224124e-03 1.020275489659090429e+00 -9.830741547093503792e-04 9.999994770546952738e-01 -2.818785947900387823e-04 1.699457757861017135e-03 -1.640089791696448807e-03 2.802660212854578693e-04 9.999986157772582374e-01 1.790029259740425621e-02 9.999982118606567383e-01 8.317194296978414059e-04 1.732218428514897823e-03 1.026246428489685059e+00 -8.312173304148018360e-04 9.999995827674865723e-01 -3.010988875757902861e-04 -5.618112161755561829e-03 -1.732467673718929291e-03 2.996699477080255747e-04 9.999985098838806152e-01 1.491666678339242935e-02 2.554195880889892578e+03
8.969287000000000000e+07 9.999990827954100547e-01 1.157681994443645300e-03 -7.029798988862880548e-04 1.011777326637283370e+00 -1.156572767828399195e-03 9.999980888793708056e-01 1.576254116101001449e-03 3.778520687332943655e-03 7.048033564157793170e-04 -1.575439622946108635e-03 9.999985106200024454e-01 1.766130914213785361e-02 9.999988079071044922e-01 1.080404384993016720e-03 -1.035090652294456959e-03 1.019501686096191406e+00 -1.079363166354596615e-03 9.999989867210388184e-01 9.935620473697781563e-04 -7.058836985379457474e-03 1.036162720993161201e-03 -9.924550540745258331e-04 9.999989867210388184e-01 1.245937030762434006e-02 2.629035711288452148e+03
8.979683000000000000e+07 9.999985715507775375e-01 8.314643304394912738e-04 -1.471585359963396627e-03 1.021635103422225299e+00 -8.283205100681954825e-04 9.999973763938538873e-01 2.135670981556247842e-03 8.346265988241350145e-03 1.473357233345720576e-03 -2.134448986522720880e-03 9.999966366673374019e-01 1.606169116596321139e-02 9.999981522560119629e-01 9.787549497559666634e-04 -1.659318571910262108e-03 1.012132763862609863e+00 -9.754780912771821022e-04 9.999975562095642090e-01 1.975306775420904160e-03 -7.402364630252122879e-03 1.661248970776796341e-03 -1.973684411495923996e-03 9.999967217445373535e-01 9.000009857118129730e-03 2.362178087234497070e+03
8.990071000000000000e+07 9.999988210129441280e-01 1.355919761048019877e-03 7.207317970513110825e-04 1.006178411427411268e+00 -1.356637874167661599e-03 9.999985829474163923e-01 9.968133412291023052e-04 5.020161425158684715e-03 -7.193791768290074082e-04 -9.977899380520728785e-04 9.999992434541334907e-01 1.268136943071925503e-02 9.999994039535522461e-01 1.095663988962769508e-03 3.823654551524668932e-04 1.015044331550598145e+00 -1.096029183827340603e-03 9.999988675117492676e-01 9.230425348505377769e-04 -3.876561066135764122e-03 -3.813550283666700125e-04 -9.234649478457868099e-04 9.999994635581970215e-01 1.067349128425121307e-02 2.516562461853027344e+03
9.000458000000000000e+07 9.999972232221959745e-01 1.080512163213482495e-03 2.094287793685980018e-03 1.015486197490100162e+00 -1.081525971930492533e-03 9.999992985008430146e-01 4.830107596091050802e-04 5.042758034162004438e-03 -2.093764425544137383e-03 -4.852744450371170243e-04 9.999976903269544026e-01 1.666409848730704760e-02 9.999973177909851074e-01 9.963554330170154572e-04 2.065891632810235023e-03 1.013995885848999023e+00 -9.969314560294151306e-04 9.999995231628417969e-01 2.824467374011874199e-04 -7.343363016843795776e-03 -2.065608743578195572e-03 -2.845037961378693581e-04 9.999978542327880859e-01 1.132850255817174911e-02 2.472134590148925781e+03
9.010870000000000000e+07 9.999984185026121741e-01 1.042898641551343085e-03 1.440609141239693582e-03 1.003257126316224657e+00 -1.042387729003285343e-03 9.999993935748975327e-01 -3.553556804256689490e-04 3.606682824506468685e-03 -1.440978867574530756e-03 3.538534451404704386e-04 9.999988991832152729e-01 1.513578215643193899e-02 9.999984502792358398e-01 1.043328084051609039e-03 1.466556452214717865e-03 1.007135987281799316e+00 -1.043846830725669861e-03 9.999994039535522461e-01 3.531230904627591372e-04 -4.593099467456340790e-03 -1.466187881305813789e-03 -3.546539519447833300e-04 9.999988675117492676e-01 1.711669936776161194e-02 2.324950695037841797e+03
9.021251000000000000e+07 9.999995450359548954e-01 9.479524956857860981e-04 1.063670490616005598e-04 9.934397066829953049e-01 -9.478370783884044765e-04 9.999989676677548678e-01 -1.079939024896387715e-03 -1.341988961405790895e-05 -1.073906701493049860e-04 1.079837714929940927e-03 9.999994112087032816e-01 1.888324217147612297e-02 9.999995827674865723e-01 7.413035491481423378e-04 -2.534499799367040396e-04 1.005106449127197266e+00 -7.417018641717731953e-04 9.999983906745910645e-01 -1.603923621587455273e-03 -6.140057928860187531e-03 2.522610884625464678e-04 1.604116521775722504e-03 9.999986886978149414e-01 2.276114746928215027e-02 2.579922914505004883e+03
9.031652000000000000e+07 9.999998693461270571e-01 4.665745460949261513e-04 -2.088442523049661396e-04 1.003309528710627951e+00 -4.666292068180901407e-04 9.999998568701026214e-01 -2.617574408419164056e-04 3.881868482755854079e-03 2.087220930539619137e-04 2.618548594700945988e-04 9.999999439335587326e-01 1.348831967697859680e-02 9.999997615814208984e-01 6.625528912991285324e-04 -1.785644708434119821e-04 9.972105026245117188e-01 -6.625871756114065647e-04 9.999997615814208984e-01 -1.510071451775729656e-04 -3.539571072906255722e-03 1.784653577487915754e-04 1.511239970568567514e-04 1.000000000000000000e+00 2.059142664074897766e-02 2.680199384689331055e+03
9.042032000000000000e+07 9.999995781878462386e-01 8.797550520858803905e-04 2.639226740477510305e-04 9.934363006027016052e-01 -8.798679478448467699e-04 9.999995213454646592e-01 4.279500392512618754e-04 3.476736965271508793e-03 -2.635460565108944616e-04 -4.281820758383382010e-04 9.999998736017849943e-01 1.762048681383427892e-02 9.999996423721313477e-01 7.786428905092179775e-04 6.459461292251944542e-05 9.941585659980773926e-01 -7.786356145516037941e-04 9.999997615814208984e-01 4.841682311962358654e-06 -2.411159221082925797e-03 -6.459149881266057491e-05 -4.893014647677773610e-06 1.000000000000000000e+00 1.985492557287216187e-02 2.488333702087402344e+03
9.052433000000000000e+07 9.999986216530358796e-01 9.344292667355462694e-04 1.372419022677701670e-03 9.760066001903449084e-01 -9.367563839668228151e-04 9.999981230868231208e-01 1.695968840493666590e-03 3.662931177214400619e-03 -1.370831683846325142e-03 -1.697252125141135090e-03 9.999976200750272382e-01 1.191407025255018619e-02 9.999986290931701660e-01 7.599808741360902786e-04 1.490805298089981079e-03 9.794872403144836426e-01 -7.628562161698937416e-04 9.999977946281433105e-01 1.926835975609719753e-03 -6.740442477166652679e-04 -1.489339279942214489e-03 -1.927966135554015636e-03 9.999969601631164551e-01 2.087081037461757660e-02 2.400888204574584961e+03
9.062822000000000000e+07 9.999993979125948451e-01 6.877150261528798677e-04 8.551154838137787952e-04 9.723922843951414707e-01 -6.885493803278264126e-04 9.999992868472558083e-01 9.758097820582404408e-04 6.224451153213969926e-03 -8.544437949360363539e-04 -9.763979837719494789e-04 9.999991582860350281e-01 1.840374626698711852e-02 9.999994635581970215e-01 8.546273456886410713e-04 7.136082276701927185e-04 9.578214883804321289e-01 -8.553326479159295559e-04 9.999992251396179199e-01 9.753106860443949699e-04 -1.846709405072033405e-03 -7.127771968953311443e-04 -9.759264066815376282e-04 9.999992847442626953e-01 2.144213207066059113e-02 2.593366146087646484e+03
9.073222000000000000e+07 9.999992618862370009e-01 1.148433234115902365e-03 3.966460487007848973e-04 9.420736137635747909e-01 -1.148677289969068796e-03 9.999991507758340115e-01 6.156200892580747722e-04 2.457341006663969762e-03 -3.959387132892816193e-04 -6.160752531687126643e-04 9.999997318418729630e-01 1.750535934975800192e-02 9.999994635581970215e-01 8.558492991141974926e-04 5.663293995894491673e-04 9.400588274002075195e-01 -8.561511058360338211e-04 9.999994635581970215e-01 5.352806183509528637e-04 -8.771812426857650280e-04 -5.658691516146063805e-04 -5.357637419365346432e-04 9.999997019767761230e-01 2.208368293941020966e-02 2.487892389297485352e+03
9.083620000000000000e+07 9.999988748021403362e-01 3.637823013026559964e-04 1.455354558373946105e-03 9.331132657804395159e-01 -3.649418486328851840e-04 9.999996161552218155e-01 7.965593866516050081e-04 6.410049415810140788e-03 -1.455064225536897805e-03 -7.970896101476372328e-04 9.999986237171794023e-01 1.720540251833720807e-02 9.999992251396179199e-01 6.349426694214344025e-04 1.021560165099799633e-03 9.246850609779357910e-01 -6.357043166644871235e-04 9.999995827674865723e-01 7.483569206669926643e-04 1.720525557175278664e-03 -1.021080533973872662e-03 -7.490047137252986431e-04 9.999992251396179199e-01 1.993425935506820679e-02 2.607393741607666016e+03
9.094010000000000000e+07 9.999987799390451793e-01 1.181893005620238265e-05 1.562043768267190038e-03 9.070692240855423583e-01 -1.405596942857429451e-05 9.999989744166372097e-01 1.432120142838285738e-03 6.283360346515613933e-03 -1.562025240133288993e-03 -1.432140351603869866e-03 9.999977545230602782e-01 1.706016780293510143e-02 9.999983310699462891e-01 4.866646122536621988e-05 1.813789363950490952e-03 9.052957892417907715e-01 -5.181037704460322857e-05 9.999985098838806152e-01 1.736267004162073135e-03 4.089363384991884232e-03 -1.813703216612339020e-03 -1.736364327371120453e-03 9.999967813491821289e-01 2.268897555768489838e-02 2.436475038528442383e+03
9.104407000000000000e+07 9.999997222658757456e-01 -6.202661165271574576e-04 4.132046903764452169e-04 8.800108111973266034e-01 6.205997521044433933e-04 9.999994811607717526e-01 -8.077958496701616352e-04 1.344276308890701797e-03 -4.127034275950209642e-04 8.080520600461047745e-04 9.999995883637897709e-01 2.001949925864711030e-02 9.999996423721313477e-01 -7.331063388846814632e-04 3.757676458917558193e-04 8.841150999069213867e-01 7.333477842621505260e-04 9.999994039535522461e-01 -6.661230581812560558e-04 4.855979233980178833e-03 -3.752852207981050014e-04 6.664005341008305550e-04 9.999997615814208984e-01 2.243531495332717896e-02 2.592268705368041992e+03
9.114811000000000000e+07 9.999961035347038063e-01 -2.571710972036642638e-03 -1.085918084602255059e-03 8.582906916494920102e-01 2.571521599767160639e-03 9.999966781889002565e-01 -1.757493302744812943e-04 7.453710795587486192e-03 1.086366453868502962e-03 1.729561836631825244e-04 9.999993949468601873e-01 1.854476757176351173e-02 9.999965429306030273e-01 -2.290291711688041687e-03 -1.263625919818878174e-03 8.586768507957458496e-01 2.290260279551148415e-03 9.999974370002746582e-01 -3.193240263499319553e-05 1.080334000289440155e-02 1.263702404685318470e-03 2.904225584643427283e-05 9.999992251396179199e-01 1.980642415583133698e-02 2.295150518417358398e+03
9.125194000000000000e+07 9.999958533820860751e-01 -2.755877857518502280e-03 -8.356768919664947374e-04 8.381400707017315765e-01 2.755760196780813326e-03 9.999961928155859381e-01 -1.419157191023245879e-04 4.352137190654802555e-03 8.360648127783643297e-04 1.396122055158107269e-04 9.999996407519659014e-01 1.696447074949261960e-02 9.999948143959045410e-01 -3.094394924119114876e-03 -9.617963223718106747e-04 8.419125676155090332e-01 3.094271058216691017e-03 9.999951720237731934e-01 -1.200834885821677744e-04 7.473562844097614288e-03 9.621620411053299904e-04 1.171123876702040434e-04 9.999994635581970215e-01 1.672585494816303253e-02 2.184022665023803711e+03
9.135593000000000000e+07 9.999906937351291658e-01 -4.311573876039586327e-03 1.509100607605643081e-04 8.209504676930931000e-01 4.311313430626711150e-03 9.999892856312241340e-01 1.685585731048645309e-03 1.449372889937029264e-02 -1.581759712583357845e-04 -1.684919423969596193e-03 9.999985680124230392e-01 1.649963874375150186e-02 9.999920129776000977e-01 -4.000264219939708710e-03 -1.327370118815451860e-04 8.175176382064819336e-01 4.000549670308828354e-03 9.999898076057434082e-01 2.119438024237751961e-03 1.362621039152145386e-02 1.242553262272849679e-04 -2.119966084137558937e-03 9.999977350234985352e-01 2.538529410958290100e-02 2.375214815139770508e+03
9.145982000000000000e+07 9.999908123253690162e-01 -4.267561739996291251e-03 -4.039574779428782353e-04 8.017760425704949512e-01 4.268337794991708400e-03 9.999890084569483806e-01 1.940169517652515956e-03 1.396099413570271730e-02 3.956732446242274275e-04 -1.941875918976931686e-03 9.999980362783712495e-01 1.501970250286300580e-02 9.999904632568359375e-01 -4.352618940174579620e-03 -5.014901980757713318e-04 7.993400096893310547e-01 4.353847354650497437e-03 9.999874830245971680e-01 2.477288711816072464e-03 1.532764267176389694e-02 4.907050752080976963e-04 -2.479444257915019989e-03 9.999968409538269043e-01 2.757797949016094208e-02 2.143127202987670898e+03
9.156382000000000000e+07 9.999873711270300669e-01 -4.885352953307574297e-03 -1.179369735492937377e-03 7.800699195114145779e-01 4.885541689404361912e-03 9.999880533133763683e-01 1.572034507944159213e-04 6.859177597874513942e-03 1.178587651589685457e-03 -1.629633255019779560e-04 9.999992921868005036e-01 1.761111849943915522e-02 9.999860525131225586e-01 -5.140329711139202118e-03 -1.150106312707066536e-03 7.845205664634704590e-01 5.140679422765970230e-03 9.999867081642150879e-01 3.044382610823959112e-04 1.135215163230895996e-02 1.148527371697127819e-03 -3.103447379544377327e-04 9.999992847442626953e-01 2.438266761600971222e-02 2.311392068862915039e+03
9.166769000000000000e+07 9.999727739769644907e-01 -7.250251653137832972e-03 -1.373009752593712515e-03 7.612250014867982806e-01 7.249412162928468677e-03 9.999735332927904841e-01 -6.154163017485815568e-04 1.020474860531152793e-02 1.377435336605715294e-03 6.054460328099015411e-04 9.999988680528567597e-01 1.448420315277247454e-02 9.999747872352600098e-01 -6.980154663324356079e-03 -1.321424613706767559e-03 7.606204152107238770e-01 6.979160476475954056e-03 9.999753236770629883e-01 -7.525362307205796242e-04 9.878458455204963684e-03 1.326640136539936066e-03 7.432930287905037403e-04 9.999988675117492676e-01 2.307256124913692474e-02 2.160440921783447266e+03
9.177170000000000000e+07 9.999605320557609645e-01 -8.734712956405037143e-03 -1.624536958216168947e-03 7.383265537701684256e-01 8.731587460410901100e-03 9.999600334377413136e-01 -1.921173498807056401e-03 6.893287593878656867e-03 1.641252930110218824e-03 1.906912887505197562e-03 9.999968349810207657e-01 1.419647335451331219e-02 9.999568462371826172e-01 -9.087081067264080048e-03 -1.931261154823005199e-03 7.397371530532836914e-01 9.083165787160396576e-03 9.999566674232482910e-01 -2.063635038211941719e-03 1.042743679136037827e-02 1.949930796399712563e-03 2.046007430180907249e-03 9.999960064888000488e-01 2.260531112551689148e-02 2.298827409744262695e+03
9.187557000000000000e+07 9.999354059246703397e-01 -1.126097785786108266e-02 -1.540894529028810677e-03 7.181337567481788087e-01 1.125896069412985097e-02 9.999357557460026857e-01 -1.311558141463052855e-03 1.261573670948603135e-02 1.555564962599617369e-03 1.294124551641528910e-03 9.999979527275504321e-01 1.652861819903411744e-02 9.999374747276306152e-01 -1.101786457002162933e-02 -1.906964345835149288e-03 7.165031433105468750e-01 1.101445592939853668e-02 9.999377131462097168e-01 -1.772047253325581551e-03 1.228467002511024475e-02 1.926371012814342976e-03 1.750927302055060863e-03 9.999966025352478027e-01 2.279206551611423492e-02 2.090093374252319336e+03
9.197954000000000000e+07 9.999268881076549542e-01 -1.208792469302872284e-02 -3.170425158198053443e-04 6.957553425555940141e-01 1.208806088886112302e-02 9.999268437308832524e-01 4.312427864336979780e-04 1.471110334977760413e-02 3.118064918453742457e-04 -4.350436866931091970e-04 9.999998567568407770e-01 1.328328099096017130e-02 9.999273419380187988e-01 -1.205264776945114136e-02 -3.377417742740362883e-04 6.972413659095764160e-01 1.205272972583770752e-02 9.999273419380187988e-01 4.749041981995105743e-04 1.823658309876918793e-02 3.319940296933054924e-04 -4.789397353306412697e-04 9.999998807907104492e-01 2.465035393834114075e-02 2.205804109573364258e+03
9.208370000000000000e+07 9.999221565914894194e-01 -1.247602412229126614e-02 -1.719869905802754156e-04 6.709568528679917820e-01 1.247604364057866740e-02 9.999221647668522506e-01 1.128851196320863833e-04 1.359055824514858457e-02 1.705652464571875753e-04 -1.150220494696954003e-04 9.999999788387121669e-01 1.354212478496968561e-02 9.999194741249084473e-01 -1.268222089856863022e-02 -2.249076496809720993e-04 6.700134873390197754e-01 1.268228609114885330e-02 9.999195933341979980e-01 1.785202184692025185e-04 2.092024683952331543e-02 2.226272772531956434e-04 -1.813483831938356161e-04 9.999999403953552246e-01 2.482405304908752441e-02 2.080440282821655273e+03
9.218728000000000000e+07 9.998997858743535749e-01 -1.413275930295001225e-02 8.266334779908957910e-04 6.526395672712890228e-01 1.413303499728882362e-02 9.999000696692690315e-01 -3.286292079166644496e-04 1.588857682002155561e-02 -8.219064347386415307e-04 3.402791145023070763e-04 9.999996043398901024e-01 1.060637741959959482e-02 9.999011754989624023e-01 -1.404581591486930847e-02 6.688540452159941196e-04 6.525151133537292480e-01 1.404602546244859695e-02 9.999012947082519531e-01 -2.621213207021355629e-04 1.796150952577590942e-02 -6.651096045970916748e-04 2.714795700740069151e-04 9.999997615814208984e-01 2.224436961114406586e-02 2.095135927200317383e+03
9.229178000000000000e+07 9.998802631311662914e-01 -1.533044577695202339e-02 2.106379127706446350e-03 6.215977625683747343e-01 1.533236949835042016e-02 9.998820470950348094e-01 -9.001903179368221999e-04 1.038736989640809232e-02 -2.092330355311308038e-03 9.323783150564062937e-04 9.999973764087393135e-01 1.647880889174057131e-02 9.998791217803955078e-01 -1.539900805801153183e-02 2.134329406544566154e-03 6.223756074905395508e-01 1.540133636444807053e-02 9.998807311058044434e-01 -1.073908992111682892e-03 1.919070445001125336e-02 -2.117537660524249077e-03 1.106660929508507252e-03 9.999971389770507812e-01 2.713138051331043243e-02 2.115203857421875000e+03
9.239482000000000000e+07 9.998546950542297473e-01 -1.704208628588336702e-02 3.950608025022183528e-04 6.054674748705495269e-01 1.704143581137895422e-02 9.998535116276391355e-01 1.595227684420067122e-03 2.080280133551041383e-02 -4.221889385317929085e-04 -1.588263486640457880e-03 9.999986495868867786e-01 1.283929579143288681e-02 9.998535513877868652e-01 -1.710915006697177887e-02 3.960712638217955828e-04 6.052492856979370117e-01 1.710857264697551727e-02 9.998528361320495605e-01 1.298241899348795414e-03 2.214325405657291412e-02 -4.182233824394643307e-04 -1.291287015192210674e-03 9.999989867210388184e-01 2.438762597739696503e-02 2.198229074478149414e+03
9.249871000000000000e+07 9.998260373158042169e-01 -1.863511578790195966e-02 -7.921899693818737096e-04 5.824421088171453098e-01 1.863750126061115148e-02 9.998214423629295800e-01 3.118803948935001177e-03 2.293170402635713589e-02 7.339292451046603360e-04 -3.133025834981562410e-03 9.999948227350882179e-01 1.129565971116311754e-02 9.998082518577575684e-01 -1.955641433596611023e-02 -1.073205261491239071e-03 6.128587126731872559e-01 1.955981366336345673e-02 9.998031854629516602e-01 3.291752655059099197e-03 2.997124195098876953e-02 1.008618623018264771e-03 -3.312112996354699135e-03 9.999939799308776855e-01 2.622386626899242401e-02 2.268189191818237305e+03
9.260714000000000000e+07 9.997946001342498112e-01 -2.026408795558366782e-02 -3.525361311616342615e-04 5.800855101153566951e-01 2.026506933885600589e-02 9.997899968616263955e-01 3.047809068899102851e-03 2.538321628876284014e-02 2.907010264237031580e-04 -3.054327218467961513e-03 9.999952932780011849e-01 1.205784736656484793e-02 9.998121857643127441e-01 -1.937178336083889008e-02 -5.247714580036699772e-04 5.505172014236450195e-01 1.937339454889297485e-02 9.998074173927307129e-01 3.137623192742466927e-03 2.603364922106266022e-02 4.638888931367546320e-04 -3.147187409922480583e-03 9.999949932098388672e-01 2.008230425417423248e-02 2.088250398635864258e+03
9.270633000000000000e+07 9.997667774678463681e-01 -2.159273449375337037e-02 3.801166135850889919e-04 5.639958771689498329e-01 2.159282338353402456e-02 9.997668210488204199e-01 -2.313185322866238998e-04 2.040622693725276451e-02 -3.750331787406575141e-04 2.394723744950798174e-04 9.999999010015433454e-01 8.533906763647019708e-03 9.997482895851135254e-01 -2.243913896381855011e-02 7.755359547445550561e-05 5.792322158813476562e-01 2.243924327194690704e-02 9.997481107711791992e-01 -5.086418823339045048e-04 2.448637969791889191e-02 -6.612154538743197918e-05 5.102416034787893295e-04 9.999998807907104492e-01 1.917654275894165039e-02 2.227440357208251953e+03
9.281267000000000000e+07 9.997401510684262860e-01 -2.277025518802785337e-02 1.070429984687955001e-03 5.532000537732033596e-01 2.276914452612217865e-02 9.997402099713968981e-01 1.038568194968378378e-03 2.443982284262518137e-02 -1.093800360481214781e-03 -1.013925549106094734e-03 9.999988877772576501e-01 1.070786999279053561e-02 9.997515678405761719e-01 -2.226292900741100311e-02 1.018615439534187317e-03 5.391004681587219238e-01 2.226208336651325226e-02 9.997518658638000488e-01 7.599637610837817192e-04 2.531018108129501343e-02 -1.035277615301311016e-03 -7.370911771431565285e-04 9.999992251396179199e-01 1.409209985285997391e-02 2.173076629638671875e+03
9.291389000000000000e+07 9.997091864809790618e-01 -2.411275003691651375e-02 3.431489416606611103e-04 5.351277905527004330e-01 2.411204902090709895e-02 9.997074218154429204e-01 1.918295893099280060e-03 2.487977243934169289e-02 -3.893039331334237981e-04 -1.909464002617290322e-03 9.999981011930324515e-01 8.473269640350200235e-03 9.997137784957885742e-01 -2.392393909394741058e-02 3.785383014474064112e-04 5.394650697708129883e-01 2.392304502427577972e-02 9.997114539146423340e-01 2.180533716455101967e-03 3.477938100695610046e-02 -4.305991169530898333e-04 -2.170865191146731377e-03 9.999974966049194336e-01 1.102990284562110901e-02 2.197120189666748047e+03
9.301761000000000000e+07 9.996371034855784377e-01 -2.693441559237132188e-02 -4.456362422081242307e-04 5.393567418454210394e-01 2.693495476257640187e-02 9.996364046440520124e-01 1.251687760926820277e-03 3.027373253433583364e-02 4.117607325953276647e-04 -1.263236719825676325e-03 9.999991173426547864e-01 9.659305043030955509e-03 9.996378421783447266e-01 -2.690552547574043274e-02 -4.577607905957847834e-04 5.284971594810485840e-01 2.690614573657512665e-02 9.996370077133178711e-01 1.319543807767331600e-03 3.258249536156654358e-02 4.220906412228941917e-04 -1.331373467110097408e-03 9.999990463256835938e-01 1.015366706997156143e-02 2.147273540496826172e+03
9.312132000000000000e+07 9.995315900936464493e-01 -3.052240128259868165e-02 -2.232358575748714588e-03 5.146042141673893289e-01 3.052455854985921396e-02 9.995335762581150085e-01 9.387534283351788109e-04 2.838832591585039450e-02 2.202664341863523612e-03 -1.006455466979445197e-03 9.999970676542957460e-01 7.891513949498463534e-03 9.995439648628234863e-01 -3.012814559042453766e-02 -2.044287277385592461e-03 5.201393365859985352e-01 3.013070859014987946e-02 9.995452165603637695e-01 1.256401534192264080e-03 3.702307119965553284e-02 2.005506772547960281e-03 -1.317427493631839752e-03 9.999971389770507812e-01 9.644766338169574738e-03 2.043875455856323242e+03
9.322506000000000000e+07 9.993892562053380280e-01 -3.480797795379962645e-02 -3.085328525303497344e-03 5.203516603477673641e-01 3.480651874473120189e-02 9.993939314406041774e-01 -5.254070476820298530e-04 3.215890016461379897e-02 3.101746961621390866e-03 4.176966134383562710e-04 9.999951023356691282e-01 1.053155281165616373e-02 9.993966817855834961e-01 -3.457944840192794800e-02 -3.251036163419485092e-03 5.100972056388854980e-01 3.457717224955558777e-02 9.994016885757446289e-01 -7.617919472977519035e-04 3.387347608804702759e-02 3.275425639003515244e-03 6.489255465567111969e-04 9.999943971633911133e-01 8.419197052717208862e-03 2.082060813903808594e+03
9.332869000000000000e+07 9.992604514789087400e-01 -3.838956232187280826e-02 -2.188975765606614686e-03 5.091173531331488755e-01 3.838779526323671254e-02 9.992625608070149212e-01 -8.436493552410550233e-04 3.309021414423226476e-02 2.219748858585396476e-03 7.589954820817735280e-04 9.999972483166456039e-01 4.911010203883014145e-03 9.992592930793762207e-01 -3.841230273246765137e-02 -2.302228007465600967e-03 5.063743591308593750e-01 3.841058164834976196e-02 9.992617368698120117e-01 -7.930548163130879402e-04 3.400764241814613342e-02 2.331000519916415215e-03 7.040390046313405037e-04 9.999970197677612305e-01 5.703569855540990829e-03 1.991047382354736328e+03
9.343244000000000000e+07 9.990653534284462678e-01 -4.322091663773926229e-02 6.098720253844245069e-04 4.947778006850432342e-01 4.322280110626987998e-02 9.990592612716062693e-01 -3.518796947822058069e-03 2.956672432661903299e-02 -4.572126656038329813e-04 3.541868493572250878e-03 9.999936230417434402e-01 5.899067114577188041e-03 9.990763664245605469e-01 -4.296493902802467346e-02 6.222355295903980732e-04 5.076210498809814453e-01 4.296690225601196289e-02 9.990697503089904785e-01 -3.673177212476730347e-03 3.650707006454467773e-02 -4.638480022549629211e-04 3.696510102599859238e-03 9.999930262565612793e-01 -1.108704134821891785e-03 2.085772275924682617e+03
9.353624000000000000e+07 9.987886721959678971e-01 -4.911145491853746020e-02 3.041921892480529532e-03 5.068399311257436590e-01 4.912051186742397157e-02 9.987884199174639210e-01 -2.977843625531277367e-03 3.795536501132505680e-02 -2.891990127533235373e-03 3.123657241170977889e-03 9.999909395382250432e-01 1.177728331472970361e-02 9.987777471542358398e-01 -4.934596642851829529e-02 2.844583010300993919e-03 4.994428753852844238e-01 4.935568943619728088e-02 9.987754225730895996e-01 -3.415593178942799568e-03 3.182211890816688538e-02 -2.672546310350298882e-03 3.551818896085023880e-03 9.999901056289672852e-01 9.079605806618928909e-04 2.172368288040161133e+03
9.363969000000000000e+07 9.986600803953915584e-01 -5.170096562778333377e-02 2.248105385597270502e-03 4.861120919799683526e-01 5.169604410327025001e-02 9.986604536617746941e-01 2.194838520457753888e-03 4.720007075994129414e-02 -2.358569215164770579e-03 -2.075679458132606917e-03 9.999950643408418438e-01 1.182694055064755119e-02 9.986602663993835449e-01 -5.168642476201057434e-02 2.468550810590386391e-03 4.924291372299194336e-01 5.168107151985168457e-02 9.986612796783447266e-01 2.164198551326990128e-03 4.325058683753013611e-02 -2.577111590653657913e-03 -2.033727243542671204e-03 9.999946951866149902e-01 3.429161617532372475e-03 2.050116777420043945e+03
9.374329000000000000e+07 9.986841257592106169e-01 -5.127741824650875607e-02 -8.020813760023349061e-04 4.735987396517316594e-01 5.128067961732835078e-02 9.986728257623097571e-01 4.783197874678485340e-03 5.396871418739732779e-02 5.557468362878729105e-04 -4.818035065876399847e-03 9.999882387726157784e-01 4.913894032231801677e-03 9.986841678619384766e-01 -5.128383263945579529e-02 -2.836077692336402833e-05 4.898012876510620117e-01 5.128309503197669983e-02 9.986687302589416504e-01 5.547858774662017822e-03 6.004836037755012512e-02 -2.561955188866704702e-04 -5.542010534554719925e-03 9.999845623970031738e-01 6.399504840373992920e-03 2.018837690353393555e+03
9.384721000000000000e+07 9.986501834584967652e-01 -5.189683762212168178e-02 -2.128220649756581116e-03 4.946068070230053015e-01 5.190237123302922362e-02 9.986486926903095362e-01 2.632954295968052867e-03 5.227299319230831881e-02 1.988702768071609096e-03 -2.739859988935797706e-03 9.999942690978490534e-01 6.351748163465109447e-03 9.986567497253417969e-01 -5.177665874361991882e-02 -1.945398515090346336e-03 4.799842238426208496e-01 5.178180336952209473e-02 9.986550211906433105e-01 2.628669142723083496e-03 4.761088639497756958e-02 1.806685235351324081e-03 -2.725870814174413681e-03 9.999946355819702148e-01 1.380447996780276299e-03 2.252218246459960938e+03
9.395065000000000000e+07 9.985974513485490478e-01 -5.288778140325123972e-02 -2.452088584058887029e-03 4.655751516434713522e-01 5.288147471505017655e-02 9.985974908770841596e-01 -2.569211153915586937e-03 4.278557374114626971e-02 2.584529385336629265e-03 2.435937649819396641e-03 9.999936931879231938e-01 1.551776695145634568e-03 9.985963702201843262e-01 -5.290510877966880798e-02 -2.535036997869610786e-03 4.767711162567138672e-01 5.289984494447708130e-02 9.985975623130798340e-01 -2.109391149133443832e-03 3.869760036468505859e-02 2.643081126734614372e-03 1.972325611859560013e-03 9.999945759773254395e-01 2.232142491266131401e-03 2.217177152633666992e+03
9.405440000000000000e+07 9.986532102914844611e-01 -5.188213967094410656e-02 -9.569575121189981205e-05 4.533042788167150339e-01 5.188158678027516429e-02 9.986483402182083635e-01 -3.129462026976925423e-03 3.505386888962692266e-02 2.579295890922310539e-04 3.120282452304798913e-03 9.999950986428608468e-01 1.704008447312792274e-02 9.986339211463928223e-01 -5.223653838038444519e-02 -1.288772560656070709e-03 4.799963533878326416e-01 5.222940817475318909e-02 9.986227154731750488e-01 -4.975776188075542450e-03 3.832969442009925842e-02 1.546916551887989044e-03 4.901668988168239594e-03 9.999868273735046387e-01 5.642025265842676163e-03 2.326225996017456055e+03
9.415811000000000000e+07 9.986840836537054233e-01 -5.125276457128042501e-02 1.804211894316993733e-03 4.800309303592509291e-01 5.124522142298994221e-02 9.986780716126717472e-01 4.004567555180037902e-03 5.179006834795443770e-02 -2.007072013512571206e-03 -3.906840641256069044e-03 9.999903540825463288e-01 3.765776035176103109e-03 9.986885190010070801e-01 -5.115728452801704407e-02 2.075698459520936012e-03 4.703272283077239990e-01 5.114774778485298157e-02 9.986811876296997070e-01 4.467115737497806549e-03 4.723675549030303955e-02 -2.301496453583240509e-03 -4.355098586529493332e-03 9.999879002571105957e-01 8.423353545367717743e-03 2.172937870025634766e+03
9.426183000000000000e+07 9.987160597175809285e-01 -5.062208629305053886e-02 1.906945601809653928e-03 4.499025431106796757e-01 5.060415906044828799e-02 9.986826086857765183e-01 8.500952555850685780e-03 5.944300961879122464e-02 -2.334769362092535636e-03 -8.393538461871699607e-03 9.999620479618789304e-01 -2.471385106457623737e-04 9.987095594406127930e-01 -5.071968212723731995e-02 2.576669212430715561e-03 4.707023799419403076e-01 5.069307237863540649e-02 9.986692667007446289e-01 9.478209540247917175e-03 6.268301606178283691e-02 -3.053964581340551376e-03 -9.335353970527648926e-03 9.999517202377319336e-01 8.629550226032733917e-03 2.201771497726440430e+03
9.436572000000000000e+07 9.986568893046229300e-01 -5.173405814114558077e-02 2.829253022056581277e-03 4.798399780782432456e-01 5.171462656041259792e-02 9.986403776275872834e-01 6.556948341022949406e-03 5.542155334137160300e-02 -3.164623853053546293e-03 -6.401827870096511025e-03 9.999745005527842512e-01 1.335236565423263827e-03 9.986599087715148926e-01 -5.169144272804260254e-02 2.537453779950737953e-03 4.646364450454711914e-01 5.167571082711219788e-02 9.986461997032165527e-01 5.950190592557191849e-03 5.284593254327774048e-02 -2.841596724465489388e-03 -5.811090581119060516e-03 9.999790787696838379e-01 7.131147431209683418e-04 2.080146789550781250e+03
9.446945000000000000e+07 9.986388448051531919e-01 -5.185655737374099405e-02 5.599562801944999758e-03 4.651619226848346389e-01 5.185372051097018875e-02 9.986544789046262194e-01 6.507172194488836364e-04 4.438622726803360952e-02 -5.625772426894545125e-03 -3.594733278095733420e-04 9.999841106055272766e-01 1.943931024007515464e-03 9.986345171928405762e-01 -5.192576721310615540e-02 5.723233800381422043e-03 4.698035120964050293e-01 5.192476138472557068e-02 9.986509680747985840e-01 3.360246773809194565e-04 4.153118655085563660e-02 -5.732961930334568024e-03 -3.838945485767908394e-05 9.999836683273315430e-01 5.083039868623018265e-04 2.091900587081909180e+03
9.457325000000000000e+07 9.986874572652950643e-01 -5.075976953646919865e-02 6.841673595263021539e-03 4.502175055466196008e-01 5.077485595043054745e-02 9.987080219500493738e-01 -2.049608702365438451e-03 4.006513380537187613e-02 -6.728796637781002919e-03 2.394303494613504637e-03 9.999744949780384751e-01 1.238437325840760668e-02 9.986636042594909668e-01 -5.127051845192909241e-02 6.511445157229900360e-03 4.809879064559936523e-01 5.128665268421173096e-02 9.986811876296997070e-01 -2.342642284929752350e-03 3.932521864771842957e-02 -6.382750347256660461e-03 2.673462033271789551e-03 9.999760389328002930e-01 2.510471502318978310e-03 2.123686075210571289e+03
9.467709000000000000e+07 9.986708003022924940e-01 -5.106157933947830935e-02 7.024794583244738100e-03 4.910681528045832134e-01 5.103756197533917960e-02 9.986904004593285533e-01 3.556866317361878204e-03 4.990197302061668422e-02 -7.197214127149099798e-03 -3.193610142821674130e-03 9.999690000010318380e-01 1.802751920606823419e-02 9.986969828605651855e-01 -5.061943456530570984e-02 6.476325914263725281e-03 4.747607111930847168e-01 5.060087144374847412e-02 9.987145662307739258e-01 2.990596229210495949e-03 4.110548272728919983e-02 -6.619385443627834320e-03 -2.658993005752563477e-03 9.999745488166809082e-01 6.926626898348331451e-03 2.071499109268188477e+03
9.478082000000000000e+07 9.987467842671102769e-01 -4.986609761307740640e-02 4.270038050094513912e-03 4.487550494468711682e-01 4.981793354744391139e-02 9.987007053112149091e-01 1.072728800509826878e-02 6.593632268748178538e-02 -4.799418003120940746e-03 -1.050111992717437347e-02 9.999333438120294737e-01 -2.008737937523303371e-03 9.987016916275024414e-01 -5.060470476746559143e-02 5.853896029293537140e-03 4.824273288249969482e-01 5.053057894110679626e-02 9.986481070518493652e-01 1.218871772289276123e-02 6.686171889305114746e-02 -6.462792400270700455e-03 -1.187709532678127289e-02 9.999085664749145508e-01 6.513005588203668594e-03 2.087066173553466797e+03
9.488479000000000000e+07 9.987267776125031693e-01 -5.042495560360337609e-02 1.465446048264768507e-03 4.962731311570423576e-01 5.041815132299817120e-02 9.987186847132996093e-01 4.358763782080995325e-03 5.516940784583099222e-02 -1.683358820039320986e-03 -4.279329025834737246e-03 9.999894267671892711e-01 1.131517215012240590e-02 9.987649321556091309e-01 -4.965020343661308289e-02 1.833777641877532005e-03 4.718671441078186035e-01 4.964127764105796814e-02 9.987564682960510254e-01 4.619333427399396896e-03 5.350961536169052124e-02 -2.060848055407404900e-03 -4.522597882896661758e-03 9.999876618385314941e-01 3.070538397878408432e-03 2.001395940780639648e+03
9.498857000000000000e+07 9.988099116910731379e-01 -4.873671534228041918e-02 -1.868926246841085253e-03 4.608228756755691768e-01 4.873939424303155854e-02 9.988105262564810349e-01 1.415658176884884321e-03 4.573361087862373719e-02 1.797708678553084239e-03 -1.505063751795073738e-03 9.999972515095278958e-01 2.838359149537489964e-03 9.987821578979492188e-01 -4.923234507441520691e-02 -3.208802314475178719e-03 4.736129641532897949e-01 4.923493787646293640e-02 9.987868666648864746e-01 7.365024066530168056e-04 3.648610785603523254e-02 3.168651834130287170e-03 -8.935873047448694706e-04 9.999945759773254395e-01 -6.056147161871194839e-03 2.120645523071289062e+03
9.509244000000000000e+07 9.990273095005937076e-01 -4.404935284604456769e-02 -2.022222996947406308e-03 4.522325037202029607e-01 4.404761131864555479e-02 9.990290295330322978e-01 -8.978237070745103375e-04 3.583884755777294595e-02 2.059808031406216815e-03 8.078763099153313688e-04 9.999975522603751221e-01 1.009486722899306278e-02 9.989770054817199707e-01 -4.516167193651199341e-02 -2.327847061678767204e-03 4.849037528038024902e-01 4.515866190195083618e-02 9.989789128303527832e-01 -1.329568796791136265e-03 3.456884250044822693e-02 2.385515253990888596e-03 1.223081024363636971e-03 9.999964237213134766e-01 -2.213241532444953918e-03 2.062779664993286133e+03
9.519646000000000000e+07 9.991595183168404670e-01 -4.098240961049658126e-02 -8.360977077126992632e-04 5.076234402191869277e-01 4.098313219700080307e-02 9.991594630169221558e-01 8.662211374693587311e-04 3.734027161902562369e-02 7.998951071988605853e-04 -8.997589973545489514e-04 9.999992753005193524e-01 8.659463323601851101e-03 9.991924166679382324e-01 -4.017477110028266907e-02 -7.444034563377499580e-04 4.845968186855316162e-01 4.017520323395729065e-02 9.991925358772277832e-01 5.980532150715589523e-04 3.218948096036911011e-02 7.197756785899400711e-04 -6.274789338931441307e-04 9.999995827674865723e-01 -9.565231390297412872e-03 2.077518463134765625e+03
9.530044000000000000e+07 9.993352766880360116e-01 -3.644045447340393817e-02 -1.047876241910511907e-03 4.722434275374076673e-01 3.644520666623382588e-02 9.993234213713175773e-01 4.944331075040057227e-03 4.664873932329068745e-02 8.669935997982977649e-04 -4.979234529109474033e-03 9.999872276912350477e-01 -1.873536094374428492e-03 9.992969632148742676e-01 -3.747889399528503418e-02 -9.886078769341111183e-04 4.954902231693267822e-01 3.748386353254318237e-02 9.992817044258117676e-01 5.565780680626630783e-03 3.928800299763679504e-02 7.792981923557817936e-04 -5.598920863121747971e-03 9.999839663505554199e-01 -5.403174087405204773e-03 2.123770713806152344e+03
9.540457000000000000e+07 9.993962778897036436e-01 -3.470084110184692983e-02 -1.712123544143648399e-03 5.044395822088921788e-01 3.471043913617352650e-02 9.993797764694644092e-01 5.936985667598015590e-03 4.167725385499350399e-02 1.505043248559125284e-03 -5.992829938154581662e-03 9.999809102348665713e-01 -2.613328663944957438e-03 9.994088411331176758e-01 -3.429811820387840271e-02 -2.343884436413645744e-03 4.952335059642791748e-01 3.431014716625213623e-02 9.993972182273864746e-01 5.294606555253267288e-03 3.441018238663673401e-02 2.160877222195267677e-03 -5.371890962123870850e-03 9.999832510948181152e-01 -8.657773025333881378e-03 2.128218173980712891e+03
9.550857000000000000e+07 9.995985506317536240e-01 -2.833055931132872143e-02 -3.420292454367738111e-04 4.958583753377196479e-01 2.833107449256015015e-02 9.995972990839209205e-01 1.609311103365459626e-03 3.072363629744334634e-02 2.962988262820355381e-04 -1.618355102470805202e-03 9.999986465659680412e-01 3.736547691509438038e-03 9.995902776718139648e-01 -2.862382866442203522e-02 -1.831133849918842316e-04 5.071898102760314941e-01 2.862420864403247833e-02 9.995879530906677246e-01 2.153828041628003120e-03 2.506033144891262054e-02 1.213874056702479720e-04 -2.158190356567502022e-03 9.999977350234985352e-01 -1.534832874312996864e-03 2.194442987442016602e+03
9.561282000000000000e+07 9.997510888387942662e-01 -2.228310139704336654e-02 1.106235858339482073e-03 5.108808264391093701e-01 2.228219125517963417e-02 9.997513779822341240e-01 8.283571039060321590e-04 2.162373197155362595e-02 -1.124419189087556359e-03 -8.035015576085478535e-04 9.999990450329110381e-01 1.187961338370922826e-02 9.997438788414001465e-01 -2.262353897094726562e-02 5.734777660109102726e-04 5.166486501693725586e-01 2.262292616069316864e-02 9.997436404228210449e-01 9.078578441403806210e-04 1.904721744358539581e-02 -5.938723334111273289e-04 -8.946523885242640972e-04 9.999993443489074707e-01 6.000404828228056431e-04 2.254051923751831055e+03
9.571708000000000000e+07 9.997747158971586057e-01 -2.122532865007029784e-02 -5.363256658717352449e-05 5.341313211581460996e-01 2.122533573416320735e-02 9.997747080488859073e-01 1.351618914689150608e-04 2.444894755690362950e-02 5.075162803421099023e-05 -1.362698108755547506e-04 9.999999894274053114e-01 -8.270425939698993617e-04 9.997826218605041504e-01 -2.084139734506607056e-02 4.986491403542459011e-04 5.225940942764282227e-01 2.084114030003547668e-02 9.997826218605041504e-01 6.459514261223375797e-04 1.606696471571922302e-02 -5.120027926750481129e-04 -6.354165379889309406e-04 9.999996423721313477e-01 2.827043412253260612e-03 2.204942226409912109e+03
9.582121000000000000e+07 9.998410861976954056e-01 -1.782458489586458486e-02 -2.941501365212844787e-04 5.168588002123329916e-01 1.782397293631949459e-02 9.998392070357106087e-01 -1.966230649367137553e-03 1.359569845467792533e-02 3.291500843833826103e-04 1.960675264105868516e-03 9.999980237044124864e-01 6.291796104696949568e-03 9.998181462287902832e-01 -1.906233467161655426e-02 -6.008855416439473629e-04 5.306512117385864258e-01 1.906082779169082642e-02 9.998154640197753906e-01 -2.377803670242428780e-03 1.138226781040430069e-02 6.461016018874943256e-04 2.365909516811370850e-03 9.999970793724060059e-01 -1.577020011609420180e-04 2.433473348617553711e+03
9.592544000000000000e+07 9.998772667546864668e-01 -1.555955155432485297e-02 -1.830787427856259489e-03 5.542189109382270606e-01 1.555857189324807641e-02 9.998788078502854892e-01 -5.481355076760694193e-04 1.619260740047031785e-02 1.839094293482648875e-03 5.195837954087844128e-04 9.999981738807622866e-01 4.510816323512042633e-03 9.998825192451477051e-01 -1.516072172671556473e-02 -2.245734212920069695e-03 5.411020517349243164e-01 1.515855174511671066e-02 9.998846650123596191e-01 -9.812287753447890282e-04 1.246685069054365158e-02 2.260351087898015976e-03 9.470747318118810654e-04 9.999969601631164551e-01 3.529437584802508354e-03 2.538124799728393555e+03
9.602970000000000000e+07 9.998990578147300967e-01 -1.411922473961545882e-02 -1.587977949268534620e-03 5.603943806500599756e-01 1.412000530990029264e-02 9.999001918630192609e-01 4.814170184518018697e-04 1.729524618149666168e-02 1.581022221070854834e-03 -5.037906802416094055e-04 9.999986232808958375e-01 3.234657478990499331e-03 9.999002814292907715e-01 -1.404360961169004440e-02 -1.492585404776036739e-03 5.554451942443847656e-01 1.404507737606763840e-02 9.999008774757385254e-01 9.726184071041643620e-04 1.259315945208072662e-02 1.478778431192040443e-03 -9.934859117493033409e-04 9.999984502792358398e-01 5.862602498382329941e-03 2.179763317108154297e+03
9.613395000000000000e+07 9.999063602097848502e-01 -1.367704780439161182e-02 -4.573569463970446791e-04 5.598244613558936988e-01 1.367731317525006270e-02 9.999062916701031423e-01 5.822223359164894725e-04 1.628860877849742581e-02 4.493510055203168573e-04 -5.884232309278442574e-04 9.999997259208499578e-01 1.379678358770641518e-03 9.998926520347595215e-01 -1.463916432112455368e-02 -4.899068153463304043e-04 5.731647014617919922e-01 1.463952288031578064e-02 9.998925328254699707e-01 7.438058382831513882e-04 1.437618862837553024e-02 4.789671511389315128e-04 -7.509003044106066227e-04 9.999995827674865723e-01 3.978772088885307312e-03 2.149026393890380859e+03
9.623819000000000000e+07 9.998987025845768040e-01 -1.422342763543889277e-02 -5.278976980023582146e-04 5.931342991633615780e-01 1.422329976907564866e-02 9.998988136941187044e-01 -2.451872204253485558e-04 1.657396454545294329e-02 5.313316846712684777e-04 2.376539363875321254e-04 9.999998306036093076e-01 3.708274708347428575e-03 9.999038577079772949e-01 -1.384652126580476761e-02 -7.473708246834576130e-04 5.868079066276550293e-01 1.384615805000066757e-02 9.999040365219116211e-01 -4.769003426190465689e-04 1.275060418993234634e-02 7.539023645222187042e-04 4.665129526983946562e-04 9.999996423721313477e-01 3.219022182747721672e-03 2.163547515869140625e+03
9.634232000000000000e+07 9.999118675472200568e-01 -1.327166393877847288e-02 -3.465177151756318398e-04 5.976990074478818471e-01 1.327144331100791989e-02 9.999117311549940990e-01 -6.314198804824492457e-04 1.372588118552298467e-02 3.548671209151659303e-04 6.267654416864349787e-04 9.999997406171701186e-01 3.945231395825044398e-04 9.999030232429504395e-01 -1.391227263957262039e-02 -6.786274025216698647e-04 6.047257184982299805e-01 1.391183026134967804e-02 9.999030828475952148e-01 -6.573413265869021416e-04 1.181963458657264709e-02 6.877068080939352512e-04 6.478310097008943558e-04 9.999995827674865723e-01 3.685180330649018288e-03 2.300368547439575195e+03
9.644646000000000000e+07 9.998951167405053519e-01 -1.448104422778093495e-02 2.342574738681935218e-04 6.230454872214354900e-01 1.448161828905138691e-02 9.998915726879661348e-01 -2.669381822813546648e-03 1.399947140117830356e-02 -1.955766377229806641e-04 2.672494276665051197e-03 9.999964097556149900e-01 5.369520536009658555e-03 9.998971819877624512e-01 -1.433378644287586212e-02 4.604483838193118572e-04 6.215866804122924805e-01 1.433478109538555145e-02 9.998946785926818848e-01 -2.230443758890032768e-03 8.206522092223167419e-03 -4.284303286112844944e-04 2.236820990219712257e-03 9.999973177909851074e-01 4.401359241455793381e-03 2.189499616622924805e+03
9.655057000000000000e+07 9.999277396188264166e-01 -1.200154557639194694e-02 -6.916968717364983072e-04 6.246341968909959741e-01 1.200171884236133149e-02 9.999279462992376466e-01 2.468898902403597563e-04 1.297384671288473110e-02 6.886839721470138691e-04 -2.551736012615054053e-04 9.999997303003735905e-01 5.277929251316588848e-03 9.999139904975891113e-01 -1.309061050415039062e-02 -8.130113128572702408e-04 6.378338932991027832e-01 1.309039350599050522e-02 9.999143481254577637e-01 -2.732086868491023779e-04 1.053957920521497726e-02 8.165179169736802578e-04 2.625371562317013741e-04 9.999997019767761230e-01 4.795869812369346619e-03 1.987909555435180664e+03
9.665471000000000000e+07 9.999426699705434851e-01 -1.063550020770192249e-02 -1.242138282424045791e-03 6.594437384860297735e-01 1.063667455800959907e-02 9.999429846309066949e-01 9.426779838858308268e-04 1.657609530365873954e-02 1.232041609557994700e-03 -9.558361607954362661e-04 9.999987842246139680e-01 3.784456620532218336e-03 9.999464154243469238e-01 -1.027303654700517654e-02 -1.290858956053853035e-03 6.541821956634521484e-01 1.027445401996374130e-02 9.999466538429260254e-01 1.096864696592092514e-03 1.211217232048511505e-02 1.279522781260311604e-03 -1.110073411837220192e-03 9.999985694885253906e-01 4.731573164463043213e-03 2.451863527297973633e+03
9.675895000000000000e+07 9.999642776363956154e-01 -8.326723786680713044e-03 -1.452281688224062303e-03 6.679684201556314038e-01 8.328655109560708508e-03 9.999644331116546159e-01 1.328915254312313136e-03 1.540035246299142208e-02 1.441164524824846112e-03 -1.340963335621547835e-03 9.999980624291953113e-01 3.240868333695833600e-03 9.999622106552124023e-01 -8.571250364184379578e-03 -1.422027242369949818e-03 6.692683100700378418e-01 8.573771454393863678e-03 9.999616742134094238e-01 1.772592309862375259e-03 1.058182865381240845e-02 1.406778581440448761e-03 -1.784713240340352058e-03 9.999973773956298828e-01 4.487096797674894333e-03 2.126139640808105469e+03
9.686308000000000000e+07 9.999835178795493107e-01 -5.673305480372311388e-03 -8.818016598288304451e-04 6.810221413906654142e-01 5.673499513884380611e-03 9.999838818758240988e-01 2.176966325540304471e-04 9.003695018848074938e-03 8.805523873416514239e-04 -2.226959457402923352e-04 9.999995875169194193e-01 4.346603542350596823e-03 9.999782443046569824e-01 -6.410232745110988617e-03 -1.542066805996000767e-03 6.870483160018920898e-01 6.409901194274425507e-03 9.999793767929077148e-01 -2.165755140595138073e-04 5.055746994912624359e-03 1.543424557894468307e-03 2.066858141915872693e-04 9.999988079071044922e-01 3.533116774633526802e-03 2.345012187957763672e+03
9.696720000000000000e+07 9.999898916940946902e-01 -4.471867657154073375e-03 -4.678774301907997644e-04 7.072353261677918335e-01 4.471673565260287156e-03 9.999899158787390885e-01 -4.150618727110991766e-04 7.605512554077682209e-03 4.697288138223529720e-04 4.129654820023540463e-04 9.999998044071569669e-01 3.047902085456381024e-03 9.999907016754150391e-01 -4.270853940397500992e-03 -6.449104985222220421e-04 7.069401144981384277e-01 4.270962905138731003e-03 9.999909400939941406e-01 1.766653731465339661e-04 9.446993470191955566e-03 6.441495497711002827e-04 -1.794181589502841234e-04 9.999997615814208984e-01 7.515560835599899292e-03 2.103521108627319336e+03
9.707145000000000000e+07 9.999965893473786727e-01 -2.610679041553261130e-03 7.515684903208168374e-05 7.161546447706383933e-01 2.610662016805358893e-03 9.999965667374838274e-01 2.257367475649355818e-04 6.213443093659973791e-03 -7.574591719466524319e-05 -2.255397685242349431e-04 9.999999716971840202e-01 4.219746996202877048e-03 9.999937415122985840e-01 -3.527589142322540283e-03 -2.367201086599379778e-04 7.170429825782775879e-01 3.527457593008875847e-03 9.999935626983642578e-01 -5.730917328037321568e-04 7.567815482616424561e-03 2.387416461715474725e-04 5.722581408917903900e-04 9.999998211860656738e-01 4.311292897909879684e-03 2.409898519515991211e+03
9.717557000000000000e+07 9.999946880113601555e-01 -3.086659234811196806e-03 1.047131238521493762e-03 7.336190571552642092e-01 3.086642459858153411e-03 9.999952361523081201e-01 1.763560055827250139e-05 6.463698499051828000e-03 -1.047180685237084725e-03 -1.440338713629837832e-05 9.999994516024270919e-01 3.952286255388726827e-03 9.999953508377075195e-01 -2.875840757042169571e-03 9.646897087804973125e-04 7.340473532676696777e-01 2.875821432098746300e-03 9.999958872795104980e-01 3.019899486389476806e-05 3.356513101607561111e-03 -9.647724218666553497e-04 -2.742352626228239387e-05 9.999995231628417969e-01 2.146902028471231461e-03 2.192114353179931641e+03
9.727972000000000000e+07 9.999948369074975751e-01 -2.684916876735838741e-03 1.765610294634963485e-03 7.487377079809196534e-01 2.686629854522417076e-03 9.999959219715265357e-01 -9.685351522853639754e-04 3.471404722967072042e-03 -1.763002658049826277e-03 9.732736929777991439e-04 9.999979722779173130e-01 8.041876768907151377e-03 9.999948740005493164e-01 -2.680022967979311943e-03 1.771983690559864044e-03 7.487069368362426758e-01 2.682542661204934120e-03 9.999953508377075195e-01 -1.423332956619560719e-03 5.626256825053133070e-05 -1.768163405358791351e-03 1.428077579475939274e-03 9.999973773956298828e-01 3.533836686983704567e-03 2.214613199234008789e+03
9.738381000000000000e+07 9.999930098062662642e-01 -2.831353135721239363e-03 2.442084770348544251e-03 7.492772367547859691e-01 2.836348716920848896e-03 9.999938873705934705e-01 -2.044589788874086149e-03 4.392377407445044978e-03 -2.436280887079371633e-03 2.051502100800346121e-03 9.999949279244219058e-01 6.983607272991421318e-03 9.999919533729553223e-01 -3.225162858143448830e-03 2.383979968726634979e-03 7.585522532463073730e-01 3.228816902264952660e-03 9.999936819076538086e-01 -1.528574735857546329e-03 -8.327066316269338131e-04 -2.379033947363495827e-03 1.536266296170651913e-03 9.999960660934448242e-01 4.609504248946905136e-03 2.311604976654052734e+03
9.748794000000000000e+07 9.999918875597395562e-01 -3.286738929482559048e-03 2.328553610811997902e-03 7.642203872298594103e-01 3.289419260049025306e-03 9.999939306858985910e-01 -1.148177816369258227e-03 2.201298398016932750e-03 -2.324765717361702063e-03 1.155828090940776197e-03 9.999966297572124851e-01 1.005352632993476540e-02 9.999923706054687500e-01 -3.135586623102426529e-03 2.312032505869865417e-03 7.627001404762268066e-01 3.138123080134391785e-03 9.999944567680358887e-01 -1.097582164220511913e-03 9.904664329951629043e-05 -2.308578696101903915e-03 1.104819122701883316e-03 9.999966621398925781e-01 7.225776091217994690e-03 2.302370786666870117e+03
9.759207000000000000e+07 9.999933441091546360e-01 -2.809744164268103764e-03 2.327461089080694497e-03 7.633462831983768293e-01 2.812190334161846633e-03 9.999954962128962954e-01 -1.048398515799996329e-03 6.239194533271033224e-03 -2.324504875079860377e-03 1.054936801351763400e-03 9.999967418874078362e-01 9.123392370197496923e-03 9.999923110008239746e-01 -3.140799468383193016e-03 2.352299634367227554e-03 7.655373811721801758e-01 3.141765948385000229e-03 9.999949336051940918e-01 -4.030774580314755440e-04 1.408781157806515694e-03 -2.351022092625498772e-03 4.104721010662615299e-04 9.999971389770507812e-01 8.027681149542331696e-03 2.578100919723510742e+03
9.769624000000000000e+07 9.999917841800032292e-01 -3.616326855051913824e-03 1.831325359209421506e-03 7.641119548157729868e-01 3.619606831212926652e-03 9.999918455218957947e-01 -1.790903710524211889e-03 5.822431831560894236e-03 -1.824833932523697248e-03 1.797517674562062453e-03 9.999967194502831225e-01 1.140994345415507517e-02 9.999929666519165039e-01 -3.279449418187141418e-03 1.802709419280290604e-03 7.658976912498474121e-01 3.282917663455009460e-03 9.999927878379821777e-01 -1.925471005961298943e-03 -6.192673463374376297e-04 -1.796381780877709389e-03 1.931366277858614922e-03 9.999966025352478027e-01 8.874019607901573181e-03 2.386854171752929688e+03
9.780034000000000000e+07 9.999937586579914495e-01 -3.406868183873207855e-03 9.358922163218104167e-04 7.633812375050389454e-01 3.408802272371819816e-03 9.999920417333933997e-01 -2.072808950923036696e-03 3.741558517890610901e-03 -9.288229813758905372e-04 2.075986285327148777e-03 9.999974137810619945e-01 1.159161651116187228e-02 9.999936223030090332e-01 -3.505656495690345764e-03 7.230993360280990601e-04 7.630189061164855957e-01 3.507277462631464005e-03 9.999913573265075684e-01 -2.257563406601548195e-03 -1.400160486809909344e-03 -7.151803583838045597e-04 2.260087989270687103e-03 9.999971389770507812e-01 9.597756899893283844e-03 2.465200185775756836e+03
9.790432000000000000e+07 9.999951056017272188e-01 -3.115275574850038913e-03 2.895352881067382806e-04 7.666577424260412332e-01 3.115798902803689364e-03 9.999934806553141264e-01 -1.824950428672310635e-03 2.883835749280295319e-03 -2.838481770306414587e-04 1.825843630371090567e-03 9.999982928611677035e-01 1.245712644406495907e-02 9.999932646751403809e-01 -3.657890250906348228e-03 1.277073897654190660e-04 7.671949863433837891e-01 3.658145666122436523e-03 9.999911189079284668e-01 -2.086106687784194946e-03 9.370466577820479870e-04 -1.200744954985566437e-04 2.086563268676400185e-03 9.999978542327880859e-01 8.979369886219501495e-03 2.543783187866210938e+03
9.800832000000000000e+07 9.999930832783736623e-01 -3.718929028472523976e-03 -5.442694962140268887e-05 7.613028558425004588e-01 3.718902931302229403e-03 9.999929734715620189e-01 -4.719835711406425221e-04 8.722048621278399860e-03 5.618184059257044744e-05 4.717778980191798983e-04 9.999998871346015283e-01 9.748479568298416137e-03 9.999929666519165039e-01 -3.763204440474510193e-03 -1.616025983821600676e-04 7.669498324394226074e-01 3.763117827475070953e-03 9.999927282333374023e-01 -5.252967239357531071e-04 7.047045975923538208e-03 1.635775843169540167e-04 5.246842047199606895e-04 9.999998807907104492e-01 7.567921653389930725e-03 2.553557872772216797e+03
9.811232000000000000e+07 9.999957859924455406e-01 -2.902692489400409206e-03 4.872025512287606638e-05 7.669113939515538325e-01 2.902696616999284746e-03 9.999957835662873773e-01 -8.486457762188656629e-05 5.786404669341773180e-03 -4.847371392507068762e-05 8.500564012163986131e-05 9.999999952121700897e-01 1.247213391520065641e-02 9.999926686286926270e-01 -3.777410602197051048e-03 -4.973195027559995651e-04 7.685394883155822754e-01 3.777215722948312759e-03 9.999927878379821777e-01 -3.935345448553562164e-04 7.640638854354619980e-03 4.988023429177701473e-04 3.916566201951354742e-04 9.999997615814208984e-01 7.379220332950353622e-03 2.468418836593627930e+03
9.821647000000000000e+07 9.999950947932407797e-01 -3.095977217223661124e-03 4.746730746158456206e-04 7.603331782069255862e-01 3.095871005323957894e-03 9.999951826178421488e-01 2.243297279151317621e-04 8.228315885139017571e-03 -4.753653076610164546e-04 -2.228591009227229259e-04 9.999998621808131594e-01 1.194312290894020828e-02 9.999951720237731934e-01 -3.122437978163361549e-03 1.096869673347100616e-04 7.674444913864135742e-01 3.122429363429546356e-03 9.999951720237731934e-01 2.054604374279733747e-05 6.302411668002605438e-03 -1.097506392397917807e-04 -2.020457395701669157e-05 1.000000000000000000e+00 7.942341268062591553e-03 2.512502908706665039e+03
9.832032000000000000e+07 9.999983862716727012e-01 -1.761178522918502298e-03 3.545479668569981421e-04 7.652405823742380875e-01 1.760989826688005291e-03 9.999983080360684840e-01 5.318268802903886516e-04 7.330385436140109297e-03 -3.554840090541044038e-04 -5.312016667035786548e-04 9.999997957279334049e-01 1.071948208513005991e-02 9.999977946281433105e-01 -2.065371256321668625e-03 2.735254529397934675e-04 7.689298391342163086e-01 2.065195003524422646e-03 9.999976754188537598e-01 6.607139948755502701e-04 7.498976774513721466e-03 -2.748892875388264656e-04 -6.601414061151444912e-04 9.999997019767761230e-01 8.040201850235462189e-03 2.425372600555419922e+03
9.842432000000000000e+07 9.999997553453326971e-01 -6.963830776298723284e-04 6.602941663391993766e-05 7.657181634405547666e-01 6.963256545344945550e-04 9.999993828206928947e-01 8.657302212850059376e-04 6.891770798863200605e-03 -6.663225575782597758e-05 -8.656840315033106220e-04 9.999996230755788806e-01 1.224156912897584291e-02 9.999991655349731445e-01 -1.255859038792550564e-03 -2.353824238525703549e-04 7.669607400894165039e-01 1.256016432307660580e-03 9.999989867210388184e-01 6.275315536186099052e-04 4.882091190665960312e-03 2.345944812986999750e-04 -6.278333603404462337e-04 9.999997615814208984e-01 9.576453827321529388e-03 2.363878488540649414e+03
9.852832000000000000e+07 9.999995728291489749e-01 -8.671708462883277258e-04 3.199316222453948825e-04 7.608286911636396033e-01 8.668358162381203241e-04 9.999990773969651414e-01 1.045849361178956922e-03 8.013902913858044624e-03 -3.208382571511329004e-04 -1.045571586233685858e-03 9.999994019212564700e-01 1.102548440917049295e-02 9.999997615814208984e-01 -6.711285677738487720e-04 1.902038661683036480e-06 7.691383957862854004e-01 6.711222813464701176e-04 9.999989867210388184e-01 1.235346426256000996e-03 6.289793644100427628e-03 -2.730634150793775916e-06 -1.235344563610851765e-03 9.999992251396179199e-01 9.500487707555294037e-03 2.494576215744018555e+03
9.863232000000000000e+07 9.999998868576293054e-01 1.888787408845277627e-04 4.365885359890691155e-04 7.627752468105314376e-01 -1.888617686869023722e-04 9.999999814084085115e-01 -3.891548434442380986e-05 4.882056155363246643e-03 -4.365958781798773584e-04 3.883302505833833792e-05 9.999999039380130794e-01 1.110843770126602494e-02 9.999999403953552246e-01 -1.802983460947871208e-04 1.575134083395823836e-04 7.664133906364440918e-01 1.802788465283811092e-04 9.999999403953552246e-01 1.102015085052698851e-04 -1.282674726098775864e-03 -1.575341011630371213e-04 -1.101804664358496666e-04 1.000000000000000000e+00 1.243553403764963150e-02 2.432642221450805664e+03
9.873632000000000000e+07 9.999994656636094215e-01 -6.377538304326878021e-04 8.135985174091002773e-04 7.641785746214588837e-01 6.383258045366596491e-04 9.999995491993820540e-01 -7.029517763963844109e-04 4.070573655360845526e-03 -8.131498404503796368e-04 7.034707417118643297e-04 9.999994219579592114e-01 1.136754109891499782e-02 9.999998211860656738e-01 4.351398820290341973e-05 6.685123662464320660e-04 7.652063965797424316e-01 -4.294004611438140273e-05 9.999997019767761230e-01 -8.497301023453474045e-04 -1.095427200198173523e-02 -6.685496191494166851e-04 8.497046073898673058e-04 9.999994039535522461e-01 1.681613735854625702e-02 2.395066738128662109e+03
9.884032000000000000e+07 9.999992210303079165e-01 -9.762045469222692124e-05 1.244350844431461791e-03 7.639042367751386342e-01 9.779512540774719679e-05 9.999999853744847567e-01 -1.403108814626613694e-04 4.367173493611532092e-03 -1.244337129020142967e-03 1.404324636116196753e-04 9.999992159516088996e-01 1.211656445267814998e-02 9.999997615814208984e-01 1.458230872231069952e-05 7.984237163327634335e-04 7.649903893470764160e-01 -1.438042909285286441e-05 1.000000000000000000e+00 -2.541891881264746189e-04 -5.134139209985733032e-03 -7.984272087924182415e-04 2.541715803090482950e-04 9.999996423721313477e-01 1.651447825133800507e-02 2.350866794586181641e+03
9.894434000000000000e+07 9.999993344905721004e-01 1.497756806844595303e-04 1.143934289314156930e-03 7.578500831472216870e-01 -1.496645052291571308e-04 9.999999840693555297e-01 -9.727190928531620170e-05 4.511947331714924285e-03 -1.143948840056971351e-03 9.710063819051863556e-05 9.999993409760414842e-01 1.192404545024129854e-02 9.999992251396179199e-01 -3.513542651489842683e-06 1.168228685855865479e-03 7.609170079231262207e-01 3.513418278089375235e-06 1.000000000000000000e+00 -3.781830400839680806e-06 -3.071867628023028374e-03 -1.168229151517152786e-03 3.789074980886653066e-06 9.999993443489074707e-01 1.707815751433372498e-02 2.416744232177734375e+03
9.904820000000000000e+07 9.999993752854814399e-01 -4.490646657836696188e-04 1.023606160969161216e-03 7.591623928565874868e-01 4.490570548858782794e-04 9.999998991444979390e-01 7.665193811948839105e-06 4.166013058343096508e-03 -1.023609499900545415e-03 -7.205531455383126713e-06 9.999994760856987241e-01 1.184843190231745468e-02 9.999995827674865723e-01 -2.018924897129181772e-05 9.051543893292546272e-04 7.599711418151855469e-01 2.050677721854299307e-05 9.999998807907104492e-01 -3.548648383002728224e-04 -2.945203566923737526e-03 -9.051451343111693859e-04 3.548866952769458294e-04 9.999995231628417969e-01 1.531600113958120346e-02 2.608797550201416016e+03
9.915222000000000000e+07 9.999998842401708332e-01 2.823670031901282310e-04 3.896004625055177000e-04 7.488590397433412260e-01 -2.824281478670470440e-04 9.999999478090054739e-01 1.568959125617799073e-04 2.944022956770909159e-03 -3.895561399432393378e-04 -1.570059285365694838e-04 9.999999117975721941e-01 1.363193530424877502e-02 1.000000119209289551e+00 5.454761776491068304e-05 -4.338577491580508649e-05 7.556126713752746582e-01 -5.455569043988361955e-05 1.000000000000000000e+00 -1.668147306190803647e-04 -3.010136075317859650e-03 4.337750215199775994e-05 1.668195181991904974e-04 9.999999403953552246e-01 1.617474667727947235e-02 2.754059076309204102e+03
9.925607000000000000e+07 9.999999877751791777e-01 -1.465280593597459229e-04 5.458176627538462785e-05 7.546059174212682574e-01 1.464622824918600176e-04 9.999992654676400639e-01 1.203167893623650116e-03 5.724438760261232537e-03 -5.475802403984766096e-05 -1.203159884745067009e-03 9.999992747036622331e-01 1.090406340314077974e-02 9.999998211860656738e-01 3.125866351183503866e-04 -3.211353614460676908e-04 7.530640959739685059e-01 -3.122862835880368948e-04 9.999995231628417969e-01 9.231783333234488964e-04 -6.260637310333549976e-04 3.214251482859253883e-04 -9.230724535882472992e-04 9.999995231628417969e-01 1.513689197599887848e-02 2.437308788299560547e+03
9.936007000000000000e+07 9.999996026521383863e-01 8.064319312088257929e-04 -3.799514517621612169e-04 7.475789491356921168e-01 -8.063551492055533220e-04 9.999996544545032284e-01 2.021935894390073491e-04 3.145396083640133403e-03 3.801143758384573882e-04 -2.018871332882403761e-04 9.999999073773190306e-01 1.243447363401172998e-02 9.999994635581970215e-01 9.054684778675436974e-04 -5.443285335786640644e-04 7.507554888725280762e-01 -9.055459522642195225e-04 9.999995231628417969e-01 -1.341121969744563103e-04 -1.939105219207704067e-03 5.442023393698036671e-04 1.346046919934451580e-04 9.999998211860656738e-01 1.413981150835752487e-02 2.326466321945190430e+03
9.946410000000000000e+07 9.999989482583860889e-01 1.450126405119069083e-03 -2.480989567772128385e-05 7.326971180651855597e-01 -1.450138396105005905e-03 9.999988283401607392e-01 -4.903232995669819802e-04 -2.320464528820449562e-04 2.409883584521570868e-05 4.903587616558890581e-04 9.999998794837582361e-01 1.120762364110019539e-02 9.999991655349731445e-01 1.138278748840093613e-03 -5.826098495163023472e-04 7.453839182853698730e-01 -1.138859544880688190e-03 9.999988675117492676e-01 -9.985313517972826958e-04 -4.522467032074928284e-03 5.814731121063232422e-04 9.991833940148353577e-04 9.999993443489074707e-01 1.360298041254281998e-02 2.317695617675781250e+03
9.956794000000000000e+07 9.999992811136929616e-01 1.190911768525653933e-03 1.396469009736318802e-04 7.462007763748601530e-01 -1.190941343385955786e-03 9.999992683800681403e-01 2.118915884165576335e-04 3.451074326719242094e-03 -1.393944546188787979e-04 -2.120577473584413339e-04 9.999999678003483883e-01 1.230215935761910968e-02 9.999988079071044922e-01 1.537069794721901417e-03 -2.708856663957703859e-05 7.414194941520690918e-01 -1.537066185846924782e-03 9.999987483024597168e-01 2.326763788005337119e-04 -5.914031993597745895e-03 2.744633638940285891e-05 -2.326280809938907623e-04 1.000000000000000000e+00 1.647351309657096863e-02 2.363306522369384766e+03
9.967195000000000000e+07 9.999986347492001437e-01 1.652294045345434770e-03 2.059425851292812849e-05 7.200943295116996046e-01 -1.652293957644319087e-03 9.999986349522700380e-01 -4.274809268329314849e-06 2.142726398814488557e-03 -2.060129364268134571e-05 4.240775663239465992e-06 9.999999997788011630e-01 1.011139219726687674e-02 9.999985694885253906e-01 1.542519778013229370e-03 -5.519395344890654087e-04 7.315603494644165039e-01 -1.541937119327485561e-03 9.999982714653015137e-01 1.033231499604880810e-03 -3.474255558103322983e-03 5.535332020372152328e-04 -1.032379921525716782e-03 9.999993443489074707e-01 2.185595966875553131e-02 2.219257593154907227e+03
9.977595000000000000e+07 9.999991721121772592e-01 8.436987906990145491e-04 9.715695088112247420e-04 7.293532513256364425e-01 -8.418534971847072956e-04 9.999978441778113458e-01 -1.898136564875249144e-03 -2.480540130139621753e-05 -9.731688698044867409e-04 1.897317074242350693e-03 9.999977265625510370e-01 1.119576076379211020e-02 9.999984502792358398e-01 1.244913204573094845e-03 1.261721015907824039e-03 7.225415706634521484e-01 -1.241493155248463154e-03 9.999955296516418457e-01 -2.715288661420345306e-03 -7.066672202199697495e-03 -1.265096245333552361e-03 2.713719382882118225e-03 9.999954104423522949e-01 1.843268238008022308e-02 2.506918907165527344e+03
9.987994000000000000e+07 9.999975444316533402e-01 1.231618354703749091e-03 1.842348200467375284e-03 7.119537427331809054e-01 -1.230275337310913651e-03 9.999989768146358982e-01 -7.299262125343341980e-04 -4.741791314394113040e-04 -1.843245305924597587e-03 7.276578245968570941e-04 9.999980364784885056e-01 1.561039681612602474e-02 9.999980330467224121e-01 1.096495543606579304e-03 1.697511179372668266e-03 7.131206989288330078e-01 -1.093505648896098137e-03 9.999979138374328613e-01 -1.756789861246943474e-03 -5.593877285718917847e-03 -1.699429587461054325e-03 1.754928380250930786e-03 9.999970197677612305e-01 1.921605877578258514e-02 2.261715888977050781e+03
9.998382000000000000e+07 9.999966989534937456e-01 1.503646078760649670e-03 2.083537997139085600e-03 6.911819246297338237e-01 -1.506346245605128887e-03 9.999980269588670811e-01 1.294990100845473018e-03 4.762884489076955365e-03 -2.081586679445745179e-03 -1.298124355662491104e-03 9.999969909304994298e-01 5.156695460625860573e-03 9.999966025352478027e-01 1.280128839425742626e-03 2.241986570879817009e-03 7.029426693916320801e-01 -1.286307815462350845e-03 9.999952912330627441e-01 2.753371605649590492e-03 5.455766338855028152e-03 -2.238458255305886269e-03 -2.756257075816392899e-03 9.999936819076538086e-01 1.737103611230850220e-02 2.351807594299316406e+03
1.000878000000000000e+08 9.999993926969925617e-01 1.099653819048688379e-03 7.326066003635741070e-05 6.976941189165019042e-01 -1.099650308462302769e-03 9.999993942351896870e-01 -4.794217983472889150e-05 4.937007115276417085e-03 -7.331333545877636540e-05 4.786158961189176204e-05 9.999999961672114690e-01 1.407729113935842630e-02 9.999988079071044922e-01 1.489921938627958298e-03 5.131218349561095238e-04 6.890949010848999023e-01 -1.490206923335790634e-03 9.999987483024597168e-01 5.627011414617300034e-04 -1.190547947771847248e-03 -5.122845177538692951e-04 -5.634548142552375793e-04 9.999997019767761230e-01 2.214676141738891602e-02 2.404484033584594727e+03
1.001918000000000000e+08 9.999978881674916886e-01 6.406083389850536535e-04 -1.952762533652303801e-03 6.744894631346618485e-01 -6.430202867436524833e-04 9.999990309347708273e-01 -1.234768978392290165e-03 -8.023162252332526967e-04 1.951969637993753327e-03 1.236022036691352679e-03 9.999973310284668848e-01 1.953593603465912654e-02 9.999959468841552734e-01 2.912604832090437412e-04 -2.821034053340554237e-03 6.759416460990905762e-01 -2.988080668728798628e-04 9.999964237213134766e-01 -2.675981959328055382e-03 -6.044718436896800995e-03 2.820250345394015312e-03 2.676816191524267197e-03 9.999924898147583008e-01 1.733341254293918610e-02 2.294991970062255859e+03
1.002957000000000000e+08 9.999964261166160995e-01 9.023877423754648314e-05 -2.672005044664888841e-03 6.667117082348146262e-01 -9.424479233807927646e-05 9.999988718067465143e-01 -1.499167486756798747e-03 6.490303031461142069e-04 2.671866747090442199e-03 1.499413951467588966e-03 9.999953064319292428e-01 9.765957616925856344e-03 9.999978542327880859e-01 4.058492486365139484e-04 -2.018465660512447357e-03 6.648399233818054199e-01 -4.068432317581027746e-04 9.999997615814208984e-01 -4.912367439828813076e-04 -9.427053853869438171e-03 2.018263796344399452e-03 4.920619539916515350e-04 9.999977350234985352e-01 2.286202833056449890e-02 2.531218051910400391e+03
1.003997000000000000e+08 9.999950328759916740e-01 8.693262566118378082e-04 -3.029603142974126532e-03 6.575693159215660888e-01 -8.559010550986870637e-04 9.999898220001693927e-01 4.429822733865677355e-03 8.141700245269006472e-03 3.033423268888536372e-03 -4.427207689860221743e-03 9.999855989839767645e-01 1.196006233943985170e-02 9.999908804893493652e-01 1.259368495084345341e-03 -4.084113053977489471e-03 6.582591533660888672e-01 -1.249036286026239395e-03 9.999960064888000488e-01 2.531438600271940231e-03 -1.915337750688195229e-03 4.087285138666629791e-03 -2.526322612538933754e-03 9.999884963035583496e-01 1.796663552522659302e-02 2.391097784042358398e+03
1.005037000000000000e+08 9.999988422273048405e-01 4.973639220403728873e-04 -1.438114452673638259e-03 6.422312416493968223e-01 -4.940897687131166720e-04 9.999972874854841098e-01 2.276158380826761099e-03 7.280905630322308947e-03 1.439242630826783036e-03 -2.275445187915432852e-03 9.999963754583545139e-01 6.685834482187787836e-03 9.999983906745910645e-01 3.539551107678562403e-04 -1.757072051987051964e-03 6.530410051345825195e-01 -3.488515503704547882e-04 9.999956488609313965e-01 2.906089415773749352e-03 -1.371153863146901131e-03 1.758094178512692451e-03 -2.905475674197077751e-03 9.999942183494567871e-01 1.870123669505119324e-02 2.342401742935180664e+03
1.006077000000000000e+08 9.999999545996117734e-01 1.336309861205946118e-04 -2.700806064227173424e-04 6.484945493574819642e-01 -1.334377291844141878e-04 9.999997351669468459e-01 7.154442037228776275e-04 4.330048994281371182e-03 2.701761404109035087e-04 -7.154081322986152649e-04 9.999997075979859540e-01 1.241227685134064888e-02 9.999998211860656738e-01 3.670400183182209730e-04 -3.780568658839911222e-04 6.490311026573181152e-01 -3.667103301268070936e-04 9.999996423721313477e-01 8.666024077683687210e-04 -3.380787093192338943e-03 3.783746506087481976e-04 -8.664632914587855339e-04 9.999995231628417969e-01 1.840793155133724213e-02 2.302570104598999023e+03
1.007116000000000000e+08 9.999995978112546924e-01 8.929548177018327339e-04 -8.371990331740441376e-05 6.360053388843487365e-01 -8.929817927433726221e-04 9.999995492162604416e-01 -3.227240208666422175e-04 2.072522331592026226e-03 8.343168760861235001e-05 3.227986514200258941e-04 9.999999444200905474e-01 1.030219039238011204e-02 9.999997019767761230e-01 6.965982611291110516e-04 2.503829455235973001e-05 6.456462740898132324e-01 -6.965889479033648968e-04 9.999997615814208984e-01 -3.767732550841174088e-06 -4.924194887280464172e-03 -2.503955329302698374e-05 3.762377218663459644e-06 1.000000000000000000e+00 1.749375090003013611e-02 2.250304460525512695e+03
1.008156000000000000e+08 9.999996244285590530e-01 3.734413654526043944e-04 -7.821024786523566967e-04 6.348730282206000997e-01 -3.726680439215232553e-04 9.999994418100255356e-01 9.886850693293577907e-04 4.147083367153893418e-03 7.824712579928871144e-04 -9.883932334066162541e-04 9.999992054084575477e-01 1.313412172914790385e-02 9.999990463256835938e-01 4.638070240616798401e-04 -1.322767580859363079e-03 6.380516886711120605e-01 -4.636101948563009501e-04 9.999998211860656738e-01 1.627937745070084929e-04 -3.588717663660645485e-03 1.322841853834688663e-03 -1.621947303647175431e-04 9.999990463256835938e-01 1.472311187535524368e-02 2.181855440139770508e+03
1.009196000000000000e+08 9.999996405594095972e-01 5.883116869919277809e-05 -8.458250085522066048e-04 6.271949167848177575e-01 -5.762251137919515218e-05 9.999989774304112178e-01 1.428921893633687979e-03 5.678799288102861879e-03 8.459082087822577915e-04 -1.428872641459978752e-03 9.999986213801881352e-01 1.015325939620174110e-02 9.999994635581970215e-01 5.748853436671197414e-05 -1.024200231768190861e-03 6.338347792625427246e-01 -5.598639472736977041e-05 9.999989867210388184e-01 1.453904085792601109e-03 -4.489876155275851488e-04 1.024284050799906254e-03 -1.453834236599504948e-03 9.999984502792358398e-01 1.213606726378202438e-02 2.320287942886352539e+03
1.010236000000000000e+08 9.999998249320622978e-01 2.685809171999807132e-04 -5.272571818528450083e-04 6.235376111908801366e-01 -2.677503387130286292e-04 9.999987242816338329e-01 1.574720566015085435e-03 6.485078929692350905e-03 5.276794491151284155e-04 -1.574579117042973616e-03 9.999986211265510239e-01 1.027524148506133925e-02 9.999997615814208984e-01 1.158497470896691084e-04 -7.461327477358281612e-04 6.287244558334350586e-01 -1.146753056673333049e-04 9.999987483024597168e-01 1.574085908941924572e-03 5.025458522140979767e-04 7.463138317689299583e-04 -1.574006280861794949e-03 9.999985098838806152e-01 1.119733322411775589e-02 2.268399000167846680e+03
1.011274000000000000e+08 9.999999811997796195e-01 -1.835506788751422344e-04 -6.252670394093029038e-05 6.238643037351216947e-01 1.836188611484542517e-04 9.999993866962085809e-01 1.092195642181299471e-03 6.482173698080318305e-03 6.232619234147883001e-05 -1.092207102729949751e-03 9.999994015993661778e-01 8.366381581766698175e-03 1.000000000000000000e+00 -4.752561653731390834e-05 -1.684331946307793260e-04 6.253126859664916992e-01 4.771747990162111819e-05 9.999993443489074707e-01 1.135046244598925114e-03 -7.351595559157431126e-04 1.683779555605724454e-04 -1.135054626502096653e-03 9.999993443489074707e-01 1.035976316779851913e-02 2.256093263626098633e+03
1.012315000000000000e+08 9.999995374834701467e-01 -3.860702149318817221e-04 8.808987653821388200e-04 6.167966094092981466e-01 3.864906701406075240e-04 9.999998114610215705e-01 -4.771822327436249229e-04 3.177513566378339493e-03 -8.807143734512283811e-04 4.775224711931131457e-04 9.999994981571149744e-01 9.068897475576395348e-03 9.999997019767761230e-01 -5.149930366314947605e-04 5.756657919846475124e-04 6.200790405273437500e-01 5.152039229869842529e-04 9.999997615814208984e-01 -3.882402670569717884e-04 -5.196497775614261627e-03 -5.754656158387660980e-04 3.885376499965786934e-04 9.999997019767761230e-01 1.158440206199884415e-02 2.344911575317382812e+03
1.013354000000000000e+08 9.999995131247011448e-01 -7.486616755932269445e-04 6.428499482650936424e-04 6.133684896092405081e-01 7.489907676272768980e-04 9.999995885169437049e-01 -5.118386202386357615e-04 2.498924734979492655e-03 -6.424664897841709686e-04 5.123198597132748661e-04 9.999996623825283537e-01 1.162923853105227688e-02 9.999994635581970215e-01 -6.216054316610097885e-04 8.411329472437500954e-04 6.164916157722473145e-01 6.222640513442456722e-04 9.999994635581970215e-01 -7.710130303166806698e-04 -5.562660284340381622e-03 -8.406538981944322586e-04 7.715286337770521641e-04 9.999993443489074707e-01 1.448931265622377396e-02 2.299569129943847656e+03
1.014393000000000000e+08 9.999996453015453923e-01 -7.268759405071607404e-04 4.254975330113798201e-04 6.118793920348947202e-01 7.271845211354210263e-04 9.999994724128963286e-01 -7.255181604030148468e-04 4.557439940419735942e-03 -4.249699468291708699e-04 7.258273182826316568e-04 9.999996462875615499e-01 1.282914400162949928e-02 9.999995827674865723e-01 -8.435283671133220196e-04 2.139167045243084431e-04 6.112325191497802734e-01 8.436401258222758770e-04 9.999995231628417969e-01 -5.211988463997840881e-04 -4.438170231878757477e-03 -2.134763781214132905e-04 5.213903496041893959e-04 9.999998211860656738e-01 2.069309167563915253e-02 2.213514566421508789e+03
1.015433000000000000e+08 9.999991161789857363e-01 -1.298611223574381527e-03 -2.850440973740117167e-04 6.092673080012243059e-01 1.298412496920280622e-03 9.999989146729180156e-01 -6.962599901191059149e-04 3.276909883434733512e-03 2.859479590456277353e-04 6.958892699316913564e-04 9.999997169859042856e-01 1.099676043213297302e-02 9.999989867210388184e-01 -1.349931466393172741e-03 -4.126600688323378563e-04 6.101971268653869629e-01 1.349641242995858192e-03 9.999988675117492676e-01 -6.808312609791755676e-04 -5.313707981258630753e-03 4.135786730330437422e-04 6.802658899687230587e-04 9.999997019767761230e-01 1.589435338973999023e-02 2.679272890090942383e+03
1.016472000000000000e+08 9.999983510066641212e-01 -1.556458217788478588e-03 -9.356397644496432806e-04 6.026743396679827836e-01 1.556312582980784107e-03 9.999987767205087419e-01 -1.563605769169931824e-04 4.165391106114723838e-03 9.358819886055889459e-04 1.549041711408936993e-04 9.999995500646993163e-01 8.739063736623201711e-03 9.999977350234985352e-01 -1.653106999583542347e-03 -1.280218828469514847e-03 6.065866351127624512e-01 1.652291277423501015e-03 9.999983906745910645e-01 -6.516030989587306976e-04 -9.643131867051124573e-03 1.281294855289161205e-03 6.494901026599109173e-04 9.999989271163940430e-01 1.878312975168228149e-02 2.524196147918701172e+03
1.017512000000000000e+08 9.999988106294556145e-01 -1.331657405247239825e-03 -7.780926868347889979e-04 6.069604390403642302e-01 1.331712001213317727e-03 9.999991108454409083e-01 6.965251983451807235e-05 4.927052887202277263e-03 7.779992416962973377e-04 -7.068863236097683983e-05 9.999996948601020952e-01 8.176893155517816689e-03 9.999983906745910645e-01 -1.436974969692528248e-03 -1.113153412006795406e-03 6.051679253578186035e-01 1.436946913599967957e-03 9.999989867210388184e-01 -2.176853740820661187e-05 -6.931377109140157700e-03 1.113182399421930313e-03 2.016552389250136912e-05 9.999994039535522461e-01 1.764196902513504028e-02 2.970005989074707031e+03
1.018551000000000000e+08 9.999982994933032110e-01 -1.839715224333213694e-03 1.282902774036491576e-04 5.972009054504341385e-01 1.839656272082614962e-03 9.999982028863931838e-01 4.581362074857808276e-04 6.362408797617053954e-03 -1.291328870071758897e-04 -4.578994184086191137e-04 9.999998868264037277e-01 8.995169008291547044e-03 9.999982118606567383e-01 -1.885061152279376984e-03 -4.400519901537336409e-05 6.029639244079589844e-01 1.885049627162516117e-03 9.999982118606567383e-01 6.674214819213375449e-05 -1.045852620154619217e-02 4.387928129290230572e-05 -6.682334060315042734e-05 1.000000000000000000e+00 1.498532854020595551e-02 2.862714290618896484e+03
1.019591000000000000e+08 9.999975227429296343e-01 -2.200319152827458647e-03 3.363088306882763097e-04 5.987110456645544643e-01 2.200508300453180889e-03 9.999974203425540109e-01 -5.630909847812765219e-04 5.844893548294317377e-03 -3.350689832480982814e-04 5.638296402335984080e-04 9.999997849124334648e-01 8.213737420690049237e-03 9.999977350234985352e-01 -2.129179425537586212e-03 7.745623588562011719e-05 5.992671251296997070e-01 2.129210159182548523e-03 9.999976754188537598e-01 -2.348003617953509092e-04 -7.882958278059959412e-03 -7.695591193623840809e-05 2.349709975533187389e-04 9.999998807907104492e-01 1.377888023853302002e-02 2.284209012985229492e+03
1.020629000000000000e+08 9.999983494601726308e-01 -1.814905333519003985e-03 8.482665260599453060e-05 6.002642597497556132e-01 1.814993506306780127e-03 9.999978003939764548e-01 -1.051192551771252658e-03 4.739627587511208683e-03 -8.291865105201340195e-05 1.051344776559721321e-03 9.999994438991745005e-01 1.075708565881750706e-02 9.999979734420776367e-01 -1.989699900150299072e-03 -1.439003244740888476e-04 5.979489088058471680e-01 1.989564392715692520e-03 9.999975562095642090e-01 -9.977313457056879997e-04 -8.918256498873233795e-03 1.458871847717091441e-04 9.974455460906028748e-04 9.999995231628417969e-01 1.378230657428503036e-02 2.452845573425292969e+03
1.021669000000000000e+08 9.999973348769800596e-01 -2.246641181013863363e-03 5.318292402824120703e-04 5.978112523236465137e-01 2.247492300150951208e-03 9.999961860314366957e-01 -1.605210559700561649e-03 2.441265454217615097e-03 -5.282208797547870670e-04 1.606401563739476897e-03 9.999985702273369581e-01 9.263575299406752450e-03 9.999982714653015137e-01 -1.878181472420692444e-03 1.883459772216156125e-04 5.958046317100524902e-01 1.878503011539578438e-03 9.999966621398925781e-01 -1.749512040987610817e-03 -1.015559025108814240e-02 -1.850608969107270241e-04 1.749861636199057102e-03 9.999984502792358398e-01 1.024268381297588348e-02 2.343534946441650391e+03
1.022708000000000000e+08 9.999980333973541580e-01 -1.656376393395535100e-03 1.090696413997313801e-03 5.917995115544253393e-01 1.657417799564603117e-03 9.999981708529261937e-01 -9.545978418097110854e-04 4.743786345317493186e-03 -1.089113245622799720e-03 9.564037041455501200e-04 9.999989495615947410e-01 9.247006718633028408e-03 9.999970793724060059e-01 -2.132145920768380165e-03 1.172395888715982437e-03 5.940028429031372070e-01 2.133402042090892792e-03 9.999971389770507812e-01 -1.077050575986504555e-03 -1.021035015583038330e-02 -1.170096918940544128e-03 1.079546520486474037e-03 9.999987483024597168e-01 8.956297300755977631e-03 2.423956155776977539e+03
1.023748000000000000e+08 9.999978696641300679e-01 -1.820725239484218732e-03 9.724334443006786913e-04 5.859793493046562274e-01 1.820303316687521588e-03 9.999982488110912282e-01 4.345924369199840546e-04 5.362602400776616055e-03 -9.732230148048056587e-04 -4.328213872682085584e-04 9.999994327511442238e-01 7.650191256732098016e-03 9.999979734420776367e-01 -1.796789467334747314e-03 8.917460800148546696e-04 5.879346728324890137e-01 1.796800643205642700e-03 9.999983310699462891e-01 -1.218110264744609594e-05 -9.099992923438549042e-03 -8.917228551581501961e-04 1.378622891934355721e-05 9.999995827674865723e-01 6.291042082011699677e-03 2.225689172744750977e+03
1.024787000000000000e+08 9.999981957792507536e-01 -1.601179418286594915e-03 1.022087429591056170e-03 5.850416016848055678e-01 1.600620877809239874e-03 9.999985693709971812e-01 5.470546264947600927e-04 6.015115728360803660e-03 -1.022961899971757890e-03 -5.454176650087021573e-04 9.999993280340352397e-01 1.101061138591623821e-02 9.999982118606567383e-01 -1.592163578607141972e-03 9.542952175252139568e-04 5.852478146553039551e-01 1.591698033735156059e-03 9.999986290931701660e-01 4.876716411672532558e-04 -6.372054107487201691e-03 -9.550714748911559582e-04 -4.861558554694056511e-04 9.999994039535522461e-01 7.779493462294340134e-03 2.345888137817382812e+03
1.025827000000000000e+08 9.999982449495382619e-01 -1.496816656616087446e-03 1.126782028558380704e-03 5.756719453815700716e-01 1.496442295545008343e-03 9.999988248820671499e-01 3.330089202839602372e-04 6.265280542686182258e-03 -1.127279157755295283e-03 -3.313221715511061082e-04 9.999993097334213266e-01 7.582220452466604740e-03 9.999973177909851074e-01 -1.891483669169247150e-03 1.328024314716458321e-03 5.802855491638183594e-01 1.890739542432129383e-03 9.999979734420776367e-01 5.566466134041547775e-04 -6.492889020591974258e-03 -1.329074031673371792e-03 -5.541372229345142841e-04 9.999989867210388184e-01 8.158751763403415680e-03 2.208545684814453125e+03
1.026866000000000000e+08 9.999985536336267744e-01 -1.398681185318804065e-03 9.676887909692994663e-04 5.730022243081609457e-01 1.398697914919260757e-03 9.999990216836190937e-01 -1.661166657260653657e-05 4.727594733325512187e-03 -9.676646098380117106e-04 1.796514684027010169e-05 9.999995316511185450e-01 1.013285142634781817e-02 9.999989271163940430e-01 -1.298944815061986446e-03 7.383770425803959370e-04 5.736734271049499512e-01 1.299058552831411362e-03 9.999991655349731445e-01 -1.462620712118223310e-04 -6.371477618813514709e-03 -7.381869363598525524e-04 1.472113071940839291e-04 9.999997019767761230e-01 9.437374770641326904e-03 2.081034898757934570e+03
1.027906000000000000e+08 9.999997949314340939e-01 -4.672141015994534354e-04 4.380046494932587388e-04 5.536260178438919821e-01 4.671947995401980322e-04 9.999998898890337662e-01 4.416944169238947441e-05 3.881793795621844585e-03 -4.380252378501620189e-04 -4.396479914020773089e-05 9.999999031004891403e-01 7.351072646444353070e-03 9.999997019767761230e-01 -7.144499686546623707e-04 1.609797036508098245e-04 5.627781748771667480e-01 7.144716219045221806e-04 9.999997615814208984e-01 -1.053632804541848600e-04 -7.798957172781229019e-03 -1.609036989975720644e-04 1.054918029694817960e-04 1.000000000000000000e+00 8.191375993192195892e-03 2.007149934768676758e+03
1.028944000000000000e+08 9.999998820408587674e-01 -3.948506124787397927e-04 2.828626208965391423e-04 5.522376819347961652e-01 3.947082818107797522e-04 9.999997955686281692e-01 5.030587184215583752e-04 4.444868099701056695e-03 -2.830611961136269986e-04 -5.029470108621013737e-04 9.999998334603179551e-01 8.548056990198471886e-03 1.000000000000000000e+00 -2.125582104781642556e-04 -4.256268584867939353e-05 5.548619627952575684e-01 2.125722967321053147e-04 9.999999403953552246e-01 3.941761679016053677e-04 -2.670784015208482742e-03 4.247888864483684301e-05 -3.941835602745413780e-04 9.999998807907104492e-01 9.421605616807937622e-03 2.084958076477050781e+03
1.029985000000000000e+08 9.999996115987437317e-01 7.813106265568947042e-04 4.078677071063911436e-04 5.373944482898704855e-01 -7.816437278563390535e-04 9.999993606329362628e-01 8.171699953500854161e-04 4.933600168460414680e-03 -4.072289827281424450e-04 -8.174884851952874884e-04 9.999995829384792367e-01 7.582524245693952371e-03 9.999997615814208984e-01 6.308867014013230801e-04 3.511189133860170841e-04 5.438410043716430664e-01 -6.312640034593641758e-04 9.999992251396179199e-01 1.069378107786178589e-03 -7.069650571793317795e-03 -3.504453925415873528e-04 -1.069598365575075150e-03 9.999993443489074707e-01 6.715536583214998245e-03 1.981036901473999023e+03
1.031024000000000000e+08 9.999986616014625573e-01 1.635886346237727315e-03 2.590648322009984461e-05 5.252515538579947130e-01 -1.635909885295338401e-03 9.999982235936925035e-01 9.362736281551971816e-04 2.724673817098885453e-03 -2.437479995501809762e-05 -9.363147557199354631e-04 9.999995613601774247e-01 8.954788637373809965e-03 9.999988675117492676e-01 1.447585294954478741e-03 -1.160549072665162385e-04 5.318485498428344727e-01 -1.447464572265744209e-03 9.999984502792358398e-01 1.023211632855236530e-03 -5.825219675898551941e-03 1.175377983599901199e-04 -1.023056567646563053e-03 9.999995231628417969e-01 8.702240884304046631e-03 2.201756238937377930e+03
1.032065000000000000e+08 9.999992548566282169e-01 1.217386902677339332e-03 9.085877798853292018e-05 5.192623551953025052e-01 -1.217434493839993082e-03 9.999991208046536961e-01 5.255884061684430730e-04 2.984885898621980702e-03 -9.021885366404962844e-05 -5.256986291401172890e-04 9.999998577507447362e-01 8.715780556927692560e-03 9.999991059303283691e-01 1.389521756209433079e-03 1.420655462425202131e-05 5.214565396308898926e-01 -1.389528159052133560e-03 9.999990463256835938e-01 3.841730649583041668e-04 -9.649405255913734436e-03 -1.367370441585080698e-05 -3.841903817374259233e-04 9.999999403953552246e-01 3.639331087470054626e-03 2.117450475692749023e+03
1.033103000000000000e+08 9.999985767751035093e-01 1.669755699360445838e-03 2.415857443447918293e-04 5.007924407260164745e-01 -1.669683035054000866e-03 9.999985608769326184e-01 -3.006702947763499286e-04 4.573422443020893680e-04 -2.420874426115055943e-04 3.002664952360573915e-04 9.999999256168482509e-01 8.678256489066952378e-03 9.999991059303283691e-01 1.259042532183229923e-03 -5.096025779494084418e-05 5.094351768493652344e-01 -1.259056152775883675e-03 9.999990463256835938e-01 -5.538638215512037277e-04 -9.734906256198883057e-03 5.026280632591806352e-05 5.539322155527770519e-04 9.999998211860656738e-01 5.363976582884788513e-03 2.173201322555541992e+03
1.034143000000000000e+08 9.999990564935578030e-01 1.373655988875673506e-03 -9.012118589742746316e-06 4.939398505447678001e-01 -1.373653671965683254e-03 9.999990247234172847e-01 2.522455222774742066e-04 1.481571106604848533e-03 9.358608372778050524e-06 -2.522329047524059361e-04 9.999999681454886380e-01 9.559420533065767639e-03 9.999989271163940430e-01 1.470088143832981586e-03 -2.311586576979607344e-04 4.966645538806915283e-01 -1.470121205784380436e-03 9.999988675117492676e-01 -7.634011126356199384e-05 -9.628060273826122284e-03 2.310455020051449537e-04 7.667544559808447957e-05 9.999999403953552246e-01 3.290538676083087921e-03 2.246896743774414062e+03
1.035183000000000000e+08 9.999983592964254431e-01 1.696980615444416843e-03 -6.337675028865528536e-04 4.826692963034050488e-01 -1.696934827692336964e-03 9.999985575567603702e-01 7.277766797869859720e-05 3.736790948323256653e-04 6.338900910046999957e-04 -7.170208642381081506e-05 9.999997965210609685e-01 9.665568045283302531e-03 9.999982714653015137e-01 1.641627750359475613e-03 -8.329341071657836437e-04 4.848524928092956543e-01 -1.641514129005372524e-03 9.999986886978149414e-01 1.338357978966087103e-04 -8.444811217486858368e-03 8.331538410857319832e-04 -1.324595359619706869e-04 9.999996423721313477e-01 4.707955289632081985e-03 2.170363903045654297e+03
1.036223000000000000e+08 9.999990862711793937e-01 1.350639708440846834e-03 5.682591066711928834e-05 4.673418129299012902e-01 -1.350655344867846604e-03 9.999990497680503188e-01 2.760310411911442324e-04 1.386359040127746814e-03 -5.645303818432837622e-05 -2.761075411935961133e-04 9.999999602888393069e-01 7.861711288191353120e-03 9.999992847442626953e-01 1.136417035013437271e-03 -3.196441102772951126e-04 4.757386147975921631e-01 -1.136317383497953415e-03 9.999993443489074707e-01 2.863599220290780067e-04 -7.312803063541650772e-03 3.199696948286145926e-04 -2.860001404769718647e-04 9.999998807907104492e-01 3.044135635718703270e-03 2.067889213562011719e+03
1.037263000000000000e+08 9.999993894213116130e-01 1.067531720019639649e-03 2.855398935835220284e-04 4.594867675039081556e-01 -1.067511318566633947e-03 9.999994276469525989e-01 -7.159156423529393050e-05 1.254162934816783299e-03 -2.856161564196007261e-04 7.128670345470782281e-05 9.999999566708076548e-01 8.352840389799947793e-03 9.999994039535522461e-01 1.161854830570518970e-03 6.551061960635706782e-05 4.621981382369995117e-01 -1.161874504759907722e-03 9.999992847442626953e-01 1.668345357757061720e-04 -3.837312804535031319e-03 -6.531865801662206650e-05 -1.669133780524134636e-04 9.999999403953552246e-01 7.901690900325775146e-03 2.194282054901123047e+03
1.038303000000000000e+08 9.999990193625485357e-01 1.391323381071486297e-03 1.596658718918558839e-04 4.490947923822645182e-01 -1.391368565743141819e-03 9.999989919355286583e-01 2.832338975386437525e-04 1.345233516340538617e-03 -1.592716409944056120e-04 -2.834557738640486367e-04 9.999999471426830322e-01 7.162551212297135241e-03 9.999992847442626953e-01 1.214868039824068546e-03 5.065304321760777384e-06 4.533020257949829102e-01 -1.214878633618354797e-03 9.999991655349731445e-01 4.626276204362511635e-04 -2.496079308912158012e-03 -4.502447609411319718e-06 -4.626257868949323893e-04 9.999999403953552246e-01 8.178343065083026886e-03 2.178584575653076172e+03
1.039343000000000000e+08 9.999992876455718882e-01 1.031288308250655032e-03 6.009598771425441214e-04 4.331103672641846147e-01 -1.031142666294004428e-03 9.999994389428378261e-01 -2.426083496560766403e-04 5.806680646748232271e-04 -6.012097391241851517e-04 2.419885014628919912e-04 9.999997899941852619e-01 7.643059805808385954e-03 9.999992251396179199e-01 1.139473402872681618e-03 4.529032157734036446e-04 4.384515881538391113e-01 -1.139356405474245548e-03 9.999992847442626953e-01 -2.287808165419846773e-04 -3.397839376702904701e-03 -4.531624726951122284e-04 2.282588829984888434e-04 9.999998807907104492e-01 9.925523772835731506e-03 2.159592390060424805e+03
1.040384000000000000e+08 9.999994475442168795e-01 9.852581648845399730e-04 3.663026202714419468e-04 4.166829084369611524e-01 -9.851463774155730813e-04 9.999994681595149038e-01 -3.052331935738274008e-04 -2.937144882615680993e-04 -3.666031589530411184e-04 3.048721632465862023e-04 9.999998863275375571e-01 9.285181214142512740e-03 9.999995231628417969e-01 9.752513724379241467e-04 3.461597661953419447e-04 4.222915768623352051e-01 -9.750224417075514793e-04 9.999993443489074707e-01 -6.618807674385607243e-04 -3.736834740266203880e-03 -3.468049690127372742e-04 6.615439197048544884e-04 9.999997019767761230e-01 9.658726863563060760e-03 2.185067176818847656e+03
1.041423000000000000e+08 9.999991190151421572e-01 1.117723726217013762e-03 7.160046168247435287e-04 4.046818480083728131e-01 -1.117392843998409177e-03 9.999992688295888943e-01 -4.623564855378770239e-04 -7.653222605140695472e-04 -7.165208801172095847e-04 4.615560197737044942e-04 9.999996367818684284e-01 9.050157092502746428e-03 9.999989271163940430e-01 1.106339623220264912e-03 9.155928855761885643e-04 4.221780896186828613e-01 -1.105729024857282639e-03 9.999992251396179199e-01 -6.623248918913304806e-04 -8.926836890168488026e-04 -9.163254871964454651e-04 6.613058503717184067e-04 9.999993443489074707e-01 9.757054969668388367e-03 2.359294652938842773e+03
1.042510000000000000e+08 9.999989270528171215e-01 8.624351021924522463e-04 1.184102575379734120e-03 3.815202997140760832e-01 -8.631982471784139382e-04 9.999994199908380788e-01 6.441325742832195627e-04 3.306888468647845806e-03 -1.183546366046864641e-03 -6.451539984305358199e-04 9.999990914967461508e-01 6.769356660887612676e-03 9.999985694885253906e-01 9.551392286084592342e-04 1.359078218229115009e-03 3.711633980274200439e-01 -9.563942439854145050e-04 9.999991059303283691e-01 9.248928399756550789e-04 1.022762851789593697e-03 -1.358193927444517612e-03 -9.261879022233188152e-04 9.999986290931701660e-01 8.627097122371196747e-03 2.097665309906005859e+03
1.043506000000000000e+08 9.999991453752024029e-01 1.071706987978463541e-03 7.487943621352776032e-04 3.614975775891817733e-01 -1.072457262964688187e-03 9.999989226191892122e-01 1.002295305825785538e-03 2.703226379560586933e-03 -7.477193885153289457e-04 -1.003097499191501389e-03 9.999992173552553210e-01 6.695060114641748425e-03 9.999991655349731445e-01 9.594107978045940399e-04 8.407846908085048199e-04 3.696129024028778076e-01 -9.605794912204146385e-04 9.999985694885253906e-01 1.380752422846853733e-03 2.010358497500419617e-03 -8.394581964239478111e-04 -1.381552196107804775e-03 9.999986886978149414e-01 8.903742767870426178e-03 2.173167228698730469e+03
1.044552000000000000e+08 9.999995059024826549e-01 9.371501930171541100e-04 3.315785069261528175e-04 3.373612209374109439e-01 -9.373143164085526429e-04 9.999994381254603271e-01 4.951672805248187852e-04 2.893499677663497263e-03 -3.311142745081123418e-04 -4.954778291454500251e-04 9.999998224325132856e-01 6.302352198978718699e-03 9.999995827674865723e-01 9.610711713321506977e-04 -8.464209531666710973e-05 3.424583971500396729e-01 -9.610230335965752602e-04 9.999993443489074707e-01 5.985244060866534710e-04 1.339516165899112821e-04 8.521629933966323733e-05 -5.984518211334943771e-04 9.999998211860656738e-01 8.547398261725902557e-03 2.172029972076416016e+03
1.045582000000000000e+08 9.999995018233562849e-01 9.272108684404879600e-04 -3.696390735445678993e-04 3.161114526898746169e-01 -9.276274401951310929e-04 9.999989331155297867e-01 -1.128394937241818238e-03 -1.196287013521673669e-03 3.685924191326769134e-04 1.128737262449403672e-03 9.999992950456619845e-01 7.994219437566407044e-03 9.999996423721313477e-01 7.340121665038168430e-04 -5.348488339222967625e-04 3.211951553821563721e-01 -7.346388301812112331e-04 9.999990463256835938e-01 -1.169193186797201633e-03 -2.088191220536828041e-03 5.339904455468058586e-04 1.169589930213987827e-03 9.999991655349731445e-01 1.369925588369369507e-02 2.018323183059692383e+03
1.046622000000000000e+08 9.999995999485895570e-01 7.600354842922785311e-04 -4.716447005274218909e-04 2.992094582684773907e-01 -7.602807047327126214e-04 9.999995758047831584e-01 -5.199649062284558134e-04 -1.268470831636794643e-03 4.712493086786755840e-04 5.203232805810621264e-04 9.999997535938559556e-01 5.122766319104492781e-03 9.999993443489074707e-01 6.151618435978889465e-04 -8.559295674785971642e-04 3.045074939727783203e-01 -6.158704054541885853e-04 9.999994635581970215e-01 -8.271078113466501236e-04 -3.524804720655083656e-03 8.554204832762479782e-04 8.276354637928307056e-04 9.999993443489074707e-01 1.041125878691673279e-02 2.074630260467529297e+03
1.047662000000000000e+08 9.999997585385198562e-01 6.577639559358030739e-04 -2.242085639784868690e-04 2.817148404815372209e-01 -6.578657802687958543e-04 9.999996803760013986e-01 -4.543792578015870250e-04 2.010353985086272416e-03 2.239096180179424322e-04 4.545266472283835909e-04 9.999998716349965955e-01 5.072847460621422201e-03 9.999995827674865723e-01 7.138176588341593742e-04 -5.463166162371635437e-04 2.868742346763610840e-01 -7.141057285480201244e-04 9.999996423721313477e-01 -5.356891779229044914e-04 -1.381833804771304131e-03 5.459337844513356686e-04 5.360770737752318382e-04 9.999997019767761230e-01 1.075029931962490082e-02 2.091438293457031250e+03
1.048702000000000000e+08 9.999997201832966365e-01 6.455443233757072454e-04 -3.780289077276697564e-04 2.693485614864752908e-01 -6.453935977968430250e-04 9.999997122523582860e-01 3.987007708548852281e-04 1.260175395039341180e-03 3.782861779700938789e-04 -3.984566818549202852e-04 9.999998490659087746e-01 4.778146132442837556e-03 9.999997019767761230e-01 5.917587550356984138e-04 -5.345168756321072578e-04 2.757911086082458496e-01 -5.914623616263270378e-04 9.999995827674865723e-01 5.518456455320119858e-04 -1.644809148274362087e-03 5.348433624021708965e-04 -5.515252705663442612e-04 9.999997019767761230e-01 8.992603980004787445e-03 1.912058830261230469e+03
1.049742000000000000e+08 9.999996594067477318e-01 6.189844987390592150e-04 -5.459345920323268979e-04 2.625611895285827613e-01 -6.191343865100612867e-04 9.999997706813659182e-01 -2.744263596299601209e-04 5.834259917514969442e-04 5.457646011766956792e-04 2.747642730409063862e-04 9.999998133227797625e-01 4.724956231929985408e-03 9.999994039535522461e-01 4.976008203811943531e-04 -9.392346837557852268e-04 2.690865993499755859e-01 -4.975763149559497833e-04 9.999998807907104492e-01 2.040593062702100724e-05 -4.642525222152471542e-03 9.392455685883760452e-04 -1.993938712985254824e-05 9.999995231628417969e-01 7.438556756824254990e-03 1.947770118713378906e+03
1.050786000000000000e+08 9.999988862437936277e-01 4.841954810569360206e-04 -1.411759862173852772e-03 2.469775538736743159e-01 -4.853841217862371279e-04 9.999995279415079263e-01 -8.417357159324759860e-04 5.954252596786185729e-04 1.411351631110722418e-03 8.424200242649726011e-04 9.999986492066257338e-01 4.403726344258957447e-03 9.999981522560119629e-01 3.651137812994420528e-04 -1.893136301077902317e-03 2.605431675910949707e-01 -3.659724316094070673e-04 9.999998211860656738e-01 -4.506282275542616844e-04 -4.956975579261779785e-03 1.892971340566873550e-03 4.513223248068243265e-04 9.999981522560119629e-01 6.093760486692190170e-03 1.906449794769287109e+03
1.051819000000000000e+08 9.999988305711878800e-01 7.236564837070202233e-04 -1.347285252003498079e-03 2.500616483376201238e-01 -7.237937323283510915e-04 9.999997329217499287e-01 -1.013857078821841368e-04 -2.096689504484231567e-04 1.347211523748046520e-03 1.023607459398747586e-04 9.999990872712775092e-01 4.827345661269237531e-03 9.999980926513671875e-01 4.384692001622170210e-04 -1.874683657661080360e-03 2.590916752815246582e-01 -4.392119299154728651e-04 9.999998211860656738e-01 -3.919485898222774267e-04 -7.655262481421232224e-03 1.874512410722672939e-03 3.927727520931512117e-04 9.999981522560119629e-01 4.612177610397338867e-03 2.147629499435424805e+03
1.052860000000000000e+08 9.999998314615172745e-01 4.514696211247056206e-04 -3.650371462080285079e-04 2.487407046440650027e-01 -4.512885093759711917e-04 9.999997751234589449e-01 4.960763176276180263e-04 1.179171647114514226e-03 3.652610275069059580e-04 -4.959114969500891821e-04 9.999998103280665074e-01 3.937042444781713169e-03 9.999999403953552246e-01 2.860372478608042002e-04 -3.767689049709588289e-04 2.580931484699249268e-01 -2.860416716430336237e-04 1.000000000000000000e+00 -2.043170934484805912e-05 -6.228497717529535294e-03 3.767623566091060638e-04 2.053569733106996864e-05 9.999999403953552246e-01 4.303707741200923920e-03 1.812309741973876953e+03
1.053900000000000000e+08 9.999997926843496865e-01 4.144269621307731296e-04 4.928301439727944978e-04 2.492557151626365042e-01 -4.143967713655790307e-04 9.999999122550975450e-01 -6.136051669470004178e-05 1.515074425972099325e-03 -4.928555301819900498e-04 6.115627675321066211e-05 9.999998766766604597e-01 3.445341735744398767e-03 9.999998807907104492e-01 8.415059710387140512e-05 5.467647570185363293e-04 2.562985122203826904e-01 -8.413511386606842279e-05 9.999999403953552246e-01 -3.219792415620759130e-05 -1.006721053272485733e-02 -5.467673763632774353e-04 3.214416574337519705e-05 9.999998807907104492e-01 3.716372186318039894e-03 1.777299165725708008e+03
1.054940000000000000e+08 9.999997958863925396e-01 3.327559494975377316e-04 5.454362027622487773e-04 2.534395552170935484e-01 -3.325094200417457271e-04 9.999998425602889540e-01 -4.520142506861944448e-04 -1.311698647648578840e-04 -5.455865273201042798e-04 4.518327957484848936e-04 9.999997490912014841e-01 4.732302118024257764e-03 9.999998807907104492e-01 1.207634995807893574e-04 5.051351618021726608e-04 2.530708312988281250e-01 -1.204287109430879354e-04 9.999998807907104492e-01 -6.491122767329216003e-04 -1.181587297469377518e-02 -5.052140913903713226e-04 6.490566884167492390e-04 9.999996423721313477e-01 4.292011260986328125e-03 1.727355241775512695e+03
1.055979000000000000e+08 9.999999548443140318e-01 9.299554243069136023e-05 2.857677362967128666e-04 2.443984200468516388e-01 -9.291846844661273848e-05 9.999999593113551022e-01 -2.697099295114344314e-04 4.435484878362747833e-04 -2.857928064904048313e-04 2.696833642321093709e-04 9.999999227966743787e-01 5.895196105645861967e-03 1.000000000000000000e+00 1.254753442481160164e-04 2.488361787982285023e-04 2.527083754539489746e-01 -1.253404770977795124e-04 9.999998211860656738e-01 -5.559189012274146080e-04 -5.790357477962970734e-03 -2.489052130840718746e-04 5.558913107961416245e-04 9.999998211860656738e-01 3.950830083340406418e-03 1.800322294235229492e+03
1.057018000000000000e+08 9.999999522759112081e-01 2.252189453535187848e-04 2.114819189545778420e-04 2.443814079246740822e-01 -2.251680023557991051e-04 9.999999456383977803e-01 -2.408787505169705182e-04 3.719542368854063881e-04 -2.115361579162313495e-04 2.408311200600262640e-04 9.999999486264115056e-01 4.873155096073362481e-03 9.999998807907104492e-01 2.419579141132999212e-05 3.405894094612449408e-04 2.512234151363372803e-01 -2.404739825578872114e-05 9.999998807907104492e-01 -4.235667583998292685e-04 -4.422684200108051300e-03 -3.405996831133961678e-04 4.235552041791379452e-04 9.999998211860656738e-01 5.239326041191816330e-03 1.837512731552124023e+03
1.058057000000000000e+08 9.999999641019311492e-01 -2.682236432965979264e-05 2.666021327417308624e-04 2.344518942703339159e-01 2.656021685670545773e-05 9.999995162609199850e-01 9.832458903955029837e-04 1.909372888160337702e-03 -2.666283767553582302e-04 -9.832387740884142389e-04 9.999994810752763641e-01 3.977587102677181304e-03 1.000000000000000000e+00 -1.685252645984292030e-04 5.642581527354195714e-05 2.472628057003021240e-01 1.685051975073292851e-04 9.999999403953552246e-01 3.025893529411405325e-04 -3.132366808131337166e-03 -5.647661600960418582e-05 -3.025846090167760849e-04 1.000000000000000000e+00 4.435318056493997574e-03 1.746183395385742188e+03
1.059097000000000000e+08 9.999999988039571797e-01 3.741306801387635304e-05 3.150155370232401048e-05 2.388369615770739862e-01 -3.740054607139335911e-05 9.999999203335678821e-01 -3.974091807758717461e-04 4.694744815136414032e-04 -3.151641948941733164e-05 3.974080021252427721e-04 9.999999205367943178e-01 3.356482806130648387e-03 1.000000000000000000e+00 -8.568959310650825500e-05 6.204385135788470507e-05 2.487948536872863770e-01 8.571020589442923665e-05 9.999999403953552246e-01 -3.544277569744735956e-04 -3.869623178616166115e-03 -6.201544601935893297e-05 3.544400387909263372e-04 9.999998211860656738e-01 9.583283099345862865e-04 1.890053749084472656e+03
1.060137000000000000e+08 9.999997064558782123e-01 -7.625541221614184906e-04 7.482892490022522390e-05 2.378213868372930362e-01 7.626027319946642380e-04 9.999994968300913722e-01 -6.517489065845051208e-04 -8.340830036904782919e-05 -7.433189343323169738e-05 6.518057800100058967e-04 9.999997848119741573e-01 5.482722177916247476e-03 9.999995231628417969e-01 -9.296992793679237366e-04 -1.899250346468761563e-04 2.471547871828079224e-01 9.295209893025457859e-04 9.999991059303283691e-01 -9.403818403370678425e-04 -3.351377323269844055e-03 1.908005360746756196e-04 9.402033756487071514e-04 9.999995827674865723e-01 4.729116335511207581e-03 1.944309711456298828e+03
1.061176000000000000e+08 9.999962944810739662e-01 -2.715066086490627514e-03 1.985957374488652978e-04 2.287848028354393937e-01 2.715225258849970034e-03 9.999959892241587767e-01 -8.056595991414188971e-04 1.206039386922651800e-03 -1.964075218709948828e-04 8.061958459171475293e-04 9.999996557361122695e-01 5.034562396954487748e-03 9.999962449073791504e-01 -2.751885913312435150e-03 1.445109082851558924e-04 2.463485300540924072e-01 2.752087311819195747e-03 9.999952316284179688e-01 -1.415075967088341713e-03 -3.792720381170511246e-03 -1.406158989993855357e-04 1.415468403138220310e-03 9.999990463256835938e-01 4.829318728297948837e-03 1.755946636199951172e+03
1.062215000000000000e+08 9.999910590627582030e-01 -4.223535369804138316e-03 2.086708489117132970e-04 2.331769050145839350e-01 4.223505670044275934e-03 9.999910707977424096e-01 1.425645105431194715e-04 4.291470689987525802e-03 -2.092711119002557674e-04 -1.416819133692262273e-04 9.999999680659180656e-01 3.927042057081126664e-03 9.999900460243225098e-01 -4.444665275514125824e-03 -8.106653694994747639e-05 2.450557798147201538e-01 4.444648977369070053e-03 9.999900460243225098e-01 -2.820322988554835320e-04 -1.262163510546088219e-03 8.231976244132965803e-05 2.816641645040363073e-04 9.999999403953552246e-01 5.466010887175798416e-03 1.792116403579711914e+03
1.063255000000000000e+08 9.999821007097522418e-01 -5.980386132771657245e-03 -1.823233774099222661e-04 2.314251592552807602e-01 5.980512860695514320e-03 9.999818697195581585e-01 7.026365345477014312e-04 6.422236388681465055e-03 1.781180340483708982e-04 -7.037143451558364529e-04 9.999997365300085095e-01 3.476693785193638291e-03 9.999814629554748535e-01 -6.084812339395284653e-03 4.117934076930396259e-05 2.435104995965957642e-01 6.084789056330919266e-03 9.999813437461853027e-01 4.039091290906071663e-04 -2.416076837107539177e-03 -4.363691914477385581e-05 -4.036457976326346397e-04 9.999998807907104492e-01 3.234189236536622047e-03 1.812414169311523438e+03
1.064293000000000000e+08 9.999743867776318407e-01 -7.156658975248935198e-03 -8.956009752292952723e-05 2.282222819456322660e-01 7.156715218952831685e-03 9.999741828316137671e-01 6.442806228437271193e-04 8.864994198763697514e-03 8.494688863275755752e-05 -6.449050768538200536e-04 9.999997884407116899e-01 4.556743945477999096e-03 9.999712109565734863e-01 -7.569625508040189743e-03 -4.920621286146342754e-04 2.413041144609451294e-01 7.569755893200635910e-03 9.999713897705078125e-01 2.641039027366787195e-04 -3.000190947204828262e-03 4.900483181700110435e-04 -2.678189775906503201e-04 9.999998211860656738e-01 3.008952829986810684e-03 1.760185480117797852e+03
1.065332000000000000e+08 9.999747259927207477e-01 -7.109667488492885969e-03 -1.996526239138762063e-06 2.275314027892094970e-01 7.109664843817945987e-03 9.999740204326087456e-01 1.187908099641636411e-03 8.368932671233600754e-03 -6.449157225088726878e-06 -1.187892271076091116e-03 9.999992944349314072e-01 3.974337663656066395e-03 9.999708533287048340e-01 -7.644799072295427322e-03 -3.304140409454703331e-05 2.420129030942916870e-01 7.644821424037218094e-03 9.999698996543884277e-01 1.271350658498704433e-03 -2.370829926803708076e-03 2.332033545826561749e-05 -1.271570101380348206e-03 9.999991655349731445e-01 2.330845920369029045e-03 1.801487922668457031e+03
1.066377000000000000e+08 9.999837319375760591e-01 -5.702377795404343745e-03 1.369221551144049508e-04 2.267759686778408612e-01 5.702084138131086055e-03 9.999816272927660732e-01 2.057015652117947027e-03 1.017469822758465883e-02 -1.486495198631717903e-04 -2.056201446810074739e-03 9.999978749672072675e-01 2.437153551273239793e-03 9.999834299087524414e-01 -5.751729477196931839e-03 -1.901042924146167934e-05 2.371867895126342773e-01 5.751752294600009918e-03 9.999812841415405273e-01 2.082162071019411087e-03 3.920517337974160910e-04 7.033764632069505751e-06 -2.082232618704438210e-03 9.999978542327880859e-01 4.570093471556901932e-03 1.757219791412353516e+03
1.067410000000000000e+08 9.999898822929977893e-01 -4.495182577656695391e-03 -1.692490183258524240e-04 2.291014373059775677e-01 4.495361025287716167e-03 9.999893242559386719e-01 1.069160139269401989e-03 7.449163736957786427e-03 1.644411414358813511e-04 -1.069910157260924640e-03 9.999994141255116320e-01 4.018830985958792186e-03 9.999888539314270020e-01 -4.705355502665042877e-03 -3.505802305880934000e-04 2.354110479354858398e-01 4.705885425209999084e-03 9.999879002571105957e-01 1.443003537133336067e-03 -1.533571747131645679e-03 3.437877458054572344e-04 -1.444641849957406521e-03 9.999989867210388184e-01 6.935261189937591553e-03 1.878329038619995117e+03
1.068450000000000000e+08 9.999889156908717824e-01 -4.704411933568655897e-03 -1.923635976141567841e-04 2.235692209144703457e-01 4.704308801673213851e-03 9.999887925717698689e-01 -5.331130764646664025e-04 3.849255982301321224e-03 1.948694252318042980e-04 5.322022295091487307e-04 9.999998393933341445e-01 4.753063453550134161e-03 9.999878406524658203e-01 -4.908964503556489944e-03 -3.974664141424000263e-04 2.380357384681701660e-01 4.908586386591196060e-03 9.999874234199523926e-01 -9.699870133772492409e-04 -3.743905806913971901e-03 4.022228531539440155e-04 9.680303046479821205e-04 9.999994039535522461e-01 3.577058669179677963e-03 1.830900669097900391e+03
1.069494000000000000e+08 9.999889880548540333e-01 -4.688875219755698348e-03 1.954947635338582590e-04 2.225184214552794471e-01 4.689121933824215958e-03 9.999881852094384405e-01 -1.281240423849520915e-03 2.642813721615940113e-03 -1.894848773302338697e-04 1.282143013683889219e-03 9.999991601020341569e-01 4.373477952729431552e-03 9.999874234199523926e-01 -4.998791497200727463e-03 -1.949860597960650921e-04 2.354261875152587891e-01 4.998560529202222824e-03 9.999868869781494141e-01 -1.184018910862505436e-03 -3.594812238588929176e-03 2.009034942602738738e-04 1.183032873086631298e-03 9.999993443489074707e-01 2.119854791089892387e-03 1.751266241073608398e+03
1.070529000000000000e+08 9.999927300170671218e-01 -3.813066069145531686e-03 -2.098012073801902493e-05 2.245007875801346697e-01 3.813083541342943226e-03 9.999923182766733420e-01 9.076241243325143320e-04 6.267348335204239208e-03 1.751912882250592204e-05 -9.076975248737025048e-04 9.999995878890568513e-01 2.608531600405232347e-03 9.999918341636657715e-01 -4.044797271490097046e-03 -1.575722853885963559e-04 2.354857623577117920e-01 4.044951405376195908e-03 9.999912381172180176e-01 9.816129459068179131e-04 -2.950570487882941961e-04 1.536006020614877343e-04 -9.822489228099584579e-04 9.999994635581970215e-01 1.620751689188182354e-03 1.761189460754394531e+03
1.071568000000000000e+08 9.999979507262166667e-01 -2.023765480253880353e-03 5.400600205958262491e-05 2.178429129348992965e-01 2.023629238628047756e-03 9.999950396658777718e-01 2.413621416885557668e-03 1.029839746378769655e-02 -5.889033787766225712e-05 -2.413507182589636185e-03 9.999970857532574087e-01 2.701524335629952936e-03 9.999972581863403320e-01 -2.327597467228770256e-03 -1.787764776963740587e-04 2.328832298517227173e-01 2.328005619347095490e-03 9.999939203262329102e-01 2.621391788125038147e-03 4.604838788509368896e-03 1.726725749904289842e-04 -2.621803432703018188e-03 9.999965429306030273e-01 2.941329497843980789e-03 1.881631135940551758e+03
1.072607000000000000e+08 9.999999479970753669e-01 -3.028408118038574477e-04 -1.108751073953514939e-04 2.240291843765075952e-01 3.030421882335706065e-04 9.999982965043764382e-01 1.820756375106063162e-03 3.705429795267046762e-03 1.103235191813571066e-04 -1.820789880256572235e-03 9.999983362750826110e-01 3.082120438003199073e-03 9.999998211860656738e-01 -5.716763553209602833e-04 -2.190626983065158129e-04 2.310395985841751099e-01 5.722168716602027416e-04 9.999971389770507812e-01 2.297841478139162064e-03 5.703411065042018890e-03 2.177494316129013896e-04 -2.297962550073862076e-03 9.999973177909851074e-01 6.002917885780334473e-03 1.983380794525146484e+03
1.073647000000000000e+08 9.999995990863165263e-01 8.931378936551797069e-04 6.427992840078471570e-05 2.162102237023706686e-01 -8.931597103788004120e-04 9.999995432725072853e-01 3.401771726602559852e-04 1.381996787908520248e-03 -6.397607391891481105e-05 -3.402344485208062385e-04 9.999999400737892286e-01 4.730485180730405019e-03 9.999996423721313477e-01 7.447887910529971123e-04 -2.582388697192072868e-04 2.302100956439971924e-01 -7.447460084222257137e-04 9.999997019767761230e-01 6.566060619661584496e-05 -1.142166671343147755e-03 2.582895685918629169e-04 -6.547736848006024957e-05 1.000000000000000000e+00 4.031668417155742645e-03 1.933495521545410156e+03
1.074688000000000000e+08 9.999987597243704673e-01 1.553599242652818754e-03 2.586099649878696987e-04 2.202849109684782147e-01 -1.553490335461831526e-03 9.999987047989258304e-01 -4.207947817793238369e-04 -3.744249844627246023e-04 -2.592633764902498657e-04 4.203925117965481308e-04 9.999998780263114062e-01 3.274433661667230759e-03 9.999991655349731445e-01 1.324807060882449150e-03 1.382917980663478374e-04 2.287639379501342773e-01 -1.324821612797677517e-03 9.999990463256835938e-01 -4.693090450018644333e-04 -3.039514645934104919e-03 -1.389187818858772516e-04 4.691343638114631176e-04 9.999998211860656738e-01 2.684219973161816597e-03 1.818933010101318359e+03
1.075728000000000000e+08 9.999981357405144378e-01 1.914210359455816414e-03 2.536024354435132398e-04 2.225703413762847860e-01 -1.914011233167104515e-03 9.999978616394645803e-01 -7.831203595186907477e-04 -3.257190951282990942e-04 -2.551009502549650681e-04 7.826335016689348273e-04 9.999996612040962241e-01 4.041117371269150292e-03 9.999985098838806152e-01 1.716198516078293324e-03 2.473319182172417641e-04 2.276427000761032104e-01 -1.715919584967195988e-03 9.999982118606567383e-01 -8.109344635158777237e-04 -4.424456041306257248e-03 -2.487194724380970001e-04 8.105073357000946999e-04 9.999996423721313477e-01 3.562050638720393181e-03 1.993015766143798828e+03
1.076768000000000000e+08 9.999975126133842096e-01 2.178880995054758001e-03 4.767018499751185024e-04 2.171249286232331543e-01 -2.178816526759421324e-03 9.999976171670512670e-01 -1.357157413597989465e-04 1.324185355816368253e-04 -4.769964225238222297e-04 1.346767579132177777e-04 9.999998771682843124e-01 3.990734455656808413e-03 9.999973773956298828e-01 2.238348359242081642e-03 4.665350716095417738e-04 2.309539169073104858e-01 -2.238470595329999924e-03 9.999974370002746582e-01 1.779801677912473679e-04 -1.119109569117426872e-03 -4.661374259740114212e-04 -1.790200185496360064e-04 9.999998807907104492e-01 8.093141950666904449e-03 1.810569047927856445e+03
1.077809000000000000e+08 9.999958683107111890e-01 2.873471498453373466e-03 8.076542804237068953e-05 2.202815421763066051e-01 -2.873444178815231891e-03 9.999958150802049639e-01 -3.363638326557750091e-04 -2.180163047927271679e-03 -8.173162193177901989e-05 3.361303679558726078e-04 9.999999401681570754e-01 3.288464592713439150e-03 9.999968409538269043e-01 2.513840794563293457e-03 2.021537220571190119e-04 2.271469980478286743e-01 -2.513884799554944038e-03 9.999968409538269043e-01 -1.463805674575269222e-04 -4.494099121075123549e-04 -2.025225403485819697e-04 1.458731421735137701e-04 9.999998807907104492e-01 7.849140092730522156e-03 1.825935602188110352e+03
1.078850000000000000e+08 9.999961857071766325e-01 2.748062472145876116e-03 -2.769905178583663939e-04 2.136928665024161733e-01 -2.748120627874556764e-03 9.999962019024936088e-01 -2.097941892175442388e-04 -1.939733021050249505e-04 2.764129382831081875e-04 2.105545923569261820e-04 9.999999396313238309e-01 4.471302254939018596e-03 9.999966621398925781e-01 2.494707703590393066e-03 -6.339992396533489227e-04 2.254008501768112183e-01 -2.494847401976585388e-03 9.999968409538269043e-01 -2.366241969866678119e-04 3.859214193653315306e-04 6.334068020805716515e-04 2.381945523666217923e-04 9.999998211860656738e-01 8.869392797350883484e-03 1.888640403747558594e+03
1.079890000000000000e+08 9.999955754117301199e-01 2.970082574375612801e-03 1.666327222457605667e-04 2.149646703626429123e-01 -2.970045905871875926e-03 9.999955652316653287e-01 -2.198734160195493358e-04 -1.212983690727406205e-03 -1.672850254697285483e-04 2.193775363357216678e-04 9.999999619446076071e-01 4.790862161514214228e-03 9.999963045120239258e-01 2.704462269321084023e-03 -9.666576079325750470e-05 2.243596464395523071e-01 -2.704426879063248634e-03 9.999963641166687012e-01 -1.700621796771883965e-04 -6.912908283993601799e-04 9.620722266845405102e-05 1.703292218735441566e-04 1.000000000000000000e+00 7.933724671602249146e-03 1.860028266906738281e+03
1.080930000000000000e+08 9.999947561645557981e-01 3.230154327291330160e-03 2.318327251381979541e-04 2.212986480310892012e-01 -3.230140402927069582e-03 9.999947812581004847e-01 -6.041143353179715330e-05 -1.259301464942086998e-03 -2.320266535164821990e-04 5.966226449199118749e-05 9.999999713020226721e-01 3.676122558884297765e-03 9.999949336051940918e-01 3.185721812769770622e-03 2.541842404752969742e-04 2.248415499925613403e-01 -3.185842186212539673e-03 9.999948740005493164e-01 2.232083352282643318e-04 -1.263363170437514782e-03 -2.534736995585262775e-04 -2.240218891529366374e-04 9.999999403953552246e-01 8.087589405477046967e-03 1.890635728836059570e+03
1.081971000000000000e+08 9.999923458593902303e-01 3.908286533249935926e-03 1.830819698751928574e-04 2.116738758143127952e-01 -3.908256629735928911e-03 9.999923493847008293e-01 -1.634080246450718226e-04 -6.497672642295127150e-04 -1.837192145676184410e-04 1.626912425745245588e-04 9.999999698894044275e-01 4.436266408547594534e-03 9.999926090240478516e-01 3.829799592494964600e-03 1.155874924734234810e-04 2.238731235265731812e-01 -3.829647554084658623e-03 9.999926686286926270e-01 -2.698889002203941345e-04 -3.581772092729806900e-03 -1.166163492598570883e-04 2.694533905014395714e-04 1.000000000000000000e+00 7.059454917907714844e-03 1.984487533569335938e+03
1.083011000000000000e+08 9.999901853314239197e-01 4.429897854640358831e-03 7.242804681744947209e-05 2.158592090494796667e-01 -4.429899674985501683e-03 9.999901876339916118e-01 2.499207443542078615e-05 -2.978902812616093625e-03 -7.231662379002034647e-05 -2.531267812754962854e-05 9.999999970647871494e-01 3.118433600989138979e-03 9.999912381172180176e-01 4.182917997241020203e-03 6.466251215897500515e-05 2.238603830337524414e-01 -4.182954318821430206e-03 9.999911785125732422e-01 -2.541551657486706972e-05 -5.657022818922996521e-03 -6.476993439719080925e-05 2.514415245968848467e-05 9.999999403953552246e-01 4.911253228783607483e-03 2.170504808425903320e+03
1.084051000000000000e+08 9.999906702237892908e-01 4.301779167983826868e-03 -3.926338837527975929e-04 2.100940672010253862e-01 -4.301765376751309766e-03 9.999907467178531517e-01 3.596267414229409071e-05 -1.192607397897094005e-03 3.927849540831410764e-04 -3.427331977172521434e-05 9.999999222726566606e-01 3.537180507677095687e-03 9.999917149543762207e-01 3.988669253885746002e-03 -7.297522388398647308e-04 2.275327742099761963e-01 -3.988717682659626007e-03 9.999920725822448730e-01 -6.158580072224140167e-05 -5.652317777276039124e-03 7.295024115592241287e-04 6.448463682318106294e-05 9.999998211860656738e-01 3.945514094084501266e-03 2.055933237075805664e+03
1.085091000000000000e+08 9.999897759344146264e-01 4.337367053868115656e-03 -1.278778197773222441e-03 2.245142851358807590e-01 -4.337160557386664228e-03 9.999905809925810907e-01 1.642084634771749034e-04 -1.879213727556024345e-03 1.279478385331342914e-03 -1.586605182380466082e-04 9.999991688806052492e-01 4.047558136331207319e-03 9.999898076057434082e-01 4.143134225159883499e-03 -1.817086362279951572e-03 2.354867309331893921e-01 -4.143118392676115036e-03 9.999914765357971191e-01 1.130038435803726315e-05 -5.749121773988008499e-03 1.817116281017661095e-03 -3.758682169063831680e-06 9.999982714653015137e-01 3.951647318899631500e-03 1.948738574981689453e+03
1.086130000000000000e+08 9.999879887755147578e-01 4.792774128476489509e-03 -1.025485667525566965e-03 2.432974795680804547e-01 -4.792975048322932127e-03 9.999884948964171683e-01 -1.935587363804096447e-04 -3.800255397040756388e-03 1.024546185902674642e-03 1.984715387198387354e-04 9.999994554569323624e-01 4.028105535608855585e-03 9.999884963035583496e-01 4.563456866890192032e-03 -1.458836137317121029e-03 2.469817996025085449e-01 -4.564198199659585953e-03 9.999893903732299805e-01 -5.037813680246472359e-04 -9.318605996668338776e-03 1.456522499211132526e-03 5.104253650642931461e-04 9.999988079071044922e-01 7.987673743627965450e-04 1.878264427185058594e+03
1.087170000000000000e+08 9.999887011418402416e-01 4.752083100917736669e-03 -1.236723791250852935e-04 2.474913712074306438e-01 -4.752103547053707598e-03 9.999886949870422370e-01 -1.655596278637821159e-04 -3.147825169727558759e-03 1.228842278974710746e-04 1.661454611805427859e-04 9.999999786475759489e-01 3.168318160888343275e-03 9.999893903732299805e-01 4.587483126670122147e-03 -2.913096686825156212e-04 2.590273916721343994e-01 -4.587563220411539078e-03 9.999894499778747559e-01 -2.834270999301224947e-04 -8.215224370360374451e-03 2.900089602917432785e-04 2.847651485353708267e-04 9.999999403953552246e-01 1.232446520589292049e-03 1.919192552566528320e+03
1.088210000000000000e+08 9.999880614225555853e-01 4.880741948036467978e-03 2.353091497366317374e-04 2.668593938565151924e-01 -4.880650705191140991e-03 9.999880147513432460e-01 -3.867846446903795200e-04 -4.260338332946601511e-03 -2.371941255381576207e-04 3.856315652643444955e-04 9.999998975136160650e-01 2.882963782123120280e-03 9.999883174896240234e-01 4.831550177186727524e-03 4.113233881071209908e-04 2.705426216125488281e-01 -4.831361584365367889e-03 9.999882578849792480e-01 -4.731332010123878717e-04 -9.784440509974956512e-03 -4.136070783715695143e-04 4.711362125817686319e-04 9.999997615814208984e-01 7.268541230587288737e-05 1.883283853530883789e+03
1.089250000000000000e+08 9.999876932928443152e-01 4.934278062426479192e-03 5.159097390983391138e-04 2.708611163857099768e-01 -4.933906066106778961e-03 9.999875691142591227e-01 -7.198526832063804589e-04 -3.741660395937972030e-03 -5.194552791862439402e-04 7.172983739989121374e-04 9.999996078245508846e-01 3.025229358557589808e-03 9.999881982803344727e-01 4.843736998736858368e-03 2.521413262002170086e-04 2.815752327442169189e-01 -4.843519534915685654e-03 9.999879002571105957e-01 -8.166045299731194973e-04 -9.540200233459472656e-03 -2.560922876000404358e-04 8.153764647431671619e-04 9.999996423721313477e-01 1.781050697900354862e-03 1.929198503494262695e+03
1.090288000000000000e+08 9.999859136657163194e-01 5.240739737954420996e-03 8.409025755231916378e-04 2.862857560195395945e-01 -5.239380312231005886e-03 9.999849770491706646e-01 -1.610766871178399406e-03 -6.689631109333275642e-03 -8.493315526355124830e-04 1.606338372979098468e-03 9.999983491551098780e-01 4.050331573094566491e-03 9.999872446060180664e-01 4.978803452104330063e-03 8.748925756663084030e-04 2.927934527397155762e-01 -4.977140109986066818e-03 9.999858736991882324e-01 -1.901915413327515125e-03 -1.305241789668798447e-02 -8.843498071655631065e-04 1.897537149488925934e-03 9.999977946281433105e-01 2.835624385625123978e-03 1.943565130233764648e+03
1.091328000000000000e+08 9.999848664543818932e-01 5.363685736337699995e-03 1.223820874916843864e-03 3.020141145470618960e-01 -5.361419609963354212e-03 9.999839208160232751e-01 -1.847508911789885440e-03 -6.643653211935922169e-03 -1.233710654073765477e-03 1.840919535191627232e-03 9.999975444836286531e-01 3.864690070226278838e-03 9.999850392341613770e-01 5.273062735795974731e-03 1.477151759900152683e-03 3.016636967658996582e-01 -5.270439200103282928e-03 9.999845027923583984e-01 -1.779000856913626194e-03 -9.736970998346805573e-03 -1.486510853283107281e-03 1.771190087310969830e-03 9.999973177909851074e-01 3.964128438383340836e-03 2.101949930191040039e+03
1.092368000000000000e+08 9.999873798629732580e-01 4.925436889232780342e-03 9.900435524611418507e-04 3.018143230370560204e-01 -4.924528678944002646e-03 9.999874533453377845e-01 -9.176977694869307501e-04 -4.486689299517713017e-03 -9.945511931735860536e-04 9.128106901478322309e-04 9.999990888218689422e-01 3.783285094044957532e-03 9.999873042106628418e-01 4.842826630920171738e-03 1.382473157718777657e-03 3.092903196811676025e-01 -4.841315560042858124e-03 9.999876618385314941e-01 -1.088695717044174671e-03 -5.088354926556348801e-03 -1.387728145346045494e-03 1.081984257325530052e-03 9.999984502792358398e-01 3.124374663457274437e-03 2.164489269256591797e+03
1.093407000000000000e+08 9.999880789170237927e-01 4.849167432159031364e-03 5.723626955157216012e-04 3.142426089719390636e-01 -4.848647088872462541e-03 9.999878338869576666e-01 -9.070278265226556840e-04 -4.574083404895553338e-03 -5.767540618829023000e-04 9.042418290512823417e-04 9.999994248505679195e-01 4.968559204910936306e-03 9.999887943267822266e-01 4.686012864112854004e-03 6.394111551344394684e-04 3.170076906681060791e-01 -4.685463383793830872e-03 9.999886751174926758e-01 -8.647738141007721424e-04 -6.694037001579999924e-03 -6.434575188905000687e-04 8.617708808742463589e-04 9.999993443489074707e-01 2.848165575414896011e-03 1.972590923309326172e+03
1.094447000000000000e+08 9.999903592834820110e-01 4.315163809065821615e-03 8.128354036586624099e-04 3.168305837658521584e-01 -4.315420401388304038e-03 9.999906391729230792e-01 3.141867084184813102e-04 -1.977019650366975117e-03 -8.114720277335498713e-04 -3.176914059174110573e-04 9.999996202925872657e-01 3.230501542091475213e-03 9.999907016754150391e-01 4.250224214047193527e-03 7.696691900491714478e-04 3.246772289276123047e-01 -4.250301048159599304e-03 9.999908804893493652e-01 9.260174556402489543e-05 -8.132859133183956146e-03 -7.692690705880522728e-04 -9.586937085259705782e-05 9.999997019767761230e-01 2.710444678086787462e-04 2.047018766403198242e+03
1.095486000000000000e+08 9.999904665034105022e-01 4.303200127563052216e-03 7.411956243710023226e-04 3.281652920950156593e-01 -4.303099893089392704e-03 9.999907322689854938e-01 -1.367751740529783873e-04 -3.439339317435514097e-03 -7.417773261157587427e-04 1.335844312953338522e-04 9.999997159607587616e-01 2.945498994887771945e-03 9.999904632568359375e-01 4.230956546962261200e-03 1.020754687488079071e-03 3.343733251094818115e-01 -4.230995196849107742e-03 9.999910593032836914e-01 3.704571281559765339e-05 -7.438086904585361481e-03 -1.020587864331901073e-03 -4.136858478887006640e-05 9.999995231628417969e-01 2.225538017228245735e-03 1.989662170410156250e+03
1.096526000000000000e+08 9.999903835342770497e-01 4.201764634953749494e-03 1.256189843162866570e-03 3.424294824867522569e-01 -4.200504238702480395e-03 9.999906735204396879e-01 -1.004308856006547309e-03 -3.486284755553172195e-03 -1.260397996767709510e-03 9.990225673440374359e-04 9.999987066745634756e-01 5.768128530445821786e-03 9.999907612800598145e-01 4.157417919486761093e-03 1.080910675227642059e-03 3.408375382423400879e-01 -4.156349692493677139e-03 9.999909400939941406e-01 -9.883582824841141701e-04 -6.879941560328006744e-03 -1.085010590031743050e-03 9.838599944487214088e-04 9.999989271163940430e-01 4.372174851596355438e-03 1.864666938781738281e+03
1.097565000000000000e+08 9.999936710226795533e-01 3.518442864230168429e-03 5.277067331234862541e-04 3.400087739706311174e-01 -3.517601041537042009e-03 9.999925526899215988e-01 -1.587780717481114242e-03 -5.080282265143809019e-03 -5.332893188631979402e-04 1.585914406698902103e-03 9.999986002380188976e-01 4.535098796814628595e-03 9.999938011169433594e-01 3.517583012580871582e-03 4.023317596875131130e-04 3.493800461292266846e-01 -3.516906173899769783e-03 9.999923706054687500e-01 -1.666880794800817966e-03 -8.584131486713886261e-03 -4.081925144419074059e-04 1.665454357862472534e-03 9.999985098838806152e-01 4.964414052665233612e-03 2.061404228210449219e+03
1.098605000000000000e+08 9.999962833796294248e-01 2.465514312039769704e-03 -1.163815322549177807e-03 3.639192858361187666e-01 -2.467666006644849471e-03 9.999952421501429045e-01 -1.851027162565790354e-03 -4.181324241590129130e-03 1.159246051329331471e-03 1.853892190509998615e-03 9.999976096133122994e-01 1.102688231983680288e-02 9.999951124191284180e-01 2.586307236924767494e-03 -1.720660948194563389e-03 3.559387624263763428e-01 -2.590572461485862732e-03 9.999935626983642578e-01 -2.481532515957951546e-03 -1.090722251683473587e-02 1.714233774691820145e-03 2.485977020114660263e-03 9.999955296516418457e-01 2.961786929517984390e-03 2.222125530242919922e+03
1.099644000000000000e+08 9.999962414684128165e-01 1.707928795014571803e-03 -2.144767651502233353e-03 3.563941559278438476e-01 -1.710428239007987612e-03 9.999978596798062558e-01 -1.164075189027032617e-03 -2.655500935352161050e-03 2.142774903477816933e-03 1.167739284970905050e-03 9.999970224459048262e-01 3.986109203350306045e-03 9.999960660934448242e-01 1.592866610735654831e-03 -2.315277699381113052e-03 3.652888238430023193e-01 -1.595845445990562439e-03 9.999979138374328613e-01 -1.287262770347297192e-03 -7.772678975015878677e-03 2.313222503289580345e-03 1.290953950956463814e-03 9.999964833259582520e-01 2.495198044925928116e-03 2.332483291625976562e+03
1.100682000000000000e+08 9.999973575325524777e-01 1.452827293988819468e-03 -1.781634296434340872e-03 3.727024304908383989e-01 -1.450685879971355501e-03 9.999982245799108327e-01 1.202641885151543811e-03 2.550246321559437000e-03 1.783378364240661680e-03 -1.200054115492401327e-03 9.999976897131962472e-01 5.526864287193324066e-03 9.999965429306030273e-01 1.391715253703296185e-03 -2.236552303656935692e-03 3.762755393981933594e-01 -1.388752483762800694e-03 9.999981522560119629e-01 1.326558412984013557e-03 -3.086431184783577919e-03 2.238394459709525108e-03 -1.323449425399303436e-03 9.999966621398925781e-01 1.311987638473510742e-03 2.199593782424926758e+03
1.101721000000000000e+08 9.999959616576189481e-01 2.841338230278810453e-03 -5.886862560806770301e-05 3.878813971477536038e-01 -2.841100044043113823e-03 9.999890693922738327e-01 3.713387471552675664e-03 6.076468234145674871e-03 6.941897192497479261e-05 -3.713205223967864458e-03 9.999931036202055479e-01 -2.937309783430112268e-04 9.999967813491821289e-01 2.516318578273057938e-03 6.205133104231208563e-05 3.876050710678100586e-01 -2.516508102416992188e-03 9.999910593032836914e-01 3.383941715583205223e-03 6.436183466576039791e-04 -5.353585220291279256e-05 -3.384085837751626968e-03 9.999942183494567871e-01 -2.089541521854698658e-04 2.176916599273681641e+03
1.102760000000000000e+08 9.999855598149975933e-01 5.286264899364017007e-03 9.672460388122048084e-04 3.879808512675197996e-01 -5.291167612924966256e-03 9.999727998341653157e-01 5.138398302205427100e-03 7.619281070147798478e-03 -9.400567949756460625e-04 -5.143441963697621168e-03 9.999863305555672932e-01 -2.497652373193230170e-03 9.999853372573852539e-01 5.292772781103849411e-03 1.244816696271300316e-03 4.007709324359893799e-01 -5.298986099660396576e-03 9.999732971191406250e-01 5.039638374000787735e-03 -1.906461268663406372e-02 -1.218110905028879642e-03 -5.046157166361808777e-03 9.999865889549255371e-01 -1.326236966997385025e-02 2.415313243865966797e+03
1.103800000000000000e+08 9.999681380818272736e-01 7.947699499957577851e-03 7.462531888481114097e-04 3.968907372680969825e-01 -7.945980971364343184e-03 9.999658348458879686e-01 -2.278272891695672184e-03 -8.321195766760398210e-03 -7.643347213150044478e-04 2.272270587912815065e-03 9.999971262852753728e-01 -1.169787662857203845e-03 9.999685287475585938e-01 7.870750501751899719e-03 1.007738057523965836e-03 4.080320596694946289e-01 -7.868798449635505676e-03 9.999671578407287598e-01 -1.924818614497780800e-03 -4.490068927407264709e-02 -1.022855285555124283e-03 1.916826586239039898e-03 9.999976158142089844e-01 -2.284753695130348206e-02 2.306725263595581055e+03
1.104840000000000000e+08 9.999687501201713902e-01 7.895606199174820192e-03 3.977258474289885044e-04 3.983833579967529515e-01 -7.891967486756834224e-03 9.999332136931811110e-01 -8.443044617608620739e-03 -1.947747992964393021e-02 -4.643622402112125851e-04 8.439641934022381470e-03 9.999642777678287020e-01 7.082100490691159607e-03 9.999689459800720215e-01 7.877934724092483521e-03 1.855072187026962638e-04 4.025025069713592529e-01 -7.876107469201087952e-03 9.999337196350097656e-01 -8.396460674703121185e-03 -4.433039575815200806e-02 -2.516421081963926554e-04 8.394738659262657166e-03 9.999647140502929688e-01 -8.808981627225875854e-03 2.150202274322509766e+03
1.105878000000000000e+08 9.999930352607214745e-01 2.946085119806773206e-03 -2.291290578773011368e-03 3.889846912273277613e-01 -2.964740167797173722e-03 9.999621368499594931e-01 -8.181392436512812880e-03 -1.513362161176842573e-02 2.267100744777531072e-03 8.188128536462538701e-03 9.999639067512803292e-01 1.600136138472854977e-02 9.999899864196777344e-01 3.710662946105003357e-03 -2.484287833794951439e-03 3.976321220397949219e-01 -3.732095239683985710e-03 9.999553561210632324e-01 -8.678995072841644287e-03 -4.852667823433876038e-02 2.451973967254161835e-03 8.688182570040225983e-03 9.999592900276184082e-01 -5.824875552207231522e-03 2.010989904403686523e+03
1.106917000000000000e+08 9.999891942746547135e-01 -3.486393460796857226e-03 -3.075125129690717534e-03 3.840643193841430936e-01 3.476561381299185342e-03 9.999888467236458522e-01 -3.196865539043890377e-03 -1.412172080476939515e-03 3.086236363080691828e-03 3.186140133324364635e-03 9.999901617796858044e-01 1.348821763778607075e-02 9.999899268150329590e-01 -2.978580305352807045e-03 -3.369089448824524879e-03 3.908353447914123535e-01 2.966048428788781166e-03 9.999886751174926758e-01 -3.718661842867732048e-03 -2.205699868500232697e-02 3.380127483978867531e-03 3.708631033077836037e-03 9.999874234199523926e-01 2.084529260173439980e-03 2.071705102920532227e+03
1.107956000000000000e+08 9.999325435104107207e-01 -1.140522392786892832e-02 -2.197565916100584996e-03 3.773089411915965807e-01 1.141173686903668681e-02 9.999304604291912035e-01 2.974317988592932102e-03 2.010080916747521151e-02 2.163490335617364747e-03 -2.999195395529403139e-03 9.999931620448947456e-01 3.580579016702161756e-03 9.999349117279052734e-01 -1.120945252478122711e-02 -2.125509083271026611e-03 3.874817192554473877e-01 1.121696084737777710e-02 9.999307990074157715e-01 3.554497146978974342e-03 -7.696514483541250229e-03 2.085519488900899887e-03 -3.578107338398694992e-03 9.999914169311523438e-01 -4.174032714217901230e-03 2.032018184661865234e+03
1.108992000000000000e+08 9.998582605182259053e-01 -1.649510948038918068e-02 -3.371978157948023452e-03 3.688967468905151037e-01 1.651441836830846999e-02 9.998469154960804017e-01 5.780965224794793779e-03 2.585450513315918492e-02 3.276104306059173400e-03 -5.835832091808828767e-03 9.999776048514147364e-01 3.978954898349595926e-03 9.998555183410644531e-01 -1.657802611589431763e-02 -3.768549766391515732e-03 3.814043402671813965e-01 1.659686490893363953e-02 9.998496174812316895e-01 5.024745594710111618e-03 6.667250301688909531e-03 3.684686729684472084e-03 -5.086568184196949005e-03 9.999802708625793457e-01 -6.061343941837549210e-03 2.088795185089111328e+03
1.110029000000000000e+08 9.998427488370050797e-01 -1.737780973767902651e-02 -3.534024162720042061e-03 3.628177596278453487e-01 1.740132576483207835e-02 9.998258948742354546e-01 6.736007761319119311e-03 2.812395518835985458e-02 3.416351809731003365e-03 -6.796445221980988195e-03 9.999710680177985589e-01 -8.139443607635655012e-03 9.998401999473571777e-01 -1.750545762479305267e-02 -3.613986540585756302e-03 3.783032894134521484e-01 1.753169298171997070e-02 9.998192787170410156e-01 7.358934264630079269e-03 8.079738356173038483e-03 3.484516404569149017e-03 -7.421118672937154770e-03 9.999664425849914551e-01 -6.710942368954420090e-03 1.946479320526123047e+03
1.111066000000000000e+08 9.998061218150009477e-01 -1.957176709881554982e-02 -2.159794869271169839e-03 3.769347091817502604e-01 1.957281569780356875e-02 9.998083257548824321e-01 4.654426694819703970e-04 1.961454227346473567e-02 2.150271356695041599e-03 -5.076256972232965053e-04 9.999975593216435810e-01 -1.030632640479882314e-03 9.998189210891723633e-01 -1.891045458614826202e-02 -2.106411149725317955e-03 3.752753436565399170e-01 1.891170628368854523e-02 9.998209476470947266e-01 5.761371576227247715e-04 1.771854469552636147e-03 2.095127943903207779e-03 -6.158733158372342587e-04 9.999976158142089844e-01 -4.292757716029882431e-03 1.871605634689331055e+03
1.112102000000000000e+08 9.997374232889192358e-01 -2.290005707973801277e-02 8.196715055842005966e-04 3.616057278386446971e-01 2.290297650987214301e-02 9.997306603802171843e-01 -3.749715018920417135e-03 1.577652456509326395e-02 -7.335820476065112736e-04 3.767503348321465158e-03 9.999926338608198240e-01 4.141823657084309912e-03 9.997339844703674316e-01 -2.306681871414184570e-02 -1.395770668750628829e-04 3.735712468624114990e-01 2.306603081524372101e-02 9.997250437736511230e-01 -4.215900786221027374e-03 -4.488041624426841736e-03 2.367919805692508817e-04 4.211564082652330399e-03 9.999910593032836914e-01 -8.311239071190357208e-04 2.053892374038696289e+03
1.113140000000000000e+08 9.996921984848023968e-01 -2.407543474014198215e-02 5.990136116611325702e-03 3.602803952855690994e-01 2.407763501147058838e-02 9.997100480611583739e-01 -2.954620290096432369e-04 1.939195779145926057e-02 -5.981285888232778375e-03 4.395993964342260942e-04 9.999820153240226439e-01 1.472121882840699003e-02 9.996900558471679688e-01 -2.414589747786521912e-02 6.055166944861412048e-03 3.739606440067291260e-01 2.414846234023571014e-02 9.997083544731140137e-01 -3.447096969466656446e-04 4.181456286460161209e-03 -6.045076996088027954e-03 4.908269038423895836e-04 9.999815821647644043e-01 4.375937860459089279e-03 2.329288244247436523e+03
1.114177000000000000e+08 9.996472774554809870e-01 -2.577910503671743472e-02 6.384232087751634185e-03 3.673210286914680989e-01 2.575120106613335014e-02 9.996586331102006451e-01 4.415075525595097902e-03 3.232654963126029013e-02 -6.495869418019438110e-03 -4.249116584776913355e-03 9.999698738905852258e-01 3.241412044192451720e-03 9.996522665023803711e-01 -2.550111897289752960e-02 6.710550747811794281e-03 3.698181211948394775e-01 2.546774409711360931e-02 9.996630549430847168e-01 5.005931481719017029e-03 1.744092069566249847e-02 -6.835951935499906540e-03 -4.833295475691556931e-03 9.999650120735168457e-01 8.490069769322872162e-03 2.039954423904418945e+03
1.115213000000000000e+08 9.996505614784119143e-01 -2.617771025646931787e-02 3.671841721020767738e-03 3.468806494623554726e-01 2.615936831275237837e-02 9.996454928956093333e-01 4.957416965720407367e-03 3.362149403119153029e-02 -3.800313851993602013e-03 -4.859631593298697171e-03 9.999809706166430390e-01 5.857576177855529538e-03 9.996439218521118164e-01 -2.643462270498275757e-02 3.635877743363380432e-03 3.616249263286590576e-01 2.641724981367588043e-02 9.996398091316223145e-01 4.728351254016160965e-03 1.818117126822471619e-02 -3.759560873731970787e-03 -4.630611278116703033e-03 9.999822378158569336e-01 6.072332151234149933e-03 2.070049047470092773e+03
1.116251000000000000e+08 9.996543644340555312e-01 -2.624809475204569614e-02 1.479591102938128443e-03 3.581060245683655996e-01 2.624441280397258464e-02 9.996525408360007470e-01 2.455279353297865671e-03 3.111332305568806356e-02 -1.543523410558544614e-03 -2.415599721742443633e-03 9.999958911982915755e-01 1.757610895998324742e-03 9.996564984321594238e-01 -2.616375312209129333e-02 1.546996994875371456e-03 3.553029000759124756e-01 2.616026997566223145e-02 9.996551871299743652e-01 2.297237981110811234e-03 1.565154269337654114e-02 -1.606567762792110443e-03 -2.255974337458610535e-03 9.999961256980895996e-01 5.834001582115888596e-03 2.018709897994995117e+03
1.117287000000000000e+08 9.996954669867594845e-01 -2.453038553056694285e-02 2.689511451254579608e-03 3.522480715389206818e-01 2.453051261692602153e-02 9.996990815976136702e-01 -1.427019739070588278e-05 2.321174711709362432e-02 -2.688352074321877401e-03 8.024094623286245431e-05 9.999963831557167060e-01 6.026141204349075471e-03 9.996980428695678711e-01 -2.438518404960632324e-02 3.037186572328209877e-03 3.531458079814910889e-01 2.438381500542163849e-02 9.997025132179260254e-01 5.020523676648736000e-04 7.797677069902420044e-03 -3.048525191843509674e-03 -4.278431006241589785e-04 9.999952912330627441e-01 4.936794750392436981e-03 2.028478860855102539e+03
1.118325000000000000e+08 9.997843860969773955e-01 -2.060167390971625115e-02 2.598528200317905615e-03 3.358454788293341875e-01 2.060277085184502796e-02 9.997876619342956905e-01 -3.960772411337254504e-04 1.854318808558681406e-02 -2.589816579701274823e-03 4.495287224370732001e-04 9.999965453810384375e-01 1.296218462077968966e-02 9.997683167457580566e-01 -2.136424370110034943e-02 2.601643092930316925e-03 3.521535694599151611e-01 2.136744186282157898e-02 9.997709393501281738e-01 -1.249042456038296223e-03 6.279952824115753174e-03 -2.574365353211760521e-03 1.304344041272997856e-03 9.999957680702209473e-01 5.962801165878772736e-03 1.936227083206176758e+03
1.119364000000000000e+08 9.998946317080231738e-01 -1.425948501024765572e-02 2.718927862069052317e-03 3.551517224071496504e-01 1.424804969755328124e-02 9.998897551061965983e-01 4.179798259050511271e-03 2.316918561291870030e-02 -2.778229884776429320e-03 -4.140618421544325044e-03 9.999875682816233846e-01 8.221559408955511628e-03 9.998918175697326660e-01 -1.429980900138616562e-02 3.443457419052720070e-03 3.494898378849029541e-01 1.428536418825387955e-02 9.998892545700073242e-01 4.180673509836196899e-03 1.419605314731597900e-02 -3.502860199660062790e-03 -4.131034482270479202e-03 9.999853372573852539e-01 7.840291596949100494e-03 2.014867067337036133e+03
1.120402000000000000e+08 9.999629152037597946e-01 -7.909095180710227699e-03 3.407995102812644284e-03 3.447338669570230163e-01 7.889672999930449557e-03 9.999527711730886725e-01 5.675251819495404776e-03 1.885456877005405388e-02 -3.452720254016707242e-03 -5.648153386991510393e-03 9.999780883030210399e-01 5.398096011811238416e-03 9.999576210975646973e-01 -8.462941274046897888e-03 3.616480156779289246e-03 3.478126823902130127e-01 8.438639342784881592e-03 9.999421238899230957e-01 6.671983748674392700e-03 1.346332207322120667e-02 -3.672735998407006264e-03 -6.641184445470571518e-03 9.999712705612182617e-01 9.842046536505222321e-03 1.934658050537109375e+03
1.121442000000000000e+08 9.999947405295246394e-01 -2.005472480262423043e-03 2.548920049643064924e-03 3.470806049251246028e-01 1.994129918353331182e-03 9.999881338552505383e-01 4.444726601513391585e-03 1.244789900216294008e-02 -2.557803580670426659e-03 -4.439620346874576830e-03 9.999868736198582742e-01 6.325007279527078245e-03 9.999933838844299316e-01 -2.219261135905981064e-03 2.917255274951457977e-03 3.439950048923492432e-01 2.207662211731076241e-03 9.999895691871643066e-01 3.985490184277296066e-03 2.657179487869143486e-03 -2.926067216321825981e-03 -3.979021217674016953e-03 9.999877214431762695e-01 5.218299571424722672e-03 1.963572978973388672e+03
1.122483000000000000e+08 9.999883367078503671e-01 4.826051066221797615e-03 1.888898438341277629e-04 3.430012281811951613e-01 -4.826247582584986852e-03 9.999877980007430001e-01 1.054127078141528376e-03 1.931081301673523150e-04 -1.838002678909954335e-04 -1.055026412701632558e-03 9.999994265682006223e-01 4.378049324942303276e-03 9.999895691871643066e-01 4.553612787276506424e-03 1.706441544229164720e-04 3.386184573173522949e-01 -4.553745035082101822e-03 9.999884963035583496e-01 1.527690095826983452e-03 -4.864338319748640060e-03 -1.636836532270535827e-04 -1.528458553366363049e-03 9.999988675117492676e-01 5.427849013358354568e-03 2.234794616699218750e+03
1.123525000000000000e+08 9.999654715794216164e-01 8.309395998792002899e-03 9.791363606146244773e-05 3.403778414160563148e-01 -8.309133660943057026e-03 9.999625275882438880e-01 -2.429345001269682999e-03 -1.067322502507713280e-02 -1.180963566346110731e-04 2.428447542334485291e-03 9.999970443435243217e-01 7.377264419331066095e-03 9.999691843986511230e-01 7.860564626753330231e-03 -6.445500912377610803e-05 3.337129652500152588e-01 -7.860697805881500244e-03 9.999665021896362305e-01 -2.284259302541613579e-03 -1.423908025026321411e-02 4.649796755984425545e-05 2.284702146425843239e-03 9.999973773956298828e-01 5.762260872870683670e-03 2.033379077911376953e+03
1.124567000000000000e+08 9.999632140569442162e-01 8.174224642238797633e-03 2.598573532603651141e-03 3.080659392671332708e-01 -8.157650076414965298e-03 9.999467145746654406e-01 -6.326196057919828732e-03 -1.484756270554979038e-02 -2.650146814215985358e-03 6.304765089255067248e-03 9.999766130560416855e-01 6.661195958099478190e-03 9.999614953994750977e-01 8.145212195813655853e-03 3.265852108597755432e-03 3.094373345375061035e-01 -8.124846965074539185e-03 9.999474883079528809e-01 -6.238068919628858566e-03 -2.202577888965606689e-02 -3.316498827189207077e-03 6.211289204657077789e-03 9.999752044677734375e-01 5.735484417527914047e-03 1.949829339981079102e+03
1.125610000000000000e+08 9.999484551760388085e-01 9.811296531820517045e-03 2.612556490908995565e-03 2.756546568948735065e-01 -9.803829456769939596e-03 9.999478633682509221e-01 -2.855778922205393436e-03 -1.346114035182978223e-02 -2.640439174848384970e-03 2.830018663300527468e-03 9.999925095096110494e-01 9.951003124902327995e-03 9.999520182609558105e-01 9.560535661876201630e-03 2.111548557877540588e-03 2.750835716724395752e-01 -9.553270414471626282e-03 9.999486207962036133e-01 -3.394408849999308586e-03 -1.829606480896472931e-02 -2.143884077668190002e-03 3.374077379703521729e-03 9.999919533729553223e-01 2.729737432673573494e-03 1.896302700042724609e+03
1.126651000000000000e+08 9.999479981613437207e-01 1.013333824146354228e-02 1.147357488184011336e-03 2.375673962169208286e-01 -1.013406096050350515e-02 9.999484532335571885e-01 6.258468384735541490e-04 -4.406884756193524266e-03 -1.140956427913938486e-03 -6.374416840159831616e-04 9.999991459428998475e-01 -6.634287281415021491e-05 9.999450445175170898e-01 1.032014563679695129e-02 1.845579012297093868e-03 2.347148060798645020e-01 -1.032248511910438538e-02 9.999459385871887207e-01 1.217685057781636715e-03 -6.302282214164733887e-03 -1.832915935665369034e-03 -1.236667158082127571e-03 9.999976158142089844e-01 5.976911634206771851e-03 1.806801795959472656e+03
1.127692000000000000e+08 9.999504789961913831e-01 9.948355629967479963e-03 2.641506146678661358e-04 1.977254501892429517e-01 -9.948542491491458098e-03 9.999502558474498981e-01 7.157743459486172683e-04 -5.693256414016772092e-03 -2.570166969750896694e-04 -7.183668136986822318e-04 9.999997089457268729e-01 7.825065419064018701e-03 9.999511241912841797e-01 9.874301962554454803e-03 4.075720789842307568e-04 1.982877105474472046e-01 -9.874499402940273285e-03 9.999509453773498535e-01 8.304233197122812271e-04 -7.433753460645675659e-03 -3.993511490989476442e-04 -8.344054804183542728e-04 9.999996423721313477e-01 7.846190594136714935e-03 1.696859836578369141e+03
1.128733000000000000e+08 9.999519433062464824e-01 9.758350916791422996e-03 -9.410980001610662771e-04 1.643213692994889563e-01 -9.758885433986478827e-03 9.999522212885239014e-01 -5.650621499824931863e-04 -9.201842458686817702e-03 9.355389609619199284e-04 5.742190625295253391e-04 9.999993975194789719e-01 2.422281077591537882e-03 9.999516010284423828e-01 9.759961627423763275e-03 -1.228508073836565018e-03 1.609255075454711914e-01 -9.760368615388870239e-03 9.999522566795349121e-01 -2.639454905875027180e-04 -8.013774640858173370e-03 1.225871616043150425e-03 2.759169728960841894e-04 9.999991059303283691e-01 5.504776258021593094e-03 1.647762775421142578e+03
1.129775000000000000e+08 9.999689069652651918e-01 7.836574109954218270e-03 -8.793229850830161162e-04 1.274452497639171900e-01 -7.838684976584749109e-03 9.999663406159743362e-01 -2.423355717795894204e-03 -1.136135421099464943e-02 8.603025809356898163e-04 2.430173104185122217e-03 9.999966770635555502e-01 6.478165683875917839e-03 9.999683499336242676e-01 7.876127026975154877e-03 -1.101645641028881073e-03 1.258167028427124023e-01 -7.878871634602546692e-03 9.999656677246093750e-01 -2.588483737781643867e-03 -9.422751143574714661e-03 1.081217429600656033e-03 2.597087528556585312e-03 9.999961256980895996e-01 1.935800304636359215e-03 1.588368415832519531e+03
1.130816000000000000e+08 9.999851615119591530e-01 5.406379602897725886e-03 -6.691901750200642592e-04 9.038550111694998446e-02 -5.407207031040400097e-03 9.999846110326005011e-01 -1.240890850262398384e-03 -5.838364115271315463e-03 6.624711498919958223e-04 1.244490887137828265e-03 9.999990061867098934e-01 2.397805418854918012e-03 9.999853968620300293e-01 5.311795044690370560e-03 -1.056831795722246170e-03 9.292919933795928955e-02 -5.313644651323556900e-03 9.999843835830688477e-01 -1.742964261211454868e-03 -4.967738408595323563e-03 1.047551166266202927e-03 1.748554641380906105e-03 9.999978542327880859e-01 1.033578417263925076e-03 1.573812484741210938e+03
1.131857000000000000e+08 9.999920079181138233e-01 3.944580402698819217e-03 -6.514486514267576979e-04 5.730102326553590530e-02 -3.944525562194271980e-03 9.999922166782639898e-01 8.544577893027338307e-05 -7.895681596968979988e-04 6.517806287373708934e-04 -8.287544018260150486e-05 9.999997841568134538e-01 -9.536865055742620645e-04 9.999918937683105469e-01 3.933307249099016190e-03 -8.059840765781700611e-04 5.720986798405647278e-02 -3.932955674827098846e-03 9.999920725822448730e-01 5.290842382237315178e-04 1.055061002261936665e-03 8.080626721493899822e-04 -5.259154131636023521e-04 9.999995827674865723e-01 9.696049382910132408e-04 1.543466329574584961e+03
1.132897000000000000e+08 9.999973730924979209e-01 2.028800464321953590e-03 -1.066666198773430193e-03 3.042715970795233094e-02 -2.028173030760068839e-03 9.999977698104448587e-01 5.889722351309584301e-04 3.504359653404256125e-04 1.067858727049721514e-03 -5.868073043381997773e-04 9.999992576671877798e-01 -1.512466129164836016e-03 9.999971985816955566e-01 1.865180907770991325e-03 -1.457039150409400463e-03 2.563939057290554047e-02 -1.863689161837100983e-03 9.999977946281433105e-01 9.884153259918093681e-04 4.238625988364219666e-03 1.458886079490184784e-03 -9.856906253844499588e-04 9.999983906745910645e-01 2.080039121210575104e-04 1.498443365097045898e+03
1.133937000000000000e+08 9.999999896627650431e-01 -8.629469412990284566e-05 -1.150117192452844520e-04 -1.799970603968851623e-03 8.630308051681434306e-05 9.999999936176119375e-01 7.291470467112242477e-05 1.486185653933039122e-03 1.150054263590978896e-04 -7.292462978305239054e-05 9.999999907278750433e-01 -2.791480311049378033e-04 9.999999403953552246e-01 -2.340522769372910261e-04 -4.374225391075015068e-04 -4.938449128530919552e-04 2.339541097171604633e-04 9.999999403953552246e-01 -8.874232298694550991e-05 8.959594997577369213e-04 4.374389245640486479e-04 8.863237599143758416e-05 9.999999403953552246e-01 1.104122056858614087e-04 8.906204700469970703e+02
1.134977000000000000e+08 9.999987592149350846e-01 -3.968012534258107842e-04 -1.524505610174568208e-03 -1.651708386261149797e-02 3.973365262489749849e-04 9.999998595225410014e-01 3.508255738772555338e-04 9.967726625542819904e-04 1.524366187988445646e-03 -3.514308803415169304e-04 9.999987764012819857e-01 1.383008978355861627e-03 9.999973177909851074e-01 -3.537372685968875885e-04 -2.274857135489583015e-03 -1.759754121303558350e-02 3.554183640517294407e-04 9.999996423721313477e-01 7.302628364413976669e-04 4.129660781472921371e-03 2.274602418765425682e-03 -7.310705841518938541e-04 9.999971389770507812e-01 2.588253933936357498e-03 1.274967193603515625e+03
1.136017000000000000e+08 9.999867009389108441e-01 2.684655805393075024e-04 -5.150327324108631977e-03 -3.388176113394778498e-03 -2.649053177705602575e-04 9.999997255227943693e-01 6.919389484988838334e-04 3.639231707526391249e-04 5.150511672252686655e-03 -6.905653972641223950e-04 9.999864975833154812e-01 4.366214828329523234e-03 9.999879598617553711e-01 4.602030676323920488e-04 -4.895147867500782013e-03 -8.305356837809085846e-03 -4.569448356050997972e-04 9.999997019767761230e-01 6.692630704492330551e-04 2.313849516212940216e-03 4.895455669611692429e-03 -6.670195143669843674e-04 9.999877810478210449e-01 3.610881278291344643e-03 1.262120962142944336e+03
1.137057000000000000e+08 9.999956009637055443e-01 -1.714562574164093210e-04 -2.961191650203521403e-03 -5.982162079889471844e-04 1.716578615785886654e-04 9.999999829664646400e-01 6.782808316659935503e-05 6.378948278961430948e-04 2.961179970214671605e-03 -6.833609661479802123e-05 9.999956133620595544e-01 2.376752642484170671e-03 9.999954104423522949e-01 -2.532275393605232239e-04 -3.014846704900264740e-03 -2.279035979881882668e-03 2.529598714318126440e-04 1.000000000000000000e+00 -7.740300497971475124e-05 3.069787984713912010e-03 3.014863003045320511e-03 7.664990698685869575e-05 9.999954104423522949e-01 7.470069685950875282e-04 1.026368379592895508e+03
1.138097000000000000e+08 9.999995349489512186e-01 7.373607363934879641e-05 9.615949629416219169e-04 -1.018580309428962320e-03 -7.324475460852401538e-05 9.999998667739691260e-01 -5.109669754375980580e-04 -1.449002130727673711e-03 -9.616325115306698437e-04 5.108963060247767498e-04 9.999994071237630067e-01 -3.095145036166383357e-03 9.999998211860656738e-01 -6.671511982858646661e-06 4.725463513750582933e-04 -3.445816226303577423e-03 6.909782314323820174e-06 9.999999403953552246e-01 -3.600875788833945990e-04 1.546562882140278816e-03 -4.725417529698461294e-04 3.600896743591874838e-04 9.999998211860656738e-01 -2.864126348868012428e-03 9.768028259277343750e+02
1.139136000000000000e+08 9.999995551740644695e-01 1.636445674747490564e-04 9.289091068257306679e-04 6.221159395216347907e-03 -1.634851862926497610e-04 9.999999719040548740e-01 -1.716522161638819898e-04 -1.275677630079325321e-03 -9.289371706798216352e-04 1.715002769301460185e-04 9.999995538315944454e-01 -1.400285188470644501e-03 9.999997019767761230e-01 2.276124723721295595e-04 8.103451691567897797e-04 -2.386423526331782341e-03 -2.275379665661603212e-04 9.999999403953552246e-01 -1.484475651523098350e-04 2.647808985784649849e-03 -8.103800355456769466e-04 1.482590159866958857e-04 9.999997615814208984e-01 -2.712383400648832321e-03 1.150885343551635742e+03
1.140176000000000000e+08 9.999998670914546084e-01 -1.766227672089864761e-04 4.843774056436780722e-04 4.327116146108474053e-03 1.766221685839111579e-04 9.999999844014871853e-01 1.278640603628269679e-06 2.082542530724079753e-04 -4.843776239251526192e-04 -1.193088645888171915e-06 9.999998826884400893e-01 4.691714027493435846e-04 9.999997615814208984e-01 -3.528429078869521618e-04 4.659180121961981058e-04 1.554759917780756950e-03 3.528990200720727444e-04 9.999998807907104492e-01 -3.030092557310126722e-05 2.864759335352573544e-05 -4.659038095269352198e-04 3.047025711566675454e-05 9.999998211860656738e-01 1.942132075782865286e-04 9.800562858581542969e+02
1.141216000000000000e+08 9.999998863921869541e-01 2.281883267805699341e-04 4.185041229829432633e-04 3.247646695142382758e-03 -2.282331412509730983e-04 9.999999682262628031e-01 1.070378743505702701e-04 -1.166178176748570777e-03 -4.184796848920529859e-04 -1.071333787008463089e-04 9.999999066985919560e-01 -1.254664338624746469e-03 9.999997615814208984e-01 1.222190767293795943e-04 7.128439610823988914e-04 -6.628396804444491863e-04 -1.224512234330177307e-04 1.000000000000000000e+00 3.225902037229388952e-04 4.177202354185283184e-04 -7.128070574253797531e-04 -3.226733533665537834e-04 9.999997019767761230e-01 -5.474382196553051472e-04 9.269344806671142578e+02
1.142256000000000000e+08 9.999999882085593983e-01 1.046382661982952556e-04 1.123997958761106943e-04 7.318131623172773438e-04 -1.046570449741899650e-04 9.999999805658593699e-01 1.670783763066956043e-04 8.466441689945004888e-04 -1.123823109001012999e-04 -1.670901377670929821e-04 9.999999797255508804e-01 -8.500817982505038187e-04 1.000000000000000000e+00 -2.356696495553478599e-05 -1.103047252399846911e-04 -2.812009537592530251e-03 2.357327139179687947e-05 1.000000000000000000e+00 7.070439460221678019e-05 4.070632276125252247e-04 1.103073809645138681e-04 -7.071090658428147435e-05 1.000000000000000000e+00 -1.450416282750666142e-03 9.290688037872314453e+02
