0.000000000000000000e+00 9.998524434267171968e-01 1.717185952118004122e-02 -4.675694704468707314e-04 1.100118770943617208e-01 -1.717168431004890972e-02 9.998524849894366850e-01 3.761986229536799656e-04 -1.597143057906941915e-02 4.739605266852908077e-04 -3.681141572262793113e-04 9.999998199266812993e-01 -1.645316238419667005e-03 9.998809695243835449e-01 1.540730800479650497e-02 -8.754385635256767273e-04 1.267472654581069946e-01 -1.540600229054689407e-02 9.998802542686462402e-01 1.482315361499786377e-03 -7.077238988131284714e-03 8.981724386103451252e-04 -1.468649599701166153e-03 9.999984502792358398e-01 -1.674103667028248310e-03 1.019408035278320312e+02
1.038720000000000000e+05 9.997799909427391718e-01 2.097457702099185181e-02 -1.919286432247602485e-04 1.314099477766118296e-01 -2.097449941530145703e-02 9.997799318533066026e-01 3.978001437853043751e-04 -1.899049234762167221e-02 2.002300954614405905e-04 -3.936870170036199071e-04 9.999999024592176600e-01 -1.912468042629945431e-03 9.997869729995727539e-01 2.063241600990295410e-02 6.266154232434928417e-04 1.423365622758865356e-01 -2.063414454460144043e-02 9.997828602790832520e-01 2.896292833611369133e-03 -9.077743627130985260e-03 -5.667223595082759857e-04 -2.908609341830015182e-03 9.999956488609313965e-01 -1.576385460793972015e-03 6.030614471435546875e+01
2.077450000000000000e+05 9.996038539152386493e-01 2.814374062265940710e-02 2.552042777481197287e-04 1.526595457294077363e-01 -2.814380864165259497e-02 9.996038489264800209e-01 2.669722194130331842e-04 -2.457959809782981828e-02 -2.475895816687135112e-04 -2.740488795240214734e-04 9.999999317983053748e-01 -2.287901779154747402e-03 9.996421337127685547e-01 2.669783867895603180e-02 1.675662118941545486e-03 1.631966829299926758e-01 -2.670083194971084595e-02 9.996418356895446777e-01 1.790653681382536888e-03 -1.503607071936130524e-02 -1.627255813218653202e-03 -1.834755181334912777e-03 9.999970197677612305e-01 -2.249306533485651016e-03 6.036060714721679688e+01
3.118740000000000000e+05 9.994028909734697930e-01 3.454238968374949426e-02 8.275564569577381581e-04 1.588699842271278639e-01 -3.454235810508946014e-02 9.994032333192414130e-01 -5.242572318665926631e-05 -2.966264426818569083e-02 -8.288735085745145776e-04 2.380866832612093606e-05 9.999996562008739431e-01 -2.329514752303390134e-03 9.994365572929382324e-01 3.345261141657829285e-02 2.737503265962004662e-03 1.758958101272583008e-01 -3.345292434096336365e-02 9.994403123855590820e-01 6.513100379379466176e-05 -2.336610853672027588e-02 -2.733792643994092941e-03 -1.566717110108584166e-04 9.999962449073791504e-01 -1.601919298991560936e-03 6.037488174438476562e+01
4.158720000000000000e+05 9.992483829519008820e-01 3.874999656416468902e-02 1.052076326579040166e-03 1.960880893311064410e-01 -3.874933757091972991e-02 9.992487575922466281e-01 -6.397018913503183229e-04 -3.366281426484799000e-02 -1.076074409430810650e-03 5.984538178617911878e-04 9.999992419581241743e-01 -1.292462962462991765e-03 9.992759227752685547e-01 3.795365616679191589e-02 2.645299769937992096e-03 1.890251189470291138e-01 -3.794702887535095215e-02 9.992765784263610840e-01 -2.525480231270194054e-03 -3.018522635102272034e-02 -2.739237388595938683e-03 2.423272002488374710e-03 9.999933242797851562e-01 -2.273577032610774040e-03 6.000790405273437500e+01
5.199990000000000000e+05 9.991864590898084098e-01 4.031016351449338148e-02 1.229051387177248914e-03 1.866252534643563221e-01 -4.030940281653001139e-02 9.991870422734642210e-01 -6.375545272301161477e-04 -3.480049153483684432e-02 -1.253752149445211536e-03 5.874935193476166911e-04 9.999990414779251768e-01 -1.750183032743600573e-03 9.992054104804992676e-01 3.984622284770011902e-02 9.062464232556521893e-04 2.029566019773483276e-01 -3.984330222010612488e-02 9.992013573646545410e-01 -3.017930313944816589e-03 -3.551286831498146057e-02 -1.025776145979762077e-03 2.979425946250557899e-03 9.999949336051940918e-01 -2.817858709022402763e-03 6.037865447998046875e+01
6.241200000000000000e+05 9.990008553791058787e-01 4.467363498416568324e-02 1.247895158992291288e-03 2.173063136596868339e-01 -4.467298190237875555e-02 9.990015145458209789e-01 -5.464214014982108226e-04 -3.900385158640747030e-02 -1.271059784608146413e-03 4.901282483223731289e-04 9.999990720902098840e-01 -1.719717028112115881e-03 9.990375638008117676e-01 4.383242502808570862e-02 1.628466066904366016e-03 2.158565521240234375e-01 -4.383271187543869019e-02 9.990388751029968262e-01 1.627992314752191305e-04 -3.099139779806137085e-02 -1.619764487259089947e-03 -2.340239443583413959e-04 9.999987483024597168e-01 -3.581955563277006149e-03 6.005839920043945312e+01
7.282460000000000000e+05 9.986920904417481148e-01 5.110094933997572780e-02 1.673739594363613708e-03 2.098834380238767117e-01 -5.110052211171394604e-02 9.986934706577211829e-01 -2.970592462624400357e-04 -4.359867927175439112e-02 -1.686732814271529142e-03 2.111417504666727226e-04 9.999985551747095913e-01 -2.947840761347941471e-03 9.987792968750000000e-01 4.931394383311271667e-02 2.834476064890623093e-03 2.302617430686950684e-01 -4.931664094328880310e-02 9.987828135490417480e-01 8.782300865277647972e-04 -3.031134791672229767e-02 -2.787716919556260109e-03 -1.016943482682108879e-03 9.999955892562866211e-01 -2.881088992580771446e-03 6.025590515136718750e+01
8.324960000000000000e+05 9.986604921408102076e-01 5.171826388387591039e-02 1.562918569719524975e-03 2.310610501933667571e-01 -5.171800202195029478e-02 9.986617071339377594e-01 -2.075274492295861139e-04 -4.472506373808213254e-02 -1.571559886018431516e-03 1.264184417543535511e-04 9.999987571082235016e-01 -2.532978155464435128e-03 9.987288117408752441e-01 4.983948171138763428e-02 7.538804318755865097e-03 2.441897690296173096e-01 -4.983447492122650146e-02 9.987571239471435547e-01 -8.598624845035374165e-04 -3.639760985970497131e-02 -7.572297006845474243e-03 4.830758552998304367e-04 9.999712705612182617e-01 3.857931122183799744e-03 6.097609710693359375e+01
9.366220000000000000e+05 9.986423644873615446e-01 5.205928894999516110e-02 1.805063701948923446e-03 1.999068102576210260e-01 -5.205888510332065677e-02 9.986439803732932718e-01 -2.700293987050266485e-04 -4.407314315033838276e-02 -1.816673538762693732e-03 1.756931922926496445e-04 9.999983344131723184e-01 -3.321247217000167663e-03 9.987276196479797363e-01 4.970329999923706055e-02 8.530158549547195435e-03 2.573353350162506104e-01 -4.963946342468261719e-02 9.987387657165527344e-01 -7.538929581642150879e-03 -5.343773588538169861e-02 -8.894104510545730591e-03 7.105903699994087219e-03 9.999351501464843750e-01 5.501281470060348511e-03 6.010201644897460938e+01
1.040770000000000000e+06 9.983924029058102168e-01 5.665398721412528982e-02 1.713363287036075112e-03 2.556525755163414071e-01 -5.665425873664731160e-02 9.983938515726807905e-01 1.103171028723696611e-04 -4.946830344489104581e-02 -1.704361467722469202e-03 -2.072090825522073399e-04 9.999985261071335785e-01 -2.691774649111067924e-03 9.985021948814392090e-01 5.452883616089820862e-02 4.471478052437305450e-03 2.632122635841369629e-01 -5.450852215290069580e-02 9.985030293464660645e-01 -4.532684106379747391e-03 -4.854474216699600220e-02 -4.711944609880447388e-03 4.282165784388780594e-03 9.999797344207763672e-01 3.285495564341545105e-03 6.031008148193359375e+01
1.144873000000000000e+06 9.982187383214540244e-01 5.964712242613132848e-02 1.253510178569857683e-03 2.428145216494086156e-01 -5.964612834801035629e-02 9.982192512207277435e-01 -8.160287817739234843e-04 -5.261368099386842107e-02 -1.299951760009626775e-03 7.398081927834697456e-04 9.999988814040159379e-01 -3.192250274518664520e-03 9.983358383178710938e-01 5.755516141653060913e-02 3.599544987082481384e-03 2.732906043529510498e-01 -5.755543336272239685e-02 9.983422756195068359e-01 -2.886553738790098578e-05 -4.145846515893936157e-02 -3.595241578295826912e-03 -1.783572079148143530e-04 9.999935030937194824e-01 4.438582342118024826e-03 5.998537445068359375e+01
1.248998000000000000e+06 9.981903999331052102e-01 6.012329658612623057e-02 1.055760040721033738e-03 2.487548410512693264e-01 -6.012220164971000119e-02 9.981904824980299962e-01 -1.039932403443720194e-03 -5.349181260767046225e-02 -1.116373789771765062e-03 9.745759225561334690e-04 9.999989019550453717e-01 -2.964523476944726059e-03 9.983035922050476074e-01 5.801388248801231384e-02 4.935557022690773010e-03 2.886991798877716064e-01 -5.801492184400558472e-02 9.983156919479370117e-01 5.838485594722442329e-05 -4.471372440457344055e-02 -4.923861008137464523e-03 -3.446204063948243856e-04 9.999877810478210449e-01 4.158214200288057327e-03 6.000815963745117188e+01
1.353147000000000000e+06 9.981239139462420029e-01 6.122105639975582159e-02 7.965734163941278010e-04 2.660372635582149425e-01 -6.121997890309642532e-02 9.981234339773682462e-01 -1.313238581405555203e-03 -5.529200247943796831e-02 -8.754764498359822976e-04 1.262008623259156751e-03 9.999988204368729372e-01 -2.021522363020731954e-03 9.982262253761291504e-01 5.938060581684112549e-02 4.276927560567855835e-03 2.989794015884399414e-01 -5.936669930815696716e-02 9.982308149337768555e-01 -3.302893834188580513e-03 -5.003963783383369446e-02 -4.465480800718069077e-03 3.043127479031682014e-03 9.999853372573852539e-01 4.148078151047229767e-03 6.070934295654296875e+01
1.457124000000000000e+06 9.980473738652441140e-01 6.245765215911277396e-02 6.938462710429993754e-04 2.539248720790410196e-01 -6.245643988550800968e-02 9.980463276703920306e-01 -1.649592608687967289e-03 -5.622831481366365874e-02 -7.955203985374947537e-04 1.603036405696699716e-03 9.999983987095949489e-01 -2.372630556326718772e-03 9.981392025947570801e-01 6.088525056838989258e-02 3.359474241733551025e-03 3.103204667568206787e-01 -6.086970865726470947e-02 9.981353878974914551e-01 -4.553460050374269485e-03 -5.393020063638687134e-02 -3.630450926721096039e-03 4.340498242527246475e-03 9.999840855598449707e-01 6.329190451651811600e-03 6.026963043212890625e+01
1.561124000000000000e+06 9.981800461642202915e-01 6.029684789934931094e-02 9.411602103786193864e-04 2.629050848926519635e-01 -6.029582756731221432e-02 9.981799701733153896e-01 -1.077280058612777080e-03 -5.417802697848515120e-02 -1.004403858922379902e-03 1.018571428259455692e-03 9.999989768421023717e-01 -2.299906963912394346e-03 9.982206821441650391e-01 5.956889688968658447e-02 2.630422357469797134e-03 3.256781697273254395e-01 -5.955936759710311890e-02 9.982183575630187988e-01 -3.560540731996297836e-03 -5.365749076008796692e-02 -2.837847918272018433e-03 3.397537162527441978e-03 9.999901652336120605e-01 4.275043960660696030e-03 6.062208175659179688e+01
1.665128000000000000e+06 9.980948140156983284e-01 6.169696673588895286e-02 4.760295192075066247e-04 2.970192118336890674e-01 -6.169621894611646007e-02 9.980939179439763942e-01 -1.451759130954593038e-03 -5.550371667146654364e-02 -5.646913009825778144e-04 1.419624038984114087e-03 9.999988328950026872e-01 -1.261494069729673581e-03 9.982972741127014160e-01 5.832614749670028687e-02 7.985380361787974834e-04 3.401788771152496338e-01 -5.832271277904510498e-02 9.982906579971313477e-01 -3.786744549870491028e-03 -5.196486413478851318e-02 -1.018028706312179565e-03 3.733730176463723183e-03 9.999924898147583008e-01 7.815337157808244228e-04 6.047414398193359375e+01
1.768997000000000000e+06 9.981909718213503035e-01 6.011998096762631583e-02 6.096296283343852684e-04 3.188310072044818755e-01 -6.011933496748254890e-02 9.981906677873627620e-01 -1.027760072745370666e-03 -5.368748029658183124e-02 -6.703155220662912342e-04 9.892502978264326816e-04 9.999992860302168163e-01 -8.301778978497672754e-04 9.983131885528564453e-01 5.805354937911033630e-02 6.919208681210875511e-04 3.610456287860870361e-01 -5.805189162492752075e-02 9.983110427856445312e-01 -2.202601172029972076e-03 -4.831933602690696716e-02 -8.186226477846503258e-04 2.158716553822159767e-03 9.999973773956298828e-01 1.326596393482759595e-04 6.021612930297851562e+01
1.872875000000000000e+06 9.983484052367392891e-01 5.744407638200969141e-02 7.999037000307181004e-04 3.805143916726657638e-01 -5.744378630576748440e-02 9.983486696676688865e-01 -3.810297964202215065e-04 -4.956978637482547384e-02 -8.204706995418799449e-04 3.344509923383795708e-04 9.999996074851049688e-01 4.533809947451937950e-04 9.984045624732971191e-01 5.641376599669456482e-02 2.412579488009214401e-03 3.799351751804351807e-01 -5.641862750053405762e-02 9.984051585197448730e-01 2.009668387472629547e-03 -3.878766298294067383e-02 -2.295352518558502197e-03 -2.142577432096004486e-03 9.999950528144836426e-01 1.062683761119842529e-03 6.045065689086914062e+01
1.976766000000000000e+06 9.985678021317040409e-01 5.349501890881688815e-02 7.921803398772606346e-04 3.918105875555507045e-01 -5.349504865681589671e-02 9.985681146282715526e-01 1.639574234676543368e-05 -4.611965281134745159e-02 -7.901689379263912311e-04 -5.874998545900029373e-05 9.999996860907007790e-01 1.027828527138717821e-03 9.986038208007812500e-01 5.280049145221710205e-02 1.589483232237398624e-03 4.019157290458679199e-01 -5.280129238963127136e-02 9.986050128936767578e-01 4.131478781346231699e-04 -3.973026573657989502e-02 -1.565456273965537548e-03 -4.964994150213897228e-04 9.999986290931701660e-01 3.532203845679759979e-03 6.002153778076171875e+01
2.080499000000000000e+06 9.988365446710620876e-01 4.822312850638255793e-02 2.951000918139784750e-04 4.113113294735191161e-01 -4.822308494989257371e-02 9.988365786515877032e-01 -1.529801778427379751e-04 -4.168842357030887874e-02 -3.021339483059309623e-04 1.385715565420382427e-04 9.999999447565032229e-01 2.038649321085105569e-03 9.988079071044921875e-01 4.880089312791824341e-02 1.143379835411906242e-03 4.235782623291015625e-01 -4.879997298121452332e-02 9.988083243370056152e-01 -7.625666912645101547e-04 -4.177881404757499695e-02 -1.179236336611211300e-03 7.058644550852477551e-04 9.999991059303283691e-01 3.982766065746545792e-03 5.922876739501953125e+01
2.184123000000000000e+06 9.988429058432941599e-01 4.809137413501697600e-02 2.632676697083610588e-04 4.201472316327610756e-01 -4.809132776623445404e-02 9.988429266032011755e-01 -1.797163494250332994e-04 -4.127692080512929129e-02 -2.716058554231560421e-04 1.668475096133803276e-04 9.999999491960854803e-01 2.265761785775494835e-03 9.989513754844665527e-01 4.571360349655151367e-02 2.506387885659933090e-03 4.465171694755554199e-01 -4.571108147501945496e-02 9.989541172981262207e-01 -1.071072649210691452e-03 -3.810005635023117065e-02 -2.552727237343788147e-03 9.553794516250491142e-04 9.999962449073791504e-01 7.099129725247621536e-03 5.967651367187500000e+01
2.287894000000000000e+06 9.990869625607586846e-01 4.272230009040649257e-02 -2.153252281939040287e-04 4.513722275092062475e-01 -4.272236916773826387e-02 9.990869292581845418e-01 -3.271192446270992406e-04 -3.639087928308284287e-02 2.011533348728884556e-04 3.360197761615771848e-04 9.999999233140220989e-01 3.439971876278091756e-03 9.990755915641784668e-01 4.298717528581619263e-02 4.097115888725966215e-04 4.712058007717132568e-01 -4.298739880323410034e-02 9.990754127502441406e-01 6.233687163330614567e-04 -3.378672897815704346e-02 -3.825304447673261166e-04 -6.404032465070486069e-04 9.999997615814208984e-01 5.374152213335037231e-03 5.966444778442382812e+01
2.391499000000000000e+06 9.990886547462802802e-01 4.268306941177479191e-02 -1.247646031149000630e-04 4.860220223021065045e-01 -4.268310702004262519e-02 9.990886109065542087e-01 -3.161570452450181428e-04 -3.617400895872179001e-02 1.111563410834794579e-04 3.211942578649439853e-04 9.999999422392573667e-01 3.441637597718806736e-03 9.991627931594848633e-01 4.090029001235961914e-02 -9.043387253768742085e-04 4.928146302700042725e-01 -4.090095683932304382e-02 9.991629719734191895e-01 -7.054636953398585320e-04 -3.283537551760673523e-02 8.747219108045101166e-04 7.418646709993481636e-04 9.999993443489074707e-01 4.301706794649362564e-03 5.911750411987304688e+01
2.495127000000000000e+06 9.992778030225623054e-01 3.799611851191819767e-02 -4.090480981677860383e-04 5.053338503203604892e-01 -3.799628400754428981e-02 9.992777984938748803e-01 -4.047156651929003724e-04 -3.227775585130392144e-02 3.933750581585720952e-04 4.199656889389353142e-04 9.999998344424231300e-01 4.166159646703355805e-03 9.993030428886413574e-01 3.722140565514564514e-02 -2.851123688742518425e-03 5.152742266654968262e-01 -3.723029047250747681e-02 9.993019104003906250e-01 -3.101004054769873619e-03 -3.440634533762931824e-02 2.733711153268814087e-03 3.204985521733760834e-03 9.999911785125732422e-01 2.792106010019779205e-03 5.957241439819335938e+01
2.598751000000000000e+06 9.995179544099449531e-01 3.104373817584733103e-02 -3.809609364172969058e-04 5.280726748486750388e-01 -3.104392470612533927e-02 9.995178991924292822e-01 -4.938945225807898779e-04 -2.672660532106837725e-02 3.654449425807230882e-04 5.054829655422842785e-04 9.999998054684636761e-01 5.492720113918877350e-03 9.994810819625854492e-01 3.206098452210426331e-02 -3.099446650594472885e-03 5.409390330314636230e-01 -3.207170963287353516e-02 9.994794130325317383e-01 -3.497199388220906258e-03 -3.239639475941658020e-02 2.985714701935648918e-03 3.594790818169713020e-03 9.999890327453613281e-01 3.998073225375264883e-04 5.949670410156250000e+01
2.702273000000000000e+06 9.996320215118008612e-01 2.712475640784940689e-02 -2.630523990556841150e-04 5.603756537446267227e-01 -2.712492770413231502e-02 9.996318262139106681e-01 -6.710855588394726116e-04 -2.365413447661653124e-02 2.447525187034351748e-04 6.779738907363342011e-04 9.999997402237839061e-01 6.532544486555477703e-03 9.996169805526733398e-01 2.752454206347465515e-02 -2.875672886148095131e-03 5.682319402694702148e-01 -2.753163129091262817e-02 9.996178150177001953e-01 -2.485524863004684448e-03 -2.617163769900798798e-02 2.806153846904635429e-03 2.563745481893420219e-03 9.999927878379821777e-01 -1.839420583564788103e-04 5.910835266113281250e+01
2.805874000000000000e+06 9.997547983698298335e-01 2.214330920613401948e-02 -1.304999319600972686e-04 5.742829603437056285e-01 -2.214339939806223706e-02 9.997545341267565222e-01 -7.357937611554009631e-04 -1.937255110019779625e-02 1.141749911245082925e-04 7.385030552398004185e-04 9.999997207886360817e-01 6.810971436843464913e-03 9.997557997703552246e-01 2.205491438508033752e-02 -1.379557768814265728e-03 5.935623645782470703e-01 -2.205777168273925781e-02 9.997546672821044922e-01 -2.039305400103330612e-03 -1.972251944243907928e-02 1.334243686869740486e-03 2.069234149530529976e-03 9.999969005584716797e-01 -1.768816728144884109e-04 5.981091308593750000e+01
2.909375000000000000e+06 9.998713894980024719e-01 1.603744375067689062e-02 6.974716799866860083e-05 6.166365647471534484e-01 -1.603738717078042816e-02 9.998711133409005081e-01 -7.476112356200004206e-04 -1.438441094695431036e-02 -8.172795149994277258e-05 7.463965226424364640e-04 9.999997181063504659e-01 7.193008099494193133e-03 9.998731017112731934e-01 1.592956855893135071e-02 1.357412547804415226e-04 6.222267746925354004e-01 -1.592935435473918915e-02 9.998719692230224609e-01 -1.568167936056852341e-03 -1.652882620692253113e-02 -1.607002195669338107e-04 1.565809361636638641e-03 9.999987483024597168e-01 1.577893621288239956e-03 6.023897552490234375e+01
3.012876000000000000e+06 9.999256242227032576e-01 1.219569930732098371e-02 1.046475097662827097e-04 6.330769796858669585e-01 -1.219564166427358244e-02 9.999254873641374441e-01 -5.348400375816457714e-04 -1.109662456206645352e-02 -1.111624600485680786e-04 5.335240149951743288e-04 9.999998514975152464e-01 7.337883900470682300e-03 9.999258518218994141e-01 1.211918052285909653e-02 1.165193738415837288e-03 6.464377641677856445e-01 -1.211708877235651016e-02 9.999248981475830078e-01 -1.797507167793810368e-03 -1.249383389949798584e-02 -1.186896581202745438e-03 1.783256419003009796e-03 9.999977350234985352e-01 2.980897435918450356e-03 5.930630493164062500e+01
3.116499000000000000e+06 9.999392132082627338e-01 1.102497858142941801e-02 1.404968680295439593e-04 6.745919723375852772e-01 -1.102492541867511854e-02 9.999391538313763261e-01 -3.737086537077159362e-04 -1.004097449607868273e-02 -1.446084491127848392e-04 3.721369697132223889e-04 9.999999203012353011e-01 7.885976140128187969e-03 9.999313354492187500e-01 1.148105785250663757e-02 2.383889630436897278e-03 6.715447306632995605e-01 -1.148266624659299850e-02 9.999338388442993164e-01 6.976762670092284679e-04 -7.109963335096836090e-03 -2.375714946538209915e-03 -7.249984773807227612e-04 9.999969601631164551e-01 3.676205407828092575e-03 5.933564758300781250e+01
3.220123000000000000e+06 9.999429293198383029e-01 1.068255873920432447e-02 1.450639454953355249e-04 6.858765524220414855e-01 -1.068250936420906197e-02 9.999428835886827738e-01 -3.369800271666532746e-04 -9.687951609770434000e-03 -1.486554688501823978e-04 3.354111485518102074e-04 9.999999327004551741e-01 8.039723726807000356e-03 9.999360442161560059e-01 1.107834000140428543e-02 2.261589281260967255e-03 6.968422532081604004e-01 -1.108104642480611801e-02 9.999379515647888184e-01 1.160081941634416580e-03 -5.077249836176633835e-03 -2.248597098514437675e-03 -1.185075961984694004e-03 9.999967813491821289e-01 4.021581262350082397e-03 5.918086242675781250e+01
3.323750000000000000e+06 9.999443021378278118e-01 1.055178222368074667e-02 2.291526562479357038e-04 7.316843925950481387e-01 -1.055171965399569547e-02 9.999442919079861714e-01 -2.725617773614935299e-04 -9.620525504376507137e-03 -2.320159031864584237e-04 2.701286415997254556e-04 9.999999365995650979e-01 8.409619090564351279e-03 9.999431967735290527e-01 1.048982143402099609e-02 1.928959391079843044e-03 7.163515090942382812e-01 -1.049028616398572922e-02 9.999449253082275391e-01 2.536387182772159576e-04 -5.999388638883829117e-03 -1.926197553984820843e-03 -2.738575276453047991e-04 9.999980926513671875e-01 4.615150392055511475e-03 5.924822235107421875e+01
3.427371000000000000e+06 9.999575475119005796e-01 9.212823098408158551e-03 1.645173651189873554e-04 7.312776868366939187e-01 -9.212790630112648038e-03 9.999575419325689163e-01 -1.970340108212141617e-04 -8.119222367520870232e-03 -1.663256194854119874e-04 1.955099822228585638e-04 9.999999670558176179e-01 8.668440646052925913e-03 9.999414682388305664e-01 1.058738771826028824e-02 2.224166644737124443e-03 7.388367652893066406e-01 -1.058865524828433990e-02 9.999438524246215820e-01 5.171693046577274799e-04 -6.851248443126678467e-03 -2.218562178313732147e-03 -5.406841519288718700e-04 9.999973177909851074e-01 5.585657898336648941e-03 5.928287887573242188e+01
3.531001000000000000e+06 9.999514469317282161e-01 9.851250806822116693e-03 2.379903131030325044e-04 7.546030673463801630e-01 -9.851202380486782581e-03 9.999514549610869496e-01 -2.038027683964555655e-04 -8.813684745590175118e-03 -2.399864719850178577e-04 2.014483824733348093e-04 9.999999509125213626e-01 8.742421665804167227e-03 9.999390244483947754e-01 1.090722251683473587e-02 1.696712570264935493e-03 7.571392655372619629e-01 -1.090643741190433502e-02 9.999403953552246094e-01 -4.061882791575044394e-04 -7.668834179639816284e-03 -1.701043220236897469e-03 3.876577538903802633e-04 9.999985098838806152e-01 4.779288079589605331e-03 5.984246444702148438e+01
3.634758000000000000e+06 9.999376537429314205e-01 1.116229466884777720e-02 3.030096402421892602e-04 7.802663163319885076e-01 -1.116220694777513879e-02 9.999376586774878506e-01 -2.896630335568665493e-04 -1.027152161448366408e-02 -3.062240540970294963e-04 2.862627181130070653e-04 9.999999121402456392e-01 8.872117366064592378e-03 9.999441504478454590e-01 1.051543653011322021e-02 1.108413329347968102e-03 7.738974690437316895e-01 -1.051490567624568939e-02 9.999446272850036621e-01 -5.130103672854602337e-04 -7.210365496575832367e-03 -1.113743055611848831e-03 5.013262270949780941e-04 9.999992847442626953e-01 4.109327681362628937e-03 5.956172943115234375e+01
3.738395000000000000e+06 9.999422181340741345e-01 1.074598597704911826e-02 2.901468518037958705e-04 7.717162267186000735e-01 -1.074591329785757124e-02 9.999422295332375255e-01 -2.508987811651212994e-04 -9.807372142857807146e-03 -2.928262445132978381e-04 2.477663910340456512e-04 9.999999264323045089e-01 8.758487828723578172e-03 9.999349713325500488e-01 1.083461102098226547e-02 3.559779608622193336e-03 7.921352386474609375e-01 -1.083758380264043808e-02 9.999408721923828125e-01 8.114270167425274849e-04 -6.006042938679456711e-03 -3.550780238583683968e-03 -8.499594987370073795e-04 9.999933838844299316e-01 4.052345175296068192e-03 5.925702285766601562e+01
3.842137000000000000e+06 9.999357173869184434e-01 1.133427177187809783e-02 3.088395470202895681e-04 7.724329642090346226e-01 -1.133418226460719720e-02 9.999357240302383376e-01 -2.900432226607011573e-04 -1.046911461541548405e-02 -3.121071246543428361e-04 2.865241343326966283e-04 9.999999102465307876e-01 8.691143630914823989e-03 9.999264478683471680e-01 1.159930694848299026e-02 3.538120770826935768e-03 7.997995615005493164e-01 -1.160338241606950760e-02 9.999319911003112793e-01 1.150170690380036831e-03 -4.454683046787977219e-03 -3.524542320519685745e-03 -1.191142480820417404e-03 9.999930858612060547e-01 4.652997478842735291e-03 5.977811050415039062e+01
3.945774000000000000e+06 9.999077362808472813e-01 1.358086790598839189e-02 2.809809846824484910e-04 7.882405117946150730e-01 -1.358074263557097761e-02 9.999076793108380157e-01 -4.430376521603774796e-04 -1.267197851228251716e-02 -2.869718802309248929e-04 4.391808453719557126e-04 9.999998623836513501e-01 8.961655834860835640e-03 9.999115467071533203e-01 1.239355187863111496e-02 4.829051904380321503e-03 8.057713508605957031e-01 -1.239494606852531433e-02 9.999231696128845215e-01 2.523057046346366405e-04 -6.505966652184724808e-03 -4.825551994144916534e-03 -3.121405316051095724e-04 9.999883174896240234e-01 7.552716881036758423e-03 5.976771163940429688e+01
4.049501000000000000e+06 9.999266199965292090e-01 1.211098200878715954e-02 2.806023526165465519e-04 7.951212084559895477e-01 -1.211088394491607705e-02 9.999265997979183140e-01 -3.485788683393513734e-04 -1.112379907579833307e-02 -2.848033887336340721e-04 3.451549471071247918e-04 9.999998998775415648e-01 9.114420813771778943e-03 9.999104142189025879e-01 1.313496194779872894e-02 2.570939948782324791e-03 8.098316788673400879e-01 -1.313528884202241898e-02 9.999136924743652344e-01 8.835514745442196727e-05 -8.037336170673370361e-03 -2.569557633250951767e-03 -1.221194688696414232e-04 9.999966621398925781e-01 1.029428374022245407e-02 5.943888092041015625e+01
4.153250000000000000e+06 9.998950258184640116e-01 1.448736872095149168e-02 2.312984757694652000e-04 8.104333556953507989e-01 -1.448725195400333253e-02 9.998949298641349737e-01 -4.987692587934056858e-04 -1.338384010664656586e-02 -2.385000270933641429e-04 4.953660217324819303e-04 9.999998488651150597e-01 9.435052291293863358e-03 9.998980760574340820e-01 1.426223944872617722e-02 6.642238004133105278e-04 8.101344704627990723e-01 -1.426189299672842026e-02 9.998982548713684082e-01 -4.453071451280266047e-04 -8.601076900959014893e-03 -6.705069681629538536e-04 4.357947327662259340e-04 9.999996423721313477e-01 1.183025352656841278e-02 5.980831909179687500e+01
4.257002000000000000e+06 9.999029799518219797e-01 1.392662001101687905e-02 2.827294058297710028e-04 7.836788785012396286e-01 -1.392648750154979256e-02 9.999029134789116924e-01 -4.653596815468377256e-04 -1.303645722703488177e-02 -2.891828441557747656e-04 4.613771047377691957e-04 9.999998517522119545e-01 8.882295371605475678e-03 9.998931288719177246e-01 1.459392812103033066e-02 -8.355019381269812584e-04 8.160827755928039551e-01 -1.459362171590328217e-02 9.998933672904968262e-01 4.055856261402368546e-04 -8.530764840543270111e-03 8.413257310166954994e-04 -3.933483385480940342e-04 9.999995827674865723e-01 1.046048104763031006e-02 6.052470397949218750e+01
4.360751000000000000e+06 9.998550138951532995e-01 1.702607902843714105e-02 2.526339224097442267e-04 7.847918714448550714e-01 -1.702590621084218436e-02 9.998548235118647209e-01 -6.711333838968775844e-04 -1.610933358481121680e-02 -2.640240158482377256e-04 6.667347574473494066e-04 9.999997428780100783e-01 8.878121088146175358e-03 9.998621344566345215e-01 1.657344028353691101e-02 -9.854956297203898430e-04 8.198852539062500000e-01 -1.657387427985668182e-02 9.998625516891479492e-01 -4.258244880475103855e-04 -1.171915978193283081e-02 9.782961569726467133e-04 4.420955374371260405e-04 9.999994635581970215e-01 1.124972663819789886e-02 6.008393478393554688e+01
4.464541000000000000e+06 9.997972551287848120e-01 2.013533618358176111e-02 1.298977038125606338e-04 8.316385252442040077e-01 -2.013523689611566511e-02 9.997970026568913093e-01 -7.250607730552446287e-04 -1.859026679346944405e-02 -1.444706773538851437e-04 7.222982496615606464e-04 9.999997287066939577e-01 9.920824341837761184e-03 9.997884631156921387e-01 2.052626572549343109e-02 -1.323409611359238625e-03 8.223639726638793945e-01 -2.052470296621322632e-02 9.997887015342712402e-01 1.191222690977156162e-03 -1.293501723557710648e-02 1.347593264654278755e-03 -1.163801294751465321e-03 9.999983310699462891e-01 1.249306090176105499e-02 6.002995300292968750e+01
4.568398000000000000e+06 9.996658018904296394e-01 2.585083374654962088e-02 1.376445736031611973e-04 8.022461349633926986e-01 -2.585066905432997428e-02 9.996652240185477378e-01 -1.087574403014304010e-03 -2.429802171928551607e-02 -1.657131977178360853e-04 1.083652733506654990e-03 9.999993991177826835e-01 9.357220873553350610e-03 9.996734857559204102e-01 2.554260566830635071e-02 -7.052377332001924515e-04 8.277322053909301758e-01 -2.554042823612689972e-02 9.996694922447204590e-01 2.936806762591004372e-03 -1.325904764235019684e-02 7.800235180184245110e-04 -2.917833393439650536e-03 9.999954104423522949e-01 1.078680157661437988e-02 5.982460784912109375e+01
4.672274000000000000e+06 9.995268727837319789e-01 3.075728111387013644e-02 -1.424467459922708974e-04 8.408800130930494943e-01 -3.075740224453113111e-02 9.995264324523285282e-01 -9.450321446756210393e-04 -2.718859784721489731e-02 1.133126700222413723e-04 9.489663159071670510e-04 9.999995433115046461e-01 1.096603889647948180e-02 9.995449781417846680e-01 3.016400337219238281e-02 1.903245574794709682e-04 8.289836049079895020e-01 -3.016438335180282593e-02 9.995417594909667969e-01 2.517630346119403839e-03 -1.512144692242145538e-02 -1.143003100878559053e-04 -2.522239927202463150e-03 9.999968409538269043e-01 9.766380302608013153e-03 6.019504165649414062e+01
4.776128000000000000e+06 9.994279043555657216e-01 3.382080065488397153e-02 -1.321822298169794685e-04 8.399326604638155391e-01 -3.382090128350839081e-02 9.994275460884605167e-01 -8.525195760117902817e-04 -2.932767585484087614e-02 1.032736677976636014e-04 8.565023753045459924e-04 9.999996278690570506e-01 1.031661935122469773e-02 9.994527697563171387e-01 3.307594358921051025e-02 -7.774919504299759865e-05 8.352388143539428711e-01 -3.307580575346946716e-02 9.994519352912902832e-01 1.328883110545575619e-03 -2.004544809460639954e-02 1.216598611790686846e-04 -1.325573888607323170e-03 9.999991059303283691e-01 1.039040833711624146e-02 6.017148971557617188e+01
4.880125000000000000e+06 9.993944315052479821e-01 3.479597155998023078e-02 -1.033858891146220558e-04 8.286618394760164596e-01 -3.479605073229950080e-02 9.993940277519366422e-01 -9.012193806606412245e-04 -3.026968541157690207e-02 7.196443747115378908e-05 9.042710511156658477e-04 9.999995885574249899e-01 9.885826643592766222e-03 9.994117021560668945e-01 3.429880738258361816e-02 -5.324135054252110422e-05 8.367519974708557129e-01 -3.429882228374481201e-02 9.994116425514221191e-01 -6.993456918280571699e-05 -2.327519468963146210e-02 5.081584822619333863e-05 7.171688048401847482e-05 1.000000000000000000e+00 1.241294573992490768e-02 5.966089630126953125e+01
4.984148000000000000e+06 9.994113051295011596e-01 3.430789170370112523e-02 -1.087614655138203736e-04 8.296684826586910866e-01 -3.430797661675560190e-02 9.994108938308974288e-01 -9.100085224176669794e-04 -2.990086420144601187e-02 7.747692182871573875e-05 9.132041906591572243e-04 9.999995800276577640e-01 1.001253869536882987e-02 9.994227886199951172e-01 3.395960107445716858e-02 -8.270770194940268993e-04 8.381923437118530273e-01 -3.396043553948402405e-02 9.994227290153503418e-01 -1.015443238429725170e-03 -2.461939677596092224e-02 7.921056239865720272e-04 1.042948802933096886e-03 9.999991655349731445e-01 1.213285699486732483e-02 5.973139190673828125e+01
5.088126000000000000e+06 9.994241744221539214e-01 3.393090498993174553e-02 -1.155381243284722719e-04 8.319982073541580814e-01 -3.393099605632521332e-02 9.994237657631860339e-01 -9.077534433715039744e-04 -2.959317817004209275e-02 8.467065365935019935e-05 9.111510591197610797e-04 9.999995813172560810e-01 1.014122771298445885e-02 9.994572401046752930e-01 3.289036452770233154e-02 -1.881341799162328243e-03 8.405036926269531250e-01 -3.289029747247695923e-02 9.994589686393737793e-01 6.641644722549244761e-05 -2.242556959390640259e-02 1.882513985037803650e-03 -4.510297458182321861e-06 9.999982714653015137e-01 1.198297273367643356e-02 6.004812622070312500e+01
5.192023000000000000e+06 9.994482357429617103e-01 3.321470180461512378e-02 -8.730265881961630538e-05 8.162812415349580686e-01 -3.321477532925402876e-02 9.994476837412026304e-01 -1.051727903118963425e-03 -2.950446518655564648e-02 5.232161042797805160e-05 1.054047335520662699e-03 9.999994431231602476e-01 1.003436089522071958e-02 9.994674324989318848e-01 3.254225105047225952e-02 -2.408947562798857689e-03 8.409947156906127930e-01 -3.253961727023124695e-02 9.994698166847229004e-01 1.124475500546395779e-03 -2.054456621408462524e-02 2.444266341626644135e-03 -1.045480952598154545e-03 9.999964237213134766e-01 1.138967927545309067e-02 5.977487945556640625e+01
5.295877000000000000e+06 9.994343128161434775e-01 3.363095980212026798e-02 -1.137240430870913331e-04 8.294214929218379773e-01 -3.363105180795673138e-02 9.994338763557725214e-01 -9.376414189634823051e-04 -2.945489008603040942e-02 8.212588103577625313e-05 9.409356663428296037e-04 9.999995539476159712e-01 1.016980613716871734e-02 9.994645714759826660e-01 3.251156955957412720e-02 -3.692102618515491486e-03 8.418132662773132324e-01 -3.252466022968292236e-02 9.994646906852722168e-01 -3.544928273186087608e-03 -2.591914124786853790e-02 3.574866801500320435e-03 3.663108451291918755e-03 9.999869465827941895e-01 1.051115710288286209e-02 6.008547210693359375e+01
5.399752000000000000e+06 9.994792650736871176e-01 3.226729689836622950e-02 -1.422764523585492644e-04 8.389500093451491836e-01 -3.226741397013836721e-02 9.994788514717767303e-01 -9.162206584697704962e-04 -2.827159820905813387e-02 1.126383412960634336e-04 9.203344435435336897e-04 9.999995701484672983e-01 1.066498875564846592e-02 9.994864463806152344e-01 3.171650320291519165e-02 -4.571177065372467041e-03 8.431248068809509277e-01 -3.174606710672378540e-02 9.994744658470153809e-01 -6.552269682288169861e-03 -3.169369325041770935e-02 4.360969178378582001e-03 6.694031879305839539e-03 9.999680519104003906e-01 9.057827293872833252e-03 6.013516616821289062e+01
5.503628000000000000e+06 9.994840966024579609e-01 3.211734821516383509e-02 -1.287642837995078360e-04 8.327451776981164011e-01 -3.211745834893690865e-02 9.994836292685513879e-01 -9.714377044618192989e-04 -2.834346252763395718e-02 9.749779060329864019e-05 9.750721179789341355e-04 9.999995198641564720e-01 1.059097653452656211e-02 9.995125532150268555e-01 3.071575053036212921e-02 -5.594443995505571365e-03 8.402280211448669434e-01 -3.075401298701763153e-02 9.995033144950866699e-01 -6.874709855765104294e-03 -3.114794567227363586e-02 5.380508024245500565e-03 7.043403107672929764e-03 9.999606609344482422e-01 1.010437868535518646e-02 6.035731124877929688e+01
5.607400000000000000e+06 9.995362038506264701e-01 3.045286042322541131e-02 -2.214181952799661613e-05 8.099715996366104731e-01 -3.045286609107662745e-02 9.995355739187370414e-01 -1.122240672150830697e-03 -2.767324579711975818e-02 -1.204390202718221611e-05 1.122394463112464692e-03 9.999993700426126342e-01 9.989684976971691457e-03 9.995648860931396484e-01 2.923963963985443115e-02 -3.879332216456532478e-03 8.434756994247436523e-01 -2.926581539213657379e-02 9.995480179786682129e-01 -6.880804430693387985e-03 -3.141238912940025330e-02 3.676384687423706055e-03 6.991341244429349899e-03 9.999688267707824707e-01 9.961904957890510559e-03 6.048976135253906250e+01
5.711251000000000000e+06 9.995786236367929511e-01 2.902706659297608557e-02 -6.793614929062158055e-05 8.355322820601950307e-01 -2.902711854815927597e-02 9.995781616969288130e-01 -9.618156603419004969e-04 -2.603211377184756758e-02 3.998880538855280288e-05 9.633823645380686085e-04 9.999995351475726713e-01 1.067332407920254522e-02 9.995827078819274902e-01 2.861655130982398987e-02 -3.946030512452125549e-03 8.502045273780822754e-01 -2.865035645663738251e-02 9.995509386062622070e-01 -8.774780668318271637e-03 -3.705010190606117249e-02 3.693157341331243515e-03 8.884179405868053436e-03 9.999536871910095215e-01 1.246251352131366730e-02 6.080595016479492188e+01
5.815003000000000000e+06 9.996105477009135098e-01 2.790606744370638728e-02 -6.593011940116164733e-05 8.455700615047887503e-01 -2.790611522114913937e-02 9.996101498584357703e-01 -8.927794551386856493e-04 -2.494425856562065835e-02 4.099045354769474079e-05 8.942716135939539433e-04 9.999995992989628713e-01 1.087984953079867284e-02 9.996013045310974121e-01 2.716101333498954773e-02 -7.705722935497760773e-03 8.430604934692382812e-01 -2.721091918647289276e-02 9.996088743209838867e-01 -6.458927877247333527e-03 -3.261204063892364502e-02 7.527281530201435089e-03 6.666036322712898254e-03 9.999494552612304688e-01 1.616594381630420685e-02 6.061990356445312500e+01
5.918752000000000000e+06 9.996173030862509634e-01 2.766309590811917227e-02 2.308915035828377517e-05 8.232009258055101864e-01 -2.766305786816496484e-02 9.996167817163749136e-01 -1.022241748185946479e-03 -2.532247237491810563e-02 -5.135867230039660621e-05 1.021211822972133317e-03 9.999994772442388768e-01 1.018899100341046776e-02 9.995393753051757812e-01 2.665097825229167938e-02 -1.451456360518932343e-02 8.336136341094970703e-01 -2.672138810157775879e-02 9.996320605278015137e-01 -4.679450299590826035e-03 -3.015574812889099121e-02 1.438450999557971954e-02 5.065142177045345306e-03 9.998837113380432129e-01 1.470023952424526215e-02 6.085974502563476562e+01
6.022375000000000000e+06 9.996263241621500262e-01 2.733487778060497350e-02 1.283565363308353637e-04 7.952322243211834563e-01 -2.733470942684278551e-02 9.996256541356575154e-01 -1.168430990644185423e-03 -2.567639616293618948e-02 -1.602474059145973708e-04 1.164485787467688972e-03 9.999993091465495532e-01 9.251920685464137123e-03 9.994930028915405273e-01 2.627472020685672760e-02 -1.798331923782825470e-02 8.282617330551147461e-01 -2.629566751420497894e-02 9.996537566184997559e-01 -9.273898322135210037e-04 -2.337446995079517365e-02 1.795272342860698700e-02 1.399805187247693539e-03 9.998378753662109375e-01 9.085897356271743774e-03 6.084470367431640625e+01
6.126131000000000000e+06 9.995928806049152460e-01 2.853184259088724709e-02 8.372428441877573550e-05 7.972750328044186929e-01 -2.853172423380481368e-02 9.995921926268287461e-01 -1.178625965673476281e-03 -2.651685856920003165e-02 -1.173185112582953604e-04 1.175757326014729683e-03 9.999993019153012863e-01 9.434002949616470887e-03 9.995040893554687500e-01 2.681609056890010834e-02 -1.650575362145900726e-02 8.246240019798278809e-01 -2.680420130491256714e-02 9.996402859687805176e-01 9.371445048600435257e-04 -1.921942271292209625e-02 1.652496308088302612e-02 -4.942550440318882465e-04 9.998633265495300293e-01 3.786790417507290840e-03 6.136083221435546875e+01
6.229773000000000000e+06 9.995999569991702582e-01 2.828287181477821474e-02 7.175078675983717939e-05 8.036383950247203423e-01 -2.828277189488230883e-02 9.995993139715690923e-01 -1.138569519528570420e-03 -2.620042927235003566e-02 -1.039240522306716274e-04 1.136084731685155702e-03 9.999993492554406505e-01 9.607439310236141200e-03 9.995881915092468262e-01 2.679623104631900787e-02 -1.027257554233074188e-02 8.317983150482177734e-01 -2.682051435112953186e-02 9.996377229690551758e-01 -2.223757794126868248e-03 -2.287059649825096130e-02 1.020925771445035934e-02 2.498354297131299973e-03 9.999447464942932129e-01 6.563411559909582138e-03 6.174150466918945312e+01
6.333503000000000000e+06 9.996490253798542280e-01 2.649163311717660577e-02 1.395004983991057074e-04 7.980109222151219317e-01 -2.649145841937048176e-02 9.996483979842269996e-01 -1.132725443687445516e-03 -2.494466355296015916e-02 -1.694591954031110688e-04 1.128632314318462823e-03 9.999993487361544808e-01 9.268202511195276772e-03 9.996628165245056152e-01 2.573236450552940369e-02 -3.481239313259720802e-03 8.330118656158447266e-01 -2.573846466839313507e-02 9.996672868728637695e-01 -1.713080564513802528e-03 -2.327901124954223633e-02 3.435995662584900856e-03 1.802107319235801697e-03 9.999924302101135254e-01 7.362422067672014236e-03 6.180108642578125000e+01
6.437129000000000000e+06 9.996428821532946651e-01 2.672273975424917236e-02 5.786098958147109332e-05 8.217572264086823175e-01 -2.672266723230280749e-02 9.996423693517543230e-01 -1.016100598621732295e-03 -2.465074552282008752e-02 -8.499328829015867677e-05 1.014191531013947881e-03 9.999994820957111008e-01 1.006496910520412666e-02 9.996901750564575195e-01 2.484521269798278809e-02 1.550142769701778889e-03 8.341279625892639160e-01 -2.484173700213432312e-02 9.996890425682067871e-01 -2.184972399845719337e-03 -2.191538736224174500e-02 -1.603941782377660275e-03 2.145790262147784233e-03 9.999964833259582520e-01 9.074128232896327972e-03 6.148796844482421875e+01
6.540880000000000000e+06 9.997510524779955610e-01 2.231170196475662504e-02 1.450694610947303529e-04 8.145006282371954898e-01 -2.231156439118583273e-02 9.997506705070042798e-01 -8.893457243551081658e-04 -2.090217902037539571e-02 -1.648761069266010623e-04 8.858875974613006181e-04 9.999995940094513758e-01 9.529735726033721974e-03 9.997255206108093262e-01 2.267641201615333557e-02 5.889587569981813431e-03 8.345349431037902832e-01 -2.266110107302665710e-02 9.997396469116210938e-01 -2.665007719770073891e-03 -2.195649221539497375e-02 -5.948491860181093216e-03 2.530811354517936707e-03 9.999790787696838379e-01 1.193780731409788132e-02 6.182287979125976562e+01
6.644505000000000000e+06 9.997832629672194216e-01 2.081838854847326351e-02 1.475981859319457892e-04 8.202606062368760220e-01 -2.081826371784674737e-02 9.997829547210699275e-01 -8.020856163616045661e-04 -1.944352085556514884e-02 -1.642642805930195611e-04 7.988390367188086304e-04 9.999996674366616878e-01 9.619559069849178273e-03 9.997730851173400879e-01 2.046271413564682007e-02 5.914105568081140518e-03 8.290365338325500488e-01 -2.042761258780956268e-02 9.997737407684326172e-01 -5.935615394264459610e-03 -2.539420500397682190e-02 -6.034227553755044937e-03 5.813456606119871140e-03 9.999648928642272949e-01 1.542980689555406570e-02 6.173503875732421875e+01
6.748254000000000000e+06 9.998903457704888531e-01 1.480725431693442201e-02 2.041252444524605403e-04 8.280163860833260614e-01 -1.480714778359980971e-02 9.998902361274527584e-01 -5.138911007363620043e-04 -1.350035138337840786e-02 -2.117121546608119031e-04 5.108122379188686623e-04 9.999998471244075926e-01 9.677903818458911608e-03 9.998732209205627441e-01 1.592203415930271149e-02 7.121646922314539552e-05 8.220546245574951172e-01 -1.592166721820831299e-02 9.998669624328613281e-01 -3.519216319546103477e-03 -2.040607668459415436e-02 -1.272415393032133579e-04 3.517634468153119087e-03 9.999938011169433594e-01 1.826459541916847229e-02 6.154000091552734375e+01
6.851878000000000000e+06 9.999203410591157581e-01 1.261939876836155709e-02 2.496192799571277077e-04 8.163504904674278029e-01 -1.261930003341078972e-02 9.999202961376800758e-01 -3.932396705666202775e-04 -1.142707440858013040e-02 -2.545618325868651108e-04 3.900583248998484918e-04 9.999998915263815791e-01 9.448855004821718473e-03 9.999140501022338867e-01 1.294644363224506378e-02 -2.055379096418619156e-03 8.116897344589233398e-01 -1.295161806046962738e-02 9.999129176139831543e-01 -2.543902723118662834e-03 -1.427327748388051987e-02 2.022268250584602356e-03 2.570310607552528381e-03 9.999946951866149902e-01 1.403367053717374802e-02 6.123939132690429688e+01
6.955504000000000000e+06 9.999352492955855265e-01 1.137550188651965249e-02 3.085078244783916114e-04 7.706758809012337341e-01 -1.137541165315648917e-02 9.999352550808520146e-01 -2.926776129277158280e-04 -1.051152510057892613e-02 -3.118172047981626811e-04 2.891492584554154277e-04 9.999999095813673078e-01 8.669000591617495935e-03 9.999302029609680176e-01 1.150796562433242798e-02 -2.691942965611815453e-03 8.038085103034973145e-01 -1.151219569146633148e-02 9.999325275421142578e-01 -1.558691496029496193e-03 -1.223799958825111389e-02 2.673827344551682472e-03 1.589574967510998249e-03 9.999951720237731934e-01 1.207615341991186142e-02 6.140835189819335938e+01
7.059005000000000000e+06 9.999168817086702132e-01 1.289061772738818099e-02 2.482901184967177240e-04 8.133890740726508195e-01 -1.289051654703289931e-02 9.999168318660457411e-01 -4.048870061631760229e-04 -1.171746908308575821e-02 -2.534887123099015564e-04 4.016527647537881376e-04 9.999998872092578095e-01 9.414538505043135858e-03 9.999230504035949707e-01 1.193345058709383011e-02 -3.368452191352844238e-03 8.002520799636840820e-01 -1.191265508532524109e-02 9.999102354049682617e-01 6.124549079686403275e-03 -1.257826224900782108e-03 3.441241104155778885e-03 -6.083952262997627258e-03 9.999755620956420898e-01 1.425518468022346497e-02 6.109632110595703125e+01
7.162754000000000000e+06 9.999156722228793592e-01 1.298414039541508774e-02 2.460535801355770392e-04 8.156870614162302635e-01 -1.298403807287375200e-02 9.999156185390593032e-01 -4.129867773552865925e-04 -1.179148289374961321e-02 -2.513950960386529022e-04 4.097571820670827783e-04 9.999998844497728356e-01 9.454930430817087145e-03 9.999100565910339355e-01 1.332460157573223114e-02 1.544742379337549210e-03 8.035973310470581055e-01 -1.332896854728460312e-02 9.999071955680847168e-01 2.826868789270520210e-03 -7.852296403143554926e-05 -1.506938599050045013e-03 -2.847200492396950722e-03 9.999947547912597656e-01 1.249650865793228149e-02 6.151020812988281250e+01
7.266377000000000000e+06 9.999395109395217141e-01 1.099496402475686960e-02 2.919477800103590119e-04 7.822376618540203275e-01 -1.099488251680257045e-02 9.999395154375037009e-01 -2.793392802441488809e-04 -1.006390447628476362e-02 -2.950014468777530400e-04 2.761124518748264722e-04 9.999999183680304826e-01 8.940888506049442935e-03 9.999454617500305176e-01 1.041135750710964203e-02 -8.903274429030716419e-04 8.042898178100585938e-01 -1.041332539170980453e-02 9.999431967735290527e-01 -2.254868391901254654e-03 -1.355441659688949585e-02 8.667935617268085480e-04 2.264015842229127884e-03 9.999971389770507812e-01 1.111419592052698135e-02 6.113939285278320312e+01
7.370130000000000000e+06 9.999579943535706894e-01 9.163483464911423640e-03 2.002547225026436208e-04 8.050043755635968301e-01 -9.163441242227945635e-03 9.999579925825458071e-01 -2.107549924520858535e-04 -7.905859622299740708e-03 -2.021775601437430202e-04 2.089111172303014137e-04 9.999999577401901263e-01 9.426422658025301188e-03 9.999611377716064453e-01 8.630434982478618622e-03 -1.791001181118190289e-03 8.099488615989685059e-01 -8.636324666440486908e-03 9.999571442604064941e-01 -3.330076113343238831e-03 -1.259114220738410950e-02 1.762189320288598537e-03 3.345414297655224800e-03 9.999928474426269531e-01 1.242382358759641647e-02 6.116201782226562500e+01
7.473752000000000000e+06 9.999901296205396806e-01 4.442022873149062932e-03 9.536891840873808332e-05 7.995132047431025013e-01 -4.442023063210489599e-03 9.999901341657690956e-01 1.781183529316630930e-06 -3.147078799103298491e-03 -9.536006545724130682e-05 -2.204796863273664274e-06 9.999999954507986510e-01 9.475845284623328479e-03 9.999821782112121582e-01 4.800686147063970566e-03 -3.546778811141848564e-03 8.224918842315673828e-01 -4.802968353033065796e-03 9.999882578849792480e-01 -6.309557938948273659e-04 -4.456765949726104736e-03 3.543709870427846909e-03 6.479757139459252357e-04 9.999935030937194824e-01 9.510490112006664276e-03 6.156889724731445312e+01
7.577401000000000000e+06 9.999998590033755130e-01 -5.256541012368670532e-04 7.537228421464905819e-05 8.344754899624099442e-01 5.256512174175725785e-04 9.999998611128675385e-01 3.827570892304290435e-05 1.200231460258145352e-03 -7.539239353075396274e-05 -3.823608399142449711e-05 9.999999964269942199e-01 9.238901977657129616e-03 9.999973177909851074e-01 -1.692160585662350059e-04 -2.309712115675210953e-03 8.386055231094360352e-01 1.693791855359449983e-04 9.999999403953552246e-01 6.426282197935506701e-05 -9.529262897558510303e-04 2.309702103957533836e-03 -6.464523175964131951e-05 9.999973177909851074e-01 4.345473367720842361e-03 6.201523208618164062e+01
7.681003000000000000e+06 9.999916821782585119e-01 -4.070822344541467387e-03 2.529417283103627730e-04 8.652088135316444717e-01 4.070831046672953278e-03 9.999917135583031857e-01 -3.389838623531467939e-05 4.495630868468267378e-03 -2.528016380135107103e-04 3.492778732868499487e-05 9.999999674356897517e-01 8.762183348629919849e-03 9.999933242797851562e-01 -3.611027961596846581e-03 5.917900707572698593e-04 8.581505417823791504e-01 3.612263128161430359e-03 9.999912381172180176e-01 -2.129419241100549698e-03 4.350818926468491554e-04 -5.840891972184181213e-04 2.131529618054628372e-03 9.999975562095642090e-01 7.030961569398641586e-03 6.172918319702148438e+01
7.784655000000000000e+06 9.999735209157896154e-01 -7.270202571952148751e-03 3.187835324065334654e-04 8.487964965049658028e-01 7.270128591308940014e-03 9.999735452098070798e-01 2.326196327432885540e-04 7.803491036151790836e-03 -3.204662908724095370e-04 -2.302958759632704690e-04 9.999999221325815979e-01 8.139980463944537087e-03 9.999765753746032715e-01 -6.736673414707183838e-03 1.147649833001196384e-03 8.762705922126770020e-01 6.735108327120542526e-03 9.999763965606689453e-01 1.385630457662045956e-03 8.204955607652664185e-03 -1.156957820057868958e-03 -1.377869863063097000e-03 9.999984502792358398e-01 7.410568650811910629e-03 6.158678436279296875e+01
7.888275000000000000e+06 9.999568760455628258e-01 -9.283565305701971249e-03 2.479288799051610100e-04 8.800137151407324554e-01 9.283529371204017611e-03 9.999568965003945431e-01 1.456984111497808471e-04 9.157663346110799657e-03 -2.492707939504818599e-04 -1.433904731350543499e-04 9.999999586516229444e-01 8.877293012447764683e-03 9.999675154685974121e-01 -8.062919601798057556e-03 7.701063441345468163e-05 8.916886448860168457e-01 8.062768727540969849e-03 9.999660253524780273e-01 1.708709169179201126e-03 1.383783295750617981e-02 -9.079265146283432841e-05 -1.708034309558570385e-03 9.999984502792358398e-01 6.769759114831686020e-03 6.141724777221679688e+01
7.991881000000000000e+06 9.999666194643767048e-01 -8.166808387292105731e-03 2.513917743870337242e-04 9.196507774460009887e-01 8.166804831079017835e-03 9.999666509783278201e-01 1.516940159542460231e-05 7.072065470449627814e-03 -2.515072763133557030e-04 -1.311582767734876262e-05 9.999999682860319927e-01 1.018765501906641197e-02 9.999657869338989258e-01 -8.266513235867023468e-03 -2.436713111819699407e-04 9.083828926086425781e-01 8.266762830317020416e-03 9.999650120735168457e-01 1.331400126218795776e-03 1.324370037764310837e-02 2.326668763998895884e-04 -1.333353924565017223e-03 9.999991059303283691e-01 6.372991483658552170e-03 6.155436706542968750e+01
8.095633000000000000e+06 9.999696608555367350e-01 -7.784589480788993432e-03 2.784545259763026876e-04 9.039523863516374380e-01 7.784579083925470544e-03 9.999696989687265614e-01 3.840211936219383761e-05 6.974394161901787195e-03 -2.787450332425989424e-04 -3.623330306193480420e-05 9.999999604941774978e-01 9.702949490700735896e-03 9.999725818634033203e-01 -7.404032163321971893e-03 2.816107589751482010e-04 9.247135519981384277e-01 7.403341587632894516e-03 9.999696016311645508e-01 2.431871835142374039e-03 1.328298170119524002e-02 -2.996122930198907852e-04 -2.429731888696551323e-03 9.999969601631164551e-01 6.430453620851039886e-03 6.335625457763671875e+01
8.199389000000000000e+06 9.999824416572675734e-01 -5.921513478951077360e-03 2.281577078190976228e-04 9.217353525490493693e-01 5.921529592321444525e-03 9.999824651393132147e-01 -7.001314417737007059e-05 5.262941516466409717e-03 -2.277391233362939190e-04 7.136295745610773662e-05 9.999999715211100870e-01 1.040441658281165971e-02 9.999853372573852539e-01 -5.427362397313117981e-03 -1.004332007141783834e-04 9.424645304679870605e-01 5.427781958132982254e-03 9.999775290489196777e-01 3.943186718970537186e-03 1.527244877070188522e-02 7.903306686785072088e-05 -3.943677060306072235e-03 9.999923110008239746e-01 8.070422336459159851e-03 6.189123153686523438e+01
8.303130000000000000e+06 9.999979977489930061e-01 -1.997493311656919381e-03 1.204935094470416674e-04 9.764860370923502675e-01 1.997510756059215319e-03 9.999979944858465863e-01 -1.448284349950707830e-04 2.166710765507807827e-03 -1.202039739806223378e-04 1.450688320806769170e-04 9.999999822530201143e-01 1.164375321125760664e-02 9.999974370002746582e-01 -2.034348202869296074e-03 9.258561185561120510e-04 9.610834121704101562e-01 2.030106261372566223e-03 9.999877214431762695e-01 4.515205509960651398e-03 1.560232695192098618e-02 -9.350326145067811012e-04 -4.513312131166458130e-03 9.999893903732299805e-01 1.034770626574754715e-02 6.218006515502929688e+01
8.407006000000000000e+06 9.999997967789369113e-01 6.161395727290217917e-04 1.637501288612411992e-04 9.769214455538992592e-01 -6.161329499202904602e-04 9.999998093702727742e-01 -4.049196991718548966e-05 6.127520211771285636e-04 -1.637750463510708593e-04 4.039106983668475467e-05 9.999999857731475261e-01 1.107900021185181591e-02 9.999992847442626953e-01 3.272447211202234030e-04 1.219482976011931896e-03 9.766354560852050781e-01 -3.312541812192648649e-04 9.999946951866149902e-01 3.243534360080957413e-03 1.200007367879152298e-02 -1.218429766595363617e-03 -3.243932733312249184e-03 9.999939203262329102e-01 1.071156281977891922e-02 6.170617675781250000e+01
8.510755000000000000e+06 9.999998447988618366e-01 5.256072986932135930e-04 1.847680314311196464e-04 1.000947626869181928e+00 -5.256037324605845103e-04 9.999998616831561327e-01 -1.934916241016975893e-05 1.004572836382254053e-03 -1.847781759353915793e-04 1.925204464195490525e-05 9.999999827431923505e-01 1.148132786062657125e-02 9.999989271163940430e-01 1.143676578067243099e-03 8.197145070880651474e-04 9.904410839080810547e-01 -1.144980313256382942e-03 9.999980926513671875e-01 1.586635364219546318e-03 8.726604282855987549e-03 -8.178851567208766937e-04 -1.587573089636862278e-03 9.999984502792358398e-01 1.138675585389137268e-02 6.212057495117187500e+01
8.614628000000000000e+06 9.999996523590057862e-01 8.094605329155690060e-04 2.001388296832059958e-04 1.014362432698109551e+00 -8.094597303497808732e-04 9.999996723790685049e-01 -4.091015246289669090e-06 9.053829662829596114e-04 -2.001420756287403265e-04 3.929009509825153736e-06 9.999999799638571440e-01 1.163952567004359825e-02 9.999997019767761230e-01 4.984057159163057804e-04 6.615921738557517529e-04 1.001204490661621094e+00 -4.984426195733249187e-04 9.999998211860656738e-01 9.329669410362839699e-05 7.557012606412172318e-03 -6.615443853661417961e-04 -9.362903801957145333e-05 9.999998211860656738e-01 9.397388435900211334e-03 6.195206451416015625e+01
8.718382000000000000e+06 9.999999729359483336e-01 1.672599240681434617e-04 1.617164837805481548e-04 9.802954740412294088e-01 -1.672519362056349768e-04 9.999999847928938701e-01 -4.940650087297197130e-05 1.022880899363967731e-03 -1.617247450487760906e-04 4.937945214118574116e-05 9.999999857033883277e-01 1.121535588142839011e-02 9.999995827674865723e-01 2.197266148868948221e-04 8.933852659538388252e-04 1.017318606376647949e+00 -2.196832210756838322e-04 1.000000000000000000e+00 6.844800373073667288e-05 6.333224009722471237e-03 -8.933732751756906509e-04 -6.864927854621782899e-05 9.999995231628417969e-01 8.193759247660636902e-03 6.126876831054687500e+01
8.822133000000000000e+06 9.999999624853489477e-01 -1.901984559820065856e-04 1.971137985405000629e-04 1.051947417920376937e+00 1.902113672829200863e-04 9.999999797656698997e-01 -6.548508572403446612e-05 1.155890444981204357e-03 -1.971013393900868712e-04 6.552257655177160325e-05 9.999999784289271831e-01 1.243668057308854567e-02 9.999997019767761230e-01 3.003712117788381875e-05 7.316292612813413143e-04 1.028917312622070312e+00 -2.996703187818638980e-05 1.000000000000000000e+00 -1.868250838015228510e-04 7.132274098694324493e-03 -7.316336268559098244e-04 1.868078397819772363e-04 9.999997019767761230e-01 9.809619747102260590e-03 6.185039901733398438e+01
8.925883000000000000e+06 9.999999228957479058e-01 3.389355849852029173e-04 1.983208849621496614e-04 1.023521752910842908e+00 -3.389288315172132166e-04 9.999999419827013680e-01 -3.408585525560748784e-05 1.077402397961353415e-03 -1.983324263649501387e-04 3.401863596424835713e-05 9.999999797534910861e-01 1.189374596524142742e-02 9.999999403953552246e-01 7.339643343584612012e-05 4.107922723051160574e-04 1.034749031066894531e+00 -7.347445352934300900e-05 1.000000000000000000e+00 3.207944973837584257e-04 6.384442094713449478e-03 -4.107719287276268005e-04 -3.208241832908242941e-04 9.999998211860656738e-01 1.096185017377138138e-02 6.160489654541015625e+01
9.029629000000000000e+06 9.999999798717257304e-01 -2.207940184674710425e-05 1.994217854405923405e-04 1.039558674487075729e+00 2.209142342977672425e-05 9.999999979391336336e-01 -6.028019444031366167e-05 1.182939144103024474e-03 -1.994204540789888582e-04 6.028459873803234640e-05 9.999999782986248587e-01 1.222712336581519531e-02 9.999995827674865723e-01 1.906748802866786718e-04 8.227955549955368042e-04 1.041211724281311035e+00 -1.921045768540352583e-04 9.999985694885253906e-01 1.653108512982726097e-03 9.765878319740295410e-03 -8.224789635278284550e-04 -1.653261482715606689e-03 9.999983310699462891e-01 1.283613778650760651e-02 6.131660842895507812e+01
9.133505000000000000e+06 9.999999767585188160e-01 8.210972436185253256e-05 1.993513368337411387e-04 1.035882551616121194e+00 -8.209958769899534589e-05 9.999999953366685013e-01 -5.085588265281269652e-05 1.142763753684822867e-03 -1.993555116665553348e-04 5.083951480848615664e-05 9.999999788363619357e-01 1.214672931545479270e-02 9.999997019767761230e-01 -6.650119757978245616e-05 8.673385018482804298e-04 1.038660168647766113e+00 6.609942647628486156e-05 9.999998211860656738e-01 5.030249012634158134e-04 7.886392995715141296e-03 -8.673823322169482708e-04 -5.029762396588921547e-04 9.999994635581970215e-01 1.474816724658012390e-02 6.299318313598632812e+01
9.237279000000000000e+06 9.999996209316220908e-01 -8.534894919742094452e-04 1.723144329937623359e-04 1.026887955132955499e+00 8.535056220178470140e-04 9.999996313875942899e-01 -9.355636917623836365e-05 1.514188833286030968e-03 -1.722345200947941139e-04 9.370340505615774407e-05 9.999999807774698768e-01 1.219129269117294641e-02 9.999997019767761230e-01 -6.684984546154737473e-04 3.846670006169006228e-05 1.036750316619873047e+00 6.684088730253279209e-04 9.999991059303283691e-01 1.168193528428673744e-03 8.800393901765346527e-03 -3.923270560335367918e-05 -1.168157788924872875e-03 9.999993443489074707e-01 1.745574362576007843e-02 6.221871948242187500e+01
9.341007000000000000e+06 9.999981540166138494e-01 -1.916090796948704796e-03 1.433860015472098284e-04 1.055770295637876721e+00 1.916109776038684527e-03 9.999981555026197233e-01 -1.323435206355248078e-04 1.436530712719326147e-03 -1.431321548786357388e-04 1.326180196417526169e-04 9.999999809628240532e-01 1.287027164458529743e-02 9.999980926513671875e-01 -1.369851524941623211e-03 1.412086770869791508e-03 1.034787178039550781e+00 1.369216013699769974e-03 9.999989271163940430e-01 4.477858019527047873e-04 8.647067472338676453e-03 -1.412698766216635704e-03 -4.458550829440355301e-04 9.999988675117492676e-01 1.656775176525115967e-02 6.142227172851562500e+01
9.444755000000000000e+06 9.999950670040507195e-01 -3.139437082830247132e-03 9.951214417635350566e-05 1.031248157201375193e+00 3.139454464760954404e-03 9.999950565884049292e-01 -1.749991913000984117e-04 1.919747382383326468e-03 -9.896225331293832567e-05 1.753107418656644405e-04 9.999999797363084975e-01 1.271931183038184886e-02 9.999932050704956055e-01 -2.364124637097120285e-03 2.813366474583745003e-03 1.034456372261047363e+00 2.365593332797288895e-03 9.999971389770507812e-01 -5.094806547276675701e-04 8.187599480152130127e-03 -2.812167163938283920e-03 5.161343724466860294e-04 9.999959468841552734e-01 1.773575693368911743e-02 6.150960159301757812e+01
9.548508000000000000e+06 9.999963190686996795e-01 -2.710970255180889920e-03 1.117575988189588093e-04 1.037370960392487884e+00 2.710988417554037900e-03 9.999963120309645070e-01 -1.626859081387101516e-04 1.749047586051951210e-03 -1.113161500285198566e-04 1.629882828412037785e-04 9.999999805217681947e-01 1.275101506875017318e-02 9.999941587448120117e-01 -2.786780474707484245e-03 1.976702362298965454e-03 1.031773209571838379e+00 2.787586068734526634e-03 9.999959468841552734e-01 -4.164139390923082829e-04 8.428205735981464386e-03 -1.975529594346880913e-03 4.219214606564491987e-04 9.999980330467224121e-01 1.876573078334331512e-02 6.158063888549804688e+01
9.652155000000000000e+06 9.999940402959763830e-01 -3.450983901739969068e-03 1.004128123854330945e-04 1.030602428771084433e+00 3.451002077972506379e-03 9.999940288200446226e-01 -1.814083997713952497e-04 2.069835841243524398e-03 -9.978617534013760142e-05 1.817538434525054500e-04 9.999999785041296940e-01 1.271986739413471720e-02 9.999962449073791504e-01 -2.666323678568005562e-03 6.285543786361813545e-04 1.026926517486572266e+00 2.666580025106668472e-03 9.999964237213134766e-01 -3.362816059961915016e-04 7.941093295812606812e-03 -6.276507629081606865e-04 3.379566478542983532e-04 9.999997019767761230e-01 1.879009045660495758e-02 6.143344116210937500e+01
9.755883000000000000e+06 9.999958286527612650e-01 -2.886481823433595384e-03 1.044045736226722419e-04 1.012493488300826083e+00 2.886499707543566107e-03 9.999958193360236614e-01 -1.715531085556390217e-04 2.029950445376481338e-03 -1.039089522455854524e-04 1.718537566992921434e-04 9.999999798346090873e-01 1.237757038285432556e-02 9.999969005584716797e-01 -2.474825596436858177e-03 -2.413290203548967838e-04 1.025322079658508301e+00 2.474622102454304695e-03 9.999966025352478027e-01 -7.219156250357627869e-04 6.337521132081747055e-03 2.431130269542336464e-04 7.213136414065957069e-04 9.999997019767761230e-01 1.909171044826507568e-02 6.137209701538085938e+01
9.859630000000000000e+06 9.999992600263207798e-01 -1.206130458468992941e-03 1.587329543178699238e-04 1.017469199672229596e+00 1.206147780999580841e-03 9.999992666543302544e-01 -1.090795787525956022e-04 1.668127956230954162e-03 -1.586012737114345615e-04 1.092709534342649178e-04 9.999999814527474884e-01 1.211798267629007539e-02 9.999993443489074707e-01 -1.016806112602353096e-03 -4.664806474465876818e-04 1.023241162300109863e+00 1.016928232274949551e-03 9.999995231628417969e-01 1.246697938768193126e-04 6.383051164448261261e-03 4.663586732931435108e-04 -1.251469657290726900e-04 9.999998807907104492e-01 1.875570602715015411e-02 6.149206542968750000e+01
9.963509000000000000e+06 9.999999374796524343e-01 2.989257319323278045e-04 1.889023608877661922e-04 1.013802169344280690e+00 -2.989194489591264154e-04 9.999999547695436197e-01 -3.328778619023886848e-05 1.124034615513968671e-03 -1.889123029191639921e-04 3.323131752123209309e-05 9.999999816039111256e-01 1.174255661590368344e-02 9.999980330467224121e-01 5.958153051324188709e-04 -1.913826679810881615e-03 1.014993667602539062e+00 -5.946911405771970749e-04 9.999997019767761230e-01 6.208017002791166306e-04 6.918988190591335297e-03 1.914195832796394825e-03 -6.196580943651497364e-04 9.999980330467224121e-01 2.027783356606960297e-02 6.199225616455078125e+01
1.006727000000000000e+07 9.999958275814975206e-01 2.881586889028022423e-03 2.031676546084284726e-04 9.919594601481319662e-01 -2.881592016122828427e-03 9.999958478941638473e-01 2.494757847793681714e-05 -1.044615005961398732e-03 -2.030949224241192556e-04 -2.553292064264256773e-05 9.999999790502622776e-01 1.088374323711569121e-02 9.999910593032836914e-01 3.237373195588588715e-03 -2.727545099332928658e-03 1.011161446571350098e+00 -3.233405528590083122e-03 9.999936819076538086e-01 1.437278231605887413e-03 6.777550559490919113e-03 2.732185646891593933e-03 -1.428444287739694118e-03 9.999952316284179688e-01 1.847713440656661987e-02 6.208703994750976562e+01
1.017113000000000000e+07 9.999877097875422560e-01 4.951325600899695797e-03 2.542641737626382607e-04 9.951318947108386270e-01 -4.951321795333836831e-03 9.999877420103225889e-01 -1.559427250439911867e-05 -3.048283261384597716e-03 -2.543382693108462507e-04 1.433513718462386727e-05 9.999999675532759147e-01 1.054596636617130372e-02 9.999863505363464355e-01 5.030849948525428772e-03 -1.390571938827633858e-03 1.005824208259582520e+00 -5.029086023569107056e-03 9.999865889549255371e-01 1.290212851017713547e-03 4.657307639718055725e-03 1.397037412971258163e-03 -1.283205696381628513e-03 9.999982118606567383e-01 1.668012514710426331e-02 6.150985717773437500e+01
1.027501000000000000e+07 9.999797048299529090e-01 6.363989542885969269e-03 2.992756253265046584e-04 1.012799903946582925e+00 -6.363989803703732490e-03 9.999797496121469731e-01 -8.079823143285942981e-08 -4.121108941399307529e-03 -2.992700790781989851e-04 -1.823790408227498808e-06 9.999999552170464323e-01 1.052414680911521738e-02 9.999788403511047363e-01 6.297813728451728821e-03 1.653708401136100292e-03 1.007597446441650391e+00 -6.297239102423191071e-03 9.999800920486450195e-01 -3.646760596893727779e-04 1.263416372239589691e-03 -1.655979664064943790e-03 3.542501362971961498e-04 9.999985694885253906e-01 1.553986780345439911e-02 6.163798522949218750e+01
1.037888000000000000e+07 9.999833097325383502e-01 5.770978041701188034e-03 2.758057701550434781e-04 9.868401868243857900e-01 -5.770970883865736943e-03 9.999833474513390996e-01 -2.674124749875310717e-05 -3.905376310806885336e-03 -2.759555004380578381e-04 2.514913411207855170e-05 9.999999616080407217e-01 1.033423907951564955e-02 9.999720454216003418e-01 6.409969180822372437e-03 3.830301109701395035e-03 1.003117203712463379e+00 -6.405239924788475037e-03 9.999786615371704102e-01 -1.231578644365072250e-03 -4.825929645448923111e-03 -3.838108852505683899e-03 1.207012566737830639e-03 9.999918937683105469e-01 2.137680910527706146e-02 6.160326385498046875e+01
1.048276000000000000e+07 9.999828743557598321e-01 5.845605650119301520e-03 2.826501840868554183e-04 1.000090833058935313e+00 -5.845601299576301015e-03 9.999829141959608592e-01 -1.621565818114471415e-05 -3.804553706446073963e-03 -2.827401451207349481e-04 1.456312025929587313e-05 9.999999599229637548e-01 1.046043433131693505e-02 9.999817609786987305e-01 5.960017908364534378e-03 9.947509970515966415e-04 9.955888390541076660e-01 -5.962718278169631958e-03 9.999786019325256348e-01 2.706607105210423470e-03 2.726414008066058159e-03 -9.785955771803855896e-04 -2.712487010285258293e-03 9.999958276748657227e-01 2.227948047220706940e-02 6.159439849853515625e+01
1.058651000000000000e+07 9.999846082050507512e-01 5.542077070825417000e-03 2.621770246789637275e-04 9.734193496812892921e-01 -5.542066559566035007e-03 9.999846417998236037e-01 -4.080175649177582905e-05 -3.835311511921174824e-03 -2.623991245759768327e-04 3.934812605562202584e-05 9.999999647992139362e-01 1.025104658628713840e-02 9.999808073043823242e-01 5.837005097419023514e-03 -2.077908720821142197e-03 9.879391193389892578e-01 -5.841105710715055466e-03 9.999809265136718750e-01 -1.953070284798741341e-03 -2.628721995279192924e-03 2.066469285637140274e-03 1.965174684301018715e-03 9.999958872795104980e-01 2.166235446929931641e-02 6.144150543212890625e+01
1.069039000000000000e+07 9.999844358687637325e-01 5.572838403033971745e-03 2.673825254907792907e-04 9.802199930362754943e-01 -5.572829360246215301e-03 9.999844710694631988e-01 -3.455280075725214971e-05 -3.783628442357029730e-03 -2.675709304947455599e-04 3.306218583478174287e-05 9.999999636563450256e-01 1.030507200126103140e-02 9.999802112579345703e-01 5.656448192894458771e-03 -2.764643635600805283e-03 9.819975495338439941e-01 -5.656816996634006500e-03 9.999840855598449707e-01 -1.260264107258990407e-04 -1.535997958853840828e-03 2.763889729976654053e-03 1.416646846337243915e-04 9.999961853027343750e-01 1.978817768394947052e-02 6.125075149536132812e+01
1.079413000000000000e+07 9.999852861414741945e-01 5.417967647057710459e-03 2.704216771871509372e-04 1.002878749999563723e+00 -5.417963706555709372e-03 9.999853226102226600e-01 -1.530214095201722261e-05 -3.391949086873046956e-03 -2.705006146053766988e-04 1.383678100356294322e-05 9.999999633189807779e-01 1.055766443689814572e-02 9.999832510948181152e-01 5.698696710169315338e-03 -1.010615844279527664e-03 9.813482165336608887e-01 -5.696805194020271301e-03 9.999820590019226074e-01 1.859470969066023827e-03 2.372440416365861893e-03 1.021185889840126038e-03 -1.853688270784914494e-03 9.999977350234985352e-01 1.926209777593612671e-02 6.164169692993164062e+01
1.089801000000000000e+07 9.999911595721003854e-01 4.199450085325858763e-03 2.130652454502138314e-04 9.644984669297098634e-01 -4.199443307669684620e-03 9.999911817792025426e-01 -3.224765223857177792e-05 -2.672022517252102720e-03 -2.131987889984809166e-04 3.135261174513120290e-05 9.999999767816449836e-01 1.027097725020041305e-02 9.999895095825195312e-01 4.434683825820684433e-03 -1.159823150373995304e-03 9.761527180671691895e-01 -4.433338530361652374e-03 9.999894499778747559e-01 1.132042030803859234e-03 7.387062651105225086e-04 1.164833549410104752e-03 -1.126889721490442753e-03 9.999987483024597168e-01 1.825134269893169403e-02 6.154601669311523438e+01
1.100175000000000000e+07 9.999941460924661740e-01 3.416458277770521683e-03 1.886648025844820905e-04 9.628260101444511276e-01 -3.416456619123449563e-03 9.999941638539152633e-01 -9.113086795376789583e-06 -1.905996525470969333e-03 -1.886948359879704921e-04 8.468468377137961612e-06 9.999999821612729489e-01 1.035153359375802148e-02 9.999914169311523438e-01 3.879140364006161690e-03 1.430424861609935760e-03 9.742019176483154297e-01 -3.878294024616479874e-03 9.999923110008239746e-01 -5.728245014324784279e-04 -9.820128325372934341e-04 -1.432636985555291176e-03 5.672647384926676750e-04 9.999987483024597168e-01 1.533675380051136017e-02 6.230070495605468750e+01
1.110539000000000000e+07 9.999954784027463850e-01 3.001106182719856953e-03 1.911431525442894926e-04 9.746328649153541690e-01 -3.001107810668853914e-03 9.999954966319236638e-01 8.230658080006650275e-06 -1.363811224838752580e-03 -1.911175906773602477e-04 -8.804262074727522519e-06 9.999999816982755307e-01 1.059631620381093660e-02 9.999663233757019043e-01 2.950932364910840988e-03 7.662017829716205597e-03 9.794681072235107422e-01 -2.942616585642099380e-03 9.999950528144836426e-01 -1.103032729588449001e-03 -2.166571095585823059e-03 -7.665235083550214767e-03 1.080453512258827686e-03 9.999700784683227539e-01 1.381951570510864258e-02 6.167868804931640625e+01
1.120913000000000000e+07 9.999981490726459477e-01 1.916130117270220274e-03 1.740590467542861607e-04 9.691382184019965429e-01 -1.916127042360506270e-03 9.999981640678705652e-01 -1.783094182902058612e-05 -5.412605167159925896e-04 -1.740928935992998479e-04 1.749738956940561626e-05 9.999999846927523084e-01 1.071202687215933903e-02 9.999416470527648926e-01 2.432170556858181953e-03 1.052335742861032486e-02 9.767454266548156738e-01 -2.435793401673436165e-03 9.999970197677612305e-01 3.289732558187097311e-04 5.726443487219512463e-04 -1.052253041416406631e-02 -3.545789222698658705e-04 9.999445080757141113e-01 1.972005143761634827e-02 6.142256164550781250e+01
1.131289000000000000e+07 9.999990396716896823e-01 1.376411145110830597e-03 1.617036331574152439e-04 9.638540489296458791e-01 -1.376405598534080621e-03 9.999990521614421368e-01 -3.440715814183749316e-05 -1.698580728960828864e-04 -1.617508382842438881e-04 3.418455531449434277e-05 9.999999863340411910e-01 1.072726950110710134e-02 9.999849200248718262e-01 2.046438865363597870e-03 5.101603921502828598e-03 9.691765904426574707e-01 -2.049726434051990509e-03 9.999976158142089844e-01 6.441660225391387939e-04 1.880517811514437199e-03 -5.100273061543703079e-03 -6.546183140017092228e-04 9.999867677688598633e-01 2.044899389147758484e-02 6.150665664672851562e+01
1.141663000000000000e+07 9.999999649368628285e-01 2.277057856330203390e-04 1.351900497367644692e-04 9.482568822959875909e-01 -2.276956156352979565e-04 9.999999712469720414e-01 -7.523804027485338534e-05 5.654642276469248625e-04 -1.352071779863869762e-04 7.520725545575233614e-05 9.999999880314440759e-01 1.068927826675562971e-02 9.999657869338989258e-01 1.363763702102005482e-03 -8.167742751538753510e-03 9.520149230957031250e-01 -1.373463426716625690e-03 9.999983906745910645e-01 -1.181623782031238079e-03 -4.261733265593647957e-04 8.166122250258922577e-03 1.192799420095980167e-03 9.999660253524780273e-01 2.004845812916755676e-02 6.173446273803710938e+01
1.152039000000000000e+07 9.999997462153091821e-01 6.958974489638846328e-04 1.526304752826553892e-04 9.627734526914747404e-01 -6.958892007900594834e-04 9.999997564064022626e-01 -5.408660191574706622e-05 3.687368650866336634e-04 -1.526680768308287365e-04 5.398037429082855706e-05 9.999999868892888166e-01 1.084431032544786941e-02 9.999810457229614258e-01 1.313530723564326763e-03 -6.010489538311958313e-03 9.480012059211730957e-01 -1.323800184763967991e-03 9.999976158142089844e-01 -1.706085051409900188e-03 -3.766860114410519600e-03 6.008239462971687317e-03 1.714014098979532719e-03 9.999805092811584473e-01 1.692428998649120331e-02 6.170521545410156250e+01
1.162401000000000000e+07 9.999999764013167702e-01 1.692314917412581659e-04 1.362280031365117319e-04 9.514532964162669693e-01 -1.692211144878533863e-04 9.999999827801406838e-01 -7.618354931677972489e-05 6.526459290994776749e-04 -1.362408934462109320e-04 7.616049486473853178e-05 9.999999878189991254e-01 1.075547076494445635e-02 9.999978542327880859e-01 7.594330818392336369e-04 -1.871720771305263042e-03 9.510756731033325195e-01 -7.697437540628015995e-04 9.999845027923583984e-01 -5.528367590159177780e-03 -6.214689463376998901e-03 1.867489074356853962e-03 5.529791582375764847e-03 9.999829530715942383e-01 1.287718676030635834e-02 6.149859237670898438e+01
1.172780000000000000e+07 9.999998909264210534e-01 4.468578878092261948e-04 1.358866666697828478e-04 9.462359190574890500e-01 -4.468482187715676628e-04 9.999998976302381104e-01 -7.117720254633747641e-05 3.718309125004240403e-04 -1.359184588517130905e-04 7.111647407121784385e-05 9.999999882343104662e-01 1.060911153368822302e-02 9.999981522560119629e-01 -1.659856498008593917e-04 1.906261546537280083e-03 9.520072340965270996e-01 1.729097421048209071e-04 9.999933838844299316e-01 -3.628843231126666069e-03 -4.693541675806045532e-03 -1.905644894577562809e-03 3.629172220826148987e-03 9.999915361404418945e-01 1.915476471185684204e-02 6.124963378906250000e+01
1.183151000000000000e+07 9.999994357038606285e-01 -1.055799906644355572e-03 1.178070590601601833e-04 9.478458006041099448e-01 1.055813126428186127e-03 9.999994363336308645e-01 -1.122098403670832495e-04 1.560764018851381468e-03 -1.176885215157905291e-04 1.123341592884269570e-04 9.999999867652240582e-01 1.094304163760888987e-02 9.999957084655761719e-01 -7.008360116742551327e-04 2.871695440262556076e-03 9.508250951766967773e-01 6.986589869484305382e-04 9.999994635581970215e-01 7.747032213956117630e-04 2.644312102347612381e-03 -2.872238401323556900e-03 -7.726983749307692051e-04 9.999956488609313965e-01 1.772553101181983948e-02 6.136675262451171875e+01
1.193526000000000000e+07 9.999999642362942254e-01 -2.362028551063427757e-04 1.254417113149550243e-04 9.431792406691935637e-01 2.362140715346744229e-04 9.999999681045455002e-01 -8.940817487214573040e-05 8.774153272733002445e-04 -1.254205888481799082e-04 8.943780277135900841e-05 9.999999881352777953e-01 1.068652321487149372e-02 9.999899864196777344e-01 -9.261221857741475105e-04 4.371818155050277710e-03 9.495205879211425781e-01 9.220247156918048859e-04 9.999990463256835938e-01 9.231415460817515850e-04 3.024500329047441483e-03 -4.372672643512487411e-03 -9.190987329930067062e-04 9.999900460243225098e-01 1.493395306169986725e-02 6.178169631958007812e+01
1.203893000000000000e+07 9.999995584922274361e-01 -9.306020980180669620e-04 1.303651479664815047e-04 9.609314956592956980e-01 9.306146461703650088e-04 9.999995623483356466e-01 -9.622631706898350545e-05 1.621708178022410315e-03 -1.302755424980334023e-04 9.634759430222560007e-05 9.999999868727117436e-01 1.114375114204245280e-02 9.999815821647644043e-01 -1.071791513822972775e-03 5.971422884613275528e-03 9.495880603790283203e-01 1.054048188962042332e-03 9.999950528144836426e-01 2.963296370580792427e-03 6.809722166508436203e-03 -5.974569357931613922e-03 -2.956941723823547363e-03 9.999777674674987793e-01 2.037965878844261169e-02 6.134185409545898438e+01
1.214264000000000000e+07 9.999994508704445062e-01 -1.041396891326376627e-03 1.172662244858583132e-04 9.458742638074812970e-01 1.041410105116627417e-03 9.999994513842740407e-01 -1.126773584792767726e-04 1.539091474371737014e-03 -1.171488183055370845e-04 1.127994188311775734e-04 9.999999867762231487e-01 1.089635726094574479e-02 9.999965429306030273e-01 -7.641289848834276199e-04 2.513969317078590393e-03 9.411048293113708496e-01 7.428653188981115818e-04 9.999641180038452148e-01 8.448959328234195709e-03 1.601715572178363800e-02 -2.520331181585788727e-03 -8.447066880762577057e-03 9.999610781669616699e-01 2.010785602033138275e-02 6.132783889770507812e+01
1.224638000000000000e+07 9.999980723615704559e-01 -1.959553362282664534e-03 1.241926715430526312e-04 9.345808638272748992e-01 1.959569837865646636e-03 9.999980712393442550e-01 -1.326789279928469332e-04 2.248044221575215031e-03 -1.239324405694490244e-04 1.329220364455480487e-04 9.999999834862413062e-01 1.079057799739471107e-02 9.999982714653015137e-01 -1.840188051573932171e-03 3.352393105160444975e-04 9.404581785202026367e-01 1.837722724303603172e-03 9.999719262123107910e-01 7.258467376232147217e-03 1.594930887222290039e-02 -3.485890338197350502e-04 -7.257840596139431000e-03 9.999736547470092773e-01 1.425468735396862030e-02 6.138067245483398438e+01
1.235015000000000000e+07 9.999961900091024480e-01 -2.756647470615603869e-03 1.444369269913893408e-04 9.472661598837465169e-01 2.756668879776157620e-03 9.999961893941168301e-01 -1.482361526011817944e-04 2.924823056812450583e-03 -1.440277417853551409e-04 1.486337526032625454e-04 9.999999785820083975e-01 1.105054397090512834e-02 9.999955296516418457e-01 -2.356107346713542938e-03 1.818901859223842621e-03 9.379172921180725098e-01 2.360256155952811241e-03 9.999946951866149902e-01 -2.262891735881567001e-03 1.297717331908643246e-03 -1.813560840673744678e-03 2.267175121232867241e-03 9.999957680702209473e-01 1.580377109348773956e-02 6.101264190673828125e+01
1.245388000000000000e+07 9.999924728057638657e-01 -3.875538800508599065e-03 1.858252816292667049e-04 9.276767056986593429e-01 3.875567131802089109e-03 9.999924783570127707e-01 -1.523450755057637431e-04 3.880086690314719922e-03 -1.852334646751365105e-04 1.530641071182205269e-04 9.999999711299712990e-01 1.064886961001485118e-02 9.999934434890747070e-01 -3.635208588093519211e-03 -2.944170846603810787e-04 9.339267611503601074e-01 3.633943386375904083e-03 9.999843835830688477e-01 -4.237586632370948792e-03 -2.411217428743839264e-03 3.098167944699525833e-04 4.236484412103891373e-03 9.999909996986389160e-01 1.911431550979614258e-02 6.087958526611328125e+01
1.255763000000000000e+07 9.999737514715875131e-01 -7.241926905866903283e-03 2.255285400115590556e-04 9.529087697645450827e-01 7.241926436179468504e-03 9.999737769030144774e-01 2.899179171124542703e-06 5.799955585725981473e-03 -2.255436215982554039e-04 -1.265841994350852367e-06 9.999999745642361715e-01 1.091721875510848552e-02 9.999753236770629883e-01 -5.885366350412368774e-03 -3.832714864984154701e-03 9.302322268486022949e-01 5.875787232071161270e-03 9.999796152114868164e-01 -2.501369919627904892e-03 2.104075625538825989e-03 3.847358748316764832e-03 2.478791167959570885e-03 9.999895095825195312e-01 1.398845389485359192e-02 6.089705657958984375e+01
1.266139000000000000e+07 9.999558870927673926e-01 -9.389685130633590796e-03 2.401705995475984161e-04 9.276518927668464531e-01 9.389686220287808346e-03 9.999559159189519431e-01 -3.409815185230840910e-06 8.100273280217522645e-03 -2.401279947566016082e-04 5.664791331004005151e-06 9.999999711532278068e-01 1.023511821367143783e-02 9.999599456787109375e-01 -8.943195454776287079e-03 4.626990994438529015e-04 9.316275119781494141e-01 8.945696987211704254e-03 9.999426007270812988e-01 -5.891359876841306686e-03 -4.092057642992585897e-04 -4.099874349776655436e-04 5.895260255783796310e-03 9.999825358390808105e-01 9.095727466046810150e-03 6.089779281616210938e+01
1.276505000000000000e+07 9.999545187807061808e-01 -9.534384737663787607e-03 2.363907234163897580e-04 9.296550772987461908e-01 9.534385485739805405e-03 9.999545467130535048e-01 -2.037830687446396774e-06 8.207379494383411703e-03 -2.363605492201490625e-04 4.291578216025039444e-06 9.999999720576370210e-01 1.025982158501916042e-02 9.999538064002990723e-01 -9.364823810756206512e-03 2.180579816922545433e-03 9.344694018363952637e-01 9.379852563142776489e-03 9.999316334724426270e-01 -6.977635901421308517e-03 -2.508891979232430458e-03 -2.115085953846573830e-03 6.997769232839345932e-03 9.999733567237854004e-01 1.447038445621728897e-02 6.097750473022460938e+01
1.286876000000000000e+07 9.999290957016709891e-01 -1.190773091408425972e-02 9.757374109504462112e-05 9.240338219695358735e-01 1.190772335644940498e-02 9.999290975354929722e-01 7.767393078679438710e-05 1.088845560646111224e-02 -9.849174309838946528e-05 -7.650654231237598464e-05 9.999999922230631277e-01 1.053723264499300399e-02 9.999336600303649902e-01 -1.144489739090204239e-02 -1.303301542066037655e-03 9.280372262001037598e-01 1.144647598266601562e-02 9.999337792396545410e-01 1.210498157888650894e-03 1.043925154954195023e-02 1.289360574446618557e-03 -1.225329935550689697e-03 9.999983906745910645e-01 7.815472781658172607e-03 6.104643249511718750e+01
1.297240000000000000e+07 9.999101840683652931e-01 -1.340213274756382918e-02 8.147935747257497555e-05 9.151264890635701921e-01 1.340213278848708701e-02 9.999101873875566593e-01 4.374925362669420856e-08 1.210330489275928192e-02 -8.147262593210104036e-05 1.048251815542976706e-06 9.999999966805562801e-01 1.028746643152912005e-02 9.999198913574218750e-01 -1.260860823094844818e-02 1.060680835507810116e-03 9.305537939071655273e-01 1.260650437325239182e-02 9.999184608459472656e-01 2.034839941188693047e-03 1.619854755699634552e-02 -1.086253090761601925e-03 -2.021310152485966682e-03 9.999973177909851074e-01 6.013970356434583664e-03 6.100719833374023438e+01
1.307617000000000000e+07 9.999073781691991680e-01 -1.360984817976353470e-02 8.435096607064144288e-05 9.403526784323166243e-01 1.360984971363764229e-02 9.999073815506447360e-01 -1.763715513519216878e-05 1.193404943123197240e-02 -8.410311461093324288e-05 1.878352552247759854e-05 9.999999962869225989e-01 1.081414227732807078e-02 9.999032020568847656e-01 -1.333757955580949783e-02 3.955203574150800705e-03 9.297051429748535156e-01 1.333720050752162933e-02 9.999110698699951172e-01 1.147574803326278925e-04 9.995169006288051605e-03 -3.956373315304517746e-03 -6.199345807544887066e-05 9.999922513961791992e-01 7.516455370932817459e-03 6.110774230957031250e+01
1.317993000000000000e+07 9.999111969430414248e-01 -1.332633076851623584e-02 8.447231144608662642e-05 9.374674280609989196e-01 1.332633079282167544e-02 9.999112005107821943e-01 2.751388064853133743e-07 1.175206947827492354e-02 -8.446847693870644267e-05 8.505915957193567702e-07 9.999999964321764079e-01 1.077424716593468335e-02 9.999175071716308594e-01 -1.276878919452428818e-02 1.435088459402322769e-03 9.227586388587951660e-01 1.276853773742914200e-02 9.999184012413024902e-01 2.049717732006683946e-04 1.150374673306941986e-02 -1.437590573914349079e-03 -1.866266684373840690e-04 9.999989271163940430e-01 1.070684939622879028e-02 6.109673690795898438e+01
1.328368000000000000e+07 9.999006790593705229e-01 -1.409352442397574998e-02 6.764879489170921769e-05 9.286458728756249448e-01 1.409352878077571244e-02 9.999006792147724365e-01 -6.436444107747052315e-05 1.240130058297250239e-02 -6.673495409393532846e-05 6.531145862401221969e-05 9.999999956404294066e-01 1.068656928885204638e-02 9.999093413352966309e-01 -1.342855952680110931e-02 1.012878492474555969e-03 9.267916679382324219e-01 1.342941634356975555e-02 9.999095797538757324e-01 -8.453975897282361984e-04 1.190765947103500366e-02 -1.001438940875232220e-03 8.589266217313706875e-04 9.999991655349731445e-01 6.326552480459213257e-03 6.104127883911132812e+01
1.338743000000000000e+07 9.999080336656921419e-01 -1.356158793862675266e-02 8.681978083163761223e-05 9.101851513230415636e-01 1.356158780698596411e-02 9.999080374344461175e-01 2.104807979949210942e-06 1.230796132470236490e-02 -8.684034120100464005e-05 -9.272002907362869735e-07 9.999999962289476407e-01 1.007811217236176046e-02 9.999091625213623047e-01 -1.347467489540576935e-02 -2.146739861927926540e-04 9.202423691749572754e-01 1.347413472831249237e-02 9.999062418937683105e-01 -2.427797066047787666e-03 7.319502532482147217e-03 2.473686472512781620e-04 2.424679463729262352e-03 9.999969601631164551e-01 1.214268896728754044e-02 6.114486312866210938e+01
1.349113000000000000e+07 9.999014229563720768e-01 -1.404062086954142689e-02 7.303957054372859812e-05 9.195374907509720197e-01 1.404062460702787569e-02 9.999014242753938575e-01 -5.091210278370053311e-05 1.249809941243840497e-02 -7.231753307993195508e-05 5.193260521390527404e-05 9.999999960365894003e-01 1.043086201840835378e-02 9.999026656150817871e-01 -1.358391437679529190e-02 -3.208071226254105568e-03 9.159111976623535156e-01 1.358590088784694672e-02 9.999074935913085938e-01 6.321609253063797951e-04 1.175357680767774582e-02 3.199185943230986595e-03 -6.756910588592290878e-04 9.999946951866149902e-01 1.816385425627231598e-02 6.104838562011718750e+01
1.359489000000000000e+07 9.999151117836100333e-01 -1.302933643601993097e-02 7.496556760211783854e-05 9.224767690121086217e-01 1.302933611770096603e-02 9.999151145867127832e-01 4.733033100385735039e-06 1.170225793617896484e-02 -7.502087239922230360e-05 -3.755879750025495195e-06 9.999999971788809949e-01 1.058876462892657279e-02 9.998632669448852539e-01 -1.293544191867113113e-02 -1.029830519109964371e-02 9.073141217231750488e-01 1.289611682295799255e-02 9.999093413352966309e-01 -3.872363828122615814e-03 6.326213013380765915e-03 1.034746598452329636e-02 3.739032661542296410e-03 9.999395012855529785e-01 1.188745535910129547e-02 6.119446563720703125e+01
1.369876000000000000e+07 9.998977688323983370e-01 -1.429827855977987283e-02 1.054001939875092705e-04 8.921126519902771168e-01 1.429827818818692198e-02 9.998977743837277332e-01 4.278259763114474832e-06 1.321309134163078589e-02 -1.054505911388046020e-04 -2.770781059905655902e-06 9.999999944362476523e-01 9.359107114676567044e-03 9.998869299888610840e-01 -1.390351727604866028e-02 -5.736191757023334503e-03 9.100995063781738281e-01 1.389984320849180222e-02 9.999031424522399902e-01 -7.048592669889330864e-04 7.447215728461742401e-03 5.745441652834415436e-03 6.250446313060820103e-04 9.999833106994628906e-01 5.949888378381729126e-03 6.108067321777343750e+01
1.380249000000000000e+07 9.999100035787777951e-01 -1.341548015309729572e-02 9.815753526948355154e-05 9.007295740359968494e-01 1.341547675306273280e-02 9.999100078221618837e-01 3.521538706977879045e-05 1.238558677984587242e-02 -9.862113318658731823e-05 -3.389538767513447347e-05 9.999999945624873376e-01 9.722835378757961611e-03 9.999106526374816895e-01 -1.286897715181112289e-02 3.603883087635040283e-03 9.169988036155700684e-01 1.286353729665279388e-02 9.999160766601562500e-01 1.525043509900569916e-03 1.351046748459339142e-02 -3.623209660872817039e-03 -1.478546066209673882e-03 9.999923110008239746e-01 1.087057590484619141e-02 6.124121475219726562e+01
1.390626000000000000e+07 9.999137020172225165e-01 -1.313706113056841221e-02 7.837298356593062020e-05 9.184359049806615216e-01 1.313706048548205982e-02 9.999137050589269604e-01 8.740125811227444550e-06 1.184792779571122896e-02 -7.848103994146647157e-05 -7.709780926048290955e-06 9.999999968906427839e-01 1.042878534217490244e-02 9.999074339866638184e-01 -1.308777835220098495e-02 3.732323413714766502e-03 9.166904687881469727e-01 1.308421324938535690e-02 9.999139904975891113e-01 9.745400748215615749e-04 1.143009494990110397e-02 -3.744760528206825256e-03 -9.256243356503546238e-04 9.999925494194030762e-01 1.449692342430353165e-02 6.111119842529296875e+01
1.401003000000000000e+07 9.999332939323885006e-01 -1.154946235309400708e-02 1.326764900352056932e-04 8.810084231431717372e-01 1.154943351570325051e-02 9.999332797165915165e-01 2.160991891995350865e-04 1.151304009366018941e-02 -1.351634673064423418e-04 -2.145524357504682215e-04 9.999999678490437693e-01 9.081478746540921562e-03 9.999386072158813477e-01 -1.088459696620702744e-02 -2.062547951936721802e-03 9.078241586685180664e-01 1.089017558842897415e-02 9.999369382858276367e-01 2.727307844907045364e-03 1.193121261894702911e-02 2.032735152170062065e-03 -2.749595791101455688e-03 9.999940991401672363e-01 1.653801836073398590e-02 6.117168045043945312e+01
1.411380000000000000e+07 9.999647560589259854e-01 -8.390765643370838925e-03 2.858228543637850974e-04 8.974349526367968455e-01 8.390750839776020195e-03 9.999647956298871598e-01 5.295274361732005448e-05 7.699031092888905178e-03 -2.862571061950133886e-04 -5.055260909310155769e-05 9.999999577506522019e-01 9.388919223185411903e-03 9.999523758888244629e-01 -7.922518067061901093e-03 -5.706178024411201477e-03 9.010642170906066895e-01 7.945326156914234161e-03 9.999604821205139160e-01 3.972535021603107452e-03 1.405326183885335922e-02 5.674484185874462128e-03 -4.017679952085018158e-03 9.999758005142211914e-01 1.461845729500055313e-02 6.139567947387695312e+01
1.421764000000000000e+07 9.999802064032540239e-01 -6.285772266548638430e-03 2.754429479371711242e-04 8.971425596893601861e-01 6.285776049711201165e-03 9.999802442317955453e-01 -1.287129011115457434e-05 5.921346406489421191e-03 -2.753566003519385564e-04 1.460240802290778536e-05 9.999999619827555364e-01 9.616905937120062350e-03 9.999511241912841797e-01 -5.489946343004703522e-03 -8.224400691688060760e-03 9.014961719512939453e-01 5.535519681870937347e-03 9.999693036079406738e-01 5.543465260416269302e-03 1.504676230251789093e-02 8.193711750209331512e-03 -5.588727071881294250e-03 9.999508261680603027e-01 1.061116904020309448e-02 6.159017562866210938e+01
1.432153000000000000e+07 9.999911408955247660e-01 -4.203562269814511108e-03 2.195338695633632640e-04 8.949536623944395197e-01 4.203591004879146144e-03 9.999911563449979113e-01 -1.305942812689218804e-04 4.330633785895864410e-03 -2.189829669008938758e-04 1.315159548986057883e-04 9.999999673750071816e-01 9.847479557473025336e-03 9.999876022338867188e-01 -3.878713585436344147e-03 -3.100282745435833931e-03 9.049425125122070312e-01 3.887227736413478851e-03 9.999887943267822266e-01 2.701619872823357582e-03 1.022281683981418610e-02 3.089777659624814987e-03 -2.713636495172977448e-03 9.999915361404418945e-01 1.037915516644716263e-02 6.250825500488281250e+01
1.442539000000000000e+07 9.999885439662516973e-01 -4.781468433927203721e-03 2.224772350558746714e-04 9.042478150933085379e-01 4.781499490919584316e-03 9.999885588673016468e-01 -1.392744206849483790e-04 4.729477385917587109e-03 -2.218087534254108606e-04 1.403365999271044063e-04 9.999999655532575416e-01 1.015935459237182759e-02 9.999916553497314453e-01 -4.061357118189334869e-03 -3.857087285723537207e-04 9.061522483825683594e-01 4.062007647007703781e-03 9.999899864196777344e-01 1.892979140393435955e-03 8.876601234078407288e-03 3.780133847612887621e-04 -1.894530374556779861e-03 9.999982118606567383e-01 1.197453588247299194e-02 6.197983932495117188e+01
1.452926000000000000e+07 9.999826297894734983e-01 -5.887024119733797779e-03 2.882148822570812638e-04 8.893092073262709452e-01 5.887027347664524311e-03 9.999826712515086369e-01 -1.035264650289549944e-05 5.825554320616120607e-03 -2.881489415770108111e-04 1.204919549702641202e-05 9.999999584125031094e-01 9.334668623190524317e-03 9.999864697456359863e-01 -5.202501080930233002e-03 -1.674421800998970866e-04 9.027755260467529297e-01 5.202392581850290298e-03 9.999862909317016602e-01 -6.156735471449792385e-04 6.188387516885995865e-03 1.706415350781753659e-04 6.147962994873523712e-04 9.999998211860656738e-01 9.610351175069808960e-03 6.161814498901367188e+01
1.463312000000000000e+07 9.999771258879259772e-01 -6.757921313389917382e-03 2.796428552542598047e-04 8.990288172346384554e-01 6.757917875177088356e-03 9.999771649244931782e-01 1.323810045192445894e-05 6.213223287219526297e-03 -2.797259316303166567e-04 -1.134799417877643135e-05 9.999999608123120165e-01 9.631643180479865923e-03 9.999775290489196777e-01 -6.154113914817571640e-03 2.660263096913695335e-03 9.066069126129150391e-01 6.149198394268751144e-03 9.999794363975524902e-01 1.839386997744441032e-03 8.951884694397449493e-03 -2.671528374776244164e-03 -1.822988502681255341e-03 9.999947547912597656e-01 1.186291687190532684e-02 6.151359939575195312e+01
1.473691000000000000e+07 9.999811990165100584e-01 -6.126886748694953914e-03 2.507466795775887430e-04 9.048596126583959842e-01 6.126899529086155850e-03 9.999812291140437459e-01 -5.023295747017739844e-05 5.645234184129654942e-03 -2.504342012123004645e-04 5.176831268781703475e-05 9.999999673013771906e-01 9.998423301159303431e-03 9.999731779098510742e-01 -5.707496311515569687e-03 4.578880965709686279e-03 9.094395041465759277e-01 5.703533068299293518e-03 9.999833703041076660e-01 8.842272800393402576e-04 1.017953082919120789e-02 -4.583847709000110626e-03 -8.580851717852056026e-04 9.999890923500061035e-01 1.595712080597877502e-02 6.141891098022460938e+01
1.484076000000000000e+07 9.999762892449903795e-01 -6.881538141934162751e-03 2.557013262411667281e-04 9.088686797402876216e-01 6.881541088381282027e-03 9.999763218604117432e-01 -1.064497079036392417e-05 6.102245512298601175e-03 -2.556220179412182808e-04 1.240433747842810885e-05 9.999999672517594362e-01 1.007407492387421555e-02 9.999778270721435547e-01 -6.183750461786985397e-03 2.484839875251054764e-03 9.029946923255920410e-01 6.182020064443349838e-03 9.999806284904479980e-01 7.029809639789164066e-04 1.113076321780681610e-02 -2.489147940650582314e-03 -6.876065745018422604e-04 9.999966621398925781e-01 1.866163127124309540e-02 6.138835144042968750e+01
1.494451000000000000e+07 9.999746245230447528e-01 -7.117412603168811816e-03 3.045496618577956619e-04 8.929896823269005690e-01 7.117394208697029254e-03 9.999746691428954559e-01 6.144017285560822591e-05 6.639548886386568635e-03 -3.049792423918983638e-04 -5.927101389624091069e-05 9.999999517373057145e-01 9.326406143867323195e-03 9.999799728393554688e-01 -6.281906273216009140e-03 -7.575523923151195049e-04 8.992011547088623047e-01 6.287378724664449692e-03 9.999524354934692383e-01 7.459276821464300156e-03 2.179354056715965271e-02 7.106592529453337193e-04 -7.463886868208646774e-03 9.999718666076660156e-01 1.637107320129871368e-02 6.146201705932617188e+01
1.504826000000000000e+07 9.999744268040414719e-01 -7.143297134605207897e-03 3.450258599167088007e-04 8.684228720841777882e-01 7.143242536542536263e-03 9.999744740416006694e-01 1.592173327267045499e-04 7.205631717974947392e-03 -3.461543895425713696e-04 -1.567486575772828383e-04 9.999999278034942263e-01 8.449691577119134225e-03 9.999732375144958496e-01 -6.610663142055273056e-03 -3.165868110954761505e-03 8.960045576095581055e-01 6.635034456849098206e-03 9.999480247497558594e-01 7.742495276033878326e-03 2.340449951589107513e-02 3.114524064585566521e-03 -7.763297762721776962e-03 9.999650716781616211e-01 1.545580010861158371e-02 6.133248138427734375e+01
1.515201000000000000e+07 9.999699228546126140e-01 -7.749252135675432571e-03 3.201229839857754511e-04 8.848682952675482882e-01 7.749220260031464483e-03 9.999699692727628264e-01 1.006937753999492520e-04 7.386379810718454383e-03 -3.208936718978509339e-04 -9.821004335691367756e-05 9.999999436910189665e-01 8.936709951986426467e-03 9.999709725379943848e-01 -7.086506579071283340e-03 -2.763424301519989967e-03 8.922395706176757812e-01 7.083070464432239532e-03 9.999741315841674805e-01 -1.260468503460288048e-03 1.103854365646839142e-02 2.772286999970674515e-03 1.240852405317127705e-03 9.999953508377075195e-01 1.477317977696657181e-02 6.143638229370117188e+01
1.525576000000000000e+07 9.999709149047726342e-01 -7.620087389606727303e-03 3.218893324131760943e-04 8.875639302656610496e-01 7.620059369767566600e-03 9.999709630377611180e-01 8.818497212410251074e-05 7.194861234312724049e-03 -3.225519629181874829e-04 -8.572959143465653099e-05 9.999999443053326775e-01 9.026756267055485727e-03 9.999670386314392090e-01 -7.451626472175121307e-03 -3.233151743188500404e-03 8.945818543434143066e-01 7.441314402967691422e-03 9.999673366546630859e-01 -3.168032271787524223e-03 5.162862595170736313e-03 3.256652969866991043e-03 3.143866779282689095e-03 9.999898076057434082e-01 1.092796400189399719e-02 6.125587081909179688e+01
1.535953000000000000e+07 9.999740032158410674e-01 -7.203721699827993034e-03 3.150975622218857145e-04 8.897378407759612973e-01 7.203697427762200019e-03 9.999740499855269693e-01 7.809755992151115535e-05 6.773370883492311340e-03 -3.156519785193125246e-04 -7.582566215149491649e-05 9.999999473071476963e-01 9.178044812708997108e-03 9.999745488166809082e-01 -7.005615625530481339e-03 1.391441328451037407e-03 8.981763720512390137e-01 7.004856597632169724e-03 9.999752640724182129e-01 5.975408130325376987e-04 1.233020238578319550e-02 -1.395598170347511768e-03 -5.877696676179766655e-04 9.999987483024597168e-01 9.260090999305248260e-03 6.159193420410156250e+01
1.546328000000000000e+07 9.999689412164508573e-01 -7.875111621074244728e-03 3.149945401524520904e-04 8.851347727804379506e-01 7.875080452471084486e-03 9.999689860672851260e-01 1.000678979843404808e-04 7.522465730003861061e-03 -3.157728167722967405e-04 -9.758418273751459312e-05 9.999999453824280904e-01 8.948065697437850366e-03 9.999603629112243652e-01 -7.255217991769313812e-03 5.161754786968231201e-03 9.020768404006958008e-01 7.251923903822898865e-03 9.999734759330749512e-01 6.443371530622243881e-04 8.304174058139324188e-03 -5.166290793567895889e-03 -6.068843649700284004e-04 9.999865293502807617e-01 1.482598949223756790e-02 6.173977661132812500e+01
1.556714000000000000e+07 9.999665512309036108e-01 -8.173504009543848189e-03 3.004233180005388450e-04 8.814817345906336143e-01 8.173467988362286343e-03 9.999665893411319173e-01 1.209342618215436440e-04 7.943844125167756620e-03 -3.014017372955347072e-04 -1.184747164419820795e-04 9.999999475603678079e-01 8.853140566508061610e-03 9.999678134918212891e-01 -7.478444371372461319e-03 2.898016246035695076e-03 9.027330279350280762e-01 7.475297432392835617e-03 9.999715089797973633e-01 1.112817553803324699e-03 1.042794249951839447e-02 -2.906260080635547638e-03 -1.091114827431738377e-03 9.999951720237731934e-01 1.955238543450832367e-02 6.167558288574218750e+01
1.567089000000000000e+07 9.999744896767154279e-01 -7.134518637054567368e-03 3.444412209556971163e-04 8.788137716705600733e-01 7.134480697419954588e-03 9.999745430801624257e-01 1.112517097978694291e-04 6.960422974370079376e-03 -3.452261799378779838e-04 -1.087914624954579426e-04 9.999999344916492561e-01 8.726634910585895355e-03 9.999703168869018555e-01 -6.751726381480693817e-03 -3.716783598065376282e-03 8.931940793991088867e-01 6.756758783012628555e-03 9.999762177467346191e-01 1.335855340585112572e-03 1.023511774837970734e-02 3.707678290084004402e-03 -1.360925845801830292e-03 9.999921917915344238e-01 1.469659898430109024e-02 6.130764770507812500e+01
1.577464000000000000e+07 9.999769924935892895e-01 -6.777822710510012991e-03 2.749596069761605440e-04 9.015134352421059205e-01 6.777821102841974366e-03 9.999770302837743818e-01 6.778327356755514948e-06 6.180100132664910310e-03 -2.749992335331087590e-04 -4.914544377935989680e-06 9.999999621756336943e-01 9.742052102435743224e-03 9.999746680259704590e-01 -6.545042153447866440e-03 -2.806308912113308907e-03 8.946751356124877930e-01 6.544539704918861389e-03 9.999786019325256348e-01 -1.849235704867169261e-04 1.167375035583972931e-02 2.807471668347716331e-03 1.665440504439175129e-04 9.999960660934448242e-01 1.536603365093469620e-02 6.165913772583007812e+01
1.587839000000000000e+07 9.999680448813053069e-01 -7.988353308893832508e-03 3.089144256886127544e-04 8.814268568393164305e-01 7.988316873399596216e-03 9.999680858070614242e-01 1.190014338497146526e-04 7.748073822857071830e-03 -3.098551924252580130e-04 -1.165299248430194776e-04 9.999999452052670268e-01 8.843283622886893500e-03 9.999731183052062988e-01 -7.020655088126659393e-03 -2.099705394357442856e-03 8.950293064117431641e-01 7.022728677839040756e-03 9.999748468399047852e-01 9.805435547605156898e-04 1.127602998167276382e-02 2.092755632475018501e-03 -9.952572872862219810e-04 9.999973177909851074e-01 1.391806639730930328e-02 6.157148742675781250e+01
1.598216000000000000e+07 9.999727990926898791e-01 -7.368984295268506991e-03 3.148743422836694874e-04 8.912592568152833961e-01 7.368959278084824711e-03 9.999728456080646533e-01 8.053776112458287974e-05 6.876363340282375981e-03 -3.154592735521267815e-04 -7.821527424677509244e-05 9.999999471839080556e-01 9.210167783380242626e-03 9.999737143516540527e-01 -7.132335565984249115e-03 1.295635476708412170e-03 8.991315364837646484e-01 7.131580263376235962e-03 9.999743700027465820e-01 5.447833100333809853e-04 1.203083526343107224e-02 -1.299485214985907078e-03 -5.355309695005416870e-04 9.999989867210388184e-01 1.456039771437644958e-02 6.172652816772460938e+01
1.608605000000000000e+07 9.999624032272625973e-01 -8.666874964763444239e-03 2.782309918526539071e-04 8.757237581678045668e-01 8.666831717109278049e-03 9.999624300993085191e-01 1.562691698065618280e-04 8.628439639987130899e-03 -2.795749040584786767e-04 -1.538519134753807741e-04 9.999999490837310212e-01 8.695861631651478560e-03 9.999665021896362305e-01 -8.153526112437248230e-03 7.329851505346596241e-04 8.974484205245971680e-01 8.156130090355873108e-03 9.999603033065795898e-01 -3.603903809562325478e-03 4.590410273522138596e-03 -7.035659509710967541e-04 3.609767183661460876e-03 9.999932050704956055e-01 1.435155700892210007e-02 6.186297607421875000e+01
1.618976000000000000e+07 9.999612308313809983e-01 -8.801284611475012482e-03 2.724421892155593091e-04 8.810283283799543730e-01 8.801248020399572020e-03 9.999612591251473281e-01 1.352164988763397756e-04 8.621048632048362512e-03 -2.736217134367520463e-04 -1.328134254090216661e-04 9.999999537458756915e-01 8.879945098378864282e-03 9.999682307243347168e-01 -7.974246516823768616e-03 1.272989611607044935e-04 8.962876200675964355e-01 7.974640466272830963e-03 9.999604821205139160e-01 -3.923217300325632095e-03 1.574551220983266830e-03 -9.601794590707868338e-05 3.924099728465080261e-03 9.999922513961791992e-01 1.429716497659683228e-02 6.169193649291992188e+01
1.629351000000000000e+07 9.999718704309772388e-01 -7.494258126887537105e-03 3.073139595976426969e-04 8.930162399065482148e-01 7.494235798163989895e-03 9.999719151013425344e-01 7.374499588406059191e-05 6.948896958374633538e-03 -3.078579927512491848e-04 -7.143983819056086860e-05 9.999999500599016100e-01 9.277750232217628346e-03 9.999766945838928223e-01 -6.840382702648639679e-03 1.370136305922642350e-05 8.956680297851562500e-01 6.840437650680541992e-03 9.999747276306152344e-01 -1.922538736835122108e-03 6.559928413480520248e-03 -5.553122832679946441e-07 1.922587980516254902e-03 9.999981522560119629e-01 1.372356060892343521e-02 6.189673614501953125e+01
1.639726000000000000e+07 9.999716933720895762e-01 -7.516808414705861488e-03 3.317341372156735893e-04 8.799239678344765725e-01 7.516769587759684207e-03 9.999717417112130580e-01 1.181343727832872756e-04 7.296057064594887488e-03 -3.326127563972483634e-04 -1.156374597998105079e-04 9.999999379983660619e-01 8.764126805181226068e-03 9.999754428863525391e-01 -6.980263628065586090e-03 -5.753205041401088238e-04 8.952921032905578613e-01 6.983340717852115631e-03 9.999606609344482422e-01 5.480735097080469131e-03 1.656025461852550507e-02 5.370509461499750614e-04 -5.484616383910179138e-03 9.999848604202270508e-01 1.437055692076683044e-02 6.175036621093750000e+01
1.650103000000000000e+07 9.999776529366701805e-01 -6.677600853862176826e-03 3.213648634847817050e-04 8.841523388222660707e-01 6.677581173126838528e-03 9.999777027677909658e-01 6.227516041505112496e-05 6.500287887183767849e-03 -3.217735465905397808e-04 -6.012782884703613933e-05 9.999999464232145474e-01 9.014281589362162228e-03 9.999810457229614258e-01 -6.107503548264503479e-03 7.719656568951904774e-04 8.963270783424377441e-01 6.104628555476665497e-03 9.999743700027465820e-01 3.726130584254860878e-03 1.622596383094787598e-02 -7.947034901008009911e-04 -3.721351735293865204e-03 9.999927282333374023e-01 1.341284066438674927e-02 6.154038238525390625e+01
1.660476000000000000e+07 9.999861851862277273e-01 -5.250631931472677164e-03 2.455623912087008553e-04 8.989752742850054545e-01 5.250654406618282879e-03 9.999862110812278715e-01 -9.097024095554635977e-05 5.175774334795797162e-03 -2.450813539146370922e-04 9.225834747606107748e-05 9.999999657117628615e-01 9.852387487494784768e-03 9.999877214431762695e-01 -4.857978783547878265e-03 9.704809053801000118e-04 8.962641954421997070e-01 4.860084969550371170e-03 9.999856352806091309e-01 -2.259571570903062820e-03 4.808327648788690567e-03 -9.594961884431540966e-04 2.264257986098527908e-03 9.999970197677612305e-01 1.392526458948850632e-02 6.153513717651367188e+01
1.670864000000000000e+07 9.999866416845918371e-01 -5.160943968906641852e-03 2.847978690821234234e-04 8.820618593427089760e-01 5.160956285382054323e-03 9.999866812721350806e-01 -4.252841455606024603e-05 5.336525293806649098e-03 -2.845745891730727998e-04 4.399767579483315159e-05 9.999999585407531866e-01 9.171035701149641076e-03 9.999881982803344727e-01 -4.847701173275709152e-03 2.577278646640479565e-04 8.953346014022827148e-01 4.848064389079809189e-03 9.999867677688598633e-01 -1.737537793815135956e-03 4.372919909656047821e-03 -2.492980565875768661e-04 1.738777267746627331e-03 9.999984502792358398e-01 1.479471288621425629e-02 6.140716934204101562e+01
1.681239000000000000e+07 9.999854313323625066e-01 -5.391281430972760455e-03 2.668481846739204468e-04 8.925527316519118459e-01 5.391297440295117829e-03 9.999854650916105703e-01 -5.931119130724203594e-05 5.397394463187363267e-03 -2.665245427400218413e-04 6.074898513780529748e-05 9.999999626371142147e-01 9.553966207843898883e-03 9.999860525131225586e-01 -4.709057509899139404e-03 -2.403346588835120201e-03 8.921899795532226562e-01 4.707052372395992279e-03 9.999885559082031250e-01 -8.771264110691845417e-04 4.882152657955884933e-03 2.407441614195704460e-03 8.657957077957689762e-04 9.999967217445373535e-01 1.614053919911384583e-02 6.143174362182617188e+01
1.691616000000000000e+07 9.999806955040160261e-01 -6.205765637552858836e-03 3.115959302323300360e-04 8.828489093604271476e-01 6.205755791980530935e-03 9.999807435821675972e-01 3.255416065473814321e-05 6.169758378533773784e-03 -3.117919535031258584e-04 -3.061984395763965344e-05 9.999999509241001006e-01 9.028551601103156077e-03 9.999787211418151855e-01 -5.855373572558164597e-03 2.859545638784766197e-03 8.989062905311584473e-01 5.872231442481279373e-03 9.999652504920959473e-01 -5.914182402193546295e-03 -2.810812788084149361e-03 -2.824806142598390579e-03 5.930851213634014130e-03 9.999784231185913086e-01 9.675047360360622406e-03 6.137929534912109375e+01
1.702001000000000000e+07 9.999822228653345579e-01 -5.955950484396909522e-03 2.839144235918592538e-04 8.915362551195991081e-01 5.955954499725045481e-03 9.999822630573965698e-01 -1.329934142225802360e-05 5.848150147823390557e-03 -2.838301775996733014e-04 1.499008637404715493e-05 9.999999596078632536e-01 9.410771380172383224e-03 9.999822974205017090e-01 -5.282708909362554550e-03 2.746796933934092522e-03 8.963710665702819824e-01 5.302628967911005020e-03 9.999590516090393066e-01 -7.324781734496355057e-03 -7.407153956592082977e-03 -2.707997336983680725e-03 7.339217700064182281e-03 9.999694228172302246e-01 1.171465218067169189e-02 6.142214584350585938e+01
1.712376000000000000e+07 9.999835859013747053e-01 -5.723702513927465471e-03 2.591500324773067434e-04 8.986053111613649946e-01 5.723717066726859842e-03 9.999836178606699155e-01 -5.544909834429018062e-05 5.510644058365602588e-03 -2.588284129152931129e-04 5.693148959876623370e-05 9.999999648833299837e-01 9.756728209636342242e-03 9.999859333038330078e-01 -5.025689955800771713e-03 1.729030511341989040e-03 8.927174210548400879e-01 5.030388478189706802e-03 9.999838471412658691e-01 -2.656064229086041451e-03 3.337615053169429302e-04 -1.715646707452833652e-03 2.664723666384816170e-03 9.999949932098388672e-01 1.834807731211185455e-02 6.113139343261718750e+01
1.722752000000000000e+07 9.999904604435243538e-01 -4.360487748811210651e-03 2.552814132739291818e-04 8.806289957028025084e-01 4.360508737394179490e-03 9.999904895976109431e-01 -8.171866688788938606e-05 4.594453318870587999e-03 -2.549226522002665408e-04 8.283104415767326609e-05 9.999999640767291975e-01 9.190347428709154734e-03 9.999874830245971680e-01 -4.333596210926771164e-03 -2.460235729813575745e-03 8.917217850685119629e-01 4.336817655712366104e-03 9.999896883964538574e-01 1.312483684159815311e-03 7.070065476000308990e-03 2.454518107697367668e-03 -1.323136268183588982e-03 9.999961256980895996e-01 1.428579911589622498e-02 6.126319885253906250e+01
1.733141000000000000e+07 9.999895746517587503e-01 -4.561099701649007007e-03 2.166950491204941692e-04 9.066076557589382023e-01 4.561132020140854990e-03 9.999895868997210613e-01 -1.488833731956934687e-04 4.562590185533867831e-03 -2.160137207257932079e-04 1.498701957884239662e-04 9.999999654384968961e-01 1.021841954859809172e-02 9.999907612800598145e-01 -3.729006275534629822e-03 -2.182183088734745979e-03 8.873990774154663086e-01 3.731642151251435280e-03 9.999923706054687500e-01 1.220329897478222847e-03 5.803015548735857010e-03 2.177617745473980904e-03 -1.228459528647363186e-03 9.999968409538269043e-01 1.052356511354446411e-02 6.110224151611328125e+01
1.743514000000000000e+07 9.999974501347995703e-01 -2.252896858745562399e-03 1.554984687773011914e-04 8.787611637562118272e-01 2.252912180392996691e-03 9.999974573461768435e-01 -9.842773623710464543e-05 2.354389313483457209e-03 -1.552763258664445684e-04 9.877780964500108753e-05 9.999999830661037148e-01 9.358451854005743129e-03 9.999978542327880859e-01 -1.997450599446892738e-03 5.307699902914464474e-04 8.903391957283020020e-01 1.996081788092851639e-03 9.999945163726806641e-01 2.650531008839607239e-03 6.943950895220041275e-03 -5.360624636523425579e-04 -2.649468136951327324e-03 9.999963045120239258e-01 1.491311937570571899e-02 6.105523300170898438e+01
1.753904000000000000e+07 9.999995431468146068e-01 -9.518540349349664028e-04 8.763590848888759067e-05 8.822670857580736659e-01 9.518647740326196486e-04 9.999995394634243473e-01 -1.225821574191187692e-04 9.167190659499505545e-04 -8.751918780746847026e-05 1.226655189518201748e-04 9.999999886467809684e-01 9.681781130061994575e-03 9.999987483024597168e-01 -9.270966984331607819e-04 1.273753005079925060e-03 8.896912336349487305e-01 9.263927931897342205e-04 9.999994635581970215e-01 5.453842459246516228e-04 4.373854957520961761e-03 -1.274254289455711842e-03 -5.442021065391600132e-04 9.999990463256835938e-01 1.283359527587890625e-02 6.128400039672851562e+01
1.764289000000000000e+07 9.999993388781696080e-01 -1.146023122116768224e-03 9.420295556131271105e-05 8.835631809780168933e-01 1.146035035260629378e-03 9.999993352997319507e-01 -1.265059743797333205e-04 1.119470192025839254e-03 -9.405791416951277801e-05 1.266138506338582484e-04 9.999999875610204869e-01 9.713335585521322424e-03 9.999927282333374023e-01 -1.162527129054069519e-03 3.640836337581276894e-03 8.888800740242004395e-01 1.169875962659716606e-03 9.999971985816955566e-01 -2.053299220278859138e-03 -2.688970183953642845e-03 -3.638443304225802422e-03 2.057546749711036682e-03 9.999912381172180176e-01 1.157312840223312378e-02 6.189644622802734375e+01
1.774664000000000000e+07 9.999996374604926963e-01 -8.479114605325068985e-04 7.826238146019836640e-05 8.884478054404525427e-01 8.479222200598903175e-04 9.999996310539279731e-01 -1.375495470170266126e-04 7.955159655929586746e-04 -7.814572274217850131e-05 1.376158575655922717e-04 9.999999874775601372e-01 9.909164398000842172e-03 9.999825358390808105e-01 -1.186588662676513195e-03 5.787562113255262375e-03 8.939906954765319824e-01 1.181339262984693050e-03 9.999988675117492676e-01 9.373638313263654709e-04 -2.010576572502031922e-04 -5.788665264844894409e-03 -9.305159328505396843e-04 9.999828934669494629e-01 1.624823734164237976e-02 6.196102523803710938e+01
1.785054000000000000e+07 9.999995277189714926e-01 -9.678699551748719222e-04 8.825862725513718891e-05 8.829491460970840810e-01 9.678808750208457755e-04 9.999995239440736539e-01 -1.237668745085103190e-04 9.160590305685564674e-04 -8.813879499999819429e-05 1.238522398930067242e-04 9.999999884460877286e-01 9.711338842451825229e-03 9.999954700469970703e-01 -8.420557132922112942e-04 2.895352663472294807e-03 8.844228386878967285e-01 8.407233399339020252e-04 9.999995231628417969e-01 4.327144997660070658e-04 -4.718933778349310160e-04 -2.895713783800601959e-03 -4.302747256588190794e-04 9.999956488609313965e-01 1.788069680333137512e-02 6.131331253051757812e+01
1.795427000000000000e+07 9.999993043925504699e-01 -1.174270692700803229e-03 1.109177369059367250e-04 8.709127535473066839e-01 1.174280041196045041e-03 9.999993069834393067e-01 -8.425565215849102738e-05 1.287198737078932209e-03 -1.108187210942873310e-04 8.438584203534258788e-05 9.999999902991202338e-01 9.365042426170224615e-03 9.999852776527404785e-01 -1.417405204847455025e-03 -5.239698104560375214e-03 8.732774853706359863e-01 1.414662809111177921e-03 9.999989271163940430e-01 -5.214515258558094501e-04 -2.728384453803300858e-03 5.240429658442735672e-03 5.140323773957788944e-04 9.999861121177673340e-01 1.614353246986865997e-02 6.170358276367187500e+01
1.805814000000000000e+07 9.999998429706272729e-01 -5.532344296001936307e-04 8.938899730051673832e-05 8.577255016668622334e-01 5.532381399175976405e-04 9.999998461031381902e-01 -4.148814722294735433e-05 9.218799104132626961e-04 -8.936603087281070766e-05 4.153759410972890733e-05 9.999999951441704837e-01 9.360776828169483851e-03 9.999905824661254883e-01 -3.269680382800288498e-05 -4.336505662649869919e-03 8.713409900665283203e-01 3.173277582391165197e-05 9.999999403953552246e-01 -2.312860160600394011e-04 -3.167849266901612282e-03 4.336510319262742996e-03 2.311434072908014059e-04 9.999905824661254883e-01 1.214032340794801712e-02 6.142521667480468750e+01
1.816189000000000000e+07 9.999999919497090106e-01 8.907472543883895866e-05 9.036744587767330829e-05 8.614090355284751421e-01 -8.907043196726763257e-05 9.999999949044305891e-01 -4.751417621435801222e-05 3.390182891370220088e-04 -9.037167772938104447e-05 4.750612676445191071e-05 9.999999947880638951e-01 9.414021134804021959e-03 9.999998211860656738e-01 9.186953684547916055e-05 5.541170248761773109e-04 8.732681870460510254e-01 -9.352334018331021070e-05 9.999956488609313965e-01 2.953976625576615334e-03 1.578485243953764439e-03 -5.538376863114535809e-04 -2.954027382656931877e-03 9.999955296516418457e-01 1.047391258180141449e-02 6.207238388061523438e+01
1.826577000000000000e+07 9.999998153581520777e-01 -6.010931444938262189e-04 8.927868734145803656e-05 8.661276983252064188e-01 6.010995234334544704e-04 9.999998167878155764e-01 -7.144010643481738768e-05 8.021246607232024751e-04 -8.923572882519459478e-05 7.149375862177194299e-05 9.999999934628134302e-01 9.401037611158040083e-03 9.999998211860656738e-01 -6.915348349139094353e-04 1.755906414473429322e-04 8.729640245437622070e-01 6.913010147400200367e-04 9.999985694885253906e-01 1.535678398795425892e-03 9.514840785413980484e-04 -1.766611530911177397e-04 -1.535557908937335014e-03 9.999987483024597168e-01 1.844357326626777649e-02 6.613609313964843750e+01
1.836958000000000000e+07 9.999998717685859573e-01 -4.991126284734730394e-04 8.572862404843215479e-05 8.503983990288958017e-01 4.991138315959449141e-04 9.999998753444986344e-01 -1.401326048670855933e-05 9.887537161619201157e-04 -8.572161916664447056e-05 1.405604703159949160e-05 9.999999962271157727e-01 9.321153597117735889e-03 9.999990463256835938e-01 -3.713740152306854725e-04 1.286339247599244118e-03 8.696155548095703125e-01 3.748387389350682497e-04 9.999963045120239258e-01 -2.707922132685780525e-03 -6.289092358201742172e-03 -1.285328879021108150e-03 2.708401763811707497e-03 9.999955296516418457e-01 1.686302945017814636e-02 6.253356933593750000e+01
1.847338000000000000e+07 9.999991623116197825e-01 -1.288904481005297663e-03 1.187489005246289691e-04 8.607068365276322464e-01 1.288910495734778196e-03 9.999991680749386047e-01 -5.058822491553466695e-05 1.597405683710425390e-03 -1.186835983448100208e-04 5.074123924226482771e-05 9.999999916697650537e-01 9.218558689955967320e-03 9.999943375587463379e-01 -1.070442143827676773e-03 -3.214912023395299911e-03 8.620750308036804199e-01 1.069567864760756493e-03 9.999994039535522461e-01 -2.568174677435308695e-04 -3.084279596805572510e-03 3.215179312974214554e-03 2.533782098907977343e-04 9.999948143959045410e-01 1.201952435076236725e-02 6.197929763793945312e+01
1.857716000000000000e+07 9.999999008611170082e-01 -4.366323916017047341e-04 8.734934885195479008e-05 8.530402982639339049e-01 4.366343858876296107e-04 9.999999044149758820e-01 -2.281338102443620816e-05 9.162747164219889155e-04 -8.733937944144919304e-05 2.285151849241450175e-05 9.999999959248203618e-01 9.338646243524454868e-03 9.999948740005493164e-01 1.192967320093885064e-04 -3.205729648470878601e-03 8.577710390090942383e-01 -9.294999472331255674e-05 9.999663233757019043e-01 8.205509744584560394e-03 1.777070946991443634e-02 3.206614404916763306e-03 -8.205180056393146515e-03 9.999611973762512207e-01 1.781324669718742371e-02 6.587503814697265625e+01
1.868099000000000000e+07 9.999995683411776470e-01 -9.238944155619598173e-04 9.867394662112046106e-05 8.417310822964556571e-01 9.238927751167665039e-04 9.999995730720382392e-01 1.666919506300712438e-05 1.521151308495758770e-03 -9.868930507103004595e-05 -1.657802371917331956e-05 9.999999949927950160e-01 9.184919926538663223e-03 9.999979138374328613e-01 -3.437520063016563654e-04 -1.992013305425643921e-03 8.522274494171142578e-01 3.569954133126884699e-04 9.999780654907226562e-01 6.624843925237655640e-03 1.509619690477848053e-02 1.989692915230989456e-03 -6.625531706959009171e-03 9.999760985374450684e-01 1.492515578866004944e-02 6.898118591308593750e+01
1.878486000000000000e+07 9.999998842117547859e-01 -4.734611292920360608e-04 8.608745219998920940e-05 8.488064787576137249e-01 4.734618551478435950e-04 9.999998878815600234e-01 -8.411426252576737525e-06 9.851139736387795436e-04 -8.608346006485705592e-05 8.452184401095629810e-06 9.999999962590994107e-01 9.312526565959810057e-03 9.999936819076538086e-01 -4.177103401161730289e-04 -3.538945456966757774e-03 8.495890498161315918e-01 4.092784656677395105e-04 9.999970197677612305e-01 -2.388125052675604820e-03 3.679170273244380951e-03 3.539930097758769989e-03 2.386652631685137749e-03 9.999909400939941406e-01 1.280102599412202835e-02 6.164454269409179688e+01
1.888852000000000000e+07 9.999998310059492468e-01 -5.758603860929647610e-04 7.983030189976827301e-05 8.380175563458315269e-01 5.758581415258572783e-04 9.999998337978392993e-01 2.813686452613677145e-05 1.206796388182004550e-03 -7.984649153802785796e-05 -2.809088884029777445e-05 9.999999964177197498e-01 9.248462010325336768e-03 9.999998807907104492e-01 -3.284477279521524906e-04 -5.940377013757824898e-05 8.452917337417602539e-01 3.282524994574487209e-04 9.999987483024597168e-01 -1.590127125382423401e-03 1.218555029481649399e-03 5.992764636175706983e-05 1.590118394233286381e-03 9.999986886978149414e-01 1.308891363441944122e-02 6.184681701660156250e+01
1.899237000000000000e+07 9.999975211175816669e-01 -2.221037520403670602e-03 1.573244108933852616e-04 8.284996473633221559e-01 2.221026251787922619e-03 9.999975309430007009e-01 7.176515233957640706e-05 3.069596441449228691e-03 -1.574834155481960964e-04 -7.141555279172399613e-05 9.999999850493960230e-01 8.769370499344621497e-03 9.999966621398925781e-01 -1.748150447383522987e-03 -1.924458076246082783e-03 8.366791009902954102e-01 1.749271177686750889e-03 9.999982714653015137e-01 5.865632556378841400e-04 4.161916673183441162e-03 1.923424308188259602e-03 -5.899310926906764507e-04 9.999979734420776367e-01 1.295913942158222198e-02 6.263631820678710938e+01
1.909604000000000000e+07 9.999983105957485074e-01 -1.832708676319845130e-03 1.413668738497109363e-04 8.349852564817334954e-01 1.832702104861837602e-03 9.999983195142919667e-01 4.660067729493443919e-05 2.573955814205117990e-03 -1.414520417493827869e-04 -4.634151520308302474e-05 9.999999889218920135e-01 8.909055663319814800e-03 9.999960064888000488e-01 -1.616184250451624393e-03 2.326578600332140923e-03 8.420578837394714355e-01 1.633560750633478165e-03 9.999709129333496094e-01 -7.454589940607547760e-03 -5.821477156132459641e-03 -2.314460463821887970e-03 7.458360400050878525e-03 9.999696016311645508e-01 1.008165627717971802e-02 6.191724777221679688e+01
1.919989000000000000e+07 9.999942148230264172e-01 -3.394771197572347791e-03 2.141247056283050797e-04 8.222539862646374154e-01 3.394749656381470734e-03 9.999942327321098556e-01 1.008845017168744855e-04 4.384692329439774869e-03 -2.144659505028414744e-04 -1.001570183361261525e-04 9.999999719864643977e-01 8.436278127129008889e-03 9.999870657920837402e-01 -3.458447055891156197e-03 3.720005042850971222e-03 8.332093358039855957e-01 3.481874242424964905e-03 9.999740123748779297e-01 -6.309360731393098831e-03 -6.759141106158494949e-03 -3.698086831718683243e-03 6.322231609374284744e-03 9.999731183052062988e-01 1.225274428725242615e-02 6.182899093627929688e+01
1.930352000000000000e+07 9.999975011151504001e-01 -2.229730160843044259e-03 1.614523314118322748e-04 8.378531986026583889e-01 2.229723721757735904e-03 9.999975133609131372e-01 4.005128879507451078e-05 2.953482014002456642e-03 -1.615412335049264310e-04 -3.969119461756487170e-05 9.999999861645193500e-01 8.831472090545990777e-03 9.999760985374450684e-01 -1.952177728526294231e-03 6.639588624238967896e-03 8.380625844001770020e-01 1.978293294087052345e-03 9.999903440475463867e-01 -3.927256446331739426e-03 -2.693898044526576996e-03 -6.631869822740554810e-03 3.940299153327941895e-03 9.999702572822570801e-01 1.635058782994747162e-02 6.179510498046875000e+01
1.940739000000000000e+07 9.999921769600266241e-01 -3.948051609397081572e-03 2.427094063849653891e-04 8.247660536130756448e-01 3.948027912971723181e-03 9.999922017023078480e-01 9.803462122417387192e-05 4.913185741753164568e-03 -2.430945593936099795e-04 -9.707563082224157170e-05 9.999999657406792863e-01 8.325886964844845736e-03 9.999932646751403809e-01 -3.632795065641403198e-03 3.770850016735494137e-04 8.237262964248657227e-01 3.633210202679038048e-03 9.999925494194030762e-01 -1.254374161362648010e-03 3.679612884297966957e-03 -3.725178248714655638e-04 1.255735987797379494e-03 9.999991655349731445e-01 1.641214080154895782e-02 6.211692810058593750e+01
1.951115000000000000e+07 9.999851073456993422e-01 -5.451253326519698086e-03 2.625340409290669160e-04 8.064062775838660713e-01 5.451203369522514969e-03 9.999851239106614109e-01 1.906288154375277550e-04 6.411721604946992240e-03 -2.635693014085586580e-04 -1.891948500268026941e-04 9.999999473682649187e-01 7.938651546065891851e-03 9.999763965606689453e-01 -5.186943337321281433e-03 -4.501621704548597336e-03 8.147945404052734375e-01 5.176872480660676956e-03 9.999841451644897461e-01 -2.247062278911471367e-03 2.533268183469772339e-03 4.513211082667112350e-03 2.223707502707839012e-03 9.999873042106628418e-01 1.780396141111850739e-02 6.208755111694335938e+01
1.961477000000000000e+07 9.999781046396700734e-01 -6.611101064763412818e-03 2.891131856311688784e-04 8.250366073047330495e-01 6.611026939184513895e-03 9.999781140018831893e-01 2.565979633488716587e-04 7.351432640862325639e-03 -2.908032530739297194e-04 -2.546810100934335046e-04 9.999999252855269471e-01 7.895586367993446056e-03 9.999766349792480469e-01 -6.240638438612222672e-03 -2.780198352411389351e-03 8.104811906814575195e-01 6.238779984414577484e-03 9.999802708625793457e-01 -6.750836037099361420e-04 5.912681110203266144e-03 2.784353913739323616e-03 6.577218882739543915e-04 9.999959468841552734e-01 1.181255374103784561e-02 6.170668792724609375e+01
1.971839000000000000e+07 9.999632810225304036e-01 -8.567538261358784851e-03 1.841113341303981946e-04 7.849468795979157587e-01 8.567475672635518208e-03 9.999632413527221875e-01 3.380919193893498612e-04 9.528552211065268590e-03 -1.870011818159567204e-04 -3.365021356709126262e-04 9.999999258984347827e-01 7.395562040062319403e-03 9.999613165855407715e-01 -8.498580195009708405e-03 -2.282887930050492287e-03 8.081719875335693359e-01 8.495731279253959656e-03 9.999631047248840332e-01 -1.266487524844706059e-03 8.672649972140789032e-03 2.293565310537815094e-03 1.247042673639953136e-03 9.999966025352478027e-01 6.136895623058080673e-03 6.191238403320312500e+01
1.982214000000000000e+07 9.999452514279359994e-01 -1.046173239094960565e-02 2.151907675033157892e-04 8.246988257336657080e-01 1.046165798132177825e-02 9.999452161722488519e-01 3.440515718864454835e-04 1.137128678977938900e-02 -2.187783538404787390e-04 -3.417814834467343453e-04 9.999999176607250462e-01 7.515776141271130265e-03 9.999392628669738770e-01 -9.698274545371532440e-03 5.245752632617950439e-03 8.109716176986694336e-01 9.705309756100177765e-03 9.999520182609558105e-01 -1.321204123087227345e-03 1.153508853167295456e-02 -5.232682451605796814e-03 1.372038037516176701e-03 9.999853372573852539e-01 1.351258903741836548e-02 6.159596633911132812e+01
1.992567000000000000e+07 9.999160382543789138e-01 -1.295630972824993177e-02 2.246898030173279830e-04 8.186599601630740741e-01 1.295625659594110135e-02 9.999160362583268125e-01 2.363346593526298857e-04 1.332109185789027810e-02 -2.277329621650973186e-04 -2.334036776376919729e-04 9.999999468302109840e-01 7.222261186806596019e-03 9.999260902404785156e-01 -1.188214402645826340e-02 2.544661518186330795e-03 8.051899075508117676e-01 1.189249753952026367e-02 9.999209642410278320e-01 -4.078678321093320847e-03 8.378877304494380951e-03 -2.495999448001384735e-03 4.108638036996126175e-03 9.999884963035583496e-01 1.817473955452442169e-02 6.176233673095703125e+01
2.002941000000000000e+07 9.999031923345387263e-01 -1.391133581156517481e-02 2.840733135124292089e-04 7.826848872820102443e-01 1.391128632324250929e-02 9.999032179831410794e-01 1.754488591847608856e-04 1.415868122597730740e-02 -2.864865482907881186e-04 -1.714800492407057288e-04 9.999999442600243649e-01 6.682398137216990358e-03 9.999030232429504395e-01 -1.371602248400449753e-02 -2.435433678328990936e-03 7.958840131759643555e-01 1.370299141854047775e-02 9.998921751976013184e-01 -5.283493548631668091e-03 5.794267170131206512e-03 2.507642144337296486e-03 5.249612499028444290e-03 9.999830722808837891e-01 1.403531059622764587e-02 6.213919830322265625e+01
2.013289000000000000e+07 9.998864467478586482e-01 -1.506682548997008951e-02 2.904957392222972962e-04 8.038854155189999462e-01 1.506679819077291933e-02 9.998864847555943847e-01 9.593515635569143751e-05 1.472536716460414764e-02 -2.919082017357627632e-04 -9.154742208655122641e-05 9.999999532043362116e-01 6.804430401918307864e-03 9.998956918716430664e-01 -1.438708323985338211e-02 -1.265578204765915871e-03 7.936821579933166504e-01 1.438688579946756363e-02 9.998964071273803711e-01 -1.437238388461992145e-04 1.204985566437244415e-02 1.267502550035715103e-03 1.254977833013981581e-04 9.999991059303283691e-01 1.096954755485057831e-02 6.270463943481445312e+01
2.023664000000000000e+07 9.999033977085622915e-01 -1.389661269505848736e-02 2.818016996474046083e-04 7.837271404865923108e-01 1.389656318318114973e-02 9.999034224580977126e-01 1.769010996532257543e-04 1.413802429546795816e-02 -2.842328099271642207e-04 -1.729679355938408981e-04 9.999999446469015618e-01 6.685413339149697334e-03 9.999026060104370117e-01 -1.395063661038875580e-02 1.837055606301873922e-04 7.929912209510803223e-01 1.395103987306356430e-02 9.999002218246459961e-01 -2.242643851786851883e-03 1.045049261301755905e-02 -1.523850805824622512e-04 2.244995441287755966e-03 9.999974966049194336e-01 1.086706388741731644e-02 6.214992141723632812e+01
2.034039000000000000e+07 9.999031776599091037e-01 -1.391246040848427221e-02 2.806330652924888852e-04 7.747799059417577183e-01 1.391241174721301668e-02 9.999032024721782319e-01 1.746114999085386632e-04 1.417646887328137366e-02 -2.830351762362766604e-04 -1.706903109396304419e-04 9.999999453779530034e-01 6.647242702659065736e-03 9.999035596847534180e-01 -1.375042274594306946e-02 -1.997147221118211746e-03 7.815290689468383789e-01 1.374709140509366989e-02 9.999040961265563965e-01 -1.672273385338485241e-03 7.831547409296035767e-03 2.019940409809350967e-03 1.644647330977022648e-03 9.999965429306030273e-01 1.427122205495834351e-02 6.203420639038085938e+01
2.044402000000000000e+07 9.998990560460322419e-01 -1.420532701264054336e-02 2.939615826051775616e-04 7.751989291262483261e-01 1.420528172658630690e-02 9.998990877977412817e-01 1.555731476399138538e-04 1.439112475502934453e-02 -2.961418856156125112e-04 -1.513816365955941842e-04 9.999999446917932078e-01 6.608408718443764193e-03 9.998896121978759766e-01 -1.378031261265277863e-02 -5.541104823350906372e-03 7.739815711975097656e-01 1.379248593002557755e-02 9.999025464057922363e-01 2.164924750104546547e-03 1.072103157639503479e-02 5.510737653821706772e-03 -2.241106005385518074e-03 9.999823570251464844e-01 1.658716984093189240e-02 6.236729431152343750e+01
2.054777000000000000e+07 9.999134411969806679e-01 -1.315512475833013721e-02 2.298034887387527243e-04 7.584768277134041892e-01 1.315507208493038767e-02 9.999134420197934858e-01 2.292378846901562848e-04 1.357016100065981321e-02 -2.327992503258565925e-04 -2.261949607339619863e-04 9.999999473201740541e-01 6.618408378228502441e-03 9.998637437820434570e-01 -1.296180207282304764e-02 -1.022094395011663437e-02 7.632828950881958008e-01 1.302052754908800125e-02 9.998990297317504883e-01 5.699903238564729691e-03 1.922809891402721405e-02 1.014603115618228912e-02 -5.832212045788764954e-03 9.999315142631530762e-01 1.172237843275070190e-02 6.273734283447265625e+01
2.065152000000000000e+07 9.999005821949765727e-01 -1.409850385934114173e-02 2.406583055205119238e-04 7.362513300558960472e-01 1.409846191394420120e-02 9.999005964141951530e-01 1.751100869807603448e-04 1.428235149566547263e-02 -2.431031734425596240e-04 -1.716997659886882062e-04 9.999999557100179848e-01 6.280360615770546120e-03 9.998690485954284668e-01 -1.377238985151052475e-02 -8.510021492838859558e-03 7.605006098747253418e-01 1.380081754177808762e-02 9.998992681503295898e-01 3.291161265224218369e-03 1.571100950241088867e-02 8.463838137686252594e-03 -3.408174030482769012e-03 9.999582767486572266e-01 5.982113536447286606e-03 6.176211166381835938e+01
2.075527000000000000e+07 9.999054495597694547e-01 -1.374860658353942687e-02 2.603312900512779024e-04 7.597374546999812184e-01 1.374855747908038973e-02 9.999054661708544067e-01 1.894824063069610980e-04 1.403448449101720938e-02 -2.629117987958805194e-04 -1.858853112366690326e-04 9.999999481620212016e-01 6.557061669797333361e-03 9.999052882194519043e-01 -1.363084744662046432e-02 -1.854420290328562260e-03 7.680279016494750977e-01 1.363059040158987045e-02 9.999071359634399414e-01 -1.543166872579604387e-04 1.183689385652542114e-02 1.856352551840245724e-03 1.290243089897558093e-04 9.999982714653015137e-01 5.057035945355892181e-03 6.265529632568359375e+01
2.085914000000000000e+07 9.999273163940775033e-01 -1.205524377778988132e-02 1.817341029952188448e-04 7.612522924286877490e-01 1.205518833648444588e-02 9.999272876276987798e-01 3.031378782696583698e-04 1.273581426320413365e-02 -1.853752896760490641e-04 -3.009250062903179399e-04 9.999999375400696611e-01 6.776090241667535180e-03 9.999188184738159180e-01 -1.209174841642379761e-02 4.015035927295684814e-03 7.714513540267944336e-01 1.208000630140304565e-02 9.999227523803710938e-01 2.935528056696057320e-03 1.612060330808162689e-02 -4.050220828503370285e-03 -2.886789152398705482e-03 9.999877214431762695e-01 1.010497659444808960e-02 6.215897750854492188e+01
2.096289000000000000e+07 9.999348083979133772e-01 -1.141736128250117090e-02 1.510322382767816606e-04 7.624578682788005768e-01 1.141730811070460448e-02 9.999347597319165892e-01 3.483540439490064272e-04 1.224811541226922609e-02 -1.549996690142089518e-04 -3.466069525269314705e-04 9.999999279193562129e-01 6.855873015370368348e-03 9.999334216117858887e-01 -1.106802467256784439e-02 3.268760396167635918e-03 7.628248333930969238e-01 1.105541456490755081e-02 9.999314546585083008e-01 3.851331071928143501e-03 2.108523622155189514e-02 -3.311173757538199425e-03 -3.814938012510538101e-03 9.999872446060180664e-01 1.470854319632053375e-02 6.272716903686523438e+01
2.106677000000000000e+07 9.999524668988547527e-01 -9.749550631797058303e-03 1.010012774352211901e-04 7.366361625609247898e-01 9.749513941343802836e-03 9.999524084139438385e-01 3.576044478983401347e-04 1.068489831002829293e-02 -1.044829534458699920e-04 -3.566027364441436490e-04 9.999999309588950558e-01 6.798633986191846175e-03 9.999367594718933105e-01 -9.404910728335380554e-03 -6.169877480715513229e-03 7.488561272621154785e-01 9.423922747373580933e-03 9.999509453773498535e-01 3.060109680518507957e-03 2.059835009276866913e-02 6.140791811048984528e-03 -3.118059365078806877e-03 9.999762177467346191e-01 1.511626690626144409e-02 6.243779373168945312e+01
2.117064000000000000e+07 9.999748853345772348e-01 -7.086346362700495817e-03 1.113233621836080876e-04 7.447275898357201829e-01 7.086307167195888233e-03 9.999748310388000272e-01 3.486218784733932262e-04 8.199764237337415357e-03 -1.137910157903758380e-04 -3.478242513735558096e-04 9.999999330349419457e-01 7.251977774674062474e-03 9.999392628669738770e-01 -6.932543590664863586e-03 -8.558948524296283722e-03 7.437019944190979004e-01 6.951040122658014297e-03 9.999735951423645020e-01 2.132593421265482903e-03 1.769567839801311493e-02 8.543962612748146057e-03 -2.191959181800484657e-03 9.999611377716064453e-01 6.357577163726091385e-03 6.256630325317382812e+01
2.127452000000000000e+07 9.999914447313696941e-01 -4.134428400669164401e-03 1.302526165341352945e-04 7.480452886840618376e-01 4.134407067332223663e-03 9.999914399150058308e-01 1.636300439101642996e-04 5.370947490998428595e-03 -1.309280182662911395e-04 -1.630901266689449851e-04 9.999999781297319590e-01 7.757200297835328134e-03 9.999871253967285156e-01 -3.609571373090147972e-03 -3.562578000128269196e-03 7.489289641380310059e-01 3.621391719207167625e-03 9.999879002571105957e-01 3.320065094158053398e-03 1.898675411939620972e-02 3.550548339262604713e-03 -3.332928521558642387e-03 9.999881386756896973e-01 -3.838546108454465866e-04 6.216400146484375000e+01
2.137853000000000000e+07 9.999999977857656486e-01 -3.269918721625258485e-05 -5.795888043720492954e-05 7.443455702269432539e-01 3.270369728571126899e-05 9.999999964375888561e-01 7.781574645309758840e-05 1.094218541928608426e-03 5.795633571907660131e-05 -7.781764175047116818e-05 9.999999952927388636e-01 8.834070449119482346e-03 9.999936819076538086e-01 -1.662419090280309319e-04 3.555575385689735413e-03 7.597422003746032715e-01 1.595840294612571597e-04 9.999982714653015137e-01 1.875352696515619755e-03 9.747816249728202820e-03 -3.555890405550599098e-03 -1.874766312539577484e-03 9.999918937683105469e-01 7.060706149786710739e-03 6.235033416748046875e+01
2.148252000000000000e+07 9.999990074526652339e-01 1.406983295619803048e-03 -7.410622460221551362e-05 7.462491836299269821e-01 -1.406976859591109984e-03 9.999990064379186139e-01 8.682934186741955078e-05 -8.729479839390911220e-05 7.422831840405493421e-05 -8.672498994424542495e-05 9.999999934844665539e-01 9.127885681205458873e-03 9.999810457229614258e-01 1.507151057012379169e-03 5.978521890938282013e-03 7.577392458915710449e-01 -1.523475977592170238e-03 9.999951124191284180e-01 2.726149745285511017e-03 8.141499944031238556e-03 -5.974386818706989288e-03 -2.735215704888105392e-03 9.999784231185913086e-01 1.621883735060691833e-02 6.219472122192382812e+01
2.158640000000000000e+07 9.999966185557469522e-01 2.599529879009677708e-03 -7.294960817193080747e-05 7.472729368258766991e-01 -2.599522366947447632e-03 9.999966159436718405e-01 1.028826203899430806e-04 -1.031651533434467570e-03 7.321680774555333073e-05 -1.026926383646366899e-04 9.999999920467607106e-01 9.317098378621225738e-03 9.999915957450866699e-01 2.964058658108115196e-03 2.812202088534832001e-03 7.564026713371276855e-01 -2.960172249004244804e-03 9.999946355819702148e-01 -1.384623115882277489e-03 6.929772906005382538e-03 -2.816281514242291451e-03 1.376291154883801937e-03 9.999951124191284180e-01 9.450427256524562836e-03 6.191571044921875000e+01
2.169042000000000000e+07 9.999960423752601857e-01 2.812971201884866945e-03 -4.925926072786477136e-05 7.527106795053113419e-01 -2.812966415418641838e-03 9.999960389003540451e-01 9.697003533340609732e-05 -1.287391649737062473e-03 4.953183953623742174e-05 -9.683108691001158532e-05 9.999999940851684865e-01 9.299194876528206130e-03 9.999957680702209473e-01 2.894003177061676979e-03 -4.259788547642529011e-04 7.497546076774597168e-01 -2.895015757530927658e-03 9.999929666519165039e-01 -2.398984739556908607e-03 6.413593422621488571e-03 4.190285690128803253e-04 2.400206634774804115e-03 9.999970197677612305e-01 5.548615939915180206e-03 6.153939056396484375e+01
2.179428000000000000e+07 9.999941585415849099e-01 3.417666529957169054e-03 -4.937828706689165447e-05 7.463908096989253504e-01 -3.417662817257006123e-03 9.999941569549689602e-01 7.507866669239602079e-05 -1.820396041247974387e-03 4.963459239321823272e-05 -7.490946978805376548e-05 9.999999959624892298e-01 9.299403184137140788e-03 9.999932646751403809e-01 3.643652889877557755e-03 -3.016785194631665945e-04 7.469996213912963867e-01 -3.643975825980305672e-03 9.999928474426269531e-01 -1.079895417205989361e-03 2.320827450603246689e-03 2.977334661409258842e-04 1.080989954061806202e-03 9.999993443489074707e-01 1.134929805994033813e-02 6.160521697998046875e+01
2.189827000000000000e+07 9.999893434847222373e-01 4.616554123347544128e-03 -1.858825817715477726e-05 7.380629801545126600e-01 -4.616553666536521092e-03 9.999893433583970648e-01 2.454361102836475158e-05 -3.002753954289546189e-03 1.870136699477469434e-05 -2.445753578958806380e-05 9.999999995260439034e-01 9.225248319404836042e-03 9.999856352806091309e-01 4.756224807351827621e-03 2.475332934409379959e-03 7.538595199584960938e-01 -4.759929142892360687e-03 9.999875426292419434e-01 1.492396462708711624e-03 1.018930040299892426e-02 -2.468203427270054817e-03 -1.504162442870438099e-03 9.999957680702209473e-01 1.334618870168924332e-02 6.161193466186523438e+01
2.200215000000000000e+07 9.999897162079234292e-01 4.534978181459433690e-03 -3.810012781468130838e-05 7.293243525871946353e-01 -4.534977372302744121e-03 9.999897167106215345e-01 2.129725416985709684e-05 -2.883304779689560039e-03 3.819631860148639822e-05 -2.112425193857267840e-05 9.999999990474036649e-01 9.215411312191066143e-03 9.999856948852539062e-01 5.201752763241529465e-03 -1.197870238684117794e-03 7.485662102699279785e-01 -5.201615858823060989e-03 9.999864101409912109e-01 1.177083395305089653e-04 4.335878882557153702e-03 1.198470592498779297e-03 -1.114756669267080724e-04 9.999993443489074707e-01 7.800609339028596878e-03 6.140671920776367188e+01
2.210615000000000000e+07 9.999850123971666394e-01 5.474878629376505636e-03 2.616374866850612659e-05 7.416908445443873843e-01 -5.474878460116562769e-03 9.999850127190060833e-01 -6.536503501187389847e-06 -3.914405385965428162e-03 -2.619914310896148373e-05 6.393162188302992682e-06 9.999999996363662103e-01 9.182767245653788643e-03 9.999806880950927734e-01 5.871768109500408173e-03 2.048157155513763428e-03 7.482835054397583008e-01 -5.875075235962867737e-03 9.999814033508300781e-01 1.612888532690703869e-03 6.167361512780189514e-03 -2.038652077317237854e-03 -1.624885131604969501e-03 9.999966025352478027e-01 1.121399551630020142e-02 6.131260681152343750e+01
2.221007000000000000e+07 9.999816392869423920e-01 6.059479858179474959e-03 6.158653435481849356e-05 7.452872603687813458e-01 -6.059478128050835646e-03 9.999816407951409580e-01 -2.824052029999204934e-05 -4.545219674074585728e-03 -6.175652653871208217e-05 2.786681952654179663e-05 9.999999977047858701e-01 9.150376492633978745e-03 9.999745488166809082e-01 6.016892381012439728e-03 3.862867830321192741e-03 7.468630671501159668e-01 -6.012594327330589294e-03 9.999812841415405273e-01 -1.121611334383487701e-03 4.031675402075052261e-03 -3.869551932439208031e-03 1.098354463465511799e-03 9.999918937683105469e-01 1.659362949430942535e-02 6.126246261596679688e+01
2.231390000000000000e+07 9.999899409858302723e-01 4.485266496251975182e-03 -1.766564577980279585e-05 7.403092780960793817e-01 -4.485265964955739010e-03 9.999899406942247548e-01 3.000076995052262740e-05 -2.879369982590937981e-03 1.780002952090723600e-05 -2.992123305441266235e-05 9.999999993939393539e-01 9.236738893955648635e-03 9.999861121177673340e-01 5.187516566365957260e-03 -8.976457174867391586e-04 7.356477975845336914e-01 -5.187261849641799927e-03 9.999865293502807617e-01 2.960230049211531878e-04 6.105773150920867920e-03 8.991851937025785446e-04 -2.913561183959245682e-04 9.999995827674865723e-01 1.094534434378147125e-02 6.155180740356445312e+01
2.241777000000000000e+07 9.999885221039442884e-01 4.791193066938381935e-03 -1.139097551680454365e-05 7.377242831664672096e-01 -4.791192878033578677e-03 9.999885220327153768e-01 1.655357494909508355e-05 -3.187040078867521813e-03 1.147015614374499484e-05 -1.649880858904235846e-05 9.999999997981123823e-01 9.218087370996776511e-03 9.999849200248718262e-01 5.379839800298213959e-03 -1.091424375772476196e-03 7.324835658073425293e-01 -5.377859808504581451e-03 9.999839067459106445e-01 1.808049273677170277e-03 8.245688863098621368e-03 1.101129455491900444e-03 -1.802168437279760838e-03 9.999977946281433105e-01 1.114438939839601517e-02 6.129974365234375000e+01
2.252152000000000000e+07 9.999934906497564002e-01 3.607313294077613836e-03 -7.713226726908581615e-05 7.175517292410934500e-01 -3.607310705806426182e-03 9.999934930669978073e-01 3.366910208379118733e-05 -1.999711741918785458e-03 7.725322036974534724e-05 -3.339064287644072501e-05 9.999999964585025714e-01 9.178161822718550189e-03 9.999895095825195312e-01 4.151013214141130447e-03 -1.950155827216804028e-03 7.280902862548828125e-01 -4.148899577558040619e-03 9.999908208847045898e-01 1.089451834559440613e-03 8.161638863384723663e-03 1.954658422619104385e-03 -1.081331633031368256e-03 9.999974966049194336e-01 1.464324444532394409e-02 6.102447891235351562e+01
2.262540000000000000e+07 9.999960516737537164e-01 2.808248465095721218e-03 -1.018701397581761408e-04 7.181104124996111615e-01 -2.808242495684277768e-03 9.999960551567990130e-01 5.869403137741479687e-05 -1.238573936351760642e-03 1.020345653186472876e-04 -5.840772358102986950e-05 9.999999930887426558e-01 9.206073156612497657e-03 9.999948143959045410e-01 2.623797859996557236e-03 -1.880260184407234192e-03 7.218954563140869141e-01 -2.623143838718533516e-03 9.999964237213134766e-01 3.464292094577103853e-04 6.815157830715179443e-03 1.881160074844956398e-03 -3.414952952880412340e-04 9.999981522560119629e-01 1.387302204966545105e-02 6.112627029418945312e+01
2.272917000000000000e+07 9.999990100977368401e-01 1.401844007651628860e-03 -1.209833184744320511e-04 7.235260787472475030e-01 -1.401834646723012839e-03 9.999990144321181385e-01 7.742386122038455161e-05 -4.115189289496831672e-05 1.210917354109341859e-04 -7.725418597414335513e-05 9.999999896842913794e-01 9.129593554071778125e-03 9.999961853027343750e-01 1.895314664579927921e-03 -1.987184630706906319e-03 7.160536646842956543e-01 -1.900562900118529797e-03 9.999946951866149902e-01 -2.644690684974193573e-03 2.871317090466618538e-03 1.982157118618488312e-03 2.648445311933755875e-03 9.999945163726806641e-01 6.127935834228992462e-03 6.035699081420898438e+01
2.283290000000000000e+07 9.999999219811388507e-01 -3.626611175704965947e-04 -1.565715051326218904e-04 7.051749119178520875e-01 3.626672226246227862e-04 9.999999334770887094e-01 3.896548577733230400e-05 1.337928735001208281e-03 1.565573634509679019e-04 -3.902226608796152663e-05 9.999999869835277666e-01 8.789025346681980655e-03 9.999990463256835938e-01 -3.214760217815637589e-04 1.300206175073981285e-03 7.210123538970947266e-01 3.260445373598486185e-04 9.999938011169433594e-01 -3.526841290295124054e-03 5.230851937085390091e-03 -1.299050869420170784e-03 3.527268301695585251e-03 9.999929666519165039e-01 1.006466522812843323e-02 6.047113418579101562e+01
2.293652000000000000e+07 9.999917590345991369e-01 -4.059254802169358703e-03 6.567027182636618469e-05 7.265534025047483135e-01 4.059244542920512414e-03 9.999917491252459101e-01 1.556098209433309407e-04 5.211526090325324656e-03 -6.630138993100901854e-05 -1.553419668633709437e-04 9.999999857364987310e-01 7.600083204564519503e-03 9.999848008155822754e-01 -3.673953702673316002e-03 4.120177589356899261e-03 7.186445593833923340e-01 3.684971248731017113e-03 9.999895691871643066e-01 -2.669380279257893562e-03 6.277703214436769485e-03 -4.110340494662523270e-03 2.684522187337279320e-03 9.999879002571105957e-01 1.380946114659309387e-02 6.061948776245117188e+01
2.304014000000000000e+07 9.999671556976802433e-01 -8.104743139251463849e-03 2.578336324599099201e-05 6.995269578811225131e-01 8.104733336097407967e-03 9.999670913205173095e-01 3.599635802658449589e-04 9.109435068979786221e-03 -2.869992709627066122e-05 -3.597427902303934090e-04 9.999999348807177002e-01 6.661406992816566730e-03 9.999744892120361328e-01 -7.106985431164503098e-03 7.578262593597173691e-04 7.101239562034606934e-01 7.108064368367195129e-03 9.999738335609436035e-01 -1.412697136402130127e-03 1.259670220315456390e-02 -7.477669278159737587e-04 1.418050844222307205e-03 9.999986886978149414e-01 1.628266833722591400e-02 6.045775985717773438e+01
2.314377000000000000e+07 9.999324948556038706e-01 -1.161919016738209749e-02 1.227202443279435353e-05 6.878033038241810893e-01 1.161918477686159877e-02 9.999324252905009702e-01 3.733586444486330881e-04 1.236687558807888013e-02 -1.660932028010800711e-05 -3.731908498985910894e-04 9.999999302263570256e-01 6.111000362129707410e-03 9.999404549598693848e-01 -1.084654312580823898e-02 -1.182841253466904163e-03 7.009995579719543457e-01 1.084238011389970779e-02 9.999351501464843750e-01 -3.466193331405520439e-03 9.475279599428176880e-03 1.220369478687644005e-03 3.453161567449569702e-03 9.999932646751403809e-01 1.287754811346530914e-02 6.106745529174804688e+01
2.324742000000000000e+07 9.998861776084153608e-01 -1.508638038685527517e-02 1.815299084680930327e-04 6.930249505091465867e-01 1.508635586716572212e-02 9.998861852495778413e-01 1.356921083100250396e-04 1.499162787121972699e-02 -1.835563504603250423e-04 -1.329380386937468626e-04 9.999999743172715005e-01 5.838836450857733118e-03 9.998967647552490234e-01 -1.436847355216741562e-02 -2.390116424066945910e-04 6.970859766006469727e-01 1.436756178736686707e-02 9.998908638954162598e-01 -3.458245191723108292e-03 1.278493739664554596e-02 2.886714937631040812e-04 3.454455407336354256e-03 9.999940395355224609e-01 8.284409530460834503e-03 6.074614334106445312e+01
2.335102000000000000e+07 9.998732346937363458e-01 -1.592112695337821043e-02 1.796280242727147064e-04 6.792084291400927176e-01 1.592111023519237473e-02 9.998732466652119344e-01 9.412042713324592774e-05 1.558970453583276121e-02 -1.811037590524460373e-04 -9.124861842755329884e-05 9.999999794375593609e-01 5.663773790147449624e-03 9.998811483383178711e-01 -1.533025223761796951e-02 1.624377793632447720e-03 6.929484605789184570e-01 1.533100567758083344e-02 9.998823404312133789e-01 -4.519679641816765070e-04 1.861091330647468567e-02 -1.617251895368099213e-03 4.768150974996387959e-04 9.999986290931701660e-01 6.982800550758838654e-03 6.134329605102539062e+01
2.345465000000000000e+07 9.998600148605919502e-01 -1.673015557061027780e-02 2.293091102269651925e-04 6.844874253228926397e-01 1.673014756399984759e-02 9.998600406127227114e-01 3.679019517768898455e-05 1.618514386069741517e-02 -2.298925219425522893e-04 -3.294866991530973239e-05 9.999999730319069080e-01 5.636614293467173166e-03 9.998539090156555176e-01 -1.628888957202434540e-02 5.177937913686037064e-03 6.874253153800964355e-01 1.626562699675559998e-02 9.998576045036315918e-01 4.502858966588973999e-03 2.743665315210819244e-02 -5.250550340861082077e-03 -4.417977761477231979e-03 9.999764561653137207e-01 8.920459076762199402e-03 6.182873535156250000e+01
2.355827000000000000e+07 9.998563582866625277e-01 -1.694793040969657869e-02 1.745435402226518898e-04 6.604396648865439312e-01 1.694792164733436093e-02 9.998563723407423165e-01 5.155900725359298874e-05 1.628587409794221910e-02 -1.753922893595696072e-04 -4.859345116002315929e-05 9.999999834381114727e-01 5.444735017443066115e-03 9.998421072959899902e-01 -1.659820415079593658e-02 6.343559827655553818e-03 6.859320402145385742e-01 1.659687422215938568e-02 9.998622536659240723e-01 2.640403981786221266e-04 2.076593786478042603e-02 -6.347069516777992249e-03 -1.587145234225317836e-04 9.999797940254211426e-01 1.363106351345777512e-02 6.169139099121093750e+01
2.366202000000000000e+07 9.998209570251412881e-01 -1.892056866872095927e-02 2.568543514265749514e-04 6.602364245721215052e-01 1.892058850054954139e-02 9.998209868297442959e-01 -7.500109562040181027e-05 1.770856571699409507e-02 -2.553893077331786379e-04 7.984750269479241858e-05 9.999999642003382094e-01 5.269438596848789562e-03 9.998301267623901367e-01 -1.709539815783500671e-02 6.890207529067993164e-03 6.810680031776428223e-01 1.709757372736930847e-02 9.998537302017211914e-01 -2.580983855295926332e-04 1.683690585196018219e-02 -6.884798873215913773e-03 3.758590028155595064e-04 9.999762773513793945e-01 1.391704753041267395e-02 6.130137634277343750e+01
2.376565000000000000e+07 9.998183725554655732e-01 -1.905649772822787594e-02 2.679322957576070127e-04 6.618052400347952391e-01 1.905652149660759867e-02 9.998184042663014193e-01 -8.643886967806850758e-05 1.781364331575204657e-02 -2.662364182387036426e-04 9.152902766111943177e-05 9.999999603703018103e-01 5.266922350489974987e-03 9.998143315315246582e-01 -1.776559278368949890e-02 7.463046815246343613e-03 6.750175952911376953e-01 1.776910386979579926e-02 9.998420476913452148e-01 -4.041721986141055822e-04 1.788228936493396759e-02 -7.454678416252136230e-03 5.367095000110566616e-04 9.999720454216003418e-01 1.560380123555660248e-02 6.171392059326171875e+01
2.386940000000000000e+07 9.998410032460633978e-01 -1.783053660015552003e-02 2.004705391118745102e-04 6.564893180864225242e-01 1.783053646575641013e-02 9.998410233428532967e-01 2.457788995643382928e-06 1.691159672091693822e-02 -2.004824926725034704e-04 1.117099087954085670e-06 9.999999799027606828e-01 5.336847735006184854e-03 9.998280405998229980e-01 -1.751606911420822144e-02 6.079794839024543762e-03 6.676185727119445801e-01 1.750534027814865112e-02 9.998451471328735352e-01 1.805620966479182243e-03 2.040585502982139587e-02 -6.110488437116146088e-03 -1.698882086202502251e-03 9.999799132347106934e-01 1.815643720328807831e-02 6.130665588378906250e+01
2.397302000000000000e+07 9.998172760125058067e-01 -1.911455122953794813e-02 2.202612706370194655e-04 6.436712779403457318e-01 1.911456572631478265e-02 9.998172979553228146e-01 -6.390002498852570187e-05 1.778665843943222011e-02 -2.189996081402555692e-04 6.809854749246158827e-05 9.999999737008791190e-01 5.138642479205296661e-03 9.998346567153930664e-01 -1.797674223780632019e-02 2.761896699666976929e-03 6.564826369285583496e-01 1.797553710639476776e-02 9.998383522033691406e-01 4.847846284974366426e-04 1.879205740988254547e-02 -2.770164515823125839e-03 -4.350574163254350424e-04 9.999960660934448242e-01 1.753648743033409119e-02 6.538073730468750000e+01
2.407678000000000000e+07 9.998231968849775608e-01 -1.880261325450702237e-02 1.915962219644398701e-04 6.384411988330179755e-01 1.880262073003285961e-02 9.998232144067753513e-01 -3.729065509676913218e-05 1.755090501251126839e-02 -1.908611887543873518e-04 4.088657305100560881e-05 9.999999809501474157e-01 5.129661133751807142e-03 9.998328089714050293e-01 -1.827527396380901337e-02 5.501414998434484005e-04 6.553083658218383789e-01 1.827652379870414734e-02 9.998298883438110352e-01 -2.466024598106741905e-03 1.395898312330245972e-02 -5.049877217970788479e-04 2.475667046383023262e-03 9.999968409538269043e-01 1.309601962566375732e-02 6.350499343872070312e+01
2.418054000000000000e+07 9.998273264319202935e-01 -1.858192146558750729e-02 1.718296453068302943e-04 6.343573692014066179e-01 1.858192499009634485e-02 9.998273409523273925e-01 -1.893784561541688691e-05 1.738266527558255531e-02 -1.714480758158695760e-04 2.212750103062514423e-05 9.999999850579658345e-01 5.118303314318884550e-03 9.998434185981750488e-01 -1.767745427787303925e-02 7.933077285997569561e-04 6.384374499320983887e-01 1.767665520310401917e-02 9.998431205749511719e-01 1.112779253162443638e-03 1.792384870350360870e-02 -8.128460613079369068e-04 -1.098584150895476341e-03 9.999990463256835938e-01 8.621488697826862335e-03 6.266255950927734375e+01
2.428416000000000000e+07 9.998524120908510726e-01 -1.717979682221131704e-02 9.283939413473007139e-05 6.285008104834025611e-01 1.717978919443963193e-02 9.998524131414233684e-01 8.234321925350557693e-05 1.636279673147379016e-02 -9.424033202764832819e-05 -8.073610518010664310e-05 9.999999923002206303e-01 5.191248722236972354e-03 9.998631477355957031e-01 -1.652446575462818146e-02 7.556785712949931622e-04 6.409701704978942871e-01 1.652139984071254730e-02 9.998561739921569824e-01 3.841412020847201347e-03 2.132897637784481049e-02 -8.190429653041064739e-04 -3.828406333923339844e-03 9.999923706054687500e-01 9.565767832100391388e-03 6.281087875366210938e+01
2.438790000000000000e+07 9.998752698098987146e-01 -1.579375601090438758e-02 4.582722273876181537e-05 6.320342259773560345e-01 1.579374848374177909e-02 9.998752581437955200e-01 1.602098471507724887e-04 1.538924567601892245e-02 -4.835182133675661431e-05 -1.594660805357689252e-04 9.999999861163355597e-01 5.330615035203303299e-03 9.998809099197387695e-01 -1.478289347141981125e-02 4.444469232112169266e-03 6.357983946800231934e-01 1.477138325572013855e-02 9.998875260353088379e-01 2.594736870378255844e-03 1.610424928367137909e-02 -4.482333548367023468e-03 -2.528778975829482079e-03 9.999867677688598633e-01 7.022128906100988388e-03 6.326179122924804688e+01
2.449165000000000000e+07 9.999139768116152016e-01 -1.311597204635136030e-02 -1.012650074018931720e-04 6.256736062028380729e-01 1.311600380917354175e-02 9.999139304333362066e-01 3.196403869777553371e-04 1.317333692083783730e-02 9.706389719933091766e-05 -3.209410827112546636e-04 9.999999437877092889e-01 5.577818817914070686e-03 9.999155402183532715e-01 -1.262080576270818710e-02 3.097929293289780617e-03 6.363071203231811523e-01 1.263026986271142960e-02 9.999155402183532715e-01 -3.051145700737833977e-03 6.343011744320392609e-03 -3.059158567339181900e-03 3.090021433308720589e-03 9.999905824661254883e-01 1.085330918431282043e-02 6.249164962768554688e+01
2.459540000000000000e+07 9.999311242702351166e-01 -1.173560919323110747e-02 -1.489816171296636036e-04 6.279017513594066235e-01 1.173566416554019769e-02 9.999310649163856146e-01 3.736372223586622589e-04 1.200652864620836702e-02 1.445864867433361352e-04 -3.753598860103263810e-04 9.999999190998504206e-01 5.758646724646767148e-03 9.999367594718933105e-01 -1.122380048036575317e-02 6.599288899451494217e-04 6.306879520416259766e-01 1.122589036822319031e-02 9.999317526817321777e-01 -3.233483526855707169e-03 5.792994052171707153e-03 -6.235922919586300850e-04 3.240691265091300011e-03 9.999945163726806641e-01 1.154029928147792816e-02 6.150352096557617188e+01
2.469927000000000000e+07 9.999427899403018349e-01 -1.069468700858653212e-02 -2.012943586497820472e-04 6.133944015820599338e-01 1.069475963496682377e-02 9.999427434466383602e-01 3.632464568299523505e-04 1.085757205775585849e-02 1.973980261756455232e-04 -3.653784702000114921e-04 9.999999137662950455e-01 5.956034838749539248e-03 9.999447464942932129e-01 -1.018726639449596405e-02 -2.629912924021482468e-03 6.210358142852783203e-01 1.019844505935907364e-02 9.999387860298156738e-01 4.295498132705688477e-03 1.978915557265281677e-02 2.585989655926823616e-03 -4.322082269936800003e-03 9.999873042106628418e-01 1.142958272248506546e-02 6.156864166259765625e+01
2.480311000000000000e+07 9.999471143126595907e-01 -1.028147856723775518e-02 -2.445062567851610260e-04 6.022797045993206755e-01 1.028156057216513507e-02 9.999470867328594803e-01 3.365319078766534607e-04 1.014408285305092028e-02 2.410332737938456220e-04 -3.390280158783526765e-04 9.999999134814847590e-01 5.986000997127922767e-03 9.999422430992126465e-01 -9.045579470694065094e-03 -5.796259269118309021e-03 6.133903861045837402e-01 9.073572233319282532e-03 9.999472498893737793e-01 4.801342729479074478e-03 2.019343338906764984e-02 5.752531345933675766e-03 -4.853670019656419754e-03 9.999716877937316895e-01 9.988423436880111694e-03 6.159180831909179688e+01
2.490678000000000000e+07 9.999499606132752350e-01 -1.000064858930159971e-02 -2.516040874555938180e-04 6.016931629476350851e-01 1.000073161044149304e-02 9.999499366860741256e-01 3.309019340896990715e-04 9.854761037364859547e-03 2.482822576036006743e-04 -3.334016007278983490e-04 9.999999135996491262e-01 6.025634586742312053e-03 9.999008774757385254e-01 -9.357836097478866577e-03 -1.051805913448333740e-02 6.064031720161437988e-01 9.350746870040893555e-03 9.999560713768005371e-01 -7.286941981874406338e-04 8.306906558573246002e-03 1.052440889179706573e-02 6.302760448306798935e-04 9.999443888664245605e-01 3.101904876530170441e-03 6.138927841186523438e+01
2.501054000000000000e+07 9.999604035980518280e-01 -8.894310969678142359e-03 -2.871777775388904830e-04 5.967572613373723911e-01 8.894400044399165123e-03 9.999603958669659454e-01 3.103999217691187640e-04 8.714037134104297977e-03 2.844056107766217145e-04 -3.129419050003183489e-04 9.999999105904053831e-01 6.197929570730627280e-03 9.999317526817321777e-01 -8.524904027581214905e-03 -7.988833822309970856e-03 6.097052097320556641e-01 8.480927906930446625e-03 9.999488592147827148e-01 -5.518169607967138290e-03 -2.599229337647557259e-04 8.035473525524139404e-03 5.450048949569463730e-03 9.999528527259826660e-01 -2.601421670988202095e-03 6.140748977661132812e+01
2.511427000000000000e+07 9.999706683537920027e-01 -7.656489190997209197e-03 -2.015116632686702138e-04 6.169264115420497463e-01 7.656551697739153069e-03 9.999706397341081576e-01 3.112675242629729319e-04 7.886967263914440585e-03 1.991225304632721397e-04 -3.128012786994477726e-04 9.999999312527885209e-01 6.566019274796831319e-03 9.999763369560241699e-01 -6.856325548142194748e-03 6.685335538350045681e-04 6.154987215995788574e-01 6.857483182102441788e-03 9.999747872352600098e-01 -1.802795217372477055e-03 2.825682284310460091e-03 -6.561533082276582718e-04 1.807335298508405685e-03 9.999981522560119629e-01 -7.165140938013792038e-03 6.130707168579101562e+01
2.521804000000000000e+07 9.999743488544730052e-01 -7.159962184125730905e-03 -1.912490984251453648e-04 6.225835145606521959e-01 7.160017342115521100e-03 9.999743249002095435e-01 2.892985574575988612e-04 7.479172706659749023e-03 1.891728214198273232e-04 -2.906604834365013193e-04 9.999999398650636362e-01 6.715657965048372688e-03 9.999468922615051270e-01 -6.265429314225912094e-03 8.176024071872234344e-03 6.290990710258483887e-01 6.242254283279180527e-03 9.999764561653137207e-01 2.859281376004219055e-03 1.415412593632936478e-02 -8.193749934434890747e-03 -2.808094257488846779e-03 9.999625086784362793e-01 3.120577894151210785e-03 6.127084732055664062e+01
2.532177000000000000e+07 9.999825292451283154e-01 -5.907793182737222648e-03 -1.979538200878232864e-04 6.281784624215714929e-01 5.907831644186394005e-03 9.999825297390079193e-01 1.942769333956973301e-04 6.340575715893763745e-03 1.968026138892971341e-04 -1.954430170237318764e-04 9.999999615353800664e-01 7.083301317952517794e-03 9.999204277992248535e-01 -4.636542871594429016e-03 1.172609161585569382e-02 6.321754455566406250e-01 4.596792161464691162e-03 9.999836087226867676e-01 3.415365004912018776e-03 1.209418103098869324e-02 -1.174173690378665924e-02 -3.361194627359509468e-03 9.999254345893859863e-01 9.056275710463523865e-03 6.124950408935546875e+01
2.542552000000000000e+07 9.999964863958886729e-01 -2.642348399994391868e-03 -2.125808129058283185e-04 6.289704204151086442e-01 2.642330804681888856e-03 9.999965055925603696e-01 -8.300831204843899761e-05 3.158020879607968158e-03 2.127994069488575669e-04 8.244631154301762380e-05 9.999999739595079040e-01 7.916450220295379384e-03 9.999471306800842285e-01 -2.361117629334330559e-03 1.001508999615907669e-02 6.325367689132690430e-01 2.339219674468040466e-03 9.999948740005493164e-01 2.192887943238019943e-03 9.033896028995513916e-03 -1.002021972090005875e-02 -2.169332234188914299e-03 9.999474287033081055e-01 1.750386506319046021e-02 6.111100769042968750e+01
2.552939000000000000e+07 9.999995297170517494e-01 -9.452210226347602723e-04 -2.170780768437327363e-04 6.351425629337447143e-01 9.452079311926591060e-04 9.999995514666686347e-01 -6.040220320392401961e-05 1.809901874230713690e-03 2.171350729093965654e-04 6.019699087739111541e-05 9.999999746143408696e-01 8.205688566140288340e-03 9.999994635581970215e-01 -1.062741503119468689e-03 3.456291233305819333e-05 6.220709085464477539e-01 1.062903786078095436e-03 9.999912381172180176e-01 -4.043116234242916107e-03 -3.598184848669916391e-04 -3.026582999154925346e-05 4.043138585984706879e-03 9.999918937683105469e-01 1.277734711766242981e-02 6.111353683471679688e+01
2.563321000000000000e+07 9.999987882162973962e-01 -1.541872452739446965e-03 -2.149309331107813006e-04 6.178582648705344127e-01 1.541851156790129173e-03 9.999988064251715825e-01 -9.921326458822966280e-05 2.188035086945169447e-03 2.150836507723665240e-04 9.888175285944267908e-05 9.999999719807109999e-01 7.952097063781160893e-03 9.999918341636657715e-01 -1.355805085040628910e-03 -3.804164007306098938e-03 6.190323829650878906e-01 1.342558884061872959e-03 9.999930858612060547e-01 -3.470897907391190529e-03 -9.974611202778760344e-06 3.808843437582254410e-03 3.465769579634070396e-03 9.999867081642150879e-01 8.668722584843635559e-03 6.106908798217773438e+01
2.573702000000000000e+07 9.999982036516562589e-01 -1.882861601350417592e-03 -2.180038416909605065e-04 6.176922751774528431e-01 1.882839307926250554e-03 9.999982222113970032e-01 -1.024217257823166119e-04 2.479855343072471033e-03 2.181963000595421912e-04 1.020110755975626977e-04 9.999999709920572855e-01 7.917423072908817694e-03 9.999985694885253906e-01 -1.655854750424623489e-03 -3.755344660021364689e-04 6.203613281250000000e-01 1.654426101595163345e-03 9.999913573265075684e-01 -3.798099234700202942e-03 -2.477000467479228973e-03 3.818197583314031363e-04 3.797470359131693840e-03 9.999926686286926270e-01 -7.278564153239130974e-04 6.099782562255859375e+01
2.584080000000000000e+07 9.999976044239701212e-01 -2.178509250102379693e-03 -2.127059060519654601e-04 6.330972915263347600e-01 2.178492950796414879e-03 9.999976241300011504e-01 -7.683000960802023876e-05 2.814912301251641831e-03 2.128727755758060426e-04 7.636644724228401312e-05 9.999999744266734325e-01 8.019130396171584435e-03 9.999966025352478027e-01 -1.824086881242692471e-03 1.890049781650304794e-03 6.247975826263427734e-01 1.819684053771197796e-03 9.999956488609313965e-01 2.348202047869563103e-03 3.798184683546423912e-03 -1.894325600005686283e-03 -2.344753593206405640e-03 9.999954104423522949e-01 2.032412157859653234e-04 6.094339370727539062e+01
2.594452000000000000e+07 9.999943517008418326e-01 -3.353727203760989341e-03 -2.215412286712753953e-04 6.306427530077383103e-01 3.353719563837619187e-03 9.999943756596707534e-01 -3.484783313923160881e-05 3.788644709803751232e-03 2.216568527713367069e-04 3.410464917256929469e-05 9.999999748525565391e-01 7.780746712846575014e-03 9.999878406524658203e-01 -2.783238189294934273e-03 4.053335636854171753e-03 6.283971667289733887e-01 2.784049604088068008e-03 9.999960660934448242e-01 -1.854373404057696462e-04 5.256443284451961517e-03 -4.052802920341491699e-03 1.967203716048970819e-04 9.999918341636657715e-01 6.492924410849809647e-03 6.074892807006835938e+01
2.604815000000000000e+07 9.999910172473581715e-01 -4.233274238166319543e-03 -2.116936661102825133e-04 6.318634661276316677e-01 4.233285178580298812e-03 9.999910382945914611e-01 5.125905479935676884e-05 4.712783765731813797e-03 2.114747753426053200e-04 -5.215475399165305778e-05 9.999999762791507152e-01 7.553540475468206554e-03 9.999786615371704102e-01 -3.308891318738460541e-03 5.626626312732696533e-03 6.398551464080810547e-01 3.309487132355570793e-03 9.999945163726806641e-01 -1.098206339520402253e-04 8.630342781543731689e-03 -5.626235622912645340e-03 1.284415920963510871e-04 9.999841451644897461e-01 1.331828441470861435e-02 6.045625686645507812e+01
2.615190000000000000e+07 9.999870808568800395e-01 -5.079627840795897936e-03 -1.884171945219714696e-04 6.372346474289257712e-01 5.079654395763005120e-03 9.999870885705234302e-01 1.407272961138447578e-04 5.642791618031437959e-03 1.876999195149091945e-04 -1.416825722421102677e-04 9.999999723473947943e-01 7.343455457219620272e-03 9.999859333038330078e-01 -4.375081043690443039e-03 3.002483863383531570e-03 6.426677703857421875e-01 4.378827754408121109e-03 9.999897480010986328e-01 -1.246195286512374878e-03 8.670482784509658813e-03 -2.997000701725482941e-03 1.259321696124970913e-03 9.999946951866149902e-01 1.349162403494119644e-02 6.039926528930664062e+01
2.625554000000000000e+07 9.999755046962928162e-01 -6.997282900965100770e-03 -1.674569928529954469e-04 6.317765897876871373e-01 6.997331359862311688e-03 9.999754761630321731e-01 2.905663542771418258e-04 7.466083620400335366e-03 1.654197112843433916e-04 -2.917309887754163892e-04 9.999999437646758249e-01 6.816504263261292246e-03 9.999787807464599609e-01 -6.431858520954847336e-03 1.094236969947814941e-03 6.460449099540710449e-01 6.433938164263963699e-03 9.999774098396301270e-01 -1.946427510119974613e-03 9.888917207717895508e-03 -1.081692869774997234e-03 1.953427679836750031e-03 9.999975562095642090e-01 1.123122125864028931e-02 6.008838272094726562e+01
2.635915000000000000e+07 9.999558592897026532e-01 -9.394516817161337185e-03 -1.500654327185546534e-04 6.318749373986978224e-01 9.394568863218162591e-03 9.999558088200164452e-01 3.499666319535293317e-04 9.850714521938346707e-03 1.467710335044454149e-04 -3.513609843194618189e-04 9.999999275018534028e-01 6.247977796068904417e-03 9.999613761901855469e-01 -8.385580964386463165e-03 2.621283289045095444e-03 6.482596397399902344e-01 8.390689268708229065e-03 9.999629259109497070e-01 -1.903915079310536385e-03 9.018205106258392334e-03 -2.605225192382931709e-03 1.925835967995226383e-03 9.999946951866149902e-01 1.055564079433679581e-02 5.954864120483398438e+01
2.646280000000000000e+07 9.999410349687897215e-01 -1.085903047743089732e-02 -8.964998297990950068e-05 6.509251981638586315e-01 1.085906298236624136e-02 9.999409700246366661e-01 3.704211267222961863e-04 1.138064816806584091e-02 8.562227645065495810e-05 -3.713727996850618978e-04 9.999999273755286744e-01 5.948734367715681481e-03 9.999489188194274902e-01 -9.995679371058940887e-03 1.451758900657296181e-03 6.464877724647521973e-01 9.998778812587261200e-03 9.999476075172424316e-01 -2.200318966060876846e-03 9.119182825088500977e-03 -1.429685740731656551e-03 2.214722568169236183e-03 9.999965429306030273e-01 9.803045541048049927e-03 6.005891036987304688e+01
2.656661000000000000e+07 9.999361286171883911e-01 -1.130124266147171722e-02 -1.435383044367632001e-04 6.308139473073972603e-01 1.130129527885568794e-02 9.999360694215542189e-01 3.712110773723669571e-04 1.163782777113948029e-02 1.393339815803322089e-04 -3.728095363339112983e-04 9.999999207995442507e-01 5.842231214064055357e-03 9.999309182167053223e-01 -1.167545653879642487e-02 -1.390820252709090710e-03 6.464000344276428223e-01 1.167714409530162811e-02 9.999310374259948730e-01 1.205316511914134026e-03 1.478254143148660660e-02 1.376642030663788319e-03 -1.221472281031310558e-03 9.999983310699462891e-01 1.069895178079605103e-02 5.946176147460937500e+01
2.667029000000000000e+07 9.999286414838840509e-01 -1.194568220951925698e-02 -1.122934928128318740e-04 6.394906189725990675e-01 1.194572325073089102e-02 9.999285780252601397e-01 3.722062295411403612e-04 1.228910622465600663e-02 1.078392150395087238e-04 -3.735210965086178600e-04 9.999999244263405584e-01 5.733766068943345340e-03 9.999204277992248535e-01 -1.213221810758113861e-02 -3.455703612416982651e-03 6.479428410530090332e-01 1.213820930570363998e-02 9.999248981475830078e-01 1.682476722635328770e-03 2.090703323483467102e-02 3.435038262978196144e-03 -1.724291127175092697e-03 9.999926090240478516e-01 1.078884676098823547e-02 5.895289611816406250e+01
2.677390000000000000e+07 9.999189479600807395e-01 -1.273163767538685112e-02 -5.400050034822079345e-05 6.450833991910809306e-01 1.273165461370142845e-02 9.999188961024313427e-01 3.258705892375499428e-04 1.300113300056344144e-02 4.984725451678717503e-05 -3.265316924664815297e-04 9.999999454461522275e-01 5.660431151524040333e-03 9.999191164970397949e-01 -1.222607214003801346e-02 -3.504702588543295860e-03 6.550698876380920410e-01 1.222952734678983688e-02 9.999247789382934570e-01 9.776676306501030922e-04 1.726588606834411621e-02 3.492491086944937706e-03 -1.020449330098927021e-03 9.999933838844299316e-01 7.811950054019689560e-03 5.913587188720703125e+01
2.687767000000000000e+07 9.999191606017618916e-01 -1.271498774189399467e-02 -3.679254210966521887e-05 6.515644389140469173e-01 1.271499891741396243e-02 9.999191094886737963e-01 3.213835885523431014e-04 1.304365219896865685e-02 3.270317769233851979e-05 -3.218254252145044247e-04 9.999999476794493303e-01 5.714434340613842693e-03 9.999210238456726074e-01 -1.250895950943231583e-02 -1.255268463864922523e-03 6.665039658546447754e-01 1.250763237476348877e-02 9.999212622642517090e-01 -1.031913096085190773e-03 1.728605851531028748e-02 1.268075546249747276e-03 1.016132184304296970e-03 9.999987483024597168e-01 1.015275437384843826e-02 5.910764694213867188e+01
2.698128000000000000e+07 9.999255531466161306e-01 -1.220191767073388819e-02 -3.688928331809889958e-05 6.597806822623126788e-01 1.220192968388236418e-02 9.999254941090819360e-01 3.451578185131236147e-04 1.266805792563492281e-02 3.267494731600860207e-05 -3.455822430657532742e-04 9.999999397526251332e-01 5.821510858677864282e-03 9.999210834503173828e-01 -1.224163919687271118e-02 2.805923577398061752e-03 6.761448383331298828e-01 1.224469020962715149e-02 9.999244213104248047e-01 -1.067367731593549252e-03 1.662218943238258362e-02 -2.792650600895285606e-03 1.101642032153904438e-03 9.999954700469970703e-01 1.079278066754341125e-02 5.943568038940429688e+01
2.708502000000000000e+07 9.999267318369385871e-01 -1.210488265065704297e-02 -5.259752590341018716e-05 6.560859362865993916e-01 1.210490054578524863e-02 9.999266702040017218e-01 3.543869280192977925e-04 1.255043963510107420e-02 4.830385654374928675e-05 -3.549976505909803568e-04 9.999999358216974388e-01 5.789346792410153889e-03 9.999270439147949219e-01 -1.186113711446523666e-02 2.274634782224893570e-03 6.736611723899841309e-01 1.185742858797311783e-02 9.999283552169799805e-01 1.626934972591698170e-03 2.517061494290828705e-02 -2.293765777722001076e-03 -1.599843497388064861e-03 9.999960660934448242e-01 1.249848213046789169e-02 5.934000015258789062e+01
2.718879000000000000e+07 9.999189835252890735e-01 -1.272893125926448550e-02 2.636141753154791077e-05 6.737798019765399715e-01 1.272892256144289060e-02 9.999189367526779559e-01 3.073336847509063334e-04 1.320435248991800453e-02 -3.027130993207159313e-05 -3.069732332172278003e-04 9.999999524255398509e-01 5.904013780232366185e-03 9.999232292175292969e-01 -1.233780570328235626e-02 1.150954398326575756e-03 6.738742589950561523e-01 1.233644224703311920e-02 9.999232888221740723e-01 1.157740945927798748e-03 2.197663299739360809e-02 -1.165149151347577572e-03 -1.143458066508173943e-03 9.999987483024597168e-01 8.799895644187927246e-03 5.953817749023437500e+01
2.729253000000000000e+07 9.999387028925452725e-01 -1.107201456252908910e-02 -3.081483821431170141e-05 6.740160276277352702e-01 1.107202531537637528e-02 9.999386333354156609e-01 3.739213396027562218e-04 1.175569481725268622e-02 2.667288464088320656e-05 -3.742396019790370995e-04 9.999999296166354190e-01 6.049413024605123507e-03 9.999399781227111816e-01 -1.044912636280059814e-02 3.286294639110565186e-03 6.871132850646972656e-01 1.043471693992614746e-02 9.999358654022216797e-01 4.393649753183126450e-03 1.732540503144264221e-02 -3.331984626129269600e-03 -4.359091632068157196e-03 9.999848604202270508e-01 9.448106400668621063e-03 5.924879837036132812e+01
2.739627000000000000e+07 9.999619695870006764e-01 -8.721195976207669551e-03 -1.088715884432555703e-05 6.839352842426789092e-01 8.721199364600378326e-03 9.999619032309876587e-01 3.643712389818486315e-04 9.604890797553002416e-03 7.708991016075505184e-06 -3.644523308779669250e-04 9.999999335575311399e-01 6.450816855455348761e-03 9.999688863754272461e-01 -7.874661125242710114e-03 -2.885523717850446701e-04 6.891995072364807129e-01 7.875525392591953278e-03 9.999632239341735840e-01 3.385875374078750610e-03 1.469065248966217041e-02 2.618706494104117155e-04 -3.388049313798546791e-03 9.999942779541015625e-01 1.024943590164184570e-02 5.948403167724609375e+01
2.750002000000000000e+07 9.999805477791295916e-01 -6.237171415785831667e-03 -4.192019987292315591e-05 6.800293331809804664e-01 6.237183250526713400e-03 9.999805070023805031e-01 2.883775041974228335e-04 7.150314245960207558e-03 4.012072285290883220e-05 -2.886333585749930480e-04 9.999999575405563723e-01 6.994403726137842295e-03 9.999832510948181152e-01 -4.859168082475662231e-03 3.163770306855440140e-03 7.049564719200134277e-01 4.856397863477468491e-03 9.999878406524658203e-01 8.866277639754116535e-04 7.229358889162540436e-03 -3.168035997077822685e-03 -8.712431881576776505e-04 9.999945759773254395e-01 1.375322882086038589e-02 6.053612899780273438e+01
2.760390000000000000e+07 9.999973999271042358e-01 -2.279453707908737133e-03 -6.503669309907112947e-05 7.107484257028814367e-01 2.279457915798745789e-03 9.999973999393761970e-01 6.469964647164551472e-05 3.170202089170283573e-03 6.488904414916767430e-05 -6.484772665426327513e-05 9.999999957920920890e-01 8.230940579064441320e-03 9.999884963035583496e-01 -2.831398509442806244e-03 3.869076725095510483e-03 7.148811221122741699e-01 2.841408131644129753e-03 9.999926686286926270e-01 -2.559667918831110001e-03 -4.411405883729457855e-03 -3.861804725602269173e-03 2.570631681010127068e-03 9.999892711639404297e-01 1.114161498844623566e-02 5.970140838623046875e+01
2.770778000000000000e+07 9.999998181217407689e-01 -5.916395138789844275e-04 -1.171289146111520533e-04 7.179822475466037801e-01 5.916452819640803575e-04 9.999998237667592216e-01 4.921709070988267967e-05 1.513440275926495205e-03 1.170997751944524641e-04 -4.928638052586197546e-05 9.999999919292479333e-01 8.740389581523998544e-03 9.999923706054687500e-01 -3.418285341467708349e-04 -3.891503904014825821e-03 7.091949582099914551e-01 3.250214213039726019e-04 9.999907016754150391e-01 -4.302844870835542679e-03 -4.802953451871871948e-03 3.892936743795871735e-03 4.301548935472965240e-03 9.999831914901733398e-01 9.276294149458408356e-03 6.059900665283203125e+01
2.781165000000000000e+07 9.999998044715875389e-01 6.127866830857580261e-04 -1.246966707657419819e-04 7.222019932890113569e-01 -6.127789204422244129e-04 9.999998103115204096e-01 6.228089685288393002e-05 5.503171274893353150e-04 1.247348120172031951e-04 -6.220447318233958650e-05 9.999999902859147971e-01 8.994105671367054466e-03 9.999991059303283691e-01 1.292845816351473331e-03 -2.627890498843044043e-04 7.197315096855163574e-01 -1.293156528845429420e-03 9.999984502792358398e-01 -1.206331537105143070e-03 -1.594519941136240959e-03 2.612290554679930210e-04 1.206667860969901085e-03 9.999992847442626953e-01 6.816782522946596146e-03 6.060294342041015625e+01
2.791552000000000000e+07 9.999998320747891523e-01 5.692567943186031603e-04 -1.086143831723858296e-04 7.290498368462319245e-01 -5.692497600010701852e-04 9.999998358788485531e-01 6.478406811602903403e-05 5.810619860951632193e-04 1.086512441186674333e-04 -6.472222852348235851e-05 9.999999920029698508e-01 8.977902543758456075e-03 9.999957680702209473e-01 7.949037826620042324e-04 -2.822817303240299225e-03 7.305032610893249512e-01 -8.048323215916752815e-04 9.999933838844299316e-01 -3.522329032421112061e-03 -6.529921665787696838e-03 2.820001216605305672e-03 3.524585394188761711e-03 9.999898076057434082e-01 8.310992270708084106e-03 6.044822311401367188e+01
2.801940000000000000e+07 9.999998624992199048e-01 -5.163253754317634640e-04 -9.170414796554696168e-05 7.278537735626339211e-01 5.163309160679704609e-04 9.999998648767903786e-01 6.040520547761813760e-05 1.474598819268585839e-03 9.167294683410573397e-05 -6.045254685810535193e-05 9.999999939707802099e-01 8.745666866494510722e-03 9.999998211860656738e-01 1.511009031673893332e-04 -5.392818711698055267e-04 7.455793023109436035e-01 -1.533218164695426822e-04 9.999917745590209961e-01 -4.050435498356819153e-03 -1.476156245917081833e-02 5.386716802604496479e-04 4.050516057759523392e-03 9.999916553497314453e-01 7.342767436057329178e-03 6.038726425170898438e+01
2.812328000000000000e+07 9.999999422956035167e-01 3.322433823798979515e-04 -7.087402955376926196e-05 7.424848212090787714e-01 -3.322381615559374100e-04 9.999999420958208818e-01 7.366248925615612414e-05 7.811228248628005475e-04 7.089849932371255624e-05 -7.363893794893708084e-05 9.999999947753549501e-01 8.913373614807552567e-03 9.999836087226867676e-01 6.232440937310457230e-04 5.688607227057218552e-03 7.480694651603698730e-01 -6.046385387890040874e-04 9.999944567680358887e-01 -3.271192079409956932e-03 -1.172630488872528076e-02 -5.690624471753835678e-03 3.267701249569654465e-03 9.999784827232360840e-01 7.360043935477733612e-03 6.089852905273437500e+01
2.822715000000000000e+07 9.999991844692674992e-01 1.272613164757415956e-03 -1.073150497739329932e-04 7.319165026025459264e-01 -1.272604596377381386e-03 9.999991870485258616e-01 7.987374926114570713e-05 4.094935224629645248e-05 1.074166109176331212e-04 -7.973711449496969728e-05 9.999999910518320156e-01 9.113247589515666852e-03 9.999950528144836426e-01 1.126928837038576603e-03 2.914550714194774628e-03 7.511351108551025391e-01 -1.124894595704972744e-03 9.999991059303283691e-01 -6.809009355492889881e-04 -9.598175995051860809e-03 -2.915313467383384705e-03 6.776179070584475994e-04 9.999955296516418457e-01 1.108551770448684692e-02 6.112089538574218750e+01
2.833090000000000000e+07 9.999985216629327933e-01 1.717898134630476727e-03 -7.414866958594236532e-05 7.472387123685725330e-01 -1.717891175422917548e-03 9.999985200231155114e-01 9.381665851439680449e-05 -3.291737556830376713e-04 7.430972730607923651e-05 -9.368914047993149707e-05 9.999999928502047997e-01 9.186758513323267303e-03 9.999947547912597656e-01 1.748209353536367416e-03 2.722867997363209724e-03 7.510215044021606445e-01 -1.748218084685504436e-03 9.999985098838806152e-01 2.661066901055164635e-05 -5.237972363829612732e-03 -2.722818637266755104e-03 -3.136685336357913911e-05 9.999963045120239258e-01 1.351748034358024597e-02 6.091369628906250000e+01
2.843477000000000000e+07 9.999996278209900558e-01 8.580461602410098098e-04 -9.008124306072461704e-05 7.379627966651074455e-01 -8.580395917763352937e-04 9.999996292245161289e-01 7.293045657152027734e-05 3.511118469075870082e-04 9.014378736222375356e-05 -7.285313615136923353e-05 9.999999932832587257e-01 9.030514680463702648e-03 9.999986886978149414e-01 1.489343238063156605e-03 5.938193062320351601e-04 7.531107068061828613e-01 -1.489426591433584690e-03 9.999988675117492676e-01 1.570875429024454206e-05 -3.677439643070101738e-03 -5.937989917583763599e-04 -1.659641748119611293e-05 9.999998211860656738e-01 8.861449547111988068e-03 6.041724777221679688e+01
2.853865000000000000e+07 9.999985490761904572e-01 1.701764339859355860e-03 -7.644397490760454180e-05 7.459470123272421427e-01 -1.701757215660544683e-03 9.999985476704241760e-01 9.316360495620808213e-05 -3.167159579122295920e-04 7.660240638448580534e-05 -9.303338069863396887e-05 9.999999927384307652e-01 9.180381236831357955e-03 9.999974966049194336e-01 2.157745650038123131e-03 6.028077332302927971e-04 7.517737150192260742e-01 -2.158657880499958992e-03 9.999966621398925781e-01 1.394028309732675552e-03 -8.364113164134323597e-04 -5.997880361974239349e-04 -1.395321800373494625e-03 9.999988079071044922e-01 8.981725201010704041e-03 6.102041625976562500e+01
2.864242000000000000e+07 9.999983324442774935e-01 1.823423028848605593e-03 -1.011786865460044402e-04 7.342731631010679383e-01 -1.823413928315839854e-03 9.999983335326202427e-01 8.996462023796188265e-05 -3.784216856331066464e-04 1.013425614951289768e-04 -8.977997959089388405e-05 9.999999908346202115e-01 9.210632672193108314e-03 9.999980926513671875e-01 1.916963839903473854e-03 -4.499915812630206347e-04 7.473123669624328613e-01 -1.916650682687759399e-03 9.999978542327880859e-01 8.064121939241886139e-04 -1.446241512894630432e-03 4.515240434557199478e-04 -8.055525831878185272e-04 9.999995827674865723e-01 1.106955762952566147e-02 6.058655929565429688e+01
2.874615000000000000e+07 9.999996267974915476e-01 8.590971017168855294e-04 -9.141668227763629121e-05 7.374792182922257355e-01 -8.590904121448989005e-04 9.999996283032952515e-01 7.319082925893473628e-05 3.504402675869220610e-04 9.147952633081767070e-05 -7.311226674471305617e-05 9.999999931430459954e-01 9.031439499393886100e-03 9.999930262565612793e-01 1.380546949803829193e-03 -3.477053251117467880e-03 7.473775744438171387e-01 -1.382190501317381859e-03 9.999989867210388184e-01 -5.041438271291553974e-04 -2.355620963498950005e-03 3.476364072412252426e-03 5.089471815153956413e-04 9.999938607215881348e-01 1.000620611011981964e-02 5.987100982666015625e+01
2.884990000000000000e+07 9.999999490796056545e-01 3.114060643906226824e-04 -6.976425982314608961e-05 7.425602776058906063e-01 -3.114009480146238138e-04 9.999999488255720825e-01 7.333693184496412412e-05 7.958615215837692601e-04 6.978709381770826906e-05 -7.331520345455458029e-05 9.999999948773213854e-01 8.905775414487329331e-03 9.999753236770629883e-01 8.328045951202511787e-04 -6.977937649935483932e-03 7.436992526054382324e-01 -8.387261768803000450e-04 9.999992847442626953e-01 -8.357770857401192188e-04 -4.142840392887592316e-03 6.977236829698085785e-03 8.416079217568039894e-04 9.999752640724182129e-01 1.679929206147789955e-03 6.008015823364257812e+01
2.895380000000000000e+07 9.999991069025405688e-01 1.335181548223544857e-03 -5.902889463917354568e-05 7.525833010710832882e-01 -1.335176375071018282e-03 9.999991048156161577e-01 8.759035175699811555e-05 -4.453103709861096476e-05 5.914579081524625181e-05 -8.751145954717271815e-05 9.999999944217601300e-01 9.107760919767818666e-03 9.999943971633911133e-01 1.127594732679426670e-03 -3.128555137664079666e-03 7.452116012573242188e-01 -1.120190368965268135e-03 9.999965429306030273e-01 2.355294767767190933e-03 1.601990545168519020e-03 3.131196135655045509e-03 -2.351775765419006348e-03 9.999923706054687500e-01 -1.267636311240494251e-03 5.933052825927734375e+01
2.905752000000000000e+07 9.999996929002679114e-01 7.798777586083358720e-04 -7.739556424392968279e-05 7.433605741641778897e-01 -7.798720925588694536e-04 9.999996932197127153e-01 7.321216806010190305e-05 3.990823885200915720e-04 7.745263703998950180e-05 -7.315178693817738702e-05 9.999999943249526790e-01 9.005340451104383581e-03 9.999929070472717285e-01 1.615173416212201118e-03 3.413844155147671700e-03 7.504922747611999512e-01 -1.619790680706501007e-03 9.999977946281433105e-01 1.357716508209705353e-03 3.313046880066394806e-03 -3.411644604057073593e-03 -1.363236689940094948e-03 9.999932050704956055e-01 9.598341421224176884e-04 5.960393524169921875e+01
2.916127000000000000e+07 9.999996696178971023e-01 8.100863113503968625e-04 -6.726288849528898697e-05 7.477779843746097388e-01 -8.100811091833485991e-04 9.999996688941336087e-01 7.733208284683321880e-05 3.728662741970697981e-04 6.732551188292135494e-05 -7.727756890496600896e-05 9.999999947477266060e-01 9.008155788618354975e-03 9.999890923500061035e-01 1.216400880366563797e-03 4.509895574301481247e-03 7.482526898384094238e-01 -1.225646818056702614e-03 9.999971985816955566e-01 2.036368940025568008e-03 3.133788239210844040e-03 -4.507406614720821381e-03 -2.041871659457683563e-03 9.999877810478210449e-01 3.566054860129952431e-03 5.935315322875976562e+01
2.926490000000000000e+07 9.999954867999103492e-01 3.004263772388921123e-03 -2.790946007931488948e-05 7.569882352219455823e-01 -3.004261321279416523e-03 9.999954833726015790e-01 8.745428539511999172e-05 -1.504200199579502689e-03 2.817206976573329795e-05 -8.737004338447260814e-05 9.999999957864049716e-01 9.285563214896538214e-03 9.999952912330627441e-01 2.629322465509176254e-03 1.610583974979817867e-03 7.480123043060302734e-01 -2.635120647028088570e-03 9.999899864196777344e-01 3.621542826294898987e-03 6.503181997686624527e-03 -1.601038849912583828e-03 -3.625772660598158836e-03 9.999921321868896484e-01 9.067620150744915009e-03 5.908963012695312500e+01
2.936865000000000000e+07 9.999905230730733452e-01 4.353566377160009507e-03 1.498038588936421879e-05 7.571729962626865262e-01 -4.353566993238806859e-03 9.999905223280164401e-01 4.134183437226796233e-05 -2.851372901703755521e-03 -1.480025949551453579e-05 -4.140666069032530790e-05 9.999999990332204547e-01 9.256196143530430118e-03 9.999863505363464355e-01 5.168732721358537674e-03 6.939290906302630901e-04 7.481040358543395996e-01 -5.170741584151983261e-03 9.999824166297912598e-01 2.916236640885472298e-03 4.471898544579744339e-03 -6.788530736230313778e-04 -2.919782651588320732e-03 9.999955296516418457e-01 7.104562595486640930e-03 5.848771286010742188e+01
2.947253000000000000e+07 9.999749777230277914e-01 7.073586113293050918e-03 9.114336135843345587e-05 7.401616066626478529e-01 -7.073579053344891850e-03 9.999749789194947169e-01 -7.755073631325862975e-05 -5.668911199456649549e-03 -9.168964266686516879e-05 7.690408604271380089e-05 9.999999928393854542e-01 9.026392374386823028e-03 9.999762773513793945e-01 6.847671233117580414e-03 8.200822630897164345e-04 7.438430786132812500e-01 -6.846916861832141876e-03 9.999761581420898438e-01 -8.688757661730051041e-04 -3.568108892068266869e-03 -8.260058821178972721e-04 8.632312528789043427e-04 9.999992251396179199e-01 4.822286311537027359e-03 5.783302307128906250e+01
2.957630000000000000e+07 9.999659484582966718e-01 8.251366303837890173e-03 1.299111402904966643e-04 7.365865826246464909e-01 -8.251348380272130120e-03 9.999659475357726146e-01 -1.379045939919545808e-04 -6.999720437916034238e-03 -1.310446178346009723e-04 1.368279560332840697e-04 9.999999820527087913e-01 8.870555141986825529e-03 9.999555349349975586e-01 9.410633705556392670e-03 5.062223062850534916e-04 7.451844811439514160e-01 -9.410679340362548828e-03 9.999557733535766602e-01 -1.045789576892275363e-05 -6.397938821464776993e-03 -5.063047283329069614e-04 5.695917025150265545e-06 9.999999403953552246e-01 9.206176735460758209e-03 5.725081634521484375e+01
2.968017000000000000e+07 9.999446055195976291e-01 1.052307871526864114e-02 2.251958537298880548e-04 7.304653051068863423e-01 -1.052301728112364776e-02 9.999445944562672661e-01 -2.722711107220048433e-04 -9.592141493398601698e-03 -2.280485067921740182e-04 2.698862886861559240e-04 9.999999375776366106e-01 8.404367185766169202e-03 9.999430179595947266e-01 1.058884430676698685e-02 -1.351614715531468391e-03 7.381514906883239746e-01 -1.059174910187721252e-02 9.999414682388305664e-01 -2.192836487665772438e-03 -1.000010315328836441e-02 1.328318729065358639e-03 2.207029378041625023e-03 9.999966621398925781e-01 1.230298168957233429e-02 5.657664108276367188e+01
2.978390000000000000e+07 9.999425400439084788e-01 1.071751619608418346e-02 2.268469779641609364e-04 7.264776001844244213e-01 -1.071745098104890173e-02 9.999425253520993762e-01 -2.867740636806658861e-04 -9.806942780239524815e-03 -2.299074456214242617e-04 2.843263643407465389e-04 9.999999331505416977e-01 8.334035974777758565e-03 9.999306201934814453e-01 1.126460917294025421e-02 -3.443870693445205688e-03 7.427960634231567383e-01 -1.126536913216114044e-02 9.999364614486694336e-01 -2.053292118944227695e-04 -5.890166386961936951e-03 3.441342851147055626e-03 2.441094402456656098e-04 9.999940395355224609e-01 1.296387612819671631e-02 5.657929611206054688e+01
2.988778000000000000e+07 9.999232735187856269e-01 1.238401359268582157e-02 2.885900045110432587e-04 7.501934124440362561e-01 -1.238391158589858924e-02 9.999232542549190139e-01 -3.526123426009026489e-04 -1.149826491974869497e-02 -2.929346124608111362e-04 3.490114148285335398e-04 9.999998961901681582e-01 8.430501239406903990e-03 9.999235272407531738e-01 1.236011367291212082e-02 1.835539114836137742e-05 7.434338331222534180e-01 -1.236014906316995621e-02 9.999199509620666504e-01 2.702062251046299934e-03 -2.787010045722126961e-03 1.504243664385285228e-05 -2.702086465433239937e-03 9.999963045120239258e-01 9.375387802720069885e-03 5.722579193115234375e+01
2.999166000000000000e+07 9.999331903251333920e-01 1.155601617787055911e-02 2.708934808735289539e-04 7.368072758195399752e-01 -1.155592867921633772e-02 9.999331760656267054e-01 -3.223703636696103681e-04 -1.069749899904317431e-02 -2.746006956494969438e-04 3.192184006304558041e-04 9.999999113470360301e-01 8.317765283897864820e-03 9.999086260795593262e-01 1.154994126409292221e-02 7.037813775241374969e-03 7.483808994293212891e-01 -1.152094174176454544e-02 9.999250769615173340e-01 -4.144288599491119385e-03 -1.133539527654647827e-02 -7.085152436047792435e-03 4.062830004841089249e-03 9.999666810035705566e-01 8.493972942233085632e-03 5.765971374511718750e+01
3.009553000000000000e+07 9.999545062204918677e-01 9.536227621735008514e-03 2.141409827799675475e-04 7.493941102348438132e-01 -9.536185894320151762e-03 9.999545105260149169e-01 -1.950424266626781770e-04 -8.460914996723821468e-03 -2.159912105087828627e-04 1.929914653226592793e-04 9.999999580510466890e-01 8.765238582137600126e-03 9.999260902404785156e-01 8.942992426455020905e-03 8.225955069065093994e-03 7.479320168495178223e-01 -8.898071944713592529e-03 9.999454021453857422e-01 -5.480239633470773697e-03 -1.534996461123228073e-02 -8.274519816040992737e-03 5.406642798334360123e-03 9.999510645866394043e-01 1.150716468691825867e-02 5.800019073486328125e+01
3.019928000000000000e+07 9.999740241204452262e-01 7.207267035589937955e-03 7.991272046594283555e-05 7.334755952829957737e-01 -7.207259827561357697e-03 9.999740233043346027e-01 -9.012281586453020665e-05 -5.816011815028311605e-03 -8.056018379992775278e-05 8.954452310298934611e-05 9.999999927459175542e-01 8.976381483677348463e-03 9.999564290046691895e-01 7.564072497189044952e-03 5.483199842274188995e-03 7.427001595497131348e-01 -7.557237986475229263e-03 9.999706149101257324e-01 -1.269942382350564003e-03 -6.295310333371162415e-03 -5.492642056196928024e-03 1.228451728820800781e-03 9.999842643737792969e-01 9.072955697774887085e-03 5.814118576049804688e+01
3.030305000000000000e+07 9.999910610823012913e-01 4.228082191591198830e-03 -3.280953161930316866e-05 7.386160118676262654e-01 -4.228080894182814978e-03 9.999910608453883576e-01 3.951275848690508275e-05 -2.605035871757422662e-03 3.297630152040908824e-05 -3.937368393175332389e-05 9.999999986811383135e-01 9.250373292227690933e-03 9.999825954437255859e-01 5.094326566904783249e-03 2.969661960378289223e-03 7.444185018539428711e-01 -5.110659636557102203e-03 9.999716877937316895e-01 5.515358876436948776e-03 5.406801123172044754e-03 -2.941485028713941574e-03 -5.530443508177995682e-03 9.999803900718688965e-01 9.403042495250701904e-03 5.898947143554687500e+01
3.040678000000000000e+07 9.999962057602218568e-01 2.753588476631554927e-03 -7.883907346175436138e-05 7.406634294327463230e-01 -2.753581288038000306e-03 9.999962047341602878e-01 9.114441042932111081e-05 -1.165608244034886318e-03 7.908974844682404952e-05 -9.092697480634960334e-05 9.999999927385483378e-01 9.297234980383286412e-03 9.999946951866149902e-01 2.554736565798521042e-03 1.989851007238030434e-03 7.439220547676086426e-01 -2.553587779402732849e-03 9.999965429306030273e-01 -5.620399606414139271e-04 -3.244090592488646507e-03 -1.991276629269123077e-03 5.569616332650184631e-04 9.999978542327880859e-01 1.032448094338178635e-02 5.902723312377929688e+01
3.051040000000000000e+07 9.999987268365123638e-01 1.593580345442408876e-03 -8.262562240773547464e-05 7.432020955092278891e-01 -1.593572891601097771e-03 9.999987261938922956e-01 9.019971541530110522e-05 -2.235958895676658838e-04 8.276925765481060672e-05 -9.006793062205083287e-05 9.999999925185087957e-01 9.165617635025031726e-03 9.999984502792358398e-01 1.702205510810017586e-03 4.077727789990603924e-04 7.523662447929382324e-01 -1.701724017038941383e-03 9.999978542327880859e-01 -1.276019844226539135e-03 -9.898944990709424019e-04 -4.099470970686525106e-04 1.275323913432657719e-03 9.999991059303283691e-01 1.036885008215904236e-02 5.990387344360351562e+01
3.061403000000000000e+07 9.999998808207937184e-01 4.855971793175287003e-04 -5.053491976038077362e-05 7.513238729979241359e-01 -4.855929282031409984e-04 9.999998785632904230e-01 8.410061144589886105e-05 6.614728196416642990e-04 5.057575264321184270e-05 -8.407606202323481405e-05 9.999999951866545000e-01 8.933100057165818328e-03 9.999981522560119629e-01 1.070815604180097580e-03 -1.643845112994313240e-03 7.489147782325744629e-01 -1.070995582267642021e-03 9.999993443489074707e-01 -1.479581842431798577e-04 3.143133828416466713e-03 1.643682597205042839e-03 1.497151097282767296e-04 9.999986886978149414e-01 6.104103755205869675e-03 6.037456130981445312e+01
3.071778000000000000e+07 9.999999543368278676e-01 -2.990280193861018926e-04 -4.368738873755359834e-05 7.479052965692333244e-01 2.990315985281575412e-04 9.999999519327517072e-01 8.194266056027779113e-05 1.339726229201810160e-03 4.366288348673111016e-05 -8.195572072788557280e-05 9.999999956884063623e-01 8.779991660954779634e-03 9.999984502792358398e-01 5.760797066614031792e-04 -1.659169327467679977e-03 7.547003030776977539e-01 -5.707802483811974525e-04 9.999945163726806641e-01 3.259203163906931877e-03 8.270679041743278503e-03 1.661044778302311897e-03 -3.258250420913100243e-03 9.999932050704956055e-01 5.051592830568552017e-03 6.099055862426757812e+01
3.082141000000000000e+07 9.999999181832803785e-01 -4.036021310324660488e-04 -2.718012758925826463e-05 7.532164237125947848e-01 4.036045392555304818e-04 9.999999146218132573e-01 8.865522718592587156e-05 1.444021485793177580e-03 2.714434383158302692e-05 -8.866618995484855728e-05 9.999999957007458251e-01 8.794429241503649852e-03 9.999989867210388184e-01 -4.507756093516945839e-04 1.319643459282815456e-03 7.595078945159912109e-01 4.497232439462095499e-04 9.999995231628417969e-01 8.900318644009530544e-04 2.904776949435472488e-03 -1.320052309893071651e-03 -8.894419879652559757e-04 9.999988079071044922e-01 1.094967499375343323e-02 6.482179260253906250e+01
3.092516000000000000e+07 9.999984680743939647e-01 -1.749864457151134286e-03 4.269931070019016386e-05 7.592682410755416944e-01 1.749859193462253255e-03 9.999984614305953423e-01 1.230009327384693689e-04 2.881148772426764086e-03 -4.291447996583372241e-05 -1.229260265284244039e-04 9.999999915237696158e-01 8.512040194022742548e-03 9.999974370002746582e-01 -1.844519749283790588e-03 1.320523326285183430e-03 7.610082626342773438e-01 1.843425678089261055e-03 9.999979734420776367e-01 7.269202033057808876e-04 -2.555106068029999733e-03 -1.321860705502331257e-03 -7.244799053296446800e-04 9.999988079071044922e-01 1.807438395917415619e-02 6.126268768310546875e+01
3.102878000000000000e+07 9.999978750671993932e-01 -2.060063129186896855e-03 7.746590482361839249e-05 7.675854535370948417e-01 2.060052179660669305e-03 9.999978681269359182e-01 1.411615283508551449e-04 3.267395021663373981e-03 -7.775654133753910461e-05 -1.410016445851421801e-04 9.999999870362280552e-01 8.485717837884289988e-03 9.999977946281433105e-01 -1.482821069657802582e-03 1.454974524676799774e-03 7.631735801696777344e-01 1.484836917370557785e-03 9.999980330467224121e-01 -1.368483295664191246e-03 -4.525307100266218185e-03 -1.452940749004483223e-03 1.370634534396231174e-03 9.999979734420776367e-01 1.826940849423408508e-02 6.098876953125000000e+01
3.113253000000000000e+07 9.999968621683708037e-01 -2.503803464480126428e-03 8.137428619104809780e-05 7.580391318334964712e-01 2.503792135779580198e-03 9.999968558440203159e-01 1.390221760384484785e-04 3.695362611314883042e-03 -8.172211453524926028e-05 -1.388179955173520213e-04 9.999999870255302792e-01 8.282632781897072971e-03 9.999985098838806152e-01 -1.742741325870156288e-03 -5.421796959126368165e-05 7.662771344184875488e-01 1.742549589835107327e-03 9.999922513961791992e-01 -3.518403507769107819e-03 -8.036875165998935699e-03 6.035283877281472087e-05 3.518312238156795502e-03 9.999938011169433594e-01 1.741676218807697296e-02 6.130243301391601562e+01
3.123630000000000000e+07 9.999929468917334585e-01 -3.752539485463437727e-03 1.568871355648641345e-04 7.639888973157982210e-01 3.752516133888047362e-03 9.999929482044983553e-01 1.488734928767976393e-04 4.921438960384099705e-03 -1.574446829138711698e-04 -1.482837213224584994e-04 9.999999766115535982e-01 7.978176536186614223e-03 9.999942779541015625e-01 -3.245746484026312828e-03 9.769384050741791725e-04 7.748529314994812012e-01 3.246765118092298508e-03 9.999941587448120117e-01 -1.039429567754268646e-03 -3.855036338791251183e-04 -9.735623607411980629e-04 1.042590476572513580e-03 9.999989867210388184e-01 1.309619285166263580e-02 6.152521514892578125e+01
3.134005000000000000e+07 9.999882145971480396e-01 -4.851777135892095145e-03 1.758602860612822061e-04 7.678942037906698603e-01 4.851745011407319723e-03 9.999882135378910242e-01 1.826391252748439220e-04 5.996726488517474703e-03 -1.767443375699853658e-04 -1.817837435846869382e-04 9.999999678580562268e-01 7.800769021866135570e-03 9.999876022338867188e-01 -4.480013158172369003e-03 2.177696209400892258e-03 7.761430144309997559e-01 4.477636888623237610e-03 9.999893903732299805e-01 1.090909703634679317e-03 5.897293332964181900e-03 -2.182561904191970825e-03 -1.081139780580997467e-03 9.999970793724060059e-01 1.658796519041061401e-02 6.037913513183593750e+01
3.144365000000000000e+07 9.999802720047606952e-01 -6.278784079817236949e-03 1.802046450189168298e-04 7.728471852261564745e-01 6.278732634282016209e-03 9.999802480531126969e-01 2.846438037932152608e-04 7.319840271866843474e-03 -1.819883025218498355e-04 -2.835067316122845274e-04 9.999999432520966236e-01 7.646665247043959480e-03 9.999734163284301758e-01 -5.217887926846742630e-03 5.086004734039306641e-03 7.842777371406555176e-01 5.205220077186822891e-03 9.999833106994628906e-01 2.506612334400415421e-03 1.120342500507831573e-02 -5.098997615277767181e-03 -2.480074297636747360e-03 9.999839067459106445e-01 1.156340818852186203e-02 6.034339141845703125e+01
3.154741000000000000e+07 9.999797625901849507e-01 -6.358668469979137684e-03 2.043174430555770918e-04 7.813010762161112233e-01 6.358610034443198077e-03 9.999797431099822775e-01 2.853916175555665452e-04 7.323731424858847747e-03 -2.061280148885072047e-04 -2.840866670329233795e-04 9.999999384030020533e-01 7.719259658225135871e-03 9.999761581420898438e-01 -5.523108411580324173e-03 4.148981068283319473e-03 7.823952436447143555e-01 5.519093479961156845e-03 9.999843239784240723e-01 9.664660901762545109e-04 9.264499880373477936e-03 -4.154247697442770004e-03 -9.435503743588924408e-04 9.999908804893493652e-01 1.078553963452577591e-02 6.082009506225585938e+01
3.165103000000000000e+07 9.999856413938438271e-01 -5.355548261040704583e-03 1.873767266960526200e-04 7.746753950715664638e-01 5.355509660263185756e-03 9.999856379570910558e-01 2.059050752452573868e-04 6.473415578954328647e-03 -1.884767701100945937e-04 -2.048986209029940203e-04 9.999999612465317878e-01 7.789392435008066912e-03 9.999889731407165527e-01 -4.671048372983932495e-03 5.093798972666263580e-04 7.862163186073303223e-01 4.670697730034589767e-03 9.999887347221374512e-01 8.339112391695380211e-04 1.071255188435316086e-02 -5.132760852575302124e-04 -8.315225713886320591e-04 9.999995231628417969e-01 1.594182476401329041e-02 6.089023971557617188e+01
3.175479000000000000e+07 9.999862992531806105e-01 -5.231702630546886806e-03 1.749104893688160228e-04 7.699263496740975654e-01 5.231667220914559824e-03 9.999862942740554983e-01 2.022926025143411473e-04 6.374392844426719079e-03 -1.759664268279257347e-04 -2.013747574863249807e-04 9.999999642420114299e-01 7.761373530539112872e-03 9.999892115592956543e-01 -4.374814219772815704e-03 -1.572122564539313316e-03 7.872439622879028320e-01 4.385039210319519043e-03 9.999687671661376953e-01 6.576939951628446579e-03 1.727459765970706940e-02 1.543302438221871853e-03 -6.583753041923046112e-03 9.999771118164062500e-01 1.907790452241897583e-02 6.095635223388671875e+01
3.185853000000000000e+07 9.999875258217157947e-01 -4.991086206008073928e-03 1.930300626197252554e-04 7.751965255643403774e-01 4.991051192973045350e-03 9.999875281656943615e-01 1.814447885363502629e-04 6.098982946357835166e-03 -1.939332617200736745e-04 -1.804791022822014169e-04 9.999999649085928866e-01 7.848729510125367764e-03 9.999718070030212402e-01 -4.731706343591213226e-03 -5.830255337059497833e-03 7.883974909782409668e-01 4.753558430820703506e-03 9.999817013740539551e-01 3.743430133908987045e-03 1.751627959311008453e-02 5.812431219965219498e-03 -3.771048737689852715e-03 9.999760389328002930e-01 6.663993000984191895e-03 6.105952072143554688e+01
3.196228000000000000e+07 9.999804123194221406e-01 -6.255365922719486466e-03 2.130166985661753999e-04 7.844238233369554836e-01 6.255307540312875919e-03 9.999803979312116287e-01 2.736464421987161227e-04 7.214991638407205164e-03 -2.147242815638531919e-04 -2.723085971888056451e-04 9.999999398707558607e-01 7.749762527742780349e-03 9.999862909317016602e-01 -4.708768334239721298e-03 -2.269821241497993469e-03 7.914883494377136230e-01 4.718063864856958389e-03 9.999805092811584473e-01 4.080379847437143326e-03 1.517070550471544266e-02 2.250567311421036720e-03 -4.091036505997180939e-03 9.999890327453613281e-01 8.959452621638774872e-03 6.128976058959960938e+01
3.206603000000000000e+07 9.999861811881364249e-01 -5.252838421995591374e-03 2.124179681920580298e-04 7.834235098453850021e-01 5.252798429588937702e-03 9.999861862128457402e-01 1.883938938727911850e-04 6.316565474541114417e-03 -2.134046365756174870e-04 -1.872755017278643179e-04 9.999999596931731238e-01 7.884005725175873697e-03 9.999880194664001465e-01 -4.750755149871110916e-03 1.184994936920702457e-03 7.969204187393188477e-01 4.747619386762380600e-03 9.999853968620300293e-01 2.599818864837288857e-03 1.342811342328786850e-02 -1.197326695546507835e-03 -2.594152465462684631e-03 9.999959468841552734e-01 1.596334949135780334e-02 6.118988800048828125e+01
3.216965000000000000e+07 9.999877705541081463e-01 -4.939936082798667902e-03 2.361667540303273550e-04 7.923144151043153283e-01 4.939898293879207286e-03 9.999877857761334532e-01 1.603259310448394042e-04 5.981797444263852771e-03 -2.369558692558015455e-04 -1.591573306506590551e-04 9.999999592604309484e-01 7.964641966872106418e-03 9.999906420707702637e-01 -4.195878747850656509e-03 -1.020112307742238045e-03 7.939795851707458496e-01 4.198194947093725204e-03 9.999887347221374512e-01 2.227065619081258774e-03 1.421561744064092636e-02 1.010757638141512871e-03 -2.231328515335917473e-03 9.999969601631164551e-01 1.381876412779092789e-02 6.131043243408203125e+01
3.227341000000000000e+07 9.999887239812459416e-01 -4.744906627474379003e-03 1.943512463236630149e-04 7.745452979607897470e-01 4.744874087875348111e-03 9.999887289858936379e-01 1.675470607380958276e-04 5.856111859766018578e-03 -1.951440509135094793e-04 -1.666229993206277450e-04 9.999999670777885985e-01 7.873962087635161256e-03 9.999862313270568848e-01 -4.286632407456636429e-03 -3.022009273990988731e-03 7.997527122497558594e-01 4.287775140255689621e-03 9.999907016754150391e-01 4.056406905874609947e-04 1.141491718590259552e-02 3.020242787897586823e-03 -4.185905854683369398e-04 9.999953508377075195e-01 1.510060485452413559e-02 6.153692626953125000e+01
3.237715000000000000e+07 9.999838354713811439e-01 -5.681261871229839958e-03 2.281688737208096250e-04 7.904566651025710655e-01 5.681211867629688828e-03 9.999838377605616557e-01 2.192051828308433598e-04 6.680202982028802562e-03 -2.294105479889356285e-04 -2.179053638310505007e-04 9.999999499440275219e-01 7.857398048393009898e-03 9.999877214431762695e-01 -4.932289943099021912e-03 -5.314224981702864170e-04 8.013262748718261719e-01 4.932458512485027313e-03 9.999879002571105957e-01 1.846074010245501995e-04 8.592882193624973297e-03 5.305117228999733925e-04 -1.872247521532699466e-04 9.999998211860656738e-01 1.642475277185440063e-02 6.155923080444335938e+01
3.248091000000000000e+07 9.999869599487348770e-01 -5.101231277123189321e-03 2.395260521210107376e-04 7.950372352474305293e-01 5.101191219099015552e-03 9.999869748026559702e-01 1.675528651387525321e-04 6.120268225537245019e-03 -2.403776581374993658e-04 -1.663288120838167343e-04 9.999999572766542499e-01 7.956659242467249010e-03 9.999860525131225586e-01 -4.927749745547771454e-03 1.861014286987483501e-03 7.996967434883117676e-01 4.927301313728094101e-03 9.999878406524658203e-01 2.778311900328844786e-04 7.243860047310590744e-03 -1.862368430010974407e-03 -2.686599618755280972e-04 9.999982714653015137e-01 1.316933799535036087e-02 6.160752105712890625e+01
3.258453000000000000e+07 9.999864228916943709e-01 -5.206058812762074176e-03 2.257962714744420247e-04 7.894865399857676769e-01 5.206018311455989228e-03 9.999864324684801797e-01 1.795893851812078296e-04 6.251795165982243670e-03 -2.267281608762788394e-04 -1.784114473546592674e-04 9.999999583818474092e-01 7.916753756262970981e-03 9.999883770942687988e-01 -4.770604427903890610e-03 -7.842024788260459900e-04 7.942828536033630371e-01 4.767950158566236496e-03 9.999831318855285645e-01 -3.307632869109511375e-03 3.519871970638632774e-03 7.999737863428890705e-04 3.303850069642066956e-03 9.999942183494567871e-01 8.309173397719860077e-03 6.178736114501953125e+01
3.268828000000000000e+07 9.999861065699784390e-01 -5.267082211065442221e-03 2.109814031536706084e-04 7.830609764371309067e-01 5.267042142085599787e-03 9.999861109829767392e-01 1.900246554326697900e-04 6.332334639263898120e-03 -2.119793482701865591e-04 -1.889107674431066554e-04 9.999999596887397812e-01 7.878146217179943234e-03 9.999877214431762695e-01 -4.759881179779767990e-03 -1.326534315012395382e-03 7.889248132705688477e-01 4.755813628435134888e-03 9.999842047691345215e-01 -3.005907172337174416e-03 2.476322930306196213e-03 1.340815797448158264e-03 2.999564865604043007e-03 9.999945759773254395e-01 3.381160320714116096e-03 6.136892700195312500e+01
3.279190000000000000e+07 9.999874434502847853e-01 -5.006648027693847043e-03 2.154483124462775649e-04 7.835721201835939009e-01 5.006610686320563629e-03 9.999874517932786366e-01 1.735111100798548175e-04 6.065423767000466954e-03 -2.163143179897578734e-04 -1.724302655850133736e-04 9.999999617379600192e-01 7.919791419968963062e-03 9.999863505363464355e-01 -4.495269618928432465e-03 -2.659873105585575104e-03 7.903514504432678223e-01 4.496539477258920670e-03 9.999897480010986328e-01 4.565460258163511753e-04 8.874028921127319336e-03 2.657794393599033356e-03 -4.684976011049002409e-04 9.999964237213134766e-01 -5.790495197288691998e-04 6.142537689208984375e+01
3.289566000000000000e+07 9.999877446957470273e-01 -4.944935303439131589e-03 2.409834572888828194e-04 7.939470835030189022e-01 4.944897133121405573e-03 9.999877613231016316e-01 1.587331817537653716e-04 5.974619642298614058e-03 -2.417654332886880913e-04 -1.575395980168466244e-04 9.999999583653740309e-01 7.973763202963436020e-03 9.999866485595703125e-01 -4.494889173656702042e-03 2.573477104306221008e-03 7.954443097114562988e-01 4.482402931898832321e-03 9.999781847000122070e-01 4.843089263886213303e-03 1.608195900917053223e-02 -2.595191355794668198e-03 -4.831495229154825211e-03 9.999849796295166016e-01 1.863721758127212524e-03 6.104860687255859375e+01
3.299941000000000000e+07 9.999860970718723596e-01 -5.269004311130128480e-03 2.079851542744032245e-04 7.813528872737760533e-01 5.268964528318224351e-03 9.999861006003754049e-01 1.913639100408569933e-04 6.346336019194243581e-03 -2.089905606259370751e-04 -1.902653831728962801e-04 9.999999600610158801e-01 7.862529221399192428e-03 9.999860525131225586e-01 -4.932319279760122299e-03 1.860597287304699421e-03 7.910003066062927246e-01 4.925843793898820877e-03 9.999820590019226074e-01 3.423655405640602112e-03 1.468178071081638336e-02 -1.877455040812492371e-03 -3.414451610296964645e-03 9.999924302101135254e-01 -4.000523593276739120e-03 6.123759841918945312e+01
3.310317000000000000e+07 9.999867070091623678e-01 -5.151966157905225364e-03 2.074866632033855454e-04 7.808287176528982965e-01 5.151927648668464151e-03 9.999867114893582487e-01 1.857073972006224253e-04 6.227533959127705583e-03 -2.084406642031332523e-04 -1.846359723587511577e-04 9.999999612310244146e-01 7.875711123038305755e-03 9.999849796295166016e-01 -4.412092268466949463e-03 -3.270811866968870163e-03 7.796840667724609375e-01 4.405487328767776489e-03 9.999881386756896973e-01 -2.050928538665175438e-03 6.539550144225358963e-03 3.279828233644366264e-03 2.036498393863439560e-03 9.999925494194030762e-01 3.231567097827792168e-03 6.152313613891601562e+01
3.320678000000000000e+07 9.999883018255534273e-01 -4.832776382458984187e-03 2.012084323074093549e-04 7.768615654262074344e-01 4.832742326854885286e-03 9.999883078846286688e-01 1.693989063219416972e-04 5.928546840685614688e-03 -2.020247467766691780e-04 -1.684245361712420066e-04 9.999999654095885759e-01 7.887358892319567757e-03 9.999618530273437500e-01 -4.348738584667444229e-03 -7.566536776721477509e-03 7.793193459510803223e-01 4.339767154306173325e-03 9.999898672103881836e-01 -1.204435015097260475e-03 8.184025064110755920e-03 7.571696303784847260e-03 1.171555602923035622e-03 9.999706149101257324e-01 -2.201321767643094063e-03 6.137756729125976562e+01
3.331053000000000000e+07 9.999897950066101160e-01 -4.513413180825257519e-03 1.974460811269384121e-04 7.743471193092887894e-01 4.513382736947795133e-03 9.999898027225846420e-01 1.543631216658201586e-04 5.614701889471142293e-03 -1.981407722332362298e-04 -1.534703966946692800e-04 9.999999685935366811e-01 7.912311395538763198e-03 9.999829530715942383e-01 -3.366493619978427887e-03 -4.787086974829435349e-03 7.839714288711547852e-01 3.393889637663960457e-03 9.999778270721435547e-01 5.735070444643497467e-03 1.665496081113815308e-02 4.767687525600194931e-03 -5.751217715442180634e-03 9.999720454216003418e-01 -5.178221501410007477e-03 6.124652862548828125e+01
3.341428000000000000e+07 9.999925228230209795e-01 -3.860971762810131401e-03 2.172459805351400867e-04 7.945306977549199123e-01 3.860940986019142408e-03 9.999925364707134001e-01 1.419094412036444870e-04 4.943418424575149114e-03 -2.177922674324842163e-04 -1.410696062517450004e-04 9.999999663329482980e-01 8.189751905406380400e-03 9.999900460243225098e-01 -3.191252704709768295e-03 3.098262939602136612e-03 7.946200966835021973e-01 3.169723553583025932e-03 9.999710321426391602e-01 6.918374449014663696e-03 1.702751591801643372e-02 -3.120260545983910561e-03 -6.908487528562545776e-03 9.999713301658630371e-01 -2.448966959491372108e-03 6.122214508056640625e+01
3.351817000000000000e+07 9.999933299298298106e-01 -3.646123299596593006e-03 2.141979561921058097e-04 8.006608620103272678e-01 3.646092815407708885e-03 9.999933428231401189e-01 1.425363563783670756e-04 4.744407350528256559e-03 -2.147162353673038758e-04 -1.417544200234641821e-04 9.999999669013108772e-01 8.259887261986044449e-03 9.999342560768127441e-01 -3.021348966285586357e-03 1.106573734432458878e-02 8.012632727622985840e-01 3.019639756530523300e-03 9.999954104423522949e-01 1.754193654051050544e-04 5.592412315309047699e-03 -1.106622070074081421e-02 -1.419912878191098571e-04 9.999386668205261230e-01 3.609429113566875458e-03 6.201913452148437500e+01
3.362178000000000000e+07 9.999956491262422809e-01 -2.944913703275237916e-03 1.709156969455752524e-04 7.935978017786334826e-01 2.944887339756423715e-03 9.999956519063666338e-01 1.542959057947951935e-04 4.093164562451004004e-03 -1.713693418993046495e-04 -1.537919070186310382e-04 9.999999734902995652e-01 8.411175425875563882e-03 9.999323487281799316e-01 -2.298948587849736214e-03 1.140134222805500031e-02 8.046565651893615723e-01 2.344891428947448730e-03 9.999891519546508789e-01 -4.021411295980215073e-03 9.804241562960669398e-05 -1.139198150485754013e-02 4.047874361276626587e-03 9.999269843101501465e-01 4.815642721951007843e-03 6.145561599731445312e+01
3.372553000000000000e+07 9.999973098810209793e-01 -2.314337776756427486e-03 1.551502038769096887e-04 8.081309485296646056e-01 2.314315430720594990e-03 9.999973115928212364e-01 1.440535540014629479e-04 3.418729566177753677e-03 -1.554831753389259569e-04 -1.436940999833460485e-04 9.999999775884945707e-01 8.615333874092212865e-03 9.999543428421020508e-01 -1.822447753511369228e-03 9.380873292684555054e-03 8.051934838294982910e-01 1.815139548853039742e-03 9.999980330467224121e-01 7.869746186770498753e-04 7.387589663267135620e-03 -9.382297284901142120e-03 -7.699166890233755112e-04 9.999557137489318848e-01 1.181076839566230774e-02 6.150860977172851562e+01
3.382928000000000000e+07 9.999961650959130477e-01 -2.765503291915358958e-03 1.475978840896565890e-04 7.843427343019554465e-01 2.765479901196159739e-03 9.999961635006756611e-01 1.584454844402754430e-04 3.944845618491274464e-03 -1.480354993321213609e-04 -1.580366978418201534e-04 9.999999765549466568e-01 8.399643276091212432e-03 9.999893903732299805e-01 -2.222864190116524696e-03 4.034133628010749817e-03 8.007738590240478516e-01 2.213750267401337624e-03 9.999949932098388672e-01 2.254143590107560158e-03 8.426339365541934967e-03 -4.039110615849494934e-03 -2.245190553367137909e-03 9.999893307685852051e-01 1.946698687970638275e-02 6.165439987182617188e+01
3.393305000000000000e+07 9.999915166019865964e-01 -4.114480945544145805e-03 1.943446527380984573e-04 7.746999354326641329e-01 4.114453902989450261e-03 9.999915258900372583e-01 1.393428591477286903e-04 5.215760746923675528e-03 -1.949163294047293255e-04 -1.385420548957712133e-04 9.999999714068600332e-01 7.995709506555650006e-03 9.999825954437255859e-01 -3.045033197849988937e-03 -5.048179533332586288e-03 7.897036671638488770e-01 3.041591029614210129e-03 9.999950528144836426e-01 -7.029192638583481312e-04 5.541916470974683762e-03 5.050285719335079193e-03 6.875484832562506199e-04 9.999869465827941895e-01 1.267285272479057312e-02 6.174208068847656250e+01
3.403666000000000000e+07 9.999897804610461405e-01 -4.515898500702397039e-03 2.136211082947068812e-04 7.806158470543380634e-01 4.515867189821869826e-03 9.999897926403247261e-01 1.468280023487486888e-04 5.592576300104895072e-03 -2.142819881500711580e-04 -1.458618172697563782e-04 9.999999664037789726e-01 7.965027385502974552e-03 9.999629855155944824e-01 -4.569383803755044937e-03 -7.292726542800664902e-03 7.904373407363891602e-01 4.561329726129770279e-03 9.999889731407165527e-01 -1.117057166993618011e-03 4.648086614906787872e-03 7.297758013010025024e-03 1.083757146261632442e-03 9.999728202819824219e-01 5.851492751389741898e-03 6.268188858032226562e+01
3.414041000000000000e+07 9.999828473720869804e-01 -5.852554421041153594e-03 2.292784376284873725e-04 7.914146993260466889e-01 5.852500539056284916e-03 9.999828463646157628e-01 2.349770231541331621e-04 6.837752027450890412e-03 -2.306497204758877785e-04 -2.336311405102775530e-04 9.999999461085972152e-01 7.833415349354392460e-03 9.999771714210510254e-01 -4.657111130654811859e-03 -4.900046158581972122e-03 7.922575473785400391e-01 4.657050129026174545e-03 9.999891519546508789e-01 -1.991138196899555624e-05 9.343084879219532013e-03 4.900088533759117126e-03 -2.907033149313065223e-06 9.999879598617553711e-01 4.373603500425815582e-03 6.234931182861328125e+01
3.424403000000000000e+07 9.999878364670362618e-01 -4.928423178967285788e-03 1.938122574039573276e-04 7.748254973635446685e-01 4.928388384767849219e-03 9.999878392929718585e-01 1.795949566926756434e-04 6.040709010018568449e-03 -1.946950204483304664e-04 -1.786375901149755930e-04 9.999999650912299032e-01 7.850798733763826587e-03 9.999852180480957031e-01 -4.655055236071348190e-03 -2.795869717374444008e-03 7.929236888885498047e-01 4.651541821658611298e-03 9.999883770942687988e-01 -1.275682589039206505e-03 7.705683819949626923e-03 2.801785711199045181e-03 1.262659556232392788e-03 9.999952316284179688e-01 6.997894961386919022e-03 6.160927963256835938e+01
3.434778000000000000e+07 9.999860292969399156e-01 -5.281238874939073180e-03 2.229965213360718781e-04 7.886160780195806685e-01 5.281197586600842181e-03 9.999860372039133249e-01 1.853370653646486618e-04 6.331745629817503440e-03 -2.239722169760241597e-04 -1.841567874090280796e-04 9.999999579613617628e-01 7.901798808963685777e-03 9.999859333038330078e-01 -4.514602478593587875e-03 -2.784971380606293678e-03 7.916671633720397949e-01 4.513558931648731232e-03 9.999896287918090820e-01 -3.978857130277901888e-04 8.201810531318187714e-03 2.786736935377120972e-03 3.853145753964781761e-04 9.999960660934448242e-01 -1.658556284382939339e-04 6.200684738159179688e+01
3.445153000000000000e+07 9.999886096937399271e-01 -4.765594471007989288e-03 2.638047975736009377e-04 8.040983267249754984e-01 4.765558271171612542e-03 9.999886351849999189e-01 1.376809927110199915e-04 5.773253706219044074e-03 -2.644579312340695717e-04 -1.364222473943918403e-04 9.999999557254871663e-01 8.045822517514870584e-03 9.999902248382568359e-01 -4.365485627204179764e-03 7.138929213397204876e-04 7.982197403907775879e-01 4.366631153970956802e-03 9.999890923500061035e-01 -1.674774335697293282e-03 6.715391296893358231e-03 -7.065741810947656631e-04 1.677860622294247150e-03 9.999982714653015137e-01 1.827921485528349876e-03 6.216156768798828125e+01
3.455516000000000000e+07 9.999913698786502270e-01 -4.148428500551455331e-03 2.251881050764870888e-04 7.909416261036633644e-01 4.148397751300356845e-03 9.999913859979198127e-01 1.368449555617708027e-04 5.215330371384899188e-03 -2.257538568035473057e-04 -1.359096047708382830e-04 9.999999652818880591e-01 8.102160112840451137e-03 9.999789595603942871e-01 -3.852271009236574173e-03 5.217038094997406006e-03 8.055208325386047363e-01 3.854328766465187073e-03 9.999924898147583008e-01 -3.748016897588968277e-04 6.834070663899183273e-03 -5.215555895119905472e-03 3.949050442315638065e-04 9.999864101409912109e-01 7.955363020300865173e-03 6.249782562255859375e+01
3.465891000000000000e+07 9.999909653876790649e-01 -4.243273701614813653e-03 2.525295224967739633e-04 8.095083989179906458e-01 4.243240614093202190e-03 9.999909887787566953e-01 1.314162273689668922e-04 5.273443081224845480e-03 -2.530848819235788621e-04 -1.303434965392168024e-04 9.999999594793065327e-01 8.166341299800409029e-03 9.999797940254211426e-01 -3.439538646489381790e-03 5.343089811503887177e-03 8.071326017379760742e-01 3.449872368946671486e-03 9.999922513961791992e-01 -1.943942741490900517e-03 4.263869021087884903e-03 -5.336373578757047653e-03 1.962338341400027275e-03 9.999837875366210938e-01 1.418125163763761520e-02 6.156422424316406250e+01
3.476253000000000000e+07 9.999937383484414077e-01 -3.532198183896708907e-03 2.164263226297049930e-04 8.078878140404720520e-01 3.532167826006191516e-03 9.999937520070745212e-01 1.404909816795774763e-04 4.632934929528426463e-03 -2.169212123719531588e-04 -1.397256479082868035e-04 9.999999667109661372e-01 8.305428796740281505e-03 9.999815821647644043e-01 -2.928586676716804504e-03 5.332938861101865768e-03 8.111974596977233887e-01 2.937966957688331604e-03 9.999940991401672363e-01 -1.728083938360214233e-03 3.719260916113853455e-03 -5.327844060957431793e-03 1.743728760629892349e-03 9.999842643737792969e-01 1.398740336298942566e-02 6.180156707763671875e+01
3.486628000000000000e+07 9.999968836438966058e-01 -2.491238130950876664e-03 1.625889319314884366e-04 8.041067871600509065e-01 2.491212710600479094e-03 9.999968847001049488e-01 1.563630593603271670e-04 3.641094957657178052e-03 -1.629779630282942844e-04 -1.559575284694243334e-04 9.999999745577164978e-01 8.546011942649162779e-03 9.999839663505554199e-01 -2.309566363692283630e-03 5.155737046152353287e-03 8.123725652694702148e-01 2.319177612662315369e-03 9.999955296516418457e-01 -1.874099485576152802e-03 4.406650085002183914e-03 -5.151389166712760925e-03 1.886023674160242081e-03 9.999849200248718262e-01 1.118561439216136932e-02 6.200128173828125000e+01
3.497003000000000000e+07 9.999978493021944859e-01 -2.069080865104907466e-03 1.424619056785484100e-04 8.054400771275603832e-01 2.069059251182501277e-03 9.999978479884981120e-01 1.516978019600768860e-04 3.201812099433377391e-03 -1.427754741156292851e-04 -1.514027135824837363e-04 9.999999783461911429e-01 8.652831575380553683e-03 9.999750256538391113e-01 -1.837038318626582623e-03 6.837015971541404724e-03 8.179281353950500488e-01 1.846663188189268112e-03 9.999973773956298828e-01 -1.399614615365862846e-03 3.295833244919776917e-03 -6.834425497800111771e-03 1.412203069776296616e-03 9.999756813049316406e-01 1.531694550067186356e-02 6.130595016479492188e+01
3.507391000000000000e+07 9.999974725393225850e-01 -2.243419938070029176e-03 1.482634145687893317e-04 8.023382435410545410e-01 2.243396651124786399e-03 9.999974712510486530e-01 1.570447890872270474e-04 3.399871403122404871e-03 -1.486153570524431124e-04 -1.567117785210261536e-04 9.999999766774472221e-01 8.603448086876424108e-03 9.999967813491821289e-01 -1.938659697771072388e-03 1.616088440641760826e-03 8.121361732482910156e-01 1.938431174494326115e-03 9.999980926513671875e-01 1.253996888408437371e-04 6.157939787954092026e-03 -1.616326626390218735e-03 -1.222668215632438660e-04 9.999986886978149414e-01 1.309904176741838455e-02 6.105699157714843750e+01
3.517756000000000000e+07 9.999983589020591257e-01 -1.808111977206568535e-03 1.136848322144565860e-04 7.921438380875972518e-01 1.808094026089652681e-03 9.999983529450277020e-01 1.578074751806425439e-04 3.001287690920795021e-03 -1.139699785574503681e-04 -1.576016633355516324e-04 9.999999810862795213e-01 8.719939749122112768e-03 9.999706745147705078e-01 -1.341423718258738518e-03 -7.542229723185300827e-03 7.977469563484191895e-01 1.405858783982694149e-03 9.999624490737915039e-01 8.537332527339458466e-03 1.861258223652839661e-02 7.530495990067720413e-03 -8.547692559659481049e-03 9.999351501464843750e-01 1.872003823518753052e-02 6.096915054321289062e+01
3.528128000000000000e+07 9.999995953151632477e-01 -8.967491834345747833e-04 7.218333983623438567e-05 7.956710224869852910e-01 8.967394533801474653e-04 9.999995888548905976e-01 1.347160929475850694e-04 2.000516843348629139e-03 -7.230411670136405796e-05 -1.346513087831351378e-04 9.999999883205701323e-01 9.013510199934130634e-03 9.999051690101623535e-01 -7.237952668219804764e-04 -1.375058293342590332e-02 7.970309257507324219e-01 7.576374337077140808e-04 9.999967813491821289e-01 2.457902533933520317e-03 1.104198396205902100e-02 1.374877057969570160e-02 -2.468077233061194420e-03 9.999023675918579102e-01 3.708566073328256607e-03 6.054716873168945312e+01
3.538505000000000000e+07 9.999996348941704305e-01 -8.511902991717242191e-04 7.540930203299560125e-05 7.990082856264386635e-01 8.511802169876999356e-04 9.999996288174322068e-01 1.336308266056927547e-04 1.938199162382217089e-03 -7.552301931149976168e-05 -1.335665909069296985e-04 9.999999882281189745e-01 9.020576261383077277e-03 9.999408125877380371e-01 -8.973747026175260544e-04 -1.084559410810470581e-02 7.951672673225402832e-01 8.950012270361185074e-04 9.999995231628417969e-01 -2.228690718766301870e-04 4.668352194130420685e-03 1.084577757865190506e-02 2.131454239133745432e-04 9.999411106109619141e-01 -6.983511615544557571e-03 6.066003036499023438e+01
3.548866000000000000e+07 9.999998344431171304e-01 -5.703147141595876291e-04 7.651714222584510066e-05 8.271756094916725699e-01 5.703099198306405470e-04 9.999998354098919018e-01 6.266412330098683372e-05 1.329766206774225367e-03 -7.655286790258592150e-05 -6.262047444231574997e-05 9.999999951091673722e-01 9.191047064267102856e-03 9.999966025352478027e-01 2.512211904104333371e-05 2.593456767499446869e-03 8.116387128829956055e-01 -2.461767508066259325e-05 9.999999403953552246e-01 -1.794642157619819045e-04 3.573609516024589539e-03 -2.593458164483308792e-03 1.793944975361227989e-04 9.999966621398925781e-01 -5.998315755277872086e-03 6.055615997314453125e+01
3.559241000000000000e+07 9.999996049589744418e-01 -8.845789634462499851e-04 8.718900094365912676e-05 8.178981121465265236e-01 8.845707454163859477e-04 9.999996043257783906e-01 9.424888574056888531e-05 1.785660316240650098e-03 -8.727233703009675686e-05 -9.417172366585098832e-05 9.999999917576124497e-01 9.057078120950566927e-03 9.999720454216003418e-01 -2.489371690899133682e-04 7.467695977538824081e-03 8.172044157981872559e-01 2.397300413576886058e-04 9.999992251396179199e-01 1.223054481670260429e-03 7.186014670878648758e-03 -7.467991206794977188e-03 -1.221226761117577553e-03 9.999713301658630371e-01 7.943758741021156311e-03 6.129427337646484375e+01
3.569616000000000000e+07 9.999989411369477610e-01 -1.450888067241065151e-03 1.124674182387245158e-04 8.088883695669973894e-01 1.450873266355754386e-03 9.999989388273353708e-01 1.315716117951356071e-04 2.503066220838589574e-03 -1.126581945620574554e-04 -1.314082965176539494e-04 9.999999850199960960e-01 8.848347023507986686e-03 9.999980330467224121e-01 -1.653129933401942253e-03 1.142535475082695484e-03 8.118822574615478516e-01 1.655065687373280525e-03 9.999972581863403320e-01 -1.662730472162365913e-03 2.923148451372981071e-03 -1.139789354056119919e-03 1.664620009250938892e-03 9.999979734420776367e-01 6.848968565464019775e-03 6.076249694824218750e+01
3.579978000000000000e+07 9.999987856254503038e-01 -1.554103650622521609e-03 1.162304090465376120e-04 8.035630016254251551e-01 1.554086494142536230e-03 9.999987815210006348e-01 1.475524420470102559e-04 2.667916349096917817e-03 -1.164595792072696344e-04 -1.473716307571693235e-04 9.999999823593845871e-01 8.801970146380655100e-03 9.999976754188537598e-01 -1.259447773918509483e-03 -1.740287174470722675e-03 8.111459016799926758e-01 1.254242379218339920e-03 9.999946951866149902e-01 -3.007130231708288193e-03 5.945722296019084752e-05 1.744073233567178249e-03 3.004945814609527588e-03 9.999939799308776855e-01 7.948706857860088348e-03 6.116070556640625000e+01
3.590353000000000000e+07 9.999980908360546206e-01 -1.950340368478192896e-03 1.204023275696749069e-04 7.915211846181720023e-01 1.950321233076696050e-03 9.999980855063032026e-01 1.588421973123884550e-04 3.138287690121698090e-03 -1.207118934075830245e-04 -1.586070708423157455e-04 9.999999801362178253e-01 8.677037453007598738e-03 9.999982714653015137e-01 -1.754302997142076492e-03 -6.377979298122227192e-04 8.175603151321411133e-01 1.751453382894396782e-03 9.999886155128479004e-01 -4.444651771336793900e-03 -2.646851819008588791e-03 6.455862894654273987e-04 4.443520680069923401e-03 9.999899268150329590e-01 1.275876071304082870e-02 6.152399826049804688e+01
3.600718000000000000e+07 9.999978970803665712e-01 -2.045759015493862562e-03 1.438917065319355454e-04 8.112191782480421276e-01 2.045740025615751592e-03 9.999978987600258717e-01 1.319970030802860433e-04 3.100565898653918212e-03 -1.441614382446058246e-04 -1.317023604727584479e-04 9.999999809359835234e-01 8.698976433005200029e-03 9.999845623970031738e-01 -1.734310411848127842e-03 5.286446772515773773e-03 8.217303156852722168e-01 1.735976664349436760e-03 9.999984502792358398e-01 -3.303316480014473200e-04 5.270225810818374157e-04 -5.285871680825948715e-03 3.395069797988981009e-04 9.999860525131225586e-01 1.053004991263151169e-02 6.123616027832031250e+01
3.611091000000000000e+07 9.999987487354421445e-01 -1.577394421621918560e-03 1.198101531642572034e-04 8.119702418368058838e-01 1.577379255497740433e-03 9.999987479261340795e-01 1.265738229352997345e-04 2.602954022388323605e-03 -1.200096599886165831e-04 -1.263846785141142803e-04 9.999999848122976820e-01 8.820572166114950402e-03 9.999909400939941406e-01 -1.079281908459961414e-03 4.109872039407491684e-03 8.175240159034729004e-01 1.071388600394129753e-03 9.999974966049194336e-01 1.945289201103150845e-03 4.813316278159618378e-03 -4.111961461603641510e-03 -1.940870890393853188e-03 9.999896287918090820e-01 8.963268250226974487e-03 6.077264022827148438e+01
3.621453000000000000e+07 9.999985904192753017e-01 -1.674454694411062856e-03 1.239391991418082076e-04 8.047786183084920664e-01 1.674436196911279666e-03 9.999985870003615940e-01 1.492001637158191078e-04 2.787911353965224007e-03 -1.241888529315307262e-04 -1.489924251238654448e-04 9.999999811891927548e-01 8.759652397771695506e-03 9.999989867210388184e-01 -1.116381259635090828e-03 -8.685856009833514690e-04 8.163388967514038086e-01 1.117489766329526901e-03 9.999985098838806152e-01 1.337512396275997162e-03 6.018348969519138336e-03 8.670936804264783859e-04 -1.338486210443079472e-03 9.999987483024597168e-01 8.269468322396278381e-03 6.072608184814453125e+01
3.631829000000000000e+07 9.999984280422705707e-01 -1.768938830524287862e-03 1.215255346100271183e-04 7.992731002193361745e-01 1.768919904744348541e-03 9.999984233439592751e-01 1.556663753749512797e-04 2.931150709027206293e-03 -1.218007072973423510e-04 -1.554511617405777719e-04 9.999999804997621311e-01 8.726105015298009013e-03 9.999912977218627930e-01 -1.362715032882988453e-03 -3.947973251342773438e-03 8.137466311454772949e-01 1.358932466246187687e-03 9.999986290931701660e-01 -9.752621990628540516e-04 5.082986317574977875e-03 3.949287813156843185e-03 9.698929497972130775e-04 9.999917149543762207e-01 8.981430903077125549e-03 6.101417541503906250e+01
3.642204000000000000e+07 9.999980124368803569e-01 -1.988742587590267615e-03 1.415110845295366440e-04 8.098899355440905001e-01 1.988723287424861656e-03 9.999980131859547150e-01 1.363965069562803132e-04 3.059642830433565233e-03 -1.417820609033829690e-04 -1.361148094829864243e-04 9.999999806853036022e-01 8.701519834247646232e-03 9.999941587448120117e-01 -1.742400461807847023e-03 -2.942370716482400894e-03 8.133693933486938477e-01 1.741146552376449108e-03 9.999984502792358398e-01 -3.997651801910251379e-04 7.529535796493291855e-03 2.943067112937569618e-03 3.946431097574532032e-04 9.999955892562866211e-01 1.997291343286633492e-03 6.030697631835937500e+01
3.652578000000000000e+07 9.999965376440547171e-01 -2.625750189831849071e-03 1.735981098756534031e-04 8.124963888778269361e-01 2.625727557086959905e-03 9.999965442599244581e-01 1.304739992203237612e-04 3.694394983182143922e-03 -1.739401020711900197e-04 -1.300177261622755594e-04 9.999999764201171759e-01 8.558838247036452962e-03 9.999962449073791504e-01 -2.224550582468509674e-03 1.632245024666190147e-03 8.168660998344421387e-01 2.229722449555993080e-03 9.999925494194030762e-01 -3.149661701172590256e-03 2.680024830624461174e-03 -1.625228091143071651e-03 3.153292927891016006e-03 9.999936819076538086e-01 -3.633569460362195969e-03 6.082032012939453125e+01
3.662953000000000000e+07 9.999914621036392059e-01 -4.124917755944050926e-03 2.465239029915074253e-04 8.108072994932292721e-01 4.124886174949063400e-03 9.999914843679891252e-01 1.284766502526086022e-04 5.165686334596217115e-03 -2.470517592788151447e-04 -1.274586703348957984e-04 9.999999613598586912e-01 8.204691283012259528e-03 9.999857544898986816e-01 -3.875475376844406128e-03 3.679819637909531593e-03 8.179993629455566406e-01 3.875727765262126923e-03 9.999924302101135254e-01 -5.742988651036284864e-05 6.025314796715974808e-03 -3.679562592878937721e-03 7.169150921981781721e-05 9.999932646751403809e-01 -5.921402480453252792e-03 6.083369445800781250e+01
3.673328000000000000e+07 9.999917357534420237e-01 -4.058428649441644769e-03 2.399606775101635310e-04 8.048872309467016706e-01 4.058396181252190045e-03 9.999917554770026973e-01 1.356387512060307210e-04 5.113412295687483518e-03 -2.405091793622519633e-04 -1.346637747219508248e-04 9.999999620104991216e-01 8.189386815935575936e-03 9.999894499778747559e-01 -4.135040100663900375e-03 1.977283041924238205e-03 8.196343183517456055e-01 4.135446622967720032e-03 9.999914169311523438e-01 -2.304314548382535577e-04 8.966051973402500153e-03 -1.976314466446638107e-03 2.386010455666109920e-04 9.999979734420776367e-01 5.047176498919725418e-03 6.104111862182617188e+01
3.683704000000000000e+07 9.999883219341419993e-01 -4.825324596135734286e-03 2.687711675660488242e-04 8.075271771725199832e-01 4.825287407585902681e-03 9.999883485943017458e-01 1.388421232045236467e-04 5.827040404606012233e-03 -2.694379943145065737e-04 -1.375436036700113931e-04 9.999999542424612420e-01 8.046967317506143261e-03 9.999877810478210449e-01 -4.918362945318222046e-03 -4.294643003959208727e-04 8.172085881233215332e-01 4.917452111840248108e-03 9.999858736991882324e-01 -2.061557956039905548e-03 6.615486927330493927e-03 4.395909782033413649e-04 2.059419639408588409e-03 9.999978542327880859e-01 -4.759914241731166840e-03 6.043971252441406250e+01
3.694079000000000000e+07 9.999837753011124875e-01 -5.690422929164051791e-03 2.611933893130435045e-04 8.054589777186691446e-01 5.690367310594857120e-03 9.999837870034395948e-01 2.131916856896794599e-04 6.619666242809000081e-03 -2.624023054210201391e-04 -2.117019404204313181e-04 9.999999431636585889e-01 7.897624914451980074e-03 9.999874830245971680e-01 -4.708996508270502090e-03 -1.678374363109469414e-03 8.146273493766784668e-01 4.710553679615259171e-03 9.999884366989135742e-01 9.091984829865396023e-04 8.619923144578933716e-03 1.674083527177572250e-03 -9.170891134999692440e-04 9.999981522560119629e-01 -2.469749422743916512e-03 6.035971069335937500e+01
3.704454000000000000e+07 9.999872844201008748e-01 -5.036872196768441348e-03 2.468152366918100870e-04 7.973372620243592834e-01 5.036832289838607743e-03 9.999873019512124372e-01 1.620431815395927729e-04 6.057085548719974219e-03 -2.476282933780848006e-04 -1.607979541703339569e-04 9.999999564121242468e-01 7.979269374313820162e-03 9.999884366989135742e-01 -4.321918822824954987e-03 -2.137604868039488792e-03 8.138402700424194336e-01 4.332521930336952209e-03 9.999783635139465332e-01 4.949883557856082916e-03 1.500608120113611221e-02 2.116162795573472977e-03 -4.959085490554571152e-03 9.999854564666748047e-01 -5.709310062229633331e-03 6.015935897827148438e+01
3.714829000000000000e+07 9.999817833626816199e-01 -6.030169296504365485e-03 2.645814420113455005e-04 8.081112396688104882e-01 6.030105388817193733e-03 9.999817895454371497e-01 2.416791199983569149e-04 6.914254240318166295e-03 -2.660339897806159666e-04 -2.400792635389202090e-04 9.999999357939337585e-01 7.854253762735439320e-03 9.999698400497436523e-01 -5.783149041235446930e-03 -5.184296052902936935e-03 8.106645941734313965e-01 5.782525055110454559e-03 9.999832510948181152e-01 -1.275402028113603592e-04 7.884859107434749603e-03 5.184949841350317001e-03 9.754103666637092829e-05 9.999865889549255371e-01 -8.102573701762594283e-06 6.004108810424804688e+01
3.725204000000000000e+07 9.999607565926310615e-01 -8.856455542873488407e-03 2.201765250180367367e-04 8.032318933273167039e-01 8.856381620712470981e-03 9.999607255470193135e-01 3.344784977138599586e-04 9.747362466793295724e-03 -2.231301713572653861e-04 -3.325154045033344979e-04 9.999999198232208952e-01 7.402394265255176839e-03 9.999602437019348145e-01 -8.516168221831321716e-03 -2.647168934345245361e-03 8.166720271110534668e-01 8.505200035870075226e-03 9.999553561210632324e-01 -4.118646495044231415e-03 2.864227863028645515e-03 2.682123100385069847e-03 4.095974843949079514e-03 9.999880194664001465e-01 -3.304630983620882034e-03 6.008860778808593750e+01
3.735566000000000000e+07 9.999439453736442829e-01 -1.058624492072798851e-02 1.937032911135424097e-04 8.065214090376411349e-01 1.058617320076598103e-02 9.999438973221439486e-01 3.676099214850112582e-04 1.158883035480804888e-02 -1.975840327848486994e-04 -3.655387385092170459e-04 9.999999136709804004e-01 7.268300316614891531e-03 9.999486207962036133e-01 -1.003132946789264679e-02 -1.437065307982265949e-03 8.179239630699157715e-01 1.002598274499177933e-02 9.999427795410156250e-01 -3.739560721442103386e-03 5.885227583348751068e-03 1.474500168114900589e-03 3.724967828020453453e-03 9.999920129776000977e-01 7.244471926242113113e-04 5.983619308471679688e+01
3.745941000000000000e+07 9.999233944146752595e-01 -1.237545644405055323e-02 2.310601911734561618e-04 8.056964537685377126e-01 1.237539008061109766e-02 9.999233808976994986e-01 2.864668308490972903e-04 1.305492986633563328e-02 -2.345876451347981174e-04 -2.835854260570338809e-04 9.999999322739729912e-01 7.058858220704490594e-03 9.999308586120605469e-01 -1.174221932888031006e-02 6.951944669708609581e-04 8.195151090621948242e-01 1.174550317227840424e-02 9.999182820320129395e-01 -5.041176918894052505e-03 5.463664419949054718e-03 -6.359516410157084465e-04 5.048993974924087524e-03 9.999869465827941895e-01 3.895108820870518684e-04 5.953164672851562500e+01
3.756303000000000000e+07 9.998777900474188352e-01 -1.563085272977972687e-02 2.853344406057977669e-04 8.118499329795799691e-01 1.563083684526685516e-02 9.998778293370732539e-01 5.781532220831820095e-05 1.505941764017396968e-02 -2.862032838846402527e-04 -5.334824056633153571e-05 9.999999576208223884e-01 6.919804089454330981e-03 9.998902678489685059e-01 -1.478671375662088394e-02 -8.869213052093982697e-04 8.146287202835083008e-01 1.478464063256978989e-02 9.998878836631774902e-01 -2.368475077673792839e-03 8.779039606451988220e-03 9.218398481607437134e-04 2.355104777961969376e-03 9.999968409538269043e-01 -3.367177676409482956e-03 5.964300918579101562e+01
3.766666000000000000e+07 9.998670040259020064e-01 -1.630602599662784105e-02 2.962888543134449310e-04 8.114482663417065256e-01 1.630602340324341024e-02 9.998670479052189641e-01 1.116659253048626272e-05 1.548929337477951418e-02 -2.964315448320020458e-04 -6.333814619050477250e-06 9.999999560441118485e-01 6.876658976539344950e-03 9.998784065246582031e-01 -1.548459101468324661e-02 1.815016730688512325e-03 8.216599225997924805e-01 1.548277679830789566e-02 9.998797178268432617e-01 9.965372737497091293e-04 1.665112562477588654e-02 -1.830227323807775974e-03 -9.683218668214976788e-04 9.999978542327880859e-01 -1.682203845120966434e-03 5.934502410888671875e+01
3.777028000000000000e+07 9.998630848739833432e-01 -1.654480874578856398e-02 2.842864783407495193e-04 8.182975441616503476e-01 1.654481446144873136e-02 9.998631250365158651e-01 -1.776516563589301215e-05 1.553592706064543284e-02 -2.839536453825089197e-04 2.246620020031201478e-05 9.999999594327990682e-01 7.030427240148678404e-03 9.998683929443359375e-01 -1.565148495137691498e-02 4.264797549694776535e-03 8.253441452980041504e-01 1.565634086728096008e-02 9.998768568038940430e-01 -1.109406817704439163e-03 1.342594530433416367e-02 -4.246904980391263962e-03 1.176032470539212227e-03 9.999902248382568359e-01 -2.801551716402173042e-03 6.035881423950195312e+01
3.787404000000000000e+07 9.998808590977501520e-01 -1.543360138343658101e-02 2.675158717374967118e-04 8.194498615601788494e-01 1.543358610550034198e-02 9.998808933747082017e-01 5.908110509362482802e-05 1.487446473248114909e-02 -2.683958430262555145e-04 -5.494533698852306115e-05 9.999999624723410196e-01 7.083728332126844329e-03 9.998722076416015625e-01 -1.518434938043355942e-02 5.007591564208269119e-03 8.236210346221923828e-01 1.517311390489339828e-02 9.998822212219238281e-01 2.289506373926997185e-03 1.645084097981452942e-02 -5.041756201535463333e-03 -2.213222905993461609e-03 9.999848008155822754e-01 4.659606143832206726e-03 5.970236968994140625e+01
3.797779000000000000e+07 9.999097417925116860e-01 -1.343320537844761887e-02 2.393014555528548838e-04 8.154411576872305778e-01 1.343315615232853512e-02 9.999097498400899564e-01 2.061407509242722553e-04 1.364878782567663720e-02 -2.420489895490838931e-04 -2.029075712722551417e-04 9.999999501204017704e-01 7.129778635346198205e-03 9.999175667762756348e-01 -1.283565629273653030e-02 2.646626962814480066e-04 8.209043741226196289e-01 1.283408887684345245e-02 9.999052882194519043e-01 4.977814853191375732e-03 1.999712549149990082e-02 -3.285397542640566826e-04 -4.974009003490209579e-03 9.999876618385314941e-01 4.786754492670297623e-03 5.971385574340820312e+01
3.808153000000000000e+07 9.999410138854633034e-01 -1.085955276332418486e-02 1.971272613668414303e-04 8.146909917462101802e-01 1.085947945575126659e-02 9.999409659478328827e-01 3.692166388508981369e-04 1.185515722092361605e-02 -2.011251518634158547e-04 -3.670541606715056813e-04 9.999999124099511194e-01 7.343343532570924433e-03 9.999409914016723633e-01 -1.048819255083799362e-02 -2.842131536453962326e-03 8.156320452690124512e-01 1.050467137247323990e-02 9.999275803565979004e-01 5.865224637091159821e-03 1.967781223356723785e-02 2.780407201498746872e-03 -5.894742440432310104e-03 9.999787211418151855e-01 2.880305517464876175e-03 5.953478240966796875e+01
3.818528000000000000e+07 9.999692613348482029e-01 -7.836801289177068586e-03 2.468440644203462515e-04 8.094362652019576609e-01 7.836723036897981498e-03 9.999692423594022106e-01 3.163988098027428904e-04 8.653415054053563080e-03 -2.493160266396733465e-04 -3.144546355911358019e-04 9.999999194798985247e-01 7.593066880912942296e-03 9.999690055847167969e-01 -7.380539551377296448e-03 -2.728075021877884865e-03 8.151874542236328125e-01 7.395558524876832962e-03 9.999575018882751465e-01 5.501931067556142807e-03 1.718020997941493988e-02 2.687348751351237297e-03 -5.521938670426607132e-03 9.999811649322509766e-01 -1.162908039987087250e-03 5.956358337402343750e+01
3.828916000000000000e+07 9.999955644288961443e-01 -2.972327295785182674e-03 1.907698364820376101e-04 8.120402309961455289e-01 2.972301579712340307e-03 9.999955735970212922e-01 1.349438168825110960e-04 4.055009608114187522e-03 -1.911700892413989124e-04 -1.343761928528994373e-04 9.999999726985179249e-01 8.473536527514551400e-03 9.999976754188537598e-01 -2.157145179808139801e-03 -3.184296074323356152e-04 8.199152946472167969e-01 2.158914227038621902e-03 9.999806880950927734e-01 5.843838211148977280e-03 1.568194665014743805e-02 3.058235452044755220e-04 -5.844510160386562347e-03 9.999828338623046875e-01 -1.642361166886985302e-04 6.003273773193359375e+01
3.839316000000000000e+07 9.999949835972337109e-01 3.166579607123617968e-03 7.452523629555917828e-05 8.120274227847658066e-01 -3.166581993015518681e-03 9.999949858573045081e-01 3.191835904651455381e-05 -1.905625898685253368e-03 -7.442379059105419992e-05 -3.215418920125433146e-05 9.999999967136037338e-01 9.551865889094953571e-03 9.999922513961791992e-01 3.385138697922229767e-03 -1.980487490072846413e-03 8.181540369987487793e-01 -3.369429614394903183e-03 9.999632239341735840e-01 7.877301424741744995e-03 1.502223778516054153e-02 2.007089322432875633e-03 -7.870576344430446625e-03 9.999670386314392090e-01 8.794555440545082092e-03 6.005254364013671875e+01
3.849716000000000000e+07 9.999665871693207420e-01 8.172445489739239149e-03 1.888954744743417198e-04 8.233291925212028461e-01 -8.172406835675143782e-03 9.999665844145219085e-01 -2.045060120349553314e-04 -7.016025234376198523e-03 -1.905604766112582098e-04 2.029554482861154472e-04 9.999999612478956967e-01 9.520932013517490258e-03 9.999551773071289062e-01 8.856640197336673737e-03 -3.335734363645315170e-03 8.146450519561767578e-01 -8.831384591758251190e-03 9.999328851699829102e-01 7.506154477596282959e-03 9.468342177569866180e-03 3.401975613087415695e-03 -7.476349826902151108e-03 9.999663233757019043e-01 2.480608643963932991e-03 5.968876647949218750e+01
3.860116000000000000e+07 9.999397577004525139e-01 1.097349968581393456e-02 2.515548051129734390e-04 8.112091614464914668e-01 -1.097342415374260791e-02 9.999397452583972390e-01 -2.997000651503088880e-04 -9.781862247580236369e-03 -2.548284061722835446e-04 2.969215930750391239e-04 9.999999234500258627e-01 9.364378465372098087e-03 9.999246001243591309e-01 1.136663183569908142e-02 -4.655016120523214340e-03 8.116965293884277344e-01 -1.135225594043731689e-02 9.999307394027709961e-01 3.104020841419696808e-03 -4.505646065808832645e-04 4.689993802458047867e-03 -3.050947794690728188e-03 9.999843239784240723e-01 4.014979931525886059e-04 5.981014251708984375e+01
3.870516000000000000e+07 9.999216939509464330e-01 1.251160120037572016e-02 2.565091547565461535e-04 8.109134668040496319e-01 -1.251150258736891813e-02 9.999216549237028850e-01 -3.825087202702936486e-04 -1.135723639756295103e-02 -2.612748552347466616e-04 3.792694524725102011e-04 9.999998939450573943e-01 9.359899283353864327e-03 9.999153614044189453e-01 1.272926945239305496e-02 -2.684616483747959137e-03 8.122420310974121094e-01 -1.274412218481302261e-02 9.999033212661743164e-01 -5.570117849856615067e-03 -1.053874474018812180e-02 2.613439923152327538e-03 5.603864323347806931e-03 9.999808669090270996e-01 -6.991670001298189163e-03 6.024886322021484375e+01
3.880929000000000000e+07 9.999290543710519508e-01 1.190881565549884759e-02 2.575496730701666418e-04 8.252867190000909847e-01 -1.190872003878781261e-02 9.999290203504539454e-01 -3.696559953774130182e-04 -1.071403076797663653e-02 -2.619335574656302449e-04 3.665626828939562453e-04 9.999998985112985572e-01 9.487580963377274454e-03 9.999253153800964355e-01 1.178702339529991150e-02 3.232585731893777847e-03 8.203621506690979004e-01 -1.177911274135112762e-02 9.999276399612426758e-01 -2.446153201162815094e-03 -9.991687722504138947e-03 -3.261186880990862846e-03 2.407895866781473160e-03 9.999917745590209961e-01 -2.904008142650127411e-03 6.073894500732421875e+01
3.891329000000000000e+07 9.999309489789957039e-01 1.174838564389668258e-02 2.696566526510770162e-04 8.100076550508751305e-01 -1.174829375704053089e-02 9.999309286666347996e-01 -3.398465304033359831e-04 -1.060656973420630832e-02 -2.736306750332824934e-04 3.366550582228036346e-04 9.999999058948123576e-01 9.314333968786451395e-03 9.999281167984008789e-01 1.187600567936897278e-02 1.645038486458361149e-03 8.165070414543151855e-01 -1.188227720558643341e-02 9.999218583106994629e-01 3.879790194332599640e-03 3.619904164224863052e-03 -1.598823117092251778e-03 -3.899056231603026390e-03 9.999911189079284668e-01 4.790113773196935654e-03 6.093401718139648438e+01
3.901716000000000000e+07 9.999453185512481301e-01 1.045476829582290580e-02 2.402799396882748730e-04 8.252983639735790300e-01 -1.045469465244520425e-02 9.999453014522934335e-01 -3.057291843045367198e-04 -9.306172705790205502e-03 -2.434631243002987016e-04 3.032004133540316644e-04 9.999999243976103180e-01 9.475309586036925052e-03 9.999363422393798828e-01 1.116941496729850769e-02 1.574349007569253445e-03 8.163999915122985840e-01 -1.116567198187112808e-02 9.999348521232604980e-01 -2.370000584051012993e-03 -6.830609403550624847e-03 -1.600721268914639950e-03 2.352263079956173897e-03 9.999958872795104980e-01 8.161815349012613297e-04 6.049267196655273438e+01
3.912116000000000000e+07 9.999590204780466340e-01 9.050888330869208756e-03 1.969382669651560539e-04 8.042127059433591407e-01 -9.050848472250438634e-03 9.999590197583382301e-01 -2.023500655129309488e-04 -7.794536387334198915e-03 -1.987616442413543184e-04 2.005593148841505215e-04 9.999999601348840139e-01 9.416643788840991375e-03 9.999516010284423828e-01 9.516102261841297150e-03 -2.510400256142020226e-03 8.121749162673950195e-01 -9.529002942144870758e-03 9.999413490295410156e-01 -5.157721694558858871e-03 -1.271745655685663223e-02 2.461171476170420647e-03 5.181395914405584335e-03 9.999835491180419922e-01 -4.748552164528518915e-04 6.089471817016601562e+01
3.922504000000000000e+07 9.999519893946205995e-01 9.796406234016874146e-03 2.221047006759701117e-04 8.030002153767482609e-01 -9.796353855488179260e-03 9.999519867951207619e-01 -2.357021169735569130e-04 -8.564536760524540243e-03 -2.244030704089297710e-04 2.335149845282385713e-04 9.999999475570054974e-01 9.369355475948304424e-03 9.999432563781738281e-01 1.042291056364774704e-02 -2.211611717939376831e-03 8.112982511520385742e-01 -1.042986568063497543e-02 9.999405741691589355e-01 -3.185520879924297333e-03 -6.159753073006868362e-03 2.178279450163245201e-03 3.208418609574437141e-03 9.999924898147583008e-01 2.061968902125954628e-03 6.118524932861328125e+01
3.932891000000000000e+07 9.999668807902433176e-01 8.136610302420861640e-03 1.813704461075476919e-04 8.106941685803458197e-01 -8.136578318864155779e-03 9.999668819414885279e-01 -1.763896228414026340e-04 -6.913703386071673972e-03 -1.827996530968179823e-04 1.749080461129965997e-04 9.999999679957305432e-01 9.466672393563512269e-03 9.999610185623168945e-01 8.782709948718547821e-03 -9.180972701869904995e-04 8.188464641571044922e-01 -8.780529722571372986e-03 9.999586939811706543e-01 2.345239277929067612e-03 1.544746919535100460e-03 9.386515594087541103e-04 -2.337097888812422752e-03 9.999968409538269043e-01 3.045584307983517647e-03 6.110943984985351562e+01
3.943266000000000000e+07 9.999749815560028399e-01 7.071895073777785014e-03 1.567225143853394527e-04 8.074070106821745751e-01 -7.071875443321189690e-03 9.999749861060197587e-01 -1.254583154004527750e-04 -5.821910758770178218e-03 -1.576058221909941947e-04 1.243468545234785666e-04 9.999999798491320258e-01 9.467037214660979291e-03 9.999701976776123047e-01 7.534759119153022766e-03 1.646732212975621223e-03 8.185300827026367188e-01 -7.537977304309606552e-03 9.999696612358093262e-01 1.989056123420596123e-03 1.501217251643538475e-03 -1.631694845855236053e-03 -2.001407556235790253e-03 9.999966621398925781e-01 -2.452527405694127083e-04 6.090217590332031250e+01
3.953641000000000000e+07 9.999805389985739756e-01 6.237001674543261355e-03 1.463988665551971497e-04 8.213771813284677092e-01 -6.236984565435020091e-03 9.999805429732605555e-01 -1.170334518686645724e-04 -5.044464208114149417e-03 -1.471259559338028574e-04 1.161180867716401409e-04 9.999999824352706623e-01 9.547371884001341555e-03 9.999660253524780273e-01 6.038335151970386505e-03 5.610655993223190308e-03 8.251827359199523926e-01 -6.055342499166727066e-03 9.999771118164062500e-01 3.010468091815710068e-03 5.311900749802589417e-03 -5.592342000454664230e-03 -3.044341225177049637e-03 9.999797344207763672e-01 -1.169528462924063206e-03 6.095260620117187500e+01
3.964016000000000000e+07 9.999852464777245764e-01 5.430527696453807916e-03 1.272613336719872167e-04 8.182557126888204690e-01 -5.430517894345337528e-03 9.999852516455263185e-01 -7.724284616867580769e-05 -4.212588508074871854e-03 -1.276789261975123414e-04 7.655061160605306511e-05 9.999999889190476221e-01 9.542317530554501187e-03 9.999666810035705566e-01 5.800588056445121765e-03 5.750293377786874771e-03 8.270095586776733398e-01 -5.808477289974689484e-03 9.999822378158569336e-01 1.354830106720328331e-03 3.165313508361577988e-03 -5.742340814322233200e-03 -1.388188451528549194e-03 9.999825954437255859e-01 4.525581374764442444e-03 6.089692687988281250e+01
3.974382000000000000e+07 9.999916709448906094e-01 4.080192512900715669e-03 1.003482763905858287e-04 8.220810174109194346e-01 -4.080189736217698475e-03 9.999916756030675646e-01 -2.785963275562028854e-05 -2.861233254519948439e-03 -1.004611137175411066e-04 2.744996070071339649e-05 9.999999945770320364e-01 9.582829940522787429e-03 9.999740719795227051e-01 4.715220537036657333e-03 5.450254771858453751e-03 8.296135663986206055e-01 -4.712569527328014374e-03 9.999887347221374512e-01 -5.122877191752195358e-04 2.991884713992476463e-03 -5.452616605907678604e-03 4.865916853304952383e-04 9.999849796295166016e-01 6.313073681667447090e-04 6.096092987060546875e+01
3.984756000000000000e+07 9.999946717724997880e-01 3.263437368455648045e-03 8.002246918237045938e-05 8.174367373040177798e-01 -3.263438695698160120e-03 9.999946748345016623e-01 1.646091226456938554e-05 -2.019058047779579129e-03 -7.996832389552677709e-05 -1.672197296868415818e-05 9.999999966627215464e-01 9.574513990923237336e-03 9.999921321868896484e-01 3.470211522653698921e-03 -1.899627968668937683e-03 8.233968019485473633e-01 -3.464153967797756195e-03 9.999888539314270020e-01 3.207388799637556076e-03 6.470301654189825058e-03 1.910740043967962265e-03 -3.200782462954521179e-03 9.999929666519165039e-01 4.069879185408353806e-03 6.127737426757812500e+01
3.995129000000000000e+07 9.999965077260519752e-01 2.642004729327174055e-03 6.592738685227058910e-05 8.155479310480696631e-01 -2.642007649021617735e-03 9.999965089130169460e-01 4.423879510822235748e-05 -1.397698191890330184e-03 -6.581027758327163035e-05 -4.441282128179829363e-05 9.999999968482542467e-01 9.568531342678763749e-03 9.999609589576721191e-01 3.242063801735639572e-03 -8.217726834118366241e-03 8.193485736846923828e-01 -3.194280434399843216e-03 9.999780058860778809e-01 5.807243753224611282e-03 1.025836449116468430e-02 8.236379362642765045e-03 -5.780772306025028229e-03 9.999493956565856934e-01 4.270625300705432892e-03 6.087488174438476562e+01
4.005504000000000000e+07 9.999990945828172162e-01 1.344128981587149659e-03 6.442658512865637958e-05 8.151500156802033992e-01 -1.344133221939265103e-03 9.999990944864556308e-01 6.581875621942580984e-05 -1.924071734123718267e-04 -6.433805788970436198e-05 -6.590529454143471283e-05 9.999999957585531396e-01 9.421677145449719806e-03 9.999168515205383301e-01 2.068350557237863541e-03 -1.273023057729005814e-02 8.147663474082946777e-01 -2.043390413746237755e-03 9.999960064888000488e-01 1.971421297639608383e-03 6.700078491121530533e-03 1.273425947874784470e-02 -1.945238793268799782e-03 9.999170303344726562e-01 -2.584723290055990219e-03 6.091926574707031250e+01
4.015866000000000000e+07 9.999991338487572712e-01 1.314334271421428854e-03 6.947795660084074847e-05 8.238013623182297573e-01 -1.314337428056781701e-03 9.999991352272820100e-01 4.540750739694328250e-05 -2.549216405103196630e-04 -6.941821587602508246e-05 -4.549878554446644044e-05 9.999999965554859926e-01 9.436059194341926346e-03 9.999704957008361816e-01 1.706182258203625679e-03 -7.479378022253513336e-03 8.231375813484191895e-01 -1.711821416392922401e-03 9.999982714653015137e-01 -7.516394252888858318e-04 4.782192409038543701e-03 7.478083949536085129e-03 7.644214783795177937e-04 9.999718070030212402e-01 -1.544087193906307220e-02 6.100230407714843750e+01
4.026242000000000000e+07 9.999989532924318247e-01 1.444797991557334339e-03 7.728374401315215203e-05 8.357054739548324118e-01 -1.444799107961928109e-03 9.999989561736506438e-01 1.439165047721789798e-05 -5.001311949753135767e-04 -7.726287031436699466e-05 -1.450329489923395552e-05 9.999999969100515917e-01 9.482263418699756613e-03 9.999986886978149414e-01 1.585644553415477276e-03 -3.428078780416399240e-04 8.332259058952331543e-01 -1.585073187015950680e-03 9.999969601631164551e-01 1.867325627245008945e-03 6.920492276549339294e-03 3.457671846263110638e-04 -1.866789418272674084e-03 9.999982118606567383e-01 -1.482320576906204224e-02 6.091462326049804688e+01
4.036616000000000000e+07 9.999997555382597048e-01 6.944502509728101274e-04 8.162273714728669153e-05 8.427560768906346977e-01 -6.944508123710041187e-04 9.999997588455462605e-01 6.849823125079372886e-06 7.097089858440730177e-05 -8.161796060222625035e-05 -6.906504426507631536e-06 9.999999966454043987e-01 9.402498070762415477e-03 9.999859929084777832e-01 1.105528092011809349e-03 5.180582869797945023e-03 8.433123826980590820e-01 -1.116788480430841446e-03 9.999970793724060059e-01 2.174540422856807709e-03 7.697640452533960342e-03 -5.178163293749094009e-03 -2.180283423513174057e-03 9.999842047691345215e-01 -1.179098617285490036e-03 6.125747299194335938e+01
4.046991000000000000e+07 9.999999957617717872e-01 4.725917145498755972e-05 7.901282901560529063e-05 8.391729870385438161e-01 -4.726096036955055197e-05 9.999999986269364483e-01 2.263909768080271434e-05 6.625983411082971269e-04 -7.901175900211916377e-05 -2.264283180702545095e-05 9.999999966222220538e-01 9.310058999746234978e-03 9.999980926513671875e-01 8.574797902838326991e-06 1.987132709473371506e-03 8.415888547897338867e-01 -4.367745987110538408e-06 9.999976754188537598e-01 -2.131404355168342590e-03 1.700187916867434978e-03 -1.987143652513623238e-03 2.131386194378137589e-03 9.999957084655761719e-01 -2.599185565486550331e-03 6.077487945556640625e+01
4.057354000000000000e+07 9.999997223010993475e-01 -7.395227229420654226e-04 9.221646978646701068e-05 8.488628006216003552e-01 7.395236081627841983e-04 9.999997265066336016e-01 -9.565649218970257578e-06 1.248069845797900555e-03 -9.220937055105672805e-05 9.633842817727603612e-06 9.999999957023105734e-01 9.276165387323129577e-03 9.999977350234985352e-01 -1.002413220703601837e-03 1.830392982810735703e-03 8.492805361747741699e-01 1.009204308502376080e-03 9.999924898147583008e-01 -3.735859878361225128e-03 -1.545441453345119953e-03 -1.826644176617264748e-03 3.737689228728413582e-03 9.999913573265075684e-01 6.223635864444077015e-05 6.086086273193359375e+01
4.067728000000000000e+07 9.999979765548758781e-01 -2.005810749583366963e-03 1.536542425867468359e-04 8.555058880099901675e-01 2.005814624196270053e-03 9.999979880377752872e-01 -2.506649149823679729e-05 2.448410980104433199e-03 -1.536036548050581435e-04 2.537464268648038728e-05 9.999999878810229559e-01 9.002306834247504261e-03 9.999939203262329102e-01 -1.959251938387751579e-03 2.897661877796053886e-03 8.548107147216796875e-01 1.960591180250048637e-03 9.999979734420776367e-01 -4.447406390681862831e-04 7.924675941467285156e-03 -2.896782942116260529e-03 4.504315147642046213e-04 9.999957084655761719e-01 5.741015542298555374e-03 6.118342590332031250e+01
4.078104000000000000e+07 9.999894061327820882e-01 -4.594524754598016021e-03 2.792209136438312178e-04 8.554024124227732617e-01 4.594523211155362823e-03 9.999894451034176956e-01 6.168871154110067378e-06 5.202055714420516369e-03 -2.792463095273893178e-04 -4.885918823040833213e-06 9.999999609988121652e-01 8.542718124006877176e-03 9.999912381172180176e-01 -3.919512033462524414e-03 1.459307735785841942e-03 8.581248521804809570e-01 3.920610528439283371e-03 9.999920725822448730e-01 -7.592985057272017002e-04 9.678532369434833527e-03 -1.456316094845533371e-03 7.650183397345244884e-04 9.999986886978149414e-01 6.528902798891067505e-03 6.101667022705078125e+01
4.088479000000000000e+07 9.999878720498194262e-01 -4.916056984320160347e-03 2.968781517800648476e-04 8.455868241200534818e-01 4.916041423983046055e-03 9.999879147842722915e-01 5.312022147003818363e-05 5.646057349880611795e-03 -2.971357059831862112e-04 -5.166011191670642874e-05 9.999999545208008156e-01 8.372538473108957074e-03 9.999882578849792480e-01 -4.782956559211015701e-03 -8.385036489926278591e-04 8.608180284500122070e-01 4.782751668244600296e-03 9.999884963035583496e-01 -2.655361604411154985e-04 7.652397733181715012e-03 8.397675701417028904e-04 2.615238481666892767e-04 9.999995827674865723e-01 6.364022847265005112e-03 6.082563018798828125e+01
4.098841000000000000e+07 9.999900167621196267e-01 -4.460085576092380315e-03 2.720544777085684841e-04 8.619406377270912856e-01 4.460090931252320805e-03 9.999900535633845511e-01 -1.908062668377434251e-05 4.957198404779344057e-03 -2.719666705120054608e-04 2.029382385214251934e-05 9.999999628111463368e-01 8.654455315702752269e-03 9.999904632568359375e-01 -4.336975049227476120e-03 4.850308760069310665e-04 8.649864792823791504e-01 4.336688667535781860e-03 9.999904036521911621e-01 6.428705528378486633e-04 9.704208001494407654e-03 -4.878178588114678860e-04 -6.407736800611019135e-04 9.999996423721313477e-01 7.605341728776693344e-03 6.087155151367187500e+01
4.109217000000000000e+07 9.999900618468905433e-01 -4.450006034578830524e-03 2.713930371028459507e-04 8.611596332984843283e-01 4.450010182260816585e-03 9.999900985481210425e-01 -1.468099624702795480e-05 4.959041666069244000e-03 -2.713250193973492817e-04 1.588855209702941406e-05 9.999999630651440485e-01 8.643426197211957762e-03 9.999921321868896484e-01 -3.963569644838571548e-03 3.867145642288960516e-05 8.690611720085144043e-01 3.963330294936895370e-03 9.999847412109375000e-01 3.832357237115502357e-03 1.428961940109729767e-02 -5.385122494772076607e-05 -3.832165850326418877e-03 9.999926686286926270e-01 1.622510887682437897e-02 6.097107315063476562e+01
4.119579000000000000e+07 9.999884619185875900e-01 -4.795018638327984070e-03 2.895289982362029505e-04 8.573746484169788573e-01 4.795015877354555020e-03 9.999885037935060117e-01 1.022948559397915547e-05 5.346720112995122925e-03 -2.895747203229867128e-04 -8.841071487135120763e-06 9.999999580341595307e-01 8.546756449265035735e-03 9.999868273735046387e-01 -4.732504487037658691e-03 -1.957277534529566765e-03 8.641744256019592285e-01 4.734859801828861237e-03 9.999880790710449219e-01 1.177150756120681763e-03 1.165893580764532089e-02 1.951676444150507450e-03 -1.186417532153427601e-03 9.999974370002746582e-01 8.675802499055862427e-03 6.070038223266601562e+01
4.129942000000000000e+07 9.999854828756491454e-01 -5.379270166782471746e-03 3.122367467481257613e-04 8.605538340369550676e-01 5.379258027702317480e-03 9.999855308993074177e-01 3.970460510685448665e-05 5.807656482321336099e-03 -3.124458107511501426e-04 -3.802442676229283623e-05 9.999999504658801941e-01 8.519549257420815092e-03 9.999775886535644531e-01 -5.184646230190992355e-03 -4.247405100613832474e-03 8.704847693443298340e-01 5.163886118680238724e-03 9.999746680259704590e-01 -4.897658713161945343e-03 5.880807875655591488e-04 4.272694233804941177e-03 4.875621758401393890e-03 9.999789595603942871e-01 1.159972231835126877e-02 6.143215942382812500e+01
4.140316000000000000e+07 9.999773388835210275e-01 -6.722948374444931083e-03 3.516849863715925881e-04 8.642307946487070014e-01 6.722903250269593803e-03 9.999773926656676526e-01 1.293337130789935069e-04 6.922044141171953928e-03 -3.525465396305290863e-04 -1.269664379768387194e-04 9.999999297952245625e-01 8.411453344886025280e-03 9.999731183052062988e-01 -6.043928675353527069e-03 -4.155356902629137039e-03 8.700720667839050293e-01 6.035255733877420425e-03 9.999796152114868164e-01 -2.080262871459126472e-03 -1.013790490105748177e-03 4.167840350419282913e-03 2.055135322734713554e-03 9.999891519546508789e-01 1.786059513688087463e-02 6.190816116333007812e+01
4.150679000000000000e+07 9.999592888759734066e-01 -9.019507702254731321e-03 2.628205165691396578e-04 8.710285776440460648e-01 9.019459674352291526e-03 9.999593070374727111e-01 1.833561452656273512e-04 9.141111945117812512e-03 -2.644636037244722619e-04 -1.809781816722793668e-04 9.999999486529507209e-01 8.571489245592190526e-03 9.999678730964660645e-01 -7.577594369649887085e-03 -2.636666642501950264e-03 8.783435225486755371e-01 7.573876064270734787e-03 9.999703764915466309e-01 -1.407708507031202316e-03 1.808282569982111454e-03 2.647262997925281525e-03 1.387693569995462894e-03 9.999955892562866211e-01 1.646027155220508575e-02 6.120463943481445312e+01
4.161054000000000000e+07 9.999515085765700029e-01 -9.845499352348270963e-03 2.159700089769059231e-04 8.817818075066213845e-01 9.845465178705851625e-03 9.999515196375011739e-01 1.587298516186663516e-04 9.697286941395408949e-03 -2.175223132422609553e-04 -1.565958294914151583e-04 9.999999640808959755e-01 8.984365304799511384e-03 9.999576210975646973e-01 -9.010912850499153137e-03 1.849343650974333286e-03 8.867039680480957031e-01 9.010464884340763092e-03 9.999593496322631836e-01 2.745146630331873894e-04 8.260360918939113617e-03 -1.851747627370059490e-03 -2.578427083790302277e-04 9.999982118606567383e-01 8.632314391434192657e-03 6.099878311157226562e+01
4.171417000000000000e+07 9.999554976760202107e-01 -9.431124452312266565e-03 2.378145239919714324e-04 8.871599322588876735e-01 9.431096050376102519e-03 9.999555189904015817e-01 1.202688938238676979e-04 9.105941097694639913e-03 -2.389382167091563792e-04 -1.180206898767878558e-04 9.999999644898207585e-01 9.123711741446409104e-03 9.999516606330871582e-01 -8.163425140082836151e-03 5.479045212268829346e-03 8.924002051353454590e-01 8.144659921526908875e-03 9.999608993530273438e-01 3.434106241911649704e-03 1.400615926831960678e-02 -5.506873596459627151e-03 -3.389313351362943649e-03 9.999790787696838379e-01 1.182446442544460297e-02 6.054463958740234375e+01
4.181792000000000000e+07 9.999598232304831580e-01 -8.960181617094340259e-03 2.589890514614490852e-04 8.920738989936110030e-01 8.960159090959587611e-03 9.999598530985653877e-01 8.800701984257617650e-05 8.465173327005411780e-03 -2.597672126857086122e-04 -8.568290104782018890e-05 9.999999625897194599e-01 9.247662103553993748e-03 9.999466538429260254e-01 -8.214210160076618195e-03 6.260557100176811218e-03 9.019414186477661133e-01 8.196583949029445648e-03 9.999624490737915039e-01 2.839055145159363747e-03 1.273323874920606613e-02 -6.283635273575782776e-03 -2.787590492516756058e-03 9.999763369560241699e-01 1.437751203775405884e-02 6.045852661132812500e+01
4.192154000000000000e+07 9.999578454708297759e-01 -9.178462557774253947e-03 2.512167974959860937e-04 8.832442397655514421e-01 9.178429932781758185e-03 9.999578687831035539e-01 1.307141469247753067e-04 8.953251415800861368e-03 -2.524059682810108523e-04 -1.284028610527676421e-04 9.999999599019671059e-01 8.972780764518959937e-03 9.999393820762634277e-01 -8.356346748769283295e-03 7.179519627243280411e-03 9.095800518989562988e-01 8.329332806169986725e-03 9.999581575393676758e-01 3.780279541388154030e-03 1.785126514732837677e-02 -7.210812065750360489e-03 -3.720253240317106247e-03 9.999670982360839844e-01 1.378647517412900925e-02 6.030377578735351562e+01
4.202530000000000000e+07 9.999586958291251104e-01 -9.085197602626547339e-03 2.565598007853688500e-04 8.852044117088947450e-01 9.085166578471635598e-03 9.999587216020754399e-01 1.218313498360836650e-04 8.795901543343517814e-03 -2.576560722595119465e-04 -1.194954292419233167e-04 9.999999596670958724e-01 9.031379429304991699e-03 9.999609589576721191e-01 -8.262624032795429230e-03 3.118210472166538239e-03 9.063690304756164551e-01 8.256295695900917053e-03 9.999638795852661133e-01 2.012745942920446396e-03 1.318447757512331009e-02 -3.134733065962791443e-03 -1.986921997740864754e-03 9.999930858612060547e-01 2.134093455970287323e-02 6.068364715576171875e+01
4.212892000000000000e+07 9.999496587427288974e-01 -1.003195567808369895e-02 1.996184335762044926e-04 9.007565877403268528e-01 1.003193917282261746e-02 9.999496753455862086e-01 8.351427939510321780e-05 9.357637943186818824e-03 -2.004461993808992265e-04 -8.150751523665605153e-05 9.999999765889232561e-01 9.629631261776943479e-03 9.999548792839050293e-01 -9.099129587411880493e-03 -2.757872687652707100e-03 9.021275043487548828e-01 9.099707007408142090e-03 9.999585747718811035e-01 1.774281990947201848e-04 1.168901100754737854e-02 2.756147878244519234e-03 -2.025162684731185436e-04 9.999961853027343750e-01 1.482717692852020264e-02 5.985488128662109375e+01
4.223267000000000000e+07 9.999487516424400146e-01 -1.012188346342366568e-02 2.038730583367180833e-04 8.775614656107365574e-01 1.012184455096800523e-02 9.999487545776777342e-01 1.910020482580493156e-04 1.013150364406937426e-02 -2.057959112430111058e-04 -1.889286883191532390e-04 9.999999609769961717e-01 8.871976100595960549e-03 9.999297857284545898e-01 -9.062347002327442169e-03 -7.631128188222646713e-03 8.952921628952026367e-01 9.051179513335227966e-03 9.999578595161437988e-01 -1.500770798884332180e-03 1.401168759912252426e-02 7.644406985491514206e-03 1.431594602763652802e-03 9.999698400497436523e-01 7.916808128356933594e-03 5.954489517211914062e+01
4.233629000000000000e+07 9.999454125882389910e-01 -1.044692171360674278e-02 1.834962917154081834e-04 8.799883549616546174e-01 1.044688653220725121e-02 9.999454114260102333e-01 1.916514885997810621e-04 1.041025584798923806e-02 -1.854884430041297823e-04 -1.897240619102434265e-04 9.999999647994084473e-01 8.976912239007081573e-03 9.999191164970397949e-01 -9.100398048758506775e-03 -8.879597298800945282e-03 8.891781568527221680e-01 9.100374765694141388e-03 9.999586343765258789e-01 -5.018028241465799510e-05 3.869692562147974968e-03 8.879686705768108368e-03 -3.062622636207379401e-05 9.999605417251586914e-01 -1.663190079852938652e-03 5.988304138183593750e+01
4.244004000000000000e+07 9.999521588487315649e-01 -9.779152671805603492e-03 2.195202566190282043e-04 8.833123260091357842e-01 9.779120259087670242e-03 9.999521722728501594e-01 1.482434699902584324e-04 9.589902073354261008e-03 -2.209594529542190371e-04 -1.460896629163368316e-04 9.999999649173655358e-01 9.034950885762045233e-03 9.999411106109619141e-01 -8.360076695680618286e-03 -6.923535373061895370e-03 8.921524286270141602e-01 8.329971693456172943e-03 9.999557733535766602e-01 -4.366284236311912537e-03 -7.824742351658642292e-04 6.959735881537199020e-03 4.308356903493404388e-03 9.999665021896362305e-01 -2.390802837908267975e-03 5.941990280151367188e+01
4.254379000000000000e+07 9.999568987544410481e-01 -9.281214652061385226e-03 2.443175296491373457e-04 8.911858752939023631e-01 9.281191797303757138e-03 9.999569243467906210e-01 9.451348618360614544e-05 8.821373143553129861e-03 -2.451842054338527251e-04 -9.224185476347568412e-05 9.999999656880734777e-01 9.240925043985022749e-03 9.999496340751647949e-01 -8.547215722501277924e-03 -5.261173006147146225e-03 8.954774141311645508e-01 8.517823182046413422e-03 9.999482035636901855e-01 -5.572089459747076035e-03 -3.559263190254569054e-03 5.308527965098619461e-03 5.526999011635780334e-03 9.999706149101257324e-01 -3.173819975927472115e-03 5.939923095703125000e+01
4.264742000000000000e+07 9.999625763591157845e-01 -8.647044001165794455e-03 2.729670336646843119e-04 9.040349258156569201e-01 8.647036107830548615e-03 9.999626132317330773e-01 3.008377551083206859e-05 7.796533128262872134e-03 -2.732169640409503751e-04 -2.772229386124192295e-05 9.999999622919816256e-01 9.615624337649354356e-03 9.999650120735168457e-01 -8.201248012483119965e-03 1.628265250474214554e-03 9.057454466819763184e-01 8.213999681174755096e-03 9.999345541000366211e-01 -7.961736992001533508e-03 -7.230324205011129379e-03 -1.562863937579095364e-03 7.974836044013500214e-03 9.999669790267944336e-01 -3.605973906815052032e-03 5.907392120361328125e+01
4.275118000000000000e+07 9.999485913841890117e-01 -1.013777969205889758e-02 2.000330616297294373e-04 9.199156597847299999e-01 1.013777679474028685e-02 9.999486113011833988e-01 1.549285793408716606e-05 8.988478181677824960e-03 -2.001798453693177157e-04 -1.346417096760845681e-05 9.999999798733728573e-01 1.021610256135039273e-02 9.999459385871887207e-01 -9.448926895856857300e-03 4.350335802882909775e-03 9.186086654663085938e-01 9.469696320593357086e-03 9.999436140060424805e-01 -4.796073772013187408e-03 -2.531697787344455719e-02 -4.304768517613410950e-03 4.837001673877239227e-03 9.999790787696838379e-01 1.105492468923330307e-02 5.916422271728515625e+01
4.285479000000000000e+07 9.999534315425249176e-01 -9.647632689794622199e-03 2.406935885372900503e-04 9.234345604204945435e-01 9.647634318700753706e-03 9.999534604791362469e-01 -5.607380526401596708e-06 8.390736426481970600e-03 -2.406282888278521253e-04 7.929243034863716396e-06 9.999999710175775380e-01 1.014230132146927248e-02 9.999269247055053711e-01 -9.352847933769226074e-03 7.652290631085634232e-03 9.250702857971191406e-01 9.383105672895908356e-03 9.999483227729797363e-01 -3.930022474378347397e-03 -1.811422966420650482e-02 -7.615139242261648178e-03 4.001546185463666916e-03 9.999629855155944824e-01 1.175755355507135391e-02 5.905081558227539062e+01
4.295854000000000000e+07 9.999578339659682680e-01 -9.180200210688629209e-03 2.328471188303245427e-04 9.388465880689261800e-01 9.180199603889702131e-03 9.999578610748190988e-01 3.674677394303404340e-06 7.757074550334818602e-03 -2.328710411761737448e-04 -1.536939510936563714e-06 9.999999728843588231e-01 1.047653625608048998e-02 9.999508857727050781e-01 -9.175595827400684357e-03 3.764026332646608353e-03 9.259595870971679688e-01 9.185132570564746857e-03 9.999546408653259277e-01 -2.502685412764549255e-03 -2.265686355531215668e-02 -3.740892512723803520e-03 2.537135034799575806e-03 9.999898076057434082e-01 1.390362437814474106e-02 6.017119979858398438e+01
4.306229000000000000e+07 9.999653490295875580e-01 -8.321101999218760703e-03 2.449580460320967355e-04 9.275102694372964196e-01 8.321098411283547880e-03 9.999653789400402282e-01 1.566267783778068650e-05 7.109316376919067211e-03 -2.450798960598601440e-04 -1.362381518522136638e-05 9.999999698751188548e-01 1.032289486252848699e-02 9.999631643295288086e-01 -8.015444502234458923e-03 3.055010922253131866e-03 9.256529808044433594e-01 8.014366962015628815e-03 9.999678134918212891e-01 3.547992091625928879e-04 -5.191973410546779633e-03 -3.057767171412706375e-03 -3.303050179965794086e-04 9.999952316284179688e-01 8.136996999382972717e-03 5.996992111206054688e+01
4.316606000000000000e+07 9.999573419697102006e-01 -9.233751409924982959e-03 2.281994226047272831e-04 9.466822446952869452e-01 9.233749800169345143e-03 9.999573679903127621e-01 8.106745880021015965e-06 7.709016016995893367e-03 -2.282645496815388067e-04 -5.999263669689836043e-06 9.999999739296515644e-01 1.062262363796053107e-02 9.999656081199645996e-01 -8.272029459476470947e-03 5.517665995284914970e-04 9.813978075981140137e-01 8.269508369266986847e-03 9.999557137489318848e-01 4.489975981414318085e-03 -3.321141004562377930e-02 -5.888841697014868259e-04 -4.485260695219039917e-03 9.999898076057434082e-01 7.423729449510574341e-02 6.019638442993164062e+01
4.326979000000000000e+07 9.999693059724483746e-01 -7.831354751494989941e-03 2.387415059634484082e-04 9.419851123537095194e-01 7.831348623043004470e-03 9.999693341664429580e-01 2.659387274670452014e-05 6.448592715728887134e-03 -2.389424508020630952e-04 -2.472338856360179618e-05 9.999999711476300623e-01 1.064844503795255720e-02 9.999685883522033691e-01 -7.665569894015789032e-03 2.006869995966553688e-03 1.003769397735595703e+00 7.654946297407150269e-03 9.999569058418273926e-01 5.256351549178361893e-03 -3.586421161890029907e-02 -2.047074027359485626e-03 -5.240832455456256866e-03 9.999841451644897461e-01 9.205868095159530640e-02 5.971503829956054688e+01
4.337356000000000000e+07 9.999787490681948388e-01 -6.515844370730731507e-03 2.125672543067949280e-04 9.549507607072051929e-01 6.515853248097044047e-03 9.999787707587547425e-01 -4.109685436434352816e-05 5.209129207170833283e-03 -2.122949609625471637e-04 4.248103802974049158e-05 9.999999765631055748e-01 1.101588019166315283e-02 9.999819397926330566e-01 -5.828682798892259598e-03 1.411002944223582745e-03 1.004665136337280273e+00 5.832340102642774582e-03 9.999794960021972656e-01 -2.646402455866336823e-03 -5.148556828498840332e-02 -1.395552884787321091e-03 2.654585288837552071e-03 9.999955296516418457e-01 9.587366133928298950e-02 5.994815826416015625e+01
4.347733000000000000e+07 9.999799451441050424e-01 -6.329761711242382419e-03 2.083911169043694222e-04 9.557849777016098614e-01 6.329773046714842408e-03 9.999799653400083255e-01 -5.378065152481490991e-05 5.062780016203425118e-03 -2.080465231554052608e-04 5.509864141729412228e-05 9.999999768403919909e-01 1.104781920737071300e-02 9.999842047691345215e-01 -5.565750878304243088e-03 -8.389379363507032394e-04 9.834129810333251953e-01 5.566888954490423203e-03 9.999837279319763184e-01 1.233832444995641708e-03 -3.467203676700592041e-02 8.320627384819090366e-04 -1.238470198586583138e-03 9.999988079071044922e-01 7.168190181255340576e-02 5.988022232055664062e+01
4.358104000000000000e+07 9.999820424465474256e-01 -5.989512659497456433e-03 2.013056119018899817e-04 9.563272310407522347e-01 5.989527347618377358e-03 9.999820599970271617e-01 -7.244079675700691961e-05 4.828349264221746054e-03 -2.008681154266257654e-04 7.364522131774798620e-05 9.999999771141914184e-01 1.107890206989687459e-02 9.999771118164062500e-01 -5.473875440657138824e-03 -3.979336004704236984e-03 9.780562520027160645e-01 5.465750582516193390e-03 9.999829530715942383e-01 -2.045580884441733360e-03 -3.299520537257194519e-02 3.990464378148317337e-03 2.023783046752214432e-03 9.999900460243225098e-01 5.807794257998466492e-02 6.030540847778320312e+01
4.368494000000000000e+07 9.999763002320001259e-01 -6.881199764993032632e-03 2.192340742709484767e-04 9.539780196721954209e-01 6.881204260435287191e-03 9.999763240382403273e-01 -1.975751344098833137e-05 5.494299223905929619e-03 -2.190929282949476609e-04 2.126563965545165037e-05 9.999999757730301253e-01 1.097127818658931268e-02 9.999619126319885254e-01 -6.561387330293655396e-03 -5.755270365625619888e-03 9.786148071289062500e-01 6.553965620696544647e-03 9.999775886535644531e-01 -1.287564169615507126e-03 -3.407035395503044128e-02 5.763591732829809189e-03 1.249779947102069855e-03 9.999825954437255859e-01 6.347333639860153198e-02 6.006345748901367188e+01
4.378869000000000000e+07 9.999813555929328857e-01 -6.103244705707545209e-03 1.971586160978576116e-04 9.658164562814055554e-01 6.103258544791222845e-03 9.999813725177705281e-01 -6.966740713800257420e-05 4.767037781918068498e-03 -1.967297463062441323e-04 7.086941820867050904e-05 9.999999781374665497e-01 1.126294582710492785e-02 9.999860525131225586e-01 -5.220034159719944000e-03 7.617719238623976707e-04 9.785072207450866699e-01 5.220585037022829056e-03 9.999862909317016602e-01 -6.152840214781463146e-04 -2.296751737594604492e-02 -7.585451821796596050e-04 6.192600121721625328e-04 9.999995231628417969e-01 4.254081472754478455e-02 6.025584030151367188e+01
4.389243000000000000e+07 9.999825897509692085e-01 -5.897763539598091347e-03 1.912598658864064869e-04 9.683003399814084089e-01 5.897779493084562459e-03 9.999826045064416080e-01 -8.295616244109252899e-05 4.587309196474962519e-03 -1.907672829986818599e-04 8.408272666332819597e-05 9.999999782689692474e-01 1.132089379962480588e-02 9.999758005142211914e-01 -5.235585849732160568e-03 4.584722686558961868e-03 9.849155545234680176e-01 5.217748228460550308e-03 9.999787807464599609e-01 3.885079408064484596e-03 -1.443538442254066467e-02 -4.604974761605262756e-03 -3.861061530187726021e-03 9.999819397926330566e-01 4.729999601840972900e-02 6.102310562133789062e+01
4.399606000000000000e+07 9.999836900181255928e-01 -5.708397192419688293e-03 1.841166657606084099e-04 9.746431277792302339e-01 5.708414595877338987e-03 9.999837024375229921e-01 -9.413747922676212485e-05 4.375618825569603521e-03 -1.835762909809844710e-04 9.518695811736804324e-05 9.999999786195937768e-01 1.146242777853966575e-02 9.999663233757019043e-01 -5.132369231432676315e-03 6.401347927749156952e-03 9.844540357589721680e-01 5.117159336805343628e-03 9.999841451644897461e-01 2.390058478340506554e-03 -6.310178898274898529e-03 -6.413508672267198563e-03 -2.357212360948324203e-03 9.999765753746032715e-01 3.844989836215972900e-02 6.104127883911132812e+01
4.409996000000000000e+07 9.999806999036552346e-01 -6.209765751412492894e-03 1.965434285317775869e-04 9.665524134306219262e-01 6.209778052046617015e-03 9.999807172179973058e-01 -6.203656231368326075e-05 4.840700419518957631e-03 -1.961544061057941542e-04 6.325585607679865951e-05 9.999999787610724944e-01 1.126073704477011106e-02 9.999822974205017090e-01 -5.742143373936414719e-03 -1.556298695504665375e-03 9.809476733207702637e-01 5.740979686379432678e-03 9.999831914901733398e-01 -7.692432263866066933e-04 -1.166783180087804794e-02 1.560692675411701202e-03 7.602905970998108387e-04 9.999985098838806152e-01 4.160162433981895447e-02 6.089715194702148438e+01
4.420356000000000000e+07 9.999804051412073402e-01 -6.256826139153892456e-03 2.036202298887546580e-04 9.594610281578151989e-01 6.256837971498572896e-03 9.999804241435922281e-01 -5.752482692711850262e-05 4.955561976943619572e-03 -2.032563210160247909e-04 5.879771849293908772e-05 9.999999776148483788e-01 1.112110483105926105e-02 9.999730587005615234e-01 -5.443314090371131897e-03 -4.913005512207746506e-03 9.630243778228759766e-01 5.457194987684488297e-03 9.999811649322509766e-01 2.812577178701758385e-03 -2.738441980909556150e-04 4.897603765130043030e-03 -2.839314984157681465e-03 9.999839663505554199e-01 3.253935649991035461e-02 6.100553512573242188e+01
4.430730000000000000e+07 9.999809527840445300e-01 -6.168662502397546411e-03 2.041361930725025370e-04 9.592417447162517874e-01 6.168675520982005132e-03 9.999809715423909617e-01 -6.320595201618088360e-05 4.901928397920729194e-03 -2.037424124847133527e-04 6.446399807113041775e-05 9.999999771667106296e-01 1.112703936711241862e-02 9.999724030494689941e-01 -5.644896067678928375e-03 -4.826575051993131638e-03 9.749346375465393066e-01 5.646679550409317017e-03 9.999839663505554199e-01 3.541022888384759426e-04 -3.062572563067078590e-03 4.824492614716291428e-03 -3.813510993495583534e-04 9.999883174896240234e-01 3.581382334232330322e-02 6.094927978515625000e+01
4.441104000000000000e+07 9.999820738174850510e-01 -5.984557972817949184e-03 1.926406209258724308e-04 9.693806574554835187e-01 5.984572805811241153e-03 9.999820893569919544e-01 -7.651413599482539268e-05 4.636403946329180695e-03 -1.921792673369073087e-04 7.766563618222561559e-05 9.999999785175893718e-01 1.133691319086734504e-02 9.999815225601196289e-01 -5.680004600435495377e-03 -2.172648441046476364e-03 9.682477712631225586e-01 5.666848737746477127e-03 9.999660849571228027e-01 -5.969809368252754211e-03 -1.263943593949079514e-02 2.206484787166118622e-03 5.957393441349267960e-03 9.999798536300659180e-01 2.611866034567356110e-02 6.092902374267578125e+01
4.451479000000000000e+07 9.999783117158345114e-01 -6.582855189937781952e-03 2.052202367413711258e-04 9.664690463580025703e-01 6.582863054861669456e-03 9.999783320125680275e-01 -3.767241938969404213e-05 5.093858877688213493e-03 -2.049677979494785919e-04 3.902253905884565688e-05 9.999999782327213538e-01 1.123418842881673992e-02 9.999813437461853027e-01 -5.747067742049694061e-03 2.073311014100909233e-03 9.734192490577697754e-01 5.755438935011625290e-03 9.999752044677734375e-01 -4.066347144544124603e-03 -1.160002406686544418e-02 -2.049886388704180717e-03 4.078195895999670029e-03 9.999895691871643066e-01 2.810301072895526886e-02 6.108268737792968750e+01
4.461854000000000000e+07 9.999813269898821799e-01 -6.107964269644755757e-03 1.960752549204853917e-04 9.665534194316947048e-01 6.107977688069803936e-03 9.999813438251483610e-01 -6.790936375583308887e-05 4.764009527475901104e-03 -1.956568089553268502e-04 6.910571891872718537e-05 9.999999784714069806e-01 1.126554614582970203e-02 9.999817609786987305e-01 -6.017740815877914429e-03 5.239019519649446011e-04 9.646313190460205078e-01 6.020964123308658600e-03 9.999631047248840332e-01 -6.123363040387630463e-03 -7.588629610836505890e-03 -4.870326083619147539e-04 6.126413121819496155e-03 9.999810457229614258e-01 2.457186207175254822e-02 6.093180847167968750e+01
4.472233000000000000e+07 9.999725065511463340e-01 -7.411923129509730146e-03 2.225745154133282149e-04 9.595400905706862327e-01 7.411920498437689353e-03 9.999725312611026373e-01 1.264362226658260921e-05 5.841185234398516696e-03 -2.226621151250917686e-04 -1.099357009884833889e-05 9.999999751503625411e-01 1.102892470061941042e-02 9.999758005142211914e-01 -6.939893122762441635e-03 -3.928898659069091082e-04 9.687789678573608398e-01 6.937825586646795273e-03 9.999648928642272949e-01 -4.711024928838014603e-03 -7.567704655230045319e-03 4.255653766449540854e-04 4.708182532340288162e-03 9.999889135360717773e-01 2.429995127022266388e-02 6.143654251098632812e+01
4.482616000000000000e+07 9.999785855261865697e-01 -6.541194832767239890e-03 2.031276847965357427e-04 9.666862786307729438e-01 6.541203718058057233e-03 9.999786051697259204e-01 -4.310888826746523263e-05 5.072392036605199994e-03 -2.028413552880413558e-04 4.443666462920173744e-05 9.999999784403843517e-01 1.124958603264383794e-02 9.999805092811584473e-01 -6.090029608458280563e-03 1.381886540912091732e-03 9.626705050468444824e-01 6.099134683609008789e-03 9.999596476554870605e-01 -6.589103024452924728e-03 -1.060685049742460251e-02 -1.341699040494859219e-03 6.597410887479782104e-03 9.999773502349853516e-01 2.206915244460105896e-02 6.111785507202148438e+01
4.492979000000000000e+07 9.999815537417580114e-01 -6.070853699904140040e-03 1.921282076217382029e-04 9.723926022237703304e-01 6.070867777196435437e-03 9.999815694653189091e-01 -7.277212437916186411e-05 4.658541317060818990e-03 -1.916828776958164288e-04 7.393716689763429688e-05 9.999999788954856417e-01 1.139302922566605078e-02 9.999827742576599121e-01 -5.674793850630521774e-03 1.491192961111664772e-03 9.618332982063293457e-01 5.673103500157594681e-03 9.999832510948181152e-01 1.124809146858751774e-03 -3.766779627767391503e-05 -1.497550634667277336e-03 -1.116331317462027073e-03 9.999982714653015137e-01 2.520088665187358856e-02 6.099641418457031250e+01
4.503354000000000000e+07 9.999876373916304351e-01 -4.968804756012371038e-03 1.898496212290217745e-04 9.490910633009046471e-01 4.968830207008065672e-03 9.999876463324144371e-01 -1.338230518801160438e-04 4.218237800782929231e-03 -1.891823352645489846e-04 1.347647280231850577e-04 9.999999730242553619e-01 1.100355397253705014e-02 9.999893307685852051e-01 -4.459098447114229202e-03 1.233970513567328453e-03 9.606306552886962891e-01 4.456771537661552429e-03 9.999883174896240234e-01 1.894105458632111549e-03 5.955885164439678192e-03 -1.242398517206311226e-03 -1.888590399175882339e-03 9.999973773956298828e-01 2.317085675895214081e-02 6.144198226928710938e+01
4.513734000000000000e+07 9.999822857367625106e-01 -5.948742563375477264e-03 2.016826881643929946e-04 9.552079513597893090e-01 5.948757495848476691e-03 9.999823032835586378e-01 -7.352057727907716203e-05 4.807686140330063793e-03 -2.012417640720357372e-04 7.471903627483186675e-05 9.999999769594095644e-01 1.105652228487256396e-02 9.999796152114868164e-01 -5.796077195554971695e-03 -2.691748086363077164e-03 9.507144093513488770e-01 5.793645046651363373e-03 9.999828338623046875e-01 -9.037748095579445362e-04 1.234745024703443050e-03 2.696939045563340187e-03 8.881592657417058945e-04 9.999959468841552734e-01 2.168270200490951538e-02 6.110259246826171875e+01
4.524104000000000000e+07 9.999824159097946419e-01 -5.926793142611818700e-03 2.024731356813095826e-04 9.546100645087784997e-01 5.926808993274786629e-03 9.999824332893536560e-01 -7.777515593112350231e-05 4.802459544675168057e-03 -2.020086216482159982e-04 7.897380788920149166e-05 9.999999764778276790e-01 1.105041969116953016e-02 9.999858140945434570e-01 -5.250409245491027832e-03 -8.804881945252418518e-04 9.571855068206787109e-01 5.252903327345848083e-03 9.999820590019226074e-01 2.880825893953442574e-03 8.575091138482093811e-03 8.653384284116327763e-04 -2.885404508560895920e-03 9.999954700469970703e-01 2.057051472365856171e-02 6.098432159423828125e+01
4.534481000000000000e+07 9.999834183659686015e-01 -5.755092974154642216e-03 2.046905613947636504e-04 9.476151944562422047e-01 5.755110777327574617e-03 9.999834354723320384e-01 -8.649362741180404281e-05 4.774195225838964024e-03 -2.041893919287202650e-04 8.767021005298747448e-05 9.999999753103131495e-01 1.093056038752050589e-02 9.999834895133972168e-01 -5.558029282838106155e-03 1.435658428817987442e-03 9.514304399490356445e-01 5.565532017499208450e-03 9.999706745147705078e-01 -5.258730612695217133e-03 -1.790150883607566357e-03 -1.406388357281684875e-03 5.266636144369840622e-03 9.999850988388061523e-01 1.378739904612302780e-02 6.065919876098632812e+01
4.544854000000000000e+07 9.999762339630542396e-01 -6.890770605127948673e-03 2.208858789082885526e-04 9.522286869572764711e-01 6.890774780225289442e-03 9.999762581655037286e-01 -1.814613364523242559e-05 5.527715846307229043e-03 -2.207555938308322413e-04 1.966777719403916684e-05 9.999999754400733520e-01 1.093422386293264881e-02 9.999754428863525391e-01 -6.752186920493841171e-03 1.875973772257566452e-03 9.516499042510986328e-01 6.749062798917293549e-03 9.999758601188659668e-01 1.678655738942325115e-03 5.267134401947259903e-03 -1.887264545075595379e-03 -1.665956224314868450e-03 9.999968409538269043e-01 2.404061332345008850e-02 6.045142364501953125e+01
4.555229000000000000e+07 9.999845361556740642e-01 -5.557489865290808281e-03 2.043415649719624433e-04 9.429983036279561137e-01 5.557509564426134710e-03 9.999845523198437336e-01 -9.596186763710036114e-05 4.707407680411824363e-03 -2.038051012542851936e-04 9.709601391571991516e-05 9.999999745179216637e-01 1.085138568939355772e-02 9.999852180480957031e-01 -4.866296425461769104e-03 -2.431519329547882080e-03 9.448029398918151855e-01 4.864695947617292404e-03 9.999879002571105957e-01 -6.610266864299774170e-04 4.441963974386453629e-03 2.434713300317525864e-03 6.491860258392989635e-04 9.999969005584716797e-01 1.969078183174133301e-02 6.013347244262695312e+01
4.565617000000000000e+07 9.999780874297151678e-01 -6.616368295145300636e-03 2.198420496850461844e-04 9.495338434507338832e-01 6.616376225643158006e-03 9.999781109176475447e-01 -3.536593293553008953e-05 5.348909545901982254e-03 -2.196032435043787613e-04 3.681971570340088960e-05 9.999999752093614580e-01 1.090714386921086756e-02 9.999819397926330566e-01 -6.004023365676403046e-03 -3.628213016781955957e-04 9.478927850723266602e-01 6.002526730298995972e-03 9.999739527702331543e-01 -4.015893209725618362e-03 -2.950464840978384018e-03 3.869227075483649969e-04 4.013645462691783905e-03 9.999918937683105469e-01 1.661737635731697083e-02 6.020819091796875000e+01
4.575992000000000000e+07 9.999869547768590605e-01 -5.104577071758324008e-03 1.832206279018065286e-04 9.596225127735119598e-01 5.104600285355956682e-03 9.999869634480326175e-01 -1.264542813068922150e-04 4.164009830063772691e-03 -1.825727437308545303e-04 1.273878997242775489e-04 9.999999752197585856e-01 1.120210120928762966e-02 9.999843239784240723e-01 -4.443104844540357590e-03 3.412778489291667938e-03 9.508533477783203125e-01 4.433614667505025864e-03 9.999862313270568848e-01 2.775019034743309021e-03 5.252550356090068817e-03 -3.425058908760547638e-03 -2.759849885478615761e-03 9.999903440475463867e-01 1.886342652142047882e-02 6.007440185546875000e+01
4.586367000000000000e+07 9.999906380958025753e-01 -4.323030976740101401e-03 1.874156747975465830e-04 9.382972023391213945e-01 4.323060444073856777e-03 9.999906431888647695e-01 -1.571108797083027228e-04 3.955366397550501290e-03 -1.867347260105863709e-04 1.579196181108850027e-04 9.999999700957687976e-01 1.083342636607063578e-02 9.999882578849792480e-01 -3.621632233262062073e-03 3.218085039407014847e-03 9.497234225273132324e-01 3.598459996283054352e-03 9.999679327011108398e-01 7.161578163504600525e-03 1.228022668510675430e-02 -3.243922255933284760e-03 -7.149910554289817810e-03 9.999691247940063477e-01 2.454411797225475311e-02 6.009135818481445312e+01
4.596742000000000000e+07 9.999918175796300712e-01 -4.041305260260940647e-03 1.806248334407888198e-04 9.406070525700231943e-01 4.041333618245770802e-03 9.999918214671765782e-01 -1.569111016284068915e-04 3.762286466858125178e-03 -1.799892305245167127e-04 1.576397829386520072e-04 9.999999713767869780e-01 1.089205582307520466e-02 9.999912381172180176e-01 -4.039632156491279602e-03 1.090416801162064075e-03 9.480180740356445312e-01 4.038380458950996399e-03 9.999911189079284668e-01 1.167591079138219357e-03 4.042199812829494476e-03 -1.095124403946101665e-03 -1.163183362223207951e-03 9.999986886978149414e-01 1.591386646032333374e-02 6.097123336791992188e+01
4.607129000000000000e+07 9.999950679616456117e-01 -3.136776466295558563e-03 1.571179856658376256e-04 9.446080078044115647e-01 3.136800495359087435e-03 9.999950685363990788e-01 -1.529242035353243925e-04 3.202472741337336615e-03 -1.566375218149324889e-04 1.534162970687280656e-04 9.999999759640636476e-01 1.100085716979427169e-02 9.999855756759643555e-01 -2.726234495639801025e-03 4.608074203133583069e-03 9.488264322280883789e-01 2.738476032391190529e-03 9.999927878379821777e-01 -2.651155693456530571e-03 -3.485275665298104286e-03 -4.600820597261190414e-03 2.663738327100872993e-03 9.999858736991882324e-01 1.522268448024988174e-02 5.922454452514648438e+01
4.617505000000000000e+07 9.999959242729752340e-01 -2.851220682252865544e-03 1.482504429244486900e-04 9.447299332430590946e-01 2.851242106152217150e-03 9.999959247606375889e-01 -1.445015713442061086e-04 3.004222218852916661e-03 -1.478378329063989626e-04 1.449236802933860039e-04 9.999999785705511179e-01 1.098997469776575100e-02 9.999937415122985840e-01 -2.838682616129517555e-03 2.141549484804272652e-03 9.409911036491394043e-01 2.832444617524743080e-03 9.999917745590209961e-01 2.911561401560902596e-03 2.624845365062355995e-03 -2.149787265807390213e-03 -2.905472181737422943e-03 9.999934434890747070e-01 2.661705575883388519e-02 5.905539321899414062e+01
4.627879000000000000e+07 9.999977614211877919e-01 -2.112020805541765713e-03 1.285338786883852475e-04 9.222437223605196577e-01 2.112037963115125181e-03 9.999977607346008934e-01 -1.334977679388392002e-04 2.332773664525960092e-03 -1.282516408178954541e-04 1.337689375111061657e-04 9.999999828286947334e-01 1.053361483539272392e-02 9.999739527702331543e-01 -2.025822410359978676e-03 -6.925255991518497467e-03 9.400607347488403320e-01 2.023790497332811356e-03 9.999979138374328613e-01 -3.134115831926465034e-04 -2.488524653017520905e-03 6.925870664417743683e-03 2.993879606947302818e-04 9.999760389328002930e-01 2.435362152755260468e-02 5.899059295654296875e+01
4.638267000000000000e+07 9.999994690449596213e-01 -1.025334592099663928e-03 1.029505013165979568e-04 9.269259033731283015e-01 1.025346901622925305e-03 9.999994671813468017e-01 -1.195858958596803716e-04 1.323428626610497188e-03 -1.028278309106566416e-04 1.196913923392595809e-04 9.999999875502042501e-01 1.057453684606035962e-02 9.999721050262451172e-01 -1.124870264902710915e-03 -7.380562834441661835e-03 9.334835410118103027e-01 1.107710995711386204e-03 9.999967217445373535e-01 -2.305556554347276688e-03 -7.523224223405122757e-03 7.383137941360473633e-03 2.297311788424849510e-03 9.999700188636779785e-01 1.464988198131322861e-02 5.906611251831054688e+01
4.648654000000000000e+07 9.999999764057126983e-01 1.781983168077702477e-04 1.242333879475938777e-04 9.364038043988919258e-01 -1.781878951257978723e-04 9.999999806054392648e-01 -8.389395495192548328e-05 4.895691328172776038e-04 -1.242483352995020648e-04 8.387181608690479702e-05 9.999999887639349216e-01 1.048857998208010261e-02 9.999995827674865723e-01 6.812366191297769547e-04 -6.752412300556898117e-04 9.398329854011535645e-01 -6.814122898504137993e-04 9.999997615814208984e-01 -3.751941549126058817e-04 -4.251310136169195175e-03 6.749944877810776234e-04 3.756573132704943419e-04 9.999997615814208984e-01 1.422602776437997818e-02 5.891209411621093750e+01
4.659042000000000000e+07 9.999992932027900183e-01 1.180208709904629954e-03 1.438795207088287528e-04 9.437682692840317911e-01 -1.180200784338091393e-03 9.999993020416495515e-01 -5.515720770651879413e-05 -2.245602370430457330e-04 -1.439445173040906662e-04 5.498736199777799961e-05 9.999999881281829150e-01 1.042406990310328595e-02 9.999938011169433594e-01 1.307760830968618393e-03 3.266126848757266998e-03 9.457740187644958496e-01 -1.312022097408771515e-03 9.999982714653015137e-01 1.310228602960705757e-03 -1.818654011003673077e-03 -3.264411585405468941e-03 -1.314499182626605034e-03 9.999937415122985840e-01 1.633460819721221924e-02 5.896188735961914062e+01
4.669417000000000000e+07 9.999985856519661986e-01 1.675120294591762220e-03 1.505524634524355043e-04 9.445670890801222130e-01 -1.675113763092344948e-03 9.999985960498550819e-01 -4.349917426793764358e-05 -6.129765352371598173e-04 -1.506251184344498172e-04 4.324692023944943348e-05 9.999999877208886057e-01 1.034451186446770816e-02 9.999884963035583496e-01 1.793711562640964985e-03 4.438045434653759003e-03 9.505640268325805664e-01 -1.795258256606757641e-03 9.999982714653015137e-01 3.439579159021377563e-04 -3.421188797801733017e-03 -4.437426570802927017e-03 -3.519190649967640638e-04 9.999901056289672852e-01 1.560285408049821854e-02 5.866972732543945312e+01
4.679805000000000000e+07 9.999963284593843538e-01 2.704426990896245924e-03 1.707124844280617120e-04 9.543850595342205922e-01 -2.704423793981631814e-03 9.999963428598132031e-01 -1.895495779814993013e-05 -1.349274908449219846e-03 -1.707631224056387032e-04 1.849320932146990049e-05 9.999999852489792618e-01 1.033612870003164722e-02 9.999920129776000977e-01 3.419764572754502296e-03 2.078888937830924988e-03 9.544404745101928711e-01 -3.419492626562714577e-03 9.999941587448120117e-01 -1.447350223315879703e-04 -4.871194716542959213e-03 -2.079371130093932152e-03 1.376205764245241880e-04 9.999978542327880859e-01 1.711943373084068298e-02 5.916771316528320312e+01
4.690192000000000000e+07 9.999892100014221574e-01 4.640613465989008694e-03 2.111588661603342116e-04 9.495079642429320455e-01 -4.640602043436502407e-03 9.999892308607034597e-01 -5.455243100333998082e-05 -3.208427196658242449e-03 -2.114097488991499368e-04 5.357193814760184561e-05 9.999999762179831997e-01 1.007176286529926426e-02 9.999871253967285156e-01 5.049886181950569153e-03 -3.355320659466087818e-04 9.515103697776794434e-01 -5.049717612564563751e-03 9.999870657920837402e-01 5.466313450597226620e-04 -5.254724528640508652e-03 3.382849681656807661e-04 -5.449409363791346550e-04 9.999998211860656738e-01 1.772464625537395477e-02 5.982790374755859375e+01
4.700580000000000000e+07 9.999817599387768041e-01 6.034117409611106618e-03 2.630910038660382055e-04 9.557707366983649866e-01 -6.034104215236963005e-03 9.999817933312036278e-01 -5.091632598568388636e-05 -4.382585163173777915e-03 -2.633934489439777545e-04 4.932787873521782767e-05 9.999999640953251001e-01 1.006540520744023288e-02 9.999709725379943848e-01 6.419618614017963409e-03 -4.104408901184797287e-03 9.505569338798522949e-01 -6.403148174285888672e-03 9.999713897705078125e-01 4.003746435046195984e-03 -1.830969238653779030e-03 4.129995126277208328e-03 -3.977338317781686783e-03 9.999834895133972168e-01 1.722006499767303467e-02 6.201424026489257812e+01
4.710967000000000000e+07 9.999763297342695312e-01 6.874640196442968233e-03 2.815936375718873334e-04 9.473028124073596956e-01 -6.874622945005340845e-03 9.999763675677127983e-01 -6.218578422077950332e-05 -5.167945369681179076e-03 -2.820144877066954776e-04 6.024846225133777603e-05 9.999999584189763757e-01 9.963053729587469792e-03 9.999639987945556641e-01 7.419255562126636505e-03 -4.137802403420209885e-03 9.520053863525390625e-01 -7.409936282783746719e-03 9.999700188636779785e-01 2.275215694680809975e-03 -5.035035312175750732e-03 4.154557827860116959e-03 -2.244477858766913414e-03 9.999888539314270020e-01 1.466117054224014282e-02 6.018278503417968750e+01
4.721356000000000000e+07 9.999725576636370183e-01 7.401894070862463475e-03 3.096522373227484173e-04 9.580067327208524608e-01 -7.401878761856312168e-03 9.999726044425242266e-01 -5.055619405438313964e-05 -5.565939133092121308e-03 -3.100179658154341897e-04 4.826279838455743308e-05 9.999999507797809883e-01 1.002096674969647945e-02 9.999700188636779785e-01 7.350767962634563446e-03 -2.429668325930833817e-03 9.580838680267333984e-01 -7.353841327130794525e-03 9.999722242355346680e-01 -1.243793172761797905e-03 -8.089966140687465668e-03 2.420460106804966927e-03 1.261626835912466049e-03 9.999963045120239258e-01 1.309717725962400436e-02 6.013526535034179688e+01
4.731742000000000000e+07 9.999661715416218177e-01 8.218522237537165959e-03 3.341612648671119954e-04 9.654379355148781094e-01 -8.218506825275740529e-03 9.999662263753514857e-01 -4.746927231399088491e-05 -6.226513310489949216e-03 -3.345401063049742961e-04 4.472135983022523483e-05 9.999999430414562296e-01 1.002972854235771073e-02 9.999637603759765625e-01 8.457152172923088074e-03 8.777470211498439312e-04 9.632232189178466797e-01 -8.458172902464866638e-03 9.999634623527526855e-01 1.232867129147052765e-03 -5.880611948668956757e-03 -8.672949043102562428e-04 -1.240248675458133221e-03 9.999988079071044922e-01 1.510147657245397568e-02 6.041955184936523438e+01
4.742117000000000000e+07 9.999692348266863151e-01 7.837230727252656251e-03 3.274369618283318379e-04 9.757372801102306425e-01 -7.837219326343588741e-03 9.999692878740049640e-01 -3.608725900412303492e-05 -5.805367921058497346e-03 -3.277097297168838990e-04 3.351995350065393694e-05 9.999999457413716319e-01 1.010587810065310954e-02 9.999652504920959473e-01 8.335941471159458160e-03 2.451358595862984657e-04 9.654988646507263184e-01 -8.335741236805915833e-03 9.999648332595825195e-01 -8.221620228141546249e-04 -8.245074190199375153e-03 -2.519665285944938660e-04 8.200895972549915314e-04 9.999996423721313477e-01 1.589227467775344849e-02 6.033097457885742188e+01
4.752505000000000000e+07 9.999653683206655153e-01 8.315721015092104526e-03 3.330848406856242350e-04 9.565828460216835305e-01 -8.315698497820446164e-03 9.999654216068240009e-01 -6.893020211947274863e-05 -6.411428137449344707e-03 -3.336465274595721100e-04 6.615798192937885494e-05 9.999999421515581854e-01 9.992209625159526737e-03 9.999629259109497070e-01 7.847975939512252808e-03 3.552295034751296043e-03 9.697378277778625488e-01 -7.859515026211738586e-03 9.999638199806213379e-01 3.242290578782558441e-03 -3.052637679502367973e-03 -3.526727668941020966e-03 -3.270097775384783745e-03 9.999884963035583496e-01 1.258459780365228653e-02 6.035702514648437500e+01
4.762880000000000000e+07 9.999591466727986155e-01 9.031863282594098513e-03 3.611436900779629476e-04 9.768913856341915336e-01 -9.031851441916861206e-03 9.999592114029504097e-01 -3.440410788617586166e-05 -6.829732886939115719e-03 -3.614396927550790704e-04 3.114090595479556772e-05 9.999999341957890309e-01 1.004556831158932503e-02 9.999347329139709473e-01 8.936460129916667938e-03 7.123212330043315887e-03 9.790868759155273438e-01 -8.941336534917354584e-03 9.999598264694213867e-01 6.585895898751914501e-04 -6.475424859672784805e-03 -7.117043249309062958e-03 -7.222339045256376266e-04 9.999743103981018066e-01 1.227163150906562805e-02 6.053315353393554688e+01
4.773267000000000000e+07 9.999557945456032382e-01 9.395366814585071752e-03 3.688308924203353338e-04 9.715814873369919002e-01 -9.395347176900253200e-03 9.999558612419821024e-01 -5.493968617016877702e-05 -7.234996300852011321e-03 -3.693307911919545793e-04 5.147196321865403024e-05 9.999999304726987503e-01 1.002117167651289144e-02 9.999307394027709961e-01 9.097442030906677246e-03 7.466801907867193222e-03 9.806824922561645508e-01 -9.124089032411575317e-03 9.999521374702453613e-01 3.542543156072497368e-03 -5.444174166768789291e-04 -7.434214465320110321e-03 -3.610425395891070366e-03 9.999659061431884766e-01 1.879373565316200256e-02 6.098524856567382812e+01
4.783644000000000000e+07 9.999605337652759385e-01 8.876992315900718994e-03 3.604371225847203880e-04 9.818073213510725150e-01 -8.876982572484096862e-03 9.999605984021405769e-01 -2.862305753108152927e-05 -6.648358077152724359e-03 -3.606770074611999550e-04 2.542233365397196575e-05 9.999999346328948269e-01 1.007267942636288181e-02 9.999538064002990723e-01 9.238496422767639160e-03 -2.662943443283438683e-03 9.702540636062622070e-01 -9.232520125806331635e-03 9.999548792839050293e-01 2.245117211714386940e-03 -1.639346708543598652e-03 2.683554776012897491e-03 -2.220422727987170219e-03 9.999939799308776855e-01 1.815807446837425232e-02 6.087654495239257812e+01
4.794017000000000000e+07 9.999681232533810249e-01 7.977736013751551142e-03 3.289479815258978374e-04 9.627398424932751553e-01 -7.977719760760310086e-03 9.999681762032971433e-01 -5.069158327728488973e-05 -6.035770950377860808e-03 -3.293419172120201784e-04 4.806571264665872052e-05 9.999999446117942004e-01 1.003410470828260820e-02 9.999365210533142090e-01 7.841036655008792877e-03 -8.087909780442714691e-03 9.686450362205505371e-01 -7.839607074856758118e-03 9.999691843986511230e-01 2.090380730805918574e-04 -4.816989880055189133e-03 8.089313283562660217e-03 -1.456297613913193345e-04 9.999672770500183105e-01 1.393351797014474869e-02 6.104598236083984375e+01
4.804392000000000000e+07 9.999700574136832776e-01 7.731825231530607516e-03 3.211780226019945832e-04 9.703600927730852144e-01 -7.731812226603137529e-03 9.999701082234166982e-01 -4.171328436822676608e-05 -5.764270641820587286e-03 -3.214909418414279955e-04 3.922874722984950657e-05 9.999999475523390080e-01 1.009297342136266859e-02 9.999558329582214355e-01 7.515809964388608932e-03 -5.639006383717060089e-03 9.731611013412475586e-01 -7.522741798311471939e-03 9.999710321426391602e-01 -1.210772548802196980e-03 -7.172733079642057419e-03 5.629732273519039154e-03 1.253144699148833752e-03 9.999833703041076660e-01 1.053011789917945862e-02 6.050710296630859375e+01
4.814769000000000000e+07 9.999733745749695979e-01 7.290432158914307396e-03 3.158183187200795075e-04 9.809078735404344052e-01 -7.290422444098164888e-03 9.999734240088737902e-01 -3.190110140910654715e-05 -5.280550835051738001e-03 -3.160424983461185429e-04 2.959780311839900192e-05 9.999999496205544958e-01 1.016534003903659007e-02 9.999728798866271973e-01 7.365948520600795746e-03 3.144483489450067282e-04 9.818368554115295410e-01 -7.365208584815263748e-03 9.999703168869018555e-01 -2.284812740981578827e-03 -9.760045446455478668e-03 -3.312523767817765474e-04 2.282442757859826088e-03 9.999972581863403320e-01 1.194267719984054565e-02 6.177276611328125000e+01
4.825142000000000000e+07 9.999759982960997329e-01 6.921506105813932282e-03 3.091743724361779313e-04 9.858292292088158826e-01 -6.921497931110023698e-03 9.999760457700153093e-01 -2.750260083249747215e-05 -4.900937035901976012e-03 -3.093573258070824437e-04 2.536199111558044508e-05 9.999999518274098609e-01 1.022752454722939200e-02 9.999712705612182617e-01 6.892054807394742966e-03 3.159476211294531822e-03 9.886726737022399902e-01 -6.890575401484966278e-03 9.999760389328002930e-01 -4.865860682912170887e-04 -7.746369112282991409e-03 -3.162766341120004654e-03 4.647879977710545063e-04 9.999949336051940918e-01 1.469997130334377289e-02 6.118390274047851562e+01
4.835505000000000000e+07 9.999805803471960575e-01 6.225457183552463372e-03 2.874255423707408282e-04 9.845531963005941245e-01 -6.225448756190443342e-03 9.999806212509854131e-01 -3.020553962088087704e-05 -4.305297122840607074e-03 -2.876080157070367064e-04 2.841560015139666268e-05 9.999999582370928675e-01 1.028128503885382058e-02 9.999780058860778809e-01 6.323624402284622192e-03 1.963179558515548706e-03 9.895078539848327637e-01 -6.324194371700286865e-03 9.999799728393554688e-01 2.620568557176738977e-04 -4.681625869125127792e-03 -1.961481990292668343e-03 -2.744550001807510853e-04 9.999980330467224121e-01 1.705092377960681915e-02 6.100188827514648438e+01
4.845880000000000000e+07 9.999852110510353276e-01 5.431912929365185182e-03 2.683304898451443197e-04 9.942911485548321382e-01 -5.431906777343569089e-03 9.999852468059335919e-01 -2.365049217603432555e-05 -3.509570392235842381e-03 -2.684549985271370075e-04 2.219259620906604828e-05 9.999999637197006797e-01 1.046033597385355278e-02 9.999824762344360352e-01 5.739533808082342148e-03 1.482154359109699726e-03 9.933236837387084961e-01 -5.737613420933485031e-03 9.999827742576599121e-01 -1.236231764778494835e-03 -7.529230322688817978e-03 -1.489228452555835247e-03 1.227699220180511475e-03 9.999982118606567383e-01 1.415409613400697708e-02 6.111414337158203125e+01
4.856255000000000000e+07 9.999861474765795455e-01 5.256961656977018893e-03 2.630768449627534657e-04 9.917705513398835659e-01 -5.256954928809912109e-03 9.999861817723458834e-01 -2.625987671718636425e-05 -3.380105548110916465e-03 -2.632112568703854336e-04 2.487652985185922995e-05 9.999999650504960425e-01 1.045127773324616878e-02 9.999833106994628906e-01 5.574119277298450470e-03 1.476922538131475449e-03 9.954302906990051270e-01 -5.576170049607753754e-03 9.999835491180419922e-01 1.354158623144030571e-03 -1.876220107078552246e-03 -1.469348091632127762e-03 -1.362369046546518803e-03 9.999979138374328613e-01 1.518085878342390060e-02 6.115673446655273438e+01
4.866619000000000000e+07 9.999843043355954864e-01 5.596161896517033892e-03 2.721283909295753398e-04 9.917874694841477545e-01 -5.596155230880454738e-03 9.999843410816303679e-01 -2.524973069401207997e-05 -3.669809129794218347e-03 -2.722654312768382941e-04 2.372646163415753894e-05 9.999999626542935838e-01 1.039418753580447982e-02 9.999833106994628906e-01 5.662311799824237823e-03 1.170857343822717667e-03 1.000317454338073730e+00 -5.666482262313365936e-03 9.999776482582092285e-01 3.543689148500561714e-03 4.143350291997194290e-03 -1.150766038335859776e-03 -3.550270339474081993e-03 9.999930858612060547e-01 1.519203837960958481e-02 6.167702484130859375e+01
4.876994000000000000e+07 9.999888543918633577e-01 4.714661816151799120e-03 2.511082211406561295e-04 1.005239040654687388e+00 -4.714662632921603688e-03 9.999888859124937968e-01 2.660811188171005294e-06 -2.675149577062475425e-03 -2.510928854765436110e-04 -3.844672114384972313e-06 9.999999684687892465e-01 1.071753967167956949e-02 9.999867081642150879e-01 5.145540926605463028e-03 3.406585019547492266e-04 9.990330338478088379e-01 -5.146148148924112320e-03 9.999846816062927246e-01 2.015548991039395332e-03 3.601687494665384293e-04 -3.302835393697023392e-04 -2.017274964600801468e-03 9.999978542327880859e-01 1.548212021589279175e-02 6.143600082397460938e+01
4.887355000000000000e+07 9.999896461405648473e-01 4.543946353029402682e-03 2.452840469554802127e-04 9.941934093609665624e-01 -4.543944955616332007e-03 9.999896762097988390e-01 -6.254102862642121679e-06 -2.646237727377833814e-03 -2.453099330010151836e-04 5.139480957468031382e-06 9.999999698983123020e-01 1.061224071570011571e-02 9.999890923500061035e-01 4.669859539717435837e-03 5.072965359431691468e-05 1.003500342369079590e+00 -4.669958725571632385e-03 9.999870657920837402e-01 2.019437495619058609e-03 9.241945808753371239e-04 -4.129804801777936518e-05 -2.019645180553197861e-03 9.999979734420776367e-01 1.702789962291717529e-02 6.094265747070312500e+01
4.897730000000000000e+07 9.999888715621595425e-01 4.710865152671276507e-03 2.539694747764165801e-04 1.014082090497948174e+00 -4.710869039134969044e-03 9.999889036863106595e-01 1.470683731748078025e-05 -2.550663993680247783e-03 -2.538973747212525068e-04 -1.590309063508214553e-05 9.999999676416055916e-01 1.082674175829141314e-02 9.999884963035583496e-01 4.754578229039907455e-03 -6.174374721013009548e-04 1.005625605583190918e+00 -4.753643181174993515e-03 9.999876618385314941e-01 1.460458384826779366e-03 3.269990265835076571e-04 6.243813550099730492e-04 -1.457507954910397530e-03 9.999987483024597168e-01 1.545938476920127869e-02 6.148742294311523438e+01
4.908093000000000000e+07 9.999917761093025659e-01 4.048735847008782911e-03 2.354820422037079690e-04 9.999382848882170105e-01 -4.048739901366288883e-03 9.999918036788441045e-01 1.674311269119524472e-05 -2.080625400907911478e-03 -2.354123236766717030e-04 -1.769638053865624810e-05 9.999999721339375425e-01 1.077870307358952742e-02 9.999890923500061035e-01 4.644011612981557846e-03 -5.572897498495876789e-04 1.009483933448791504e+00 -4.642885643988847733e-03 9.999870061874389648e-01 2.095330739393830299e-03 1.996405422687530518e-03 5.670036771334707737e-04 -2.092726761475205421e-03 9.999976158142089844e-01 1.291598472744226456e-02 6.124390411376953125e+01
4.918467000000000000e+07 9.999929038762369604e-01 3.760130101313854858e-03 2.315582954702602187e-04 1.013471451819368374e+00 -3.760140006329565267e-03 9.999929297518246329e-01 4.235499377317827879e-05 -1.578234407997668176e-03 -2.313973980137410454e-04 -4.322538479977497075e-05 9.999999722934056479e-01 1.099424864908355760e-02 9.999916553497314453e-01 4.070222843438386917e-03 4.264845920260995626e-04 1.008605241775512695e+00 -4.069589544087648392e-03 9.999905824661254883e-01 -1.504161162301898003e-03 -3.290901426225900650e-03 -4.325968620833009481e-04 1.502412836998701096e-03 9.999988079071044922e-01 1.341607049107551575e-02 6.125545501708984375e+01
4.928832000000000000e+07 9.999926613878074022e-01 3.823905522931889903e-03 2.343449973041364007e-04 1.012724359310074984e+00 -3.823914588579621545e-03 9.999926880806236928e-01 3.824920866318688706e-05 -1.657581217466209305e-03 -2.341970224371565240e-04 -3.914504319075027107e-05 9.999999718097106749e-01 1.097975549627537399e-02 9.999925494194030762e-01 3.804722800850868225e-03 5.845674313604831696e-04 1.016867399215698242e+00 -3.804698819294571877e-03 9.999927878379821777e-01 -6.358519021887332201e-05 2.846366805897559971e-05 -5.848146975040435791e-04 6.136346200946718454e-05 9.999998211860656738e-01 1.309139281511306763e-02 6.099308776855468750e+01
4.939205000000000000e+07 9.999908191541759805e-01 4.278132440258615617e-03 2.432926130917835732e-04 1.005898199920738367e+00 -4.278136846971795741e-03 9.999908485764423816e-01 1.759527584433292710e-05 -2.226321820077255091e-03 -2.432151117023410565e-04 -1.863595333446178826e-05 9.999999702495566689e-01 1.080218969926236700e-02 9.999920725822448730e-01 3.837139811366796494e-03 1.055340049788355827e-03 1.013474941253662109e+00 -3.837330499663949013e-03 9.999925494194030762e-01 1.990517484955489635e-04 2.588383213151246309e-04 -1.054559717886149883e-03 -2.030983596341684461e-04 9.999994039535522461e-01 1.165635325014591217e-02 6.117433547973632812e+01
4.949580000000000000e+07 9.999931903653488385e-01 3.683132908773330012e-03 2.318530344499812428e-04 1.021583929854197326e+00 -3.683145579049567058e-03 9.999932157255271292e-01 5.424464656272253517e-05 -1.394189014245793886e-03 -2.316516712661119588e-04 -5.509822559752785485e-05 9.999999716508458647e-01 1.111864161470652902e-02 9.999929666519165039e-01 3.552815644070506096e-03 1.246858737431466579e-03 1.013887643814086914e+00 -3.556036157533526421e-03 9.999903440475463867e-01 2.592299599200487137e-03 2.265019342303276062e-03 -1.237630960531532764e-03 -2.596716862171888351e-03 9.999958872795104980e-01 1.485543511807918549e-02 6.149248123168945312e+01
4.959942000000000000e+07 9.999908497885122705e-01 4.271041590625033850e-03 2.419582785767739703e-04 1.006163116015385661e+00 -4.271046479881903009e-03 9.999908788458732323e-01 1.969392071966349098e-05 -2.204511096292136735e-03 -2.418719580874535051e-04 -2.072715552335330344e-05 9.999999705341713341e-01 1.080800564222253284e-02 9.999900460243225098e-01 4.043059423565864563e-03 1.838941127061843872e-03 1.015432834625244141e+00 -4.045622888952493668e-03 9.999908208847045898e-01 1.422274508513510227e-03 2.547248732298612595e-03 -1.833176007494330406e-03 -1.429692143574357033e-03 9.999973177909851074e-01 1.712915860116481781e-02 6.140806579589843750e+01
4.970317000000000000e+07 9.999929178464773694e-01 3.756555308825284753e-03 2.292348237286878881e-04 1.002324479791437017e+00 -3.756561823836433375e-03 9.999929437045805836e-01 2.799673837056149478e-05 -1.746484772374421769e-03 -2.291280348801582700e-04 -2.885767491100503477e-05 9.999999733337878727e-01 1.086168425225465806e-02 9.999926090240478516e-01 3.854908281937241554e-03 -3.262390382587909698e-04 1.009589076042175293e+00 -3.854368580505251884e-03 9.999912381172180176e-01 1.619252492673695087e-03 2.550893928855657578e-03 3.324741846881806850e-04 -1.617987756617367268e-03 9.999986886978149414e-01 1.949591934680938721e-02 6.220137786865234375e+01
4.980680000000000000e+07 9.999950129325746451e-01 3.150792319456387040e-03 2.159112037709577355e-04 1.008260682505995209e+00 -3.150803538510831177e-03 9.999950348727628668e-01 5.164099509461831891e-05 -1.049101980781856755e-03 -2.157474216921416747e-04 -5.232103134858518876e-05 9.999999753577792916e-01 1.105968798997825596e-02 9.999867677688598633e-01 3.923009149730205536e-03 -3.321650670841336250e-03 1.009382963180541992e+00 -3.922993782907724380e-03 9.999923110008239746e-01 2.087003304040990770e-05 -7.947004633024334908e-04 3.321707481518387794e-03 -7.846182597859296948e-06 9.999945163726806641e-01 1.822050474584102631e-02 6.204902267456054688e+01
4.991055000000000000e+07 9.999974437719484355e-01 2.251918941040714859e-03 2.032498039227060931e-04 9.999165807232900383e-01 -2.251923540414969577e-03 9.999974641659343799e-01 2.240315441771649352e-05 -4.187696860906070040e-04 -2.031988384254722530e-04 -2.286080018331257979e-05 9.999999790938070010e-01 1.111248024207711280e-02 9.999968409538269043e-01 2.495924476534128189e-03 8.080464613158255816e-05 1.011310100555419922e+00 -2.495870459824800491e-03 9.999967217445373535e-01 -6.723939441144466400e-04 -2.122525620507076383e-04 -8.248117228504270315e-05 6.722019170410931110e-04 9.999997019767761230e-01 1.447171997278928757e-02 6.178438568115234375e+01
5.001417000000000000e+07 9.999993125104332803e-01 1.155626661822106108e-03 1.987603082160637293e-04 1.007366325390862904e+00 -1.155627405821335520e-03 9.999993322558345943e-01 3.628392417787859841e-06 5.751919201253310326e-04 -1.987559824279500032e-04 -3.858082785857900465e-06 9.999999802405868943e-01 1.143397696353112142e-02 9.999878406524658203e-01 1.146142021752893925e-03 4.787538200616836548e-03 1.017299890518188477e+00 -1.127820927649736404e-03 9.999918937683105469e-01 -3.845433937385678291e-03 -3.135632257908582687e-03 -4.791910294443368912e-03 3.839985933154821396e-03 9.999811649322509766e-01 1.763808540999889374e-02 6.134688186645507812e+01
5.011799000000000000e+07 9.999997264554103538e-01 7.138245674707481819e-04 1.937617117696412768e-04 1.008681530197699683e+00 -7.138230051272527205e-04 9.999997451952639116e-01 -8.132257136351439466e-06 9.675455629219813745e-04 -1.937674674030711523e-04 7.993943346873946712e-06 9.999999811951328921e-01 1.156778334036285757e-02 9.999644160270690918e-01 4.177526861894875765e-04 8.427958004176616669e-03 1.019974589347839355e+00 -3.793831565417349339e-04 9.999896287918090820e-01 -4.549697507172822952e-03 -7.085877470672130585e-03 -8.429772220551967621e-03 4.546336364001035690e-03 9.999541640281677246e-01 1.809366419911384583e-02 6.227183914184570312e+01
5.022158000000000000e+07 9.999997293297573364e-01 7.105242411049757494e-04 1.910385394557068941e-04 1.006823865674508989e+00 -7.105224667235583453e-04 9.999997475351189991e-01 -9.355789264187105639e-06 9.561790409183946841e-04 -1.910451387401450893e-04 9.220049559751864263e-06 9.999999817083728981e-01 1.153387663179577215e-02 9.999831318855285645e-01 7.345012272708117962e-04 5.769428797066211700e-03 1.020757794380187988e+00 -7.241105195134878159e-04 9.999981522560119629e-01 -1.797018107026815414e-03 -5.483442917466163635e-03 -5.770746618509292603e-03 1.792806899175047874e-03 9.999817609786987305e-01 1.897047460079193115e-02 6.460233306884765625e+01
5.032530000000000000e+07 9.999997130101387910e-01 7.319577158952892152e-04 1.954931102005256864e-04 1.008815423094091779e+00 -7.319557884272639677e-04 9.999997320710213300e-01 -9.930883379742170295e-06 9.545053983004286868e-04 -1.955003268087963421e-04 9.787788219549041095e-06 9.999999808419109959e-01 1.156768285222635820e-02 9.999989867210388184e-01 1.064560608938336372e-03 -1.001864555291831493e-03 1.011890649795532227e+00 -1.065757940523326397e-03 9.999987483024597168e-01 -1.136510516516864300e-03 -4.079024773091077805e-03 1.000653137452900410e-03 1.137576531618833542e-03 9.999988675117492676e-01 2.279012091457843781e-02 6.236422348022460938e+01
5.042899000000000000e+07 9.999998115475531302e-01 5.837454945917664026e-04 1.901211359922185895e-04 1.006430332609668188e+00 -5.837428834724634223e-04 9.999998295270334792e-01 -1.378917800399170531e-05 1.029814293108056479e-03 -1.901291529524384025e-04 1.367819354248671640e-05 9.999999818319055267e-01 1.155953097343800570e-02 9.999724030494689941e-01 6.975083961151540279e-04 -7.386431097984313965e-03 1.005530595779418945e+00 -7.148743607103824615e-04 9.999969005584716797e-01 -2.367365406826138496e-03 -7.541718427091836929e-03 7.384761702269315720e-03 2.372586866840720177e-03 9.999698996543884277e-01 2.057242393493652344e-02 6.208326339721679688e+01
5.053269000000000000e+07 9.999996323033829571e-01 8.371675463030718882e-04 1.858592100706884078e-04 9.983178895004723996e-01 -8.371647770345770319e-04 9.999996494653722312e-01 -1.497711690058231909e-05 7.199359318330719650e-04 -1.858716832759988195e-04 1.482151661945493433e-05 9.999999826160209659e-01 1.136639862662162763e-02 9.999694824218750000e-01 8.745842496864497662e-04 -7.765066809952259064e-03 1.006198883056640625e+00 -8.864184492267668247e-04 9.999984502792358398e-01 -1.505200867541134357e-03 -6.813894491642713547e-03 7.763747125864028931e-03 1.512036658823490143e-03 9.999687671661376953e-01 1.797010935842990875e-02 6.171772766113281250e+01
5.063645000000000000e+07 9.999991386951083694e-01 1.299128483173369025e-03 1.867462079797837084e-04 9.917031854740800956e-01 -1.299126615212572132e-03 9.999991560833798587e-01 -1.012362564683609607e-05 2.617867974459578634e-04 -1.867592022725856357e-04 9.881009947032198801e-06 9.999999825116820951e-01 1.117027729844027699e-02 9.999946951866149902e-01 1.224574400112032890e-03 -3.008585190400481224e-03 1.008448958396911621e+00 -1.233628368936479092e-03 9.999946951866149902e-01 -3.021475858986377716e-03 -1.041335519403219223e-02 3.004870377480983734e-03 3.025168552994728088e-03 9.999908208847045898e-01 1.715943776071071625e-02 6.310956954956054688e+01
5.074021000000000000e+07 9.999991311558413809e-01 1.302960335307417391e-03 1.999546278781084909e-04 1.008373896499000999e+00 -1.302961873889067930e-03 9.999991511161698821e-01 7.564579767106880675e-06 4.747715770353994145e-04 -1.999446017920432220e-04 -7.825106462345170783e-06 9.999999799804608624e-01 1.142433582426911377e-02 9.999969601631164551e-01 1.317044254392385483e-03 2.065856708213686943e-03 1.017974734306335449e+00 -1.311290310695767403e-03 9.999952316284179688e-01 -2.802433911710977554e-03 -1.103971712291240692e-02 -2.069540554657578468e-03 2.799722133204340935e-03 9.999939799308776855e-01 1.903420872986316681e-02 6.264281463623046875e+01
5.084399000000000000e+07 9.999997334714492148e-01 7.043162325050791785e-04 1.923426180683303983e-04 1.007199616828985400e+00 -7.043146655753304650e-04 9.999997519366623511e-01 -8.214168645758056935e-06 9.577540895312913489e-04 -1.923483557274115934e-04 8.078696731633215936e-06 9.999999814684223942e-01 1.153881383829270801e-02 9.999891519546508789e-01 1.254954258911311626e-03 4.501175601035356522e-03 1.016141295433044434e+00 -1.237042946740984917e-03 9.999914169311523438e-01 -3.956984728574752808e-03 -1.497248653322458267e-02 -4.506107419729232788e-03 3.951376769691705704e-03 9.999820590019226074e-01 2.304155938327312469e-02 6.185359954833984375e+01
5.094760000000000000e+07 9.999997961451486672e-01 6.098795894543663056e-04 1.890939990312544110e-04 1.004493599844666019e+00 -6.098773555219624441e-04 9.999998139543211373e-01 -1.187130935994182008e-05 9.986472524063792940e-04 -1.891012039205359520e-04 1.175598278985452824e-05 9.999999820512652793e-01 1.151432649744926588e-02 9.999908804893493652e-01 7.122067036107182503e-04 4.199258517473936081e-03 1.016415238380432129e+00 -6.994056166149675846e-04 9.999951124191284180e-01 -3.060276387259364128e-03 -1.288100797683000565e-02 -4.201417788863182068e-03 3.057308029383420944e-03 9.999865293502807617e-01 2.237378060817718506e-02 6.168057632446289062e+01
5.105120000000000000e+07 9.999999286214797944e-01 3.280289493296799819e-04 1.874941303448017017e-04 1.009598259114812491e+00 -3.280236014369370778e-04 9.999999457926211921e-01 -2.855302816543250989e-05 1.126337894183227287e-03 -1.875034864007298573e-04 2.849152362968318452e-05 9.999999820153383512e-01 1.166397147410103141e-02 9.999957680702209473e-01 6.930643576197326183e-04 2.841506619006395340e-03 1.017321109771728516e+00 -6.857471307739615440e-04 9.999964833259582520e-01 -2.554695354774594307e-03 -1.105527579784393311e-02 -2.843264024704694748e-03 2.552739577367901802e-03 9.999926686286926270e-01 2.236300893127918243e-02 6.222975921630859375e+01
5.115495000000000000e+07 9.999999682290008352e-01 1.781455279508428703e-04 1.783428419553405515e-04 1.001113021290418459e+00 -1.781393444450749030e-04 9.999999835315827035e-01 -3.468730054022388072e-05 1.214094414205211560e-03 -1.783490184056841859e-04 3.465552956173552661e-05 9.999999834953110511e-01 1.156013709991792100e-02 9.999992251396179199e-01 4.550049197860062122e-04 1.128564355894923210e-03 1.011509537696838379e+00 -4.539116343948990107e-04 9.999992251396179199e-01 -1.130335615016520023e-03 -9.446835145354270935e-03 -1.129082986153662205e-03 1.129818498156964779e-03 9.999987483024597168e-01 2.414594590663909912e-02 6.155254364013671875e+01
5.125856000000000000e+07 9.999999776390575690e-01 -1.235371617262381481e-04 1.716404806076015711e-04 9.976035643388718732e-01 1.235459769482594563e-04 9.999999910498365008e-01 -5.134898928143884222e-05 1.356453099769301413e-03 -1.716341355630729914e-04 5.137019362383653243e-05 9.999999839514134292e-01 1.157260164675948111e-02 9.999973773956298828e-01 -2.308512011950369924e-05 -2.264126669615507126e-03 1.013267278671264648e+00 2.030338873737491667e-05 9.999991655349731445e-01 -1.311618601903319359e-03 -7.751218974590301514e-03 2.264153212308883667e-03 1.311575993895530701e-03 9.999965429306030273e-01 2.426977828145027161e-02 6.135692977905273438e+01
5.136231000000000000e+07 9.999999330819356880e-01 -3.238411411911911765e-04 1.701853223712018878e-04 1.001461588356660659e+00 3.238513924843900403e-04 9.999999457473983666e-01 -6.021195673376061880e-05 1.426189782633852056e-03 -1.701658140300937741e-04 6.026706745622939504e-05 9.999999837057386154e-01 1.166949910858005798e-02 9.999942183494567871e-01 -1.744652690831571817e-04 -3.405862720683217049e-03 1.008695244789123535e+00 1.681775320321321487e-04 9.999982714653015137e-01 -1.806609099730849266e-03 -9.238825179636478424e-03 3.406181233003735542e-03 1.806023065000772476e-03 9.999925494194030762e-01 2.100750803947448730e-02 6.146976089477539062e+01
5.146593000000000000e+07 9.999999464844679942e-01 -2.785963085654185917e-04 1.715084863170244773e-04 1.002867104867022796e+00 2.786066536617471073e-04 9.999999593712818324e-01 -6.029734192429816276e-05 1.400957024377331517e-03 -1.714916807324430863e-04 6.034512210157925337e-05 9.999999834745351146e-01 1.169592536395871150e-02 9.999998807907104492e-01 -2.113195660058408976e-04 4.420890181791037321e-04 1.015690684318542480e+00 2.116877876687794924e-04 9.999998211860656738e-01 -6.504561170004308224e-04 -6.706648506224155426e-03 -4.419613687787204981e-04 6.505478522740304470e-04 9.999997019767761230e-01 1.819410547614097595e-02 6.190035247802734375e+01
5.156968000000000000e+07 9.999999801350757389e-01 7.672291398792627909e-05 1.839658746784655257e-04 1.013270804675215242e+00 -7.671444468852963588e-05 9.999999959974241737e-01 -4.604395427900586550e-05 1.217286624538097819e-03 -1.839694065684350328e-04 4.602984052457626636e-05 9.999999820182556842e-01 1.178182496072360287e-02 9.999945759773254395e-01 2.823420509230345488e-04 3.271442838013172150e-03 1.016879558563232422e+00 -2.761379873845726252e-04 9.999980926513671875e-01 -1.901385257951915264e-03 -1.058384217321872711e-02 -3.271959256380796432e-03 1.900472328998148441e-03 9.999928474426269531e-01 2.098699472844600677e-02 6.171635055541992188e+01
5.167332000000000000e+07 9.999998364198454670e-01 5.381782399719479623e-04 1.937122919014546590e-04 1.015019952712668427e+00 -5.381745306795987765e-04 9.999998549997498598e-01 -1.920007691692588144e-05 1.011295903389180031e-03 -1.937225968771110363e-04 1.909582275050184492e-05 9.999999810534516698e-01 1.170573653381058211e-02 9.999979734420776367e-01 4.711745423264801502e-04 1.966233132407069206e-03 1.012377858161926270e+00 -4.695929819718003273e-04 9.999995827674865723e-01 -7.955009932629764080e-04 -8.380946703255176544e-03 -1.966617535799741745e-03 7.945788092911243439e-04 9.999977350234985352e-01 2.187140844762325287e-02 6.168972778320312500e+01
5.177693000000000000e+07 9.999998374911411858e-01 5.388463192059156576e-04 1.861782029099313485e-04 1.002262350690494186e+00 -5.388433648421190854e-04 9.999998546972024283e-01 -1.591826852429451789e-05 1.021383179834347990e-03 -1.861867533584440372e-04 1.581794504431717331e-05 9.999999825421419519e-01 1.149433927342228233e-02 9.999967217445373535e-01 7.346547208726406097e-04 -2.433605724945664406e-03 1.013437986373901367e+00 -7.380811730399727821e-04 9.999987483024597168e-01 -1.399456639774143696e-03 -9.809805080294609070e-03 2.432571491226553917e-03 1.401242800056934357e-03 9.999960660934448242e-01 2.384914271533489227e-02 6.131075286865234375e+01
5.188067000000000000e+07 9.999998081334003919e-01 5.901702355609885712e-04 1.882346126242270780e-04 1.003910054954171960e+00 -5.901677392406710129e-04 9.999998257623394782e-01 -1.331701948720302258e-05 1.017966891939349125e-03 -1.882424391349116254e-04 1.320592694037322130e-05 9.999999821951942591e-01 1.151049741997205340e-02 9.999983310699462891e-01 5.426481948234140873e-04 -1.785999047569930553e-03 1.011375904083251953e+00 -5.446511204354465008e-04 9.999992847442626953e-01 -1.112321158871054649e-03 -7.532186340540647507e-03 1.785397646017372608e-03 1.113287173211574554e-03 9.999978542327880859e-01 1.892260275781154633e-02 6.141289520263671875e+01
5.198430000000000000e+07 9.999998861233094782e-01 4.396874795146061567e-04 1.855486499681816318e-04 1.006509127531315384e+00 -4.396834771670626017e-04 9.999999031057121845e-01 -2.161058173495116998e-05 1.089533205657852895e-03 -1.855581338912501118e-04 2.152899660306279193e-05 9.999999825523414598e-01 1.159358928795895492e-02 9.999997615814208984e-01 5.253370618447661400e-04 3.165923117194324732e-04 1.013848543167114258e+00 -5.247918888926506042e-04 9.999983906745910645e-01 -1.702748006209731102e-03 -8.532941341400146484e-03 -3.174840821884572506e-04 1.702586538158357143e-03 9.999984502792358398e-01 1.919040828943252563e-02 6.128374481201171875e+01
5.208805000000000000e+07 9.999999821766699659e-01 -6.486263540476339498e-05 1.773118681910347539e-04 1.005317261803782447e+00 6.487137049067986569e-05 9.999999966826449427e-01 -4.925865954312073539e-05 1.298932680796073200e-03 -1.773086725563842458e-04 4.927016112895173480e-05 9.999999830670429635e-01 1.168343995239141953e-02 9.999962449073791504e-01 2.741341995715629309e-05 2.765973098576068878e-03 1.014324784278869629e+00 -2.528481127228587866e-05 9.999997615814208984e-01 -7.667750469408929348e-04 -5.827914457768201828e-03 -2.765991725027561188e-03 7.667057798244059086e-04 9.999959468841552734e-01 2.044378221035003662e-02 6.139241409301757812e+01
5.219167000000000000e+07 9.999999604404934406e-01 -2.188641782021330735e-04 1.766847040303449589e-04 1.010043226075099776e+00 2.188748068539244989e-04 9.999999742385633494e-01 -6.013894494091053867e-05 1.352067775999066203e-03 -1.766715372182030720e-04 6.017761439151237345e-05 9.999999825829115618e-01 1.180070317960734555e-02 9.999995231628417969e-01 -3.009586653206497431e-04 8.219218580052256584e-04 1.011938691139221191e+00 3.033724206034094095e-04 9.999955296516418457e-01 -2.966463798657059669e-03 -7.406550925225019455e-03 -8.210283122025430202e-04 2.966717584058642387e-03 9.999951720237731934e-01 1.959787122905254364e-02 6.111215972900390625e+01
5.229543000000000000e+07 9.999997901341444173e-01 -6.261982337818366735e-04 1.661548485482420158e-04 1.004517501275996372e+00 6.262112279602344549e-04 9.999998008748637313e-01 -7.816473487868168984e-05 1.549741026112949355e-03 -1.661058688430857710e-04 7.826876650763975286e-05 9.999999831414199125e-01 1.179073606135211047e-02 9.999990463256835938e-01 -6.183065124787390232e-04 1.282235956750810146e-03 1.009669423103332520e+00 6.230559083633124828e-04 9.999929070472717285e-01 -3.712962148711085320e-03 -7.648760452866554260e-03 -1.279928139410912991e-03 3.713749581947922707e-03 9.999923110008239746e-01 1.929561793804168701e-02 6.152380752563476562e+01
5.239917000000000000e+07 9.999997359734095204e-01 -7.073166333621395789e-04 1.666022184878720427e-04 1.006181625108276689e+00 7.073307246069989070e-04 9.999997462683891669e-01 -8.453644652546720068e-05 1.575634929330953574e-03 -1.665423821817431946e-04 8.465426707180223414e-05 9.999999825486450833e-01 1.184043469480379994e-02 9.999987483024597168e-01 -6.206132820807397366e-04 1.435772050172090530e-03 1.006950974464416504e+00 6.277522188611328602e-04 9.999873042106628418e-01 -5.005498882383108139e-03 -8.083036169409751892e-03 -1.432655495591461658e-03 5.006394814699888229e-03 9.999864101409912109e-01 1.880468614399433136e-02 6.083792114257812500e+01
5.250293000000000000e+07 9.999994834177583503e-01 -1.005145390161507309e-03 1.511521879927263856e-04 9.922308638506995848e-01 1.005159782305079267e-03 9.999994902980807732e-01 -9.517044326463083674e-05 1.737967527347989696e-03 -1.510564508199586464e-04 9.532232619828486138e-05 9.999999840478016599e-01 1.167263349462322082e-02 9.999974370002746582e-01 -9.280062513425946236e-04 2.045351546257734299e-03 1.001995563507080078e+00 9.406431345269083977e-04 9.999808073043823242e-01 -6.126302760094404221e-03 -1.023773849010467529e-02 -2.039622981101274490e-03 6.128213834017515182e-03 9.999791979789733887e-01 1.899062283337116241e-02 6.131520080566406250e+01
5.260668000000000000e+07 9.999994489344402604e-01 -1.038634195520238973e-03 1.528720617291065228e-04 9.952749357110802775e-01 1.038649360221809842e-03 9.999994556879966412e-01 -9.915271089025012429e-05 1.737899771679242856e-03 -1.527689951269781468e-04 9.931143671343498503e-05 9.999999833994368537e-01 1.173571859488999579e-02 9.999994039535522461e-01 -9.687612764537334442e-04 6.504403427243232727e-04 9.994344115257263184e-01 9.734330233186483383e-04 9.999731183052062988e-01 -7.263396866619586945e-03 -1.282043289393186569e-02 -6.433816743083298206e-04 7.264024112373590469e-03 9.999733567237854004e-01 1.801806315779685974e-02 6.232735824584960938e+01
5.271043000000000000e+07 9.999983955869551355e-01 -1.786422225828646982e-03 1.323602983475793483e-04 9.895473282842670582e-01 1.786439790227470825e-03 9.999983955102593747e-01 -1.327022410139834876e-04 2.021808597388442038e-03 -1.321230237516089377e-04 1.329384818008892309e-04 9.999999824354337541e-01 1.179732269443406652e-02 9.999976158142089844e-01 -1.475103548727929592e-03 1.555343740619719028e-03 9.956107735633850098e-01 1.479945378378033638e-03 9.999940395355224609e-01 -3.131313715130090714e-03 -4.434805363416671753e-03 -1.550717279314994812e-03 3.133612452074885368e-03 9.999938607215881348e-01 1.679822802543640137e-02 6.190399932861328125e+01
5.281418000000000000e+07 9.999990664559742504e-01 -1.358909734581328650e-03 1.430087429538545762e-04 9.884206938250553742e-01 1.358926215424788135e-03 9.999990700227050500e-01 -1.152096071717985848e-04 1.876945606328263294e-03 -1.428520505012113200e-04 1.154038379497023892e-04 9.999999831376226167e-01 1.169259900501671764e-02 9.999983310699462891e-01 -1.306544290855526924e-03 1.313801505602896214e-03 9.920246005058288574e-01 1.311023836024105549e-03 9.999933838844299316e-01 -3.387285163626074791e-03 -4.799257498234510422e-03 -1.309375045821070671e-03 3.389002056792378426e-03 9.999934434890747070e-01 1.600947044789791107e-02 6.163788986206054688e+01
5.291793000000000000e+07 9.999984250478166636e-01 -1.770201649011829848e-03 1.276246931034678042e-04 9.752342461039000820e-01 1.770218920912746286e-03 9.999984240017532056e-01 -1.353478338279175369e-04 2.084583917341281591e-03 -1.273848990126681007e-04 1.355735443041756224e-04 9.999999826964509619e-01 1.157152927686557094e-02 9.999971985816955566e-01 -1.424412010237574577e-03 1.904257689602673054e-03 9.825193285942077637e-01 1.426168251782655716e-03 9.999984502792358398e-01 -9.313350892625749111e-04 -1.914939959533512592e-03 -1.902919611893594265e-03 9.340522810816764832e-04 9.999977946281433105e-01 1.823769137263298035e-02 6.174319839477539062e+01
5.302168000000000000e+07 9.999986460458841764e-01 -1.640870899804979877e-03 1.242946384075475290e-04 9.685660714888957301e-01 1.640886521835000595e-03 9.999986458460994321e-01 -1.256879402475356508e-04 2.036709200542348181e-03 -1.240882324150878349e-04 1.258917234635789390e-04 9.999999843766925745e-01 1.142895288262713201e-02 9.999976754188537598e-01 -1.524866558611392975e-03 1.512048416770994663e-03 9.724467992782592773e-01 1.525492523796856403e-03 9.999988079071044922e-01 -4.202723794151097536e-04 -3.254451323300600052e-03 -1.511401962488889694e-03 4.225796437822282314e-04 9.999986886978149414e-01 1.946428976953029633e-02 6.150035095214843750e+01
5.312543000000000000e+07 9.999979629459175845e-01 -2.014658751488907027e-03 1.235067852784363861e-04 9.515134454212206272e-01 2.014674766607635597e-03 9.999979621317787171e-01 -1.296829601506490877e-04 2.350458910836553464e-03 -1.232452666641835630e-04 1.299315219957147870e-04 9.999999839642009780e-01 1.114325047660321040e-02 9.999983906745910645e-01 -1.709232921712100506e-03 -4.388798261061310768e-04 9.616070985794067383e-01 1.708446769043803215e-03 9.999969601631164551e-01 -1.763767795637249947e-03 -2.791741630062460899e-03 4.418850294314324856e-04 1.763007952831685543e-03 9.999983310699462891e-01 1.922869496047496796e-02 6.229590225219726562e+01
5.322918000000000000e+07 9.999983594750851967e-01 -1.807482409623558609e-03 1.185514414071305706e-04 9.447775747247479927e-01 1.807497740845290853e-03 9.999983581099357588e-01 -1.293418597796659947e-04 2.177059309931623186e-03 -1.183174636199742246e-04 1.295559290557833437e-04 9.999999846081192301e-01 1.100907204821802848e-02 9.999978542327880859e-01 -1.769045251421630383e-03 1.072574523277580738e-03 9.501894116401672363e-01 1.770273083820939064e-03 9.999977946281433105e-01 -1.102874870412051678e-03 -1.800826052203774452e-03 -1.070623518899083138e-03 1.104780822061002254e-03 9.999988079071044922e-01 2.027445286512374878e-02 6.159292984008789062e+01
5.333293000000000000e+07 9.999992935968529117e-01 -1.184204320849352628e-03 1.023030835577917210e-04 9.279714428659014969e-01 1.184217106761948669e-03 9.999992910008356217e-01 -1.250106773660460363e-04 1.460086048694490693e-03 -1.021549728406254381e-04 1.251317381197961651e-04 9.999999869532046892e-01 1.062832978077876862e-02 9.999952316284179688e-01 -1.676616142503917217e-03 2.584184519946575165e-03 9.373587965965270996e-01 1.678382861427962780e-03 9.999983310699462891e-01 -7.047280087135732174e-04 -1.078846631571650505e-03 -2.583006396889686584e-03 7.090604631230235100e-04 9.999964833259582520e-01 2.081735245883464813e-02 6.167744064331054688e+01
5.343655000000000000e+07 9.999991095683556930e-01 -1.330873728272676968e-03 9.817164911614064586e-05 9.195427471433894606e-01 1.330886692211677392e-03 9.999991056438204406e-01 -1.321068868052344689e-04 1.490226303833894119e-03 -9.799574373643729045e-05 1.322374245102201902e-04 9.999999864550492834e-01 1.051427382316916410e-02 9.999921917915344238e-01 -9.500759188085794449e-04 3.860619151964783669e-03 9.249030947685241699e-01 9.435481042601168156e-04 9.999980330467224121e-01 1.704610185697674751e-03 5.279150209389626980e-04 -3.862196113914251328e-03 -1.700972090475261211e-03 9.999910593032836914e-01 2.167924679815769196e-02 6.172774505615234375e+01
5.354030000000000000e+07 9.999999533638518345e-01 -2.898351599114232474e-04 9.626981164150004466e-05 9.045506857855312166e-01 2.898459711460179872e-04 9.999999516882881467e-01 -1.123064419644150897e-04 5.315085087390424099e-04 -9.623725663583661239e-05 1.123343401431839899e-04 9.999999890596934504e-01 1.006480064499501448e-02 9.999727010726928711e-01 -2.833335202012676746e-05 7.378949318081140518e-03 9.131033420562744141e-01 -4.178956260147970170e-06 9.999904632568359375e-01 4.391453228890895844e-03 5.434884224086999893e-03 -7.379042915999889374e-03 -4.391360562294721603e-03 9.999631643295288086e-01 2.068464457988739014e-02 6.142758560180664062e+01
5.364405000000000000e+07 9.999999878975442957e-01 1.298552605289154537e-04 8.568852247875466150e-05 8.746475609712905941e-01 -1.298471826163000577e-04 9.999999871264871887e-01 -9.426948003012554117e-05 6.831388938265993416e-05 -8.570076276343033511e-05 9.425835247609897188e-05 9.999999918853711423e-01 9.538262622215260694e-03 9.999799132347106934e-01 5.812168237753212452e-04 6.321514956653118134e-03 8.947013020515441895e-01 -6.254038889892399311e-04 9.999752044677734375e-01 7.007965818047523499e-03 1.046714372932910919e-02 -6.317274179309606552e-03 -7.011746522039175034e-03 9.999554753303527832e-01 2.475746907293796539e-02 6.145241546630859375e+01
5.374780000000000000e+07 9.999999709402556114e-01 2.260056307006526625e-04 8.391033150466368693e-05 8.836072095613186628e-01 -2.259964722741495931e-04 9.999999685071537803e-01 -1.091388430760929985e-04 -3.358322671463517719e-05 -8.393499485472007496e-05 1.091198764659707742e-04 9.999999905238847742e-01 9.670739443923116394e-03 9.999954700469970703e-01 8.806258556433022022e-04 2.858431544154882431e-03 8.778635859489440918e-01 -8.996829274110496044e-04 9.999773502349853516e-01 6.675425451248884201e-03 1.061566639691591263e-02 -2.852536970749497414e-03 -6.677987053990364075e-03 9.999736547470092773e-01 2.553443610668182373e-02 6.186099243164062500e+01
5.385155000000000000e+07 9.999998063522123060e-01 6.169087152178162831e-04 8.197052061831248807e-05 8.435507205229220151e-01 -6.169091043213198238e-04 9.999998097004090258e-01 4.721671703725092804e-06 1.268773451637583726e-04 -8.196759217886598488e-05 -4.772239150970895161e-06 9.999999966292697495e-01 9.397120249479893467e-03 9.999981522560119629e-01 8.760976488701999187e-04 1.733965822495520115e-03 8.587424755096435547e-01 -8.875043131411075592e-04 9.999783635139465332e-01 6.521784234791994095e-03 1.068431604653596878e-02 -1.728207920677959919e-03 -6.523309741169214249e-03 9.999772310256958008e-01 2.130700089037418365e-02 6.154441452026367188e+01
5.395530000000000000e+07 9.999998684459090459e-01 5.068063357845740274e-04 7.909174528996483977e-05 8.395300167040115058e-01 -5.068075522779626890e-04 9.999998714550570877e-01 1.536150424502904672e-05 2.635133471071407149e-04 -7.908394981549097603e-05 -1.540158651774634462e-05 9.999999967542599899e-01 9.375556052606934601e-03 9.999992847442626953e-01 1.124650356359779835e-03 4.525945696514099836e-04 8.411873579025268555e-01 -1.127330004237592220e-03 9.999809265136718750e-01 6.064917892217636108e-03 7.635475136339664459e-03 -4.457724862731993198e-04 -6.065431516617536545e-03 9.999814629554748535e-01 2.297787927091121674e-02 6.148601531982421875e+01
5.405905000000000000e+07 9.999998510316890910e-01 5.422251871470200150e-04 6.267735632762960328e-05 8.126847441634805769e-01 -5.422303346302522094e-04 9.999998496197251008e-01 8.213888483244942190e-05 5.187144120180314354e-04 -6.263280913072922097e-05 -8.217285815969093082e-05 9.999999946623763236e-01 9.312885642176780415e-03 9.999989867210388184e-01 1.183458836749196053e-03 -7.224463042803108692e-04 8.234124183654785156e-01 -1.180759631097316742e-03 9.999922513961791992e-01 3.762667300179600716e-03 4.896223545074462891e-03 7.269266643561422825e-04 -3.761821193620562553e-03 9.999927282333374023e-01 2.254821360111236572e-02 6.156851196289062500e+01
5.416280000000000000e+07 9.999998858974228355e-01 4.743009878270458383e-04 5.695373429271356275e-05 8.023034321548319081e-01 -4.743071666039396124e-04 9.999998816277131386e-01 1.085232033295548170e-04 6.824774933764926740e-04 -5.690225489151700327e-05 -1.085502045094975622e-04 9.999999924894936720e-01 9.279770626797299513e-03 9.999986886978149414e-01 8.160966099239885807e-04 -1.385812996886670589e-03 8.061101436614990234e-01 -8.135768002830445766e-04 9.999980330467224121e-01 1.772194053046405315e-03 5.398905486799776554e-04 1.387250376865267754e-03 -1.771053066477179527e-03 9.999974370002746582e-01 2.282728441059589386e-02 6.153097534179687500e+01
5.426655000000000000e+07 9.999999881075561925e-01 1.478160520177186871e-04 4.399207254565249065e-05 7.927886144605055252e-01 -1.478212107345609522e-04 9.999999821966116809e-01 1.172845529490416678e-04 1.019718186275238910e-03 -4.397473522302766463e-05 -1.172910545156071154e-04 9.999999921545156267e-01 9.229437511752642057e-03 9.999973773956298828e-01 5.763131193816661835e-04 -2.201899886131286621e-03 7.940198183059692383e-01 -5.777871701866388321e-04 9.999996423721313477e-01 -6.867720512673258781e-04 -3.263311926275491714e-03 2.201523864641785622e-03 6.880430737510323524e-04 9.999972581863403320e-01 2.137154527008533478e-02 6.129894256591796875e+01
5.437018000000000000e+07 9.999999939625352496e-01 1.098826734022434346e-04 -8.529626593127720971e-07 7.741333854827200378e-01 -1.098825768195827015e-04 9.999999876440053281e-01 1.124180088476327977e-04 1.059997881870309872e-03 8.653154400479872729e-07 -1.124179144431786814e-04 9.999999936807318912e-01 9.080965982754492238e-03 9.999998211860656738e-01 5.254955030977725983e-04 -5.472112752613611519e-05 7.834764122962951660e-01 -5.255935247987508774e-04 9.999994039535522461e-01 -8.531790808774530888e-04 -5.459156818687915802e-03 5.424612754723057151e-05 8.532009669579565525e-04 9.999997019767761230e-01 2.269763499498367310e-02 6.116057586669921875e+01
5.447393000000000000e+07 9.999999073818023332e-01 4.295727261354743130e-04 -2.652675469418834460e-05 7.604786318804487300e-01 -4.295702534715117329e-04 9.999999033962915229e-01 9.314941896054830029e-05 7.378166386814237997e-04 2.656676657950658786e-05 -9.313801522903208062e-05 9.999999953097586936e-01 8.974292872982677499e-03 9.999996423721313477e-01 5.820328369736671448e-04 -6.054592668078839779e-04 7.709910869598388672e-01 -5.817490746267139912e-04 9.999997615814208984e-01 5.042671691626310349e-04 -3.548731794580817223e-03 6.057511200197041035e-04 -5.039167590439319611e-04 9.999997019767761230e-01 2.445673756301403046e-02 6.140031814575195312e+01
5.457757000000000000e+07 9.999986160871332519e-01 1.663186094199874988e-03 -4.044473091319359770e-05 7.596174270861382194e-01 -1.663182165693977664e-03 9.999986122096575780e-01 9.697311185011775827e-05 -3.213968676053801689e-04 4.060595911890474874e-05 -9.690571069121739131e-05 9.999999944802194785e-01 9.154655800326122472e-03 9.999980926513671875e-01 1.967884134501218796e-03 9.491789114690618590e-07 7.588034272193908691e-01 -1.967853400856256485e-03 9.999977946281433105e-01 7.431135745719075203e-04 -2.195579232648015022e-03 5.595705943051143549e-07 -7.431022240780293941e-04 9.999997019767761230e-01 2.366389892995357513e-02 6.139430236816406250e+01
5.468131000000000000e+07 9.999943239730876288e-01 3.369192877131422636e-03 -2.367952205170749833e-05 7.552849394394856031e-01 -3.369191051021757245e-03 9.999943213151435417e-01 7.673905456589051415e-05 -1.852716164099607512e-03 2.393793626477081884e-05 -7.665883815743486558e-05 9.999999967751987962e-01 9.286369235214798207e-03 9.999931454658508301e-01 3.632142674177885056e-03 7.474744925275444984e-04 7.458858489990234375e-01 -3.632948733866214752e-03 9.999927878379821777e-01 1.056650071404874325e-03 -3.184995381161570549e-03 -7.436515879817306995e-04 -1.059366273693740368e-03 9.999991059303283691e-01 2.072796039283275604e-02 6.155881500244140625e+01
5.478506000000000000e+07 9.999873541375982056e-01 5.029052485962475123e-03 -1.400364173571761176e-05 7.317928074427348939e-01 -5.029052396799789208e-03 9.999873542156502149e-01 6.395056924208194766e-06 -3.384183291796175573e-03 1.403562572545126269e-05 -6.324551005505927291e-06 9.999999998815006785e-01 9.195678594002200390e-03 9.999827742576599121e-01 5.711728706955909729e-03 1.333644380792975426e-03 7.369775772094726562e-01 -5.716427695006132126e-03 9.999772310256958008e-01 3.595863003283739090e-03 -2.114763949066400528e-03 -1.313028158619999886e-03 -3.603417426347732544e-03 9.999926090240478516e-01 2.279788069427013397e-02 6.177084732055664062e+01
5.488880000000000000e+07 9.999776483987353748e-01 6.685942369299792409e-03 2.964739035131766482e-05 7.216854126402295622e-01 -6.685940041522607860e-03 9.999776458170689386e-01 -7.793145796925732131e-05 -5.234817724028270614e-03 -3.016777282859216193e-05 7.773149540836056634e-05 9.999999965238601796e-01 8.968572430731137565e-03 9.999733567237854004e-01 7.110563106834888458e-03 1.631637918762862682e-03 7.234820127487182617e-01 -7.111940532922744751e-03 9.999744296073913574e-01 7.935065659694373608e-04 -7.559182122349739075e-03 -1.625967095606029034e-03 -8.050959440879523754e-04 9.999984502792358398e-01 2.508197538554668427e-02 6.193932723999023438e+01
5.499268000000000000e+07 9.999768088727646331e-01 6.810410919625183544e-03 4.320504458209173351e-06 6.994878204510117659e-01 -6.810410319287291299e-03 9.999768009000216118e-01 -1.263802189161126609e-04 -5.539517112861349485e-03 -5.181105469391555881e-06 1.263478636074746105e-04 9.999999920046865887e-01 8.744159161862762389e-03 9.999769330024719238e-01 6.773743778467178345e-03 -3.993579302914440632e-04 7.079215049743652344e-01 -6.772746797651052475e-03 9.999740719795227051e-01 2.429182874038815498e-03 -7.457185536623001099e-03 4.157871298957616091e-04 -2.426426392048597336e-03 9.999969601631164551e-01 2.648783288896083832e-02 6.122060775756835938e+01
5.509643000000000000e+07 9.999747296264848151e-01 7.109127970337192348e-03 2.020039610684335325e-05 7.090786950941990741e-01 -7.109125618672884617e-03 9.999747233266297330e-01 -1.141966918560473218e-04 -5.736377671592263541e-03 -2.101172440235832896e-05 1.140501989098560823e-04 9.999999932755297971e-01 8.837731357204220775e-03 9.999592900276184082e-01 7.442814297974109650e-03 -5.116341635584831238e-03 7.001923918724060059e-01 -7.431101985275745392e-03 9.999697804450988770e-01 2.297405386343598366e-03 -6.609900854527950287e-03 5.133295897394418716e-03 -2.259293338283896446e-03 9.999842643737792969e-01 2.577890455722808838e-02 6.155299377441406250e+01
5.520018000000000000e+07 9.999673559336972328e-01 8.079875273436992050e-03 5.179185587821415941e-05 7.026550951749859220e-01 -8.079866223444049506e-03 9.999673424473480843e-01 -1.726280961554029771e-04 -6.880734410230657065e-03 -5.318497797156294200e-05 1.722039896045185340e-04 9.999999837585719087e-01 8.645098314960832087e-03 9.999471306800842285e-01 8.310928940773010254e-03 -6.048091687262058258e-03 6.988865733146667480e-01 -8.291754871606826782e-03 9.999606013298034668e-01 3.196753794327378273e-03 -7.527126930654048920e-03 6.074360571801662445e-03 -3.146429313346743584e-03 9.999765753746032715e-01 2.074773609638214111e-02 6.136841583251953125e+01
5.530405000000000000e+07 9.999528465709789371e-01 9.710286165521699042e-03 1.224009349049581038e-04 6.980292790739934805e-01 -9.710252996555784888e-03 9.999528182751648009e-01 -2.687286918911541036e-04 -8.657209009386783796e-03 -1.250045921841134164e-04 2.675274764281644862e-04 9.999999564014518949e-01 8.307905367048763756e-03 9.999468326568603516e-01 9.887531399726867676e-03 -2.924173604696989059e-03 7.020152211189270020e-01 -9.884124621748924255e-03 9.999504685401916504e-01 1.151946722529828548e-03 -1.039982028305530548e-02 2.935484750196337700e-03 -1.122974674217402935e-03 9.999950528144836426e-01 1.502273138612508774e-02 6.149772644042968750e+01
5.540781000000000000e+07 9.999326934553107726e-01 1.159997791364652739e-02 2.215058864011147676e-04 7.074883843912883608e-01 -1.159989728463991718e-02 9.999326534403739641e-01 -3.618838515995276219e-04 -1.071358844749027359e-02 -2.256888136374176788e-04 3.592900487875881296e-04 9.999999099876015762e-01 8.060681554181419600e-03 9.999279975891113281e-01 1.189711224287748337e-02 1.624343218281865120e-03 7.142571806907653809e-01 -1.189828850328922272e-02 9.999290108680725098e-01 6.914459518156945705e-04 -1.355689391493797302e-02 -1.616025227122008801e-03 -7.107271812856197357e-04 9.999984502792358398e-01 1.737093739211559296e-02 6.123715209960937500e+01
5.551168000000000000e+07 9.999382659918123473e-01 1.110945453169397308e-02 2.103038727839390157e-04 7.085829629426588783e-01 -1.110938405649184758e-02 9.999382333205729667e-01 -3.333647270257176793e-04 -1.021561110085325401e-02 -2.139943832169791842e-04 3.310078006398628090e-04 9.999999223201184728e-01 8.123804524731199558e-03 9.998978376388549805e-01 1.240398641675710678e-02 7.097522728145122528e-03 7.201424837112426758e-01 -1.242640521377325058e-02 9.999178647994995117e-01 3.121818648651242256e-03 -8.035860955715179443e-03 -7.058208342641592026e-03 -3.209703369066119194e-03 9.999699592590332031e-01 2.089079283177852631e-02 6.135855865478515625e+01
5.561543000000000000e+07 9.999368497208759310e-01 1.123582363779125452e-02 2.298673636993281411e-04 7.151676908530105736e-01 -1.123574717992381101e-02 9.999368221351009334e-01 -3.312479419010434974e-04 -1.037634517813790236e-02 -2.335746845806313152e-04 3.286442919492362771e-04 9.999999187178957305e-01 8.148981535922103156e-03 9.999154210090637207e-01 1.139350980520248413e-02 6.270547863095998764e-03 7.250546216964721680e-01 -1.139281690120697021e-02 9.999350905418395996e-01 -1.547758583910763264e-04 -1.188068836927413940e-02 -6.271945778280496597e-03 8.330798300448805094e-05 9.999803900718688965e-01 1.941379159688949585e-02 6.081481552124023438e+01
5.571918000000000000e+07 9.999420452573799523e-01 1.076355513358306579e-02 2.280590581563119259e-04 7.261682692594407795e-01 -1.076348860255316522e-02 9.999420296452720125e-01 -2.909734649837675074e-04 -9.864596888694402571e-03 -2.311777463287950965e-04 2.885018906942259293e-04 9.999999316617540490e-01 8.323373802266444479e-03 9.999194145202636719e-01 1.170328631997108459e-02 4.923235625028610229e-03 7.305856943130493164e-01 -1.169981248676776886e-02 9.999312758445739746e-01 -7.196536171250045300e-04 -1.312972884625196457e-02 -4.931249190121889114e-03 6.620044005103409290e-04 9.999875426292419434e-01 2.126037143170833588e-02 6.070937728881835938e+01
5.582293000000000000e+07 9.999413687432624487e-01 1.082617744168197504e-02 2.301288043590279681e-04 7.250518090897393186e-01 -1.082610916576872209e-02 9.999413521858424581e-01 -2.958893285700087920e-04 -9.935161928475790688e-03 -2.333186581433975733e-04 2.933805806789037103e-04 9.999999297451177549e-01 8.302357727341821980e-03 9.999327659606933594e-01 1.140810642391443253e-02 2.095245290547609329e-03 7.283415198326110840e-01 -1.140419207513332367e-02 9.999331831932067871e-01 -1.907357946038246155e-03 -1.129710394889116287e-02 -2.116916468366980553e-03 1.883329008705914021e-03 9.999960660934448242e-01 2.009415067732334137e-02 6.034889602661132812e+01
5.592668000000000000e+07 9.999502119703773673e-01 9.976617287808667647e-03 2.017255570963701853e-04 7.318544573390245445e-01 -9.976568758410226875e-03 9.999502039615223437e-01 -2.401633400458434231e-04 -8.971796278692965171e-03 -2.041115295657216350e-04 2.381388540036209018e-04 9.999999508141862448e-01 8.521646508887618585e-03 9.999396800994873047e-01 1.088531035929918289e-02 -1.448026625439524651e-03 7.323727011680603027e-01 -1.088928338140249252e-02 9.999365806579589844e-01 -2.873698482289910316e-03 -1.189737301319837570e-02 1.416608807630836964e-03 2.889310708269476891e-03 9.999947547912597656e-01 1.799185201525688171e-02 6.039916610717773438e+01
5.603043000000000000e+07 9.999646887046910182e-01 8.402805674280653184e-03 1.191715280072113325e-04 7.279602595162298906e-01 -8.402787149100457778e-03 9.999646839319130676e-01 -1.551077004596849963e-04 -7.197659874633811905e-03 -1.204706591786348436e-04 1.541008504406452928e-04 9.999999808698742942e-01 8.784884112352611338e-03 9.999541044235229492e-01 8.827038109302520752e-03 -3.724505892023444176e-03 7.318136096000671387e-01 -8.842638693749904633e-03 9.999521970748901367e-01 -4.180753603577613831e-03 -1.329809334129095078e-02 3.687507472932338715e-03 4.213485866785049438e-03 9.999843239784240723e-01 1.687077805399894714e-02 6.045862579345703125e+01
5.613405000000000000e+07 9.999750592815263017e-01 7.062376944110472510e-03 6.037038682468167451e-05 7.278344727613511589e-01 -7.062371517874034901e-03 9.999750571255013876e-01 -8.962795311813012982e-05 -5.653025080247836912e-03 -6.100186743149880970e-05 8.919935961304473020e-05 9.999999941611229515e-01 8.959626988107823042e-03 9.999569654464721680e-01 7.577912881970405579e-03 -5.344307515770196915e-03 7.369209527969360352e-01 -7.611477747559547424e-03 9.999513626098632812e-01 -6.265080999583005905e-03 -1.623836159706115723e-02 5.296577699482440948e-03 6.305486429482698441e-03 9.999660849571228027e-01 1.090404950082302094e-02 6.052713775634765625e+01
5.623780000000000000e+07 9.999837611029949169e-01 5.698794027817000521e-03 3.574029252730562170e-05 7.403620115510495259e-01 -5.698793477816132755e-03 9.999837616251333605e-01 -1.547182363731934235e-05 -4.139101514864519139e-03 -3.582788289801723633e-05 1.526789584872963518e-05 9.999999992416270800e-01 9.165330691560561599e-03 9.999771118164062500e-01 6.317306309938430786e-03 -2.427725121378898621e-03 7.468932271003723145e-01 -6.333442870527505875e-03 9.999574422836303711e-01 -6.716197822242975235e-03 -1.505093835294246674e-02 2.385176718235015869e-03 6.731428205966949463e-03 9.999744892120361328e-01 8.167783729732036591e-03 5.963596725463867188e+01
5.634158000000000000e+07 9.999846835027895731e-01 5.534436421111086322e-03 5.267077947563958776e-05 7.518914910696435916e-01 -5.534436099712957725e-03 9.999846848721897219e-01 -6.245817444697118862e-06 -4.045975855108855518e-03 -5.270453989449067522e-05 5.954218725742285197e-06 9.999999985933893942e-01 9.186306878187533095e-03 9.999751448631286621e-01 5.803355015814304352e-03 4.009659402072429657e-03 7.563754916191101074e-01 -5.779847968369722366e-03 9.999662041664123535e-01 -5.843542981892824173e-03 -1.120434235781431198e-02 -4.043483175337314606e-03 5.820238497108221054e-03 9.999748468399047852e-01 5.776557140052318573e-03 6.032543945312500000e+01
5.644535000000000000e+07 9.999886934407666850e-01 4.755053614926898001e-03 4.956705391847983746e-05 7.658174671191695371e-01 -4.755055021311791960e-03 9.999886942622525643e-01 2.829425482586553491e-05 -3.294199377609213254e-03 -4.943195283451915260e-05 -2.852962897190175693e-05 9.999999983712711815e-01 9.249855901444127212e-03 9.998854994773864746e-01 5.243800580501556396e-03 1.419308409094810486e-02 7.773737907409667969e-01 -5.200353916734457016e-03 9.999817013740539551e-01 -3.097960259765386581e-03 -1.011862140148878098e-02 -1.420906558632850647e-02 3.023789264261722565e-03 9.998944997787475586e-01 9.988104924559593201e-03 6.045520019531250000e+01
5.654907000000000000e+07 9.999910893161940706e-01 4.221190939469101136e-03 5.324476818526098081e-05 7.719257767842707674e-01 -4.221193259201115253e-03 9.999910897764590079e-01 4.353044482361566385e-05 -2.795282110104659393e-03 -5.306054344051760622e-05 -4.375481339739630736e-05 9.999999976350474329e-01 9.273153056676487413e-03 9.998592734336853027e-01 4.468346480280160904e-03 1.617246493697166443e-02 7.888128161430358887e-01 -4.483544267714023590e-03 9.999895095825195312e-01 9.080527815967798233e-04 1.265506725758314133e-03 -1.616825908422470093e-02 -9.804200381040573120e-04 9.998688101768493652e-01 1.673087477684020996e-02 6.036806488037109375e+01
5.665294000000000000e+07 9.999895374413704241e-01 4.573432365993481720e-03 9.340180404321984432e-05 7.929976829539102656e-01 -4.573433317017003806e-03 9.999895417493038785e-01 9.971022774480231831e-06 -3.249898482173113265e-03 -9.335522542481153817e-05 -1.039808538048533668e-05 9.999999955883407399e-01 9.438008161379447467e-03 9.998486638069152832e-01 5.781239364296197891e-03 1.640556380152702332e-02 7.901656627655029297e-01 -5.817994941025972366e-03 9.999806880950927734e-01 2.184778684750199318e-03 2.296790480613708496e-03 -1.639259420335292816e-02 -2.279928419739007950e-03 9.998630285263061523e-01 2.213767357170581818e-02 6.069744110107421875e+01
5.675668000000000000e+07 9.999851688381742321e-01 5.445476966858714928e-03 9.426039323382490588e-05 7.771011095962676585e-01 -5.445477006575155134e-03 9.999851732805210558e-01 1.647049688055712217e-07 -4.020578889585037057e-03 -9.425809876435897326e-05 -6.779953173885297404e-07 9.999999955574756516e-01 9.269184989986625420e-03 9.999722242355346680e-01 6.151333916932344437e-03 4.201162606477737427e-03 7.875015139579772949e-01 -6.148034241050481796e-03 9.999808073043823242e-01 -7.825358770787715912e-04 -1.566349179483950138e-03 -4.205837845802307129e-03 7.566835265606641769e-04 9.999908804893493652e-01 2.451421506702899933e-02 6.105039978027343750e+01
5.686044000000000000e+07 9.999809636231491439e-01 6.169093560078554341e-03 1.211415143274187871e-04 7.778472376812590738e-01 -6.169090296075035486e-03 9.999809706084354932e-01 -2.729893403722090468e-05 -4.773979702518716187e-03 -1.213076187593220009e-04 2.655108141021259670e-05 9.999999922897506721e-01 9.235622743919556787e-03 9.999792575836181641e-01 5.904846359044313431e-03 -2.579285996034741402e-03 7.897569537162780762e-01 -5.902738776057958603e-03 9.999822378158569336e-01 7.953742169775068760e-04 2.537591717555187643e-05 2.583892317488789558e-03 -7.801272440701723099e-04 9.999963641166687012e-01 1.987455226480960846e-02 6.076297760009765625e+01
5.696428000000000000e+07 9.999769378446393686e-01 6.789936663515806423e-03 1.433091746791702369e-04 7.817347662849135626e-01 -6.789928161234144721e-03 9.999769463873926512e-01 -5.973162630597161796e-05 -5.431334140078689435e-03 -1.437114448569962448e-04 5.875718973449712266e-05 9.999999879473061570e-01 9.265019375621614747e-03 9.999764561653137207e-01 6.575582548975944519e-03 -1.976788043975830078e-03 7.932630181312561035e-01 -6.576322484761476517e-03 9.999783039093017578e-01 -3.359503461979329586e-04 1.055564935086295009e-04 1.974536338821053505e-03 3.489674127195030451e-04 9.999979734420776367e-01 1.608294248580932617e-02 6.134972763061523438e+01
5.706806000000000000e+07 9.999820287472357405e-01 5.993832944674299008e-03 1.270859500252486893e-04 7.958565229585091716e-01 -5.993825700334648281e-03 9.999820352240937904e-01 -5.730791638532591059e-05 -4.685615633830571974e-03 -1.274271610162428989e-04 5.654515549176617254e-05 9.999999902824824316e-01 9.435027975826048782e-03 9.999718666076660156e-01 6.121315993368625641e-03 4.337248858064413071e-03 8.056803345680236816e-01 -6.098414305597543716e-03 9.999675750732421875e-01 -5.257873795926570892e-03 -6.918393541127443314e-03 -4.369361326098442078e-03 5.231277085840702057e-03 9.999768137931823730e-01 1.182487048208713531e-02 6.085497665405273438e+01
5.717189000000000000e+07 9.999796703727548142e-01 6.375036375704397872e-03 1.332432174403148429e-04 7.934857637857889445e-01 -6.375027311208606752e-03 9.999796769720972200e-01 -6.834406311762800806e-05 -5.056337330098973487e-03 -1.336762054087508255e-04 6.749324458633475937e-05 9.999999887876673821e-01 9.422093407342978233e-03 9.999594688415527344e-01 6.270250771194696426e-03 6.457094568759202957e-03 8.064166903495788574e-01 -6.247926037758588791e-03 9.999744296073913574e-01 -3.476056735962629318e-03 -6.475744303315877914e-03 -6.478684488683938980e-03 3.435573773458600044e-03 9.999731183052062988e-01 1.210471242666244507e-02 6.201260757446289062e+01
5.727556000000000000e+07 9.999803302133057903e-01 6.270593977873193531e-03 1.372591628602808794e-04 8.052066917380219513e-01 -6.270582013038674546e-03 9.999803358867302983e-01 -8.742713712115910123e-05 -5.003545303794583107e-03 -1.378046838264596746e-04 8.656472266342998562e-05 9.999999867582096691e-01 9.472927447638316081e-03 9.999704957008361816e-01 6.621398497372865677e-03 3.905755933374166489e-03 8.089231848716735840e-01 -6.601203698664903641e-03 9.999648928642272949e-01 -5.162696354091167450e-03 -1.277514174580574036e-02 -3.939776681363582611e-03 5.136744584888219833e-03 9.999790787696838379e-01 1.764521189033985138e-02 6.153756713867187500e+01
5.737933000000000000e+07 9.999842085612251630e-01 5.618557720529231483e-03 1.201591355964939798e-04 7.973157215167240297e-01 -5.618552526779797482e-03 9.999842148627110516e-01 -4.351789650157835370e-05 -4.321152485165972480e-03 -1.204017466745251080e-04 4.284208889564320740e-05 9.999999918339875782e-01 9.447145305057500636e-03 9.999827742576599121e-01 5.448918323963880539e-03 2.160372212529182434e-03 7.995506525039672852e-01 -5.440395325422286987e-03 9.999773502349853516e-01 -3.960331901907920837e-03 -8.941943757236003876e-03 -2.181823365390300751e-03 3.948492929339408875e-03 9.999898076057434082e-01 1.789528504014015198e-02 6.145059204101562500e+01
5.748306000000000000e+07 9.999830770379064537e-01 5.816547096787171196e-03 1.158343467293810897e-04 7.851130629160192331e-01 -5.816544400938104646e-03 9.999830834840940375e-01 -2.359661075162677567e-05 -4.438664654139489255e-03 -1.159696380138747240e-04 2.292245580467181624e-05 9.999999930128019576e-01 9.333403532970305574e-03 9.999803900718688965e-01 6.098206620663404465e-03 -1.449568429961800575e-03 7.918568253517150879e-01 -6.101819220930337906e-03 9.999781847000122070e-01 -2.552624559029936790e-03 -4.680403508245944977e-03 1.433891477063298225e-03 2.561441389843821526e-03 9.999957084655761719e-01 1.254024542868137360e-02 6.161324691772460938e+01
5.758681000000000000e+07 9.999802642626188787e-01 6.281382249854731807e-03 1.237790938020745827e-04 7.831850997672781256e-01 -6.281377401271625617e-03 9.999802711728822402e-01 -3.952115938905103318e-05 -4.887941865280123407e-03 -1.240248993012263998e-04 3.874287618696123110e-05 9.999999915584066867e-01 9.309252216968526977e-03 9.999790787696838379e-01 6.317974999547004700e-03 -1.412198529578745365e-03 7.891081571578979492e-01 -6.319594569504261017e-03 9.999794363975524902e-01 -1.121902489103376865e-03 -3.015616210177540779e-03 1.405052840709686279e-03 1.130810822360217571e-03 9.999983906745910645e-01 1.325021125376224518e-02 6.193651199340820312e+01
5.769056000000000000e+07 9.999759173951138225e-01 6.938391150470327520e-03 1.528336985518849076e-04 7.755414042103880856e-01 -6.938382545917628694e-03 9.999759275233626177e-01 -5.675855082055172819e-05 -5.609231589302728256e-03 -1.532238324921972685e-04 5.569676526245181296e-05 9.999999867101636575e-01 9.145298240124204864e-03 9.999759197235107422e-01 6.900107488036155701e-03 6.867310730740427971e-04 7.849974632263183594e-01 -6.900298409163951874e-03 9.999760985374450684e-01 3.415777173358947039e-04 -2.315559831913560629e-04 -6.843591690994799137e-04 -3.462947206571698189e-04 9.999997019767761230e-01 1.226252038031816483e-02 6.379504013061523438e+01
5.779430000000000000e+07 9.999674761172804294e-01 8.062807403333219214e-03 1.945351603778222084e-04 7.711399453474593324e-01 -8.062787460033273707e-03 9.999674898872229489e-01 -1.030850953630939608e-04 -6.788640399550124188e-03 -1.953599912940266661e-04 1.015132469722105474e-04 9.999999757647667353e-01 9.036851991086253255e-03 9.999624490737915039e-01 8.612992241978645325e-03 9.858841076493263245e-04 7.769849896430969238e-01 -8.614161983132362366e-03 9.999623298645019531e-01 1.047261524945497513e-03 -7.771729724481701851e-04 -9.768131421878933907e-04 -1.055739820003509521e-03 9.999989867210388184e-01 1.514307688921689987e-02 6.276851272583007812e+01
5.789820000000000000e+07 9.999549009328430049e-01 9.494072918510577594e-03 2.422440793182088954e-04 7.664514175094313542e-01 -9.494031183266573790e-03 9.999549157308783576e-01 -1.728581215809942592e-04 -8.406175702075861095e-03 -2.438742854886321546e-04 1.705504530590453024e-04 9.999999557189380717e-01 8.856993286828452119e-03 9.999521970748901367e-01 9.777171537280082703e-03 -4.534265826805494726e-05 7.708180546760559082e-01 -9.777145460247993469e-03 9.999515414237976074e-01 -1.159703126177191734e-03 -5.059728398919105530e-03 3.405961979296989739e-05 1.160083687864243984e-03 9.999992847442626953e-01 1.624940149486064911e-02 6.192259216308593750e+01
5.800193000000000000e+07 9.999482581964016514e-01 1.016989006508358349e-02 2.329543957303721971e-04 7.434294515553963034e-01 -1.016983502533467566e-02 9.999482579837286611e-01 -2.362468367443319045e-04 -9.187251721750708255e-03 -2.353449465187875170e-04 2.338655051731120666e-04 9.999999449598402368e-01 8.586041940853328391e-03 9.999440908432006836e-01 1.057554036378860474e-02 -1.318700524279847741e-04 7.596822977066040039e-01 -1.057579368352890015e-02 9.999399185180664062e-01 -2.887339796870946884e-03 -9.180362336337566376e-03 1.012791544781066477e-04 2.888587070629000664e-03 9.999958276748657227e-01 1.752021536231040955e-02 6.210652923583984375e+01
5.810581000000000000e+07 9.999470121372798781e-01 1.029104129051803748e-02 2.595985544056128255e-04 7.553330815843034562e-01 -1.029098167815945333e-02 9.999470200123070640e-01 -2.299328852780325961e-04 -9.314326308465320503e-03 -2.619510495933728244e-04 2.272491777734193092e-04 9.999999398697301256e-01 8.654486725717218387e-03 9.999408125877380371e-01 1.084992941468954086e-02 8.615264669060707092e-04 7.549852728843688965e-01 -1.084887795150279999e-02 9.999403357505798340e-01 -1.274825190193951130e-03 -4.933631513267755508e-03 -8.753272704780101776e-04 1.265413942746818066e-03 9.999988079071044922e-01 1.897615939378738403e-02 6.200323104858398438e+01
5.820968000000000000e+07 9.999542063233258782e-01 9.568290408005790740e-03 1.818703506464530543e-04 7.322890441351628255e-01 -9.568250972996057355e-03 9.999541998074864546e-01 -2.164776120920340347e-04 -8.513857018607670635e-03 -1.839333415666094713e-04 2.147275176624409681e-04 9.999999600303095537e-01 8.604861308010993554e-03 9.999434947967529297e-01 1.056633610278367996e-02 1.170977600850164890e-03 7.436383366584777832e-01 -1.056622806936502457e-02 9.999441504478454590e-01 -9.586779196979478002e-05 -4.300668369978666306e-03 -1.171868760138750076e-03 8.348303526872768998e-05 9.999992847442626953e-01 1.845433004200458527e-02 6.278672027587890625e+01
5.831344000000000000e+07 9.999474472405820435e-01 1.025006831004464554e-02 1.971232824034558208e-04 7.228958848235279566e-01 -1.025001547454499305e-02 9.999474315119747381e-01 -2.672008273979369921e-04 -9.285536118105983810e-03 -1.998517466403628936e-04 2.651662685796421439e-04 9.999999448730636509e-01 8.396412275018061075e-03 9.999447464942932129e-01 1.043641101568937302e-02 -1.221045036800205708e-03 7.292209863662719727e-01 -1.044097077101469040e-02 9.999385476112365723e-01 -3.727237926796078682e-03 -8.402548730373382568e-03 1.182029722258448601e-03 3.739755833521485329e-03 9.999923110008239746e-01 1.769768260419368744e-02 6.166601562500000000e+01
5.841731000000000000e+07 9.999376220045337327e-01 1.116678950019711278e-02 2.343446072514594758e-04 7.197206101816612245e-01 -1.116671360891014972e-02 9.999375982440114052e-01 -3.226924157782152082e-04 -1.030581398387087066e-02 -2.379334218666465833e-04 3.200554278675018160e-04 9.999999204761050864e-01 8.193201725424559614e-03 9.999306201934814453e-01 1.085110846906900406e-02 -4.590833093971014023e-03 7.197712063789367676e-01 -1.085229218006134033e-02 9.999410510063171387e-01 -2.418707736069336534e-04 -5.130173172801733017e-03 4.587889183312654495e-03 2.916934899985790253e-04 9.999895095825195312e-01 1.952407509088516235e-02 6.170310211181640625e+01
5.852106000000000000e+07 9.999155061229462182e-01 1.299725610379665226e-02 2.279133052724371012e-04 7.110555827153507424e-01 -1.299715593324579470e-02 9.999154385095807562e-01 -4.356186938231434449e-04 -1.204454111184227738e-02 -2.335558804507834973e-04 4.326196618685378679e-04 9.999998791459291381e-01 8.075376186885996690e-03 9.998774528503417969e-01 1.287828199565410614e-02 -8.901895023882389069e-03 7.138031125068664551e-01 -1.284523028880357742e-02 9.999104142189025879e-01 3.765869187191128731e-03 1.120179658755660057e-03 8.949577808380126953e-03 -3.651054110378026962e-03 9.999532103538513184e-01 1.553429104387760162e-02 6.145004653930664062e+01
5.862493000000000000e+07 9.998889643693834595e-01 1.490033139045748509e-02 1.976544458525354622e-04 6.929913546782082712e-01 -1.490021701749694519e-02 9.998888242654385694e-01 -5.680250235867052855e-04 -1.377231122304846227e-02 -2.060962321645562565e-04 5.650168585746122296e-04 9.999998191401384684e-01 7.905761106962526374e-03 9.998598098754882812e-01 1.481049973517656326e-02 -7.808028720319271088e-03 7.080584168434143066e-01 -1.475322153419256210e-02 9.998641610145568848e-01 7.340769749134778976e-03 6.531578488647937775e-03 7.915751077234745026e-03 -7.224574219435453415e-03 9.999425411224365234e-01 1.470348052680492401e-02 6.132505416870117188e+01
5.872868000000000000e+07 9.998463993324038235e-01 1.752499447965886678e-02 2.287356677130442367e-04 7.118042605891319319e-01 -1.752483243992493736e-02 9.998461887488900857e-01 -6.921717814723016889e-04 -1.631893444617569383e-02 -2.408307918694348616e-04 6.880569093019944186e-04 9.999997342890825092e-01 8.049989327287383409e-03 9.998365640640258789e-01 1.727658137679100037e-02 -5.340053699910640717e-03 7.178731560707092285e-01 -1.726467348635196686e-02 9.998484849929809570e-01 2.257979474961757660e-03 -4.820761270821094513e-03 5.378351081162691116e-03 -2.165421145036816597e-03 9.999831914901733398e-01 1.335827540606260300e-02 6.131641769409179688e+01
5.883268000000000000e+07 9.997953372079565471e-01 2.022949701998721928e-02 2.261515833177872581e-04 7.114486575919487521e-01 -2.022929862597000472e-02 9.997950075209716125e-01 -8.475908379235398606e-04 -1.888186865421149704e-02 -2.432515603997022213e-04 8.428424796675714013e-04 9.999996152225395507e-01 8.031572568721487282e-03 9.998068213462829590e-01 1.932267285883426666e-02 -3.599368268623948097e-03 7.028584480285644531e-01 -1.933418028056621552e-02 9.998080134391784668e-01 -3.182853572070598602e-03 -1.511557213962078094e-02 3.537111449986696243e-03 3.251857124269008636e-03 9.999884366989135742e-01 1.030756533145904541e-02 6.124832153320312500e+01
5.893658000000000000e+07 9.997686833103706094e-01 2.150659611348625447e-02 2.149358161046936179e-04 7.048056136439899699e-01 -2.150638807036288000e-02 9.997682807313786890e-01 -9.274252203777037752e-04 -2.004530329721044765e-02 -2.348317708910259969e-04 9.225881983948243424e-04 9.999995468424269784e-01 7.966863173086232222e-03 9.997740387916564941e-01 2.086710371077060699e-02 -4.043275956064462662e-03 7.105359435081481934e-01 -2.088078297674655914e-02 9.997762441635131836e-01 -3.384723095223307610e-03 -2.015831135213375092e-02 3.971678204834461212e-03 3.468394977971911430e-03 9.999861121177673340e-01 1.293966919183731079e-02 6.120044708251953125e+01
5.904043000000000000e+07 9.997530420856498568e-01 2.222185265533688572e-02 2.100594157492783091e-04 7.036363959108545840e-01 -2.222163750710033289e-02 9.997525921627614665e-01 -9.763760972098220513e-04 -2.073505833052500386e-02 -2.317043302996378768e-04 9.714671094113316125e-04 9.999995012822751050e-01 7.975689174584705415e-03 9.997498393058776855e-01 2.134733274579048157e-02 -6.685377564281225204e-03 7.138745188713073730e-01 -2.138424478471279144e-02 9.997562170028686523e-01 -5.486968904733657837e-03 -2.497445046901702881e-02 6.566699128597974777e-03 5.628528539091348648e-03 9.999626278877258301e-01 1.484537962824106216e-02 6.110435104370117188e+01
5.914431000000000000e+07 9.997630635661886034e-01 2.176625025263085114e-02 2.169389858315883077e-04 7.131011051779213572e-01 -2.176603384257284543e-02 9.997626362206413209e-01 -9.544483868294625526e-04 -2.038345639843788804e-02 -2.376622555219112766e-04 9.495003417562519190e-04 9.999995209827455822e-01 8.093593397225802219e-03 9.997598528861999512e-01 2.071237564086914062e-02 -7.155755069106817245e-03 7.071319818496704102e-01 -2.075731568038463593e-02 9.997649788856506348e-01 -6.271558813750743866e-03 -2.620660513639450073e-02 7.024138700217008591e-03 6.418609060347080231e-03 9.999547004699707031e-01 1.346514094620943069e-02 6.113276672363281250e+01
5.924819000000000000e+07 9.997597303125055346e-01 2.191877329388962695e-02 2.214464908740424300e-04 7.255740833606144635e-01 -2.191854768833889980e-02 9.997592848941472266e-01 -9.744490739090891970e-04 -2.066311498432717858e-02 -2.427519129958831130e-04 9.693611580311788187e-04 9.999995007051187823e-01 8.262153213576426888e-03 9.997794032096862793e-01 2.039142139256000519e-02 -5.036249756813049316e-03 7.297435402870178223e-01 -2.043108455836772919e-02 9.997595548629760742e-01 -7.956359535455703735e-03 -2.961577102541923523e-02 4.872749559581279755e-03 8.057506754994392395e-03 9.999555945396423340e-01 1.444966159760951996e-02 6.056214523315429688e+01
5.935206000000000000e+07 9.997992438380122193e-01 2.003532004102208386e-02 2.407809493489329979e-04 7.381381406972061798e-01 -2.003510755138290106e-02 9.997989117661533198e-01 -8.546931022022491702e-04 -1.893863259681798084e-02 -2.578565808163621746e-04 8.496974451245411283e-04 9.999996057620436085e-01 8.379910229208503702e-03 9.998065233230590820e-01 1.956755295395851135e-02 -1.970187993720173836e-03 7.276660203933715820e-01 -1.957798562943935394e-02 9.997936487197875977e-01 -5.434369668364524841e-03 -2.537215501070022583e-02 1.863567507825791836e-03 5.471881013363599777e-03 9.999833106994628906e-01 7.498546037822961807e-03 6.131814575195312500e+01
5.945581000000000000e+07 9.998280411298335890e-01 1.854248107881470431e-02 2.541360496219292539e-04 7.458066698208899448e-01 -1.854228308277008908e-02 9.998277878828484289e-01 -7.604831402454367405e-04 -1.754068571128794898e-02 -2.681935277683332799e-04 7.556401061207488213e-04 9.999996785400970811e-01 8.450941962754714501e-03 9.998224377632141113e-01 1.833575963973999023e-02 4.354374017566442490e-03 7.489604949951171875e-01 -1.832562685012817383e-02 9.998292326927185059e-01 -2.356464508920907974e-03 -2.000043354928493500e-02 -4.396942909806966782e-03 2.276257146149873734e-03 9.999877214431762695e-01 9.548611007630825043e-03 6.108918380737304688e+01
5.955956000000000000e+07 9.998809387643791124e-01 1.542824934126097239e-02 2.782680273273916241e-04 7.598595371929854903e-01 -1.542809228756694684e-02 9.998808242199203056e-01 -5.579792477174673124e-04 -1.455976633351000610e-02 -2.868435069329813825e-04 5.536196694901811613e-04 9.999998056130254831e-01 8.570760785898030865e-03 9.998451471328735352e-01 1.557507831603288651e-02 8.191606961190700531e-03 7.562625408172607422e-01 -1.558133214712142944e-02 9.998783469200134277e-01 7.025066879577934742e-04 -1.186699885874986649e-02 -8.179675787687301636e-03 -8.300307090394198895e-04 9.999662041664123535e-01 1.320443768054246902e-02 6.058585739135742188e+01
5.966331000000000000e+07 9.999306705559407593e-01 1.177125003197285712e-02 3.029231061306975731e-04 7.663640127249097267e-01 -1.177115511641921124e-02 9.999306684976060344e-01 -3.132304789770998525e-04 -1.090077438972009496e-02 -3.065892180861185695e-04 3.096430082230756660e-04 9.999999050621305452e-01 8.608087890479627913e-03 9.998582601547241211e-01 1.330841146409511566e-02 1.031856238842010498e-02 7.542566657066345215e-01 -1.327060721814632416e-02 9.999049305915832520e-01 -3.729043994098901749e-03 -1.545250508934259415e-02 -1.036722864955663681e-02 3.591574029996991158e-03 9.999397993087768555e-01 1.303547900170087814e-02 6.038076782226562500e+01
5.976694000000000000e+07 9.999455764429250326e-01 1.042923363840952619e-02 2.743043026643726852e-04 7.619717417631439726e-01 -1.042917117494402204e-02 9.999455886859011100e-01 -2.281690556368304735e-04 -9.450555188654308561e-03 -2.766690056904513688e-04 2.252958714682711937e-04 9.999999363480166492e-01 8.661533778028149624e-03 9.999337196350097656e-01 1.003488339483737946e-02 5.643150769174098969e-03 7.612465620040893555e-01 -1.002651918679475784e-02 9.999486207962036133e-01 -1.505352789536118507e-03 -9.516959078609943390e-03 -5.657852627336978912e-03 1.448665629141032696e-03 9.999829530715942383e-01 1.981178112328052521e-02 6.128031921386718750e+01
5.987068000000000000e+07 9.999644019216193946e-01 8.435128971444371196e-03 2.085466081554557282e-04 7.757364940164419576e-01 -8.435102511728088601e-03 9.999644157716336412e-01 -1.274324350959726469e-04 -7.198505737881375800e-03 -2.096140961668052616e-04 1.256687868000952132e-04 9.999999701346441450e-01 9.080716281121217412e-03 9.999614953994750977e-01 8.319217711687088013e-03 2.777676330879330635e-03 7.637279629707336426e-01 -8.324134163558483124e-03 9.999638199806213379e-01 1.769072958268225193e-03 -5.015195929445326328e-04 -2.762938151136040688e-03 -1.792107010260224342e-03 9.999946355819702148e-01 2.325874567031860352e-02 6.126284790039062500e+01
5.997431000000000000e+07 9.999676033917748175e-01 8.047098277318457185e-03 1.907235745804421818e-04 7.690480603849009222e-01 -8.047078701649069618e-03 9.999676164138856516e-01 -1.031850688917836578e-04 -6.766417836528721558e-03 -1.915477386667197512e-04 1.016469584129779094e-04 9.999999764886793319e-01 9.036146742254357045e-03 9.999659061431884766e-01 7.988848723471164703e-03 2.116162562742829323e-03 7.680808305740356445e-01 -7.996867410838603973e-03 9.999606609344482422e-01 3.816330339759588242e-03 3.422261448577046394e-03 -2.085646381601691246e-03 -3.833133028820157051e-03 9.999904632568359375e-01 2.162216790020465851e-02 6.138393783569335938e+01
6.007808000000000000e+07 9.999769910483745639e-01 6.782021663808766691e-03 1.468198126545298423e-04 7.779329925648467148e-01 -6.782014249242822833e-03 9.999770005794544891e-01 -5.094023217048765910e-05 -5.435100718960141422e-03 -1.471619136415584415e-04 4.994332602909940135e-05 9.999999879245176082e-01 9.187513788219008742e-03 9.999547600746154785e-01 7.873464375734329224e-03 5.344407167285680771e-03 7.745489478111267090e-01 -7.875698618590831757e-03 9.999688863754272461e-01 3.865557082463055849e-04 -1.422515953890979290e-03 -5.341145209968090057e-03 -4.286373732611536980e-04 9.999855756759643555e-01 1.671555824577808380e-02 6.203599929809570312e+01
6.018180000000000000e+07 9.999741132353121564e-01 7.193964120519731956e-03 1.404882156585198784e-04 7.595510187878824482e-01 -7.193954244111903235e-03 9.999741206772032598e-01 -7.067986681755517172e-05 -5.835709049220045262e-03 -1.409930483693819150e-04 6.966737129942002498e-05 9.999999876337081206e-01 9.103199758914179082e-03 9.999709725379943848e-01 7.224853616207838058e-03 2.434625988826155663e-03 7.679090499877929688e-01 -7.234015502035617828e-03 9.999666810035705566e-01 3.777368227019906044e-03 1.577800256200134754e-03 -2.407185034826397896e-03 -3.794870804995298386e-03 9.999899268150329590e-01 2.412815392017364502e-02 6.162163162231445312e+01
6.028556000000000000e+07 9.999796819238911949e-01 6.373930912464031290e-03 9.351577254715251301e-05 7.540426824462694855e-01 -6.373927242275463298e-03 9.999796855401325013e-01 -3.949241573284052834e-05 -4.935612680604946345e-03 -9.376559474753192510e-05 3.889555060862217906e-05 9.999999948475748468e-01 9.142950664059698238e-03 9.999272823333740234e-01 7.695716340094804764e-03 -9.281177073717117310e-03 7.562003135681152344e-01 -7.557621225714683533e-03 9.998615384101867676e-01 1.482428982853889465e-02 1.954350620508193970e-02 9.393875487148761749e-03 -1.475306507200002670e-02 9.998469948768615723e-01 3.234728053212165833e-02 6.181638336181640625e+01
6.038931000000000000e+07 9.999816533836762833e-01 6.057152475183812113e-03 6.164199954457868569e-05 7.461481714046194202e-01 -6.057150781904373574e-03 9.999816549124163068e-01 -2.761928858850688282e-05 -4.552701163848945839e-03 -6.180816295986515409e-05 2.724540698018325513e-05 9.999999977187193911e-01 9.149281500257734970e-03 9.997927546501159668e-01 6.857906933873891830e-03 -1.916688866913318634e-02 7.517821788787841797e-01 -6.711085326969623566e-03 9.999477863311767578e-01 7.713677827268838882e-03 1.575061865150928497e-02 1.921879127621650696e-02 -7.583450991660356522e-03 9.997866153717041016e-01 2.140796370804309845e-02 6.185055923461914062e+01
6.049306000000000000e+07 9.999850049988197043e-01 5.476047629556645042e-03 5.176378472083049661e-05 7.521838174806668720e-01 -5.476047444948868061e-03 9.999850063327229144e-01 -3.707409065617251146e-06 -3.985710849479873544e-03 -5.178331054073830855e-05 3.423892528361014284e-06 9.999999986533828489e-01 9.190372969320565258e-03 9.998357295989990234e-01 4.066802561283111572e-03 -1.766365021467208862e-02 7.546106576919555664e-01 -4.121721722185611725e-03 9.999868273735046387e-01 -3.073909087106585503e-03 1.581249991431832314e-03 1.765093579888343811e-02 3.146209288388490677e-03 9.998392462730407715e-01 -5.692388731404207647e-05 6.178198242187500000e+01
6.059681000000000000e+07 9.999963806763478846e-01 2.690468672275844481e-03 3.563812371145116820e-06 7.685700166472765327e-01 -2.690469003013232479e-03 9.999963760448969952e-01 9.630051654610100053e-05 -1.277590527401270982e-03 -3.304705939335426254e-06 -9.630975632986058649e-05 9.999999953567549893e-01 9.284902858729683975e-03 9.999908804893493652e-01 4.183217417448759079e-03 -8.497805683873593807e-04 7.790769338607788086e-01 -4.178327042609453201e-03 9.999750852584838867e-01 5.681115202605724335e-03 1.562460046261548996e-02 8.735178271308541298e-04 -5.677511915564537048e-03 9.999834895133972168e-01 6.467595230787992477e-04 6.179977416992187500e+01
6.070058000000000000e+07 9.999999950841779173e-01 -8.075080425897151147e-05 5.754086999657544703e-05 8.042853937769454120e-01 8.074441554071843709e-05 9.999999905771274067e-01 1.110229009306440748e-04 1.124506170830288660e-03 -5.754983464286681801e-05 -1.110182542809834085e-04 9.999999921814818338e-01 9.212838780606351363e-03 9.999340772628784180e-01 1.235965639352798462e-03 1.142053864896297455e-02 7.942236661911010742e-01 -1.345323049463331699e-03 9.999533295631408691e-01 9.572762995958328247e-03 2.403348498046398163e-02 -1.140815857797861099e-02 -9.587497450411319733e-03 9.998889565467834473e-01 1.313832122832536697e-02 6.312972640991210938e+01
6.080418000000000000e+07 9.999983691683661524e-01 -1.803949222174109192e-03 8.618449536605569743e-05 7.779209761939110956e-01 1.803936581542600224e-03 9.999983621705867964e-01 1.465227246369846714e-04 2.994342373562712545e-03 -8.644867376930989928e-05 -1.463670143170063781e-04 9.999999855516616964e-01 8.630723373695642006e-03 9.999669194221496582e-01 -1.713295932859182358e-03 7.949688471853733063e-03 7.883779406547546387e-01 1.697171828709542751e-03 9.999964833259582520e-01 2.034357050433754921e-03 1.395564619451761246e-02 -7.953169755637645721e-03 -2.020798623561859131e-03 9.999662637710571289e-01 2.142775058746337891e-02 6.317961502075195312e+01
6.090796000000000000e+07 9.999929652052804707e-01 -3.748828168708849030e-03 1.258103278859053740e-04 7.475447789551071809e-01 3.748809442509450605e-03 9.999929621260156276e-01 1.487518995965425486e-04 4.980715455008664569e-03 -1.263670877233683150e-04 -1.482792142434449193e-04 9.999999810223179075e-01 7.833906470876034200e-03 9.998904466629028320e-01 -2.276328159496188164e-03 -1.462506968528032303e-02 7.641864418983459473e-01 2.341323066502809525e-03 9.999874830245971680e-01 4.427860956639051437e-03 1.513378974050283432e-02 1.461486890912055969e-02 -4.461618606001138687e-03 9.998832345008850098e-01 3.272691369056701660e-02 6.187699127197265625e+01
6.101160000000000000e+07 9.999968998291841604e-01 -2.489767363110748002e-03 3.728965863913643686e-05 7.388019846428348636e-01 2.489763318770618714e-03 9.999968946901827138e-01 1.081139606457690819e-04 3.529407521949162740e-03 -3.755872145302202017e-05 -1.080207830500803836e-04 9.999999934604264507e-01 8.129119088195880041e-03 9.996524453163146973e-01 -2.677677199244499207e-03 -2.622378990054130554e-02 7.393910884857177734e-01 2.719297073781490326e-03 9.999951124191284180e-01 1.551640336401760578e-03 1.607674546539783478e-02 2.621948719024658203e-02 -1.622412470169365406e-03 9.996548891067504883e-01 1.925278082489967346e-02 6.188012695312500000e+01
6.111533000000000000e+07 9.999799985571236061e-01 -6.323995705436197094e-03 9.779790764945678642e-05 7.432685282397576421e-01 6.323965564832595594e-03 9.999799568668277239e-01 3.054907055501475529e-04 7.559853898866219363e-03 -9.972786936275173904e-05 -3.048661247014901191e-04 9.999999485554982304e-01 7.347314646997793637e-03 9.997467398643493652e-01 -5.437586922198534012e-03 -2.183955721557140350e-02 7.508075237274169922e-01 5.465814378112554550e-03 9.999843239784240723e-01 1.233015907928347588e-03 1.098302751779556274e-02 2.183251827955245972e-02 -1.352075021713972092e-03 9.997607469558715820e-01 -1.633306848816573620e-03 6.209683227539062500e+01
6.121894000000000000e+07 9.999895805894726264e-01 -4.561532982873377391e-03 1.764369109665970810e-04 7.663519825874061109e-01 4.561503555691783125e-03 9.999895823725536426e-01 1.668302245564283839e-04 5.704466844259647486e-03 -1.771960744608866098e-04 -1.660236687121301635e-04 9.999999705188468146e-01 7.834095140579257557e-03 9.999902844429016113e-01 -4.394836723804473877e-03 -3.891141386702656746e-04 7.654411792755126953e-01 4.396211355924606323e-03 9.999837875366210938e-01 3.620709758251905441e-03 1.062576565891504288e-02 3.732050536200404167e-04 -3.622379852458834648e-03 9.999933242797851562e-01 -3.843487706035375595e-03 6.188268661499023438e+01
6.132269000000000000e+07 9.999911580496674279e-01 -4.200647414113986219e-03 1.959184832923988615e-04 7.728979956582510136e-01 4.200620415642338651e-03 9.999911678313786467e-01 1.380131287170375523e-04 5.293659610207984006e-03 -1.964964973909247498e-04 -1.371889292434264030e-04 9.999999712841620703e-01 7.957873617305330841e-03 9.998799562454223633e-01 -3.207089612260460854e-03 1.515966467559337616e-02 7.708680629730224609e-01 3.113207640126347542e-03 9.999758601188659668e-01 6.213089916855096817e-03 1.783865876495838165e-02 -1.517922990024089813e-02 -6.165150087326765060e-03 9.998658299446105957e-01 1.240801624953746796e-02 6.207910537719726562e+01
6.142643000000000000e+07 9.999923181577685671e-01 -3.917508711210905374e-03 1.294273522784997123e-04 7.468016531471651787e-01 3.917489205284206862e-03 9.999923152665681769e-01 1.506207987147010043e-04 5.148707871780442737e-03 -1.300164159360736658e-04 -1.501126114302700097e-04 9.999999802809681482e-01 7.786877115207418466e-03 9.999608993530273438e-01 -2.551648765802383423e-03 8.465898223221302032e-03 7.542427182197570801e-01 2.536796964704990387e-03 9.999951720237731934e-01 1.763605163432657719e-03 1.266533881425857544e-02 -8.470372296869754791e-03 -1.742066931910812855e-03 9.999626278877258301e-01 2.495664730668067932e-02 6.219657516479492188e+01
6.153019000000000000e+07 9.999947724564589580e-01 -3.232785065610942633e-03 6.450130349691160080e-05 7.335278517644877594e-01 3.232777457243741614e-03 9.999947676328960755e-01 1.177144248762012295e-04 4.319697281108103755e-03 -6.488151143920258413e-05 -1.175052911578884830e-04 9.999999909914478735e-01 7.868132458120995903e-03 9.999893307685852051e-01 -2.472906373441219330e-03 -3.903903067111968994e-03 7.310809493064880371e-01 2.453506225720047951e-03 9.999847412109375000e-01 -4.966434091329574585e-03 1.541071920655667782e-03 3.916125278919935226e-03 4.956802818924188614e-03 9.999800920486450195e-01 2.326045185327529907e-02 6.183740615844726562e+01
6.163382000000000000e+07 9.999934723129879632e-01 -3.613210901481580736e-03 -6.246686886729114864e-06 7.071365971337983947e-01 3.613211539451413948e-03 9.999934667832519608e-01 1.053271619356327800e-04 4.613438868963129838e-03 5.866076844299386239e-06 -1.053490449929785376e-04 9.999999944335842272e-01 7.737118541150726954e-03 9.999407529830932617e-01 -3.186050569638609886e-03 -1.040623430162668228e-02 7.155020833015441895e-01 3.138192929327487946e-03 9.999844431877136230e-01 -4.610193427652120590e-03 -3.441659500822424889e-04 1.042077224701642990e-02 4.577259067445993423e-03 9.999351501464843750e-01 1.509390771389007568e-02 6.203385543823242188e+01
6.173760000000000000e+07 9.999958371476955765e-01 -2.885263708311487044e-03 -3.066898262525430868e-05 7.098698741278138824e-01 2.885266118471914183e-03 9.999958345035706575e-01 7.883467846822365770e-05 3.832362370305479604e-03 3.044139603625220920e-05 -7.892283846783772325e-05 9.999999964222534565e-01 7.995283963809890135e-03 9.999742507934570312e-01 -2.535720821470022202e-03 -6.725565064698457718e-03 7.130407691001892090e-01 2.513020532205700874e-03 9.999911189079284668e-01 -3.375736298039555550e-03 3.583003301173448563e-03 6.734061054885387421e-03 3.358747810125350952e-03 9.999717473983764648e-01 1.167040411382913589e-02 6.200774383544921875e+01
6.184131000000000000e+07 9.999962801805004631e-01 -2.726709177903913726e-03 -6.842423358707331617e-05 7.016298894132589892e-01 2.726713549784084978e-03 9.999962804690636364e-01 6.388199982194968591e-05 3.651963467801757224e-03 6.824979143770565826e-05 -6.406833548594525508e-05 9.999999956186069738e-01 8.065553109063663961e-03 9.999934434890747070e-01 -2.801164286211133003e-03 -2.280117478221654892e-03 7.099732756614685059e-01 2.794694621115922928e-03 9.999920725822448730e-01 -2.848540199920535088e-03 5.987653974443674088e-03 2.288076793774962425e-03 2.842155285179615021e-03 9.999933242797851562e-01 1.213525328785181046e-02 6.187958526611328125e+01
6.194506000000000000e+07 9.999994747976023168e-01 -1.010930847985965029e-03 -1.685923064152882855e-04 6.961322482367130471e-01 1.010935528713051337e-03 9.999994886214500500e-01 2.768068061372132968e-05 1.929087017512960602e-03 1.685642369475576652e-04 -2.785110202403030829e-05 9.999999854052072923e-01 8.629332924683517231e-03 9.999928474426269531e-01 -5.472805351018905640e-04 -3.738093655556440353e-03 6.994643807411193848e-01 5.349353305064141750e-04 9.999942779541015625e-01 -3.311445936560630798e-03 6.131124682724475861e-03 3.739884356036782265e-03 3.309409134089946747e-03 9.999875426292419434e-01 1.054350752383470535e-02 6.162009429931640625e+01
6.204884000000000000e+07 9.999998116134124482e-01 5.841198617066864973e-04 -1.886189745628795769e-04 6.847542241837929478e-01 -5.841122937600304278e-04 9.999998285993587643e-01 4.017552788771321126e-05 7.265929424577049480e-04 1.886424095578369861e-04 -4.006534565459204272e-05 9.999999814044040480e-01 8.895074796164584990e-03 9.999796152114868164e-01 6.757635856047272682e-04 -6.361257750540971756e-03 6.859650611877441406e-01 -6.752270855940878391e-04 9.999998211860656738e-01 7.954477041494101286e-05 9.094897657632827759e-03 6.361321546137332916e-03 -7.523942622356116772e-05 9.999797344207763672e-01 1.000603567808866501e-02 6.170979309082031250e+01
6.215261000000000000e+07 9.999999198198630257e-01 3.430204994036306783e-04 -2.066330343874811287e-04 6.739426774597944148e-01 -3.430159234450707987e-04 9.999999409240543091e-01 2.218037188887516455e-05 9.113594491834858032e-04 2.066406305023760443e-04 -2.210949169219551190e-05 9.999999784054107721e-01 8.758809323384724593e-03 9.999904036521911621e-01 8.089725743047893047e-04 -4.289520904421806335e-03 6.762363314628601074e-01 -8.000392117537558079e-04 9.999974370002746582e-01 2.107242355123162270e-03 1.520500332117080688e-02 4.291200544685125351e-03 -2.103792037814855576e-03 9.999886155128479004e-01 1.015302725136280060e-02 6.156752014160156250e+01
6.225640000000000000e+07 9.999982723522410355e-01 1.849015924591579374e-03 -1.908736382957065326e-04 6.541925353259968601e-01 -1.849020469750273232e-03 9.999982902808465246e-01 -2.363867917407998573e-05 -6.222042772490871945e-04 1.908296036624611085e-04 2.399156758870285919e-05 9.999999815042338591e-01 8.622965860648522732e-03 9.999911189079284668e-01 1.890753628686070442e-03 -3.790118265897035599e-03 6.661258339881896973e-01 -1.870416337624192238e-03 9.999839663505554199e-01 5.345119163393974304e-03 1.630844920873641968e-02 3.800174221396446228e-03 -5.337975919246673584e-03 9.999785423278808594e-01 1.042995136231184006e-02 6.155382537841796875e+01
6.236006000000000000e+07 9.999795914808584651e-01 6.388688647427138816e-03 -3.574506496155818415e-05 6.546758324796251305e-01 -6.388696519567104749e-03 9.999795668396607162e-01 -2.246297210445108623e-04 -5.412345993993279009e-03 3.430924517782679137e-05 2.248535010645121306e-04 9.999999741318881252e-01 8.211918983885561907e-03 9.999776482582092285e-01 6.390413735061883926e-03 -1.959981629624962807e-03 6.621072888374328613e-01 -6.380991078913211823e-03 9.999681711196899414e-01 4.790904000401496887e-03 1.340199355036020279e-02 1.990535994991660118e-03 -4.778296221047639847e-03 9.999865293502807617e-01 1.370814070105552673e-02 6.190572738647460938e+01
6.246396000000000000e+07 9.999209813298854943e-01 1.257045498767941048e-02 1.214799750211218582e-04 6.472121972673504642e-01 -1.257039097114751904e-02 9.999208573533362454e-01 -5.141014527481283652e-04 -1.145051813345007892e-02 -1.279328499573916672e-04 5.125337783508984030e-04 9.999998604711459738e-01 7.502887223027722777e-03 9.999220371246337891e-01 1.246938481926918030e-02 -6.316489889286458492e-04 6.537151932716369629e-01 -1.246622763574123383e-02 9.999109506607055664e-01 4.767880309373140335e-03 9.457302279770374298e-03 6.910357624292373657e-04 -4.759638104587793350e-03 9.999884963035583496e-01 1.674707047641277313e-02 6.158729553222656250e+01
6.256793000000000000e+07 9.998539481733388357e-01 1.709004738283450078e-02 1.123061944063238757e-04 6.441481422130727053e-01 -1.708995787369678790e-02 9.998536711539091071e-01 -7.547383569311098004e-04 -1.550186973593626998e-02 -1.251882746091964474e-04 7.527088179538451084e-04 9.999997088786333199e-01 7.458182582901105688e-03 9.998573064804077148e-01 1.682339236140251160e-02 -1.518315984867513180e-03 6.495364904403686523e-01 -1.681940257549285889e-02 9.998551607131958008e-01 2.598246093839406967e-03 1.638323999941349030e-03 1.561822835355997086e-03 -2.572332276031374931e-03 9.999954700469970703e-01 1.361707877367734909e-02 6.152764892578125000e+01
6.267181000000000000e+07 9.998268596891515259e-01 1.860760193159486167e-02 8.834588523393594080e-05 6.301557955158703095e-01 -1.860751951243177008e-02 9.998264981725657474e-01 -8.566096609425288269e-04 -1.676406634490997666e-02 -1.042700081596450274e-04 8.548174495506215666e-04 9.999996292073891624e-01 7.315238683671274923e-03 9.998267292976379395e-01 1.859585382044315338e-02 -8.380794897675514221e-04 6.339437365531921387e-01 -1.859747804701328278e-02 9.998250603675842285e-01 -1.969405449926853180e-03 -6.994654890149831772e-03 8.013046463020145893e-04 1.984645379707217216e-03 9.999976754188537598e-01 9.654740802943706512e-03 6.187760162353515625e+01
6.277581000000000000e+07 9.998211662774572073e-01 1.891117226944433877e-02 5.509109101024526380e-05 6.144317023006190537e-01 -1.891111714898013191e-02 9.998207894493169601e-01 -8.710001072062979049e-04 -1.686245682168959620e-02 -7.155285080917278410e-05 8.698025089657777584e-04 9.999996191618285568e-01 7.205144994738635345e-03 9.998230338096618652e-01 1.876869797706604004e-02 1.239703386090695858e-03 6.277527213096618652e-01 -1.876316778361797333e-02 9.998145699501037598e-01 -4.335999488830566406e-03 -1.004106365144252777e-02 -1.320852898061275482e-03 4.311976954340934753e-03 9.999898076057434082e-01 1.355009712278842926e-02 6.159561538696289062e+01
6.287983000000000000e+07 9.998415327921362783e-01 1.780194169107911922e-02 1.335721091349992973e-05 5.908156557848053270e-01 -1.780192488531808642e-02 9.998412007023608217e-01 -8.153839344105684884e-04 -1.571048975557282762e-02 -2.787050693878238378e-05 8.150169387326996508e-04 9.999996674852595913e-01 7.025944043141452329e-03 9.998409748077392578e-01 1.783144846558570862e-02 -1.229295157827436924e-04 5.990421772003173828e-01 -1.783175021409988403e-02 9.998355507850646973e-01 -3.319787327200174332e-03 -3.378020133823156357e-03 6.371811468852683902e-05 3.321449505165219307e-03 9.999945163726806641e-01 1.299885567277669907e-02 6.167116928100585938e+01
6.298369000000000000e+07 9.998421915324445797e-01 1.776485385565158490e-02 -4.476821330181071906e-05 5.712910034302540740e-01 -1.776488289290116887e-02 9.998418999637220805e-01 -7.642106073191412422e-04 -1.559469703974212043e-02 3.118504591149518033e-05 7.648853104700240177e-04 9.999997069889391410e-01 6.798269981851360645e-03 9.998459815979003906e-01 1.752930879592895508e-02 -8.624690817669034004e-04 5.749124288558959961e-01 -1.753176562488079071e-02 9.998420476913452148e-01 -2.926151501014828682e-03 -5.770097021013498306e-03 8.110309136100113392e-04 2.940827282145619392e-03 9.999952912330627441e-01 1.329049747437238693e-02 6.165244674682617188e+01
6.308756000000000000e+07 9.998438634815552950e-01 1.766999233258978452e-02 -1.415010267916149735e-04 5.434138093287402826e-01 -1.767008232607317209e-02 9.998436525976320821e-01 -6.622266256001317283e-04 -1.545388778348845069e-02 1.297773638252153715e-04 6.646235626844689340e-04 9.999997707166466965e-01 6.464354947111321074e-03 9.998428821563720703e-01 1.772825792431831360e-02 -1.698647974990308285e-04 5.583559274673461914e-01 -1.772844605147838593e-02 9.998420476913452148e-01 -1.216771081089973450e-03 -1.723280729493126273e-04 1.482650259276852012e-04 1.219595898874104023e-03 9.999992251396179199e-01 1.075247116386890411e-02 6.136547088623046875e+01
6.319144000000000000e+07 9.998474979905561666e-01 1.746308941398987472e-02 -1.458489615566505905e-04 5.406091905757872684e-01 -1.746318106097086501e-02 9.998472939866238640e-01 -6.526994986452649104e-04 -1.527720172269055911e-02 1.344285399043574898e-04 6.551469474691277908e-04 9.999997763556986996e-01 6.429832281299751630e-03 9.998396039009094238e-01 1.786622963845729828e-02 1.215808559209108353e-03 5.337271094322204590e-01 -1.786810159683227539e-02 9.998391866683959961e-01 1.540479483082890511e-03 -2.215535845607519150e-03 -1.188091817311942577e-03 -1.561961718834936619e-03 9.999981522560119629e-01 1.033906172960996628e-02 6.184096145629882812e+01
6.329544000000000000e+07 9.998181628410148791e-01 1.906700176567191832e-02 -3.011726257862565228e-04 5.048324630040190719e-01 -1.906714489232751511e-02 9.998180903797415642e-01 -4.797323524249480779e-04 -1.652460304693669640e-02 2.919707821815889330e-04 4.853876212249692997e-04 9.999998395759504000e-01 5.967537353199930429e-03 9.998135566711425781e-01 1.919277571141719818e-02 2.136372961103916168e-03 5.180826783180236816e-01 -1.919930987060070038e-02 9.998108744621276855e-01 3.083990188315510750e-03 4.567596595734357834e-03 -2.076777163892984390e-03 -3.124440554529428482e-03 9.999929666519165039e-01 1.075019408017396927e-02 6.166950225830078125e+01
6.339931000000000000e+07 9.998188690168253734e-01 1.902880972730087647e-02 -3.654640456639260599e-04 4.883169739805870990e-01 -1.902896676683208180e-02 9.998188398648065744e-01 -4.311390382621034262e-04 -1.652589046320140920e-02 3.571937755528101850e-04 4.380153486956186440e-04 9.999998402775702733e-01 5.839171806885535589e-03 9.998174905776977539e-01 1.910099200904369354e-02 3.871989028993993998e-04 4.914195537567138672e-01 -1.910001412034034729e-02 9.998146891593933105e-01 -2.414476359263062477e-03 -4.062131047248840332e-03 -4.332493408583104610e-04 2.406643703579902649e-03 9.999970197677612305e-01 1.492360886186361313e-02 6.169478225708007812e+01
6.350319000000000000e+07 9.998277290172020715e-01 1.855343427755444183e-02 -5.313807521478884849e-04 4.497594304994261827e-01 -1.855367693860353676e-02 9.998277619945956651e-01 -4.554312538483585226e-04 -1.639627877756772573e-02 5.228394143679389273e-04 4.652118630457895533e-04 9.999997551084051084e-01 5.821432811650896315e-03 9.998478293418884277e-01 1.698650978505611420e-02 -3.967452328652143478e-03 4.552878439426422119e-01 -1.700006425380706787e-02 9.998497366905212402e-01 -3.407783340662717819e-03 -8.011533878743648529e-03 3.908974584192037582e-03 3.474708413705229759e-03 9.999863505363464355e-01 1.715226098895072937e-02 6.142480087280273438e+01
6.360706000000000000e+07 9.998639323063632789e-01 1.648636572822514967e-02 -5.626957875963676733e-04 4.107744043115207355e-01 -1.648665087755218916e-02 9.998639579364492214e-01 -5.059358818048460479e-04 -1.507169409837999172e-02 5.542781935843734201e-04 5.151440089850483142e-04 9.999997137011351622e-01 5.610075049469927244e-03 9.998293519020080566e-01 1.620768383145332336e-02 -8.861809037625789642e-03 4.293163418769836426e-01 -1.627291738986968994e-02 9.998406171798706055e-01 -7.336289156228303909e-03 -1.271190587431192398e-02 8.741501718759536743e-03 7.479245774447917938e-03 9.999338388442993164e-01 1.453529298305511475e-02 6.135615921020507812e+01
6.371081000000000000e+07 9.998657375539143910e-01 1.637547155853031830e-02 -5.922903487415858304e-04 3.890292257171777957e-01 -1.637580913125084511e-02 9.998657451761067128e-01 -5.696574231888298966e-04 -1.513891647407998066e-02 5.828824223538899875e-04 5.792801729020494996e-04 9.999996623412381602e-01 5.763199090513040738e-03 9.998316168785095215e-01 1.504534669220447540e-02 -1.051197480410337448e-02 4.048408567905426025e-01 -1.510367076843976974e-02 9.998708367347717285e-01 -5.498972721397876740e-03 -8.529572747647762299e-03 1.042788382619619370e-02 5.656820256263017654e-03 9.999296069145202637e-01 7.518572267144918442e-03 6.153161621093750000e+01
6.381468000000000000e+07 9.999066330745457476e-01 1.365503582046191829e-02 -5.149082369756280420e-04 3.774393853637888485e-01 -1.365525834897893774e-02 9.999066696547382893e-01 -4.311607791512802636e-04 -1.294174388777100462e-02 5.089726645355484476e-04 4.381517279884591335e-04 9.999997744849198344e-01 5.416196086733603664e-03 9.998759031295776367e-01 1.322896964848041534e-02 -8.560436777770519257e-03 3.777609467506408691e-01 -1.324316486716270447e-02 9.999110698699951172e-01 -1.591710723005235195e-03 -7.429241086356341839e-04 8.538614027202129364e-03 1.704887836240231991e-03 9.999620318412780762e-01 3.307206789031624794e-03 6.207708740234375000e+01
6.391844000000000000e+07 9.999331078671707118e-01 1.155710855004755955e-02 -4.615520279600437330e-04 3.459753333010559539e-01 -1.155726936587229969e-02 9.999331522214843782e-01 -3.472901141103485476e-04 -1.164650237470485350e-02 4.575075046008577435e-04 3.526011643581230528e-04 9.999998331796337014e-01 5.148998077709022493e-03 9.999158978462219238e-01 1.095086894929409027e-02 -6.946278735995292664e-03 3.668912649154663086e-01 -1.092960499227046967e-02 9.999355077743530273e-01 3.075302578508853912e-03 3.337576519697904587e-03 6.979515310376882553e-03 -2.999129472300410271e-03 9.999712109565734863e-01 -4.807195626199245453e-03 6.178659057617187500e+01
6.402219000000000000e+07 9.999482330483824288e-01 1.016658883669267072e-02 -4.143574443957738864e-04 3.374595390216915680e-01 -1.016669903533556907e-02 9.999482827389184481e-01 -2.647177058242183335e-04 -1.059677174156484561e-02 4.116447388186323763e-04 2.689166497373752423e-04 9.999998791162116873e-01 5.017066836765065804e-03 9.999450445175170898e-01 9.802331216633319855e-03 -3.719102824106812477e-03 3.514204621315002441e-01 -9.805230423808097839e-03 9.999516606330871582e-01 -7.288117194548249245e-04 -4.825623705983161926e-03 3.711770987138152122e-03 7.652331260032951832e-04 9.999928474426269531e-01 -4.896667320281267166e-03 6.196614456176757812e+01
6.412596000000000000e+07 9.999663219177464812e-01 8.197908038947519099e-03 -3.864410136527773225e-04 3.165594541771553638e-01 -8.197975635135992117e-03 9.999663809547475468e-01 -1.736615221370608044e-04 -9.211377809981586770e-03 3.850043607414630571e-04 1.768237074433296906e-04 9.999999102525087835e-01 4.820132129083414506e-03 9.999617934226989746e-01 8.601164445281028748e-03 -1.551601337268948555e-03 3.367231488227844238e-01 -8.606630377471446991e-03 9.999566078186035156e-01 -3.570544067770242691e-03 -7.129694335162639618e-03 1.520828227512538433e-03 3.583765123039484024e-03 9.999924302101135254e-01 1.770007889717817307e-03 6.152687835693359375e+01
6.422969000000000000e+07 9.999788955023717341e-01 6.483948256733811089e-03 -4.086137763413669514e-04 3.003834061795547794e-01 -6.484012618800555003e-03 9.999789663408898965e-01 -1.563858082477576907e-04 -7.711488337062847968e-03 4.075911842183854001e-04 1.590319646634326194e-04 9.999999042891266621e-01 4.485854464071185183e-03 9.999783635139465332e-01 6.459041498601436615e-03 1.223759492859244347e-03 3.218312263488769531e-01 -6.449330132454633713e-03 9.999493956565856934e-01 -7.723607588559389114e-03 -1.454355195164680481e-02 -1.273577800020575523e-03 7.715553976595401764e-03 9.999694228172302246e-01 2.987448824569582939e-03 6.160752105712890625e+01
6.433331000000000000e+07 9.999830836279077761e-01 5.802971250447924202e-03 -3.974703623725528369e-04 2.982174775283678581e-01 -5.803031220125104937e-03 9.999831510386358868e-01 -1.498916292549696693e-04 -7.097455894107254290e-03 3.965938485945665125e-04 1.521956265542074855e-04 9.999999097749011634e-01 4.419110931181740622e-03 9.999842643737792969e-01 5.264746490865945816e-03 1.956154359504580498e-03 3.045865893363952637e-01 -5.246379412710666656e-03 9.999430179595947266e-01 -9.290026500821113586e-03 -1.409497670829296112e-02 -2.004957059398293495e-03 9.279611520469188690e-03 9.999549388885498047e-01 2.342898631468415260e-03 6.172675323486328125e+01
6.443707000000000000e+07 9.999854848981755140e-01 5.364886747658572340e-03 -4.979787709502612536e-04 2.760704917461102026e-01 -5.364951517968217544e-03 9.999856002462522708e-01 -1.288218358420055996e-04 -6.545925480387340331e-03 4.972804856117101413e-04 1.314915979696770212e-04 9.999998677110291112e-01 4.073341695715688472e-03 9.999839067459106445e-01 5.104799754917621613e-03 2.439873758703470230e-03 2.868760228157043457e-01 -5.107961595058441162e-03 9.999862313270568848e-01 1.281719421967864037e-03 3.160450374707579613e-03 -2.433300483971834183e-03 -1.294154790230095387e-03 9.999961256980895996e-01 3.533754264935851097e-03 6.208816146850585938e+01
6.454071000000000000e+07 9.999902460384576530e-01 4.389003323549826516e-03 -4.944467886225221596e-04 2.682917767103991102e-01 -4.389059294142712633e-03 9.999903617416534551e-01 -1.121702599808813107e-04 -5.638925577011516185e-03 4.939497073691031083e-04 1.143393221655657948e-04 9.999998714700938374e-01 3.932926565009813025e-03 9.999864697456359863e-01 5.010774359107017517e-03 1.427103648893535137e-03 2.652251124382019043e-01 -5.019248463213443756e-03 9.999693036079406738e-01 6.003763526678085327e-03 1.386181358247995377e-02 -1.396974432282149792e-03 -6.010843440890312195e-03 9.999809861183166504e-01 6.970029789954423904e-03 6.168678283691406250e+01
6.464444000000000000e+07 9.999944315125411931e-01 3.289783402518723764e-03 -5.605975097048341389e-04 2.435528078004648433e-01 -3.289832458554054016e-03 9.999945847363852502e-01 -8.660704023596121611e-05 -4.217469198351546725e-03 5.603095555307976245e-04 8.845082976758859167e-05 9.999998391148204879e-01 3.691135282192443360e-03 9.999916553497314453e-01 3.641827264800667763e-03 1.850608969107270241e-03 2.470954209566116333e-01 -3.654673229902982712e-03 9.999693036079406738e-01 6.944054737687110901e-03 1.390175055712461472e-02 -1.825268263928592205e-03 -6.950757466256618500e-03 9.999741911888122559e-01 4.717931151390075684e-03 6.215228652954101562e+01
6.474808000000000000e+07 9.999946333591095415e-01 3.223512877478423248e-03 -5.849937948157716986e-04 2.385428579331601850e-01 -3.223562450850682871e-03 9.999948007962817798e-01 -8.381861639343125370e-05 -4.103827662084552977e-03 5.847205629253368229e-04 8.570393059448100728e-05 9.999998253783350943e-01 3.621373324234582105e-03 9.999940991401672363e-01 3.065874334424734116e-03 1.500184996984899044e-03 2.256474941968917847e-01 -3.069438505917787552e-03 9.999922513961791992e-01 2.440431388095021248e-03 8.748818188905715942e-03 -1.492686220444738865e-03 -2.445033518597483635e-03 9.999959468841552734e-01 1.524221966974437237e-03 6.170713424682617188e+01
6.485169000000000000e+07 9.999965433339942367e-01 2.526663104683138632e-03 -7.275259839962163475e-04 1.837259704193420773e-01 -2.526756023500772736e-03 9.999967997043971435e-01 -1.268281033737697757e-04 -2.614461853953386952e-03 7.272032038290685832e-04 1.286659455170194180e-04 9.999997273102675388e-01 2.848726168446299219e-03 9.999970793724060059e-01 2.286457922309637070e-03 -8.152448572218418121e-04 2.018226981163024902e-01 -2.287828363478183746e-03 9.999960660934448242e-01 -1.644884236156940460e-03 1.531915040686726570e-03 8.114801603369414806e-04 1.646752934902906418e-03 9.999982118606567383e-01 3.287070663645863533e-03 6.172982406616210938e+01
6.495531000000000000e+07 9.999979435033852226e-01 1.897093425883372925e-03 -7.169556215714951433e-04 1.766158989037083515e-01 -1.897174414490351716e-03 9.999981940574271810e-01 -1.122986001105208073e-04 -1.894771893361738707e-03 7.167412858459268040e-04 1.136585590867623073e-04 9.999997366817849898e-01 2.663948808333434660e-03 9.999969005584716797e-01 1.965721370652318001e-03 -1.523199141956865788e-03 1.770626008510589600e-01 -1.972365658730268478e-03 9.999884963035583496e-01 -4.371196962893009186e-03 -2.194317989051342010e-03 1.514588831923902035e-03 4.374190233647823334e-03 9.999893307685852051e-01 6.079438142478466034e-03 6.195481491088867188e+01
6.505906000000000000e+07 9.999996654875409341e-01 5.198349004960045290e-04 -6.315033135425153574e-04 1.374603447298363701e-01 -5.198569978975738906e-04 9.999998642678338268e-01 -3.482809861211393689e-05 -2.233381804307652267e-04 6.314851229647373398e-04 3.515637840168226905e-05 9.999997999952501271e-01 2.019417625880696142e-03 9.999987483024597168e-01 8.748123073019087315e-04 -1.288126804865896702e-03 1.593649387359619141e-01 -8.804829558357596397e-04 9.999896883964538574e-01 -4.459289368242025375e-03 -1.340208691544830799e-03 1.284213969483971596e-03 4.460415337234735489e-03 9.999892115592956543e-01 5.239610560238361359e-03 6.258009719848632812e+01
6.516271000000000000e+07 9.999996607503268686e-01 -6.089134313159280578e-04 -5.547284913530556739e-04 1.374265435058110441e-01 6.089458276124107370e-04 9.999998128969258548e-01 5.823325022780735649e-05 5.457501384746401858e-04 5.546929285552601018e-04 -5.857103005514604024e-05 9.999998444425906019e-01 1.688886760632633821e-03 9.999967813491821289e-01 -1.146253271144814789e-04 -2.528783632442355156e-03 1.509228646755218506e-01 1.088820063159801066e-04 9.999973773956298828e-01 -2.267607953399419785e-03 8.830979466438293457e-03 2.529036719352006912e-03 2.267318079248070717e-03 9.999942779541015625e-01 -2.505060750991106033e-03 6.217734527587890625e+01
6.526632000000000000e+07 9.999975082008931704e-01 -2.187969754748043689e-03 -4.431482654272457002e-04 1.401609168258114435e-01 2.188064683243750187e-03 9.999975833192715768e-01 2.138424323350078310e-04 1.512548880635743425e-03 4.426793137078087210e-04 -2.148115365461373270e-04 9.999998789455079029e-01 1.151249213238497845e-03 9.999957084655761719e-01 -1.536005991511046886e-03 -2.521553309634327888e-03 1.495711058378219604e-01 1.540372846648097038e-03 9.999971985816955566e-01 1.759981969371438026e-03 1.489499304443597794e-02 2.518846420571208000e-03 -1.763857901096343994e-03 9.999952316284179688e-01 -4.388245870359241962e-04 6.133520126342773438e+01
6.537006000000000000e+07 9.999953348602936831e-01 -3.024240481100327633e-03 -4.292165047566214877e-04 1.488933600729277218e-01 3.024340961413486944e-03 9.999953993748833536e-01 2.336460314368839718e-04 2.130054707028812382e-03 4.285079282790208257e-04 -2.349430385513003798e-04 9.999998805913503652e-01 9.332886035119186078e-04 9.999970793724060059e-01 -2.388953464105725288e-03 2.879634848795831203e-04 1.521728932857513428e-01 2.389512956142425537e-03 9.999956488609313965e-01 -1.735717873089015484e-03 1.176635455340147018e-02 -2.838165382854640484e-04 1.736404257826507092e-03 9.999984502792358398e-01 -2.784793265163898468e-03 6.122480010986328125e+01
6.547369000000000000e+07 9.999939826229720108e-01 -3.443239290841147455e-03 -4.228729760517033545e-04 1.510274369752712398e-01 3.443342116509647260e-03 9.999940422349854474e-01 2.426728629945819750e-04 2.432350558709167263e-03 4.220348759734612529e-04 -2.441274990059022075e-04 9.999998811441619395e-01 8.819178081935570741e-04 9.999815821647644043e-01 -4.178642760962247849e-03 4.384104162454605103e-03 1.575762331485748291e-01 4.215835593640804291e-03 9.999547600746154785e-01 -8.524018339812755585e-03 -9.838698897510766983e-04 -4.348284564912319183e-03 8.542346768081188202e-03 9.999541044235229492e-01 -3.278207266703248024e-03 6.115971374511718750e+01
6.557744000000000000e+07 9.999853361783213046e-01 -5.402236516480410020e-03 -3.785094279884866283e-04 1.428633301404856615e-01 5.402327075547328980e-03 9.999853788500603358e-01 2.386392803496828301e-04 3.834230766968329228e-03 3.772147079301217069e-04 -2.406806126865618646e-04 9.999998998909498393e-01 5.971407187368971657e-04 9.999824166297912598e-01 -5.364599172025918961e-03 2.533349674195051193e-03 1.531651318073272705e-01 5.379759706556797028e-03 9.999674558639526367e-01 -6.014561280608177185e-03 2.311123302206397057e-03 -2.501007867977023125e-03 6.028085015714168549e-03 9.999786019325256348e-01 -4.053554031997919083e-03 6.107759857177734375e+01
6.568106000000000000e+07 9.999880813198988028e-01 -4.865685930680903673e-03 -4.028883365120902293e-04 1.554206571509089696e-01 4.865798515208545269e-03 9.999881230293209411e-01 2.789364514433325054e-04 3.476510449435731183e-03 4.015263342769484923e-04 -2.808935003224425969e-04 9.999998799377172176e-01 7.106483605059255981e-04 9.999904632568359375e-01 -4.137511830776929855e-03 -1.417296123690903187e-03 1.472532749176025391e-01 4.133781418204307556e-03 9.999877810478210449e-01 -2.698977943509817123e-03 1.019999478012323380e-02 1.428449293598532677e-03 2.693088492378592491e-03 9.999954104423522949e-01 -5.122764268890023232e-04 6.134633636474609375e+01
6.578481000000000000e+07 9.999910460167010795e-01 -4.213597260447747919e-03 -3.917700497373823964e-04 1.347923285503851432e-01 4.213673395525184898e-03 9.999911036756936600e-01 1.937142481682314844e-04 2.973387217120627979e-03 3.909503305629217509e-04 -1.953633047615556384e-04 9.999999044955003580e-01 7.305806269094227996e-04 9.999909996986389160e-01 -3.809536108747124672e-03 -1.838808762840926647e-03 1.453380286693572998e-01 3.814474213868379593e-03 9.999890327453613281e-01 2.735533053055405617e-03 1.957967691123485565e-02 1.828365493565797806e-03 -2.742519835010170937e-03 9.999945759773254395e-01 5.754520534537732601e-04 6.104800033569335938e+01
6.588857000000000000e+07 9.999864904293287449e-01 -5.183794374787570151e-03 -3.837108543543682275e-04 1.435793885357402599e-01 5.183886445886447085e-03 9.999865349266977566e-01 2.393447733264920940e-04 3.683370308087131374e-03 3.824649735379741428e-04 -2.413306534294095340e-04 9.999998977400219591e-01 6.342200330485950116e-04 9.999879002571105957e-01 -4.658902529627084732e-03 -1.593259396031498909e-03 1.451780200004577637e-01 4.664754495024681091e-03 9.999824762344360352e-01 3.628270700573921204e-03 2.198365703225135803e-02 1.576332026161253452e-03 -3.635653993114829063e-03 9.999921321868896484e-01 1.457475125789642334e-03 6.097548675537109375e+01
6.599219000000000000e+07 9.999803447407169532e-01 -6.258597979659268930e-03 -3.742781074081393184e-04 1.523076084991654700e-01 6.258705536373056037e-03 9.999803729561786980e-01 2.868936489763340226e-04 4.478433524910257167e-03 3.724752094480411461e-04 -2.892305064383986169e-04 9.999998888039616229e-01 5.162369520881084344e-04 9.999835491180419922e-01 -5.317408591508865356e-03 -2.120002871379256248e-03 1.482395231723785400e-01 5.322784651070833206e-03 9.999825358390808105e-01 2.569579752162098885e-03 1.944175362586975098e-02 2.106297761201858521e-03 -2.580818254500627518e-03 9.999943971633911133e-01 -4.290023643989115953e-04 6.144598388671875000e+01
6.609594000000000000e+07 9.999726075328332353e-01 -7.393052432931977377e-03 -3.563149484775926263e-04 1.546508305184166043e-01 7.393163226957212911e-03 9.999726219467691690e-01 3.106365003257690271e-04 5.306988908320048846e-03 3.540086413600918285e-04 -3.132622857696292840e-04 9.999998882723061255e-01 3.779599677022524003e-04 9.999819993972778320e-01 -5.954434629529714584e-03 -8.380656363442540169e-04 1.615596264600753784e-01 5.954504013061523438e-03 9.999822974205017090e-01 1.817340234993025661e-04 1.564081571996212006e-02 8.369706338271498680e-04 -1.867310929810628295e-04 9.999996423721313477e-01 -9.982299525290727615e-04 6.108956909179687500e+01
6.619969000000000000e+07 9.999709554361163599e-01 -7.612388097348096044e-03 -3.739328966490928618e-04 1.770698270546461894e-01 7.612537307172024745e-03 9.999709445169594479e-01 3.992390009815724797e-04 5.495022015660613879e-03 3.708828693232481570e-04 -4.020739836692989802e-04 9.999998503911782244e-01 4.429615112928294348e-04 9.999792575836181641e-01 -6.433244794607162476e-03 1.845290098572149873e-04 1.763907372951507568e-01 6.433356553316116333e-03 9.999792575836181641e-01 9.773980127647519112e-05 1.645900681614875793e-02 -1.851540000643581152e-04 -9.655015310272574425e-05 1.000000000000000000e+00 -2.392269438132643700e-03 6.092003250122070312e+01
6.630331000000000000e+07 9.999721490566277904e-01 -7.453443691621670225e-03 -3.837748197790148284e-04 1.909900829229631558e-01 7.453614140425487977e-03 9.999721225748824383e-01 4.446394408340641679e-04 5.392245618762947501e-03 3.804500257858966432e-04 -4.474875668900255834e-04 9.999998275062970121e-01 5.158969501813600884e-04 9.999772310256958008e-01 -6.590566132217645645e-03 1.445657573640346527e-03 1.941404044628143311e-01 6.583009846508502960e-03 9.999653697013854980e-01 5.105365067720413208e-03 2.418732084333896637e-02 -1.479255617596209049e-03 -5.095731467008590698e-03 9.999859333038330078e-01 -5.031708162277936935e-03 6.103292846679687500e+01
6.640707000000000000e+07 9.999498424656434459e-01 -1.000795283185782793e-02 -3.917045723472918910e-04 2.158483048351003408e-01 1.000815645873145109e-02 9.999497812187703172e-01 5.213868544398080626e-04 7.562216777242930683e-03 3.864668863444951637e-04 -5.252809436288389524e-04 9.999997873616142119e-01 5.144938852571501187e-04 9.999579191207885742e-01 -8.977418765425682068e-03 1.855814247392117977e-03 2.119258493185043335e-01 8.961919695138931274e-03 9.999262094497680664e-01 8.195876143872737885e-03 3.390650823712348938e-02 -1.929254038259387016e-03 -8.178903721272945404e-03 9.999646544456481934e-01 -4.036572296172380447e-03 6.098156738281250000e+01
6.651069000000000000e+07 9.999533751899399858e-01 -9.648531275221479409e-03 -3.915253494905357847e-04 2.159940721632500338e-01 9.648736903316017244e-03 9.999533111151667208e-01 5.267519420212630771e-04 7.214303447830674489e-03 3.864246871103804324e-04 -5.305051073349841256e-04 9.999997846201267304e-01 5.029484689994397854e-04 9.999571442604064941e-01 -9.134695865213871002e-03 1.521153841167688370e-03 2.241034358739852905e-01 9.125529788434505463e-03 9.999405145645141602e-01 5.981984548270702362e-03 2.962607517838478088e-02 -1.575707574374973774e-03 -5.967841949313879013e-03 9.999809265136718750e-01 1.315177418291568756e-03 6.112099075317382812e+01
6.661431000000000000e+07 9.999491916629578148e-01 -1.006918550219942921e-02 -4.749644771782196009e-04 2.532850147105503158e-01 1.006941802983292097e-02 9.999491821919435086e-01 4.897443599514639994e-04 7.423084749087953058e-03 4.700090134880851797e-04 -4.945020929434026111e-04 9.999997672795658543e-01 1.202551885290219658e-03 9.999523162841796875e-01 -9.453832171857357025e-03 2.446048660203814507e-03 2.339860945940017700e-01 9.459836408495903015e-03 9.999521970748901367e-01 -2.474952256307005882e-03 1.392018888145685196e-02 -2.422536490485072136e-03 2.497977577149868011e-03 9.999939203262329102e-01 8.128106594085693359e-03 6.114956665039062500e+01
6.671809000000000000e+07 9.999327397989545840e-01 -1.158866796915747691e-02 -4.675961087316362979e-04 2.532049082035335852e-01 1.158888753013367912e-02 9.999327363117653800e-01 4.696074352879646137e-04 8.907522246395880444e-03 4.621225315752810581e-04 -4.749947683808332572e-04 9.999997804113327504e-01 1.245996475596593874e-03 9.999346733093261719e-01 -1.126167736947536469e-02 1.941982656717300415e-03 2.477315813302993774e-01 1.127507630735635757e-02 9.999118447303771973e-01 -7.017643656581640244e-03 6.996842101216316223e-03 -1.862781005911529064e-03 7.039083633571863174e-03 9.999735355377197266e-01 6.670784205198287964e-03 6.109705734252929688e+01
6.682169000000000000e+07 9.999194864921338022e-01 -1.268142228533045320e-02 -4.495164675821009784e-04 2.558140666139780972e-01 1.268162935958080766e-02 9.999194787101369775e-01 4.608424464249630129e-04 9.945755959957535905e-03 4.436361343730456960e-04 -4.665059435130231155e-04 9.999997927795747366e-01 1.395584782850116173e-03 9.999321699142456055e-01 -1.157952751964330673e-02 1.317437272518873215e-03 2.512685954570770264e-01 1.158570591360330582e-02 9.999210238456726074e-01 -4.851482808589935303e-03 1.185391750186681747e-02 -1.261158497072756290e-03 4.866411443799734116e-03 9.999873042106628418e-01 6.727938540279865265e-03 6.095792007446289062e+01
6.692544000000000000e+07 9.998748506041457151e-01 -1.581484415466891807e-02 -4.169088767326440716e-04 2.733033602135463980e-01 1.581502104700761163e-02 9.998748446255566469e-01 4.244686223569112344e-04 1.277661856443562845e-02 4.101437926757532356e-04 -4.310089235660880588e-04 9.999998230066582394e-01 2.094837523776457971e-03 9.998849034309387207e-01 -1.516568381339311600e-02 -1.142229521065019071e-04 2.634123265743255615e-01 1.516528427600860596e-02 9.998795390129089355e-01 -3.306151600554585457e-03 1.737513020634651184e-02 1.643513969611376524e-04 3.304039128124713898e-03 9.999945759773254395e-01 6.159613840281963348e-04 6.105891036987304688e+01
6.702907000000000000e+07 9.998490218581904676e-01 -1.737255299719846213e-02 -3.576039021361716581e-04 2.675035138224458042e-01 1.737271377819445128e-02 9.998489810638286901e-01 4.515202908795211672e-04 1.444855841047380796e-02 3.497058367042231723e-04 -4.576646716472042038e-04 9.999998341244182853e-01 2.146470654064313276e-03 9.998665452003479004e-01 -1.633198373019695282e-02 -4.354524426162242889e-04 2.700429558753967285e-01 1.632983610033988953e-02 9.998563528060913086e-01 -4.532265942543745041e-03 1.731876842677593231e-02 5.094098742119967937e-04 4.524549469351768494e-03 9.999895691871643066e-01 -1.594999921508133411e-03 6.111161422729492188e+01
6.713282000000000000e+07 9.998358161580999104e-01 -1.811629745995151086e-02 -3.748276410530773694e-04 2.836393642671663495e-01 1.811645919081812661e-02 9.998357898654453013e-01 4.326805757499684914e-04 1.494437683275225658e-02 3.669275205872315994e-04 -4.394000862135163075e-04 9.999998361458669605e-01 2.648204850291555838e-03 9.998457431793212891e-01 -1.754835434257984161e-02 8.305243682116270065e-04 2.706596255302429199e-01 1.754881255328655243e-02 9.998459219932556152e-01 -5.459591629914939404e-04 2.252618595957756042e-02 -8.208152139559388161e-04 5.604510661214590073e-04 9.999995827674865723e-01 5.249824374914169312e-03 6.091199874877929688e+01
6.723644000000000000e+07 9.997729554180603273e-01 -2.130673887435991648e-02 -2.459853579109481090e-04 3.100632203029879408e-01 2.130685265097633646e-02 9.997728729817385585e-01 4.695695635414307272e-04 1.804623556688674663e-02 2.359244922624104265e-04 -4.747041239148768951e-04 9.999998594978093402e-01 3.248298276663643108e-03 9.997832775115966797e-01 -2.079521864652633667e-02 9.217526530846953392e-04 2.882368862628936768e-01 2.079599909484386444e-02 9.997833371162414551e-01 -8.290890255011618137e-04 2.675913274288177490e-02 -9.043125319294631481e-04 8.480784599669277668e-04 9.999991655349731445e-01 5.047507118433713913e-03 6.106041717529296875e+01
6.734007000000000000e+07 9.997561467589182183e-01 -2.208182201805956521e-02 -2.004356940920195380e-04 3.070242149947109978e-01 2.208191946547673548e-02 9.997560407994796616e-01 4.977328827643025993e-04 1.888407162665409200e-02 1.893959474911110401e-04 -5.020375136630298536e-04 9.999998560437506345e-01 3.181641873266438138e-03 9.997594952583312988e-01 -2.192049846053123474e-02 -6.899412255734205246e-04 2.994228601455688477e-01 2.192026004195213318e-02 9.997596740722656250e-01 -3.385911404620856047e-04 2.818544022738933563e-02 6.971972179599106312e-04 3.233979223296046257e-04 9.999997019767761230e-01 3.369918325915932655e-03 6.119081497192382812e+01
6.744369000000000000e+07 9.997476991612589403e-01 -2.246124137090449099e-02 -1.751476576166053310e-04 3.158915929955319335e-01 2.246132840592568805e-02 9.997475815006801048e-01 5.118873373669769519e-04 1.909947783427581869e-02 1.636058224996787607e-04 -5.156922366774977992e-04 9.999998536473206912e-01 3.276951256290922682e-03 9.997590780258178711e-01 -2.183123864233493805e-02 -2.254447434097528458e-03 2.995447218418121338e-01 2.183348312973976135e-02 9.997611641883850098e-01 9.745467104949057102e-04 2.912108227610588074e-02 2.232634462416172028e-03 -1.023549237288534641e-03 9.999970197677612305e-01 -1.249642809852957726e-04 6.081769561767578125e+01
6.754732000000000000e+07 9.997314359310167653e-01 -2.317403635772437645e-02 -1.416268275133813342e-04 3.178465439060287889e-01 2.317411145943197234e-02 9.997312907857507369e-01 5.538861679022696318e-04 1.981200099160947831e-02 1.287529930776246806e-04 -5.570194898192696318e-04 9.999998365759664720e-01 3.287228275992391813e-03 9.997245669364929199e-01 -2.311005257070064545e-02 -4.077390301972627640e-03 3.231982290744781494e-01 2.313596569001674652e-02 9.997116327285766602e-01 6.427204236388206482e-03 4.124660044908523560e-02 3.927682060748338699e-03 -6.519762799143791199e-03 9.999710321426391602e-01 -2.149192849174141884e-03 6.099577713012695312e+01
6.765108000000000000e+07 9.997127051968084377e-01 -2.396857102593445005e-02 -1.210933717222275577e-04 3.397076520527459453e-01 2.396864311398701902e-02 9.997125098963697276e-01 6.337953304794110209e-04 2.032942107125242440e-02 1.058673899843470020e-04 -6.365156882202242317e-04 9.999997918199128311e-01 3.587224002210192501e-03 9.997278451919555664e-01 -2.303769998252391815e-02 -3.675781423225998878e-03 3.347160220146179199e-01 2.305485680699348450e-02 9.997231364250183105e-01 4.696786869317293167e-03 4.319145902991294861e-02 3.566561499610543251e-03 -4.780255723744630814e-03 9.999822378158569336e-01 -3.437306964769959450e-03 6.101561737060546875e+01
6.775469000000000000e+07 9.996580487481352417e-01 -2.614918034464483454e-02 -7.735618857850924939e-05 3.412333062816686469e-01 2.614923185073228518e-02 9.996577587188131275e-01 7.636429392312505315e-04 2.274033017455686853e-02 5.736107843544631119e-05 -7.654046153701060196e-04 9.999997054327161017e-01 3.553924756184970082e-03 9.996686577796936035e-01 -2.573873475193977356e-02 -2.670748217497020960e-04 3.343408405780792236e-01 2.573934569954872131e-02 9.996653199195861816e-01 2.603718778118491173e-03 3.163582459092140198e-02 1.999692467506974936e-04 -2.609733957797288895e-03 9.999966025352478027e-01 1.017288072034716606e-03 6.140544128417968750e+01
6.785832000000000000e+07 9.996604276163902902e-01 -2.605786361270285775e-02 -1.313187277829785818e-04 3.675422047729882680e-01 2.605795546296856349e-02 9.996601491409782270e-01 7.544663100893664797e-04 2.266431092115620688e-02 1.116143200351032419e-04 -7.576320115263778876e-04 9.999997067679647911e-01 3.604099671053194280e-03 9.996709227561950684e-01 -2.564371563494205475e-02 8.031908073462545872e-04 3.646398484706878662e-01 2.564677596092224121e-02 9.996629357337951660e-01 -4.039346706122159958e-03 2.675852924585342407e-02 -6.993377464823424816e-04 4.058612510561943054e-03 9.999915361404418945e-01 2.957968041300773621e-03 6.110355377197265625e+01
6.796208000000000000e+07 9.996775590554907165e-01 -2.539192897559888404e-02 -1.670517725197903083e-04 3.774416949164168811e-01 2.539204249767585200e-02 9.996773132087897196e-01 7.167119537484148558e-04 2.212165989891743539e-02 1.487991692978694750e-04 -7.207226419116702235e-04 9.999997292088215195e-01 3.635657008421588118e-03 9.996766448020935059e-01 -2.540479227900505066e-02 1.026722253300249577e-03 3.613111078739166260e-01 2.540791220963001251e-02 9.996723532676696777e-01 -3.117742249742150307e-03 2.544805780053138733e-02 -9.471782832406461239e-04 3.142820671200752258e-03 9.999946355819702148e-01 3.897462040185928345e-03 6.121849441528320312e+01
6.806569000000000000e+07 9.996431398000910074e-01 -2.671239767329889811e-02 -2.021546559565188010e-04 3.890198948523287958e-01 2.671254385849397214e-02 9.996428683871860787e-01 7.587414557214514120e-04 2.365206753663095379e-02 1.818146567940922621e-04 -7.638707561689032531e-04 9.999996917224039938e-01 3.608947526846755828e-03 9.996561408042907715e-01 -2.622302062809467316e-02 8.918794628698378801e-05 3.918149173259735107e-01 2.622303552925586700e-02 9.996560811996459961e-01 -2.786475524771958590e-04 3.274304792284965515e-02 -8.185119804693385959e-05 2.808923891279846430e-04 1.000000000000000000e+00 2.455515787005424500e-03 6.538124847412109375e+01
6.816932000000000000e+07 9.996613649248249356e-01 -2.602118720328863016e-02 -2.309395408186979228e-04 3.971349357548543124e-01 2.602134734694736690e-02 9.996611282312937163e-01 7.198788219933441269e-04 2.300894413001250763e-02 2.121291814455531096e-04 -7.256444034424268255e-04 9.999997142206811240e-01 3.646542547399245736e-03 9.996521472930908203e-01 -2.637330628931522369e-02 -1.450088020646944642e-04 4.066707789897918701e-01 2.637334913015365601e-02 9.996520280838012695e-01 4.676171811297535896e-04 3.557752817869186401e-02 1.326266792602837086e-04 -4.712800728157162666e-04 9.999998807907104492e-01 2.368615707382559776e-03 6.208067321777343750e+01
6.827307000000000000e+07 9.996477654774656996e-01 -2.653819344684226270e-02 -2.632548051086971964e-04 4.169566040354407144e-01 2.653837026932675744e-02 9.996475555095687415e-01 6.926079841070519570e-04 2.355993257554466966e-02 2.447814587503315182e-04 -6.993503767881391591e-04 9.999997254955212966e-01 3.665902911729215091e-03 9.996535181999206543e-01 -2.632069215178489685e-02 -2.068491012323647738e-04 4.075064659118652344e-01 2.632091008126735687e-02 9.996523261070251465e-01 1.561817596666514874e-03 3.405110910534858704e-02 1.656658278079703450e-04 -1.566722174175083637e-03 9.999987483024597168e-01 2.048083581030368805e-03 6.201635360717773438e+01
6.837670000000000000e+07 9.996431598437434118e-01 -2.671102241949355194e-02 -2.725300744608804356e-04 4.344129123618807320e-01 2.671119508662549158e-02 9.996429804506652417e-01 6.509274015940668496e-04 2.364999866810820958e-02 2.550458398151975495e-04 -6.579747284087871439e-04 9.999997510104119414e-01 3.801181631888761198e-03 9.996650218963623047e-01 -2.585707791149616241e-02 -1.129064825363457203e-03 4.376847445964813232e-01 2.585555240511894226e-02 9.996646642684936523e-01 -1.429487718269228935e-03 4.506792500615119934e-02 1.165652065537869930e-03 1.399823580868542194e-03 9.999983310699462891e-01 1.945949858054518700e-03 6.118348693847656250e+01
6.848032000000000000e+07 9.996803992513781933e-01 -2.527845305930970926e-02 -3.149382160600507768e-04 4.417176483934676656e-01 2.527863564507409205e-02 9.996802701815826753e-01 5.899255522803185242e-04 2.227926597447157583e-02 2.999251160691693979e-04 -5.976982197725046880e-04 9.999997764008643486e-01 3.865403038597069012e-03 9.996992349624633789e-01 -2.452280931174755096e-02 -1.448960683774203062e-04 4.531054794788360596e-01 2.452264726161956787e-02 9.996989369392395020e-01 -8.684510248713195324e-04 6.704556196928024292e-02 1.661487476667389274e-04 8.646380738355219364e-04 9.999995827674865723e-01 3.678265027701854706e-03 6.107583999633789062e+01
6.858407000000000000e+07 9.997173856199006448e-01 -2.377117599659154396e-02 -2.830455749327691968e-04 4.764718568056055537e-01 2.377132260381958212e-02 9.997172836239271998e-01 5.263829606005816526e-04 2.072199038257424575e-02 2.704528120673796682e-04 -5.329625644869457907e-04 9.999998214030854093e-01 4.070408836862917691e-03 9.997457861900329590e-01 -2.254670672118663788e-02 3.328328893985599279e-04 4.628015458583831787e-01 2.254718728363513947e-02 9.997445344924926758e-01 -1.574628520756959915e-03 6.852022558450698853e-02 -2.972448419313877821e-04 1.581737655214965343e-03 9.999986886978149414e-01 4.671181552112102509e-03 6.141680145263671875e+01
6.868782000000000000e+07 9.997624425773138368e-01 -2.179412851982295146e-02 -2.727370293393068640e-04 4.913863557681815708e-01 2.179422791052453706e-02 9.997624102834742343e-01 3.669135406588356968e-04 1.898699484258026260e-02 2.646756691615619593e-04 -3.727704704580452662e-04 9.999998954944803176e-01 4.129341284007184872e-03 9.997817873954772949e-01 -2.088546566665172577e-02 -1.373198319924995303e-04 4.923679530620574951e-01 2.088539674878120422e-02 9.997817277908325195e-01 -4.229258629493415356e-04 5.749297142028808594e-02 1.461213105358183384e-04 4.199628310743719339e-04 9.999999403953552246e-01 3.946240525692701340e-03 6.148652648925781250e+01
6.879157000000000000e+07 9.997884042210880562e-01 -2.056854004476641254e-02 -2.862761496020659459e-04 4.966667876958598682e-01 2.056861566160828395e-02 9.997884088616705300e-01 2.637502051651278751e-04 1.799092270798102744e-02 2.807906195598569772e-04 -2.695827007113459702e-04 9.999999242408963429e-01 4.215799175279247822e-03 9.998080134391784668e-01 -1.959617994725704193e-02 -2.121802390320226550e-05 5.023342967033386230e-01 1.959623396396636963e-02 9.998077750205993652e-01 -6.344516878016293049e-04 5.912267416715621948e-02 3.364736767252907157e-05 6.339171668514609337e-04 9.999997615814208984e-01 3.371022408828139305e-03 6.122265625000000000e+01
6.889532000000000000e+07 9.998013092930791990e-01 -1.993211241645835227e-02 -2.298976793857236071e-04 5.244921843589461785e-01 1.993215820589895951e-02 9.998013150807270044e-01 1.986317797274243400e-04 1.715113222588772815e-02 2.258928514474066375e-04 -2.031746700983783462e-04 9.999999538462380766e-01 4.412601599537230128e-03 9.998262524604797363e-01 -1.862774603068828583e-02 -6.940859602764248848e-04 5.298602581024169922e-01 1.862792111933231354e-02 9.998264908790588379e-01 3.367015160620212555e-04 5.107401311397552490e-02 6.876940024085342884e-04 -3.495792625471949577e-04 9.999997019767761230e-01 3.736309008672833443e-03 6.131568145751953125e+01
6.899907000000000000e+07 9.998168195467016517e-01 -1.913806282722525440e-02 -2.488354382126563595e-04 5.309922090681296059e-01 1.913809783392999078e-02 9.998168401697867802e-01 1.390702550427683529e-04 1.642718981666153183e-02 2.461283263983441967e-04 -1.438070168402624479e-04 9.999999593701953682e-01 4.506034338704261594e-03 9.998318552970886230e-01 -1.833123341202735901e-02 -4.838005406782031059e-04 5.490025281906127930e-01 1.832992210984230042e-02 9.998289942741394043e-01 -2.429126063361763954e-03 5.038134381175041199e-02 5.282440688461065292e-04 2.419855911284685135e-03 9.999969005584716797e-01 2.483104821294546127e-03 6.127222442626953125e+01
6.910284000000000000e+07 9.998146257022266781e-01 -1.925309624266500347e-02 -1.803342043444480314e-04 5.506082589742763433e-01 1.925312205844550983e-02 9.998146313090341408e-01 1.425300699346627488e-04 1.669801294248458509e-02 1.775566309008852917e-04 -1.459756449386396138e-04 9.999999735823767999e-01 4.564350474769027916e-03 9.998288750648498535e-01 -1.849863119423389435e-02 1.259595883311703801e-04 5.565780997276306152e-01 1.849911175668239594e-02 9.998217225074768066e-01 -3.786725690588355064e-03 3.022366389632225037e-02 -5.588683052337728441e-05 3.788404166698455811e-03 9.999929070472717285e-01 2.426283201202750206e-03 6.228771209716796875e+01
6.920657000000000000e+07 9.997898934973548091e-01 -2.049785785130896210e-02 -8.186767309858048792e-05 5.647037455998995537e-01 2.049787444796925817e-02 9.997898750156609671e-01 2.073102659884696317e-04 1.798036858637542396e-02 7.760105447711046294e-05 -2.089448219670125991e-04 9.999999751600696651e-01 4.498931940973252726e-03 9.998194575309753418e-01 -1.899782754480838776e-02 -2.961938735097646713e-04 5.751637816429138184e-01 1.899625733494758606e-02 9.998099803924560547e-01 -4.367972724139690399e-03 6.090328097343444824e-03 3.791171475313603878e-04 4.361554048955440521e-03 9.999903440475463867e-01 -3.329410916194319725e-03 6.180128097534179688e+01
6.931032000000000000e+07 9.997940282395678668e-01 -2.029534431435213102e-02 9.623877675841406847e-06 5.929762517571827152e-01 2.029534369606618774e-02 9.997940264681693945e-01 6.049613940543490032e-05 1.814415475106195830e-02 -1.084968539973783064e-05 -6.028835900244828926e-05 9.999999981237990276e-01 4.618155966066414021e-03 9.998188018798828125e-01 -1.901402696967124939e-02 -9.554407442919909954e-04 5.940057635307312012e-01 1.900943554937839508e-02 9.998084902763366699e-01 -4.657238256186246872e-03 1.271783839911222458e-02 1.043811789713799953e-03 4.638228565454483032e-03 9.999887943267822266e-01 -1.685437280684709549e-03 6.225331115722656250e+01
6.941395000000000000e+07 9.998123891047323575e-01 -1.936972890689529075e-02 1.383202453903742705e-05 5.969275841718438835e-01 1.936972803617695998e-02 9.998123873850306431e-01 6.052944818078674291e-05 1.755713096794543626e-02 -1.500186848960090533e-05 -6.025016964075536913e-05 9.999999980724304516e-01 4.690471216604925712e-03 9.998403191566467285e-01 -1.786207966506481171e-02 -5.026653525419533253e-04 6.030565500259399414e-01 1.786152832210063934e-02 9.998398423194885254e-01 -1.030318555422127247e-03 1.685070991516113281e-02 5.209870287217199802e-04 1.021176227368414402e-03 9.999992847442626953e-01 -7.042899378575384617e-04 6.162889480590820312e+01
6.951769000000000000e+07 9.998529052536546669e-01 -1.715129773701821667e-02 2.901370602854667674e-05 6.158657192726388896e-01 1.715129417245011764e-02 9.998528986610240032e-01 1.189428056498694771e-04 1.622073388766068214e-02 -3.104946154669159292e-05 -1.184276871809716137e-04 9.999999925054069427e-01 5.058493223998758621e-03 9.998658299446105957e-01 -1.633311249315738678e-02 -1.243488048203289509e-03 6.269207000732421875e-01 1.633441075682640076e-02 9.998660087585449219e-01 1.071588951162993908e-03 2.319919317960739136e-02 1.225822023116052151e-03 -1.091750804334878922e-03 9.999986886978149414e-01 1.009851344861090183e-03 6.110339355468750000e+01
6.962144000000000000e+07 9.998871025217778152e-01 -1.502605108182397328e-02 1.711487909213170578e-06 6.288201832090997145e-01 1.502605037853734296e-02 9.998870799358688943e-01 2.125812379494769521e-04 1.478830873321512925e-02 -4.905551139705998559e-06 -2.125315211610062389e-04 9.999999774031441691e-01 5.373649050127754685e-03 9.998893737792968750e-01 -1.485444325953722000e-02 -6.098682642914354801e-04 6.382511258125305176e-01 1.485550962388515472e-02 9.998883008956909180e-01 1.663429313339293003e-03 2.230958081781864166e-02 5.850895540788769722e-04 -1.672301557846367359e-03 9.999983310699462891e-01 -9.293673210777342319e-04 6.111622238159179688e+01
6.972532000000000000e+07 9.999077477961867411e-01 -1.358281297170130936e-02 5.559262861589260802e-05 6.699034936834536991e-01 1.358279843938577786e-02 9.999077172955610493e-01 2.539309810766908373e-04 1.383772358081346125e-02 -5.903659537146360497e-05 -2.531524519216461874e-04 9.999999662142580181e-01 5.801093064751259264e-03 9.999151825904846191e-01 -1.295398082584142685e-02 1.382519258186221123e-03 6.704795956611633301e-01 1.295343600213527679e-02 9.999159574508666992e-01 4.502798838075250387e-04 8.353452198207378387e-03 -1.388235134072601795e-03 -4.323338216636329889e-04 9.999989867210388184e-01 1.088276039808988571e-02 6.108220672607421875e+01
6.982907000000000000e+07 9.999312622189796551e-01 -1.172479528876511391e-02 -2.429203289307110364e-06 6.805356137553482121e-01 1.172479539133066372e-02 9.999311950039113661e-01 3.666393063852727680e-04 1.240249987881434333e-02 -1.869734873512691092e-06 -3.666425863246077659e-04 9.999999327848534403e-01 6.037883759803590669e-03 9.999366998672485352e-01 -1.116438396275043488e-02 1.430229516699910164e-03 6.870243549346923828e-01 1.116406824439764023e-02 9.999377131462097168e-01 2.061735140159726143e-04 1.294504967518150806e-03 -1.432443270459771156e-03 -1.901946670841425657e-04 9.999989867210388184e-01 1.661793515086174011e-02 6.228396987915039062e+01
6.993284000000000000e+07 9.999564642629161781e-01 -9.331097638338123682e-03 1.394572889751191733e-05 6.934259653273617818e-01 9.331091891919099032e-03 9.999563970437709282e-01 3.670615142206277905e-04 1.025005609736478335e-02 -1.737020769768950982e-05 -3.669154050472153792e-04 9.999999325356775381e-01 6.444972414885009361e-03 9.999570250511169434e-01 -8.844630792737007141e-03 2.771941013634204865e-03 7.040221691131591797e-01 8.842095732688903809e-03 9.999604821205139160e-01 9.411428472958505154e-04 -4.499455681070685387e-04 -2.780156442895531654e-03 -9.165981900878250599e-04 9.999957084655761719e-01 2.126545459032058716e-02 6.124188613891601562e+01
7.003672000000000000e+07 9.999693630477168860e-01 -7.827364517558809895e-03 7.299976978237953274e-05 7.205841319571109072e-01 7.827337924005828632e-03 9.999693019323330212e-01 3.577321571852676600e-04 8.929372563661840817e-03 -7.579762890145033238e-05 -3.571498034797491701e-04 9.999999333493646558e-01 6.881187688437958964e-03 9.999722838401794434e-01 -7.107417099177837372e-03 2.220164518803358078e-03 7.178892493247985840e-01 7.105929777026176453e-03 9.999744892120361328e-01 6.135948933660984039e-04 3.317925613373517990e-03 -2.224474912509322166e-03 -5.978036788292229176e-04 9.999973177909851074e-01 1.721646450459957123e-02 6.111497497558593750e+01
7.014057000000000000e+07 9.999829193854232745e-01 -5.844300995538293485e-03 7.130596377992557289e-05 7.284677360196830653e-01 5.844280566929969424e-03 9.999828818847503742e-01 2.834138107584951083e-04 7.142444075575423920e-03 -7.296109871149017564e-05 -2.829922378335637465e-04 9.999999572960364125e-01 7.273071821972262700e-03 9.999854564666748047e-01 -5.386029370129108429e-03 2.785361430142074823e-04 7.312733530998229980e-01 5.385835655033588409e-03 9.999850988388061523e-01 8.999916026368737221e-04 5.196886559133417904e-05 -2.833695616573095322e-04 -8.984749438241124153e-04 9.999995827674865723e-01 1.706683635711669922e-02 6.092671966552734375e+01
7.024432000000000000e+07 9.999904420067413646e-01 -4.370806080195752466e-03 1.093148691000305536e-04 7.415929906792912973e-01 4.370785624321740434e-03 9.999904306476846694e-01 1.866720494987527844e-04 5.652522108148089544e-03 -1.101297303407434373e-04 -1.861924734394404925e-04 9.999999766019028735e-01 7.658430536152290892e-03 9.999911189079284668e-01 -4.197028465569019318e-03 4.014435107819736004e-04 7.458541393280029297e-01 4.196555353701114655e-03 9.999907016754150391e-01 1.045630313456058502e-03 7.031180430203676224e-03 -4.058295453432947397e-04 -1.043937983922660351e-03 9.999993443489074707e-01 1.132689043879508972e-02 6.099788665771484375e+01
7.034820000000000000e+07 9.999914446351733099e-01 -4.134103921850147516e-03 1.408584165373776682e-04 7.516854382760473907e-01 4.134081484350296369e-03 9.999914419742740312e-01 1.592116952522008128e-04 5.350099754555630305e-03 -1.415154087661213639e-04 -1.586280129619438417e-04 9.999999774052709123e-01 7.787534168178005846e-03 9.999940991401672363e-01 -3.408082993701100349e-03 3.359307884238660336e-04 7.612500190734863281e-01 3.407701384276151657e-03 9.999935626983642578e-01 1.120617729611694813e-03 2.177598653361201286e-03 -3.397483960725367069e-04 -1.119466731324791908e-03 9.999993443489074707e-01 1.357610151171684265e-02 6.123222351074218750e+01
7.045194000000000000e+07 9.999943626454713685e-01 -3.355581528696907276e-03 1.214501598347258831e-04 7.558097317964767026e-01 3.355563050114849545e-03 9.999943585252327738e-01 1.520348144560732505e-04 4.574538988483262646e-03 -1.219596398800910952e-04 -1.516264237225542781e-04 9.999999810676372114e-01 8.008107311006045989e-03 9.999952912330627441e-01 -2.994764363393187523e-03 -8.018054068088531494e-04 7.747022509574890137e-01 2.995449816808104515e-03 9.999952316284179688e-01 8.293028222396969795e-04 7.514279335737228394e-03 7.993140607140958309e-04 -8.316984167322516441e-04 9.999993443489074707e-01 1.138758659362792969e-02 6.101900863647460938e+01
7.055582000000000000e+07 9.999930732666434396e-01 -3.716806824513165658e-03 1.968906360476858409e-04 7.863854722336428571e-01 3.716778278615668306e-03 9.999930822212782511e-01 1.451515588460625995e-04 4.823538859389210447e-03 -1.974287743001302870e-04 -1.444187545890507753e-04 9.999999700825511484e-01 8.187328822501097406e-03 9.999954700469970703e-01 -2.936749020591378212e-03 -4.884339286945760250e-04 7.903926968574523926e-01 2.936090575531125069e-03 9.999947547912597656e-01 -1.311039668507874012e-03 8.707466768100857735e-04 4.922779044136404991e-04 1.309598563238978386e-03 9.999989271163940430e-01 1.161527447402477264e-02 6.101958465576171875e+01
7.065957000000000000e+07 9.999951816270992166e-01 -3.098296572800694412e-03 1.930834715601850867e-04 8.053737319678653250e-01 3.098267554320856612e-03 9.999951890463497639e-01 1.504081509865359237e-04 4.237030194421398388e-03 -1.935485516890278327e-04 -1.498092020271155653e-04 9.999999700480810549e-01 8.405735868554789839e-03 9.999949336051940918e-01 -2.935925032943487167e-03 -1.286000246182084084e-03 8.042038679122924805e-01 2.933905692771077156e-03 9.999943971633911133e-01 -1.614500069990754128e-03 3.830150235444307327e-03 1.290741609409451485e-03 1.610720995813608170e-03 9.999979138374328613e-01 8.020677603781223297e-03 6.148252868652343750e+01
7.076333000000000000e+07 9.999953580873148784e-01 -3.040648080181080053e-03 1.956108963521600906e-04 8.196947768044647864e-01 3.040626728353767756e-03 9.999953713043553405e-01 1.093595409329309293e-04 4.040792747181559327e-03 -1.959425147874928276e-04 -1.087642536107800317e-04 9.999999748884351725e-01 8.504740707854882564e-03 9.999949336051940918e-01 -2.763992408290505409e-03 -1.552310655824840069e-03 8.201292157173156738e-01 2.762625692412257195e-03 9.999958276748657227e-01 -8.476572693325579166e-04 3.722335444763302803e-03 1.554642338305711746e-03 8.433634066022932529e-04 9.999983906745910645e-01 9.501466527581214905e-03 6.110841751098632812e+01
7.086719000000000000e+07 9.999961674976904913e-01 -2.762567549241405022e-03 1.822376376678204262e-04 8.198148308047388255e-01 2.762548181256670784e-03 9.999961784912493323e-01 1.064449771777069824e-04 3.751152519131002294e-03 -1.825310026813852155e-04 -1.059411289784968087e-04 9.999999777294551473e-01 8.573241466426089266e-03 9.999948143959045410e-01 -2.885553985834121704e-03 -1.451099175028502941e-03 8.325212001800537109e-01 2.885129535570740700e-03 9.999958276748657227e-01 -2.945346641354262829e-04 7.360116578638553619e-03 1.451942254789173603e-03 2.903517161030322313e-04 9.999988675117492676e-01 8.828734979033470154e-03 6.110265731811523438e+01
7.097082000000000000e+07 9.999954973164009164e-01 -2.994218081360963419e-03 2.000122129244258210e-04 8.401636654245563385e-01 2.994210956550894236e-03 9.999955166954346275e-01 3.591182179255230451e-05 3.743453440830389438e-03 -2.001188440363242823e-04 -3.531278132562196191e-05 9.999999793527273306e-01 8.651599969331782644e-03 9.999946355819702148e-01 -2.693640068173408508e-03 -1.811671303585171700e-03 8.450615406036376953e-01 2.691500121727585793e-03 9.999956488609313965e-01 -1.208066707476973534e-03 5.804633256047964096e-03 1.814922434277832508e-03 1.203179941512644291e-03 9.999976754188537598e-01 8.820800110697746277e-03 6.114841461181640625e+01
7.107469000000000000e+07 9.999957824105764059e-01 -2.897535533503063903e-03 1.986179301010830111e-04 8.502844693457884961e-01 2.897535549576864180e-03 9.999958021351320614e-01 2.068235654583800949e-07 3.503440541258572710e-03 -1.986176956084874769e-04 3.686798070642954433e-07 9.999999802754377942e-01 8.751864618100480345e-03 9.999966621398925781e-01 -2.456574002280831337e-03 -7.738373824395239353e-04 8.547561764717102051e-01 2.454592147842049599e-03 9.999935626983642578e-01 -2.595921978354454041e-03 2.728494815528392792e-03 7.802078616805374622e-04 2.594012301415205002e-03 9.999963045120239258e-01 8.739965036511421204e-03 6.095107269287109375e+01
7.117844000000000000e+07 9.999979225264313820e-01 -2.032596184085873076e-03 1.532830136464860841e-04 8.629150209189080378e-01 2.032603960913237449e-03 9.999979329784894899e-01 -5.059638647086927183e-05 2.361008201544207916e-03 -1.531798547878231024e-04 5.090784501076258745e-05 9.999999869721619694e-01 9.093683650755078271e-03 9.999977946281433105e-01 -1.943489187397062778e-03 -8.083216962404549122e-04 8.622900247573852539e-01 1.941015361808240414e-03 9.999937415122985840e-01 -2.969534834846854210e-03 2.785391174256801605e-03 8.140859426930546761e-04 2.967960899695754051e-03 9.999952316284179688e-01 7.987992838025093079e-03 6.069456100463867188e+01
7.128219000000000000e+07 9.999965063268950738e-01 -2.637290284773803964e-03 1.789795575056699745e-04 8.763892252718249454e-01 2.637305500003420990e-03 9.999965187057334726e-01 -8.482828698810184343e-05 2.797345473540229291e-03 -1.787552175991550358e-04 8.530001441582481627e-05 9.999999803852388514e-01 9.191690749730302770e-03 9.999976754188537598e-01 -2.120949327945709229e-03 -2.774471358861774206e-04 8.787257671356201172e-01 2.120530232787132263e-03 9.999964237213134766e-01 -1.620575203560292721e-03 4.402074962854385376e-03 2.808858698699623346e-04 1.619985792785882950e-03 9.999986290931701660e-01 8.969031274318695068e-03 6.077289581298828125e+01
7.138595000000000000e+07 9.999974995859580718e-01 -2.230396142762933794e-03 1.617246955966759880e-04 8.709114460655167367e-01 2.230407691105117367e-03 9.999975100985110110e-01 -7.126225283704049865e-05 2.440424732290535567e-03 -1.615653498642291835e-04 7.162278665688050477e-05 9.999999843834069813e-01 9.158179759098288367e-03 9.999953508377075195e-01 -1.649845275096595287e-03 -2.564847469329833984e-03 8.847469687461853027e-01 1.652982202358543873e-03 9.999979138374328613e-01 1.207971945405006409e-03 8.948496542870998383e-03 2.562850713729858398e-03 -1.212205621413886547e-03 9.999960064888000488e-01 1.059948652982711792e-02 6.092147064208984375e+01
7.148957000000000000e+07 9.999990934675462295e-01 -1.342402802867767196e-03 1.049703037709730767e-04 8.827411386825714246e-01 1.342415603429428618e-03 9.999990915214790332e-01 -1.219693737095280556e-04 1.329920131750587497e-03 -1.048064763753235053e-04 1.221101769168058933e-04 9.999999870523532675e-01 9.656143395733680912e-03 9.999928474426269531e-01 -1.327367266640067101e-03 -3.543096361681818962e-03 8.981201052665710449e-01 1.323798671364784241e-03 9.999986886978149414e-01 -9.955659043043851852e-04 5.176509730517864227e-03 3.544413018971681595e-03 9.908684296533465385e-04 9.999932050704956055e-01 7.532655727118253708e-03 6.104611206054687500e+01
7.159333000000000000e+07 9.999998259583867677e-01 -5.815370735289621335e-04 9.948788340801392770e-05 9.118787038802732559e-01 5.815483834085893649e-04 9.999998244380382539e-01 -1.136898460090131585e-04 8.277202344820848955e-04 -9.942175108341480517e-05 1.137476832382409747e-04 9.999999885883902317e-01 1.023654899450006373e-02 9.999960660934448242e-01 -2.989778295159339905e-04 -2.788388868793845177e-03 9.095477461814880371e-01 2.984054153785109520e-04 9.999998807907104492e-01 -2.297733299201354384e-04 7.756788283586502075e-03 2.788458950817584991e-03 2.289402909809723496e-04 9.999960660934448242e-01 3.611780237406492233e-03 6.207807922363281250e+01
7.169720000000000000e+07 9.999998867949582149e-01 -4.638602823693386526e-04 1.060363578113609567e-04 9.184467831081553069e-01 4.638719855133362799e-04 9.999998863204803135e-01 -1.103712255527300755e-04 8.046962397766245891e-04 -1.059851489293506726e-04 1.104204003539832314e-04 9.999999882872416812e-01 1.032861961698013434e-02 9.999984502792358398e-01 -5.529715563170611858e-04 1.626963494345545769e-03 9.250981211662292480e-01 5.489735049195587635e-04 9.999968409538269043e-01 2.450557192787528038e-03 1.125063281506299973e-02 -1.628312980756163597e-03 -2.449659863486886024e-03 9.999957084655761719e-01 4.279736895114183426e-03 6.106544113159179688e+01
7.180095000000000000e+07 9.999997363356177837e-01 -7.172041479095486900e-04 1.137845043127477107e-04 9.339265443081189444e-01 7.172167005392682086e-04 9.999997367151618466e-01 -1.103169053801225500e-04 1.160387024208627427e-03 -1.137053546141298185e-04 1.103984844389613806e-04 9.999999874416336532e-01 1.062942032583516494e-02 9.999963045120239258e-01 -1.620363946130964905e-06 2.753019100055098534e-03 9.389699101448059082e-01 1.916369228638359345e-06 1.000000000000000000e+00 -1.397452288074418902e-04 8.665455505251884460e-03 -2.753020962700247765e-03 1.397513551637530327e-04 9.999962449073791504e-01 6.534481421113014221e-03 6.124399948120117188e+01
7.190472000000000000e+07 9.999998644204627363e-01 -5.064089023500758114e-04 1.212810070596346217e-04 9.432511018590160612e-01 5.064206956893128452e-04 9.999998670423096980e-01 -9.722882685173725068e-05 1.094877239761066646e-03 -1.212317533914288921e-04 9.729023288081909240e-05 9.999999879187363439e-01 1.074449687323290881e-02 9.999963641166687012e-01 -7.424807990901172161e-04 2.584053436294198036e-03 9.484356641769409180e-01 7.407495868392288685e-04 9.999994039535522461e-01 6.834646337665617466e-04 7.644423749297857285e-03 -2.584558445960283279e-03 -6.815532688051462173e-04 9.999963641166687012e-01 1.065559498965740204e-02 6.120806503295898438e+01
7.200847000000000000e+07 9.999997590686944271e-01 -6.827900830688751971e-04 1.251409495182899065e-04 9.509463322713542777e-01 6.828023059280554979e-04 9.999997621221256017e-01 -9.765605482809562414e-05 1.308728610372697585e-03 -1.250742411644815619e-04 9.774147782828077925e-05 9.999999874015188528e-01 1.091447788696074672e-02 9.999997615814208984e-01 -5.116340471431612968e-04 -4.863148496951907873e-04 9.586549401283264160e-01 5.103762960061430931e-04 9.999964237213134766e-01 -2.625638153403997421e-03 2.736288122832775116e-03 4.876557795796543360e-04 2.625390887260437012e-03 9.999964237213134766e-01 6.286134477704763412e-03 6.104764938354492188e+01
7.211220000000000000e+07 9.999992524565711749e-01 -1.215858803750737406e-03 1.295133058231007217e-04 9.630193368357269357e-01 1.215872199686047648e-03 9.999992554808967427e-01 -1.034044209597739848e-04 1.868678233090564781e-03 -1.293874842247678264e-04 1.035618152855560055e-04 9.999999862669148865e-01 1.124782871171292088e-02 9.999981522560119629e-01 -9.867978515103459358e-04 -1.624489319510757923e-03 9.675787687301635742e-01 9.824116714298725128e-04 9.999958872795104980e-01 -2.692122478038072586e-03 8.675254066474735737e-04 1.627139281481504440e-03 2.690523164346814156e-03 9.999950528144836426e-01 6.026680115610361099e-03 6.063766479492187500e+01
7.221595000000000000e+07 9.999996784052995746e-01 -7.892746290468841000e-04 1.422493768302951576e-04 9.717537231256920816e-01 7.892865400224499802e-04 9.999996850108003876e-01 -8.369638562020549231e-05 1.677854311075484706e-03 -1.421832725924299014e-04 8.380863421748511012e-05 9.999999863800154154e-01 1.130121176897981757e-02 9.999997019767761230e-01 -6.411764770746231079e-04 -5.854680784977972507e-04 9.817691445350646973e-01 6.395582458935678005e-04 9.999962449073791504e-01 -2.679179655387997627e-03 2.807397628203034401e-03 5.871828179806470871e-04 2.678805729374289513e-03 9.999962449073791504e-01 6.958575919270515442e-03 6.099711990356445312e+01
7.231970000000000000e+07 9.999995571329085564e-01 -9.297461148487245640e-04 1.459662130654228401e-04 9.821028327891756504e-01 9.297592134777202559e-04 9.999995637511857050e-01 -8.969520689858283486e-05 1.724479042272262629e-03 -1.458827556164515535e-04 8.983088060901260239e-05 9.999999853243168868e-01 1.148903957128787068e-02 9.999995231628417969e-01 -8.998756529763340950e-04 2.388287684880197048e-04 9.924880862236022949e-01 9.002626757137477398e-04 9.999986886978149414e-01 -1.367627060972154140e-03 4.780467599630355835e-03 -2.375964686507359147e-04 1.367841614410281181e-03 9.999990463256835938e-01 5.831330548971891403e-03 6.128195190429687500e+01
7.242345000000000000e+07 9.999995330250738279e-01 -9.547082123474508967e-04 1.499395240497698354e-04 9.882130444752283971e-01 9.547220480434282560e-04 9.999995399995451617e-01 -9.223072422298330385e-05 1.729175279080390421e-03 -1.498514016474273116e-04 9.237383172343200690e-05 9.999999845058161752e-01 1.159600521400492613e-02 9.999995827674865723e-01 -9.075023699551820755e-04 2.940566046163439751e-04 1.005726933479309082e+00 9.079854353331029415e-04 9.999980330467224121e-01 -1.745824352838099003e-03 4.104173276573419571e-03 -2.924721629824489355e-04 1.746091176755726337e-03 9.999984502792358398e-01 6.654717028141021729e-03 6.124188613891601562e+01
7.252720000000000000e+07 9.999991921063772216e-01 -1.261546503443499237e-03 1.558431658252846207e-04 1.015872936346485567e+00 1.261563759198875909e-03 9.999991981035146749e-01 -1.106765030648281119e-04 1.700279057172156619e-03 -1.557034173066446266e-04 1.108730197304057794e-04 9.999999817318103723e-01 1.209992724570100459e-02 9.999995231628417969e-01 -8.793833549134433270e-04 3.071647079195827246e-04 1.015359520912170410e+00 8.795813773758709431e-04 9.999993443489074707e-01 -7.425664225593209267e-04 6.231900304555892944e-03 -3.065109485760331154e-04 7.428358076140284538e-04 9.999997615814208984e-01 8.325337432324886322e-03 6.144339370727539062e+01
7.263095000000000000e+07 9.999993754108583710e-01 -1.106108607949754085e-03 1.603173784892866142e-04 1.018722493085574943e+00 1.106125435411857514e-03 9.999993827397325452e-01 -1.049128017650477056e-04 1.646058608522930119e-03 -1.602012345805999059e-04 1.050900673647180232e-04 9.999999816458212676e-01 1.211294520184785437e-02 9.999993443489074707e-01 -7.376957219094038010e-04 -8.940850966610014439e-04 1.025061845779418945e+00 7.377425208687782288e-04 9.999997019767761230e-01 -3.047059635719051585e-06 5.466225557029247284e-03 8.940864354372024536e-04 2.387305130469030701e-06 9.999995231628417969e-01 7.247926201671361923e-03 6.110262298583984375e+01
7.273470000000000000e+07 9.999994392497492113e-01 -1.045873863795971932e-03 1.662769719148544836e-04 1.032019243937983610e+00 1.045890824932472433e-03 9.999994478590156222e-01 -1.019511140488838083e-04 1.500854195438502221e-03 -1.661702520993492795e-04 1.021249644417099387e-04 9.999999809789690275e-01 1.231326586080709780e-02 9.999990463256835938e-01 -1.031203195452690125e-03 -9.186759707517921925e-04 1.039470553398132324e+00 1.032391330227255821e-03 9.999986290931701660e-01 1.304610632359981537e-03 7.725575473159551620e-03 9.173295111395418644e-04 -1.305557321757078171e-03 9.999986886978149414e-01 7.061542011797428131e-03 6.101542282104492188e+01
7.283847000000000000e+07 9.999996998745823706e-01 -7.541567817431310246e-04 1.774776423664816164e-04 1.036069806303508756e+00 7.541730069146010710e-04 9.999997114371050877e-01 -9.137177485528310281e-05 1.418837727444185234e-03 -1.774086825116241413e-04 9.150559627508608176e-05 9.999999800764430846e-01 1.231309699368982914e-02 9.999999403953552246e-01 -4.193490894977003336e-04 1.760588929755613208e-04 1.049035787582397461e+00 4.192462365608662367e-04 9.999995827674865723e-01 7.625426515005528927e-04 5.706941708922386169e-03 -1.763780892360955477e-04 -7.624717545695602894e-04 9.999997615814208984e-01 6.737687624990940094e-03 6.125049591064453125e+01
7.294220000000000000e+07 9.999998229233849623e-01 5.584004215202171889e-04 2.057720999817376050e-04 1.060829481420523912e+00 -5.583960748506351960e-04 9.999998438725868910e-01 -2.118055228561574609e-05 9.417719712013015564e-04 -2.057838950847567388e-04 2.106564619858020617e-05 9.999999786046126493e-01 1.237458115380105951e-02 9.999989271163940430e-01 3.297431394457817078e-04 1.417996827512979507e-03 1.052239656448364258e+00 -3.293515183031558990e-04 1.000000000000000000e+00 -2.673691196832805872e-04 4.476092755794525146e-03 -1.418084837496280670e-03 2.669043024070560932e-04 9.999988675117492676e-01 2.018067054450511932e-02 6.128300857543945312e+01
7.304595000000000000e+07 9.999992694303485585e-01 1.189628853345915931e-03 2.142941242858368493e-04 1.055639878387479635e+00 -1.189632144111333906e-03 9.999992922714671106e-01 1.522949169241709552e-05 7.139604391656322741e-04 -2.142758551811725577e-04 -1.548441174279033082e-05 9.999999769230453195e-01 1.214563529120170696e-02 9.999994039535522461e-01 9.123897179961204529e-04 6.421171710826456547e-04 1.047417998313903809e+00 -9.155065054073929787e-04 9.999884963035583496e-01 4.717046860605478287e-03 2.531853690743446350e-02 -6.378079997375607491e-04 -4.717631731182336807e-03 9.999886751174926758e-01 1.105901505798101425e-02 6.109606552124023438e+01
7.314970000000000000e+07 9.999973820437851879e-01 2.277225282934032449e-03 2.239432597603548212e-04 1.059058219062898099e+00 -2.277243857466719566e-03 9.999974036552831125e-01 8.272305144853324627e-05 2.868593622444080664e-04 -2.237542993021016027e-04 -8.323280829622393094e-05 9.999999715031561154e-01 1.191078992819887862e-02 9.999964833259582520e-01 2.145984908565878868e-03 -1.533062080852687359e-03 1.057712435722351074e+00 -2.140729455277323723e-03 9.999919533729553223e-01 3.372069913893938065e-03 1.879611797630786896e-02 1.540288445539772511e-03 -3.368780948221683502e-03 9.999931454658508301e-01 1.004932913929224014e-02 6.100636672973632812e+01
7.325345000000000000e+07 9.999897286387188222e-01 4.524695035490700241e-03 2.641062943941122868e-04 1.064991588313145110e+00 -4.524717848282666481e-03 9.999897597273033067e-01 8.584381375740476091e-05 -1.672082502143929818e-03 -2.637151728002207793e-04 -8.703793847486970229e-05 9.999999614393521030e-01 1.148353869945297270e-02 9.999877214431762695e-01 3.925189375877380371e-03 -3.038740018382668495e-03 1.062481760978698730e+00 -3.918527625501155853e-03 9.999899864196777344e-01 2.190851140767335892e-03 1.670385897159576416e-02 3.047309117391705513e-03 -2.178916474804282188e-03 9.999929666519165039e-01 8.680128492414951324e-03 6.099555206298828125e+01
7.335722000000000000e+07 9.999716500780406747e-01 7.521755671442528941e-03 3.496158903635188673e-04 1.080602739972184922e+00 -7.521779996606195277e-03 9.999717086789604581e-01 6.831409175789298792e-05 -4.429128787305969608e-03 -3.490921573559337956e-04 -7.094188889479759565e-05 9.999999365509544269e-01 1.114652381149205430e-02 9.999726414680480957e-01 7.232058793306350708e-03 -1.515456242486834526e-03 1.075300335884094238e+00 -7.224349770694971085e-03 9.999611377716064453e-01 5.036654416471719742e-03 1.636418141424655914e-02 1.551825786009430885e-03 -5.025568883866071701e-03 9.999861717224121094e-01 1.015123445540666580e-02 6.127254486083984375e+01
7.346107000000000000e+07 9.999503714418045419e-01 9.957124214912954976e-03 3.321637124790485351e-04 1.071271840600458658e+00 -9.957144206070250511e-03 9.999504246956376630e-01 5.858529934392979347e-05 -6.545779843407702886e-03 -3.315639042710497465e-04 -6.188979375971488802e-05 9.999999431175149445e-01 1.102056320082376792e-02 9.999489188194274902e-01 9.951569139957427979e-03 -1.777498284354805946e-03 1.075612902641296387e+00 -9.939755313098430634e-03 9.999291896820068359e-01 6.537277251482009888e-03 1.868696324527263641e-02 1.842423342168331146e-03 -6.519276648759841919e-03 9.999770522117614746e-01 1.269710808992385864e-02 6.083465576171875000e+01
7.356495000000000000e+07 9.999274487323833727e-01 1.204210666051040365e-02 2.914517954759067420e-04 1.075894941612614009e+00 -1.204212553634178076e-02 9.999274889894667062e-01 6.309682359190843786e-05 -8.128498539699217235e-03 -2.906708433612613406e-04 -6.660194481523256955e-05 9.999999555373215721e-01 1.116818849815951788e-02 9.999135732650756836e-01 1.302859839051961899e-02 -1.776845310814678669e-03 1.081355929374694824e+00 -1.301968470215797424e-02 9.999032616615295410e-01 4.908990114927291870e-03 1.296619139611721039e-02 1.840634737163782120e-03 -4.885432776063680649e-03 9.999862909317016602e-01 6.028995383530855179e-03 6.096697616577148438e+01
7.366882000000000000e+07 9.998895491271405644e-01 1.486046364097919764e-02 2.370105751794255005e-04 1.071528837008877355e+00 -1.486047716025892806e-02 9.998895754825677384e-01 5.538205661587336574e-05 -1.037570045651931526e-02 -2.361614003904482855e-04 -5.889802974215933509e-05 9.999999703794080208e-01 1.140292634667828577e-02 9.998862147331237793e-01 1.508578285574913025e-02 2.676034928299486637e-04 1.081588387489318848e+00 -1.508675049990415573e-02 9.998789429664611816e-01 3.794037969782948494e-03 1.509124320000410080e-02 -2.103367587551474571e-04 -3.797649173066020012e-03 9.999928474426269531e-01 -2.502137096598744392e-03 6.110617446899414062e+01
7.377270000000000000e+07 9.998707566906084310e-01 1.607565000501550920e-02 2.083146737392062417e-04 1.076895203869920659e+00 -1.607566228218174423e-02 9.998707765461730679e-01 5.739580567458897619e-05 -1.127548038397451977e-02 -2.073650797253262393e-04 -6.073718395362282657e-05 9.999999766553591130e-01 1.158260231179952804e-02 9.998620152473449707e-01 1.641302742063999176e-02 2.570465672761201859e-03 1.080552101135253906e+00 -1.641840301454067230e-02 9.998630285263061523e-01 2.072987845167517662e-03 1.362867467105388641e-02 -2.536091953516006470e-03 -2.114904578775167465e-03 9.999945759773254395e-01 -2.585374284535646439e-03 6.117673492431640625e+01
7.387670000000000000e+07 9.998662345695804587e-01 1.635490163386792845e-02 1.736748184976794822e-04 1.101895784052753458e+00 -1.635492009020225040e-02 9.998662437972977157e-01 1.053863043820329489e-04 -1.109914388241537569e-02 -1.719280057896663380e-04 -1.082126450868514358e-04 9.999999793653920888e-01 1.189238656148177732e-02 9.998461604118347168e-01 1.708519645035266876e-02 3.956298809498548508e-03 1.094140291213989258e+00 -1.709516905248165131e-02 9.998508095741271973e-01 2.501291455700993538e-03 8.413454517722129822e-03 -3.912973683327436447e-03 -2.568535739555954933e-03 9.999889731407165527e-01 2.472892636433243752e-03 6.108230209350585938e+01
7.398060000000000000e+07 9.998335732514526120e-01 1.824320037906185243e-02 1.069722005949964698e-04 1.103889701867837303e+00 -1.824321482371032976e-02 9.998335695087003927e-01 1.356476202803150915e-04 -1.229363273749475155e-02 -1.044797504705090470e-04 -1.375765617009993376e-04 9.999999850783357624e-01 1.215705873783741800e-02 9.998383522033691406e-01 1.789444126188755035e-02 1.764222979545593262e-03 1.092294335365295410e+00 -1.789959892630577087e-02 9.998354315757751465e-01 2.948483685031533241e-03 8.647705428302288055e-03 -1.711175427772104740e-03 -2.979581709951162338e-03 9.999941587448120117e-01 4.231725353747606277e-03 6.129286575317382812e+01
7.408445000000000000e+07 9.998250097014268478e-01 1.870656062545973664e-02 1.206872067334718992e-04 1.078710617199875488e+00 -1.870657455406997405e-02 9.998250100727776868e-01 1.153330709865643119e-04 -1.293420789823743200e-02 -1.185086026052495925e-04 -1.175705330466384190e-04 9.999999860664403606e-01 1.195662844632882499e-02 9.998266696929931641e-01 1.847971603274345398e-02 -2.235976047813892365e-03 1.087119340896606445e+00 -1.847908832132816315e-02 9.998292326927185059e-01 2.888126473408192396e-04 5.215356592088937759e-03 2.240939531475305557e-03 -2.474515931680798531e-04 9.999974370002746582e-01 5.819994024932384491e-03 6.099689483642578125e+01
7.418845000000000000e+07 9.998045586145299923e-01 1.976958186180262367e-02 9.067276813370605767e-05 1.085361390385010782e+00 -1.976959691904869865e-02 9.998045482656303662e-01 1.682853360868686546e-04 -1.338029303890845602e-02 -8.732811538380999767e-05 -1.700450101779264701e-04 9.999999817292478665e-01 1.217830499186784397e-02 9.998061060905456543e-01 1.940672099590301514e-02 -3.359901020303368568e-03 1.093116521835327148e+00 -1.939857751131057739e-02 9.998087882995605469e-01 2.444016980007290840e-03 5.230423994362354279e-03 3.406688105314970016e-03 -2.378370612859725952e-03 9.999913573265075684e-01 4.168019164353609085e-03 6.109299087524414062e+01
7.429233000000000000e+07 9.997811859561460679e-01 2.091833248795809189e-02 5.972697386710213124e-05 1.083136491736645945e+00 -2.091834328511034749e-02 9.997811701628029901e-01 1.862669276834034114e-04 -1.405320600007569504e-02 -5.581751023818666037e-05 -1.874755592250511576e-04 9.999999808686595992e-01 1.238320833104733162e-02 9.997850060462951660e-01 2.067950926721096039e-02 -1.462519401684403419e-03 1.092044353485107422e+00 -2.067819051444530487e-02 9.997857809066772461e-01 9.204783709719777107e-04 7.178612053394317627e-03 1.481235958635807037e-03 -8.900342509150505066e-04 9.999984502792358398e-01 1.161926332861185074e-02 6.112681579589843750e+01
7.439620000000000000e+07 9.997579899008574023e-01 2.199900385460907756e-02 7.399911950360644032e-05 1.094995078105063024e+00 -2.199902572289029815e-02 9.997579444149458094e-01 3.089717086698070343e-04 -1.432355581622937052e-02 -6.718413803376231653e-05 -3.105248428746232975e-04 9.999999495303072417e-01 1.227279282051995171e-02 9.997568130493164062e-01 2.184994518756866455e-02 2.981867175549268723e-03 1.110858678817749023e+00 -2.185613848268985748e-02 9.997590780258178711e-01 2.049253322184085846e-03 1.604338176548480988e-02 -2.936369739472866058e-03 -2.113916212692856789e-03 9.999934434890747070e-01 2.779796533286571503e-02 6.114275360107421875e+01
7.450011000000000000e+07 9.997350853428772499e-01 2.301646500629557501e-02 3.798012962394194336e-05 1.121874347605604338e+00 -2.301647853694861051e-02 9.997350033813851011e-01 4.058314637426172215e-04 -1.447589235454429732e-02 -2.862925879439017713e-05 -4.065981219221388742e-04 9.999999169291581280e-01 1.259227866424564822e-02 9.997246861457824707e-01 2.334508299827575684e-02 2.400825032964348793e-03 1.111221313476562500e+00 -2.334408462047576904e-02 9.997273683547973633e-01 -4.312255477998405695e-04 4.543136339634656906e-03 -2.410235116258263588e-03 3.750510222744196653e-04 9.999970793724060059e-01 2.402416057884693146e-02 6.107123184204101562e+01
7.460382000000000000e+07 9.996688913209985650e-01 2.573123270842604671e-02 1.068271965417301960e-04 1.085353089079107436e+00 -2.573128050894223084e-02 9.996687837990875236e-01 4.732068582181846650e-04 -1.662803042141331594e-02 -9.461561829253282855e-05 -4.757989757878975734e-04 9.999998823316069707e-01 1.174943221652478310e-02 9.996891021728515625e-01 2.482288517057895660e-02 -2.339709782972931862e-03 1.091514468193054199e+00 -2.482144907116889954e-02 9.996917247772216797e-01 6.139167235232889652e-04 8.599707856774330139e-03 2.354227239266037941e-03 -5.556420655921101570e-04 9.999970197677612305e-01 2.630332484841346741e-02 6.125366210937500000e+01
7.470783000000000000e+07 9.996366403946659318e-01 2.695482173905794018e-02 1.573860766022022566e-04 1.103676836517977433e+00 -2.695492140117273019e-02 9.996364257197151160e-01 6.697697126954437483e-04 -1.682827738017487335e-02 -1.392753319827675675e-04 -6.737686747344829577e-04 9.999997633190510493e-01 1.139161132052829949e-02 9.996336698532104492e-01 2.628869190812110901e-02 -6.429291795939207077e-03 1.106921315193176270e+00 -2.626181580126285553e-02 9.996461272239685059e-01 4.233084153383970261e-03 6.385423708707094193e-03 6.538305431604385376e-03 -4.062685649842023849e-03 9.999703764915466309e-01 2.141801454126834869e-02 6.113513565063476562e+01
7.481170000000000000e+07 9.996210291818690141e-01 2.752798822864947759e-02 8.879275739418344862e-05 1.068416432320078435e+00 -2.752802584070775105e-02 9.996209287310365843e-01 4.545755200361615168e-04 -1.823028632249316244e-02 -7.624554909089795271e-05 -4.568475384913838876e-04 9.999998927384660119e-01 1.162749556819286413e-02 9.996203780174255371e-01 2.717415429651737213e-02 -4.544187337160110474e-03 1.090090990066528320e+00 -2.717232145369052887e-02 9.996306896209716797e-01 4.616473161149770021e-04 5.507253110408782959e-03 4.555055871605873108e-03 -3.379986155778169632e-04 9.999896287918090820e-01 2.024308778345584869e-02 6.070566558837890625e+01
7.491545000000000000e+07 9.995538709537811206e-01 2.986665125225767409e-02 2.055461858801298919e-04 1.109378902359291041e+00 -2.986682025793162970e-02 9.995535038816437678e-01 8.751974592462816041e-04 -1.844094036869227404e-02 -1.793151943351815056e-04 -8.809460189373421101e-04 9.999995958900250725e-01 1.084677413793968571e-02 9.995601773262023926e-01 2.950516343116760254e-02 -2.995160641148686409e-03 1.108464956283569336e+00 -2.947749197483062744e-02 9.995256066322326660e-01 8.923133835196495056e-03 2.008985960856080055e-03 3.257010830566287041e-03 -8.830932900309562683e-03 9.999557137489318848e-01 1.269080862402915955e-02 6.203580856323242188e+01
7.501933000000000000e+07 9.995014446757279902e-01 3.157226682728651868e-02 2.325919748772418494e-04 1.113868551107837002e+00 -3.157248464341819161e-02 9.995009632520336362e-01 1.001355204034274065e-03 -1.938968149564505514e-02 -2.008608505329043852e-04 -1.008199479342762085e-03 9.999994715942461809e-01 1.051715810614742286e-02 9.995044469833374023e-01 3.128873184323310852e-02 -3.454473102465271950e-03 1.109401822090148926e+00 -3.129859641194343567e-02 9.995060563087463379e-01 -2.847595140337944031e-03 -1.034329552203416824e-02 3.363670781254768372e-03 2.954319352284073830e-03 9.999899268150329590e-01 6.815134081989526749e-03 6.153558349609375000e+01
7.512333000000000000e+07 9.995679563968022929e-01 2.939151663361356040e-02 1.982879581058817218e-04 1.108905562500596353e+00 -2.939167418605067791e-02 9.995676143289826676e-01 8.449240462276878458e-04 -1.815555414984775309e-02 -1.733686227505709979e-04 -8.503870171099380069e-04 9.999996233925602107e-01 1.093913317841542672e-02 9.995290637016296387e-01 3.067930787801742554e-02 -6.775148212909698486e-04 1.086506247520446777e+00 -3.067413531243801117e-02 9.995076060295104980e-01 6.598724983632564545e-03 -4.525661002844572067e-03 8.796322508715093136e-04 -6.574842613190412521e-03 9.999780058860778809e-01 1.199685316532850266e-02 6.107836914062500000e+01
7.522710000000000000e+07 9.995364890544213843e-01 3.044260189014905832e-02 2.346721800574628417e-04 1.121195086067185098e+00 -3.044282013753672050e-02 9.995360191462858701e-01 9.905369328512701656e-04 -1.845693062721412078e-02 -2.044087762031120104e-04 -9.972218908780884888e-04 9.999994818826599685e-01 1.064601020016410146e-02 9.995566606521606445e-01 2.964786626398563385e-02 -2.725052181631326675e-03 1.112752676010131836e+00 -2.965173497796058655e-02 9.995594024658203125e-01 -1.337147899903357029e-03 -9.519321843981742859e-03 2.684202510863542557e-03 1.417365972883999348e-03 9.999953508377075195e-01 1.765884086489677429e-02 6.081299209594726562e+01
7.533095000000000000e+07 9.995955806074573458e-01 2.843696472694686242e-02 1.196657420193108639e-04 1.078086129983290453e+00 -2.843702926279127394e-02 9.995954191407657730e-01 5.774532503916905788e-04 -1.848091983035909242e-02 -1.031963109114396527e-04 -5.806226550998765112e-04 9.999998261139231293e-01 1.137539860973391104e-02 9.995782375335693359e-01 2.843306958675384521e-02 -5.907701328396797180e-03 1.091783285140991211e+00 -2.844343334436416626e-02 9.995940327644348145e-01 -1.682563568465411663e-03 -1.352349203079938889e-02 5.857456475496292114e-03 1.849881722591817379e-03 9.999812245368957520e-01 1.815707050263881683e-02 6.081254577636718750e+01
7.543482000000000000e+07 9.996337319397670118e-01 2.706231943508649249e-02 1.813267370573437521e-04 1.115059140416839067e+00 -2.706244879876809964e-02 9.996334607968454522e-01 7.536343853130635616e-04 -1.657814392483792851e-02 -1.608651804677351015e-04 -7.582654983652793203e-04 9.999996995778869247e-01 1.125520739713223133e-02 9.996402859687805176e-01 2.661588788032531738e-02 -3.293932881206274033e-03 1.112888097763061523e+00 -2.662472426891326904e-02 9.996418952941894531e-01 -2.685431623831391335e-03 -1.089016534388065338e-02 3.221296705305576324e-03 2.772166626527905464e-03 9.999909400939941406e-01 1.498621329665184021e-02 6.092659378051757812e+01
7.553857000000000000e+07 9.996963209850210363e-01 2.464244591437919629e-02 1.252771357020779656e-04 1.102919136216037543e+00 -2.464250882419799504e-02 9.996961877310495126e-01 5.282242486603858913e-04 -1.555376216379670412e-02 -1.122223380515941340e-04 -5.311509808376332084e-04 9.999998526423866663e-01 1.175988461391349466e-02 9.997010827064514160e-01 2.444184571504592896e-02 -5.657632136717438698e-04 1.115530848503112793e+00 -2.444280683994293213e-02 9.996996521949768066e-01 -1.768584479577839375e-03 -1.040989346802234650e-02 5.223617772571742535e-04 1.781880506314337254e-03 9.999982714653015137e-01 1.741865091025829315e-02 6.073619079589843750e+01
7.564220000000000000e+07 9.997370855168205006e-01 2.292929330442455491e-02 8.578872633886193942e-05 1.107310124212315339e+00 -2.292932692888477800e-02 9.997370027174020679e-01 4.139722559611250436e-04 -1.459296803996694598e-02 -7.627407301958569370e-05 -4.158304943812926396e-04 9.999999106336303623e-01 1.218293021805655699e-02 9.997382760047912598e-01 2.287607081234455109e-02 -1.266782055608928204e-04 1.110413789749145508e+00 -2.287614345550537109e-02 9.997380971908569336e-01 -5.826172418892383575e-04 -1.324386149644851685e-02 1.133115583797916770e-04 5.853688926436007023e-04 9.999997615814208984e-01 1.893709599971771240e-02 6.195414352416992188e+01
7.574595000000000000e+07 9.997517844017032029e-01 2.227934685100354043e-02 1.761645430182777729e-05 1.117996250382003565e+00 -2.227935145003976866e-02 9.997517300968928877e-01 3.296787466284047965e-04 -1.418185933063806532e-02 -1.026705382935840552e-05 -3.299893983847198404e-04 9.999999455007930749e-01 1.277537482736412072e-02 9.997492432594299316e-01 2.235749736428260803e-02 -1.252124202437698841e-03 1.129616022109985352e+00 -2.235502377152442932e-02 9.997481703758239746e-01 1.955515006557106972e-03 -9.428345598280429840e-03 1.295532099902629852e-03 -1.927036559209227562e-03 9.999973177909851074e-01 1.725038141012191772e-02 6.069126510620117188e+01
7.584958000000000000e+07 9.997525235402499044e-01 2.224614462700711531e-02 2.718156112415978762e-05 1.114783649238177299e+00 -2.224615234516282708e-02 9.997524700439194278e-01 3.276608339129850151e-04 -1.419076421091412625e-02 -1.988564279039648874e-05 -3.281844307040051494e-04 9.999999459497704857e-01 1.269120960934736614e-02 9.997466206550598145e-01 2.234642952680587769e-02 -2.705960068851709366e-03 1.126658916473388672e+00 -2.234378084540367126e-02 9.997498989105224609e-01 1.005225349217653275e-03 -7.068145554512739182e-03 2.727750688791275024e-03 -9.445045725442469120e-04 9.999958872795104980e-01 1.637008786201477051e-02 6.055881500244140625e+01
7.595332000000000000e+07 9.997741633361000302e-01 2.125140728104110005e-02 6.071421794573011942e-06 1.133068873105679497e+00 -2.125140814820135338e-02 9.997741235173542851e-01 2.821693006988591247e-04 -1.347351468723353290e-02 -7.355597306335031710e-08 -2.822346027846507751e-04 9.999999601718130293e-01 1.295277182962170648e-02 9.997738599777221680e-01 2.124840207397937775e-02 -8.265001815743744373e-04 1.119756340980529785e+00 -2.124868147075176239e-02 9.997741580009460449e-01 -3.247915592510253191e-04 -9.101606905460357666e-03 8.194142137654125690e-04 3.422785957809537649e-04 9.999995827674865723e-01 1.319293119013309479e-02 6.081974411010742188e+01
7.605695000000000000e+07 9.998334410098856928e-01 1.825062697671204701e-02 6.972102369463472010e-05 1.137201445675046996e+00 -1.825064034045588077e-02 9.998334239652073574e-01 1.961043259948365175e-04 -1.180211149673392537e-02 -6.613038302406464627e-05 -1.973441163551815523e-04 9.999999783410363774e-01 1.253555283553223730e-02 9.998250007629394531e-01 1.829748786985874176e-02 3.908157814294099808e-03 1.136306166648864746e+00 -1.828652247786521912e-02 9.998287558555603027e-01 -2.822585403919219971e-03 -8.657054044306278229e-03 -3.959149122238159180e-03 2.750620013102889061e-03 9.999883174896240234e-01 1.288025081157684326e-02 6.041715240478515625e+01
7.616058000000000000e+07 9.999153948814555326e-01 1.300590073050476858e-02 2.227625603770164837e-04 1.134140257609865587e+00 -1.300592853277794669e-02 9.999154116676423065e-01 1.238161434902058911e-04 -8.164342934701840013e-03 -2.211333767723049092e-04 -1.267029019864541355e-04 9.999999675232011942e-01 1.211544592829090841e-02 9.999051094055175781e-01 1.366959605365991592e-02 1.718540093861520290e-03 1.133039474487304688e+00 -1.366146001964807510e-02 9.998958706855773926e-01 -4.661212209612131119e-03 -8.575668558478355408e-03 -1.782074919901788235e-03 4.637292120605707169e-03 9.999877214431762695e-01 1.507670339196920395e-02 6.045699310302734375e+01
7.626420000000000000e+07 9.999561176131798179e-01 9.363559054813605509e-03 2.942969551106706092e-04 1.127359284422447150e+00 -9.363593241690150448e-03 9.999561539872638960e-01 1.150021609779410952e-04 -5.289729623579969738e-03 -2.932072218479839123e-04 -1.177527913605256731e-04 9.999999500819019005e-01 1.188124405845426314e-02 9.999539256095886230e-01 9.350724518299102783e-03 -2.159171504899859428e-03 1.141354084014892578e+00 -9.365418925881385803e-03 9.999323487281799316e-01 -6.897748447954654694e-03 -6.189943756908178329e-03 2.094537718221545219e-03 6.917654536664485931e-03 9.999738931655883789e-01 5.905518308281898499e-03 6.035760116577148438e+01
7.636770000000000000e+07 9.999799877192692144e-01 6.318197820679721452e-03 3.233256665782573386e-04 1.126383332889396405e+00 -6.318234487032546934e-03 9.999800334292006099e-01 1.125082863841472868e-04 -2.757792568070651512e-03 -3.226083613033505176e-04 -1.145488821007809434e-04 9.999999414012009646e-01 1.185326976732750150e-02 9.999737143516540527e-01 6.275237537920475006e-03 -3.618510905653238297e-03 1.141603112220764160e+00 -6.286425516009330750e-03 9.999754428863525391e-01 -3.090925049036741257e-03 4.044149536639451981e-03 3.599020186811685562e-03 3.113589016720652580e-03 9.999886751174926758e-01 5.116294603794813156e-03 6.096096038818359375e+01
7.647133000000000000e+07 9.999891341742387363e-01 4.653075185626649041e-03 2.835931627501264251e-04 1.148400509843944484e+00 -4.653116465611999153e-03 9.999891636716389254e-01 1.450750200571905167e-04 -1.233630198832438678e-03 -2.829150446752455562e-04 -1.463930356937027737e-04 9.999999492640777587e-01 1.247430537602006728e-02 9.999902248382568359e-01 4.396741744130849838e-03 -4.655175725929439068e-04 1.146265983581542969e+00 -4.396205767989158630e-03 9.999896883964538574e-01 1.147296512499451637e-03 1.242874562740325928e-02 4.705541359726339579e-04 -1.145240967161953449e-03 9.999991655349731445e-01 7.845353335142135620e-03 6.081200027465820312e+01
7.657495000000000000e+07 9.999941099859868121e-01 3.423405783221682847e-03 2.455331637105649971e-04 1.138377787849817802e+00 -3.423443542099713181e-03 9.999941282146495025e-01 1.535281511282290696e-04 -2.710059459424211253e-04 -2.450061328480439586e-04 -1.543678157434964955e-04 9.999999580712866099e-01 1.261692849258107957e-02 9.999939203262329102e-01 3.486532252281904221e-03 9.913623944157734513e-05 1.146729111671447754e+00 -3.486679866909980774e-03 9.999927878379821777e-01 1.494743744842708111e-03 1.433284953236579895e-02 -9.392419451614841819e-05 -1.495074131526052952e-03 9.999989271163940430e-01 1.005621906369924545e-02 6.091148757934570312e+01
7.667858000000000000e+07 9.999949952818040222e-01 3.154423549843280664e-03 2.429474374127789610e-04 1.145925600874354799e+00 -3.154459432487729306e-03 9.999950138088202767e-01 1.474558585602038919e-04 -1.061571154557482133e-04 -2.424810877996705133e-04 -1.482214884173394258e-04 9.999999596166555538e-01 1.277742924667635976e-02 9.999924898147583008e-01 3.286312334239482880e-03 -2.064127475023269653e-03 1.151415348052978516e+00 -3.285249229520559311e-03 9.999945163726806641e-01 5.224075284786522388e-04 1.234524045139551163e-02 2.065836684778332710e-03 -5.156233673915266991e-04 9.999977350234985352e-01 7.720260415226221085e-03 6.141379165649414062e+01
7.678220000000000000e+07 9.999932339255929170e-01 3.669850541817022780e-03 2.535758902831048030e-04 1.160723776535983687e+00 -3.669890856674817761e-03 9.999932533347527519e-01 1.587034096113798369e-04 -4.568347552974106988e-04 -2.529917617277981242e-04 -1.596329316056420953e-04 9.999999552562490734e-01 1.283129369062566659e-02 9.999881386756896973e-01 3.548109205439686775e-03 -3.353790612891316414e-03 1.157486081123352051e+00 -3.551538102328777313e-03 9.999931454658508301e-01 -1.019377843476831913e-03 9.351195767521858215e-03 3.350142156705260277e-03 1.031271414831280708e-03 9.999938607215881348e-01 7.080146111547946930e-03 6.117100906372070312e+01
7.688586000000000000e+07 9.999941138384733641e-01 3.422009039316223616e-03 2.492833301671456767e-04 1.162694053688734241e+00 -3.422048766027792430e-03 9.999941321154338647e-01 1.591118529946069430e-04 -2.535406490973975916e-04 -2.487373851853226167e-04 -1.599639761751626217e-04 9.999999562706174405e-01 1.290526505074908806e-02 9.999903440475463867e-01 3.433994250372052193e-03 -2.734919078648090363e-03 1.169399738311767578e+00 -3.439750289544463158e-03 9.999919533729553223e-01 -2.100373851135373116e-03 7.529404945671558380e-03 2.727698534727096558e-03 2.109766937792301178e-03 9.999940991401672363e-01 2.951791277155280113e-03 6.121449661254882812e+01
7.698956000000000000e+07 9.999954523339698031e-01 3.005818314874893031e-03 2.456985239615419917e-04 1.174918494050641637e+00 -3.005853606871623437e-03 9.999954721305679417e-01 1.433965950783855825e-04 -4.499611123988346215e-05 -2.452663873649891580e-04 -1.441344767426654724e-04 9.999999595348256776e-01 1.314713560533417765e-02 9.999951720237731934e-01 3.062404226511716843e-03 5.097048124298453331e-04 1.180704832077026367e+00 -3.061947645619511604e-03 9.999948740005493164e-01 -8.829425787553191185e-04 8.514421060681343079e-03 -5.124152521602809429e-04 8.813802269287407398e-04 9.999994039535522461e-01 2.903027227148413658e-03 6.122332763671875000e+01
7.709325000000000000e+07 9.999959933733412187e-01 2.820504404337817721e-03 2.408163225398693040e-04 1.201117876146824415e+00 -2.820538524400876493e-03 9.999960122675182195e-01 1.414631545562005039e-04 -5.340369779579861795e-05 -2.404163647948739111e-04 -1.421418194530939022e-04 9.999999609978381665e-01 1.348516139732731933e-02 9.999871253967285156e-01 2.763603581115603447e-03 4.255588632076978683e-03 1.193757772445678711e+00 -2.767201978713274002e-03 9.999958276748657227e-01 8.398473146371543407e-04 1.174074504524469376e-02 -4.253251478075981140e-03 -8.516214438714087009e-04 9.999906420707702637e-01 3.228135639801621437e-03 6.148182296752929688e+01
7.719695000000000000e+07 9.999969201708266420e-01 2.471143197378624159e-03 2.304346479500107945e-04 1.216288479255409838e+00 -2.471174191562673303e-03 9.999969376240172014e-01 1.343155613589397781e-04 -8.484858042607937648e-05 -2.301020292849700790e-04 -1.348845918478137505e-04 9.999999644296007073e-01 1.371888061416548336e-02 9.999937415122985840e-01 2.070994116365909576e-03 2.889500232413411140e-03 1.200266599655151367e+00 -2.072437666356563568e-03 9.999976754188537598e-01 4.985259147360920906e-04 1.171236019581556320e-02 -2.888457849621772766e-03 -5.045082652941346169e-04 9.999957084655761719e-01 4.808374680578708649e-03 6.112188720703125000e+01
7.730058000000000000e+07 9.999982562331968250e-01 1.855015423397389854e-03 2.155191031411907187e-04 1.203530170391390541e+00 -1.855037122619264053e-03 9.999982743643488492e-01 1.005272897867736330e-04 9.879788410861517142e-05 -2.153322515681817229e-04 -1.009269104116165670e-04 9.999999717228907903e-01 1.370987994117219520e-02 9.999989271163940430e-01 1.369618694297969341e-03 -4.731710941996425390e-04 1.205146789550781250e+00 -1.368431025184690952e-03 9.999959468841552734e-01 2.496198518201708794e-03 1.638699136674404144e-02 4.765875637531280518e-04 -2.495547290891408920e-03 9.999967217445373535e-01 6.431882269680500031e-03 6.178051376342773438e+01
7.740420000000000000e+07 9.999999834130302023e-01 4.301645262347938287e-05 1.769845317991349323e-04 1.201078136167290422e+00 -4.302009452186120880e-05 9.999999988629963976e-01 2.057374004529387252e-05 3.524837274792842843e-04 -1.769836465885963814e-04 -2.058135359526082380e-05 9.999999841265984069e-01 1.415405740178027859e-02 9.999898076057434082e-01 5.714967264793813229e-04 -4.464357625693082809e-03 1.206201791763305664e+00 -5.675094434991478920e-04 9.999995231628417969e-01 8.964545559138059616e-04 1.469789166003465652e-02 4.464870784431695938e-03 -8.939171093516051769e-04 9.999896287918090820e-01 5.977648776024580002e-03 6.107622528076171875e+01
7.750783000000000000e+07 9.999999153009000441e-01 -3.765680740114408327e-04 1.661164820450587156e-04 1.213410247558938559e+00 3.765671717475992846e-04 9.999999290836621979e-01 5.462756858553054512e-06 3.578480332583949732e-04 -1.661185273644285318e-04 -5.400202384687711716e-06 9.999999861877367779e-01 1.441329922843428459e-02 9.999953508377075195e-01 -2.843121183104813099e-05 -3.045864636078476906e-03 1.220838785171508789e+00 2.731807398959062994e-05 9.999998807907104492e-01 -3.654196625575423241e-04 1.269061770290136337e-02 3.045876976102590561e-03 3.653441963251680136e-04 9.999952912330627441e-01 6.118754856288433075e-03 6.123228836059570312e+01
7.761158000000000000e+07 9.999999477052046171e-01 -2.765092220033959504e-04 1.677266854819943140e-04 1.210675474151652553e+00 2.765073870432122592e-04 9.999999617117361073e-01 1.096327078529099979e-05 3.446840930456600933e-04 -1.677297105054269602e-04 -1.091689254564301065e-05 9.999999858737831371e-01 1.435451792095298294e-02 1.000000000000000000e+00 -3.375578671693801880e-04 9.352992492495104671e-05 1.228588700294494629e+00 3.377402899786829948e-04 9.999981522560119629e-01 -1.922448514960706234e-03 1.120001636445522308e-02 -9.288227010983973742e-05 1.922480296343564987e-03 9.999981522560119629e-01 6.255216896533966064e-03 6.162009429931640625e+01
7.771520000000000000e+07 9.999999372888366267e-01 -3.153291877097174419e-04 1.612136167251993954e-04 1.243331075193562896e+00 3.153252651245609032e-04 9.999999499883708287e-01 2.435643866668512486e-05 2.184309226479677732e-04 -1.612212889584223687e-04 -2.430560241443047859e-05 9.999999867084671257e-01 1.472796105962987691e-02 9.999998211860656738e-01 -9.775062062544748187e-05 4.890693817287683487e-04 1.240680575370788574e+00 9.724291157908737659e-05 9.999994039535522461e-01 1.034492277540266514e-03 1.363063231110572815e-02 -4.891626304015517235e-04 -1.034448971040546894e-03 9.999994039535522461e-01 7.606834638863801956e-03 6.185078430175781250e+01
7.781895000000000000e+07 9.999999840783118099e-01 -6.399970793723068279e-05 1.665755497337254162e-04 1.245275656300486089e+00 6.399346689135827976e-05 9.999999972503494927e-01 3.747181889210989789e-05 1.436562857277042817e-04 -1.665779474611458902e-04 -3.746115854865709230e-05 9.999999854242245245e-01 1.470676341667044064e-02 9.999996423721313477e-01 1.711433433229103684e-04 -8.566162432543933392e-04 1.247153878211975098e+00 -1.691758661763742566e-04 9.999974370002746582e-01 2.303453395143151283e-03 1.586120016872882843e-02 8.570066420361399651e-04 -2.303302986547350883e-03 9.999969601631164551e-01 8.041001856327056885e-03 6.142019271850585938e+01
7.792271000000000000e+07 9.999999430777769538e-01 2.903119261424627075e-04 1.719401981596411317e-04 1.259056806607637968e+00 -2.903219479088101616e-04 9.999999561592216590e-01 5.826425977473513276e-05 2.238973263268815065e-05 -1.719232758126645237e-04 -5.831417446999444574e-05 9.999999835209224530e-01 1.476913377065358982e-02 9.999997615814208984e-01 5.005238926969468594e-04 -5.545060266740620136e-04 1.250877857208251953e+00 -4.990641609765589237e-04 9.999963641166687012e-01 2.625594614073634148e-03 1.746554486453533173e-02 5.558105185627937317e-04 -2.625319873914122581e-03 9.999963045120239258e-01 5.688308738172054291e-03 6.157942581176757812e+01
7.802633000000000000e+07 9.999972490912604206e-01 2.335319612886792295e-03 2.192995038857418089e-04 1.258124398512651565e+00 -2.335352050144021488e-03 9.999972621431547637e-01 1.477736492960640951e-04 -3.209105124353517358e-04 -2.189538047770909991e-04 -1.482853843251052224e-04 9.999999650353378344e-01 1.423390381461681758e-02 9.999970793724060059e-01 2.086663153022527695e-03 1.188672729767858982e-03 1.262264609336853027e+00 -2.087324624881148338e-03 9.999976754188537598e-01 5.583424936048686504e-04 1.321775838732719421e-02 -1.187512301839888096e-03 -5.608294741250574589e-04 9.999991655349731445e-01 5.546689499169588089e-03 6.149235153198242188e+01
7.813008000000000000e+07 9.999967243070356782e-01 2.550099779359215300e-03 2.199239548805727665e-04 1.273764380785318506e+00 -2.550136268258939090e-03 9.999967346532204759e-01 1.657954801050884374e-04 -4.561265941718159727e-04 -2.195004417503597577e-04 -1.663557730437567497e-04 9.999999620726570670e-01 1.435317866246702163e-02 9.999947547912597656e-01 2.795966574922204018e-03 1.584476907737553120e-03 1.273052215576171875e+00 -2.799014095216989517e-03 9.999942779541015625e-01 1.921088201925158501e-03 1.472158171236515045e-02 -1.579082338139414787e-03 -1.925506978295743465e-03 9.999969005584716797e-01 8.038362488150596619e-03 6.169535827636718750e+01
7.823383000000000000e+07 9.999975330774604210e-01 2.210843119372137705e-03 2.145039096233797413e-04 1.273394604558810927e+00 -2.210875457642539482e-03 9.999975446659604694e-01 1.506386146941348975e-04 -4.035767072745651950e-04 -2.141703446155179705e-04 -1.511124844873955547e-04 9.999999656480412780e-01 1.444473625415874408e-02 9.999959468841552734e-01 2.101808553561568260e-03 -1.919382484629750252e-03 1.273397922515869141e+00 -2.106085885316133499e-03 9.999952316284179688e-01 -2.230438170954585075e-03 8.346259593963623047e-03 1.914676860906183720e-03 2.234477549791336060e-03 9.999956488609313965e-01 6.049679126590490341e-03 6.124057769775390625e+01
7.833745000000000000e+07 9.999976796357117337e-01 2.143811213326462638e-03 2.116526147795283637e-04 1.280000715509493681e+00 -2.143843348883736014e-03 9.999976904555254453e-01 1.517216698616541350e-04 -4.256841835291899591e-04 -2.113268633521490382e-04 -1.521750678474050207e-04 9.999999660918533761e-01 1.453936478878734874e-02 9.999971985816955566e-01 2.371574984863400459e-03 -2.653409319464117289e-04 1.285454988479614258e+00 -2.371665555983781815e-03 9.999970793724060059e-01 -4.941723309457302094e-04 9.313085116446018219e-03 2.641688915900886059e-04 4.947913694195449352e-04 9.999998211860656738e-01 5.989247467368841171e-03 6.180899047851562500e+01
7.844120000000000000e+07 9.999954524489874652e-01 3.007119704442672535e-03 2.287194636337669341e-04 1.290262465859302932e+00 -3.007163857365181651e-03 9.999954598585183430e-01 1.929457181941620497e-04 -6.308253190277367424e-04 -2.281382143545171448e-04 -1.936326376557201694e-04 9.999999552296782168e-01 1.442555705179745205e-02 9.999954104423522949e-01 2.954457188025116920e-03 5.850071902386844158e-04 1.292233109474182129e+00 -2.955368719995021820e-03 9.999945163726806641e-01 1.478622783906757832e-03 1.234366185963153839e-02 -5.806210683658719063e-04 -1.480340026319026947e-03 9.999988079071044922e-01 6.398821715265512466e-03 6.148508834838867188e+01
7.854483000000000000e+07 9.999944501895834392e-01 3.323393397698281865e-03 2.337666713570695442e-04 1.303796861538005336e+00 -3.323444376818157891e-03 9.999944535755882491e-01 2.180275995903286994e-04 -7.876151830208939861e-04 -2.330407833355816805e-04 -2.188033000729726536e-04 9.999999489085555915e-01 1.449401903041202047e-02 9.999932646751403809e-01 3.568383865058422089e-03 9.050993248820304871e-04 1.301329731941223145e+00 -3.567865351215004921e-03 9.999935030937194824e-01 -5.263185594230890274e-04 9.557631798088550568e-03 -9.069772786460816860e-04 5.230887909419834614e-04 9.999994039535522461e-01 7.880155928432941437e-03 6.119532775878906250e+01
7.864858000000000000e+07 9.999929957328070884e-01 3.734442560966990884e-03 2.498497302543354758e-04 1.301733416410673971e+00 -3.734497771224996876e-03 9.999930023465719575e-01 2.208734653509005115e-04 -9.344814473567434731e-04 -2.490231426702951378e-04 -2.218049815015196865e-04 9.999999443950139399e-01 1.439220236928414470e-02 9.999937415122985840e-01 3.491818439215421677e-03 5.250461399555206299e-04 1.308479309082031250e+00 -3.493113908916711807e-03 9.999909400939941406e-01 2.441260265186429024e-03 1.250624842941761017e-02 -5.165214533917605877e-04 -2.443084493279457092e-03 9.999969005584716797e-01 7.150335237383842468e-03 6.104937744140625000e+01
7.875233000000000000e+07 9.999946637573671193e-01 3.258676218039993459e-03 2.312705813000231992e-04 1.324195795495175076e+00 -3.258728307949531125e-03 9.999946649696959122e-01 2.252153327183519112e-04 -9.128681554822187360e-04 -2.305354436147942325e-04 -2.259677789057958053e-04 9.999999478959846755e-01 1.475587398381671134e-02 9.999921321868896484e-01 3.475260222330689430e-03 1.955465413630008698e-03 1.335645794868469238e+00 -3.475712379440665245e-03 9.999939799308776855e-01 1.826087100198492408e-04 4.483473021537065506e-03 -1.954820705577731133e-03 -1.893977751024067402e-04 9.999980926513671875e-01 -1.421341113746166229e-02 6.113228988647460938e+01
7.885595000000000000e+07 9.999939794259398163e-01 3.462045922121137227e-03 2.352667379834038047e-04 1.327501220194815090e+00 -3.462101722282495946e-03 9.999939787792805346e-01 2.371863830673873966e-04 -9.863900572377795866e-04 -2.344441712764978609e-04 -2.379994724120563284e-04 9.999999441960917279e-01 1.473495731496153420e-02 9.999953508377075195e-01 3.044347744435071945e-03 1.843359350459650159e-04 1.343394756317138672e+00 -3.044457640498876572e-03 9.999940991401672363e-01 1.575582078658044338e-03 7.346631493419408798e-03 -1.795446878531947732e-04 -1.576150767505168915e-03 9.999986886978149414e-01 -1.212183479219675064e-02 6.104425430297851562e+01
7.895971000000000000e+07 9.999956039352925208e-01 2.957047177525824744e-03 2.190494089290834353e-04 1.346381272119978378e+00 -2.957094886200876960e-03 9.999956040679971458e-01 2.177959584634622000e-04 -9.709727357845652877e-04 -2.184044131199087838e-04 -2.184427508638068474e-04 9.999999522911403593e-01 1.509210154016148338e-02 9.999954104423522949e-01 2.841514535248279572e-03 -1.007583108730614185e-03 1.350877761840820312e+00 -2.841095905750989914e-03 9.999958872795104980e-01 4.870504490099847317e-04 5.222403910011053085e-03 1.008971710689365864e-03 -4.841774934902787209e-04 9.999994039535522461e-01 -1.466729957610368729e-02 6.091734313964843750e+01
7.906333000000000000e+07 9.999965379760579198e-01 2.622939189096876959e-03 2.102997907764332132e-04 1.349616618200738305e+00 -2.622983223299825851e-03 9.999965380522917169e-01 2.093860910462485474e-04 -9.351513848458723518e-04 -2.097498557531037012e-04 -2.099369789622392121e-04 9.999999559657311021e-01 1.520769920031176878e-02 9.999963045120239258e-01 2.724000718444585800e-03 -3.708268923219293356e-04 1.353313565254211426e+00 -2.724071033298969269e-03 9.999963045120239258e-01 -1.006935563054867089e-04 6.959472782909870148e-03 3.705393173731863499e-04 1.017093309201300144e-04 9.999999403953552246e-01 -6.234338041394948959e-03 6.103603363037109375e+01
7.916708000000000000e+07 9.999968615916013936e-01 2.496721369905047054e-03 2.078209195446204872e-04 1.355953577921753972e+00 -2.496763139273107737e-03 9.999968628873897591e-01 2.009711201194100622e-04 -9.373411495854137810e-04 -2.073184987115326108e-04 -2.014893689861036699e-04 9.999999582105375540e-01 1.531901459574397557e-02 9.999967217445373535e-01 2.479910152032971382e-03 5.305696395225822926e-04 1.363831281661987305e+00 -2.479647286236286163e-03 9.999967217445373535e-01 -5.186047055758535862e-04 2.767021534964442253e-03 -5.318514886312186718e-04 5.172733799554407597e-04 9.999997019767761230e-01 -1.004244200885295868e-02 6.131568145751953125e+01
7.927083000000000000e+07 9.999962784148720418e-01 2.720035299765511012e-03 2.111031923187606631e-04 1.365008723616133013e+00 -2.720080887311019519e-03 9.999962772530774924e-01 2.159632765386310300e-04 -1.056716858234340011e-03 -2.105149787139156542e-04 -2.165366905574030100e-04 9.999999543976527683e-01 1.537073616806839717e-02 9.999957084655761719e-01 2.533695660531520844e-03 -1.427022274583578110e-03 1.369667530059814453e+00 -2.534328727051615715e-03 9.999967217445373535e-01 -4.619893443305045366e-04 4.422338213771581650e-03 1.425861613824963570e-03 4.656071832869201899e-04 9.999989271163940430e-01 -3.557957243174314499e-03 6.123603057861328125e+01
7.937446000000000000e+07 9.999945228148783283e-01 3.301970477373665329e-03 2.265642132420445001e-04 1.366793769051243945e+00 -3.302026445408986176e-03 9.999945177660927165e-01 2.471016917898373878e-04 -1.193524033166079319e-03 -2.257470486827142374e-04 -2.478484593828064286e-04 9.999999438047046940e-01 1.522949239070817834e-02 9.999961853027343750e-01 2.737877191975712776e-03 -4.422361380420625210e-04 1.376504898071289062e+00 -2.737937495112419128e-03 9.999963045120239258e-01 -1.344406337011605501e-04 4.562428686767816544e-03 4.418554017320275307e-04 1.356516877422109246e-04 9.999998807907104492e-01 -1.822673832066357136e-03 6.112985610961914062e+01
7.947821000000000000e+07 9.999952620256512548e-01 3.070570513484153965e-03 2.179976011459995632e-04 1.360873627003089004e+00 -3.070620964650479321e-03 9.999952588421707755e-01 2.314736585893842520e-04 -1.098543060740447396e-03 -2.172858113929980418e-04 -2.321419498786283890e-04 9.999999494484942408e-01 1.522546344853251479e-02 9.999951720237731934e-01 3.100791946053504944e-03 1.220555350300855935e-04 1.381920456886291504e+00 -3.100904170423746109e-03 9.999948740005493164e-01 6.861174479126930237e-04 5.224866792559623718e-03 -1.199238540721125901e-04 -6.864932947792112827e-04 9.999997615814208984e-01 1.136233285069465637e-02 6.089459228515625000e+01
7.958195000000000000e+07 9.999935173710507996e-01 3.593462085409637220e-03 2.285751657000870195e-04 1.388453160277290932e+00 -3.593518442302079917e-03 9.999935128795174322e-01 2.466263962712229277e-04 -1.366920871008615260e-03 -2.276874403348511729e-04 -2.474461865261134183e-04 9.999999434644076812e-01 1.534591737341443538e-02 9.999935626983642578e-01 3.561642253771424294e-03 3.563842910807579756e-04 1.390191555023193359e+00 -3.561984049156308174e-03 9.999930262565612793e-01 1.075927866622805595e-03 4.614513833075761795e-03 -3.525450883898884058e-04 -1.077187247574329376e-03 9.999992847442626953e-01 1.157571561634540558e-02 6.076659011840820312e+01
7.968570000000000000e+07 9.999929721382283532e-01 3.741990304600234952e-03 2.306141487282326627e-04 1.399226004973158854e+00 -3.742046760907952272e-03 9.999929685389016276e-01 2.448652027734019455e-04 -1.454704847371593489e-03 -2.296962439703975319e-04 -2.457264508122767623e-04 9.999999434290725020e-01 1.539704358303568832e-02 9.999915361404418945e-01 4.078195430338382721e-03 5.653926054947078228e-04 1.396270751953125000e+00 -4.077979363501071930e-03 9.999915957450866699e-01 -4.715813847724348307e-04 2.488115103915333748e-03 -5.673152045346796513e-04 4.692804068326950073e-04 9.999997615814208984e-01 8.855891413986682892e-03 6.095888137817382812e+01
7.978945000000000000e+07 9.999923137185456889e-01 3.913357427112633576e-03 2.411185158073896571e-04 1.384435408544549384e+00 -3.913415530603417923e-03 9.999923135254891182e-01 2.409761108091457453e-04 -1.486682188851050704e-03 -2.401736368437218470e-04 -2.419178555028961123e-04 9.999999418961884601e-01 1.521220413204039945e-02 9.999925494194030762e-01 3.857903415337204933e-03 6.025157745170872658e-06 1.404487013816833496e+00 -3.857884788885712624e-03 9.999925494194030762e-01 4.074079624842852354e-04 4.360199440270662308e-03 -4.454559984878869727e-06 -4.074440221302211285e-04 9.999998807907104492e-01 9.911163710057735443e-03 6.057219314575195312e+01
7.989321000000000000e+07 9.999927114349944635e-01 3.810997219322174567e-03 2.310355228341673037e-04 1.417631249679102146e+00 -3.811052311308626549e-03 9.999927094756178025e-01 2.384873661973505553e-04 -1.543984399458452625e-03 -2.301249637952792971e-04 -2.393661164100458535e-04 9.999999448731814455e-01 1.553522819279170956e-02 9.999928474426269531e-01 3.766708076000213623e-03 -2.546753094065934420e-04 1.412181973457336426e+00 -3.766920184716582298e-03 9.999926090240478516e-01 -7.110491278581321239e-04 2.289759693667292595e-03 2.519997651688754559e-04 7.120159571059048176e-04 9.999997019767761230e-01 9.438873268663883209e-03 6.038063812255859375e+01
7.999697000000000000e+07 9.999962195124811881e-01 2.742214450836906632e-03 2.030285689706933221e-04 1.416436480775351114e+00 -2.742255607299996616e-03 9.999962194637292967e-01 2.027125596924004647e-04 -1.333907677827933383e-03 -2.024719200994830066e-04 -2.032685495755827887e-04 9.999999588435080078e-01 1.589052727013334429e-02 9.999960660934448242e-01 2.667209831997752190e-03 -9.186728275381028652e-04 1.416080236434936523e+00 -2.667429391294717789e-03 9.999963641166687012e-01 -2.719694748520851135e-04 4.289326723664999008e-03 9.179359185509383678e-04 2.744138182606548071e-04 9.999995231628417969e-01 9.697438217699527740e-03 5.999769592285156250e+01
8.010058000000000000e+07 9.999977581315604436e-01 2.110694215184835860e-03 1.694167219716127891e-04 1.441789799008797335e+00 -2.110720530101087115e-03 9.999977603682460581e-01 1.552983519861730942e-04 -1.396335754656698094e-03 -1.690885552251295628e-04 -1.556555951615821943e-04 9.999999735901992093e-01 1.648316266313391495e-02 9.999971985816955566e-01 2.299114363268017769e-03 -4.559355729725211859e-04 1.429267287254333496e+00 -2.299473853781819344e-03 9.999970793724060059e-01 -7.905726670287549496e-04 2.087332308292388916e-03 4.541202797554433346e-04 7.916147005744278431e-04 9.999996423721313477e-01 8.429218083620071411e-03 6.026927947998046875e+01
8.020433000000000000e+07 9.999980441497928751e-01 1.970886609666341101e-03 1.652352160523349711e-04 1.446989458801105632e+00 -1.970910794021098634e-03 9.999980470474783001e-01 1.463283538522966519e-04 -1.394334012924632179e-03 -1.649464967711317608e-04 -1.466537315171890881e-04 9.999999756426685149e-01 1.660782603452716499e-02 9.999980926513671875e-01 1.972720958292484283e-03 4.277900188753847033e-06 1.431427001953125000e+00 -1.972672529518604279e-03 9.999980330467224121e-01 -5.910424442845396698e-05 4.875470418483018875e-03 -4.399341833050129935e-06 5.909520041313953698e-05 9.999999403953552246e-01 7.049188483506441116e-03 6.027587127685546875e+01
8.030798000000000000e+07 9.999991404004037188e-01 1.301389649923093660e-03 1.599483175778508245e-04 1.418620296835154893e+00 -1.301414026318011875e-03 9.999991415487182733e-01 1.523922250439018085e-04 -1.120855581417501195e-03 -1.597498586092595827e-04 -1.526002530277646707e-04 9.999999755965728321e-01 1.650099280192631607e-02 9.999988079071044922e-01 1.529150875285267830e-03 -7.394229760393500328e-05 1.444313287734985352e+00 -1.529200701043009758e-03 9.999987483024597168e-01 -3.509537200443446636e-04 3.499036887660622597e-03 7.341676973737776279e-05 3.510727838147431612e-04 9.999999403953552246e-01 8.059526793658733368e-03 6.062809753417968750e+01
8.041171000000000000e+07 9.999990448823088407e-01 1.374551338600607520e-03 1.443713827507164739e-04 1.452298854199800759e+00 -1.374568986406626576e-03 9.999990478118447879e-01 1.222109403429368286e-04 -1.327469020195059558e-03 -1.442032600711059284e-04 -1.224092720414745249e-04 9.999999821106948517e-01 1.692078506287717291e-02 9.999991655349731445e-01 1.254392671398818493e-03 1.522310049040243030e-04 1.448782682418823242e+00 -1.254342147149145603e-03 9.999991059303283691e-01 -5.193149554543197155e-04 5.783934611827135086e-03 -1.528846478322520852e-04 5.191234522499144077e-04 9.999998807907104492e-01 8.243875578045845032e-03 6.055875015258789062e+01
8.051533000000000000e+07 9.999991960695203685e-01 1.260215358854520828e-03 1.404195096532126160e-04 1.453202570280585748e+00 -1.260231321700739726e-03 9.999991994501480352e-01 1.136492633104620257e-04 -1.329125206266962723e-03 -1.402761747000672347e-04 -1.138261330001841531e-04 9.999999836831037214e-01 1.698676125577070276e-02 9.999989271163940430e-01 1.365343690849840641e-03 -5.067059537395834923e-04 1.457494139671325684e+00 -1.365814590826630592e-03 9.999985098838806152e-01 -1.063118572346866131e-03 2.762642456218600273e-03 5.052494234405457973e-04 1.063809148035943508e-03 9.999992847442626953e-01 9.098775684833526611e-03 6.095430374145507812e+01
8.061908000000000000e+07 9.999993788599602640e-01 1.107000820171964543e-03 1.297259527222432963e-04 1.462960056984772050e+00 -1.107014346300725857e-03 9.999993818262483680e-01 1.042415630259647247e-04 -1.346444580802521121e-03 -1.296104770281787861e-04 -1.043851067744715319e-04 9.999999861524361267e-01 1.717471314601642929e-02 9.999991655349731445e-01 1.200859318487346172e-03 -4.281816363800317049e-04 1.462264418601989746e+00 -1.201404724270105362e-03 9.999985098838806152e-01 -1.248100423254072666e-03 2.766265533864498138e-03 4.266906762495636940e-04 1.248616725206375122e-03 9.999991059303283691e-01 6.957300938665866852e-03 6.098028945922851562e+01
8.072274000000000000e+07 9.999994264811824518e-01 1.064469858983850808e-03 1.180732100736132554e-04 1.480648076351023912e+00 -1.064479974579108940e-03 9.999994297737387905e-01 8.564250206407262569e-05 -1.433156408785318629e-03 -1.179819788876506872e-04 -8.576813950783960269e-05 9.999999893620399316e-01 1.742157841146530634e-02 9.999973177909851074e-01 1.067703589797019958e-03 2.094313967972993851e-03 1.475192666053771973e+00 -1.065570628270506859e-03 9.999989271163940430e-01 -1.008582650683820248e-03 2.287114504724740982e-03 -2.095395466312766075e-03 1.006339793093502522e-03 9.999973177909851074e-01 6.889337208122014999e-03 6.085379028320312500e+01
8.082644000000000000e+07 9.999993343618478470e-01 1.148155456728628537e-03 1.140827649138575919e-04 1.495770671590788137e+00 -1.148164158499573838e-03 9.999993379530480730e-01 7.623975190775966054e-05 -1.505477026685802730e-03 -1.139951542964923127e-04 -7.637068690450644903e-05 9.999999905863111715e-01 1.757533699392205967e-02 9.999989271163940430e-01 1.009257161058485508e-03 -1.031321007758378983e-03 1.476174831390380859e+00 -1.008836901746690273e-03 9.999994039535522461e-01 5.116314277984201908e-04 4.928864073008298874e-03 1.031831372529268265e-03 -5.105804302729666233e-04 9.999992847442626953e-01 7.355102803558111191e-03 6.075702285766601562e+01
8.093008000000000000e+07 9.999990340987350290e-01 1.384338776064557601e-03 1.241280189341504865e-04 1.489900929645699312e+00 -1.384349001175041614e-03 9.999990383995597254e-01 8.232747913811672819e-05 -1.547629532714646285e-03 -1.240139304517775219e-04 -8.249923611558813833e-05 9.999999889072105352e-01 1.740779267135953920e-02 9.999992251396179199e-01 1.137841609306633472e-03 5.240649334155023098e-04 1.486012339591979980e+00 -1.138063496910035610e-03 9.999992251396179199e-01 4.997421638108789921e-04 6.100269034504890442e-03 -5.234864074736833572e-04 -5.003490368835628033e-04 9.999997615814208984e-01 6.342600099742412567e-03 6.084204864501953125e+01
8.103384000000000000e+07 9.999990154384224006e-01 1.398315523929442600e-03 1.176261640623031598e-04 1.501404307302562913e+00 -1.398324262242385194e-03 9.999990195884168598e-01 7.423944794880972379e-05 -1.603606090121738239e-03 -1.175222385694431624e-04 -7.440385437181847679e-05 9.999999903262950518e-01 1.755849658162602495e-02 9.999985098838806152e-01 1.094654784537851810e-03 1.317874761298298836e-03 1.491850376129150391e+00 -1.096404506824910641e-03 9.999985098838806152e-01 1.317244488745927811e-03 7.728913798928260803e-03 -1.316433306783437729e-03 -1.318676746450364590e-03 9.999982118606567383e-01 8.309136144816875458e-03 6.042924880981445312e+01
8.113750000000000000e+07 9.999990057905936425e-01 1.405479031088052765e-03 1.142215406580907830e-04 1.508655950310482385e+00 -1.405487155411479011e-03 9.999990097763713504e-01 7.107865600342601852e-05 -1.624490533193198279e-03 -1.141215279948052129e-04 -7.123912224116849521e-05 9.999999909506323004e-01 1.764511526338935488e-02 9.999957084655761719e-01 1.199727179482579231e-03 2.664713421836495399e-03 1.506686329841613770e+00 -1.199214602820575237e-03 9.999992847442626953e-01 -2.030434698099270463e-04 5.091302096843719482e-03 -2.664961619302630424e-03 1.998468796955421567e-04 9.999963641166687012e-01 1.351194363087415695e-02 6.023081588745117188e+01
8.124121000000000000e+07 9.999996421353610776e-01 8.408130176442310619e-04 9.360909447384816904e-05 1.511870903640149200e+00 -8.408191280134724634e-04 9.999996443824362702e-01 6.525517729341593514e-05 -1.463601264373212913e-03 -9.355419378561040768e-05 -6.533386225330192732e-05 9.999999934895500431e-01 1.788026659786642186e-02 9.999997019767761230e-01 8.701120968908071518e-04 3.865971302730031312e-05 1.501556873321533203e+00 -8.700317121110856533e-04 9.999986886978149414e-01 -1.329077174887061119e-03 5.957473069429397583e-03 -3.980609471909701824e-05 1.329048187471926212e-03 9.999991655349731445e-01 1.243768166750669479e-02 6.042448043823242188e+01
8.134494000000000000e+07 9.999999562370618378e-01 2.861753600656776896e-04 7.503025814686681641e-05 1.517694998181569499e+00 -2.861791145049244890e-04 9.999999577991045552e-01 5.003304322247763308e-05 -1.316975026024893138e-03 -7.501593675668571579e-05 -5.005451312523896663e-05 9.999999959335775790e-01 1.815694839763512536e-02 9.999967813491821289e-01 2.371948357904329896e-04 -2.509142039343714714e-03 1.497764468193054199e+00 -2.390933659626170993e-04 9.999997019767761230e-01 -7.413552375510334969e-04 7.603158243000507355e-03 2.508959500119090080e-03 7.419447647407650948e-04 9.999965429306030273e-01 9.689803235232830048e-03 6.104086303710937500e+01
8.144859000000000000e+07 9.999999977677267449e-01 2.844066158167835877e-05 6.046218091815405227e-05 1.525380194673698009e+00 -2.844367362677301659e-05 9.999999983546251636e-01 4.981673428981836049e-05 -1.260596197132086808e-03 -6.046076399779252075e-05 -4.981845394515161307e-05 9.999999969313088100e-01 1.833336675391873671e-02 9.999999403953552246e-01 1.000269003270659596e-05 2.793896710500121117e-04 1.503471851348876953e+00 -9.860502359515521675e-06 9.999999403953552246e-01 -4.292629892006516457e-04 8.955228142440319061e-03 -2.793850435409694910e-04 4.292657540645450354e-04 9.999998807907104492e-01 8.840027265250682831e-03 6.000374221801757812e+01
8.155233000000000000e+07 9.999999596873786478e-01 2.729849739070052132e-04 7.813095875622981556e-05 1.510335882674132213e+00 -2.729897305299526229e-04 9.999999608853633593e-01 6.087594341394080884e-05 -1.310713945128377713e-03 -7.811433748269176714e-05 -6.089726990879923933e-05 9.999999950948365024e-01 1.807226389601260252e-02 9.999998211860656738e-01 3.018876595888286829e-04 -6.447412888519465923e-04 1.504925131797790527e+00 -3.012293018400669098e-04 9.999995231628417969e-01 9.688231511972844601e-04 1.054646354168653488e-02 6.450191722251474857e-04 -9.686372941359877586e-04 9.999992847442626953e-01 1.178192161023616791e-02 6.021712112426757812e+01
8.165606000000000000e+07 9.999999926463720712e-01 -1.029976950427760222e-04 6.402132964190634392e-05 1.512661628851549533e+00 1.029940364481638334e-04 9.999999930632149647e-01 5.714716573423327649e-05 -1.175384551238187495e-03 -6.402721522412655451e-05 -5.714057149886531985e-05 9.999999963177353957e-01 1.822026967008989057e-02 9.999998211860656738e-01 -1.164482091553509235e-04 6.499314331449568272e-04 1.511270165443420410e+00 1.168421513284556568e-04 9.999997615814208984e-01 -6.089049857109785080e-04 1.648760028183460236e-02 -6.498613511212170124e-04 6.089916569180786610e-04 9.999996423721313477e-01 2.372749894857406616e-02 6.043916702270507812e+01
8.175971000000000000e+07 9.999999962490928596e-01 -6.693915769006328169e-05 5.496329254155136952e-05 1.531658483996935827e+00 6.693649790235592541e-05 9.999999965888362041e-01 4.839248747801785895e-05 -1.257550163190416116e-03 -5.496653170640490642e-05 -4.838880824619526438e-05 9.999999973186017854e-01 1.842098528083686848e-02 9.999992251396179199e-01 -3.678827779367566109e-04 -1.132258446887135506e-03 1.516336441040039062e+00 3.686397103592753410e-04 9.999997019767761230e-01 6.514445994980633259e-04 1.962828263640403748e-02 1.132034929469227791e-03 -6.518760346807539463e-04 9.999991655349731445e-01 3.006767481565475464e-02 6.105321502685546875e+01
8.186346000000000000e+07 9.999999564041223143e-01 -2.899853883790098159e-04 5.567970933955409505e-05 1.511544574857273115e+00 2.899822989931084187e-04 9.999999564158400522e-01 5.548501008754087090e-05 -1.127132936925743893e-03 -5.569579675463712834e-05 -5.546886153886603713e-05 9.999999969105918263e-01 1.826998106072107511e-02 9.999985694885253906e-01 -6.056668935343623161e-04 -1.608186634257435799e-03 1.515410900115966797e+00 6.049473304301500320e-04 9.999997615814208984e-01 -4.236712120473384857e-04 1.895081996917724609e-02 1.608431921340525150e-03 4.226973105687648058e-04 9.999985694885253906e-01 3.065469488501548767e-02 6.135100936889648438e+01
8.196708000000000000e+07 9.999997595187336552e-01 -6.930584129578855291e-04 2.514978651705293900e-05 1.540921196318842945e+00 6.930572975619174502e-04 9.999997588531097659e-01 4.433176339591568153e-05 -1.074856402450164892e-03 -2.518050495379615952e-05 -4.431432249190586338e-05 9.999999987010914637e-01 1.870630949126567827e-02 9.999987483024597168e-01 -7.674334920011460781e-04 -1.353700878098607063e-03 1.517657160758972168e+00 7.636717637069523335e-04 9.999957680702209473e-01 -2.786593744531273842e-03 1.371869537979364395e-02 1.355829765088856220e-03 2.785565331578254700e-03 9.999952316284179688e-01 2.530105970799922943e-02 6.091984176635742188e+01
8.207083000000000000e+07 9.999987930232631106e-01 -1.553666326313908391e-03 8.543050121878159085e-06 1.519782112922644979e+00 1.553665790165792036e-03 9.999987911130243656e-01 6.241091795057511081e-05 -7.025162514863237707e-04 -8.640005535094349024e-06 -6.239756957744332141e-05 9.999999980159468560e-01 1.869196531937919112e-02 9.999984502792358398e-01 -1.608056249096989632e-03 7.730044308118522167e-04 1.519469141960144043e+00 1.609428785741329193e-03 9.999971389770507812e-01 -1.798787387087941170e-03 1.383240427821874619e-02 -7.701060385443270206e-04 1.800022670067846775e-03 9.999981522560119629e-01 2.291158773005008698e-02 6.131046295166015625e+01
8.217446000000000000e+07 9.999984502729163394e-01 -1.760508495894553540e-03 7.860643267306225389e-06 1.505676164647134829e+00 1.760507975127433575e-03 9.999984481417123483e-01 6.577252324440089823e-05 -5.720156564951741317e-04 -7.976424147643364736e-06 -6.575858259062457647e-05 9.999999978060928330e-01 1.855442619745563751e-02 9.999945163726806641e-01 -2.204124350100755692e-03 2.432065550237894058e-03 1.518193840980529785e+00 2.211248036473989487e-03 9.999933242797851562e-01 -2.922127256169915199e-03 1.156644709408283234e-02 -2.425605664029717445e-03 2.927497960627079010e-03 9.999927878379821777e-01 2.329523675143718719e-02 6.121113586425781250e+01
8.227821000000000000e+07 9.999974780456574175e-01 -2.245776720343925243e-03 -1.972303004922994058e-05 1.533735300724214046e+00 2.245777899851251255e-03 9.999974764383179338e-01 5.998642276700513786e-05 -4.488552103844201287e-04 1.958826415849950373e-05 -6.003056503117010613e-05 9.999999980063154492e-01 1.900946623342869915e-02 9.999976754188537598e-01 -1.971737714484333992e-03 8.821224328130483627e-04 1.525434374809265137e+00 1.972138416022062302e-03 9.999979138374328613e-01 -4.360864404588937759e-04 1.148805953562259674e-02 -8.812595042400062084e-04 4.378241137601435184e-04 9.999995231628417969e-01 2.203161269426345825e-02 6.110259246826171875e+01
8.238196000000000000e+07 9.999995650476825038e-01 -9.321689524301006446e-04 3.107205706904130917e-05 1.519536637382573385e+00 9.321669071042128218e-04 9.999995633691584063e-01 6.577486276459416675e-05 -9.021386972463010887e-04 -3.113335678815987693e-05 -6.574586981175392880e-05 9.999999973540972809e-01 1.850530654854884091e-02 9.999988675117492676e-01 -1.280929194763302803e-03 -7.829668466001749039e-04 1.519374370574951172e+00 1.281341072171926498e-03 9.999991059303283691e-01 5.102515569888055325e-04 1.422560960054397583e-02 7.823164341971278191e-04 -5.112564540468156338e-04 9.999995827674865723e-01 2.301556058228015900e-02 6.108899307250976562e+01
8.248571000000000000e+07 9.999998398935242561e-01 -5.646664467468492758e-04 3.694234139715281624e-05 1.533770525803751061e+00 5.646645040423043001e-04 9.999998391948299314e-01 5.257679053983784178e-05 -1.085210430222778273e-03 -3.697202380550133687e-05 -5.255592209351115962e-05 9.999999979354723401e-01 1.857445811996117496e-02 9.999988079071044922e-01 -6.016289698891341686e-04 1.415186212398111820e-03 1.518372416496276855e+00 6.036084378138184547e-04 9.999987483024597168e-01 -1.439483952708542347e-03 1.072297431528568268e-02 -1.414327067323029041e-03 1.440342981368303299e-03 9.999979138374328613e-01 1.959323510527610779e-02 6.125372695922851562e+01
8.258943000000000000e+07 9.999994902177409273e-01 -1.009282912804813090e-03 3.020394086462972812e-05 1.514123166332806525e+00 1.009280994438301873e-03 9.999994886621172974e-01 6.346176848660134819e-05 -8.590669517883468310e-04 -3.026797629764119084e-05 -6.343125187197924284e-05 9.999999975301629984e-01 1.847562876101621968e-02 9.999994039535522461e-01 -9.968591621145606041e-04 -4.758117138408124447e-04 1.516016721725463867e+00 9.970995597541332245e-04 9.999993443489074707e-01 5.430864985100924969e-04 1.307414937764406204e-02 4.752714885398745537e-04 -5.435633938759565353e-04 9.999997019767761230e-01 2.044783346354961395e-02 6.121760177612304688e+01
8.269308000000000000e+07 9.999998303071635508e-01 -5.809772981824146230e-04 4.302338553545556160e-05 1.516382320381814086e+00 5.809747170816774008e-04 9.999998294352975270e-01 5.998118572906143732e-05 -1.011149680772199279e-03 -4.305822590557714956e-05 -5.995618005060775776e-05 9.999999972756227207e-01 1.839185728425700786e-02 9.999994635581970215e-01 -8.305038209073245525e-04 -6.710189045406877995e-04 1.517935514450073242e+00 8.297577733173966408e-04 9.999988675117492676e-01 -1.236462034285068512e-03 8.171035908162593842e-03 6.720555247738957405e-04 1.235895091667771339e-03 9.999990463256835938e-01 1.803647167980670929e-02 6.110918426513671875e+01
8.279692000000000000e+07 9.999995914192881807e-01 -9.031834054797440760e-04 3.769634519221665478e-05 1.513804611557587609e+00 9.031811144075403783e-04 9.999995902865904673e-01 6.074987595284364996e-05 -9.164983320570387320e-04 -3.775119802591606386e-05 -6.071580450545572020e-05 9.999999974442190798e-01 1.845859294261693526e-02 9.999995231628417969e-01 -8.725987281650304794e-04 5.472719203680753708e-04 1.515871167182922363e+00 8.721273043192923069e-04 9.999994635581970215e-01 6.378167308866977692e-04 9.478852152824401855e-03 -5.478479433804750443e-04 -6.373322685249149799e-04 9.999995827674865723e-01 1.657620817422866821e-02 6.104470443725585938e+01
8.290060000000000000e+07 9.999997475462365504e-01 -7.097855494274098133e-04 3.334577737761387328e-05 1.524261048588247069e+00 7.097836152245652662e-04 9.999997464227102784e-01 5.798050190234858397e-05 -1.003737940837602476e-03 -3.338692264395755436e-05 -5.795681897871921110e-05 9.999999977631602865e-01 1.850568534647276109e-02 9.999994635581970215e-01 -8.039942476898431778e-04 -7.043143850751221180e-04 1.511612653732299805e+00 8.050985052250325680e-04 9.999985694885253906e-01 1.448402996174991131e-03 1.162972021847963333e-02 7.031612913124263287e-04 -1.448966446332633495e-03 9.999987483024597168e-01 1.727612502872943878e-02 6.118803024291992188e+01
8.300423000000000000e+07 9.999997201927832702e-01 -7.470792198108991856e-04 3.856172446265571747e-05 1.511167877815990490e+00 7.470767714285841531e-04 9.999997189240247275e-01 6.346795569902319582e-05 -9.428052967111319113e-04 -3.860912921367930283e-05 -6.343912937224443073e-05 9.999999972424060690e-01 1.838977751952743100e-02 9.999991655349731445e-01 -6.585351075045764446e-04 1.089190249331295490e-03 1.506630301475524902e+00 6.557122105732560158e-04 9.999964237213134766e-01 2.595826750621199608e-03 1.008785888552665710e-02 -1.090910285711288452e-03 -2.595105441287159920e-03 9.999959468841552734e-01 1.523524988442659378e-02 6.119440078735351562e+01
8.310785000000000000e+07 9.999999963680921145e-01 -5.474446355083645863e-05 6.532120233307497058e-05 1.511546525452920342e+00 5.474060323603762704e-05 9.999999967554612512e-01 5.909774871903411195e-05 -1.188997576035978479e-03 -6.532443739567978826e-05 -5.909417278238632634e-05 9.999999961202983290e-01 1.819493240228550399e-02 9.999989867210388184e-01 -1.791133108781650662e-04 1.384364208206534386e-03 1.508560180664062500e+00 1.818875753087922931e-04 9.999979734420776367e-01 -2.014341531321406364e-03 2.033865777775645256e-03 -1.383986556902527809e-03 2.014581579715013504e-03 9.999970197677612305e-01 1.507354527711868286e-02 6.108915328979492188e+01
8.321158000000000000e+07 9.999998035155065468e-01 -6.251116851593603715e-04 4.695020276059825822e-05 1.510849077065328894e+00 6.251087030015560356e-04 9.999998026030696430e-01 6.350530154279883746e-05 -9.742318108857846159e-04 -4.698989139962848861e-05 -6.347594008405247116e-05 9.999999968813775286e-01 1.833082182175795397e-02 9.999994635581970215e-01 -7.812068215571343899e-04 7.902909419499337673e-04 1.508303165435791016e+00 7.827139925211668015e-04 9.999979734420776367e-01 -1.896722940728068352e-03 -2.403286052867770195e-03 -7.888185209594666958e-04 1.897338312119245529e-03 9.999978542327880859e-01 1.448287721723318100e-02 6.100640106201171875e+01
8.331521000000000000e+07 9.999999619854178512e-01 -2.698245453662785013e-04 5.677921413013672415e-05 1.512333852959119040e+00 2.698212983072189371e-04 9.999999619630368652e-01 5.718735300132424330e-05 -1.122102202204566931e-03 -5.679464252164626535e-05 -5.717203058640121723e-05 9.999999967528637734e-01 1.826553659994995318e-02 9.999985694885253906e-01 -6.108018569648265839e-04 1.601577852852642536e-03 1.506633520126342773e+00 6.228680140338838100e-04 9.999710917472839355e-01 -7.574202958494424820e-03 -1.082005165517330170e-02 -1.596899121068418026e-03 7.575198542326688766e-03 9.999700784683227539e-01 1.040059607475996017e-02 6.127088165283203125e+01
8.341896000000000000e+07 9.999992235132951768e-01 -1.245888853037372627e-03 2.708914746463512540e-05 1.505645135874103868e+00 1.245887067185082794e-03 9.999992217148291340e-01 6.584224450590461547e-05 -7.800549542463475986e-04 -2.717115849744258202e-05 -6.580844336286132106e-05 9.999999974654885104e-01 1.846657726340540651e-02 9.999976158142089844e-01 -8.242271724157035351e-04 -2.000252483412623405e-03 1.502289175987243652e+00 8.197843562811613083e-04 9.999971389770507812e-01 -2.257721964269876480e-03 -8.458570577204227448e-03 2.002117456868290901e-03 2.256075618788599968e-03 9.999954104423522949e-01 1.477778796106576920e-02 6.165824127197265625e+01
8.352259000000000000e+07 9.999999184369524619e-01 -3.982194434673269915e-04 6.743419122932608058e-05 1.489423666976406047e+00 3.982147350154141259e-04 9.999999182749595983e-01 6.982195726023267778e-05 -9.985724604276008647e-04 -6.746199017805849384e-05 -6.979509827787775723e-05 9.999999952887622667e-01 1.804281323482808189e-02 9.999929666519165039e-01 -6.123378989286720753e-04 -3.690915647894144058e-03 1.498284578323364258e+00 6.104898056946694851e-04 9.999997019767761230e-01 -4.701794823631644249e-04 -4.226777236908674240e-03 3.691200632601976395e-03 4.679259145632386208e-04 9.999930858612060547e-01 1.416687946766614914e-02 6.180230331420898438e+01
8.362621000000000000e+07 9.999999302804285506e-01 -3.691736104697296555e-04 5.612475800278989631e-05 1.504910992134632863e+00 3.691702537439456051e-04 9.999999300682297365e-01 5.980689184763224032e-05 -1.071230047227167111e-03 -5.614683320329131525e-05 -5.978616808750911448e-05 9.999999966365736848e-01 1.821915987450579630e-02 1.000000000000000000e+00 -3.580509801395237446e-04 -1.425158989150077105e-04 1.506386280059814453e+00 3.585428930819034576e-04 9.999954700469970703e-01 2.991839312016963959e-03 3.881250508129596710e-03 1.414418220520019531e-04 -2.991891931742429733e-03 9.999955296516418457e-01 1.415614411234855652e-02 6.152873611450195312e+01
8.372996000000000000e+07 9.999996733823144357e-01 -8.070811361661035322e-04 4.307357993907551442e-05 1.509216650539750848e+00 8.070787884581594662e-04 9.999996728270682533e-01 5.449417385542364574e-05 -9.540767635281336128e-04 -4.311754706434420427e-05 -5.445939228551057511e-05 9.999999975875260017e-01 1.839335564211359852e-02 9.999971985816955566e-01 -1.024044468067586422e-03 2.126455307006835938e-03 1.504947543144226074e+00 1.018007053062319756e-03 9.999954104423522949e-01 2.840171568095684052e-03 4.051413387060165405e-03 -2.129364525899291039e-03 -2.837996697053313255e-03 9.999936223030090332e-01 1.421279273927211761e-02 6.128015899658203125e+01
8.383358000000000000e+07 9.999986172562249642e-01 -1.662956199322796489e-03 7.890111203928661663e-06 1.516454040881481502e+00 1.662955712672697364e-03 9.999986154099710367e-01 6.128927251417537177e-05 -6.630555814924005229e-04 -7.992021657377111762e-06 -6.127606686101212967e-05 9.999999980906855157e-01 1.869018707369853385e-02 9.999990463256835938e-01 -1.259186305105686188e-03 5.068747559562325478e-04 1.502997636795043945e+00 1.258445205166935921e-03 9.999979138374328613e-01 1.619576243683695793e-03 5.234912969172000885e-03 -5.089119076728820801e-04 -1.618947600945830345e-03 9.999985694885253906e-01 1.395281311124563217e-02 6.140588760375976562e+01
8.393735000000000000e+07 9.999994489628557526e-01 -1.049212317812429473e-03 3.503625212582062940e-05 1.503400862156676121e+00 1.049210162377641354e-03 9.999994476888711681e-01 6.148194716594790343e-05 -8.670068852020739944e-04 -3.510074038874485327e-05 -6.144515289672909653e-05 9.999999974962157090e-01 1.840367181805032532e-02 9.999993443489074707e-01 -1.017643488012254238e-03 -4.540953959804028273e-04 1.503102660179138184e+00 1.018214854411780834e-03 9.999984502792358398e-01 1.420725369825959206e-03 1.771201845258474350e-03 4.526570846792310476e-04 -1.421179855242371559e-03 9.999989271163940430e-01 1.115036848932504654e-02 6.150672149658203125e+01
8.404096000000000000e+07 9.999995115572573035e-01 -9.876793475142851310e-04 3.707775268706858780e-05 1.506252776970140594e+00 9.876772510141198190e-04 9.999995106495009889e-01 5.651913697666927051e-05 -8.799734782776280455e-04 -3.713355732701463546e-05 -5.648248851770116435e-05 9.999999977154137021e-01 1.841266086259163784e-02 9.999991655349731445e-01 -1.034478191286325455e-03 -7.480523199774324894e-04 1.503262281417846680e+00 1.036263303831219673e-03 9.999968409538269043e-01 2.304517198354005814e-03 4.462415352463722229e-03 7.456747116521000862e-04 -2.305302070453763008e-03 9.999971389770507812e-01 1.013830117881298065e-02 6.137376022338867188e+01
8.414471000000000000e+07 9.999996528552486108e-01 -8.322497871725319848e-04 4.061664933850338922e-05 1.509132369899784498e+00 8.322475375327454631e-04 9.999996521489119550e-01 5.537264441321271703e-05 -9.424953761053745001e-04 -4.066271907894600989e-05 -5.533882208635964358e-05 9.999999976420791414e-01 1.841164204883699237e-02 9.999995231628417969e-01 -7.345393532887101173e-04 6.301511311903595924e-04 1.500951170921325684e+00 7.340103620663285255e-04 9.999994635581970215e-01 7.515400648117065430e-04 -4.666039254516363144e-03 -6.307116127572953701e-04 -7.510699797421693802e-04 9.999994635581970215e-01 9.674393571913242340e-03 6.123251342773437500e+01
8.424835000000000000e+07 9.999999935360037728e-01 -8.883554975014174373e-05 7.096645447096063192e-05 1.500339848111055918e+00 8.883105337176477520e-05 9.999999940472867888e-01 6.335984826317542782e-05 -1.163594406261662549e-03 -7.097208265544639532e-05 -6.335354382873958359e-05 9.999999954746460196e-01 1.807195243034293020e-02 9.999996423721313477e-01 -1.994270714931190014e-04 8.014654740691184998e-04 1.503568172454833984e+00 1.980044762603938580e-04 9.999983906745910645e-01 1.761053921654820442e-03 4.311601514928042889e-04 -8.018139051273465157e-04 -1.760893152095377445e-03 9.999980926513671875e-01 1.358383707702159882e-02 6.120275115966796875e+01
8.435210000000000000e+07 9.999999829765652271e-01 1.667719737854926100e-04 7.895554609033212583e-05 1.503681564448339225e+00 -1.667769862576247940e-04 9.999999840777101801e-01 6.348241133965058683e-05 -1.241229780478264209e-03 -7.894495774624004443e-05 -6.349557822686181905e-05 9.999999948680026174e-01 1.801891938565305246e-02 9.999997615814208984e-01 4.873364232480525970e-04 -5.675193388015031815e-04 1.497466444969177246e+00 -4.886122769676148891e-04 9.999972581863403320e-01 -2.281717490404844284e-03 -4.985121078789234161e-03 5.663968622684478760e-04 2.281991299241781235e-03 9.999972581863403320e-01 1.142239104956388474e-02 6.138975906372070312e+01
8.445571000000000000e+07 9.999999951201997694e-01 -6.985613693213631463e-05 6.985499681520454269e-05 1.507537566399862472e+00 6.985223187403212237e-05 9.999999959977476927e-01 5.590322207221045037e-05 -1.183919694572327245e-03 -6.985890171875067372e-05 -5.589834227199451188e-05 9.999999959975546249e-01 1.814649162611561145e-02 9.999998211860656738e-01 -9.915262489812448621e-05 -5.930201150476932526e-04 1.497406601905822754e+00 9.859776764642447233e-05 9.999995231628417969e-01 -9.633199078962206841e-04 -1.970976823940873146e-03 5.931169725954532623e-04 9.632654837332665920e-04 9.999993443489074707e-01 1.278497651219367981e-02 6.115641784667968750e+01
8.455938000000000000e+07 9.999999716633952707e-01 2.246681258556402518e-04 7.872383877657586305e-05 1.503401629912179294e+00 -2.246729847966723846e-04 9.999999728564731294e-01 6.171793699162963598e-05 -1.248615962463738276e-03 -7.870997058670735390e-05 -6.173562236231800349e-05 9.999999949967267598e-01 1.800248244501239867e-02 9.999996423721313477e-01 -1.683646987657994032e-04 8.003920083865523338e-04 1.494952797889709473e+00 1.707341289147734642e-04 9.999953508377075195e-01 -3.048013895750045776e-03 -4.269601311534643173e-03 -7.998701767064630985e-04 3.048150567337870598e-03 9.999950528144836426e-01 1.216717902570962906e-02 6.157334518432617188e+01
8.466298000000000000e+07 9.999993954855431744e-01 -1.099107259443304072e-03 3.149264751420400790e-05 1.504340280943847308e+00 1.099105258567680465e-03 9.999993939686708799e-01 6.348171325997722849e-05 -8.492495601364570199e-04 -3.156240164019333993e-05 -6.344706115005634985e-05 9.999999974891425891e-01 1.842780584678187922e-02 9.999976158142089844e-01 -1.080379821360111237e-03 1.892973901703953743e-03 1.496309995651245117e+00 1.083324430510401726e-03 9.999983310699462891e-01 -1.511006732471287251e-03 -7.149847224354743958e-03 -1.891333726234734058e-03 1.513046328909695148e-03 9.999970793724060059e-01 1.516557484865188599e-02 6.164912033081054688e+01
8.476673000000000000e+07 9.999982254574005802e-01 -1.883803614476876366e-03 1.913032838297486321e-05 1.483460715084173875e+00 1.883802779992424341e-03 9.999982246938395880e-01 4.354575365567050875e-05 -4.855008115502745022e-04 -1.921232606943530237e-05 -4.350963861585719662e-05 9.999999988688988983e-01 1.832530755625413205e-02 9.999976158142089844e-01 -1.680564833804965019e-03 -1.387641415931284428e-03 1.485804319381713867e+00 1.679618842899799347e-03 9.999983906745910645e-01 -6.100682658143341541e-04 -3.391096834093332291e-03 1.388661563396453857e-03 6.077460711821913719e-04 9.999988675117492676e-01 1.820620894432067871e-02 6.121756744384765625e+01
8.487034000000000000e+07 9.999984766239484735e-01 -1.745295867262931832e-03 2.631086207165440845e-05 1.483188970083445968e+00 1.745294538958223852e-03 9.999984757011192160e-01 5.042374260356759528e-05 -5.199643361333172904e-04 -2.639882631147447888e-05 -5.037774558752171041e-05 9.999999983825924588e-01 1.829085236917195670e-02 9.999906420707702637e-01 -1.600171322934329510e-03 -4.025498870760202408e-03 1.474930882453918457e+00 1.607219455763697624e-03 9.999971985816955566e-01 1.714901765808463097e-03 -2.420182339847087860e-03 4.022744484245777130e-03 -1.721359440125524998e-03 9.999903440475463867e-01 1.907095126807689667e-02 6.130409622192382812e+01
8.497396000000000000e+07 9.999991843842696015e-01 -1.276087487568254185e-03 5.321280108048403649e-05 1.464254886927869315e+00 1.276085156479524587e-03 9.999991848430422881e-01 4.381788466358922169e-05 -6.408974964349323060e-04 -5.326867315521947188e-05 -4.374994486288149583e-05 9.999999976241955579e-01 1.796321988409922688e-02 9.999994635581970215e-01 -9.081599419005215168e-04 5.996303516440093517e-04 1.473993301391601562e+00 9.064487530849874020e-04 9.999955892562866211e-01 2.824660390615463257e-03 2.486512297764420509e-03 -6.022081943228840828e-04 -2.824121387675404549e-03 9.999958276748657227e-01 1.871418580412864685e-02 6.158544158935546875e+01
8.507772000000000000e+07 9.999985904419336213e-01 -1.678634278477955785e-03 3.607043827722625023e-05 1.466240583425496125e+00 1.678632925084874586e-03 9.999985903909280882e-01 3.751841132870512805e-05 -4.940304988490351167e-04 -3.613336712397679563e-05 -3.745780941839779629e-05 9.999999986456461487e-01 1.806563503001909141e-02 9.999968409538269043e-01 -1.527463784441351891e-03 1.992494100704789162e-03 1.463721752166748047e+00 1.518474426120519638e-03 9.999888539314270020e-01 4.466880112886428833e-03 7.492461008951067924e-04 -1.999285072088241577e-03 -4.463827703148126602e-03 9.999881386756896973e-01 2.168345451354980469e-02 6.225990295410156250e+01
8.518133000000000000e+07 9.999993893832326286e-01 -1.103234489948310901e-03 6.408399763115545046e-05 1.458949835232077108e+00 1.103231610365027274e-03 9.999993904294262048e-01 4.495249483996207603e-05 -6.861458827817786509e-04 -6.413355171272057062e-05 -4.488176789564501940e-05 9.999999969362570740e-01 1.785462787626735867e-02 9.999973773956298828e-01 -1.049083657562732697e-03 2.001050394028425217e-03 1.454508781433105469e+00 1.049842452630400658e-03 9.999994635581970215e-01 -3.544274950399994850e-04 -3.174507524818181992e-03 -2.000670181587338448e-03 3.565181395970284939e-04 9.999978542327880859e-01 1.910069957375526428e-02 6.122550582885742188e+01
8.528509000000000000e+07 9.999999906157712726e-01 -8.613469910241559164e-05 1.065329576793265227e-04 1.438592686466535486e+00 8.612633317343994959e-05 9.999999932075591680e-01 7.853111726561839631e-05 -9.182816630986842098e-04 -1.065397212098214146e-04 -7.852194123571460196e-05 9.999999912417962822e-01 1.726887506914751361e-02 9.999954104423522949e-01 -2.287104725837707520e-04 3.042159369215369225e-03 1.442965745925903320e+00 2.314951125299558043e-04 9.999995231628417969e-01 -9.530680836178362370e-04 -1.092486176639795303e-02 -3.041952149942517281e-03 9.537758305668830872e-04 9.999949336051940918e-01 1.699857041239738464e-02 6.106524658203125000e+01
8.538871000000000000e+07 9.999999699940756992e-01 -2.245752456562603860e-04 9.786627456261004835e-05 1.438161147379390270e+00 2.245677261183028073e-04 9.999999718325490727e-01 7.683904148908759753e-05 -8.582098380160319701e-04 -9.788352795230064959e-05 -7.681706157708112796e-05 9.999999922589770662e-01 1.730218273287295952e-02 9.999998211860656738e-01 -1.593123597558587790e-04 4.940670914947986603e-04 1.437091231346130371e+00 1.606746227480471134e-04 9.999966025352478027e-01 -2.615139121189713478e-03 -9.155292063951492310e-03 -4.936466575600206852e-04 2.615210600197315216e-03 9.999964237213134766e-01 1.981159858405590057e-02 6.126521682739257812e+01
8.549246000000000000e+07 9.999999504457111055e-01 -2.955126307325936486e-04 1.085396839798009237e-04 1.418947101186306625e+00 2.955052571949981521e-04 9.999999540301428569e-01 6.794378236414427754e-05 -7.579213183322055895e-04 -1.085597572355950037e-04 -6.791170495083992485e-05 9.999999918013898759e-01 1.704404857121995243e-02 1.000000000000000000e+00 -1.491257280576974154e-04 9.163032518699765205e-05 1.428434729576110840e+00 1.490782597102224827e-04 9.999998807907104492e-01 1.430491829523816705e-04 -6.922799628227949142e-03 -9.164786024484783411e-05 -1.430319389328360558e-04 1.000000000000000000e+00 2.290068939328193665e-02 6.118054580688476562e+01
8.559611000000000000e+07 9.999998194088980386e-01 5.865203068051523441e-04 1.310575893030634488e-04 1.427148920144124533e+00 -5.865348184545897924e-04 9.999998218593851851e-01 1.107162832640791597e-04 -1.035843653231188592e-03 -1.309926286062764833e-04 -1.107931331110388688e-04 9.999999852829060121e-01 1.689622952988118626e-02 9.999994635581970215e-01 7.017715252004563808e-04 -8.495463407598435879e-04 1.417778015136718750e+00 -7.020321791060268879e-04 9.999997615814208984e-01 -3.339504764880985022e-04 -6.987734697759151459e-03 8.493055938743054867e-04 3.345469012856483459e-04 9.999995231628417969e-01 2.177103236317634583e-02 6.093782424926757812e+01
8.569975000000000000e+07 9.999996210474335623e-01 8.583315123197955742e-04 1.455060662398141428e-04 1.415246887035020329e+00 -8.583501414371890207e-04 9.999996234234331816e-01 1.280157707158176771e-04 -1.013097316103948051e-03 -1.453961314771829837e-04 -1.281406173546065935e-04 9.999999812199736882e-01 1.660227382474561628e-02 9.999992847442626953e-01 9.409039048478007317e-04 6.062798784114420414e-04 1.410735368728637695e+00 -9.412241633981466293e-04 9.999992847442626953e-01 6.960551254451274872e-04 -5.318577867001295090e-03 -6.056177080608904362e-04 -6.966297514736652374e-04 9.999995231628417969e-01 2.211272343993186951e-02 6.094876861572265625e+01
8.580345000000000000e+07 9.999997289853301830e-01 7.212815728585347461e-04 1.475878376922748893e-04 1.400258475606616981e+00 -7.213002219945635965e-04 9.999997318813859115e-01 1.263453870795119003e-04 -8.725407144629586213e-04 -1.474966675235623030e-04 -1.264518079759901494e-04 9.999999811273369010e-01 1.641280653125913591e-02 9.999995827674865723e-01 7.925225072540342808e-04 5.198104190640151501e-04 1.396277785301208496e+00 -7.932042353786528111e-04 9.999991059303283691e-01 1.155593781732022762e-03 -6.119974888861179352e-03 -5.188985960558056831e-04 -1.156000886112451553e-03 9.999992251396179199e-01 2.357679605484008789e-02 6.078668975830078125e+01
8.590711000000000000e+07 9.999999156661028010e-01 3.824918155512883346e-04 1.495586707539534586e-04 1.385632504885151883e+00 -3.825084798083529789e-04 9.999999206375164151e-01 1.114101496852937202e-04 -7.058457160847551610e-04 -1.495160454135709984e-04 -1.114673477502536912e-04 9.999999826099909006e-01 1.629034151851359649e-02 9.999998211860656738e-01 5.219671293161809444e-04 2.756681060418486595e-04 1.380220890045166016e+00 -5.223114858381450176e-04 9.999989271163940430e-01 1.323485514149069786e-03 -4.389788024127483368e-03 -2.749667328316718340e-04 -1.323627424426376820e-03 9.999991655349731445e-01 2.382448501884937286e-02 6.107305526733398438e+01
8.601084000000000000e+07 9.999997847289125996e-01 6.356135381063783996e-04 1.629035150558727843e-04 1.359894982594542112e+00 -6.356337842296159567e-04 9.999997902643888992e-01 1.242612861510228751e-04 -5.560348023081422954e-04 -1.628244987328551427e-04 -1.243648063796981128e-04 9.999999790107884090e-01 1.583793572024088520e-02 9.999992847442626953e-01 6.811427883803844452e-04 9.395187953487038612e-04 1.355121493339538574e+00 -6.811363273300230503e-04 9.999997615814208984e-01 -4.445485956239281222e-06 -4.989645909518003464e-03 -9.395274100825190544e-04 3.798864099735510536e-06 9.999994635581970215e-01 2.033278532326221466e-02 6.093340682983398438e+01
8.611446000000000000e+07 9.999994330062098591e-01 1.050239079228679727e-03 1.760261098853243894e-04 1.342453366967363282e+00 -1.050262345530746967e-03 9.999994397445420846e-01 1.321350178182548684e-04 -5.266577274188641127e-04 -1.758872379131554359e-04 -1.323198164844249292e-04 9.999999757775737130e-01 1.553833015501357266e-02 9.999942779541015625e-01 8.533687796443700790e-04 3.267861902713775635e-03 1.335947275161743164e+00 -8.565487805753946304e-04 9.999991655349731445e-01 9.441905422136187553e-04 -2.261029789224267006e-03 -3.267053980380296707e-03 -9.469798533245921135e-04 9.999941587448120117e-01 2.155355922877788544e-02 6.102876663208007812e+01
8.621821000000000000e+07 9.999996548478899960e-01 8.118054046727388650e-04 1.768505718734084261e-04 1.317597084700337096e+00 -8.118245565717215973e-04 9.999996646114416299e-01 1.082493946374251688e-04 -3.533713149806735443e-04 -1.767626351210817163e-04 -1.083929289039277914e-04 9.999999785029728416e-01 1.531329863873612945e-02 9.999952316284179688e-01 8.618391002528369427e-04 2.971724374219775200e-03 1.308774948120117188e+00 -8.640090236440300941e-04 9.999993443489074707e-01 7.407541852444410324e-04 -4.513156600296497345e-03 -2.971093868836760521e-03 -7.433252176269888878e-04 9.999953508377075195e-01 2.134251594543457031e-02 6.090150451660156250e+01
8.632183000000000000e+07 9.999998989534787386e-01 4.145086375649107064e-04 1.739989431841352282e-04 1.272607247401392083e+00 -4.145210161221193706e-04 9.999999115577390407e-01 7.111153549365721962e-05 -5.498034702159550614e-05 -1.739694514511099758e-04 -7.118365452308185080e-05 9.999999823337594185e-01 1.488910598545396639e-02 9.999994635581970215e-01 4.631000047083944082e-04 -8.294347790069878101e-04 1.280828595161437988e+00 -4.631289921235293150e-04 9.999998211860656738e-01 -1.014613881125114858e-04 -7.502000313252210617e-03 8.293841383419930935e-04 1.018537222989834845e-04 9.999996423721313477e-01 2.090182900428771973e-02 6.118806457519531250e+01
8.642559000000000000e+07 9.999998011048961688e-01 6.037337424278102710e-04 1.824711729169860091e-04 1.253987862735667314e+00 -6.037468583476299005e-04 9.999998151648642475e-01 7.183287245847951160e-05 -1.098175437147074895e-05 -1.824277712601816493e-04 -7.194302457069501897e-05 9.999999807721542400e-01 1.462409231151413566e-02 9.999871253967285156e-01 5.469516618177294731e-04 -5.044573917984962463e-03 1.246453285217285156e+00 -5.569231580011546612e-04 9.999979734420776367e-01 -1.962102251127362251e-03 -1.204494014382362366e-02 5.043501500040292740e-03 1.964886207133531570e-03 9.999853968620300293e-01 2.181507088243961334e-02 6.119302368164062500e+01
8.652921000000000000e+07 9.999999705266144900e-01 1.654373648825563749e-04 1.776998858448752036e-04 1.216712117578670371e+00 -1.654435597111008802e-04 9.999999857070559495e-01 3.484705132710209436e-05 2.516327424687813405e-04 -1.776941183007619510e-04 -3.487644960127377563e-05 9.999999836042169354e-01 1.430871076490928054e-02 9.999988079071044922e-01 2.427242579869925976e-04 -1.562896883115172386e-03 1.224975228309631348e+00 -2.434228663332760334e-04 9.999998211860656738e-01 -4.841273766942322254e-04 -6.398930214345455170e-03 1.562780118547379971e-03 4.845079092774540186e-04 9.999986886978149414e-01 2.265341766178607941e-02 6.093900680541992188e+01
8.663298000000000000e+07 9.999998855475483728e-01 -4.486553923510978523e-04 1.661723268187797965e-04 1.199634756307678352e+00 4.486558057083716092e-04 9.999998993509828793e-01 -2.450253135126713592e-06 4.283828197561431132e-04 -1.661712107744806109e-04 2.524807029597995874e-06 9.999999861903777765e-01 1.426853303197930106e-02 9.999929666519165039e-01 -4.596168291755020618e-04 3.700888482853770256e-03 1.203018426895141602e+00 4.625258734449744225e-04 9.999995827674865723e-01 -7.985043921507894993e-04 -7.334468886256217957e-03 -3.700520843267440796e-03 8.002103422768414021e-04 9.999928474426269531e-01 2.332802861928939819e-02 6.129103851318359375e+01
8.673673000000000000e+07 9.999992168590814412e-01 -1.241811888722575566e-03 1.555137019444469582e-04 1.158740568390907111e+00 1.241821479686018711e-03 9.999992270426828478e-01 -6.159142268141134288e-05 7.282444344102768094e-04 -1.554370967807370662e-04 6.178449469537105568e-05 9.999999860109929362e-01 1.400861244565088266e-02 9.999973773956298828e-01 -1.381002366542816162e-03 1.829884247854351997e-03 1.165139913558959961e+00 1.381976180709898472e-03 9.999989271163940430e-01 -5.014295456930994987e-04 -6.365475244820117950e-03 -1.829186221584677696e-03 5.039494135417044163e-04 9.999982118606567383e-01 2.145529352128505707e-02 6.240748977661132812e+01
8.684034000000000000e+07 9.999990076325406818e-01 -1.399874316509805081e-03 1.583852077713720564e-04 1.121216606360411427e+00 1.399888193324064396e-03 9.999990163246600394e-01 -8.753742286893900141e-05 9.244079603117926792e-04 -1.582625105843507021e-04 8.775905757729183620e-05 9.999999836256630026e-01 1.361893266922440879e-02 9.999983906745910645e-01 -1.673829043284058571e-03 5.927853053435683250e-04 1.131764054298400879e+00 1.673558144830167294e-03 9.999985098838806152e-01 5.089396145194768906e-04 -3.813836257904767990e-03 -5.936347879469394684e-04 -5.079514812678098679e-04 9.999997019767761230e-01 2.124729938805103302e-02 6.185523223876953125e+01
8.694409000000000000e+07 9.999979356113779527e-01 -2.026499743823631777e-03 1.485652055357283819e-04 1.096403620256025002e+00 2.026519155872937451e-03 9.999979380758075020e-01 -1.306296066347570209e-04 1.098559215718518389e-03 -1.483001783315053513e-04 1.309304072103508018e-04 9.999999804321418884e-01 1.349887832661849155e-02 9.999973177909851074e-01 -1.991486642509698868e-03 1.240614568814635277e-03 1.097485899925231934e+00 1.989933196455240250e-03 9.999971985816955566e-01 1.278123818337917328e-03 -3.166351933032274246e-03 -1.243162201717495918e-03 -1.275651738978922367e-03 9.999983906745910645e-01 1.878837309777736664e-02 6.161164855957031250e+01
8.704771000000000000e+07 9.999972864859992816e-01 -2.326076908027519333e-03 1.280109705049442201e-04 1.054153768923391299e+00 2.326095628438929613e-03 9.999972839359638765e-01 -1.462866186582176199e-04 1.525615511052590134e-03 -1.276703488903431320e-04 1.465839874689269830e-04 9.999999811067079580e-01 1.293973561109356719e-02 9.999936223030090332e-01 -2.416679635643959045e-03 2.604203531518578529e-03 1.063771367073059082e+00 2.419418655335903168e-03 9.999964833259582520e-01 -1.077073276974260807e-03 -7.994615472853183746e-03 -2.601584419608116150e-03 1.083372859284281731e-03 9.999960064888000488e-01 2.054936625063419342e-02 6.157875061035156250e+01
8.715136000000000000e+07 9.999968388019649934e-01 -2.511821081111672953e-03 1.146349343369430204e-04 1.022086367350969693e+00 2.511839189223193623e-03 9.999968328302453191e-01 -1.580936469849746745e-04 1.854460904569647101e-03 -1.142374683281207882e-04 1.583810917294947685e-04 9.999999809326158839e-01 1.246903322339722522e-02 9.999908208847045898e-01 -2.197817433625459671e-03 3.698591375723481178e-03 1.023787021636962891e+00 2.200611401349306107e-03 9.999973773956298828e-01 -7.365487399511039257e-04 -1.093065366148948669e-02 -3.696972969919443130e-03 7.446834933944046497e-04 9.999929070472717285e-01 2.199596911668777466e-02 6.244527816772460938e+01
8.725496000000000000e+07 9.999995099079476146e-01 -9.796258609865472755e-04 1.432377242892840638e-04 9.793846860993549175e-01 9.796391151852788803e-04 9.999995158761025849e-01 -9.249201534700781182e-05 1.763782008407177712e-03 -1.431470473751052122e-04 9.263229129365995937e-05 9.999999854640907460e-01 1.146005295284036919e-02 9.999980926513671875e-01 -1.121498877182602882e-03 1.588972401805222034e-03 9.891550540924072266e-01 1.116474508307874203e-03 9.999944567680358887e-01 3.104850184172391891e-03 2.154845977202057838e-03 -1.592447282746434212e-03 -3.103071125224232674e-03 9.999938607215881348e-01 2.740493044257164001e-02 6.191555023193359375e+01
8.735871000000000000e+07 9.999997667682080094e-01 -6.722020641478548874e-04 1.208632062231763645e-04 9.433219448539384988e-01 6.722142626556262780e-04 9.999997689719527516e-01 -1.009159358348031836e-04 1.219575836314793545e-03 -1.207953424000092089e-04 1.009971582690558155e-04 9.999999876040295277e-01 1.077626923740620385e-02 9.999997615814208984e-01 -4.469589621294289827e-04 -5.913673667237162590e-04 9.416661858558654785e-01 4.461636708583682775e-04 9.999990463256835938e-01 -1.303704339079558849e-03 -4.264094866812229156e-03 5.919446703046560287e-04 1.303448458202183247e-03 9.999989867210388184e-01 2.554082497954368591e-02 6.123206329345703125e+01
8.746246000000000000e+07 9.999994342960112359e-01 -1.060126039031108634e-03 8.683602055277552564e-05 8.988288830793693673e-01 1.060137815575149358e-03 9.999994288486121485e-01 -1.356846250083237253e-04 1.077760987500386673e-03 -8.669212815925072494e-05 1.357766063956215104e-04 9.999999870245945832e-01 1.011011621309900778e-02 9.999965429306030273e-01 -7.276887772604823112e-04 -2.492057858034968376e-03 9.008474349975585938e-01 7.249428308568894863e-04 9.999991059303283691e-01 -1.139610656537115574e-03 -4.868671763688325882e-03 2.492891391739249229e-03 1.137785380706191063e-03 9.999962449073791504e-01 2.300883084535598755e-02 6.140406417846679688e+01
8.756621000000000000e+07 9.999998509722782813e-01 -5.389786339856626491e-04 8.693353863404971885e-05 8.507861652551441667e-01 5.389799694237346235e-04 9.999998546326382964e-01 -1.533890116991409012e-05 1.016327313698379801e-03 -8.692525865638156307e-05 1.538575432207882853e-05 9.999999961036387663e-01 9.321091013081329521e-03 9.999999403953552246e-01 -1.763812033459544182e-04 -1.822892372729256749e-04 8.622384071350097656e-01 1.765008928487077355e-04 9.999997019767761230e-01 8.142197038978338242e-04 -6.557924207299947739e-03 1.821507757995277643e-04 -8.142448496073484421e-04 9.999997019767761230e-01 2.453085966408252716e-02 6.088595199584960938e+01
8.766986000000000000e+07 9.999999039679959845e-01 -4.345574680087359526e-04 5.677865556637288574e-05 8.001567524665773590e-01 4.345505467313138864e-04 9.999998981586132318e-01 1.218548156115216013e-04 1.481716310365454366e-03 -5.683160270135386344e-05 -1.218301307150173191e-04 9.999999909637945494e-01 9.157169741372593250e-03 1.000000000000000000e+00 -1.661838759901002049e-04 -3.282246179878711700e-04 8.162786364555358887e-01 1.667389587964862585e-04 9.999985098838806152e-01 1.730691175907850266e-03 -7.729261647909879684e-03 3.279294178355485201e-04 -1.730745425447821617e-03 9.999984502792358398e-01 2.257396094501018524e-02 6.126678466796875000e+01
8.777359000000000000e+07 9.999967344658092783e-01 2.555431770321945489e-03 -2.874639736581737011e-05 7.600998097919275942e-01 -2.555428796994895640e-03 9.999967295822168589e-01 1.029985668567595761e-04 -1.081346480790940654e-03 2.900950915626635248e-05 -1.029247711417049545e-04 9.999999942824701060e-01 9.275721569074935405e-03 9.999967217445373535e-01 2.528051380068063736e-03 1.920080394484102726e-04 7.770561575889587402e-01 -2.528780838474631310e-03 9.999891519546508789e-01 3.920291084796190262e-03 -6.471138447523117065e-03 -1.820827019400894642e-04 -3.920765593647956848e-03 9.999922513961791992e-01 2.210344187915325165e-02 6.149139022827148438e+01
8.787734000000000000e+07 9.999662488198252097e-01 8.215096517604304760e-03 1.158070035934051121e-04 7.307539374741716109e-01 -8.215080028105010979e-03 9.999662455572824182e-01 -1.421515137079393883e-04 -6.965193220808914287e-03 -1.169708829831471160e-04 1.411953521362665901e-04 9.999999831908426007e-01 8.838901287072542523e-03 9.999608397483825684e-01 8.838633075356483459e-03 -5.699628964066505432e-04 7.380576133728027344e-01 -8.836200460791587830e-03 9.999529123306274414e-01 4.008392803370952606e-03 -8.218637667596340179e-03 6.053561228327453136e-04 -4.003199283033609390e-03 9.999918341636657715e-01 1.817245595157146454e-02 6.245942306518554688e+01
8.798121000000000000e+07 9.998715163472513545e-01 1.602839943191664354e-02 2.029797344699930939e-04 6.960447281403183695e-01 -1.602826937326489939e-02 9.998713424857953447e-01 -6.269355735776218274e-04 -1.484148949142077324e-02 -2.130023937180731497e-04 6.236016086356590106e-04 9.999997828754764173e-01 7.925871812447100179e-03 9.998737573623657227e-01 1.588627882301807404e-02 -2.311486459802836180e-04 6.938571929931640625e-01 -1.588511653244495392e-02 9.998626112937927246e-01 4.733299370855093002e-03 -1.811790466308593750e-02 3.063092881347984076e-04 -4.729034844785928726e-03 9.999887943267822266e-01 1.948032528162002563e-02 6.254995346069335938e+01
8.808521000000000000e+07 9.997276692519065922e-01 2.333589693634578396e-02 1.525096117620515794e-04 6.669009182892120524e-01 -2.333571958969537716e-02 9.997271056541192635e-01 -1.076301328627052648e-03 -2.145271738895578734e-02 -1.775844490367940482e-04 1.072449297237155520e-03 9.999994091579735844e-01 7.604935675921440513e-03 9.997294545173645020e-01 2.326013706624507904e-02 -6.800517439842224121e-05 6.681518554687500000e-01 -2.325938455760478973e-02 9.997131228446960449e-01 5.718260072171688080e-03 -1.393873151391744614e-02 2.009921590797603130e-04 -5.715125706046819687e-03 9.999836087226867676e-01 1.464015711098909378e-02 6.215628814697265625e+01
8.818921000000000000e+07 9.995583941178530774e-01 2.971559780380118518e-02 -3.902706086115700652e-06 6.326407979600615628e-01 -2.971558213513901883e-02 9.995577138519247118e-01 -1.166566347574390016e-03 -2.687187265639590789e-02 -3.076423565614056247e-05 1.166167156205464650e-03 9.999993195536462931e-01 7.191342948460984104e-03 9.995866417884826660e-01 2.868919260799884796e-02 -1.844962709583342075e-03 6.436950564384460449e-01 -2.868491970002651215e-02 9.995859265327453613e-01 2.244238043203949928e-03 -2.388564124703407288e-02 1.908583566546440125e-03 -2.190399449318647385e-03 9.999957680702209473e-01 1.138484198600053787e-02 6.180307388305664062e+01
8.829333000000000000e+07 9.994317236086303069e-01 3.370796757565165669e-02 -5.238433400928692231e-05 6.194216734849521400e-01 -3.370800329806671047e-02 9.994312139435019837e-01 -1.009498178583419269e-03 -3.006338677226413902e-02 1.832640598543763778e-05 1.010690275928533130e-03 9.999994890845138595e-01 6.466386560540628853e-03 9.994526505470275879e-01 3.300004452466964722e-02 -2.331760479137301445e-03 5.903424024581909180e-01 -3.299842774868011475e-02 9.994552135467529297e-01 7.458671461790800095e-04 -4.243244975805282593e-02 2.355113159865140915e-03 -6.685081752948462963e-04 9.999970793724060059e-01 9.767667390406131744e-03 6.236032104492187500e+01
8.839746000000000000e+07 9.992200816566243482e-01 3.948703024046094218e-02 5.250511201591595166e-05 5.985711948941728755e-01 -3.948698658288311153e-02 9.992198626958226360e-01 -6.661715885751156360e-04 -3.443323488771403429e-02 -7.876929016875878966e-05 6.635787603132027590e-04 9.999997767292746476e-01 4.869064432760331247e-03 9.992426037788391113e-01 3.886171057820320129e-02 -1.987912226468324661e-03 6.254313588142395020e-01 -3.886695206165313721e-02 9.992408156394958496e-01 -2.637395402416586876e-03 -2.572728320956230164e-02 1.883903401903808117e-03 2.712666057050228119e-03 9.999945163726806641e-01 9.329644963145256042e-03 6.226214218139648438e+01
8.850159000000000000e+07 9.989531150125483538e-01 4.574467736100400889e-02 3.140383750136645897e-04 5.797560261709164831e-01 -4.574452634252582778e-02 9.989530596293635378e-01 -4.723209446542691735e-04 -3.950922210741690532e-02 -3.353157635631099135e-04 4.574609430830273355e-04 9.999998391464084424e-01 3.639018805440105610e-03 9.989902377128601074e-01 4.492656514048576355e-02 3.574008005671203136e-04 5.554413199424743652e-01 -4.492714256048202515e-02 9.989887475967407227e-01 1.737144775688648224e-03 -4.728465899825096130e-02 -2.789850113913416862e-04 -1.751447794958949089e-03 9.999985098838806152e-01 1.225688587874174118e-02 6.265423965454101562e+01
8.860584000000000000e+07 9.987481208164618041e-01 5.001868495253677244e-02 5.677165697133215597e-04 5.775891372766880361e-01 -5.001844816994754223e-02 9.987482040730230048e-01 -4.238920630125902491e-04 -4.283092622354001122e-02 -5.882084281337204281e-04 3.949650993247231395e-04 9.999997490066743211e-01 3.215225877801417432e-03 9.987506866455078125e-01 4.994245991110801697e-02 1.698034349828958511e-03 6.148233413696289062e-01 -4.994602501392364502e-02 9.987496137619018555e-01 2.133548259735107422e-03 -1.911478117108345032e-02 -1.589361694641411304e-03 -2.215687884017825127e-03 9.999962449073791504e-01 9.231682866811752319e-03 6.237638473510742188e+01
8.871010000000000000e+07 9.985979391360255697e-01 5.292997800861513197e-02 7.572192442494111173e-04 5.782022248088133365e-01 -5.292968846177988768e-02 9.985981624790936095e-01 -3.974574324297505765e-04 -4.510334381277551763e-02 -7.771951590613187513e-04 3.568207942188214490e-04 9.999996343232359086e-01 3.133857921215549031e-03 9.985991716384887695e-01 5.288212001323699951e-02 1.760661369189620018e-03 6.167626380920410156e-01 -5.288568884134292603e-02 9.985984563827514648e-01 2.045609522610902786e-03 -1.088137924671173096e-02 -1.650015125051140785e-03 -2.135859103873372078e-03 9.999963641166687012e-01 8.079512044787406921e-03 6.237472152709960938e+01
8.881434000000000000e+07 9.984305600466659714e-01 5.599564749991797069e-02 9.509308911167481046e-04 5.570935691060512340e-01 -5.599542189576740131e-02 9.984309911015958328e-01 -2.622559470727876818e-04 -4.716806727812199868e-02 -9.641240634706326265e-04 2.085965764148899060e-04 9.999995134760176763e-01 2.759492055340069441e-03 9.984409809112548828e-01 5.574899539351463318e-02 2.769450657069683075e-03 5.201802253723144531e-01 -5.575549602508544922e-02 9.984417557716369629e-01 2.340475330129265785e-03 -6.422512233257293701e-02 -2.634661039337515831e-03 -2.491244580596685410e-03 9.999933838844299316e-01 1.205246988683938980e-02 6.188496017456054688e+01
8.891859000000000000e+07 9.981546098016552682e-01 6.071277791027979154e-02 1.154632384738997443e-03 5.671515186375618578e-01 -6.071235154383552990e-02 9.981552230740684539e-01 -4.008315277025890759e-04 -5.060408369696247494e-02 -1.176837943209456091e-03 3.299913830859725768e-04 9.999992530787206180e-01 3.107462640848566559e-03 9.982079267501831055e-01 5.984162911772727966e-02 -7.840050238883122802e-05 5.963922739028930664e-01 -5.984148010611534119e-02 9.982065558433532715e-01 1.620524679310619831e-03 -5.719453911297023296e-04 1.752363896230235696e-04 -1.612927764654159546e-03 9.999987483024597168e-01 1.335719972848892212e-02 6.174111938476562500e+01
8.902284000000000000e+07 9.979727244547497156e-01 6.363887260857940820e-02 7.315790997192510824e-04 5.384757304225873398e-01 -6.363795504447262996e-02 9.979723106652305109e-01 -1.215686546139973633e-03 -5.322241191463642634e-02 -8.074606045034488956e-04 1.166665817527321337e-03 9.999989934486320786e-01 3.353378286072731217e-03 9.980191588401794434e-01 6.287484616041183472e-02 -2.107879379764199257e-03 4.799564182758331299e-01 -6.287230551242828369e-02 9.980208277702331543e-01 1.255822833627462387e-03 -8.988272398710250854e-02 2.182665048167109489e-03 -1.120807370170950890e-03 9.999969601631164551e-01 1.687531918287277222e-02 6.160492706298828125e+01
8.912709000000000000e+07 9.978646609723293981e-01 6.530875201867739066e-02 9.408037912054187119e-04 5.597166257127295097e-01 -6.530780376443887092e-02 9.978646597558273879e-01 -1.005682497002428942e-03 -5.411402281801961506e-02 -1.004474726506497965e-03 9.420931918516478164e-04 9.999990517449811600e-01 3.281448548487123085e-03 9.978642463684082031e-01 6.527947634458541870e-02 -2.356206066906452179e-03 5.729755759239196777e-01 -6.526952236890792847e-02 9.978594779968261719e-01 4.049575421959161758e-03 5.191190633922815323e-03 2.615513978525996208e-03 -3.887144615873694420e-03 9.999889135360717773e-01 6.416569463908672333e-03 6.193423843383789062e+01
8.923134000000000000e+07 9.977233123209322541e-01 6.743972656370247898e-02 2.745109571532748779e-04 5.072857764378604362e-01 -6.743897972999599033e-02 9.977210600798886997e-01 -2.161089995587789445e-03 -5.654218798401863810e-02 -4.196286807946388855e-04 2.137657129869378978e-03 9.999976271640799164e-01 3.477223746333303524e-03 9.978032708168029785e-01 6.614242494106292725e-02 -3.714760532602667809e-03 4.618071317672729492e-01 -6.613426655530929565e-02 9.978080987930297852e-01 2.278827130794525146e-03 -1.106909736990928650e-01 3.857345785945653915e-03 -2.028147689998149872e-03 9.999905228614807129e-01 2.550989622250199318e-03 6.156889724731445312e+01
8.933559000000000000e+07 9.976578210179258832e-01 6.840227789768711653e-02 -2.160817671368132681e-05 4.707227628262569130e-01 -6.840208112711280986e-02 9.976540872708243857e-01 -2.734479095351754433e-03 -5.767705831511692194e-02 -1.654871160947703223e-04 2.729552500067231654e-03 9.999962610715336098e-01 3.075111765076311496e-03 9.978560805320739746e-01 6.533066928386688232e-02 -3.895200323313474655e-03 5.384544730186462402e-01 -6.534379720687866211e-02 9.978572130203247070e-01 -3.348024562001228333e-03 -1.001565158367156982e-02 3.668130841106176376e-03 3.595376852899789810e-03 9.999868869781494141e-01 5.723679438233375549e-03 6.161536026000976562e+01
8.943959000000000000e+07 9.976718551252895528e-01 6.819725301692654285e-02 6.273423439633181128e-05 4.829080539724708854e-01 -6.819686791160563255e-02 9.976685822530174663e-01 -2.566506525385476092e-03 -5.743485250127254582e-02 -2.376166784424123398e-04 2.556253047555643969e-03 9.999967045487383466e-01 3.266123615358420586e-03 9.979059100151062012e-01 6.466623395681381226e-02 -1.414862228557467461e-03 5.377812981605529785e-01 -6.467318534851074219e-02 9.978905916213989258e-01 -5.623644683510065079e-03 -1.383969001471996307e-02 1.048212288878858089e-03 5.703370552510023117e-03 9.999831318855285645e-01 4.801784176379442215e-03 6.135907363891601562e+01
8.954371000000000000e+07 9.976949723677042137e-01 6.785814694500130750e-02 1.178192041270702321e-04 4.888814003077923132e-01 -6.785765685101749489e-02 9.976920138662052073e-01 -2.446170495830208170e-03 -5.708603504943837725e-02 -2.835398804548673493e-04 2.432537069753096335e-03 9.999970011796931457e-01 3.316806191407778784e-03 9.978528618812561035e-01 6.549287587404251099e-02 -5.794227472506463528e-04 4.595042467117309570e-01 -6.549178063869476318e-02 9.978513717651367188e-01 1.882862532511353493e-03 -1.173786222934722900e-01 7.014959119260311127e-04 -1.840863493271172047e-03 9.999980926513671875e-01 8.197207003831863403e-03 6.137369537353515625e+01
8.964784000000000000e+07 9.977531156462573492e-01 6.699774552430316776e-02 1.496380649676663441e-04 4.867096149979006081e-01 -6.699721488743580478e-02 9.977504292981025369e-01 -2.335403942868543442e-03 -5.639137880035064582e-02 -3.057682398871367294e-04 2.320131226963149246e-03 9.999972617447354661e-01 3.268270167493664106e-03 9.979060888290405273e-01 6.467811018228530884e-02 3.184416855219751596e-04 5.288693308830261230e-01 -6.467886269092559814e-02 9.978973269462585449e-01 4.201663658022880554e-03 2.237275708466768265e-03 -4.601827458827756345e-05 -4.213469102978706360e-03 9.999911189079284668e-01 3.646218916401267052e-03 6.150774383544921875e+01
8.975184000000000000e+07 9.977431988228366855e-01 6.714529920826782516e-02 1.353964888402766102e-04 4.845417873645104789e-01 -6.714479067055602324e-02 9.977404240899589993e-01 -2.371404269972772136e-03 -5.652570218090988141e-02 -2.943191876444468274e-04 2.356961314196668114e-03 9.999971790510202574e-01 3.241347770928680160e-03 9.978768229484558105e-01 6.512454897165298462e-02 8.005516137927770615e-04 4.733273983001708984e-01 -6.512594968080520630e-02 9.978753328323364258e-01 1.858132774941623211e-03 -1.208909451961517334e-01 -6.778323440812528133e-04 -1.906319055706262589e-03 9.999979734420776367e-01 5.450465250760316849e-03 6.212473678588867188e+01
8.985584000000000000e+07 9.977987982215753560e-01 6.631355201201073746e-02 2.667765800327508152e-04 4.980926017049104870e-01 -6.631285189449585837e-02 9.977966847658968907e-01 -2.093233502650448073e-03 -5.568599173700397587e-02 -4.049985332873519417e-04 2.070935157919563153e-03 9.999977735994431960e-01 3.354785073966546748e-03 9.979059696197509766e-01 6.467819213867187500e-02 -5.747879622504115105e-04 5.266982316970825195e-01 -6.467975676059722900e-02 9.979004859924316406e-01 -3.309624968096613884e-03 -1.067873463034629822e-02 3.595298330765217543e-04 3.339876653626561165e-03 9.999943971633911133e-01 1.055621076375246048e-02 6.141449737548828125e+01
8.995974000000000000e+07 9.977737264210830848e-01 6.669021168605308858e-02 8.172139404142523406e-05 4.671959553015133659e-01 -6.668982491820503455e-02 9.977708768755871871e-01 -2.396802207802170397e-03 -5.611609363362200092e-02 -2.413824682453635448e-04 2.386016285274098099e-03 9.999971243263569010e-01 2.804034527272859442e-03 9.979052543640136719e-01 6.457889080047607422e-02 -3.853217465803027153e-03 5.269729495048522949e-01 -6.458908319473266602e-02 9.979085922241210938e-01 -2.592445351183414459e-03 -7.961365394294261932e-03 3.677727887406945229e-03 2.835881896317005157e-03 9.999892115592956543e-01 -8.044487331062555313e-04 6.150585556030273438e+01
9.006371000000000000e+07 9.977250433198295854e-01 6.741466922895222869e-02 -1.701883022646696647e-05 4.572430247675622339e-01 -6.741448231602295560e-02 9.977216155762992367e-01 -2.620185166015011335e-03 -5.677634952088917580e-02 -1.596588621007346534e-04 2.615371673881187846e-03 9.999965671641236620e-01 2.655327890203056096e-03 9.978325963020324707e-01 6.523208320140838623e-02 -8.649109862744808197e-03 4.917077720165252686e-01 -6.522095203399658203e-02 9.978696703910827637e-01 1.563193392939865589e-03 -1.389282345771789551e-01 8.732659742236137390e-03 -9.957093279808759689e-04 9.999613165855407715e-01 1.064123958349227905e-02 6.132048034667968750e+01
9.016759000000000000e+07 9.976643986153816979e-01 6.830627453188657661e-02 2.564153708615320127e-05 4.783019257415185854e-01 -6.830597027675254507e-02 9.976609434140870647e-01 -2.633718523815047063e-03 -5.755995739116412380e-02 -2.054810582009633968e-04 2.625815737219819139e-03 9.999965314286554108e-01 3.214402425933652815e-03 9.977598190307617188e-01 6.633371859788894653e-02 -8.670303039252758026e-03 5.286135077476501465e-01 -6.629998236894607544e-02 9.977911710739135742e-01 4.120534285902976990e-03 4.469829611480236053e-03 8.924474939703941345e-03 -3.536457428708672523e-03 9.999539256095886230e-01 -1.252758968621492386e-02 6.126633453369140625e+01
9.027149000000000000e+07 9.976663920306368949e-01 6.827698169710673393e-02 1.555702116042023708e-04 4.968365138262214042e-01 -6.827640839597291789e-02 9.976635189566755990e-01 -2.415619793223153320e-03 -5.734669055147345595e-02 -3.201379454343635162e-04 2.399360909084564692e-03 9.999970702853079318e-01 3.409474402164524350e-03 9.978017807006835938e-01 6.600640714168548584e-02 -5.901170428842306137e-03 5.219661593437194824e-01 -6.599440425634384155e-02 9.978175759315490723e-01 2.218493493273854256e-03 -1.307386308908462524e-01 6.034726742655038834e-03 -1.824166276492178440e-03 9.999800920486450195e-01 -8.420189988100901246e-05 6.134051132202148438e+01
9.037547000000000000e+07 9.977337771138348188e-01 6.728471373517634635e-02 2.784623131399568269e-04 5.073386254290391806e-01 -6.728396756253059163e-02 9.977315705074224494e-01 -2.140364359608958131e-03 -5.640196468250445461e-02 -4.218444367275458323e-04 2.116777768903844916e-03 9.999976706469833054e-01 3.482818832480322896e-03 9.978738427162170410e-01 6.516614556312561035e-02 1.009756932035088539e-03 5.474625229835510254e-01 -6.516987085342407227e-02 9.978653192520141602e-01 4.201638512313365936e-03 6.838725879788398743e-03 -7.337682181969285011e-04 -4.258506465703248978e-03 9.999907612800598145e-01 5.423380644060671329e-04 6.141068649291992188e+01
9.047934000000000000e+07 9.977306875161384703e-01 6.732820652816629003e-02 6.229977036922717962e-04 5.382705234719533660e-01 -6.732713878237672755e-02 9.977296709480670822e-01 -1.600132886239825220e-03 -5.590040180798743624e-02 -7.293173635694584446e-04 1.554557035180160682e-03 9.999985257233248159e-01 3.456243572177851442e-03 9.977990984916687012e-01 6.630284339189529419e-02 1.007459824904799461e-03 5.549528598785400391e-01 -6.630560010671615601e-02 9.977947473526000977e-01 3.024942241609096527e-03 1.725940220057964325e-02 -8.046952425502240658e-04 -3.085095202550292015e-03 9.999948143959045410e-01 6.112671922892332077e-03 6.141753768920898438e+01
9.058309000000000000e+07 9.976650422869374202e-01 6.829399303341436578e-02 6.275871646557090776e-04 5.408729477636813332e-01 -6.829288344032154179e-02 9.976639579622558207e-01 -1.645905818795588430e-03 -5.655436582265658402e-02 -7.385265763315255636e-04 1.599202960739444035e-03 9.999984485629735964e-01 3.465014966233852245e-03 9.977374076843261719e-01 6.712725758552551270e-02 -3.743182867765426636e-03 5.687357783317565918e-01 -6.711759418249130249e-02 9.977415800094604492e-01 2.651788061484694481e-03 -1.340281516313552856e-01 3.912749234586954117e-03 -2.394555602222681046e-03 9.999895691871643066e-01 1.531525421887636185e-02 6.140844726562500000e+01
9.068697000000000000e+07 9.976835815617045577e-01 6.802361614712237881e-02 5.088168707675037178e-04 5.305276239056674337e-01 -6.802259576502800442e-02 9.976821420853728695e-01 -1.808312904898724816e-03 -5.651094052969032888e-02 -6.306454841045524423e-04 1.769513052616293602e-03 9.999982355534215994e-01 3.520531346176021797e-03 9.976893067359924316e-01 6.758617609739303589e-02 -6.936079822480678558e-03 5.592039823532104492e-01 -6.757432967424392700e-02 9.977123141288757324e-01 1.930151251144707203e-03 7.246771827340126038e-03 7.050662767142057419e-03 -1.456988858990371227e-03 9.999740719795227051e-01 1.380814355798065662e-03 6.129244613647460938e+01
9.079084000000000000e+07 9.975659140024500937e-01 6.972272029311232799e-02 9.947931872146221696e-04 5.748472441754103324e-01 -6.972152416545940312e-02 9.975657834659875656e-01 -1.190312581878953668e-03 -5.716368284573473957e-02 -1.075363474443484686e-03 1.118056763201584480e-03 9.999987967705413761e-01 3.315378262638343700e-03 9.976822733879089355e-01 6.770908832550048828e-02 -6.752976216375827789e-03 5.972645878791809082e-01 -6.768472492694854736e-02 9.976996779441833496e-01 3.775992430746555328e-03 -1.338445097208023071e-01 6.993066053837537766e-03 -3.310174215584993362e-03 9.999700188636779785e-01 1.614170707762241364e-02 6.127046585083007812e+01
9.089459000000000000e+07 9.976754730516267378e-01 6.813960390230108799e-02 8.028361111615802889e-04 5.547127669383716819e-01 -6.813845468447832232e-02 9.976749186684522597e-01 -1.381067560519581633e-03 -5.625732736764730429e-02 -8.950748545031572950e-04 1.323153215973384448e-03 9.999987240523880994e-01 3.376714832165431460e-03 9.976595640182495117e-01 6.801562756299972534e-02 -7.015134207904338837e-03 5.701872706413269043e-01 -6.799576431512832642e-02 9.976810216903686523e-01 3.037961199879646301e-03 9.881395846605300903e-03 7.205525878816843033e-03 -2.553849481046199799e-03 9.999707341194152832e-01 -4.886334296315908432e-03 6.121311950683593750e+01
9.099849000000000000e+07 9.977506839790909465e-01 6.702601462105377272e-02 1.042042417353711671e-03 5.722066697242154110e-01 -6.702502400020211859e-02 9.977508345664938272e-01 -9.582007990373495043e-04 -5.519328532389813913e-02 -1.103923074134776803e-03 8.862025825018826630e-04 9.999989979988834765e-01 3.248133832455011444e-03 9.978580474853515625e-01 6.524004787206649780e-02 -4.804231692105531693e-03 5.882884263992309570e-01 -6.522770971059799194e-02 9.978668093681335449e-01 2.667161170393228531e-03 -9.595558978617191315e-03 4.967969842255115509e-03 -2.348079811781644821e-03 9.999849796295166016e-01 -4.766026977449655533e-03 6.173440170288085938e+01
9.110209000000000000e+07 9.978835188133403644e-01 6.501129308725484002e-02 1.419316914791763284e-03 5.987427152325056623e-01 -6.501097406396280642e-02 9.978845124871664751e-01 -2.698115460799932995e-04 -5.329292363802415333e-02 -1.433855165739409332e-03 1.769693156863549519e-04 9.999989563700207862e-01 3.016906012988855405e-03 9.980109930038452148e-01 6.299933046102523804e-02 -2.231030259281396866e-03 6.515840888023376465e-01 -6.299944967031478882e-02 9.980135560035705566e-01 4.558510772767476737e-05 -1.223525926470756531e-01 2.229527803137898445e-03 9.507699724053964019e-05 9.999974370002746582e-01 2.044061664491891861e-03 6.117424011230468750e+01
9.120584000000000000e+07 9.981177697657414027e-01 6.131028747655112299e-02 1.402178745080996051e-03 6.106238315391812055e-01 -6.131027792397861220e-02 9.981187540143653392e-01 -4.983612691275920731e-05 -5.057829750718334516e-02 -1.402596369238056674e-03 -3.622564979130394756e-05 9.999990157050211437e-01 2.964825304676832300e-03 9.982213973999023438e-01 5.952665209770202637e-02 -3.263533581048250198e-03 6.169048547744750977e-01 -5.952074378728866577e-02 9.982253313064575195e-01 1.873500645160675049e-03 -1.552227605134248734e-02 3.369232406839728355e-03 -1.675924868322908878e-03 9.999929070472717285e-01 -4.625631554517894983e-04 6.125289535522460938e+01
9.130947000000000000e+07 9.984305573276415213e-01 5.599334044908649971e-02 1.080764747050005307e-03 6.344222150888367828e-01 -5.599313451777016698e-02 9.984311296062849950e-01 -2.198923629345348168e-04 -4.750351155614460086e-02 -1.091381675065230487e-03 1.590318492466422638e-04 9.999993917972764823e-01 3.190298126551583281e-03 9.985051751136779785e-01 5.461303517222404480e-02 -2.192313317209482193e-03 6.373846530914306641e-01 -5.460961535573005676e-02 9.985065460205078125e-01 1.559569267556071281e-03 -2.350072562694549561e-02 2.274193335324525833e-03 -1.437495695427060127e-03 9.999963641166687012e-01 -2.867839299142360687e-03 6.120512008666992188e+01
9.141297000000000000e+07 9.987288734665765721e-01 5.039864884667381167e-02 7.832125640048535984e-04 6.596000597843358904e-01 -5.039829827225113940e-02 9.987290918202961221e-01 -4.610926033136228787e-04 -4.370488270001396391e-02 -8.054556176220210775e-04 4.210339146514442297e-04 9.999995869857476460e-01 3.826710947450432873e-03 9.987413883209228516e-01 4.997383803129196167e-02 -4.258938599377870560e-03 6.942683458328247070e-01 -4.997215420007705688e-02 9.987505078315734863e-01 5.087607423774898052e-04 -8.694044500589370728e-02 4.279074259102344513e-03 -2.952704962808638811e-04 9.999908804893493652e-01 -4.416427575051784515e-03 6.113283157348632812e+01
9.151659000000000000e+07 9.990005356951108251e-01 4.469595323487702415e-02 4.488141085472002159e-04 6.877439706957356735e-01 -4.469550917704506049e-02 9.990001999341143746e-01 -9.549763333359022419e-04 -3.977021063091050468e-02 -4.910489619438098774e-04 9.339618933535828119e-04 9.999994432928912547e-01 5.571400875241502328e-03 9.990066885948181152e-01 4.422468692064285278e-02 -5.470012780278921127e-03 6.668515801429748535e-01 -4.423122853040695190e-02 9.990207552909851074e-01 -1.067190663889050484e-03 -2.184150926768779755e-02 5.417459178715944290e-03 1.308026374317705631e-03 9.999843835830688477e-01 -1.321566384285688400e-02 6.125164794921875000e+01
9.162022000000000000e+07 9.992655068974606314e-01 3.832024030241198281e-02 7.697072858066081249e-05 6.949805596853860790e-01 -3.832008375983739917e-02 9.992644103741210593e-01 -1.486390490538452500e-03 -3.485994399775468877e-02 -1.338729498578995780e-04 1.482349222254231071e-03 9.999988923588072343e-01 7.489510824117365934e-03 9.992954134941101074e-01 3.737805783748626709e-02 -3.373780054971575737e-03 6.871963739395141602e-01 -3.737568110227584839e-02 9.993010163307189941e-01 7.596401846967637539e-04 -2.491459809243679047e-02 3.399790264666080475e-03 -6.329916650429368019e-04 9.999940395355224609e-01 -1.001449488103389740e-02 6.152431869506835938e+01
9.172371000000000000e+07 9.994999610312782501e-01 3.161983555696896986e-02 1.178700638363002406e-04 7.122820035219921131e-01 -3.161961543474657577e-02 9.994987754047687245e-01 -1.548508845404859488e-03 -2.955906629344094705e-02 -1.667745797301374436e-04 1.544007524528847892e-03 9.999987941127693736e-01 8.399934783424876580e-03 9.994958043098449707e-01 3.174041584134101868e-02 8.917261147871613503e-04 7.292684912681579590e-01 -3.174050897359848022e-02 9.994961619377136230e-01 6.550357647938653827e-05 -4.261772707104682922e-02 -8.891362813301384449e-04 -9.380143455928191543e-05 9.999996423721313477e-01 -7.186292670667171478e-03 6.157849502563476562e+01
9.182724000000000000e+07 9.996660657077681700e-01 2.584029709024508389e-02 1.901240509133743037e-04 7.128070990080588309e-01 -2.584004346291404394e-02 9.996653293481136959e-01 -1.233483578985994193e-03 -2.431223920857184667e-02 -2.219340027521262651e-04 1.228158863008457693e-03 9.999992211852828383e-01 8.188644590563114167e-03 9.996405839920043945e-01 2.653678692877292633e-02 3.805021988227963448e-03 7.238462567329406738e-01 -2.654478512704372406e-02 9.996454119682312012e-01 2.087774453684687614e-03 -2.491467446088790894e-02 -3.748305141925811768e-03 -2.188052516430616379e-03 9.999905824661254883e-01 -3.428885713219642639e-03 6.185132980346679688e+01
9.193059000000000000e+07 9.997480407058293439e-01 2.244562343689411599e-02 2.216370262670732934e-04 7.354154063551699982e-01 -2.244538662128580525e-02 9.997475516025708941e-01 -1.018682349979286141e-03 -2.126994657332111766e-02 -2.444460334452233131e-04 1.013450955056400008e-03 9.999994565815334413e-01 8.401480933394028100e-03 9.997307062149047852e-01 2.292448095977306366e-02 3.604002064093947411e-03 7.424397468566894531e-01 -2.294646576046943665e-02 9.997174739837646484e-01 6.200259085744619370e-03 -1.362830307334661484e-02 -3.460865002125501633e-03 -6.281254813075065613e-03 9.999742507934570312e-01 -1.140807638876140118e-03 6.120751953125000000e+01
9.203413000000000000e+07 9.997894073780935198e-01 2.052030555049212668e-02 2.407888293285848091e-04 7.467003160967424780e-01 -2.052008201583141456e-02 9.997890388077732560e-01 -8.967377100772429797e-04 -1.948607980650413074e-02 -2.591393629683570038e-04 8.916078575048349240e-04 9.999995689410418054e-01 8.507099584511535265e-03 9.997811913490295410e-01 2.080593444406986237e-02 2.147649414837360382e-03 7.581090331077575684e-01 -2.081871218979358673e-02 9.997651576995849609e-01 6.022737361490726471e-03 -1.893627084791660309e-02 -2.021839376538991928e-03 -6.066125351935625076e-03 9.999794960021972656e-01 -3.241425612941384315e-03 6.151958465576171875e+01
9.213772000000000000e+07 9.998007050413811880e-01 1.996221749229010536e-02 2.451411994890159533e-04 7.644438640792512452e-01 -1.996199918128904391e-02 9.998003671179337415e-01 -8.628570157908764960e-04 -1.898405483153132317e-02 -2.623167996823679189e-04 8.577915446020968181e-04 9.999995976917233076e-01 8.623800336715115034e-03 9.997987151145935059e-01 2.000202611088752747e-02 1.564257545396685600e-03 7.563265562057495117e-01 -2.000698633491992950e-02 9.997944235801696777e-01 3.270498244091868401e-03 -1.373239234089851379e-02 -1.498514087870717049e-03 -3.301098011434078217e-03 9.999935030937194824e-01 8.114232914522290230e-04 6.137270355224609375e+01
9.224122000000000000e+07 9.997985531050624930e-01 2.006974108786648350e-02 2.423372213537663923e-04 7.709939383401740454e-01 -2.006952295750256618e-02 9.997982072094172556e-01 -8.712834078452323444e-04 -1.909790278079293718e-02 -2.597747507495268325e-04 8.662442984013731190e-04 9.999995910688895817e-01 8.658649699797630467e-03 9.997940659523010254e-01 2.011244930326938629e-02 2.682233462110161781e-03 7.897083163261413574e-01 -2.012518793344497681e-02 9.997859597206115723e-01 4.813946317881345749e-03 -2.296820469200611115e-02 -2.584817819297313690e-03 -4.866993986070156097e-03 9.999848008155822754e-01 -1.437812484800815582e-02 6.126406478881835938e+01
9.234486000000000000e+07 9.997795153021893366e-01 2.099704941976165626e-02 2.114338201858498127e-04 7.882276864447791409e-01 -2.099684345891790829e-02 9.997791063732334171e-01 -9.332903027866893070e-04 -1.997870706275539296e-02 -2.309834581259460678e-04 9.286450838001738010e-04 9.999995421323770728e-01 8.943669245573455245e-03 9.997668266296386719e-01 2.139288373291492462e-02 2.944241976365447044e-03 7.890880107879638672e-01 -2.142219990491867065e-02 9.997175931930541992e-01 1.029033958911895752e-02 -9.858113480731844902e-04 -2.723234705626964569e-03 -1.035096868872642517e-02 9.999427199363708496e-01 -1.364026335068047047e-03 6.143139266967773438e+01
9.244860000000000000e+07 9.997625093046338396e-01 2.179193070294947049e-02 1.916892995265711489e-04 7.949300624205134502e-01 -2.179174071738831930e-02 9.997620871962424882e-01 -9.428897953171284842e-04 -2.067152000836723624e-02 -2.121910832831413985e-04 9.384886242471406504e-04 9.999995371069156924e-01 9.012161781191508486e-03 9.997586607933044434e-01 2.148118428885936737e-02 4.601292777806520462e-03 7.901090979576110840e-01 -2.152806334197521210e-02 9.997142553329467773e-01 1.039188168942928314e-02 2.963976236060261726e-03 -4.376783967018127441e-03 -1.048846822232007980e-02 9.999353885650634766e-01 3.224794520065188408e-03 6.158441543579101562e+01
9.255222000000000000e+07 9.997360197071935017e-01 2.297542939794318048e-02 1.433397449716444089e-04 8.125541989581351876e-01 -2.297528732326025239e-02 9.997356057314387145e-01 -9.245579997666654015e-04 -2.152818020516655828e-02 -1.645439637208111205e-04 9.210206628649097050e-04 9.999995623230174546e-01 9.501870757393204511e-03 9.997343420982360840e-01 2.271900698542594910e-02 3.877185285091400146e-03 8.116080760955810547e-01 -2.273636683821678162e-02 9.997312426567077637e-01 4.509218037128448486e-03 -1.728145591914653778e-02 -3.773692762479186058e-03 -4.596152808517217636e-03 9.999823570251464844e-01 -8.432626724243164062e-03 6.162428665161132812e+01
9.265597000000000000e+07 9.997106058247962057e-01 2.405575094266286518e-02 1.596437560157905550e-04 7.996510724088929933e-01 -2.405557473867763613e-02 9.997100957529047038e-01 -1.026553409484153977e-03 -2.271658425694254163e-02 -1.842919861371876975e-04 1.022416008875047348e-03 9.999994603508742808e-01 9.173576172994810443e-03 9.996895194053649902e-01 2.394819445908069611e-02 6.895592901855707169e-03 8.089161515235900879e-01 -2.401024475693702698e-02 9.996706843376159668e-01 9.064419195055961609e-03 -7.701965980231761932e-03 -6.676250603049993515e-03 -9.227179922163486481e-03 9.999350905418395996e-01 -6.806669407524168491e-04 6.172454452514648438e+01
9.275972000000000000e+07 9.996882242731862656e-01 2.496880571615518393e-02 1.140657691973106499e-04 8.162520388000819027e-01 -2.496868103524390800e-02 9.996877457066442041e-01 -9.879634236696092833e-04 -2.329602663912855309e-02 -1.386984176468454718e-04 9.848073289500903441e-04 9.999995054585307797e-01 9.757506516302239669e-03 9.996567964553833008e-01 2.544616535305976868e-02 6.215960718691349030e-03 8.153560161590576172e-01 -2.550902590155601501e-02 9.996219873428344727e-01 1.025719009339809418e-02 -5.972122773528099060e-03 -5.952609237283468246e-03 -1.041223946958780289e-02 9.999281167984008789e-01 2.388736931607127190e-03 6.158214569091796875e+01
9.286347000000000000e+07 9.996498646422615764e-01 2.646025525863458100e-02 5.504098610764294466e-05 8.250238399854652460e-01 -2.646018756857066584e-02 9.996493741650268605e-01 -9.935907026248883174e-04 -2.437465422098706799e-02 -8.131235028643590812e-05 9.917864166166107109e-04 9.999995048738923309e-01 1.014923612833209046e-02 9.996519088745117188e-01 2.610762976109981537e-02 3.798948135226964951e-03 8.315331339836120605e-01 -2.614165656268596649e-02 9.996161460876464844e-01 9.173555299639701843e-03 -1.297074370086193085e-02 -3.557981923222541809e-03 -9.269668720662593842e-03 9.999507069587707520e-01 -1.478626625612378120e-03 6.164432144165039062e+01
9.296722000000000000e+07 9.996428115367975709e-01 2.672518010604332458e-02 1.188126755975867316e-04 8.043534363099125173e-01 -2.672503207505249126e-02 9.996422068785836279e-01 -1.109465137363242759e-03 -2.503423666629264743e-02 -1.484208198064474371e-04 1.105893576776300052e-03 9.999993774851568817e-01 9.497747790288267947e-03 9.996359944343566895e-01 2.693082951009273529e-02 1.635839813388884068e-03 8.151091337203979492e-01 -2.693343907594680786e-02 9.996358752250671387e-01 1.622206647880375385e-03 -1.741533540189266205e-02 -1.591566368006169796e-03 -1.665678923018276691e-03 9.999973177909851074e-01 -2.553606405854225159e-03 6.157203292846679688e+01
9.307097000000000000e+07 9.996197449748797093e-01 2.757472328272049175e-02 9.826819657429435677e-06 8.279873355056482920e-01 -2.757469993720698329e-02 9.996192525215910063e-01 -9.929329699201335478e-04 -2.515348750771542741e-02 -3.720292984864811899e-05 9.922844305690144313e-04 9.999995069936566949e-01 1.032808941214889004e-02 9.996230006217956543e-01 2.737987600266933441e-02 2.014389960095286369e-03 8.374102115631103516e-01 -2.738158032298088074e-02 9.996247291564941406e-01 8.179302676580846310e-04 -2.681429311633110046e-02 -1.991242403164505959e-03 -8.727785898372530937e-04 9.999975562095642090e-01 -2.463292796164751053e-03 6.161094284057617188e+01
9.317472000000000000e+07 9.996240686836496137e-01 2.741752074994385432e-02 2.942398915746751581e-05 8.234790413233270545e-01 -2.741747659940530282e-02 9.996235517339003840e-01 -1.018232450821416430e-03 -2.513781981513965591e-02 -5.733032184080961297e-05 1.017042933824013244e-03 9.999994811683189377e-01 1.018481585761780300e-02 9.996120333671569824e-01 2.745848335325717926e-02 4.678827244788408279e-03 8.229972720146179199e-01 -2.746016532182693481e-02 9.996228814125061035e-01 2.787990088108927011e-04 -1.769563741981983185e-02 -4.669396206736564636e-03 -4.071636649314314127e-04 9.999890923500061035e-01 1.667044474743306637e-03 6.145552062988281250e+01
9.327847000000000000e+07 9.996653882236162802e-01 2.586711927888642529e-02 6.135204800954878815e-05 8.289008998410135609e-01 -2.586704850000274766e-02 9.996649306519013178e-01 -9.603451528479392020e-04 -2.385315259337129207e-02 -8.617285209621588019e-05 9.584368137520080620e-04 9.999995369864745909e-01 1.021400811910645398e-02 9.996566176414489746e-01 2.551848068833351135e-02 5.945264827460050583e-03 8.411161899566650391e-01 -2.551276981830596924e-02 9.996739029884338379e-01 -1.025007804855704308e-03 -1.120334677398204803e-02 -5.969487130641937256e-03 8.729745168238878250e-04 9.999817609786987305e-01 -3.609166480600833893e-03 6.157705688476562500e+01
9.338209000000000000e+07 9.997473090838574494e-01 2.247894203648345343e-02 1.230437358152188486e-04 8.240723885923501024e-01 -2.247882892416883452e-02 9.997469542531597364e-01 -8.542288782054473359e-04 -2.088712927936393210e-02 -1.422147617402797848e-04 8.512471432120391956e-04 9.999996275765584697e-01 9.838933899520644830e-03 9.997449517250061035e-01 2.229111641645431519e-02 3.628192469477653503e-03 8.545150756835937500e-01 -2.227849513292312622e-02 9.997457861900329590e-01 -3.467197529971599579e-03 -1.656403765082359314e-02 -3.704565111547708511e-03 3.385479329153895378e-03 9.999874234199523926e-01 3.362507093697786331e-03 6.127849578857421875e+01
9.348584000000000000e+07 9.998265360093129273e-01 1.862471592655544003e-02 1.335785526786026725e-04 8.450369725900356288e-01 -1.862462978121685528e-02 9.998263546135762736e-01 -6.195002752688744682e-04 -1.683744578173168929e-02 -1.450933741899049201e-04 6.169049631508160885e-04 9.999997991880664738e-01 1.008289599883291365e-02 9.998366832733154297e-01 1.764001511037349701e-02 3.943518735468387604e-03 8.470228910446166992e-01 -1.763075403869152069e-02 9.998417496681213379e-01 -2.374731935560703278e-03 -1.325995381921529770e-02 -3.984781447798013687e-03 2.304814755916595459e-03 9.999893307685852051e-01 1.034208456985652447e-03 6.153356933593750000e+01
9.358947000000000000e+07 9.999342547828591332e-01 1.146285409462372354e-02 2.984762398774934585e-04 8.593287561168481137e-01 -1.146274914189731806e-02 9.999342389296447253e-01 -3.509964591924563150e-04 -1.037871427797512278e-02 -3.024800329534724067e-04 3.475520245970593024e-04 9.999998938567045137e-01 9.329716748840496607e-03 9.999234080314636230e-01 1.203237473964691162e-02 2.881166525185108185e-03 8.552813529968261719e-01 -1.203535869717597961e-02 9.999271035194396973e-01 1.035177730955183506e-03 -8.336254977621138096e-04 -2.868497511371970177e-03 -1.069779507815837860e-03 9.999953508377075195e-01 7.621700409799814224e-03 6.141888046264648438e+01
9.369312000000000000e+07 9.999760225122874546e-01 6.922115386860999350e-03 1.967740232180788913e-04 8.744427721804579612e-01 -6.922073285311929405e-03 9.999760192997185770e-01 -2.138407394717161997e-04 -5.976793900549694921e-03 -1.982495346833125776e-04 2.124735279254559247e-04 9.999999577760608771e-01 9.540337997774133577e-03 9.999569654464721680e-01 7.596705574542284012e-03 5.341602955013513565e-03 8.768215775489807129e-01 -7.603391073644161224e-03 9.999703764915466309e-01 1.218308811075985432e-03 3.827291307970881462e-03 -5.332195200026035309e-03 -1.258866395801305771e-03 9.999849796295166016e-01 4.375314805656671524e-03 6.162652969360351562e+01
9.379672000000000000e+07 9.999924066107510612e-01 3.895310394131822583e-03 1.152283134182103186e-04 8.785190286952190286e-01 -3.895295185193493361e-03 9.999924046072047323e-01 -1.319208599678166815e-04 -3.083889385206351440e-03 -1.157413109179533184e-04 1.314710099407746325e-04 9.999999846596608899e-01 9.716539937953379627e-03 9.999810457229614258e-01 3.191685304045677185e-03 5.250443704426288605e-03 8.848433494567871094e-01 -3.208805341273546219e-03 9.999894499778747559e-01 3.257575212046504021e-03 1.390733476728200912e-02 -5.239994730800390244e-03 -3.274357644841074944e-03 9.999809861183166504e-01 8.952265605330467224e-03 6.137200164794921875e+01
9.390035000000000000e+07 9.999995791882749785e-01 9.129425459077260621e-04 9.032834229314485751e-05 8.845578218555850691e-01 -9.129338792466831602e-04 9.999995786734579006e-01 -9.594095796688936035e-05 -5.331199829577187767e-04 -9.041589281487268602e-05 9.585845379266987997e-05 9.999999913180618316e-01 9.655191339107815213e-03 9.999924302101135254e-01 1.072969986125826836e-03 3.755996236577630043e-03 8.917549848556518555e-01 -1.104436931200325489e-03 9.999644756317138672e-01 8.368059061467647552e-03 2.533049508929252625e-02 -3.746883245185017586e-03 -8.372146636247634888e-03 9.999579191207885742e-01 1.312358491122722626e-02 6.168889617919921875e+01
9.400397000000000000e+07 9.999994600371984177e-01 -1.035138143249744215e-03 9.172990111945756491e-05 9.076165276744462274e-01 1.035150249468256255e-03 9.999994555161887400e-01 -1.320277481160097893e-04 1.120509490627748716e-03 -9.159318422088052287e-05 1.321226310525560016e-04 9.999999870771498767e-01 1.026401081791755016e-02 9.999994039535522461e-01 -8.290573605336248875e-04 -7.132512400858104229e-04 8.964492678642272949e-01 8.339167688973248005e-04 9.999773502349853516e-01 6.662053521722555161e-03 2.481825090944766998e-02 7.077148184180259705e-04 -6.662640254944562912e-03 9.999774694442749023e-01 1.389090158045291901e-02 6.162863922119140625e+01
9.410764000000000000e+07 9.999961585721277579e-01 -2.767515167825377632e-03 1.539510518048970052e-04 8.937004608981388154e-01 2.767537299406138372e-03 9.999961600321241040e-01 -1.437304606423071298e-04 2.789670703208371478e-03 -1.535526844152856722e-04 1.441559737823707430e-04 9.999999778203143563e-01 9.960616998872693154e-03 9.999801516532897949e-01 -2.523269737139344215e-03 -5.768179893493652344e-03 8.955767750740051270e-01 2.548512537032365799e-03 9.999871850013732910e-01 4.386065993458032608e-03 1.851049996912479401e-02 5.757038947194814682e-03 -4.400686360895633698e-03 9.999738335609436035e-01 9.321915917098522186e-03 6.166304016113281250e+01
9.421135000000000000e+07 9.999896210621375126e-01 -4.550921409640265591e-03 2.165265782800325630e-04 9.069003816179180832e-01 4.550953671622823271e-03 9.999896332956556000e-01 -1.487391359395476233e-04 4.560169865831237637e-03 -2.158474335417047288e-04 1.497229945437963310e-04 9.999999654964569773e-01 1.022094966411885193e-02 9.999538660049438477e-01 -4.095647484064102173e-03 -8.689044974744319916e-03 9.104709029197692871e-01 4.095906857401132584e-03 9.999915957450866699e-01 1.933271505549782887e-06 1.208932325243949890e-02 8.688969537615776062e-03 -3.752592965611256659e-05 9.999622702598571777e-01 4.955066833645105362e-03 6.158611297607421875e+01
9.431499000000000000e+07 9.999796521830518481e-01 -6.374685498760022592e-03 2.420874836983226484e-04 9.142074231297332432e-01 6.374696463482267331e-03 9.999796804246492421e-01 -4.454781439608415178e-05 5.661898548470919133e-03 -2.417985862890589051e-04 4.609014210724613061e-05 9.999999697045720559e-01 1.023607759110493204e-02 9.999608397483825684e-01 -5.890212487429380417e-03 -6.600803229957818985e-03 9.142693281173706055e-01 5.900362972170114517e-03 9.999814629554748535e-01 1.522788195870816708e-03 1.168635394424200058e-02 6.591706536710262299e-03 -1.561682787723839283e-03 9.999770522117614746e-01 3.982523456215858459e-03 6.234643173217773438e+01
9.441859000000000000e+07 9.999811976621060250e-01 -6.128277798541725482e-03 2.203018534314793257e-04 9.357986492218258734e-01 6.128291659697632579e-03 9.999812199034473492e-01 -6.229903988609730822e-05 5.199629692792105684e-03 -2.199159303124724821e-04 6.364794255020564569e-05 9.999999737929607946e-01 1.067076705759659183e-02 9.999833106994628906e-01 -5.591631401330232620e-03 -1.446738606318831444e-03 9.332361817359924316e-01 5.588528700172901154e-03 9.999819993972778320e-01 -2.192272804677486420e-03 9.965963661670684814e-03 1.458967570215463638e-03 2.184154698625206947e-03 9.999965429306030273e-01 5.549011286348104477e-03 6.151622390747070312e+01
9.452222000000000000e+07 9.999758346283936783e-01 -6.948090796857848452e-03 2.327994536540197910e-04 9.368377616573041466e-01 6.948093407776938756e-03 9.999758616545295631e-01 -1.040842675927406379e-05 5.774306682705146639e-03 -2.327215155695276324e-04 1.202568751612117647e-05 9.999999728480403194e-01 1.062156313121186829e-02 9.999776482582092285e-01 -6.216037087142467499e-03 2.444529673084616661e-03 9.418862462043762207e-01 6.211072206497192383e-03 9.999787807464599609e-01 1.975295832380652428e-03 1.025022100657224655e-02 -2.456752350553870201e-03 -1.960073364898562431e-03 9.999951124191284180e-01 1.422421075403690338e-02 6.140582275390625000e+01
9.462597000000000000e+07 9.999915664295702111e-01 -4.103391931023963289e-03 1.710094998768642825e-04 9.517355547386828762e-01 4.103419445546826506e-03 9.999915680015385444e-01 -1.608556261384462983e-04 3.633773241936305489e-03 -1.703480042409505704e-04 1.615559932644156972e-04 9.999999724406086754e-01 1.110498060967558820e-02 9.999913573265075684e-01 -3.882392309606075287e-03 -1.459803432226181030e-03 9.480221271514892578e-01 3.887009806931018829e-03 9.999873638153076172e-01 3.159619867801666260e-03 1.827874220907688141e-02 1.447519171051681042e-03 -3.165259258821606636e-03 9.999939203262329102e-01 1.632575877010822296e-02 6.157660675048828125e+01
9.472972000000000000e+07 9.999970371837517691e-01 -2.430362825266261292e-03 1.376974365081510155e-04 9.456721443536939553e-01 2.430381303618336323e-03 9.999970376160195462e-01 -1.341873040787061383e-04 2.705032295225512015e-03 -1.373709047781084946e-04 1.345215637631056111e-04 9.999999815165925288e-01 1.100850246309255896e-02 9.999827146530151367e-01 -1.998977502807974815e-03 -5.532210692763328552e-03 9.517766833305358887e-01 2.024017972871661186e-03 9.999877810478210449e-01 4.516792483627796173e-03 1.902233622968196869e-02 5.523115396499633789e-03 -4.527916666120290756e-03 9.999744892120361328e-01 1.963607408106327057e-02 6.137388610839843750e+01
9.483349000000000000e+07 9.999999866827580242e-01 7.292729999231560415e-05 1.460003182820271428e-04 9.658292651225764969e-01 -7.291794615970538670e-05 9.999999952889077059e-01 -6.407150539713500745e-05 9.072084124559713462e-04 -1.460049901560653274e-04 6.406085850061328405e-05 9.999999872893746700e-01 1.100478795134852798e-02 9.999874830245971680e-01 4.037214384879916906e-04 -4.985558800399303436e-03 9.587447047233581543e-01 -4.026636597700417042e-04 9.999998211860656738e-01 2.207140933023765683e-04 5.171943455934524536e-03 4.985646344721317291e-03 -2.186931233154609799e-04 9.999874830245971680e-01 1.789649389684200287e-02 6.132230377197265625e+01
9.493722000000000000e+07 9.999998327158677869e-01 -5.591408293976517577e-04 1.480869946593602385e-04 9.742756035780228974e-01 5.591516036803471663e-04 9.999998410302587404e-01 -7.272503323661068093e-05 1.535789121211531124e-03 -1.480463075812138744e-04 7.280782415424964305e-05 9.999999863906552378e-01 1.127746221584028513e-02 9.999993443489074707e-01 -5.655561690218746662e-04 -9.955688146874308586e-04 9.770905971527099609e-01 5.680479225702583790e-04 9.999967217445373535e-01 2.522858558222651482e-03 9.758626110851764679e-03 9.941365569829940796e-04 -2.523423871025443077e-03 9.999963641166687012e-01 1.614468172192573547e-02 6.155436706542968750e+01
9.504097000000000000e+07 9.999993067479699960e-01 -1.167846086395061406e-03 1.504629075417882988e-04 9.963548264982073910e-01 1.167861851478834562e-03 9.999993125647111958e-01 -1.047319895179942061e-04 1.795583504565676468e-03 -1.503404932631865088e-04 1.049076368035604891e-04 9.999999831960616481e-01 1.177530503201488707e-02 9.999998807907104492e-01 -5.741650820709764957e-04 2.586007176432758570e-04 9.867742657661437988e-01 5.735947634093463421e-04 9.999975562095642090e-01 2.144231228157877922e-03 1.021005213260650635e-02 -2.598314313217997551e-04 -2.144083380699157715e-03 9.999976754188537598e-01 1.960668340325355530e-02 6.136486434936523438e+01
9.514472000000000000e+07 9.999984825518889453e-01 -1.736845548259096208e-03 1.351355104562735904e-04 9.955856669367708633e-01 1.736863478181189689e-03 9.999984828499538514e-01 -1.326770290891848272e-04 1.953386751688437721e-03 -1.349048659391404153e-04 1.329115396801668634e-04 9.999999820676005458e-01 1.188941610967590538e-02 9.999941587448120117e-01 -1.575514557771384716e-03 3.025338752195239067e-03 9.996297955513000488e-01 1.582765602506697178e-03 9.999959468841552734e-01 -2.399118151515722275e-03 4.606860689818859100e-03 -3.021548502147197723e-03 2.403890481218695641e-03 9.999924898147583008e-01 1.135725621134042740e-02 6.236828613281250000e+01
9.524835000000000000e+07 9.999985380362056420e-01 -1.704383349501879547e-03 1.378510333100544272e-04 1.009292613474656486e+00 1.704401108005011971e-03 9.999985392114950633e-01 -1.288091496518783930e-04 1.830050459286872806e-03 -1.376312917732882668e-04 1.290439147868109625e-04 9.999999822026479634e-01 1.209584174053185239e-02 9.999961256980895996e-01 -1.408326905220746994e-03 2.402091398835182190e-03 1.011187195777893066e+00 1.418123370967805386e-03 9.999907016754150391e-01 -4.059625323861837387e-03 1.114760991185903549e-03 -2.396350260823965073e-03 4.063013941049575806e-03 9.999888539314270020e-01 1.681120134890079498e-02 6.194499206542968750e+01
9.535209000000000000e+07 9.999946144906707302e-01 -3.280160733605187728e-03 1.074030420310386445e-04 1.016577452731586062e+00 3.280179569417404108e-03 9.999946047663763604e-01 -1.756710798077013740e-04 2.190178031168139340e-03 -1.068262331990626232e-04 1.760224349872036628e-04 9.999999788021293190e-01 1.244835761197194551e-02 9.999871850013732910e-01 -2.842549234628677368e-03 4.187155980616807938e-03 1.017450332641601562e+00 2.837822772562503815e-03 9.999953508377075195e-01 1.123743131756782532e-03 8.768862113356590271e-03 -4.190325736999511719e-03 -1.111836754716932774e-03 9.999906420707702637e-01 1.468214392662048340e-02 6.173247909545898438e+01
9.545587000000000000e+07 9.999940094986460304e-01 -3.459220442986452905e-03 1.214949358370222954e-04 9.995986557129448169e-01 3.459241538860305387e-03 9.999940016929991238e-01 -1.738570357863363771e-04 2.550691550717959413e-03 -1.208927972743546975e-04 1.742762746148637364e-04 9.999999775063560525e-01 1.209233192505368773e-02 9.999951124191284180e-01 -3.059159265831112862e-03 7.958695059642195702e-04 1.017914533615112305e+00 3.060720162466168404e-03 9.999936223030090332e-01 -1.851102220825850964e-03 -2.912807103712111712e-04 -7.902039797045290470e-04 1.853519817814230919e-03 9.999979138374328613e-01 1.355960033833980560e-02 6.175190353393554688e+01
9.555954000000000000e+07 9.999898639542904588e-01 -4.500383795436295985e-03 1.361461208002341758e-04 1.007140265161675874e+00 4.500407260471268357e-03 9.999898582316133488e-01 -1.725392750677811975e-04 3.057243261833395963e-03 -1.353682471336649276e-04 1.731502391503588118e-04 9.999999758472175593e-01 1.219404989500744857e-02 9.999928474426269531e-01 -3.731451928615570068e-03 4.758471040986478329e-04 1.013788700103759766e+00 3.732190234586596489e-03 9.999917149543762207e-01 -1.617221045307815075e-03 2.735935617238283157e-03 -4.698105040006339550e-04 1.618990674614906311e-03 9.999986290931701660e-01 1.505636982619762421e-02 6.198547363281250000e+01
9.566311000000000000e+07 9.999915336081649508e-01 -4.113025168307920740e-03 1.254436726907658139e-04 1.011431078199718669e+00 4.113047781568207606e-03 9.999915250850409665e-01 -1.805441787916793356e-04 2.743103852975618297e-03 -1.247000268219680360e-04 1.810586060487330356e-04 9.999999758338421474e-01 1.230185362812632500e-02 9.999917745590209961e-01 -4.045658279210329056e-03 3.455622209003195167e-05 1.014331579208374023e+00 4.045673646032810211e-03 9.999895095825195312e-01 -2.130932407453656197e-03 2.754654502496123314e-03 -2.594169018266256899e-05 2.131055574864149094e-03 9.999976754188537598e-01 1.436541415750980377e-02 6.197212982177734375e+01
9.576685000000000000e+07 9.999884213781284892e-01 -4.810035734814391457e-03 1.437575011057689938e-04 1.003937917439292615e+00 4.810057490675257764e-03 9.999884201491406888e-01 -1.513765929662821096e-04 3.310064443412505646e-03 -1.430277096035603441e-04 1.520663220697279739e-04 9.999999782094540768e-01 1.210463433172453800e-02 9.999887347221374512e-01 -4.256194923073053360e-03 2.104198792949318886e-03 1.012879490852355957e+00 4.262316972017288208e-03 9.999866485595703125e-01 -2.903235144913196564e-03 3.470160765573382378e-03 -2.091811038553714752e-03 2.912167226895689964e-03 9.999935030937194824e-01 1.440902706235647202e-02 6.191158294677734375e+01
9.587047000000000000e+07 9.999846238925587105e-01 -5.542980719973142172e-03 1.653579659386717501e-04 9.915687603331260203e-01 5.542998540207957729e-03 9.999846316869003271e-01 -1.075046905564595824e-04 4.011379831764748036e-03 -1.647595282398032980e-04 1.084196165147825915e-04 9.999999805497421512e-01 1.180533446520020367e-02 9.999874234199523926e-01 -5.009487736970186234e-03 -2.951292844954878092e-04 1.015928387641906738e+00 5.008996929973363876e-03 9.999861717224121094e-01 -1.653585699386894703e-03 1.081562135368585587e-02 3.034160472452640533e-04 1.652096398174762726e-03 9.999986290931701660e-01 1.445863209664821625e-02 6.184851074218750000e+01
9.597425000000000000e+07 9.999902219631940925e-01 -4.419888852017601726e-03 1.433900775234751824e-04 9.965724097333276132e-01 4.419913782233890649e-03 9.999902169928043261e-01 -1.740144209905039369e-04 3.146645894966723991e-03 -1.426195503448553247e-04 1.746464912452575880e-04 9.999999745791333661e-01 1.198296793480785327e-02 9.999869465827941895e-01 -4.290166310966014862e-03 -2.804479096084833145e-03 1.011463880538940430e+00 4.292859230190515518e-03 9.999903440475463867e-01 9.524982306174933910e-04 8.313808590173721313e-03 2.800358692184090614e-03 -9.645289392210543156e-04 9.999955892562866211e-01 1.291159167885780334e-02 6.214870452880859375e+01
9.607786000000000000e+07 9.999935236442024644e-01 -3.596697955278949956e-03 1.281944553596535072e-04 9.960061969648336122e-01 3.596719863708796282e-03 9.999935171478929741e-01 -1.710811419214353622e-04 2.686043513153824058e-03 -1.275782971171769350e-04 1.715411134707415543e-04 9.999999771487125821e-01 1.201500410161178943e-02 9.999942183494567871e-01 -3.231986891478300095e-03 -1.090655336156487465e-03 1.003240227699279785e+00 3.230823669582605362e-03 9.999941587448120117e-01 -1.099359244108200073e-03 7.295859511941671371e-03 1.094203675165772438e-03 1.095835235901176929e-03 9.999988079071044922e-01 1.722378842532634735e-02 6.181030273437500000e+01
9.618160000000000000e+07 9.999977727811230066e-01 -2.106839367825699260e-03 1.251434241080681404e-04 9.983341756824196667e-01 2.106857511424573438e-03 9.999977700567708183e-01 -1.450279884887424034e-04 1.993822914869277253e-03 -1.248375943838185152e-04 1.452913248306443453e-04 9.999999816530036334e-01 1.200145779172694452e-02 9.999933838844299316e-01 -2.218329813331365585e-03 2.858371241018176079e-03 1.004755496978759766e+00 2.216164721176028252e-03 9.999971985816955566e-01 7.492353324778378010e-04 1.063672080636024475e-02 -2.860029460862278938e-03 -7.428972749039530754e-04 9.999956488609313965e-01 2.274606190621852875e-02 6.189286422729492188e+01
9.628535000000000000e+07 9.999989415968326689e-01 -1.447800977808998872e-03 1.437968550716770010e-04 9.918690777211186527e-01 1.447818284872574553e-03 9.999989446712949093e-01 -1.203266509371491935e-04 1.922043426373802599e-03 -1.436224942752146582e-04 1.205347152998726730e-04 9.999999824219805156e-01 1.176258160023951026e-02 9.999973177909851074e-01 -1.588971004821360111e-03 1.672517624683678150e-03 9.987109899520874023e-01 1.590200699865818024e-03 9.999984502792358398e-01 -7.651657797396183014e-04 1.166951842606067657e-02 -1.671297359280288219e-03 7.678182446397840977e-04 9.999982714653015137e-01 2.430905774235725403e-02 6.175379180908203125e+01
9.638910000000000000e+07 9.999978023585367470e-01 -2.092937970218435549e-03 1.220200319016170773e-04 9.857759253762300444e-01 2.092956151126410848e-03 9.999977986550960818e-01 -1.490625709672915844e-04 2.099453407562899485e-03 -1.217077845885622156e-04 1.493176259494994479e-04 9.999999814457313230e-01 1.180703645822680017e-02 9.999972581863403320e-01 -1.849176944233477116e-03 -1.465340377762913704e-03 9.860770702362060547e-01 1.850739005021750927e-03 9.999977946281433105e-01 1.020526629872620106e-03 3.314790083095431328e-03 1.463456079363822937e-03 -1.023240387439727783e-03 9.999984502792358398e-01 1.481061521917581558e-02 6.172224044799804688e+01
9.649287000000000000e+07 9.999991237381296028e-01 -1.316907550268943449e-03 1.351939877234180343e-04 9.769060886509494113e-01 1.316922197220085850e-03 9.999991269921897352e-01 -1.083084590821279650e-04 1.893551067187192703e-03 -1.350512374653816056e-04 1.084864041452835413e-04 9.999999849959310128e-01 1.149292027142396685e-02 9.999945759773254395e-01 -1.071897917427122593e-03 -3.099751425907015800e-03 9.796183109283447266e-01 1.070062047801911831e-03 9.999992251396179199e-01 -5.821003578603267670e-04 4.361903294920921326e-03 3.100374480709433556e-03 5.787792615592479706e-04 9.999950528144836426e-01 1.473859418183565140e-02 6.187596893310546875e+01
9.659660000000000000e+07 9.999999791677851579e-01 -1.388308637101526310e-04 1.496342909751818535e-04 9.689807817748988805e-01 1.388411574739639709e-04 9.999999879959045046e-01 -6.878462171878241087e-05 1.109842546227544739e-03 -1.496247397506250980e-04 6.880539568376220678e-05 9.999999864391274640e-01 1.110146201814928360e-02 9.999987483024597168e-01 -6.697611534036695957e-04 1.454554498195648193e-03 9.679011702537536621e-01 6.682064849883317947e-04 9.999992847442626953e-01 1.061341492459177971e-03 9.712253697216510773e-03 -1.455276156775653362e-03 -1.060359878465533257e-03 9.999983310699462891e-01 2.112135663628578186e-02 6.148387145996093750e+01
9.670035000000000000e+07 9.999999875589051790e-01 3.854144231071006724e-05 1.529599516105166880e-04 9.728695014116125472e-01 -3.853241289845425418e-05 9.999999975151361298e-01 -5.903372640963094198e-05 1.029925578138623241e-03 -1.529622264753767045e-04 5.902783175921617187e-05 9.999999865591361337e-01 1.112694731376690470e-02 9.999859929084777832e-01 5.840852973051369190e-04 5.254381336271762848e-03 9.711002707481384277e-01 -5.851250607520341873e-04 9.999997615814208984e-01 2.029152528848499060e-04 1.522266492247581482e-02 -5.254252348095178604e-03 -2.059886464849114418e-04 9.999861717224121094e-01 1.388753671199083328e-02 6.160015869140625000e+01
9.680399000000000000e+07 9.999998545477487566e-01 -5.228531050684773456e-04 1.323975036046229012e-04 9.572771182594008721e-01 5.228649772962509247e-04 9.999998592873196035e-01 -8.965235065810505267e-05 1.250368460185498397e-03 -1.323506099626115256e-04 8.972156363876317544e-05 9.999999872166779324e-01 1.099387296584301323e-02 9.999998807907104492e-01 -5.183558096177875996e-04 -2.608606882859021425e-05 9.648230671882629395e-01 5.183606408536434174e-04 9.999986290931701660e-01 1.594339380972087383e-03 1.509519573301076889e-02 2.525073068682104349e-05 -1.594351837411522865e-03 9.999987483024597168e-01 9.034725837409496307e-03 6.132339096069335938e+01
9.690773000000000000e+07 9.999999197397224648e-01 -3.814019502678310742e-04 1.226911073991184019e-04 9.418275704346532606e-01 3.814136951624059807e-04 9.999999226808096164e-01 -9.571820356879327232e-05 9.738635227864961101e-04 -1.226545908047731138e-04 9.576499195307549303e-05 9.999999878924592522e-01 1.069170998894550077e-02 9.999958872795104980e-01 -7.098227506503462791e-04 -2.764879958704113960e-03 9.565433263778686523e-01 7.080839714035391808e-04 9.999995231628417969e-01 -6.523878546431660652e-04 9.479742497205734253e-03 2.765342593193054199e-03 6.504209595732390881e-04 9.999959468841552734e-01 3.117840271443128586e-03 6.208185577392578125e+01
9.701147000000000000e+07 9.999993300089982107e-01 -1.151814055434844134e-03 1.153512487493289562e-04 9.450735738784842299e-01 1.151827383298682306e-03 9.999993299716416484e-01 -1.155418586623870942e-04 1.613469977357198182e-03 -1.152180887213539198e-04 1.156746459799502265e-04 9.999999866720837849e-01 1.091462822511351551e-02 9.999988675117492676e-01 -7.667223108001053333e-04 -1.290956395678222179e-03 9.489989876747131348e-01 7.637294474989175797e-04 9.999970793724060059e-01 -2.280538901686668396e-03 5.734620150178670883e-03 1.292700879275798798e-03 2.279557054862380028e-03 9.999965429306030273e-01 5.628596525639295578e-03 6.183654403686523438e+01
9.711510000000000000e+07 9.999988361794460712e-01 -1.522003060744808777e-03 1.055765768016695853e-04 9.288838784804884785e-01 1.522016882277665807e-03 9.999988331565889954e-01 -1.309581902706534560e-04 1.762657631908971919e-03 -1.053771348419518854e-04 1.311187271926653782e-04 9.999999858517691909e-01 1.068449485777749584e-02 9.999985098838806152e-01 -1.647579716518521309e-03 4.758407594636082649e-04 9.359208941459655762e-01 1.647557830438017845e-03 9.999986290931701660e-01 -1.951170816028025001e-05 9.226819500327110291e-03 -4.758008581120520830e-04 2.029386268986854702e-05 9.999998211860656738e-01 1.279508415609598160e-02 6.171472167968750000e+01
9.721889000000000000e+07 9.999971073652474951e-01 -2.401240294030282125e-03 1.389471349695851194e-04 9.194387236934674634e-01 2.401259248948964514e-03 9.999971076686916538e-01 -1.364125687309588198e-04 2.610753442619778014e-03 -1.386191737385008085e-04 1.367458222253608690e-04 9.999999810426526414e-01 1.047639108569207306e-02 9.999966025352478027e-01 -2.600354608148336411e-03 -2.908174355980008841e-04 9.269913434982299805e-01 2.600112231448292732e-03 9.999963045120239258e-01 -7.721689762547612190e-04 1.190347876399755478e-02 2.928237954620271921e-04 7.714089006185531616e-04 9.999997615814208984e-01 1.532106101512908936e-02 6.129500961303710938e+01
9.732250000000000000e+07 9.999940265582899501e-01 -3.451782962853059029e-03 1.790035086949012322e-04 9.064038496015179858e-01 3.451808971800271117e-03 9.999940319490652207e-01 -1.451937146882301230e-04 3.594477534415433349e-03 -1.785012632080878027e-04 1.458107332920649697e-04 9.999999734382645222e-01 1.019648002663041050e-02 9.999936223030090332e-01 -2.961964812129735947e-03 -2.017549239099025726e-03 9.154414534568786621e-01 2.960783895105123520e-03 9.999954700469970703e-01 -6.042743916623294353e-04 1.050823554396629333e-02 2.019326435402035713e-03 5.982973962090909481e-04 9.999976754188537598e-01 8.158885873854160309e-03 6.106841659545898438e+01
9.742622000000000000e+07 9.999961899952540811e-01 -2.755783629298214164e-03 1.601611008999330216e-04 8.894415696748640965e-01 2.755804325188453575e-03 9.999961944251348767e-01 -1.291424916333672678e-04 2.807994768631797387e-03 -1.598046026312384665e-04 1.295833722536377007e-04 9.999999788353191033e-01 9.764783790138370501e-03 9.999949336051940918e-01 -2.506650052964687347e-03 1.940724323503673077e-03 9.129036068916320801e-01 2.503586001694202423e-03 9.999955296516418457e-01 1.567255356349050999e-03 1.643565110862255096e-02 -1.944643794558942318e-03 -1.562387216836214066e-03 9.999969005584716797e-01 3.791252383962273598e-03 6.098492813110351562e+01
9.752999000000000000e+07 9.999951016478277888e-01 -3.125500182396811003e-03 1.671199105127296356e-04 8.975179552564831464e-01 3.125524364336841263e-03 9.999951050774014139e-01 -1.446332913235325675e-04 3.187311498594260460e-03 -1.666670411001072130e-04 1.451549202052612871e-04 9.999999755760732301e-01 1.002637498041176328e-02 9.999908804893493652e-01 -2.671878319233655930e-03 3.337464760988950729e-03 8.975290060043334961e-01 2.677308628335595131e-03 9.999951720237731934e-01 -1.621735398657619953e-03 1.201329287141561508e-02 -3.333115018904209137e-03 1.630659797228872776e-03 9.999930858612060547e-01 4.850972443819046021e-03 6.123548889160156250e+01
9.763372000000000000e+07 9.999922261304533544e-01 -3.935551403665041303e-03 2.431337525680323376e-04 8.740917429783556791e-01 3.935566858668838874e-03 9.999922536347763957e-01 -6.312015104213655368e-05 4.223799450020389312e-03 -2.428834565695693138e-04 6.407652948009475238e-05 9.999999684509124354e-01 8.957820419588551422e-03 9.999924302101135254e-01 -3.328115912154316902e-03 2.005667891353368759e-03 8.857377171516418457e-01 3.326271427795290947e-03 9.999939799308776855e-01 9.813732467591762543e-04 1.112060900777578354e-02 -2.008919836953282356e-03 -9.747073636390268803e-04 9.999975562095642090e-01 7.830599322915077209e-03 6.136905670166015625e+01
9.773747000000000000e+07 9.999969360747738012e-01 -2.469156257187772076e-03 1.763755468695995903e-04 8.497606741723710000e-01 2.469156447785752183e-03 9.999969516281455029e-01 -8.628956229371041330e-07 3.066320679693268665e-03 -1.763728785871726036e-04 1.298391805607465723e-06 9.999999844454605658e-01 8.852695370570796973e-03 9.999879002571105957e-01 -2.621984109282493591e-03 -4.159834235906600952e-03 8.661347627639770508e-01 2.629855414852499962e-03 9.999946951866149902e-01 1.916121924296021461e-03 1.681105047464370728e-02 4.154785070568323135e-03 -1.927033183164894581e-03 9.999895095825195312e-01 1.950037665665149689e-03 6.099711990356445312e+01
9.784124000000000000e+07 9.999959086741657677e-01 -2.853909136470755229e-03 1.945192234643267537e-04 8.421753920556215300e-01 2.853903503594186399e-03 9.999959271820029194e-01 2.922936466678672799e-05 3.571227463579699970e-03 -1.946018491722124758e-04 -2.867410599729575943e-05 9.999999806539581204e-01 8.697367593030039257e-03 9.999957084655761719e-01 -2.543809125199913979e-03 -1.490734983235597610e-03 8.496261835098266602e-01 2.545298542827367783e-03 9.999963045120239258e-01 9.730411111377179623e-04 1.441261358559131622e-02 1.488254056312143803e-03 -9.768203599378466606e-04 9.999983906745910645e-01 7.079199422150850296e-04 6.096582412719726562e+01
9.794507000000000000e+07 9.999976093338893701e-01 -2.181251843298010352e-03 1.531892041353441806e-04 8.173158566632089395e-01 2.181234913300548247e-03 9.999976149884313159e-01 1.105971610104075062e-04 3.169160774517036736e-03 -1.534300790371226852e-04 -1.102627549712251398e-04 9.999999821506677655e-01 8.706303195451523327e-03 9.999983906745910645e-01 -1.735220779664814472e-03 5.265300278551876545e-04 8.353992104530334473e-01 1.735081663355231285e-03 9.999983906745910645e-01 4.238779947627335787e-04 1.377373840659856796e-02 -5.272669950500130653e-04 -4.229683836456388235e-04 9.999998211860656738e-01 -3.329262603074312210e-03 6.085619354248046875e+01
9.804875000000000000e+07 9.999994450743042718e-01 -1.050293562672037755e-03 8.206439131715926466e-05 7.968023044760254026e-01 1.050282135053860495e-03 9.999994387692903164e-01 1.391710830769135121e-04 2.156012499440752329e-03 -8.221051574635602338e-05 -1.390848150869646504e-04 9.999999869484231807e-01 8.960058413606473635e-03 9.999982714653015137e-01 -9.041834855452179909e-04 1.607199781574308872e-03 8.135402202606201172e-01 9.031139197759330273e-04 9.999994039535522461e-01 6.150532281026244164e-04 1.543605327606201172e-02 -1.607752870768308640e-03 -6.135969306342303753e-04 9.999985098838806152e-01 -1.902853022329509258e-03 6.090355300903320312e+01
9.815247000000000000e+07 9.999993485512342906e-01 -1.139871757719936041e-03 5.991200075260398464e-05 7.827976366062814328e-01 1.139863334714860503e-03 9.999993404943863240e-01 1.404362311734718533e-04 2.328703710947258206e-03 -6.007204053829554296e-05 -1.403678481916504261e-04 9.999999883441081927e-01 8.870657805059399895e-03 9.999997615814208984e-01 -6.775559158995747566e-04 1.207408495247364044e-04 7.891580462455749512e-01 6.771336193196475506e-04 9.999955296516418457e-01 2.921350300312042236e-03 1.954332739114761353e-02 -1.227154862135648727e-04 -2.921279054135084152e-03 9.999957680702209473e-01 -8.414576761424541473e-03 6.121158218383789062e+01
9.825623000000000000e+07 9.999988910500510197e-01 -1.489247861265373656e-03 6.286622161649507728e-06 7.494616055498577456e-01 1.489247216435010939e-03 9.999988859338679870e-01 1.013597413678040370e-04 2.518673994430775491e-03 -6.437564932877448470e-06 -1.013502666305641955e-04 9.999999948433406782e-01 8.511856321742783393e-03 9.999981522560119629e-01 -1.316176843829452991e-03 -1.380471279844641685e-03 7.670242786407470703e-01 1.320132752880454063e-03 9.999952912330627441e-01 2.776894019916653633e-03 1.863607019186019897e-02 1.376803382299840450e-03 -2.778704976662993431e-03 9.999951720237731934e-01 2.802475821226835251e-03 6.139680099487304688e+01
9.835997000000000000e+07 9.999983800285782154e-01 -1.799940452404526691e-03 -1.243038022778271009e-05 7.357748955289075132e-01 1.799941568445377138e-03 9.999983760210412465e-01 9.036347437662622581e-05 2.757290387161633397e-03 1.226771116450661520e-05 -9.038570194896246659e-05 9.999999958399640176e-01 8.332254261065732276e-03 9.999943971633911133e-01 -1.542908023111522198e-03 2.978779142722487450e-03 7.437891960144042969e-01 1.549742533825337887e-03 9.999961256980895996e-01 -2.325625624507665634e-03 9.249172173440456390e-03 -2.975177485495805740e-03 2.330227289348840714e-03 9.999928474426269531e-01 6.052808370441198349e-03 6.130726242065429688e+01
9.846372000000000000e+07 9.999960598681367774e-01 -2.806975240779562269e-03 -3.373775256744387442e-05 7.104654173644401327e-01 2.806977868404895732e-03 9.999960573808087672e-01 7.809046721878863423e-05 3.753173149776624969e-03 3.351842154532676211e-05 -7.818486065639907660e-05 9.999999963818214654e-01 8.025832722156279325e-03 9.999952316284179688e-01 -2.470894716680049896e-03 1.859922893345355988e-03 7.187746167182922363e-01 2.478544833138585091e-03 9.999884366989135742e-01 -4.125838167965412140e-03 6.526736542582511902e-03 -1.849710941314697266e-03 4.130423534661531448e-03 9.999898672103881836e-01 6.300099194049835205e-03 6.240358352661132812e+01
9.856747000000000000e+07 9.999974640209855492e-01 -2.245746339348134082e-03 -1.690415922040591301e-04 6.765041913521421257e-01 2.245748746011659667e-03 9.999974782044641630e-01 1.404864291396957127e-05 3.095778669414461347e-03 1.690096162278522686e-04 -1.442823222441841076e-05 9.999999856137880005e-01 8.238263016004379255e-03 9.999898076057434082e-01 -1.923599164001643658e-03 4.082762170583009720e-03 6.937445402145385742e-01 1.915405387990176678e-03 9.999961256980895996e-01 1.992827048525214195e-03 1.471751276403665543e-02 -4.086574073880910873e-03 -1.984981819987297058e-03 9.999896883964538574e-01 9.892521426081657410e-03 6.180787277221679688e+01
9.867123000000000000e+07 9.999973258915988428e-01 -2.303363276210715002e-03 -2.067060974173024921e-04 6.467495915157387421e-01 2.303352366515390784e-03 9.999973458759154887e-01 -5.300132757018580947e-05 2.987366059046874574e-03 2.068276301019721488e-04 5.252506887282747431e-05 9.999999772317246238e-01 8.118920508630706953e-03 9.999979138374328613e-01 -1.800506724976003170e-03 9.705864358693361282e-04 6.628909111022949219e-01 1.797675271518528461e-03 9.999936223030090332e-01 3.094112267717719078e-03 1.939666271209716797e-02 -9.761535329744219780e-04 -3.092361148446798325e-03 9.999947547912597656e-01 1.350756362080574036e-02 6.149862289428710938e+01
9.877487000000000000e+07 9.999968989344865111e-01 -2.481281873453507116e-03 -2.129828491077775943e-04 6.247284050906816155e-01 2.481261497829677452e-03 9.999969170695662823e-01 -9.587888901504614209e-05 3.007807437636518533e-03 2.132200950450951343e-04 9.535012554677891933e-05 9.999999727227720792e-01 7.900553646130180005e-03 9.999976158142089844e-01 -2.158104907721281052e-03 -7.457573519786819816e-05 6.344684362411499023e-01 2.157991984859108925e-03 9.999967217445373535e-01 -1.340865856036543846e-03 1.172178890556097031e-02 7.746662595309317112e-05 1.340698450803756714e-03 9.999989867210388184e-01 1.131868548691272736e-02 6.202476882934570312e+01
9.887860000000000000e+07 9.999978529740397581e-01 -2.062425579804871758e-03 -2.011170473210167941e-04 5.959364155562760779e-01 2.062394522307380452e-03 9.999978613254280058e-01 -1.545102990788322392e-04 2.377962287960373386e-03 2.014352831881705301e-04 1.540951846472038119e-04 9.999999678392500480e-01 7.611959887535374794e-03 9.999982118606567383e-01 -1.916875480674207211e-03 9.430622594663873315e-05 6.035844683647155762e-01 1.916658016853034496e-03 9.999973773956298828e-01 1.301649608649313450e-03 1.677783019840717316e-02 -9.679343929747119546e-05 -1.301465439610183239e-03 9.999991655349731445e-01 1.534530147910118103e-02 6.159996795654296875e+01
9.898235000000000000e+07 9.999985844392514922e-01 -1.670778427392863655e-03 -1.990450550041413403e-04 5.566194027302863168e-01 1.670749197457235477e-03 9.999985935038354645e-01 -1.469267302383651063e-04 1.264047092510236798e-03 1.992902570598371458e-04 1.465939678880511844e-04 9.999999693968004699e-01 6.946836951627675602e-03 9.999964237213134766e-01 -1.760083367116749287e-03 -2.004512352868914604e-03 5.718011856079101562e-01 1.758293248713016510e-03 9.999980330467224121e-01 -9.279307560063898563e-04 1.068295259028673172e-02 2.006133785471320152e-03 9.244059910997748375e-04 9.999975562095642090e-01 1.060041133314371109e-02 6.177519989013671875e+01
9.908610000000000000e+07 9.999986415601636036e-01 -1.634339238432638494e-03 -2.140400729915186762e-04 5.290782498137892587e-01 1.634316573962880069e-03 9.999986588835733103e-01 -1.060210435313310397e-04 5.840983090757751904e-04 2.142130602858420096e-04 1.056710902785679178e-04 9.999999714731930833e-01 6.547200474593311247e-03 9.999979734420776367e-01 -1.372471568174660206e-03 -1.488178852014243603e-03 5.327453017234802246e-01 1.368279336020350456e-03 9.999949932098388672e-01 -2.844496397301554680e-03 4.191813524812459946e-03 1.492080278694629669e-03 2.842458430677652359e-03 9.999948740005493164e-01 1.268260739743709564e-02 6.152598571777343750e+01
9.918973000000000000e+07 9.999991078718679649e-01 -1.317604054872622719e-03 -2.194882127619255871e-04 5.002564541380245533e-01 1.317592023735406461e-03 9.999991304655211355e-01 -5.495008673099586007e-05 -2.014525963516381780e-04 2.195604243643130499e-04 5.466084179859516726e-05 9.999999744027066040e-01 6.192350666459237735e-03 9.999994039535522461e-01 -9.785508736968040466e-04 5.143621237948536873e-04 5.013077259063720703e-01 9.795267833396792412e-04 9.999974370002746582e-01 -2.083335304632782936e-03 6.233456544578075409e-03 -5.123214796185493469e-04 2.083831932395696640e-03 9.999977350234985352e-01 9.775463491678237915e-03 6.137155151367187500e+01
9.929348000000000000e+07 9.999995896015453356e-01 -8.853413808135314174e-04 -1.922689602755797526e-04 4.638309942638903505e-01 8.853407026563024770e-04 9.999996080793062125e-01 -3.612211006317434723e-06 -1.128434808320963106e-03 1.922720829613793077e-04 3.441985981828010816e-06 9.999999815097986300e-01 5.725206347295275916e-03 9.999947547912597656e-01 -1.146928756497800350e-03 -3.034112742170691490e-03 4.695565998554229736e-01 1.143036293797194958e-03 9.999984502792358398e-01 -1.277712057344615459e-03 5.284228827804327011e-03 3.035571426153182983e-03 1.274236012250185013e-03 9.999944567680358887e-01 5.787715781480073929e-03 6.181999969482421875e+01
9.939723000000000000e+07 9.999998914903869274e-01 -4.524660650508089787e-04 -1.108768403530224392e-04 4.273772984153229038e-01 4.524549115581826442e-04 9.999998925822942697e-01 -1.005979733919477328e-04 -1.369738487405599290e-03 1.109223456121877601e-04 1.005477957049632208e-04 9.999999887931869669e-01 5.178587316771429520e-03 9.999996423721313477e-01 -2.000233944272622466e-04 -8.558531990274786949e-04 4.358445107936859131e-01 2.038462844211608171e-04 9.999896883964538574e-01 4.538395442068576813e-03 1.307885348796844482e-02 8.549403864890336990e-04 -4.538561217486858368e-03 9.999894499778747559e-01 9.010529611259698868e-04 6.125788879394531250e+01
9.950085000000000000e+07 9.999999967422293912e-01 3.745809973909588130e-05 -7.150127278392678638e-05 4.045357709575891358e-01 -3.746712880681200353e-05 9.999999913246291339e-01 -1.262812579255010316e-04 -1.681924182005805181e-03 7.149654190769874911e-05 1.262839364614878467e-04 9.999999894703059944e-01 4.871697977588422893e-03 9.999994635581970215e-01 1.798388548195362091e-04 1.008284976705908775e-03 4.101825356483459473e-01 -1.832321868278086185e-04 9.999940395355224609e-01 3.460397245362401009e-03 6.913402117788791656e-03 -1.007662620395421982e-03 -3.460584208369255066e-03 9.999934434890747070e-01 -5.607019644230604172e-03 6.121564865112304688e+01
9.960460000000000000e+07 9.999980070598054605e-01 -1.986591784877804467e-03 -1.983171029956860008e-04 3.641714375067136023e-01 1.986606306474188177e-03 9.999980240273820264e-01 7.305401408756910585e-05 -2.775595298533774583e-06 1.981715826287049900e-04 -7.344784648539821816e-05 9.999999776667195528e-01 4.095606024015703388e-03 9.999975562095642090e-01 -1.744922949001193047e-03 1.360232825390994549e-03 3.739440739154815674e-01 1.748185488395392895e-03 9.999954700469970703e-01 -2.414737362414598465e-03 -7.569145876914262772e-03 -1.356010790914297104e-03 2.417105250060558319e-03 9.999961853027343750e-01 -4.583421163260936737e-03 6.143065643310546875e+01
9.970835000000000000e+07 9.999986063229340250e-01 -1.655374068550885926e-03 -2.170000161276243987e-04 3.407390184797322585e-01 1.655399164915137859e-03 9.999986231531462488e-01 1.155228950837209104e-04 -2.895279584831555097e-04 2.168084837555191516e-04 -1.158819557116051485e-04 9.999999697827277600e-01 3.740888090700706433e-03 9.999982714653015137e-01 -1.842870260588824749e-03 2.481347182765603065e-04 3.461622297763824463e-01 1.844480284489691257e-03 9.999767541885375977e-01 -6.577235646545886993e-03 -9.795301593840122223e-03 -2.360035723540931940e-04 6.577689200639724731e-03 9.999783635139465332e-01 2.981995465233922005e-03 6.120249557495117188e+01
9.981198000000000000e+07 9.999999593526847086e-01 -1.730037952293323052e-04 -2.266369727795670259e-04 3.129002793761942458e-01 1.730106264367087113e-04 9.999999845799831810e-01 3.012237031334429347e-05 -1.670163417788752712e-03 2.266317580005427373e-04 -3.016157969277933872e-05 9.999999738641628388e-01 3.661915816112258897e-03 9.999984502792358398e-01 1.330435334239155054e-04 -1.776176155544817448e-03 3.159924745559692383e-01 -1.348615187453106046e-04 9.999994039535522461e-01 -1.007601735182106495e-03 -2.538693835958838463e-03 1.776041812263429165e-03 1.007839106023311615e-03 9.999978542327880859e-01 -3.953802399337291718e-03 6.138956832885742188e+01
9.991573000000000000e+07 9.999993084253228082e-01 -1.140299988218279126e-03 -2.878624720585007445e-04 2.902579826118677486e-01 1.140338719729099308e-03 9.999993407791570865e-01 1.344204070697441005e-04 -7.210687167284758874e-04 2.877090027038391390e-04 -1.347485748332393765e-04 9.999999495331740595e-01 3.015884689187172101e-03 9.999985098838806152e-01 -9.922962635755538940e-04 -1.418735831975936890e-03 2.881216704845428467e-01 9.946931386366486549e-04 9.999980330467224121e-01 1.718980609439313412e-03 3.771556075662374496e-03 1.417025574482977390e-03 -1.720388885587453842e-03 9.999974966049194336e-01 -2.792962477542459965e-04 6.135526275634765625e+01
1.000193000000000000e+08 9.999971719624772826e-01 -2.345053635449836135e-03 -3.959678219490821464e-04 2.621750825138670082e-01 2.345166383313677331e-03 9.999972096187155213e-01 2.845161482129992311e-04 6.036473624979835778e-04 3.952995114227185166e-04 -2.854439540120291222e-04 9.999998811300160328e-01 2.279699796271014017e-03 9.999977350234985352e-01 -2.092875074595212936e-03 -8.965199231170117855e-05 2.632960975170135498e-01 2.092965180054306984e-03 9.999976158142089844e-01 7.277150289155542850e-04 -4.112501163035631180e-03 8.813031308818608522e-05 -7.279082783497869968e-04 9.999998211860656738e-01 -6.709066685289144516e-03 6.114377593994140625e+01
1.001231000000000000e+08 9.999995016910224743e-01 -8.835428364986505851e-04 -4.647254868329913800e-04 2.462408060983417579e-01 8.836056822545526384e-04 9.999996005019748946e-01 1.350440714284630419e-04 -4.260284016771315055e-04 4.646059839559843864e-04 -1.354546382093586463e-04 9.999998828966553122e-01 2.545088393523561865e-03 9.999992847442626953e-01 -2.550061617512255907e-04 1.178784295916557312e-03 2.452701479196548462e-01 2.565952017903327942e-04 9.999990463256835938e-01 -1.331588369794189930e-03 -4.413774237036705017e-03 -1.178444013930857182e-03 1.331900595687329769e-03 9.999983906745910645e-01 2.754668705165386200e-03 6.165939331054687500e+01
1.002267000000000000e+08 9.999998333948877383e-01 -2.321319590420952545e-04 -5.285120232723878935e-04 2.298171936170416430e-01 2.321704995254495634e-04 9.999999703939622675e-01 7.286244085016749597e-05 -7.391303990760132898e-04 5.284950939245296403e-04 -7.298513360829003357e-05 9.999998576830464447e-01 2.573062702704331014e-03 9.999998211860656738e-01 9.071273234440013766e-05 6.244799005798995495e-04 2.234836816787719727e-01 -9.073387627722695470e-05 1.000000000000000000e+00 4.166613507550209761e-05 2.624847227707505226e-03 -6.244776304811239243e-04 -4.172501576249487698e-05 9.999997615814208984e-01 2.590965887065976858e-04 6.176323318481445312e+01
1.003305000000000000e+08 9.999983486514922859e-01 -1.729468664479895867e-03 -5.582404758406550680e-04 2.136335919919638004e-01 1.729576487091964232e-03 9.999984857104973202e-01 1.927223113977331089e-04 7.982406350876763241e-04 5.579063233046349570e-04 -1.936875127466662020e-04 9.999998256128258545e-01 1.844152879740050934e-03 9.999916553497314453e-01 -1.214182120747864246e-03 -3.878095420077443123e-03 2.165196835994720459e-01 1.211151480674743652e-03 9.999989867210388184e-01 -7.970964070409536362e-04 4.217533278279006481e-04 3.879056312143802643e-03 7.923907833173871040e-04 9.999922513961791992e-01 -7.776688318699598312e-03 6.187148666381835938e+01
1.004341000000000000e+08 9.999990374329933429e-01 -1.257950052176602315e-03 -5.854013773104934379e-04 2.071854757908885292e-01 1.258038388011115810e-03 9.999991973361187503e-01 1.505541388371205744e-04 4.660953452005408702e-04 5.852115178450715974e-04 -1.512904513162582334e-04 9.999998173193245243e-01 1.944162482211072651e-03 9.999940991401672363e-01 -8.206584607250988483e-04 -3.340102033689618111e-03 2.105807214975357056e-01 8.184920297935605049e-04 9.999994635581970215e-01 -6.139128818176686764e-04 9.563512285239994526e-04 3.340605413541197777e-03 6.111722905188798904e-04 9.999941587448120117e-01 -1.049146987497806549e-02 6.177820968627929688e+01
1.005379000000000000e+08 9.999997906142328308e-01 2.243649343390399840e-04 -6.069858817893240572e-04 2.059204694190162888e-01 -2.243475068300599480e-04 9.999999744199677965e-01 2.877949087009235246e-05 -8.374978520749830346e-04 6.069923233712772297e-04 -2.864330907286729200e-05 9.999998153699204417e-01 2.478367401065456437e-03 9.999989867210388184e-01 7.552423630841076374e-04 -1.262047095224261284e-03 2.072230577468872070e-01 -7.564944098703563213e-04 9.999992251396179199e-01 -1.055148895829916000e-03 7.335268892347812653e-04 1.261245692148804665e-03 1.056099310517311096e-03 9.999986886978149414e-01 -3.792376024648547173e-03 6.140521621704101562e+01
1.006415000000000000e+08 9.999997355604038907e-01 -3.876690395799806685e-04 -6.152981762919982689e-04 2.011201740399092552e-01 3.877157473083902564e-04 9.999999219659387872e-01 7.579325744064089189e-05 -2.339825636920880533e-04 6.152687455788892956e-04 -7.603179818669384131e-05 9.999998078317524630e-01 2.201990771814087058e-03 9.999997615814208984e-01 -4.242055874783545732e-04 -3.986021620221436024e-04 2.072718441486358643e-01 4.238086112309247255e-04 9.999993443489074707e-01 -1.004338264465332031e-03 -3.345302829984575510e-04 3.990313562098890543e-04 1.004171208478510380e-03 9.999994039535522461e-01 -1.185535266995429993e-02 6.151478576660156250e+01
1.007452000000000000e+08 9.999995967979898870e-01 -6.494314217556372603e-04 -6.201956612484280096e-04 1.983724816398015622e-01 6.494908092991501193e-04 9.999997845150013775e-01 9.555953369985610297e-05 2.837085587036477466e-05 6.201334682395865695e-04 -9.596230656591383612e-05 9.999998031128324305e-01 2.074783693373880630e-03 9.999997019767761230e-01 -4.926517140120267868e-04 6.437910487875342369e-04 2.085640132427215576e-01 4.930495633743703365e-04 9.999997019767761230e-01 -6.679143989458680153e-04 2.253777580335736275e-03 -6.434586248360574245e-04 6.682245875708758831e-04 9.999996423721313477e-01 -9.389835409820079803e-03 6.104719924926757812e+01
1.008489000000000000e+08 9.999998162969702120e-01 -5.875028513106442122e-05 -6.032863498588068255e-04 2.059893813694936848e-01 5.878158359398205071e-05 9.999999969275112921e-01 5.186234404995531999e-05 -5.817903170083550029e-04 6.032833010776344259e-04 -5.189779665063696629e-05 9.999998166779169306e-01 2.377693111508607203e-03 1.000000000000000000e+00 1.958268258022144437e-04 -2.666086584213189781e-05 2.035160958766937256e-01 -1.958134671440348029e-04 9.999998211860656738e-01 4.568473959807306528e-04 3.722477005794644356e-03 2.674768256838433444e-05 -4.568315052893012762e-04 9.999998807907104492e-01 -3.848834196105599403e-03 6.148175811767578125e+01
1.009526000000000000e+08 9.999998049109239950e-01 -7.261992840275973034e-05 -6.204066824601370093e-04 2.004064709523967758e-01 7.265103230786446563e-05 9.999999961052916664e-01 5.011231300380916155e-05 -5.012613282604654920e-04 6.204030408911748347e-04 -5.015737641432371611e-05 9.999998062921293673e-01 2.305204404649879076e-03 9.999997019767761230e-01 1.688856427790597081e-04 -6.925991619937121868e-04 2.020647376775741577e-01 -1.684134040260687470e-04 9.999998807907104492e-01 5.805849214084446430e-04 1.466130954213440418e-03 6.927012582309544086e-04 -5.804764223285019398e-04 9.999995231628417969e-01 -8.109529502689838409e-03 6.167728042602539062e+01
1.010562000000000000e+08 9.999995071694225413e-01 -7.818117068256721968e-04 -6.119079815263345689e-04 2.004250165379995452e-01 7.818782438860385998e-04 9.999996884464527058e-01 1.085053730361944013e-04 1.252859727398588133e-04 6.118229601142704610e-04 -1.089837570942046402e-04 9.999998068975866072e-01 2.050415872052882473e-03 9.999988675117492676e-01 -2.518560213502496481e-04 -1.463434658944606781e-03 2.033567875623703003e-01 2.539500710554420948e-04 9.999988675117492676e-01 1.456794561818242073e-03 4.247017204761505127e-03 1.463066088035702705e-03 -1.457158359698951244e-03 9.999979138374328613e-01 -9.184377267956733704e-03 6.171129608154296875e+01
1.011600000000000000e+08 9.999996787678561150e-01 -5.396206857743433317e-04 -5.926834973468905494e-04 2.073932228541397471e-01 5.396754774391345454e-04 9.999998501163963605e-01 9.229071942144160797e-05 -1.777645503762079475e-04 5.926336065342197295e-04 -9.261054651017052884e-05 9.999998201043391877e-01 2.214482696686115304e-03 9.999999403953552246e-01 -2.899326209444552660e-04 -2.501968410797417164e-04 2.017235457897186279e-01 2.901887928601354361e-04 9.999995231628417969e-01 9.484707261435687542e-04 4.538199398666620255e-03 2.499214897397905588e-04 -9.485453483648598194e-04 9.999994635581970215e-01 -9.001042693853378296e-03 6.135401535034179688e+01
1.012636000000000000e+08 9.999997048074282802e-01 -4.434750617850128480e-04 -6.274670856302097793e-04 1.961621668213712200e-01 4.435226754216375238e-04 9.999998987751502755e-01 7.574517489529898184e-05 -1.204292308101077835e-04 6.274334310198356485e-04 -7.602344840814377353e-05 9.999998002738484937e-01 2.116361322888096665e-03 9.999989271163940430e-01 -1.421838533133268356e-04 1.465290202759206295e-03 2.061246037483215332e-01 1.423874055035412312e-04 1.000000000000000000e+00 -1.604525023140013218e-04 1.356632448732852936e-03 -1.465272041969001293e-03 1.606606820132583380e-04 9.999989271163940430e-01 -5.555773153901100159e-03 6.135964965820312500e+01
1.013674000000000000e+08 9.999995674579732485e-01 -7.085079564306518383e-04 -6.025780657557185680e-04 2.036883406926625895e-01 7.085701852642145061e-04 9.999997436530376760e-01 1.030637744023799214e-04 1.713698731310070081e-05 6.025048897810523487e-04 -1.034906986829716401e-04 9.999998131387454192e-01 2.111779481740222626e-03 9.999998211860656738e-01 -1.438496983610093594e-04 5.342590739019215107e-04 1.974570006132125854e-01 1.446071692043915391e-04 9.999990463256835938e-01 -1.372497645206749439e-03 -1.545101520605385303e-03 -5.340637289918959141e-04 1.372578437440097332e-03 9.999989271163940430e-01 -1.536446041427552700e-03 6.116550445556640625e+01
1.014710000000000000e+08 9.999997015939492417e-01 -4.697419068630641630e-04 -6.133144155487876576e-04 2.013010951702220441e-01 4.697923739304931952e-04 9.999998862737142780e-01 8.214433065045110237e-05 -1.619808941262497557e-04 6.132757591655244294e-04 -8.243243656420316302e-05 9.999998085488560617e-01 2.176650385892780863e-03 9.999998807907104492e-01 -4.908525152131915092e-04 1.137309009209275246e-04 1.941606700420379639e-01 4.910950665362179279e-04 9.999983906745910645e-01 -1.741672051139175892e-03 -1.474475138820707798e-03 -1.128667281591333449e-04 1.741723739542067051e-03 9.999985098838806152e-01 4.128966480493545532e-03 6.146412658691406250e+01
1.015747000000000000e+08 9.999997132909557163e-01 -3.821240773799204128e-04 -6.537577611575498939e-04 1.848757408822028214e-01 3.821616151793672477e-04 9.999999253349157735e-01 5.729455884813265730e-05 -1.748458237179551297e-05 6.537358187147806641e-04 -5.754438353696647178e-05 9.999997846590438222e-01 2.006096858204504604e-03 9.999999403953552246e-01 -5.152921585249714553e-05 -9.497936116531491280e-05 1.846519112586975098e-01 5.136569961905479431e-05 9.999999403953552246e-01 -4.029696574434638023e-04 1.836466399254277349e-04 9.499266161583364010e-05 4.029691917821764946e-04 9.999999403953552246e-01 4.448506515473127365e-03 6.162112045288085938e+01
1.016784000000000000e+08 9.999997763840311471e-01 -5.192244678633499514e-05 -6.667352878219622329e-04 1.805678683786162142e-01 5.193845136929289055e-05 9.999999983635078360e-01 2.398711128301830842e-05 -2.362022134513511304e-04 6.667340412613368935e-04 -2.402173511769118580e-05 9.999997774443109000e-01 2.072605922042683024e-03 1.000000000000000000e+00 9.190744458464905620e-05 -1.528131251689046621e-04 1.820408403873443604e-01 -9.162727656075730920e-05 9.999993443489074707e-01 1.156182959675788879e-03 4.763727076351642609e-03 1.529271103208884597e-04 -1.156171201728284359e-03 9.999993443489074707e-01 7.212961558252573013e-03 6.194131088256835938e+01
1.017821000000000000e+08 9.999997426871459760e-01 -2.702374717429232025e-04 -6.645279195687330519e-04 1.791603696177133664e-01 2.702667862971598329e-04 9.999999625088777933e-01 4.402394851189905085e-05 -2.652459041747721622e-05 6.645159977344120873e-04 -4.420353700741382096e-05 9.999997782322456175e-01 1.968938531051880794e-03 9.999998211860656738e-01 -2.762347285170108080e-04 -4.369670059531927109e-04 1.822213530540466309e-01 2.766114193946123123e-04 9.999995827674865723e-01 8.316171006299555302e-04 4.434620961546897888e-03 4.367322835605591536e-04 -8.317377069033682346e-04 9.999995231628417969e-01 4.477973852772265673e-04 6.185891342163085938e+01
1.018859000000000000e+08 9.999995648168177320e-01 -6.933282970292029912e-04 -6.242291503508694663e-04 1.746044007402056952e-01 6.933968814240822542e-04 9.999997535875994048e-01 1.096608251122800453e-04 4.129930423895736302e-04 6.241529655785833406e-04 -1.100936159435879542e-04 9.999997991562118438e-01 1.710757817118006103e-03 9.999998807907104492e-01 -3.052550309803336859e-04 4.068297857884317636e-04 1.773588061332702637e-01 3.053665859624743462e-04 9.999998807907104492e-01 -4.930352442897856236e-04 9.902125020744279027e-05 -4.066779220011085272e-04 4.931564326398074627e-04 9.999997615814208984e-01 5.423682276159524918e-03 6.197516632080078125e+01
1.019896000000000000e+08 9.999997714751485134e-01 -2.174841430775832217e-04 -6.401174081033305860e-04 1.652053600983059700e-01 2.175146322053629351e-04 9.999999752126537134e-01 4.756129206379326957e-05 1.510427184746461189e-04 6.401070484096252691e-04 -4.770051609805766923e-05 9.999997939937915747e-01 1.867859519571595959e-03 9.999995231628417969e-01 1.361546455882489681e-04 9.462706511840224266e-04 1.721688657999038696e-01 -1.349477533949539065e-04 9.999992847442626953e-01 -1.230170601047575474e-03 -1.864778343588113785e-03 -9.464364848099648952e-04 1.230042078532278538e-03 9.999988675117492676e-01 4.904028959572315216e-03 6.157782363891601562e+01
1.020932000000000000e+08 9.999996509291053659e-01 -5.621344402130178889e-04 -6.181799864340134162e-04 1.673072198359983054e-01 5.621947580587457853e-04 9.999998372247508316e-01 9.740382912092967083e-05 4.110755877142364934e-04 6.181251317592807541e-04 -9.775133268937034891e-05 9.999998041829679662e-01 1.706135507195466949e-03 9.999997019767761230e-01 9.700722330308053643e-06 7.621545228175818920e-04 1.643774360418319702e-01 -9.605106242815963924e-06 9.999999403953552246e-01 -1.813181006582453847e-04 -9.480735752731561661e-04 -7.621573167853057384e-04 1.813218987081199884e-04 9.999996423721313477e-01 -3.963132621720433235e-05 6.164121627807617188e+01
1.021970000000000000e+08 9.999997303314471786e-01 -4.325399265830416986e-04 -5.935033730854639977e-04 1.506187629456939292e-01 4.325769701138269438e-04 9.999999044986768171e-01 6.228808260629769460e-05 4.103354757427546602e-04 5.934763743228772814e-04 -6.254480169578098504e-05 9.999998219369575780e-01 1.725929052977668221e-03 9.999999403953552246e-01 2.121952638844959438e-05 -2.565594040788710117e-04 1.544476598501205444e-01 -2.084685911540873349e-05 9.999993443489074707e-01 1.173860859125852585e-03 4.945640452206134796e-03 2.565821341704577208e-04 -1.173858414404094219e-03 9.999992251396179199e-01 -3.565604332834482193e-03 6.118198394775390625e+01
1.023007000000000000e+08 9.999998138201849907e-01 -1.500313604863432642e-04 -5.914813407722651533e-04 1.395570809038994553e-01 1.500415812943649741e-04 9.999999885952272072e-01 1.723568169022003657e-05 2.505097193550446578e-04 5.914787481337144747e-04 -1.732442527927089427e-05 9.999998249263575278e-01 1.831424661349792971e-03 9.999991059303283691e-01 -3.661191612991387956e-06 -1.330868457444012165e-03 1.468000710010528564e-01 5.947829322394682094e-06 9.999985098838806152e-01 1.721884822472929955e-03 6.733503658324480057e-03 1.330865779891610146e-03 -1.721899490803480148e-03 9.999976158142089844e-01 4.561095498502254486e-03 6.119875335693359375e+01
1.024045000000000000e+08 9.999997174495930397e-01 -4.747778277093072470e-04 -5.828265276855244467e-04 1.466900835680185755e-01 4.748132810991407453e-04 9.999998854343359334e-01 6.069323120967228099e-05 4.468172164541943186e-04 5.827976451138099437e-04 -6.096994783033508425e-05 9.999998283147744083e-01 1.713382462986929233e-03 9.999994635581970215e-01 -2.191485255025327206e-04 -1.077448134310543537e-03 1.435980349779129028e-01 2.190017112297937274e-04 1.000000000000000000e+00 -1.322659809375181794e-04 2.739360090345144272e-03 1.077474444173276424e-03 1.320325391134247184e-04 9.999994039535522461e-01 7.047943770885467529e-03 6.131910324096679688e+01
1.025083000000000000e+08 9.999998166157300084e-01 -7.271752600713552827e-05 -6.012326153429415785e-04 1.417829576609295483e-01 7.272551109080755316e-05 9.999999972675949200e-01 1.325933628381768310e-05 2.025500376270004911e-04 6.012316495139729102e-04 -1.330305880270044543e-05 9.999998191717448526e-01 1.859008280203304888e-03 9.999998807907104492e-01 -6.485836638603359461e-05 -4.625514266081154346e-04 1.409618109464645386e-01 6.380526610882952809e-05 9.999974370002746582e-01 -2.273424295708537102e-03 -2.048983238637447357e-03 4.626933368854224682e-04 2.273396588861942291e-03 9.999973773956298828e-01 4.467620979994535446e-03 6.111670303344726562e+01
1.026119000000000000e+08 9.999997693706453861e-01 2.791819853698591491e-04 -6.191252484990274457e-04 1.391323581998697156e-01 -2.791955159649848073e-04 9.999999607880069030e-01 -2.176805373016576570e-05 -2.657225064639964074e-05 6.191191469734115289e-04 2.194090570366777145e-05 9.999998081050200938e-01 1.970035258350526057e-03 1.000000000000000000e+00 1.691647630650550127e-04 -2.003776753554120660e-04 1.420813947916030884e-01 -1.698178239166736603e-04 9.999957084655761719e-01 -2.933360869064927101e-03 -3.148028161376714706e-03 1.998790394281968474e-04 2.933396492153406143e-03 9.999956488609313965e-01 -5.509948241524398327e-04 6.125775909423828125e+01
1.027156000000000000e+08 9.999998241794374465e-01 -9.773957400706297137e-05 -5.848829624678926042e-04 1.342615661617472533e-01 9.774151284124070428e-05 9.999999952178985074e-01 3.286326989782427789e-06 2.253554484101245154e-04 5.848826384667320678e-04 -3.343493755946947842e-06 9.999998289505503957e-01 1.850374041007273864e-03 9.999998807907104492e-01 3.736127691809087992e-04 2.600257575977593660e-04 1.394148468971252441e-01 -3.735412319656461477e-04 9.999998807907104492e-01 -1.383422641083598137e-04 4.741118289530277252e-03 -2.600797743070870638e-04 1.382412301609292626e-04 1.000000000000000000e+00 9.294579285779036582e-06 6.113315200805664062e+01
1.028194000000000000e+08 9.999995905533944907e-01 -6.997144227857153348e-04 -5.738403470797252522e-04 1.500353071552155970e-01 6.997654826369146793e-04 9.999997512228638863e-01 8.878324117130918076e-05 5.798236170300484016e-04 5.737780814050430197e-04 -8.918475849947762814e-05 9.999998314123764720e-01 1.632368162820793233e-03 9.999962449073791504e-01 -3.694153274409472942e-04 2.722882200032472610e-03 1.468712091445922852e-01 3.619794442784041166e-04 9.999961853027343750e-01 2.726902253925800323e-03 7.149687502533197403e-03 -2.723869169130921364e-03 -2.725904341787099838e-03 9.999925494194030762e-01 -7.310297340154647827e-03 6.099824142456054688e+01
1.029230000000000000e+08 9.999998150869524594e-01 -1.610430238864110880e-04 -5.864223882941748799e-04 1.375554038698235948e-01 1.610518908498151131e-04 9.999999869175432154e-01 1.507324773871922256e-05 2.622570241772975946e-04 5.864199531810138522e-04 -1.516768938284250585e-05 9.999998279407806834e-01 1.825136401590858430e-03 9.999972581863403320e-01 -8.170180080924183130e-05 2.324740868061780930e-03 1.443391442298889160e-01 7.279932469828054309e-05 9.999927878379821777e-01 3.816915675997734070e-03 9.275846183300018311e-03 -2.325040288269519806e-03 -3.816733835265040398e-03 9.999899864196777344e-01 -6.344022694975137711e-03 6.136531066894531250e+01
1.030267000000000000e+08 9.999998352379848576e-01 3.377953662921196967e-05 -5.730470779741594954e-04 1.277528575899909424e-01 -3.378513674333237857e-05 9.999999993816257593e-01 -9.762842957088187793e-06 1.048436542960332730e-04 5.730467478354980783e-04 9.782201821990847132e-06 9.999998357608569366e-01 1.883494354352502950e-03 9.999998211860656738e-01 2.308845723746344447e-04 -5.089160404168069363e-04 1.347971409559249878e-01 -2.297509345225989819e-04 9.999974370002746582e-01 2.237973036244511604e-03 7.324046455323696136e-03 5.094297812320291996e-04 -2.237858017906546593e-03 9.999973773956298828e-01 2.487100427970290184e-03 6.126681518554687500e+01
1.031305000000000000e+08 9.999997985607407269e-01 -2.650978698414096211e-04 -5.767162336037047520e-04 1.364221215091929451e-01 2.651114060524573947e-04 9.999999645843122842e-01 2.339486145547506592e-05 3.275197357478505222e-04 5.767100112512223110e-04 -2.354775078810835995e-05 9.999998334255262300e-01 1.795663651332294599e-03 9.999982714653015137e-01 -1.512206508778035641e-04 -1.851720386184751987e-03 1.293450593948364258e-01 1.512680173618718982e-04 1.000000000000000000e+00 -8.537062967661768198e-06 4.481324460357427597e-03 1.851726206950843334e-03 8.252321094914805144e-06 9.999982118606567383e-01 6.284383125603199005e-03 6.083116912841796875e+01
1.032341000000000000e+08 9.999997924853093467e-01 -3.272285361354902158e-04 -5.549331867377159692e-04 1.281569311238497377e-01 3.272373320022866358e-04 9.999999463336828320e-01 1.575959411160608191e-05 3.743847900046755133e-04 5.549279999678137206e-04 -1.594118568869719844e-05 9.999998459003917040e-01 1.780179585039773577e-03 9.999987483024597168e-01 -1.929418940562754869e-04 -1.622594078071415424e-03 1.295783072710037231e-01 1.913668384077027440e-04 9.999995231628417969e-01 -9.605797240510582924e-04 3.492734627798199654e-03 1.622779760509729385e-03 9.602715726941823959e-04 9.999982118606567383e-01 7.018116768449544907e-03 6.142915344238281250e+01
1.033379000000000000e+08 9.999998405247151334e-01 3.989229076689529923e-05 -5.633463738624304310e-04 1.247947728236074721e-01 -3.989913237524528544e-05 9.999999991304204805e-01 -1.213335198616533814e-05 8.150768777117801283e-05 5.633458893453314629e-04 1.215582708362572508e-05 9.999998412468035225e-01 1.872424779548085725e-03 9.999999403953552246e-01 2.759880408120807260e-05 -3.487023350317031145e-04 1.308246999979019165e-01 -2.771184335870202631e-05 9.999998807907104492e-01 -3.942792245652526617e-04 4.241278395056724548e-03 3.486921777948737144e-04 3.942853363696485758e-04 9.999999403953552246e-01 4.815646447241306305e-03 6.101747131347656250e+01
1.034415000000000000e+08 9.999998225235211535e-01 -1.667934737794471932e-04 -5.719552889574419261e-04 1.311095982801988857e-01 1.667971522856131518e-04 9.999999860689782194e-01 6.383763130875930808e-06 2.647658075638886755e-04 5.719542162194592811e-04 -6.479162514246855806e-06 9.999998364131791329e-01 1.827295708295456622e-03 9.999999403953552246e-01 -2.409920853096991777e-04 -2.235546271549537778e-04 1.343309134244918823e-01 2.409872540738433599e-04 9.999998807907104492e-01 2.465531288180500269e-04 5.301139783114194870e-03 2.234888088423758745e-04 -2.465947763994336128e-04 9.999999403953552246e-01 -3.531391557771712542e-04 6.098694229125976562e+01
1.035452000000000000e+08 9.999997193308408638e-01 -4.919852944200301444e-04 -5.650563881019618961e-04 1.387749968872285800e-01 4.920132920260974433e-04 9.999998777407614892e-01 4.941040231459482227e-05 4.646635400286752943e-04 5.650320098277980064e-04 -4.968840369426568142e-05 9.999998391349357307e-01 1.713042632959914857e-03 9.999994635581970215e-01 -3.431972872931510210e-04 -9.940013987943530083e-04 1.399395614862442017e-01 3.434871323406696320e-04 9.999998807907104492e-01 2.845325507223606110e-04 3.387039992958307266e-03 9.939080337062478065e-04 -2.848787698894739151e-04 9.999994635581970215e-01 -6.099743768572807312e-03 6.109052658081054688e+01
1.036490000000000000e+08 9.999997831574962692e-01 -2.765247168955931251e-04 -5.976780594984108970e-04 1.465566233253261796e-01 2.765493431123366768e-04 9.999999609147675050e-01 4.112089769142491049e-05 3.242289284295491424e-04 5.976666651939933732e-04 -4.128617624127494865e-05 9.999998205449972533e-01 1.781436939762593222e-03 9.999984502792358398e-01 -3.179952036589384079e-04 -1.664742478169500828e-03 1.498943567276000977e-01 3.183813823852688074e-04 9.999999403953552246e-01 2.353195450268685818e-04 3.165074391290545464e-03 1.664666226133704185e-03 -2.358418714720755816e-04 9.999986290931701660e-01 -9.464778937399387360e-03 6.113174438476562500e+01
1.037526000000000000e+08 9.999996018186201319e-01 -6.762739507132620436e-04 -5.822509854452341798e-04 1.535899974884352148e-01 6.763273040493675021e-04 9.999997671099645213e-01 9.144087057921904431e-05 5.588792408274868319e-04 5.821890107710590585e-04 -9.183462637615287917e-05 9.999998263111776753e-01 1.640260965029969502e-03 9.999951124191284180e-01 -9.571053087711334229e-04 -2.989521482959389687e-03 1.589269489049911499e-01 9.553934796713292599e-04 9.999993443489074707e-01 -5.794825847260653973e-04 2.438109600916504860e-03 2.990073757246136665e-03 5.766226095147430897e-04 9.999954104423522949e-01 -4.650443792343139648e-03 6.085472106933593750e+01
1.038564000000000000e+08 9.999987758397167470e-01 -1.458075407495366092e-03 -5.677457497289981015e-04 1.793641632721068579e-01 1.458185509985881513e-03 9.999989181135173766e-01 1.935636024678675626e-04 9.954703349128737281e-04 5.674629051711971338e-04 -1.943912441195483093e-04 9.999998200989361763e-01 1.483457692140030927e-03 9.999919533729553223e-01 -1.281110802665352821e-03 -3.811979200690984726e-03 1.773101538419723511e-01 1.277355127967894077e-03 9.999986290931701660e-01 -9.966336656361818314e-04 3.089006757363677025e-03 3.813256742432713509e-03 9.917434072121977806e-04 9.999921917915344238e-01 -4.298957996070384979e-03 6.106297683715820312e+01
1.039601000000000000e+08 9.999981078615006735e-01 -1.860197753092093526e-03 -5.691552933810759517e-04 2.097882542235061654e-01 1.860313086483381378e-03 9.999982491782462013e-01 2.021773277249849256e-04 9.683728441260396882e-04 5.687782070818527859e-04 -2.032357522151740346e-04 9.999998175932739430e-01 1.749953653623202710e-03 9.999935030937194824e-01 -1.722003100439906120e-03 -3.163001732900738716e-03 2.036959826946258545e-01 1.719371066428720951e-03 9.999982118606567383e-01 -8.271920960396528244e-04 4.151264205574989319e-03 3.164415014907717705e-03 8.217549766413867474e-04 9.999946951866149902e-01 -3.377462038770318031e-03 6.055270385742187500e+01
1.040637000000000000e+08 9.999963700112550757e-01 -2.650430871874860997e-03 -4.849544895737118171e-04 2.325937010208407041e-01 2.650572705588714537e-03 9.999964445766357235e-01 2.920595200249727938e-04 1.309406650186473176e-03 4.841786818243414372e-04 -2.933438669237180339e-04 9.999998397601848055e-01 1.790615246700119709e-03 9.999940991401672363e-01 -2.843810711055994034e-03 -1.921530463732779026e-03 2.319853156805038452e-01 2.845001639798283577e-03 9.999957680702209473e-01 6.089953240007162094e-04 7.527041248977184296e-03 1.919792382977902889e-03 -6.144603830762207508e-04 9.999979734420776367e-01 -2.167933853343129158e-03 6.049151992797851562e+01
1.041674000000000000e+08 9.999896677141832946e-01 -4.528845034370907255e-03 -3.924635155215178486e-04 2.612783877635393437e-01 4.529070262820336298e-03 9.999895784474324145e-01 5.749079583807570684e-04 2.453175324328477850e-03 3.898557563998044859e-04 -5.766795130980250858e-04 9.999997577265857807e-01 1.712501283375618280e-03 9.999899268150329590e-01 -4.121934529393911362e-03 -1.801233272999525070e-03 2.604345679283142090e-01 4.123368300497531891e-03 9.999911785125732422e-01 7.893556612543761730e-04 8.493682369589805603e-03 1.797963632270693779e-03 -7.967821438796818256e-04 9.999980330467224121e-01 -5.605478072538971901e-04 6.053862380981445312e+01
1.042710000000000000e+08 9.999830425598548178e-01 -5.807883643244552037e-03 -4.278799776132478829e-04 2.948629489880440491e-01 5.808113738898377544e-03 9.999829877763641850e-01 5.384919759099285981e-04 2.972535630671987832e-03 4.247451997725657045e-04 -5.409680199714728957e-04 9.999997634725369400e-01 2.664584590297647791e-03 9.999852776527404785e-01 -5.382491741329431534e-03 -7.107306737452745438e-04 2.903431951999664307e-01 5.381458904594182968e-03 9.999846220016479492e-01 -1.385910552926361561e-03 4.150374326854944229e-03 7.181831169873476028e-04 1.382076414301991463e-03 9.999988079071044922e-01 -4.042779561132192612e-03 6.050239944458007812e+01
1.043746000000000000e+08 9.999834936667403307e-01 -5.729300960301871547e-03 -4.330167104032405087e-04 3.159414739750481260e-01 5.729509394236022117e-03 9.999834702279930543e-01 4.816552557528805661e-04 2.972142878694055117e-03 4.302500047246536879e-04 -4.841282787828573783e-04 9.999997902523426463e-01 3.118290745720519314e-03 9.999812245368957520e-01 -5.867873784154653549e-03 -1.736802048981189728e-03 3.193049132823944092e-01 5.862249061465263367e-03 9.999774694442749023e-01 -3.244458930566906929e-03 1.585309044457972050e-03 1.755801378749310970e-03 3.234208328649401665e-03 9.999932646751403809e-01 -1.299051661044359207e-02 6.065967941284179688e+01
1.044782000000000000e+08 9.999752076166010806e-01 -7.025531318608246346e-03 -4.754584367432640587e-04 3.472505095028309841e-01 7.025718373884608410e-03 9.999752421480936349e-01 3.929008681739592731e-04 4.407952048449206156e-03 4.726863279976400555e-04 -3.962315643740498623e-04 9.999998097840689937e-01 3.647964083806277090e-03 9.999729394912719727e-01 -6.774145178496837616e-03 -2.856994746252894402e-03 3.456552922725677490e-01 6.770894397050142288e-03 9.999764561653137207e-01 -1.141526736319065094e-03 7.196080405265092850e-03 2.864653477445244789e-03 1.122159417718648911e-03 9.999952316284179688e-01 -2.013212628662586212e-02 6.024649429321289062e+01
1.045820000000000000e+08 9.999581587152676088e-01 -9.131781564756314903e-03 -5.398020101700087489e-04 3.747988194478330537e-01 9.131949069313706133e-03 9.999582552468438967e-01 3.086614061290965036e-04 6.423954786648846706e-03 5.369608477974925371e-04 -3.135779356870813063e-04 9.999998066709490097e-01 3.954081715314330253e-03 9.999620914459228516e-01 -8.698665536940097809e-03 2.323673543287441134e-04 3.765830397605895996e-01 8.698033168911933899e-03 9.999591708183288574e-01 2.452365588396787643e-03 1.071867346763610840e-02 -2.536850806791335344e-04 -2.450259402394294739e-03 9.999969601631164551e-01 -1.285119820386171341e-02 6.058044815063476562e+01
1.046857000000000000e+08 9.999544678187711755e-01 -9.528772960600957742e-03 -5.145640646043998616e-04 4.028264622814108908e-01 9.528894887509291312e-03 9.999545714319989509e-01 2.350223412642218380e-04 6.909423321889491230e-03 5.123012141908943502e-04 -2.399148670133902615e-04 9.999998399941503191e-01 4.352227662880113826e-03 9.999545812606811523e-01 -9.503728710114955902e-03 -7.343766628764569759e-04 3.955745398998260498e-01 9.501646272838115692e-03 9.999508857727050781e-01 -2.809756668284535408e-03 6.653772667050361633e-03 7.610453758388757706e-04 2.802660455927252769e-03 9.999958276748657227e-01 -7.474386133253574371e-03 6.036560058593750000e+01
1.047894000000000000e+08 9.999517409474880658e-01 -9.811836434823098529e-03 -4.936002315458860520e-04 4.377369301396910051e-01 9.811892314859130965e-03 9.999518560742620688e-01 1.109151299963910569e-04 7.261133281052852342e-03 4.924881865715395948e-04 -1.157529296896841906e-04 9.999998720283136411e-01 4.729776542711863936e-03 9.999524354934692383e-01 -9.757038205862045288e-03 2.234565545222721994e-05 4.279543459415435791e-01 9.757075458765029907e-03 9.999440312385559082e-01 -4.086607135832309723e-03 9.074187255464494228e-04 1.752788375597447157e-05 4.086624830961227417e-03 9.999916553497314453e-01 -2.451630868017673492e-02 6.029900741577148438e+01
1.048930000000000000e+08 9.999489653299434844e-01 -1.009189587350200340e-02 -4.694401376953584296e-04 4.548110956537939620e-01 1.009192585574403972e-02 9.999490733261119368e-01 6.154315263952465345e-05 7.550157341237921649e-03 4.687951435873773261e-04 -6.627756683176589411e-05 9.999998879191933643e-01 4.867365499507005436e-03 9.999473094940185547e-01 -1.007164921611547470e-02 1.968351425603032112e-03 4.490886628627777100e-01 1.007690094411373138e-02 9.999457001686096191e-01 -2.676695818081498146e-03 1.015146495774388313e-03 -1.941287075169384480e-03 2.696392592042684555e-03 9.999944567680358887e-01 -1.756963133811950684e-02 6.059289550781250000e+01
1.049967000000000000e+08 9.999432557278111755e-01 -1.064370629913513437e-02 -4.436674543756049236e-04 4.726436337126987408e-01 1.064372786046348558e-02 9.999433528539999338e-01 4.626510703660348975e-05 8.111337070054434190e-03 4.431498896699250195e-04 -5.098475739641312272e-05 9.999999005093600513e-01 4.942098413362508089e-03 9.999412298202514648e-01 -1.029779296368360519e-02 3.385490039363503456e-03 4.731335341930389404e-01 1.030015759170055389e-02 9.999466538429260254e-01 -6.613126606680452824e-04 7.595906499773263931e-03 -3.378494875505566597e-03 6.961348117329180241e-04 9.999940395355224609e-01 -1.257155835628509521e-02 6.070665740966796875e+01
1.051005000000000000e+08 9.999353707837370653e-01 -1.136057792260435767e-02 -4.376369642484451237e-04 4.843959265087312560e-01 1.136059896762587479e-02 9.999354652726749615e-01 4.563191477585041688e-05 8.867662653956031801e-03 4.370903165480403887e-04 -5.060078361684863888e-05 9.999999031958042295e-01 4.957718102476971200e-03 9.999374747276306152e-01 -1.096497941762208939e-02 -2.198162488639354706e-03 4.885724782943725586e-01 1.096839364618062973e-02 9.999385476112365723e-01 1.579023082740604877e-03 9.232374839484691620e-03 2.180708339437842369e-03 -1.603028504177927971e-03 9.999963641166687012e-01 -1.115649566054344177e-02 6.093376159667968750e+01
1.052041000000000000e+08 9.999386134233269052e-01 -1.107158351374653432e-02 -4.352194767230394977e-04 5.039370886936195282e-01 1.107161182179390579e-02 9.999387058587108079e-01 6.268768583400077463e-05 8.644732102111935684e-03 4.344987483256863695e-04 -6.750241905080563046e-05 9.999999033271199655e-01 5.166010327763404485e-03 9.999463558197021484e-01 -1.028399169445037842e-02 -1.219178084284067154e-03 5.144879221916198730e-01 1.028358004987239838e-02 9.999470710754394531e-01 -4.259800771251320839e-04 6.915332749485969543e-03 1.223498722538352013e-03 4.134206392336636782e-04 9.999991655349731445e-01 -1.815474219620227814e-02 6.270409774780273438e+01
1.053077000000000000e+08 9.999472512073814823e-01 -1.026277590480626986e-02 -4.125987424802989457e-04 5.389443569136475043e-01 1.026285995007704746e-02 9.999473150451125836e-01 2.020987461146080599e-04 8.480610688627081978e-03 4.105029106754420464e-04 -2.063225285915498924e-04 9.999998944591859118e-01 5.702023065442278840e-03 9.999425411224365234e-01 -9.614472277462482452e-03 4.752695094794034958e-03 5.431088805198669434e-01 9.628442116081714630e-03 9.999493360519409180e-01 -2.945643849670886993e-03 1.987677300348877907e-03 -4.724142141640186310e-03 2.991245128214359283e-03 9.999843239784240723e-01 -1.820242963731288910e-02 6.143679809570312500e+01
1.054115000000000000e+08 9.999526294713558805e-01 -9.726016638993913860e-03 -3.786971494553619281e-04 5.600129657143425588e-01 9.726108432364492101e-03 9.999526711710255977e-01 2.413101040403856871e-04 8.618993971149544603e-03 3.763322400225644878e-04 -2.449819226743013469e-04 9.999998991789439406e-01 5.918025292451225931e-03 9.999486804008483887e-01 -9.296864271163940430e-03 4.017982631921768188e-03 5.643749237060546875e-01 9.312629699707031250e-03 9.999489784240722656e-01 -3.905489109456539154e-03 -5.031661130487918854e-03 -3.981470130383968353e-03 3.942695446312427521e-03 9.999842643737792969e-01 -1.845904253423213959e-02 6.049878311157226562e+01
1.055153000000000000e+08 9.999498237611333940e-01 -1.001160899753422012e-02 -3.430054819689442062e-04 5.749600927596182354e-01 1.001170424475734261e-02 9.999498432422215810e-01 2.771017343992507515e-04 9.297559258825296644e-03 3.402140439146204539e-04 -2.805218996639679912e-04 9.999999027809365337e-01 5.977760061401903892e-03 9.999551773071289062e-01 -9.228914976119995117e-03 2.098140306770801544e-03 5.772851705551147461e-01 9.229218587279319763e-03 9.999573826789855957e-01 -1.820933684939518571e-04 3.991888836026191711e-03 -2.096371725201606750e-03 2.014569035964086652e-04 9.999978542327880859e-01 -1.382335089147090912e-02 6.120959854125976562e+01
1.056189000000000000e+08 9.999721675649545505e-01 -7.455506030961268904e-03 -2.820014694901189678e-04 5.980538129827726035e-01 7.455591807219363529e-03 9.999721603728274344e-01 3.043512190094607001e-04 7.326798463805490359e-03 2.797245263074971708e-04 -3.064452360360290172e-04 9.999999139227490064e-01 6.511722048728504041e-03 9.999674558639526367e-01 -7.059329655021429062e-03 3.924228250980377197e-03 5.990768671035766602e-01 7.038499694317579269e-03 9.999610185623168945e-01 5.327881779521703720e-03 1.442361064255237579e-02 -3.961690701544284821e-03 -5.300092510879039764e-03 9.999781250953674316e-01 -1.442292612046003342e-02 6.057174301147460938e+01
1.057226000000000000e+08 9.999795251262992846e-01 -6.395353065536339698e-03 -2.208783250927557566e-04 6.174725343170203162e-01 6.395400829822759856e-03 9.999795258384834851e-01 2.162220020012624278e-04 6.685178160633334712e-03 2.194909867470713955e-04 -2.176301803105717460e-04 9.999999522304043875e-01 6.902892367784626421e-03 9.999722838401794434e-01 -5.733705591410398483e-03 4.743541125208139420e-03 6.223188042640686035e-01 5.723229143768548965e-03 9.999811649322509766e-01 2.202532719820737839e-03 8.790831081569194794e-03 -4.756072536110877991e-03 -2.175314119085669518e-03 9.999863505363464355e-01 -1.192466169595718384e-02 6.076688003540039062e+01
1.058265000000000000e+08 9.999836594560267411e-01 -5.712608302306456873e-03 -2.166280176330644830e-04 6.233611310714617382e-01 5.712644959592472552e-03 9.999836684338059278e-01 1.689781465346085513e-04 6.099387482938451767e-03 2.156591738067331284e-04 -1.702129042784365982e-04 9.999999622593437332e-01 7.111849020214282453e-03 9.999864101409912109e-01 -5.171324592083692551e-03 -5.853047478012740612e-04 6.316263675689697266e-01 5.173492245376110077e-03 9.999790787696838379e-01 3.888971172273159027e-03 9.434922598302364349e-03 5.651734536513686180e-04 -3.891956526786088943e-03 9.999921917915344238e-01 -2.436889102682471275e-03 6.024729537963867188e+01
1.059302000000000000e+08 9.999973657258381943e-01 -2.286108162579568968e-03 -2.055502050646765386e-04 6.503620688860078936e-01 2.286098741753729048e-03 9.999973858123157866e-01 -4.605551690045320463e-05 2.985337299433394112e-03 2.056549556103136919e-04 4.558548751541892190e-05 9.999999778140011841e-01 8.154407875928412069e-03 9.999964833259582520e-01 -1.945139956660568714e-03 1.776917371898889542e-03 6.563937664031982422e-01 1.938338624313473701e-03 9.999907016754150391e-01 3.840746590867638588e-03 9.021048434078693390e-03 -1.784362480975687504e-03 -3.837284166365861893e-03 9.999911189079284668e-01 -6.935801357030868530e-03 6.026169586181640625e+01
1.060341000000000000e+08 9.999979776510774521e-01 -2.001467191505229039e-03 -1.970357050838294837e-04 6.706656119211489298e-01 2.001466618491271575e-03 9.999979970589752964e-01 -3.105310798211653351e-06 2.824041399403425488e-03 1.970415256102797869e-04 2.710944154490593471e-06 9.999999805836449207e-01 8.327426325608896368e-03 9.999962449073791504e-01 -1.685461727902293205e-03 2.198512665927410126e-03 6.732841134071350098e-01 1.673076883889734745e-03 9.999827742576599121e-01 5.628647282719612122e-03 9.856790304183959961e-03 -2.207965124398469925e-03 -5.624953191727399826e-03 9.999817013740539551e-01 -8.658672682940959930e-03 6.048889541625976562e+01
1.061379000000000000e+08 9.999936385996884836e-01 -3.565878108776782910e-03 -8.528635105850483991e-05 6.806313418171991980e-01 3.565884351775528479e-03 9.999936395380660814e-01 7.316074562306379078e-05 4.424746428571546542e-03 8.502492630268917951e-05 -7.346440147594924652e-05 9.999999936868719796e-01 7.785088554098785855e-03 9.999957084655761719e-01 -2.926996676251292229e-03 -1.146467839134857059e-04 6.923406720161437988e-01 2.926898887380957603e-03 9.999951720237731934e-01 -9.975427528843283653e-04 2.359699923545122147e-03 1.175645156763494015e-04 9.972000261768698692e-04 9.999995231628417969e-01 -8.886396884918212891e-03 6.013916778564453125e+01
1.062417000000000000e+08 9.999970557109501001e-01 -2.425815792910648167e-03 -6.314603425205055857e-05 7.088320813374145990e-01 2.425820007708998777e-03 9.999970554662508393e-01 6.675604836405891508e-05 3.328458315221703625e-03 6.298391044695856363e-05 -6.690903272171268810e-05 9.999999957781043891e-01 8.176285173360721761e-03 9.999980330467224121e-01 -1.841934979893267155e-03 7.410220568999648094e-04 7.114039063453674316e-01 1.842012628912925720e-03 9.999982714653015137e-01 -5.504752334672957659e-05 3.335216082632541656e-03 -7.409187383018434048e-04 5.641531242872588336e-05 9.999997019767761230e-01 -4.625913687050342560e-03 6.017123031616210938e+01
1.063455000000000000e+08 9.999993864039394831e-01 -1.104525168720716733e-03 -8.494607080244258605e-05 7.258446705015261236e-01 1.104530473393944756e-03 9.999993880574962191e-01 6.242599879567293120e-05 1.975665531516313314e-03 8.487706773003889712e-05 -6.251978601979803890e-05 9.999999944435795651e-01 8.614057314019806302e-03 9.999988079071044922e-01 -1.115142367780208588e-03 -1.073000254109501839e-03 7.292345166206359863e-01 1.112709520384669304e-03 9.999969601631164551e-01 -2.213720232248306274e-03 6.023506633937358856e-03 1.075461274012923241e-03 2.212518127635121346e-03 9.999969601631164551e-01 2.413886249996721745e-04 5.995056152343750000e+01
1.064492000000000000e+08 9.999934221512881694e-01 -3.626004424939468108e-03 8.800838811314199534e-05 7.345941436682273951e-01 3.625993090872069950e-03 9.999934177956472103e-01 1.286036366057903557e-04 4.764070644533856431e-03 -8.847412620021151582e-05 -1.282836728489509040e-04 9.999999878578135215e-01 7.761273352342130255e-03 9.999768137931823730e-01 -2.809751313179731369e-03 -6.202256307005882263e-03 7.401226758956909180e-01 2.851828001439571381e-03 9.999729990959167480e-01 6.768058054149150848e-03 1.605363003909587860e-02 6.183078978210687637e-03 -6.785589270293712616e-03 9.999578595161437988e-01 -1.154074794612824917e-03 6.024796676635742188e+01
1.065530000000000000e+08 9.999979139147409102e-01 -2.042333750284684550e-03 3.223594712590886860e-05 7.479375777374130951e-01 2.042330095920293596e-03 9.999979080582033220e-01 1.129917439606669321e-04 3.114849444245525178e-03 -3.246664653477568542e-05 -1.129256718074470549e-04 9.999999930968549444e-01 8.334992428219027347e-03 9.999815821647644043e-01 -1.480634789913892746e-03 -5.892415530979633331e-03 7.594627737998962402e-01 1.516660791821777821e-03 9.999800324440002441e-01 6.121784448623657227e-03 1.747054047882556915e-02 5.883231759071350098e-03 -6.130604073405265808e-03 9.999639391899108887e-01 -1.021318836137652397e-03 6.067910385131835938e+01
1.066568000000000000e+08 9.999980887688747488e-01 -1.953738066858120605e-03 7.325428393418429709e-05 7.685184359115646568e-01 1.953727774182393261e-03 9.999980816278589701e-01 1.403154041013636054e-04 3.157172016389496287e-03 -7.352828294968696008e-05 -1.401720169980793075e-04 9.999999874726985816e-01 8.526178257074698910e-03 9.999809861183166504e-01 -1.811857800930738449e-03 -5.899366457015275955e-03 7.751755714416503906e-01 1.799256890080869198e-03 9.999961256980895996e-01 -2.136439317837357521e-03 3.535144031047821045e-03 5.903209559619426727e-03 2.125779399648308754e-03 9.999802708625793457e-01 -5.278681404888629913e-03 6.051596832275390625e+01
1.067605000000000000e+08 9.999973938572680465e-01 -2.279616509811591314e-03 1.250089205697486514e-04 7.852490051793140635e-01 2.279596590480078948e-03 9.999973890352121808e-01 1.592549318342309560e-04 3.473806617119410550e-03 -1.253716343484266951e-04 -1.589695468834948584e-04 9.999999795053179374e-01 8.536042249689396524e-03 9.999977350234985352e-01 -2.026031259447336197e-03 -4.454920417629182339e-04 8.003980517387390137e-01 2.022837055847048759e-03 9.999729394912719727e-01 -7.076695561408996582e-03 -1.093175495043396950e-03 4.598294035531580448e-04 7.075782865285873413e-03 9.999748468399047852e-01 -4.447554238140583038e-03 6.081196975708007812e+01
1.068642000000000000e+08 9.999995733556494848e-01 -9.195304956557976556e-04 8.804639411175793509e-05 8.131195607250536472e-01 9.195212395603485217e-04 9.999995717161551667e-01 1.051103094184242608e-04 1.878797803951604483e-03 -8.814300853998581606e-05 -1.050293040424427255e-04 9.999999905998273597e-01 9.033411319175354420e-03 9.999893903732299805e-01 -7.853774004615843296e-04 4.540296271443367004e-03 8.200953006744384766e-01 7.695599924772977829e-04 9.999936223030090332e-01 3.481366671621799469e-03 1.419236417859792709e-02 -4.543007351458072662e-03 -3.477836959064006805e-03 9.999836087226867676e-01 3.778998274356126785e-03 6.073756790161132812e+01
1.069680000000000000e+08 9.999990559372670118e-01 -1.369269179006477391e-03 1.150064512551173147e-04 8.250733887935084443e-01 1.369260217177597702e-03 9.999990595233415602e-01 7.796719743219913696e-05 2.215242522124026385e-03 -1.151131011750025466e-04 -7.780965006733305250e-05 9.999999903473160145e-01 8.958649618126273209e-03 9.999976158142089844e-01 -1.277011353522539139e-03 1.791304908692836761e-03 8.315217494964599609e-01 1.271348563022911549e-03 9.999942183494567871e-01 3.160574706271290779e-03 1.686648651957511902e-02 -1.795326126739382744e-03 -3.158284351229667664e-03 9.999934434890747070e-01 1.093561388552188873e-02 6.110137557983398438e+01
1.070718000000000000e+08 9.999957197912593410e-01 -2.919125772281191966e-03 1.977469091577760819e-04 8.422095460294201086e-01 2.919120102300234998e-03 9.999957389406027852e-01 2.895547659250961801e-05 3.635981535525485003e-03 -1.978305912248770203e-04 -2.837810567618513692e-05 9.999999800288698060e-01 8.683275746058670419e-03 9.999930262565612793e-01 -2.402051351964473724e-03 2.867781091481447220e-03 8.483226895332336426e-01 2.397083211690187454e-03 9.999955892562866211e-01 1.718154875561594963e-03 1.471104845404624939e-02 -2.871897770091891289e-03 -1.711274380795657635e-03 9.999943375587463379e-01 9.662568569183349609e-03 6.101049423217773438e+01
1.071755000000000000e+08 9.999961315846107590e-01 -2.774963445096490129e-03 1.907718560614569991e-04 8.570953190872889760e-01 2.774967817397544327e-03 9.999961495128014688e-01 -2.265813351033939654e-05 3.264153622179316854e-03 -1.907082460063590191e-04 2.318743160601631110e-05 9.999999815463542774e-01 8.870771344237485256e-03 9.999956488609313965e-01 -2.605348126962780952e-03 -1.367059536278247833e-03 8.579403758049011230e-01 2.603960921987891197e-03 9.999961256980895996e-01 -1.068789628334343433e-03 1.083568390458822250e-02 1.369841047562658787e-03 1.065224874764680862e-03 9.999985098838806152e-01 5.636565852910280228e-03 6.117932891845703125e+01
1.072791000000000000e+08 9.999949422039611235e-01 -3.174530743664072223e-03 1.947340149803846181e-04 8.819712818465783588e-01 3.174549933317072532e-03 9.999949562710512829e-01 -9.831307627724530842e-05 3.324099544718847783e-03 -1.944209349203958738e-04 9.893077186677210703e-05 9.999999762066016373e-01 9.377111426854283296e-03 9.999911189079284668e-01 -3.086420940235257149e-03 2.870200667530298233e-03 8.860291838645935059e-01 3.091914346441626549e-03 9.999932646751403809e-01 -1.948639750480651855e-03 1.560083590447902679e-02 -2.864169189706444740e-03 1.957503147423267365e-03 9.999939203262329102e-01 1.076215598732233047e-02 6.146268844604492188e+01
1.073829000000000000e+08 9.999876244326340036e-01 -4.967190746062161502e-03 2.792801705416685923e-04 8.812611599349311486e-01 4.967206018595985914e-03 9.999876618969516517e-01 -5.401834372402305686e-05 5.188404812813534987e-03 -2.790084053342712159e-04 5.540491737469901236e-05 9.999999595423012533e-01 9.160387196681857302e-03 9.999902248382568359e-01 -4.265439230948686600e-03 1.213072100654244423e-03 8.947512507438659668e-01 4.267853684723377228e-03 9.999890327453613281e-01 -1.936373999342322350e-03 9.447090327739715576e-03 -1.204799860715866089e-03 1.941529102623462677e-03 9.999974370002746582e-01 4.791755229234695435e-03 6.118428802490234375e+01
1.074865000000000000e+08 9.999828526101772752e-01 -5.849335630838224317e-03 2.824145423232065624e-04 8.918930545588562575e-01 5.849341893664447220e-03 9.999828922251889907e-01 -2.135512295354595979e-05 5.766058297088663687e-03 -2.822847975560222522e-04 2.300669599796649771e-05 9.999999598929912858e-01 9.440928970762995504e-03 9.999861717224121094e-01 -5.246623419225215912e-03 1.826317602535709739e-04 9.053928852081298828e-01 5.246671382337808609e-03 9.999861717224121094e-01 -4.516061744652688503e-04 1.635575294494628906e-02 -1.802588376449421048e-04 4.525645927060395479e-04 9.999998807907104492e-01 1.292343623936176300e-02 6.134640121459960938e+01
1.075902000000000000e+08 9.999791642058911689e-01 -6.450142980669456086e-03 2.584745381889642793e-04 9.048869840064858172e-01 6.450150051775217774e-03 9.999791972135176898e-01 -2.653280464967883309e-05 5.854053393826213515e-03 -2.582980208124246047e-04 2.819945139467533305e-05 9.999999662434606584e-01 9.950872364134720136e-03 9.999813437461853027e-01 -5.775042343884706497e-03 1.989065436646342278e-03 9.158990979194641113e-01 5.782316438853740692e-03 9.999763965606689453e-01 -3.698155516758561134e-03 8.714904077351093292e-03 -1.967665739357471466e-03 3.709587734192609787e-03 9.999912381172180176e-01 7.951773703098297119e-03 6.135766220092773438e+01
1.076939000000000000e+08 9.999820087702235849e-01 -5.993315857423325843e-03 2.496012110113391097e-04 9.046435803759291794e-01 5.993330444469367399e-03 9.999820381670737612e-01 -5.773449127221543328e-05 5.550233771329295476e-03 -2.492507066726908104e-04 5.922939510034536283e-05 9.999999671829813419e-01 1.000443613214146293e-02 9.999803900718688965e-01 -5.866407882422208786e-03 2.190457889810204506e-03 9.226568341255187988e-01 5.873794201761484146e-03 9.999771118164062500e-01 -3.359663533046841621e-03 8.807477541267871857e-03 -2.170692430809140205e-03 3.372464329004287720e-03 9.999919533729553223e-01 1.822474226355552673e-02 6.100454330444335938e+01
1.077976000000000000e+08 9.999865667241930600e-01 -5.178768907775774949e-03 2.161595564917253155e-04 9.209589762271670477e-01 5.178794362824114955e-03 9.999865830675178646e-01 -1.173673264083844280e-04 4.755549696644103923e-03 -2.155488380598772767e-04 1.184851956237084093e-04 9.999999697499792894e-01 1.045325690286127290e-02 9.999886751174926758e-01 -4.760770127177238464e-03 -3.152776116621680558e-05 9.212449193000793457e-01 4.760734736919403076e-03 9.999856352806091309e-01 -2.490279963240027428e-03 8.225252851843833923e-03 4.337827704148367047e-05 2.490093698725104332e-03 9.999969005584716797e-01 1.410312019288539886e-02 6.106473541259765625e+01
1.079012000000000000e+08 9.999883759755675561e-01 -4.816617329060485925e-03 2.193446354785394251e-04 9.091501008238430659e-01 4.816647553917424371e-03 9.999883904362167897e-01 -1.374770583582922640e-04 4.689481605677544261e-03 -2.186799146247189502e-04 1.385319660864894583e-04 9.999999664939952515e-01 1.024605297452781810e-02 9.999890923500061035e-01 -4.199195653200149536e-03 -2.045757370069622993e-03 9.199416637420654297e-01 4.199668299406766891e-03 9.999911189079284668e-01 2.202075993409380317e-04 9.400451555848121643e-03 2.044814871624112129e-03 -2.287951938342303038e-04 9.999978542327880859e-01 1.561567280441522598e-02 6.057523345947265625e+01
1.080050000000000000e+08 9.999960904540849960e-01 -2.792035753679763567e-03 1.536662133959858885e-04 9.081591386480244443e-01 2.792057319594468644e-03 9.999960923574390259e-01 -1.403074678017042986e-04 2.925181205433105211e-03 -1.532738694772834602e-04 1.407359641166664799e-04 9.999999783502555584e-01 1.024497738740349183e-02 9.999934434890747070e-01 -2.648587804287672043e-03 -2.462001051753759384e-03 9.181238412857055664e-01 2.644207095727324486e-03 9.999949932098388672e-01 -1.748566515743732452e-03 -4.261606081854552031e-04 2.466621808707714081e-03 1.742042833939194679e-03 9.999954700469970703e-01 1.339635904878377914e-02 6.018255996704101562e+01
1.081087000000000000e+08 9.999981806422624242e-01 -1.903740416292600554e-03 1.203522591489562300e-04 9.146330006270915192e-01 1.903756835710146639e-03 9.999981785425359204e-01 -1.364609643090494999e-04 2.054492935978058724e-03 -1.200922536847050801e-04 1.366898374691463637e-04 9.999999834468696891e-01 1.039939202648725199e-02 9.999941587448120117e-01 -1.562755089253187180e-03 -3.044897690415382385e-03 9.142687320709228516e-01 1.575187081471085548e-03 9.999904036521911621e-01 4.073703661561012268e-03 5.151627585291862488e-03 3.038501832634210587e-03 -4.078481346368789673e-03 9.999870061874389648e-01 1.552961394190788269e-02 6.028700637817382812e+01
1.082125000000000000e+08 9.999992896051709268e-01 1.185739332997206522e-03 1.217020379737827771e-04 9.136829857997859072e-01 -1.185730828205853148e-03 9.999992945758173768e-01 -6.993045748376628605e-05 -5.174562752727709545e-04 -1.217848714163353698e-04 6.978610194707517036e-05 9.999999901491725129e-01 9.922683346862564563e-03 9.999968409538269043e-01 8.639214793220162392e-04 -2.345980610698461533e-03 9.189931750297546387e-01 -8.604108006693422794e-04 9.999984502792358398e-01 1.518477220088243484e-03 6.335673853754997253e-03 2.347288187593221664e-03 -1.516448450274765491e-03 9.999960660934448242e-01 1.551466621458530426e-02 6.074374389648437500e+01
1.083162000000000000e+08 9.999994214332424969e-01 1.068745205334527444e-03 1.221348713507433559e-04 9.159257002497738220e-01 -1.068736240486793491e-03 9.999994262043578885e-01 -7.344292439001766240e-05 -3.978179619168638326e-04 -1.222132930394995165e-04 7.331235194196061974e-05 9.999999898446054747e-01 9.986802455202212214e-03 9.999982714653015137e-01 8.449056185781955719e-04 -1.679454231634736061e-03 9.177548289299011230e-01 -8.389981812797486782e-04 9.999936819076538086e-01 3.464740701019763947e-03 2.620002487674355507e-03 1.682380796410143375e-03 -3.463319037109613419e-03 9.999926686286926270e-01 4.109841305762529373e-03 6.123033523559570312e+01
1.084200000000000000e+08 9.999983831168677284e-01 1.793553800788226993e-03 1.301096658057405075e-04 9.185454516562756577e-01 -1.793546269696684936e-03 9.999983899140255650e-01 -5.797625138648078658e-05 -9.595896807346241102e-04 -1.302134398404504196e-04 5.774279994793547207e-05 9.999999898551148458e-01 9.918466345692055625e-03 9.999973773956298828e-01 2.278211526572704315e-03 4.232689971104264259e-04 9.185789227485656738e-01 -2.280385466292500496e-03 9.999837875366210938e-01 5.218014121055603027e-03 4.277811094652861357e-04 -4.113845061510801315e-04 -5.218968261033296585e-03 9.999862313270568848e-01 4.770028870552778244e-03 5.995107269287109375e+01
1.085237000000000000e+08 9.999991588085558325e-01 1.291186410622692038e-03 1.233687219695252897e-04 9.143369558829411714e-01 -1.291177610419660038e-03 9.999991638818938045e-01 -7.138556803356057245e-05 -5.996381547870283492e-04 -1.234607908936359425e-04 7.122621705373685338e-05 9.999999898421295663e-01 9.922802834079978360e-03 9.999965429306030273e-01 1.696500461548566818e-03 2.007497940212488174e-03 9.194595813751220703e-01 -1.695342711172997952e-03 9.999983310699462891e-01 -5.983598530292510986e-04 -4.906282294541597366e-03 -2.008507726714015007e-03 5.949564510956406593e-04 9.999977946281433105e-01 2.086663618683815002e-03 5.947248077392578125e+01
1.086275000000000000e+08 9.999982757976940695e-01 1.851953067826159986e-03 1.366439585470992921e-04 9.247812466715551460e-01 -1.851945754785199860e-03 9.999982837091581089e-01 -5.362608267859314310e-05 -9.481292694378033693e-04 -1.367430370118477036e-04 5.337293302460663455e-05 9.999999892263361501e-01 9.991000494598618886e-03 9.999978542327880859e-01 1.996246632188558578e-03 5.078994436189532280e-04 9.276996850967407227e-01 -1.994285266846418381e-03 9.999906420707702637e-01 -3.831418231129646301e-03 -3.441131906583905220e-03 -5.155392573215067387e-04 3.830397734418511391e-03 9.999924898147583008e-01 5.382481962442398071e-03 6.060979080200195312e+01
1.087312000000000000e+08 9.999969033525896167e-01 2.484139748717070773e-03 1.494487667829414454e-04 9.310554048867947241e-01 -2.484134045927441359e-03 9.999969137995705637e-01 -3.833235862338403913e-05 -1.392731853948035248e-03 -1.495435284899095238e-04 3.796098915151409705e-05 9.999999880978480693e-01 1.001393638006354593e-02 9.999951124191284180e-01 2.680102363228797913e-03 1.614272827282547951e-03 9.338980317115783691e-01 -2.678381977602839470e-03 9.999958872795104980e-01 -1.052291598170995712e-03 6.838726694695651531e-04 -1.617095549590885639e-03 1.047964440658688545e-03 9.999981522560119629e-01 1.181178074330091476e-02 6.042992019653320312e+01
1.088351000000000000e+08 9.999985119097613007e-01 1.719489516048203995e-03 1.397646414205429126e-04 9.306195052891652608e-01 -1.719482122104561746e-03 9.999985202847584409e-01 -5.300577815584979978e-05 -7.943873876460311829e-04 -1.398555774858201313e-04 5.276537648333289921e-05 9.999999888281164706e-01 1.010782450899768044e-02 9.999914765357971191e-01 2.651229035109281540e-03 -3.155190730467438698e-03 9.340046048164367676e-01 -2.650053938850760460e-03 9.999964237213134766e-01 3.594083245843648911e-04 4.676249343901872635e-03 3.156129736453294754e-03 -3.510486276354640722e-04 9.999949932098388672e-01 9.068252518773078918e-03 6.037606430053710938e+01
1.089389000000000000e+08 9.999979570534521800e-01 2.016054631370558896e-03 1.463307243357180227e-04 9.344006408313686451e-01 -2.016048187753909961e-03 9.999979667973629693e-01 -4.416876788471035451e-05 -9.851764132693882625e-04 -1.464194734639890792e-04 4.387366786122992026e-05 9.999999883182195681e-01 1.011339353898537373e-02 9.999952912330627441e-01 2.574711339548230171e-03 -1.672761747613549232e-03 9.346178770065307617e-01 -2.575274556875228882e-03 9.999966621398925781e-01 -2.801724185701459646e-04 1.320514944382011890e-03 1.672044745646417141e-03 2.844780101440846920e-04 9.999985694885253906e-01 6.876204162836074829e-03 6.018864059448242188e+01
1.090426000000000000e+08 9.999970817744900931e-01 2.410946593057457059e-03 1.542050511549286325e-04 9.373918699797288978e-01 -2.410941388822422822e-03 9.999970931011892272e-01 -3.392578923127532900e-05 -1.279987014822488080e-03 -1.542863961600629856e-04 3.355391089871907870e-05 9.999999875349218081e-01 1.008496406036016486e-02 9.999967217445373535e-01 2.541163936257362366e-03 -3.204616077709943056e-04 9.399234056472778320e-01 -2.541344147175550461e-03 9.999966621398925781e-01 -5.771038122475147247e-04 1.798076322302222252e-03 3.189898852724581957e-04 5.779183120466768742e-04 9.999997615814208984e-01 4.994609393179416656e-03 6.030147171020507812e+01
1.091464000000000000e+08 9.999965016712002441e-01 2.640282168292334367e-03 1.598611224629713971e-04 9.423831515320784113e-01 -2.640277964395476139e-03 9.999965141089405263e-01 -2.650251241622031336e-05 -1.419591157525856070e-03 -1.599305393140172682e-04 2.608034191149785386e-05 9.999999868710193196e-01 1.013368369153560579e-02 9.999952316284179688e-01 3.061361843720078468e-03 1.925856849993579090e-05 9.417801499366760254e-01 -3.061375347897410393e-03 9.999952316284179688e-01 2.327646143385209143e-05 -5.610111402347683907e-04 -1.918072848638985306e-05 -2.332882104383315891e-05 1.000000000000000000e+00 6.648500915616750717e-03 6.009004974365234375e+01
1.092501000000000000e+08 9.999974039738581677e-01 2.273219387101546064e-03 1.565857427826712459e-04 9.437045750527840449e-01 -2.273214307872824420e-03 9.999974157133511010e-01 -3.260770630740899797e-05 -1.104925902202043633e-03 -1.566594625913339100e-04 3.225166870141090813e-05 9.999999872088211061e-01 1.022093585649513567e-02 9.999966025352478027e-01 2.624788787215948105e-03 8.859738954924978316e-06 9.468674659729003906e-01 -2.624771790578961372e-03 9.999959468841552734e-01 1.145238406024873257e-03 2.725879428908228874e-03 -5.865122602699557319e-06 -1.145265647210180759e-03 9.999994039535522461e-01 6.168366409838199615e-03 6.052671813964843750e+01
1.093539000000000000e+08 9.999978074110382753e-01 2.088223205364886717e-03 1.565153808296145628e-04 9.479109354230802476e-01 -2.088217996918556238e-03 9.999978191115702630e-01 -3.343357265528498420e-05 -9.127435743026291468e-04 -1.565848562476427524e-04 3.310666112190351063e-05 9.999999871925661088e-01 1.033306160593078227e-02 9.999957084655761719e-01 2.755881054326891899e-03 -9.236557525582611561e-04 9.497451782226562500e-01 -2.756952773779630661e-03 9.999955892562866211e-01 -1.105637755244970322e-03 2.328349277377128601e-03 9.206165559589862823e-04 1.108184806071221828e-03 9.999989271163940430e-01 1.147539820522069931e-02 6.090627288818359375e+01
1.094576000000000000e+08 9.999976287298875111e-01 2.172116291055524277e-03 1.563502191867496209e-04 9.436297494423493415e-01 -2.172110706004305898e-03 9.999976403209699383e-01 -3.588236171456152138e-05 -1.024516088083630505e-03 -1.564277909133340101e-04 3.554266664072270579e-05 9.999999871335323309e-01 1.024475668981069537e-02 9.999970197677612305e-01 2.384832827374339104e-03 -5.192225798964500427e-04 9.474183320999145508e-01 -2.384917810559272766e-03 9.999970793724060059e-01 -3.496002464089542627e-04 9.610747219994664192e-04 5.183827597647905350e-04 3.508355002850294113e-04 9.999998211860656738e-01 5.860187578946352005e-03 6.059254455566406250e+01
1.095612000000000000e+08 9.999985536002713449e-01 1.693816027225017494e-03 1.542227450832926456e-04 9.501162299738458161e-01 -1.693810185937252811e-03 9.999985647805700317e-01 -3.799839466178456032e-05 -5.734959671921803330e-04 -1.542868860291667359e-04 3.773711564656088502e-05 9.999999873857334798e-01 1.043580909163225462e-02 9.999920725822448730e-01 2.489184262230992317e-03 -3.100658068433403969e-03 9.516403079032897949e-01 -2.490589860826730728e-03 9.999968409538269043e-01 -4.364943888504058123e-04 1.100892317481338978e-03 3.099562367424368858e-03 4.442170029506087303e-04 9.999950528144836426e-01 5.687704542651772499e-04 6.034864044189453125e+01
1.096650000000000000e+08 9.999989077576103558e-01 1.469824887700245126e-03 1.552366189299187393e-04 9.539922637283779761e-01 -1.469818215417941203e-03 9.999989188884009783e-01 -4.308671138970314072e-05 -3.639086956988639952e-04 -1.552997810218986220e-04 4.285849472068180819e-05 9.999999870225637633e-01 1.055361144228224822e-02 9.999990463256835938e-01 1.306202611885964870e-03 5.941365379840135574e-04 9.573704600334167480e-01 -1.306466758251190186e-03 9.999989867210388184e-01 5.056077498011291027e-04 3.037176560610532761e-03 -5.934748915024101734e-04 -5.063913995400071144e-04 9.999997615814208984e-01 1.046750578097999096e-03 6.091542434692382812e+01
1.097687000000000000e+08 9.999999509730567171e-01 2.759663254645526001e-04 1.479745714147399232e-04 9.613550037111224800e-01 -2.759566198411524704e-04 9.999999597718846056e-01 -6.560621368941540067e-05 6.749025163972076661e-04 -1.479926705672581627e-04 6.556537591143822129e-05 9.999999868996757302e-01 1.090132898412194545e-02 9.999995827674865723e-01 6.601976347155869007e-04 -5.842892569489777088e-04 9.574689865112304688e-01 -6.604528171010315418e-04 9.999997615814208984e-01 -3.058256406802684069e-04 4.009663593024015427e-03 5.840796511620283127e-04 3.062155738007277250e-04 9.999997019767761230e-01 6.896064151078462601e-03 6.150467300415039062e+01
1.098724000000000000e+08 9.999998908617951932e-01 4.424597063680619428e-04 1.500193490692570757e-04 9.626445029343962956e-01 -4.424507569874196818e-04 9.999999003376410789e-01 -5.968278334780500018e-05 5.625182281930268900e-04 -1.500457413448795724e-04 5.961640065929948605e-05 9.999999869660799456e-01 1.088425139432817705e-02 9.999963641166687012e-01 2.042458509095013142e-04 2.670754678547382355e-03 9.664133191108703613e-01 -2.079444384435191751e-04 9.999989867210388184e-01 1.388536184094846249e-03 4.520813468843698502e-03 -2.670469228178262711e-03 -1.389094046317040920e-03 9.999955296516418457e-01 1.224886812269687653e-02 6.098547363281250000e+01
1.099761000000000000e+08 9.999999302891188213e-01 -3.463080352931078784e-04 1.396155694489842748e-04 9.613144494820170527e-01 3.463196484544519074e-04 9.999999365732280543e-01 -8.316396779876078526e-05 1.166701914785611867e-03 -1.395867602443778420e-04 8.321231361448888620e-05 9.999999867956239630e-01 1.102322744872495826e-02 9.999995231628417969e-01 -2.168970058846753091e-05 -9.554126881994307041e-04 9.668524861335754395e-01 2.220839814981445670e-05 9.999998807907104492e-01 5.369896534830331802e-04 5.956685636192560196e-03 9.554087882861495018e-04 -5.370022845454514027e-04 9.999994039535522461e-01 1.312740053981542587e-02 6.087932968139648438e+01
1.100797000000000000e+08 9.999999031293489438e-01 -4.159385070514114656e-04 1.440015995218371148e-04 9.700012620360355386e-01 4.159494338247744284e-04 9.999999106158242723e-01 -7.585789999802207396e-05 1.339532917031990107e-03 -1.439700344302738909e-04 7.591779003042185858e-05 9.999999867545596999e-01 1.118330022875790343e-02 9.999997615814208984e-01 -3.115150902885943651e-04 -7.223854772746562958e-04 9.687184095382690430e-01 3.125449875369668007e-04 9.999987483024597168e-01 1.537560601718723774e-03 7.673930842429399490e-03 7.219011313281953335e-04 -1.537789590656757355e-03 9.999985694885253906e-01 7.901861332356929779e-03 6.115747070312500000e+01
1.101835000000000000e+08 9.999989988841181399e-01 -1.408986441883691406e-03 1.303381059810252774e-04 9.725114596663438915e-01 1.409001113981340212e-03 9.999990010241264216e-01 -1.125462734165300879e-04 1.949358763160106501e-03 -1.301793996073416168e-04 1.127298072762541022e-04 9.999999851726575351e-01 1.144020812245443407e-02 9.999973773956298828e-01 -1.127853291109204292e-03 -1.979924738407135010e-03 9.718446135520935059e-01 1.129239797592163086e-03 9.999991655349731445e-01 6.362685817293822765e-04 6.784409284591674805e-03 1.979210646823048592e-03 -6.385063170455396175e-04 9.999978542327880859e-01 3.557011019438505173e-03 6.068175888061523438e+01
1.102872000000000000e+08 9.999986381109603473e-01 -1.645462516443808821e-03 1.273947081976608273e-04 9.744275538164883788e-01 1.645478907198051404e-03 9.999986379215523025e-01 -1.286634609727910509e-04 2.040378166175497651e-03 -1.271828237800454425e-04 1.288729110464956857e-04 9.999999836081514548e-01 1.152504855784782650e-02 9.999983906745910645e-01 -1.544895931147038937e-03 9.527002112008631229e-04 9.785804748535156250e-01 1.545901643112301826e-03 9.999982118606567383e-01 -1.095627550967037678e-03 5.129497032612562180e-03 -9.510111995041370392e-04 1.097107189707458019e-03 9.999989271163940430e-01 8.269123733043670654e-03 6.143241500854492188e+01
1.103909000000000000e+08 9.999985102690542860e-01 -1.721350217366902653e-03 1.281140220401326586e-04 9.762728344493118993e-01 1.721367198841371442e-03 9.999985096606547330e-01 -1.325576759422326045e-04 2.054668653354455553e-03 -1.278856529302349436e-04 1.327780097347186006e-04 9.999999830076303775e-01 1.157632367428854114e-02 9.999981522560119629e-01 -1.527393353171646595e-03 1.132589764893054962e-03 9.812762141227722168e-01 1.528815831989049911e-03 9.999981522560119629e-01 -1.179828192107379436e-03 3.518576035276055336e-03 -1.130781602114439011e-03 1.181550556793808937e-03 9.999986290931701660e-01 1.042881421744823456e-02 6.223347091674804688e+01
1.104946000000000000e+08 9.999985142950004180e-01 -1.719198046470131686e-03 1.255625885615452189e-04 9.720519029859797655e-01 1.719214565507144526e-03 9.999985134941231646e-01 -1.315709563955494150e-04 2.064446546837889369e-03 -1.253362053880408109e-04 1.317866299441726734e-04 9.999999834615602712e-01 1.150326345780359333e-02 9.999925494194030762e-01 -1.389143755659461021e-03 -3.606285899877548218e-03 9.757199883460998535e-01 1.392934704199433327e-03 9.999984502792358398e-01 1.055491156876087189e-03 6.416349206119775772e-03 3.604811383411288261e-03 -1.060507376678287983e-03 9.999929666519165039e-01 1.115684397518634796e-02 6.155091094970703125e+01
1.105982000000000000e+08 9.999979624528857469e-01 -2.015032227065172155e-03 1.213878182468550193e-04 9.741943344296103424e-01 2.015050073935051658e-03 9.999979589679912628e-01 -1.470811081267615016e-04 2.190104523477749438e-03 -1.210911973031214149e-04 1.473254109861029412e-04 9.999999818160715259e-01 1.160622848701380397e-02 9.999962449073791504e-01 -1.818294404074549675e-03 -2.024246146902441978e-03 9.752803444862365723e-01 1.819559722207486629e-03 9.999981522560119629e-01 6.284736446104943752e-04 5.238132551312446594e-03 2.023098757490515709e-03 -6.321550463326275349e-04 9.999977350234985352e-01 1.038047112524509430e-02 6.121177673339843750e+01
1.107020000000000000e+08 9.999966688659780445e-01 -2.578260704913891335e-03 1.217731678786511130e-04 9.789604299625008776e-01 2.578279960615505271e-03 9.999966637113135715e-01 -1.582362348878291788e-04 2.364563923751274339e-03 -1.213647873428922846e-04 1.585496730992937934e-04 9.999999800662946470e-01 1.172048987216527463e-02 9.999920725822448730e-01 -2.198262605816125870e-03 -3.334453795105218887e-03 9.718998670578002930e-01 2.196608576923608780e-03 9.999974966049194336e-01 -4.933875752612948418e-04 4.608407150954008102e-03 3.335533663630485535e-03 4.860645567532628775e-04 9.999943375587463379e-01 1.236087642610073090e-02 6.109865570068359375e+01
1.108056000000000000e+08 9.999963856555316166e-01 -2.685576564945826514e-03 1.278849857592332577e-04 9.737563215760921542e-01 2.685596667539794438e-03 9.999963814101022752e-01 -1.572813502990265757e-04 2.500596755730839348e-03 -1.274621318981188718e-04 1.576242293129801245e-04 9.999999794540039844e-01 1.160523543426465048e-02 9.999859929084777832e-01 -2.397206146270036697e-03 4.728895612061023712e-03 9.770515561103820801e-01 2.386333188042044640e-03 9.999945163726806641e-01 2.306298585608601570e-03 1.079413108527660370e-02 -4.734403453767299652e-03 -2.294977428391575813e-03 9.999861121177673340e-01 1.460305042564868927e-02 6.096876907348632812e+01
1.109092000000000000e+08 9.999954786453503219e-01 -3.004339103663386870e-03 1.289784031747035810e-04 9.786642458184396931e-01 3.004360147129172751e-03 9.999954735708779241e-01 -1.632724208753106275e-04 2.611200802638454117e-03 -1.284872936456878622e-04 1.636591802362083632e-04 9.999999783533438658e-01 1.169237052140406977e-02 9.999927282333374023e-01 -2.472080988809466362e-03 2.900428371503949165e-03 9.724137783050537109e-01 2.473487984389066696e-03 9.999967813491821289e-01 -4.892455763183534145e-04 9.145818650722503662e-03 -2.899203915148973465e-03 4.964106483384966850e-04 9.999957084655761719e-01 1.726568862795829773e-02 6.139779281616210938e+01
1.110129000000000000e+08 9.999970735918168874e-01 -2.416098461798197976e-03 1.235971366817105216e-04 9.715769381629728585e-01 2.416117702408127933e-03 9.999970690528146022e-01 -1.557602511131102449e-04 2.378078076749320056e-03 -1.232204423365113890e-04 1.560584205133803992e-04 9.999999802312465880e-01 1.157986774576880845e-02 9.999901056289672852e-01 -2.537944819778203964e-03 3.657153807580471039e-03 9.735093712806701660e-01 2.534494968131184578e-03 9.999963641166687012e-01 9.312588954344391823e-04 8.031369186937808990e-03 -3.659510286524891853e-03 -9.219862404279410839e-04 9.999928474426269531e-01 1.411576289683580399e-02 6.109267044067382812e+01
1.111166000000000000e+08 9.999981274371330109e-01 -1.931577303457824267e-03 1.188751527045862292e-04 9.686214332116513948e-01 1.931594158563262366e-03 9.999981244113261836e-01 -1.418371952752073718e-04 2.162993530128039330e-03 -1.186009602331288600e-04 1.420665482295385262e-04 9.999999828754536635e-01 1.149569730123244961e-02 9.999971389770507812e-01 -1.752631505951285362e-03 -1.648859470151364803e-03 9.648371934890747070e-01 1.749096321873366833e-03 9.999961256980895996e-01 -2.185463672503829002e-03 2.213706495240330696e-03 1.652684877626597881e-03 2.182583557441830635e-03 9.999963045120239258e-01 9.836911223828792572e-03 6.064527893066406250e+01
1.112202000000000000e+08 9.999956105103661175e-01 -2.959837647477752721e-03 1.353553241993128296e-04 9.697457418294480602e-01 2.959859283785131259e-03 9.999956068183188940e-01 -1.599282503513728968e-04 2.725450563887747615e-03 -1.348813679004988550e-04 1.603281810626028183e-04 9.999999780509450931e-01 1.151698194122735899e-02 9.999964833259582520e-01 -2.517923945561051369e-03 -8.270098478533327579e-04 9.641796350479125977e-01 2.517814747989177704e-03 9.999967813491821289e-01 -1.947518467204645276e-04 6.261654663830995560e-03 8.274958236142992973e-04 1.926579861901700497e-04 9.999995827674865723e-01 7.140154950320720673e-03 6.041059112548828125e+01
1.113240000000000000e+08 9.999974720805301365e-01 -2.244826551567257258e-03 1.287869863427925537e-04 9.526386091410393719e-01 2.244844470068015074e-03 9.999974706509535682e-01 -1.391574130278081856e-04 2.503318812584566511e-03 -1.284742763266519662e-04 1.394461680154521839e-04 9.999999820245623061e-01 1.116526780423774366e-02 9.999971389770507812e-01 -2.075499389320611954e-03 -1.193736563436686993e-03 9.594425559043884277e-01 2.073623705655336380e-03 9.999967217445373535e-01 -1.499659847468137741e-03 5.273783113807439804e-03 1.196843339130282402e-03 1.497189165093004704e-03 9.999981522560119629e-01 6.393611896783113480e-03 6.054016113281250000e+01
1.114276000000000000e+08 9.999970453357344136e-01 -2.427442743251637027e-03 1.297761094323409683e-04 9.579056516697918022e-01 2.427461997266780556e-03 9.999970426968091131e-01 -1.484122554313036327e-04 2.584546320535781143e-03 -1.294154634114580990e-04 1.487268434802507453e-04 9.999999805659827157e-01 1.128628965254455802e-02 9.999966025352478027e-01 -2.577519277110695839e-03 -3.562277706805616617e-04 9.548360109329223633e-01 2.577172825112938881e-03 9.999961853027343750e-01 -1.047927886247634888e-03 3.876957809552550316e-03 3.589353873394429684e-04 1.047008321620523930e-03 9.999994635581970215e-01 1.028505247086286545e-02 6.137340927124023438e+01
1.115314000000000000e+08 9.999972643275587547e-01 -2.335243984322777668e-03 1.340631954643220220e-04 9.464986475360468443e-01 2.335262090665850970e-03 9.999972641510121996e-01 -1.350609746730667817e-04 2.635573869567758507e-03 -1.337474283595162662e-04 1.353736778881325291e-04 9.999999818927962636e-01 1.103160763827984968e-02 9.999930858612060547e-01 -1.801727456040680408e-03 -3.263661405071616173e-03 9.472165703773498535e-01 1.797180273570120335e-03 9.999974370002746582e-01 -1.390830730088055134e-03 1.892081345431506634e-03 3.266153391450643539e-03 1.384950126521289349e-03 9.999936819076538086e-01 7.570673245936632156e-03 6.184688186645507812e+01
1.116350000000000000e+08 9.999977373989471507e-01 -2.123324233148785652e-03 1.291954746989686087e-04 9.377354616110362695e-01 2.123340981895984695e-03 9.999977373058476227e-01 -1.296400518016863253e-04 2.460520189501157716e-03 -1.289199145228039922e-04 1.299140845069104110e-04 9.999999832509940401e-01 1.084758659967359311e-02 9.999958872795104980e-01 -2.083764178678393364e-03 -1.959628658369183540e-03 9.425204992294311523e-01 2.086371416226029396e-03 9.999969601631164551e-01 1.336688292212784290e-03 7.879105396568775177e-03 1.956851221621036530e-03 -1.340765622444450855e-03 9.999971985816955566e-01 9.565967135131359100e-03 6.090396881103515625e+01
1.117387000000000000e+08 9.999969955972698443e-01 -2.447395336644667217e-03 1.380311593681134261e-04 9.452147800155125124e-01 2.447414219347209419e-03 9.999969957205523396e-01 -1.367976947621996737e-04 2.720568646563405711e-03 -1.376959466493368972e-04 1.371351031833222727e-04 9.999999811168950314e-01 1.100393505158415303e-02 9.999972581863403320e-01 -2.152493689209222794e-03 8.695712313055992126e-04 9.423733949661254883e-01 2.151310676708817482e-03 9.999967217445373535e-01 1.345704076811671257e-03 7.413712330162525177e-03 -8.724785875529050827e-04 -1.343838288448750973e-03 9.999986290931701660e-01 7.786373607814311981e-03 6.049686431884765625e+01
1.118424000000000000e+08 9.999986216517421367e-01 -1.656582110291021518e-03 1.114911095001501517e-04 9.403947589310720501e-01 1.656596531187459883e-03 9.999986194736641965e-01 -1.293778891913649530e-04 1.980744949209983612e-03 -1.112766304823405129e-04 1.295624066528722142e-04 9.999999854155466883e-01 1.090092399072983137e-02 9.999893903732299805e-01 -1.906823716126382351e-03 4.202544223517179489e-03 9.413968920707702637e-01 1.900017377920448780e-03 9.999968409538269043e-01 1.620930153876543045e-03 6.970348302274942398e-03 -4.205622710287570953e-03 -1.612929161638021469e-03 9.999898672103881836e-01 6.292251404374837875e-03 6.061734390258789062e+01
1.119461000000000000e+08 9.999998912003440488e-01 -4.519786770842845421e-04 1.153888554559370452e-04 9.303969525339496061e-01 4.519907206840937156e-04 9.999998924057188487e-01 -1.043693026978784844e-04 9.090782147882396158e-04 -1.153416703440899080e-04 1.044214460314920500e-04 9.999999878962310129e-01 1.051715723253432259e-02 9.999849200248718262e-01 -7.974099717102944851e-04 5.430413875728845596e-03 9.395138621330261230e-01 7.943460950627923012e-04 9.999995231628417969e-01 5.816822522319853306e-04 5.320962984114885330e-03 -5.430872086435556412e-03 -5.773600423708558083e-04 9.999850392341613770e-01 1.129367668181657791e-02 6.289129638671875000e+01
1.120497000000000000e+08 9.999999891211247549e-01 -9.862604034396951237e-05 1.096843411218543580e-04 9.197831832574263622e-01 9.863704493936951122e-05 9.999999901024324567e-01 -1.003288023869705251e-04 5.378277564733681577e-04 -1.096744450038130352e-04 1.003396202347043106e-04 9.999999889517383611e-01 1.027701346871807975e-02 9.999997019767761230e-01 -8.426641579717397690e-05 -6.988959503360092640e-04 9.294753074645996094e-01 8.654545672470703721e-05 9.999946951866149902e-01 3.256809664890170097e-03 8.513401262462139130e-03 6.986252847127616405e-04 -3.256859956309199333e-03 9.999945163726806641e-01 1.296786032617092133e-02 6.091452789306640625e+01
1.121535000000000000e+08 9.999998670842455972e-01 5.032808210707622083e-04 1.119816626832574683e-04 9.118534015870536358e-01 -5.032708443334782400e-04 9.999998693895462143e-01 -8.910294262374403589e-05 9.736940785503905762e-07 -1.120264918616810786e-04 8.904657367176901147e-05 9.999999897603858434e-01 1.002976390476086228e-02 9.999905228614807129e-01 1.267416868358850479e-03 -4.173596855252981186e-03 9.163692593574523926e-01 -1.256278832443058491e-03 9.999956488609313965e-01 2.678815741091966629e-03 9.418363682925701141e-03 4.176964052021503448e-03 -2.673554001376032829e-03 9.999877214431762695e-01 1.699784211814403534e-02 6.047593688964843750e+01
1.122571000000000000e+08 9.999987897321660490e-01 1.551130401176789445e-03 1.205350841966804814e-04 9.102364142985266415e-01 -1.551122098283364134e-03 9.999987946325870070e-01 -6.894660346436655830e-05 -8.269515357408436466e-04 -1.206418840792122078e-04 6.875955538971570012e-05 9.999999903588296934e-01 9.857419764379912741e-03 9.999952912330627441e-01 1.536322175525128841e-03 -2.652856055647134781e-03 9.181943535804748535e-01 -1.534564769826829433e-03 9.999986290931701660e-01 6.445932667702436447e-04 5.816262681037187576e-03 2.653846982866525650e-03 -6.405140156857669353e-04 9.999962449073791504e-01 1.277908589690923691e-02 6.104896163940429688e+01
1.123609000000000000e+08 9.999978843067272027e-01 2.053308264792334543e-03 1.237221873838485558e-04 9.095772058193232201e-01 -2.053300545662324877e-03 9.999978900239550050e-01 -6.248558131640097671e-05 -1.216728782119091100e-03 -1.238502284953450967e-04 6.223141027763634883e-05 9.999999903941860779e-01 9.842051009000136672e-03 9.999956488609313965e-01 2.446039114147424698e-03 -1.641221228055655956e-03 9.142899513244628906e-01 -2.453011693432927132e-03 9.999883174896240234e-01 -4.169031046330928802e-03 -2.677626209333539009e-03 1.631003455258905888e-03 4.173038527369499207e-03 9.999899268150329590e-01 6.389246322214603424e-03 6.107411193847656250e+01
1.124646000000000000e+08 9.999968699597924227e-01 2.498777244657351872e-03 1.272124204493954342e-04 9.091624468589597496e-01 -2.498770324130655893e-03 9.999968765817773830e-01 -5.453124770598140152e-05 -1.565579647911109415e-03 -1.273482845505146083e-04 5.421320240500487019e-05 9.999999904216716473e-01 9.821115517191350563e-03 9.999954104423522949e-01 2.623434644192457199e-03 1.502836472354829311e-03 9.107272624969482422e-01 -2.614456461742520332e-03 9.999790787696838379e-01 -5.914244800806045532e-03 -6.837816443294286728e-03 -1.518318313173949718e-03 5.910288076847791672e-03 9.999814033508300781e-01 7.472386118024587631e-03 6.111177444458007812e+01
1.125682000000000000e+08 9.999981862647355779e-01 1.901798452102509409e-03 1.031005448563807693e-04 8.900814034336876901e-01 -1.901790518584580867e-03 9.999981886307410806e-01 -7.699283118497540464e-05 -1.238858546660884545e-03 -1.032467829570225332e-04 7.679661589279953020e-05 9.999999917211903622e-01 9.673844888644556397e-03 9.999977350234985352e-01 1.969184726476669312e-03 -8.679992752149701118e-04 9.010912775993347168e-01 -1.972258090972900391e-03 9.999913573265075684e-01 -3.645655000582337379e-03 -6.706755142658948898e-03 8.608133066445589066e-04 3.647362580522894859e-03 9.999930262565612793e-01 7.745653390884399414e-03 6.108748626708984375e+01
1.126720000000000000e+08 9.999981098228108989e-01 1.941951227320426292e-03 9.579253631369562293e-05 8.843042951820956343e-01 -1.941943316257532977e-03 9.999981110141268337e-01 -8.260937300106598253e-05 -1.324775505642366994e-03 -9.595277873733835917e-05 8.242319317779027226e-05 9.999999919997406561e-01 9.647745203827468030e-03 9.999976754188537598e-01 2.077159238979220390e-03 -5.004256381653249264e-04 8.879894614219665527e-01 -2.077982528135180473e-03 9.999968409538269043e-01 -1.461479347199201584e-03 -8.356769103556871414e-04 4.973903996869921684e-04 1.462519634515047073e-03 9.999988079071044922e-01 1.526849903166294098e-02 6.116556930541992188e+01
1.127756000000000000e+08 9.999979852619422793e-01 2.005177840508589292e-03 9.345645070910806387e-05 8.813283524756455600e-01 -2.005169759307965684e-03 9.999979859054722864e-01 -8.648386625192608498e-05 -1.387928854821801963e-03 -9.362967800152733819e-05 8.629629597123675147e-05 9.999999918932167553e-01 9.668287421970546414e-03 9.999980926513671875e-01 1.878808485344052315e-03 -5.413631442934274673e-04 8.822173476219177246e-01 -1.880181138403713703e-03 9.999944567680358887e-01 -2.726301318034529686e-03 -1.493151765316724777e-03 5.362299853004515171e-04 2.727311803027987480e-03 9.999961256980895996e-01 1.489119790494441986e-02 6.104032135009765625e+01
1.128794000000000000e+08 9.999976264614882648e-01 2.177057874057963631e-03 8.654702707178040151e-05 8.738985836319873579e-01 -2.177049777831684824e-03 9.999976258502326631e-01 -9.353153507474903092e-05 -1.567205079180698790e-03 -8.675044516172229824e-05 9.334289588739740453e-05 9.999999918807319643e-01 9.740408021680850570e-03 9.999966025352478027e-01 2.286605071276426315e-03 -1.308365259319543839e-03 8.665006756782531738e-01 -2.284065587446093559e-03 9.999955296516418457e-01 1.959264045581221581e-03 4.465912003070116043e-03 1.312842825427651405e-03 -1.956271007657051086e-03 9.999971985816955566e-01 1.622520387172698975e-02 6.108790588378906250e+01
1.129830000000000000e+08 9.999971173009096770e-01 2.399612945469005790e-03 8.513310835001828810e-05 8.465191052369567259e-01 -2.399610672501896122e-03 9.999971205713152900e-01 -2.679108438896265351e-05 -1.463634180070753779e-03 -8.519715144752145245e-05 2.658672084519947884e-05 9.999999960172958335e-01 9.623194895493512521e-03 9.999931454658508301e-01 2.564237220212817192e-03 -2.667025895789265633e-03 8.548884391784667969e-01 -2.555721206590533257e-03 9.999915957450866699e-01 3.195346798747777939e-03 8.169040083885192871e-03 2.675199648365378380e-03 -3.188514150679111481e-03 9.999913573265075684e-01 1.525475271046161652e-02 7.176831817626953125e+01
1.130867000000000000e+08 9.999974813679016750e-01 2.243344266434438728e-03 6.829638217162385368e-05 8.201538610286849273e-01 -2.243347059948753563e-03 9.999974828593232168e-01 4.085372373799174756e-05 -1.026389467020520727e-03 -6.820456129385011625e-05 -4.100683332941100349e-05 9.999999968332887734e-01 9.544013946412709115e-03 9.999436736106872559e-01 2.285240683704614639e-03 -1.036262512207031250e-02 8.257585167884826660e-01 -2.252432983368635178e-03 9.999923706054687500e-01 3.177693812176585197e-03 7.848334498703479767e-03 1.036980934441089630e-02 -3.154175123199820518e-03 9.999412894248962402e-01 1.159808970987796783e-02 6.211033630371093750e+01
1.131905000000000000e+08 9.999977113985252242e-01 2.138937223760903079e-03 4.631473204661050848e-05 7.950552034974556204e-01 -2.138941206326187578e-03 9.999977087549709598e-01 8.611105381400780453e-05 -8.850276244844689465e-04 -4.613043978136526250e-05 -8.620992123349904520e-05 9.999999952199157827e-01 9.422139212707038997e-03 9.999783039093017578e-01 2.285550814121961594e-03 -6.174320820719003677e-03 8.063097000122070312e-01 -2.275467850267887115e-03 9.999960660934448242e-01 1.630639657378196716e-03 7.244353648275136948e-03 6.178023293614387512e-03 -1.616557361558079720e-03 9.999795556068420410e-01 1.136939879506826401e-02 6.183705520629882812e+01
1.132941000000000000e+08 9.999992037522226207e-01 1.261290736574046745e-03 4.050397524038848787e-05 7.917325340151099011e-01 -1.261294725891347291e-03 9.999991997047232850e-01 9.861795310989133882e-05 -5.396668244640333463e-05 -4.037955691245621534e-05 -9.866896203676432274e-05 9.999999943169635142e-01 9.326087186996004016e-03 9.999970793724060059e-01 1.321260468102991581e-03 -2.011128934100270271e-03 7.911295294761657715e-01 -1.311745378188788891e-03 9.999879002571105957e-01 4.734373185783624649e-03 1.045762561261653900e-02 2.017362276092171669e-03 -4.731714259833097458e-03 9.999868273735046387e-01 8.197903633117675781e-03 6.172518539428710938e+01
1.133978000000000000e+08 9.999992178852536995e-01 1.250421789397927926e-03 -2.596520615673373288e-05 7.649509940055684298e-01 -1.250419390314169016e-03 9.999992139742183150e-01 9.220767848272796074e-05 7.505250711304191965e-06 2.608048424050933871e-05 -9.217513896770842521e-05 9.999999954117759771e-01 9.122612779711818110e-03 9.999935626983642578e-01 1.581323565915226936e-03 3.210770897567272186e-03 7.745962142944335938e-01 -1.571160508319735527e-03 9.999938011169433594e-01 -3.166655311360955238e-03 -1.060791197232902050e-03 -3.215763717889785767e-03 3.161586588248610497e-03 9.999898076057434082e-01 9.496603161096572876e-04 6.151868820190429688e+01
1.135015000000000000e+08 9.999997831860267805e-01 6.551138119665553261e-04 -6.673671241080967199e-05 7.466314647091090162e-01 -6.551086593020657989e-04 9.999997824362633070e-01 7.720146764534495550e-05 5.062642514212208414e-04 6.678727363955058987e-05 -7.715773110838701325e-05 9.999999947930722222e-01 8.978353302403806538e-03 9.999912977218627930e-01 7.428948301821947098e-04 4.102545324712991714e-03 7.534871101379394531e-01 -7.295252871699631214e-04 9.999943971633911133e-01 -3.263124031946063042e-03 -5.360032897442579269e-03 -4.104939289391040802e-03 3.260115627199411392e-03 9.999862313270568848e-01 3.340750467032194138e-03 6.150159835815429688e+01
1.136052000000000000e+08 9.999997136884393178e-01 7.457893432863051553e-04 -1.281456560422902628e-04 7.203366840061217191e-01 -7.457811802248296828e-04 9.999997198739545290e-01 6.373741167480030429e-05 4.593372009918899983e-04 1.281931548265644895e-04 -6.364182480982449419e-05 9.999999897581167696e-01 9.017636885086281057e-03 9.999994039535522461e-01 8.268388919532299042e-04 -6.479233270511031151e-04 7.168052792549133301e-01 -8.288350072689354420e-04 9.999948143959045410e-01 -3.099853871390223503e-03 -4.306158982217311859e-03 6.453604437410831451e-04 3.100380534306168556e-03 9.999950528144836426e-01 6.359471473842859268e-03 6.169046401977539062e+01
1.137090000000000000e+08 9.999997751388404188e-01 6.419553346346333058e-04 -1.939474519001770602e-04 6.785583061432468588e-01 -6.419493991165165859e-04 9.999997934803076527e-01 3.066444589914140497e-05 6.302783589089068928e-04 1.939670970509661081e-04 -3.053993455287617385e-05 9.999999807220385506e-01 8.832669926617646786e-03 9.999990463256835938e-01 6.574607687070965767e-04 -1.222110004164278507e-03 6.879373788833618164e-01 -6.576828891411423683e-04 9.999998211860656738e-01 -1.556175702717155218e-04 4.744786303490400314e-03 1.221999758854508400e-03 1.564122212585061789e-04 9.999992251396179199e-01 1.345360744744539261e-02 6.163865661621093750e+01
1.138126000000000000e+08 9.999999667200043518e-01 1.360861257545514368e-04 -2.191815631568657188e-04 6.613252510371581128e-01 -1.360857662383602596e-04 9.999999907389623965e-01 1.655179509346605612e-06 1.063533511219550169e-03 2.191817863739801617e-04 -1.625351963791065516e-06 9.999999759783514408e-01 8.601084578684173657e-03 9.999855160713195801e-01 2.294306905241683125e-04 -5.385834258049726486e-03 6.545167565345764160e-01 -2.660761529114097357e-04 9.999767541885375977e-01 -6.815200671553611755e-03 -5.164658185094594955e-03 5.384147632867097855e-03 6.816538982093334198e-03 9.999623298645019531e-01 1.218826696276664734e-02 6.172063827514648438e+01
1.139164000000000000e+08 9.999997307249562928e-01 -7.060458801835252200e-04 -2.001230619200252542e-04 6.123825652872143532e-01 7.060235770527324879e-04 9.999997445496667803e-01 -1.114958259496338303e-04 1.337339475547202850e-03 2.002017319656338595e-04 1.113545043291818825e-04 9.999999737597206062e-01 7.933868992280494054e-03 9.999920725822448730e-01 -6.955350399948656559e-04 -3.926180768758058548e-03 6.261461973190307617e-01 6.915295962244272232e-04 9.999992251396179199e-01 -1.003581448458135128e-03 3.936946741305291653e-04 3.926870413124561310e-03 1.000860473141074181e-03 9.999917149543762207e-01 8.550272323191165924e-03 6.191033554077148438e+01
1.140201000000000000e+08 9.999999732611588588e-01 1.481155365660136126e-04 -1.775935537712597021e-04 5.984242625745870292e-01 -1.481418123979771949e-04 9.999999780822744766e-01 -1.479508524720732560e-04 3.871299952876117666e-04 1.775716360593266121e-04 1.479771575464691529e-04 9.999999732855375800e-01 7.786136944394333494e-03 9.999995231628417969e-01 3.663756360765546560e-04 9.010472567752003670e-04 6.060022115707397461e-01 -3.672204620670527220e-04 9.999995231628417969e-01 9.796497179195284843e-04 5.241128616034984589e-03 -9.006857289932668209e-04 -9.799838298931717873e-04 9.999991059303283691e-01 9.899788536131381989e-03 6.220655822753906250e+01
1.141239000000000000e+08 9.999998199160264889e-01 -5.745302609462671611e-04 -1.734441875626622348e-04 5.862378216010381005e-01 5.744989566436216333e-04 9.999998186885392659e-01 -1.804822148330759277e-04 9.223627885513608488e-04 1.735478486114072703e-04 1.803825388242348592e-04 9.999999686716407599e-01 7.541255917991229220e-03 9.999988079071044922e-01 2.051454794127494097e-04 1.511005568318068981e-03 5.815126895904541016e-01 -2.099571865983307362e-04 9.999946951866149902e-01 3.240782069042325020e-03 7.486097980290651321e-03 -1.510333851911127567e-03 -3.241086145862936974e-03 9.999936223030090332e-01 1.215909887105226517e-02 6.246147155761718750e+01
1.142276000000000000e+08 9.999990773151662404e-01 -1.344225147809670643e-03 -1.960294602770688626e-04 5.467301100245739454e-01 1.344196544669621881e-03 9.999990859135899912e-01 -1.459712817803243093e-04 7.703461738223353096e-04 1.962254993590255509e-04 1.457076449689954131e-04 9.999999701324170376e-01 6.817918905197402346e-03 9.999988675117492676e-01 -1.082909759134054184e-03 1.067968434654176235e-03 5.580099225044250488e-01 1.085416530258953571e-03 9.999966025352478027e-01 -2.367389621213078499e-03 5.358708440326154232e-04 -1.065405202098190784e-03 2.368540503084659576e-03 9.999966025352478027e-01 1.721304655075073242e-02 6.187788772583007812e+01
1.143314000000000000e+08 9.999999834252499831e-01 -4.276525388362229733e-05 -1.769763639577751264e-04 5.223587593409659835e-01 4.273755811497225495e-05 9.999999868414093385e-01 -1.564949921200637522e-04 -7.696997080151302389e-04 1.769830541769887105e-04 1.564874259886677560e-04 9.999999720943419934e-01 6.531447170554190683e-03 9.999983906745910645e-01 -1.268643973162397742e-04 -1.755393110215663910e-03 5.352819561958312988e-01 1.285583421122282743e-04 9.999995231628417969e-01 1.006421516649425030e-03 5.166101269423961639e-03 1.755285426042973995e-03 -1.006645499728620052e-03 9.999980330467224121e-01 2.370077185332775116e-02 6.145129776000976562e+01
1.144350000000000000e+08 9.999998119942599129e-01 5.897071375944623779e-04 -1.680980425904578419e-04 5.112816204953845034e-01 -5.897333914912333656e-04 9.999998139118917440e-01 -1.561752989665789388e-04 -1.458341084167619206e-03 1.680059136246257571e-04 1.562744026294725158e-04 9.999999736761627789e-01 6.409990494015756213e-03 9.999843239784240723e-01 5.940825794823467731e-04 -5.572425667196512222e-03 5.167735219001770020e-01 -5.741351051256060600e-04 9.999934434890747070e-01 3.590775188058614731e-03 1.221551839262247086e-02 5.574508104473352432e-03 -3.587512532249093056e-03 9.999779462814331055e-01 1.532458793371915817e-02 6.176451110839843750e+01
1.145387000000000000e+08 9.999999621060142729e-01 -1.969207388318447221e-04 -1.923803376911051115e-04 5.040919022275938133e-01 1.969000130922230135e-04 9.999999748105760089e-01 -1.077461518657593561e-04 -9.892069052385098725e-04 1.924015502965234676e-04 1.077082680926458406e-04 9.999999756902864245e-01 6.285129815314588822e-03 9.999978542327880859e-01 1.560941018396988511e-05 -2.074669115245342255e-03 5.072026252746582031e-01 -6.176453553052851930e-06 9.999897480010986328e-01 4.527564626187086105e-03 1.247503515332937241e-02 2.074724063277244568e-03 -4.527548328042030334e-03 9.999876022338867188e-01 1.267034467309713364e-02 6.161135864257812500e+01
1.146425000000000000e+08 9.999999399462754512e-01 -2.836467265311101498e-04 -1.991280587985875487e-04 4.960406453789348857e-01 2.836317489695331035e-04 9.999999569459916415e-01 -7.523993932721783089e-05 -1.068798915585828868e-03 1.991493917871502758e-04 7.518345577096919848e-05 9.999999773434843364e-01 6.158265827963051858e-03 9.999997019767761230e-01 2.019591047428548336e-04 7.554012117907404900e-04 4.971185624599456787e-01 -2.024555433308705688e-04 9.999997019767761230e-01 6.394563824869692326e-04 6.959716789424419403e-03 -7.552816532552242279e-04 -6.396044627763330936e-04 9.999995231628417969e-01 7.262516301125288010e-03 6.192659378051757812e+01
1.147463000000000000e+08 9.999999539232647949e-01 -2.271198139887111703e-04 -2.014201095165157353e-04 4.877036766423065717e-01 2.271100707922322234e-04 9.999999730395153774e-01 -4.839406533349179500e-05 -1.256589803600402597e-03 2.014310953369891609e-04 4.834831856940067536e-05 9.999999785439772637e-01 6.026498835907312911e-03 9.999980926513671875e-01 -6.776567897759377956e-05 1.958630746230483055e-03 4.871599674224853516e-01 6.879888678668066859e-05 9.999998807907104492e-01 -4.985072300769388676e-04 4.179804585874080658e-03 -1.958592096343636513e-03 4.986323183402419090e-04 9.999979734420776367e-01 1.296948641538619995e-02 6.155526351928710938e+01
1.148500000000000000e+08 9.999999799717221860e-01 1.103658152698091120e-05 -1.998368070853391825e-04 4.724327450554698382e-01 -1.103859201992844343e-05 9.999999998884772090e-01 -1.005957382866458431e-05 -1.702356606151158268e-03 1.998366960397472442e-04 1.006177954415048078e-05 9.999999799820277202e-01 5.796234375956003243e-03 9.999951124191284180e-01 6.891517550684511662e-04 3.023755736649036407e-03 4.783041775226593018e-01 -6.875637336634099483e-04 9.999996423721313477e-01 -5.351205472834408283e-04 4.647051915526390076e-03 -3.024123376235365868e-03 5.330374697223305702e-04 9.999953508377075195e-01 9.814875200390815735e-03 6.152563095092773438e+01
1.149538000000000000e+08 9.999999619170213405e-01 -2.146158055978998895e-04 -1.735108447699073577e-04 4.565528956097399393e-01 2.146146164164706711e-04 9.999999769466695332e-01 -6.872233307479077435e-06 -1.717706127995918602e-03 1.735123156597640490e-04 6.834995083079079681e-06 9.999999849233797145e-01 5.628373044484792469e-03 9.999998807907104492e-01 2.058884565485641360e-04 3.995269362349063158e-04 4.639376401901245117e-01 -2.075732772937044501e-04 9.999911189079284668e-01 4.191428422927856445e-03 7.068140432238578796e-03 -3.986540832556784153e-04 -4.191500600427389145e-03 9.999910593032836914e-01 1.061433181166648865e-02 6.159439849853515625e+01
1.150574000000000000e+08 9.999998600281175820e-01 5.103413508292445463e-04 -1.396260615152029058e-04 4.400509477249915924e-01 -5.103442971131020569e-04 9.999998695524370262e-01 -2.106642996567904914e-05 -2.316680366260125308e-03 1.396152922304687435e-04 2.113768438469328648e-05 9.999999900303836453e-01 5.375332844752870112e-03 9.999996423721313477e-01 8.598510175943374634e-04 -3.645492688519880176e-05 4.526360630989074707e-01 -8.598504937253892422e-04 9.999982714653015137e-01 1.665482064709067345e-03 4.979782272130250931e-03 3.787866080529056489e-05 -1.665449002757668495e-03 9.999986290931701660e-01 5.036318209022283554e-03 6.158185577392578125e+01
1.151611000000000000e+08 9.999999658744942455e-01 2.189425774568926248e-04 -1.425312571400113725e-04 4.417574926599209251e-01 -2.189469617141176310e-04 9.999999755584837446e-01 -3.074509410473613388e-05 -2.059943665152590402e-03 1.425245222463003970e-04 3.077629984070451611e-05 9.999999893697900655e-01 5.404317974379073582e-03 9.999998807907104492e-01 4.543563118204474449e-04 -1.162796324933879077e-04 4.435655474662780762e-01 -4.543607064988464117e-04 9.999998211860656738e-01 -3.575459995772689581e-04 -6.057847640477120876e-04 1.161258478532545269e-04 3.575885784812271595e-04 9.999998807907104492e-01 4.706282634288072586e-03 6.161379241943359375e+01
1.152649000000000000e+08 9.999996846801151307e-01 7.821121567517738422e-04 -1.376236489260330737e-04 4.385068880434501160e-01 -7.821140961035064326e-04 9.999996940501962861e-01 -1.403845019754470995e-05 -2.555713486136580899e-03 1.376126271779675835e-04 1.414608316258056113e-05 9.999999904313269239e-01 5.349987372497393666e-03 9.999994039535522461e-01 1.043580006808042526e-03 -3.394870436750352383e-04 4.344122409820556641e-01 -1.044878154061734676e-03 9.999908804893493652e-01 -4.144652746617794037e-03 -3.047627164050936699e-03 3.351514460518956184e-04 4.145000595599412918e-03 9.999913573265075684e-01 2.888006391003727913e-03 6.199385452270507812e+01
1.153686000000000000e+08 9.999999973839848177e-01 4.281959592513440666e-06 -7.220592218197976304e-05 4.041023225028730348e-01 -4.291122093822640809e-06 9.999999919397032366e-01 -1.268943650245281092e-04 -1.645617839515716536e-03 7.220537824343795823e-05 1.268946745369968780e-04 9.999999893420624675e-01 4.871210692955292056e-03 9.999999403953552246e-01 3.576830495148897171e-04 1.622085401322692633e-04 4.246950149536132812e-01 -3.572542336769402027e-04 9.999957084655761719e-01 -2.919033402577042580e-03 -1.533633912913501263e-03 -1.632551575312390924e-04 2.918986603617668152e-03 9.999957084655761719e-01 2.330609830096364021e-03 6.155385589599609375e+01
1.154724000000000000e+08 9.999999963727224106e-01 -2.015996755311465230e-05 -8.275343499048158104e-05 4.130734344714970252e-01 2.014948155171038244e-05 9.999999917689489370e-01 -1.267126689861975634e-04 -1.681242471372473499e-03 8.275598883261427706e-05 1.267110010877735889e-04 9.999999885478842998e-01 4.970264625525084266e-03 9.999998211860656738e-01 1.026980971801094711e-04 -4.502418451011180878e-04 4.159462749958038330e-01 -1.037370820995420218e-04 9.999971985816955566e-01 -2.341668587177991867e-03 -1.066633965820074081e-03 4.500164941418915987e-04 2.341713989153504372e-03 9.999971985816955566e-01 2.581944689154624939e-03 6.166508865356445312e+01
1.155761000000000000e+08 9.999998104659140186e-01 -6.097994115476508374e-04 -8.492823702638778579e-05 3.876248487324885361e-01 6.097906375892203808e-04 9.999998087424422089e-01 -1.032978654857359734e-04 -1.058026721121969969e-03 8.499121176217924365e-05 1.032460574623356240e-04 9.999999910583725615e-01 4.586804131433214887e-03 9.999999403953552246e-01 1.161520267487503588e-04 3.972681297454982996e-04 4.022018611431121826e-01 -1.160286192316561937e-04 1.000000000000000000e+00 -2.024751447606831789e-04 2.172309672459959984e-03 -3.972947306465357542e-04 2.024174173129722476e-04 9.999998807907104492e-01 1.516989897936582565e-03 6.142819213867187500e+01
1.156797000000000000e+08 9.999999741562759503e-01 2.185452793054510029e-04 -6.265308610437011897e-05 3.765654328460150135e-01 -2.185543236993025868e-04 9.999999656933111769e-01 -1.443862367419843432e-04 -1.759958506523750512e-03 6.262152902508580506e-05 1.443999261131192688e-04 9.999999876136028698e-01 4.449575697100962776e-03 9.999995231628417969e-01 1.503794192103669047e-04 -9.170569246634840965e-04 3.871554732322692871e-01 -1.517771743237972260e-04 9.999988675117492676e-01 -1.503677223809063435e-03 2.333712065592408180e-03 9.168284013867378235e-04 1.503828796558082104e-03 9.999984502792358398e-01 7.541812490671873093e-03 6.124934387207031250e+01
1.157835000000000000e+08 9.999994838024510724e-01 -1.004506139614353560e-03 -1.528472020644140110e-04 3.621518800527998017e-01 1.004505891611533891e-03 9.999994954823956395e-01 -1.699313229265028564e-06 -8.600264027886137235e-04 1.528488319208496434e-04 1.545776440115399523e-06 9.999999883174227611e-01 4.114445479422097936e-03 9.999990463256835938e-01 -8.916147053241729736e-04 -1.032853731885552406e-03 3.740141093730926514e-01 8.896805229596793652e-04 9.999979138374328613e-01 -1.827316591516137123e-03 7.674187654629349709e-04 1.034481800161302090e-03 1.826392603106796741e-03 9.999977946281433105e-01 9.719252586364746094e-03 6.146460723876953125e+01
1.158871000000000000e+08 9.999998138246221080e-01 -5.970536345103051416e-04 -1.260067115079519342e-04 3.668169416821830398e-01 5.970473088837001570e-04 9.999998205056004341e-01 -5.023236040117192163e-05 -1.155138855918564755e-03 1.260366803027781655e-04 5.015711908370283352e-05 9.999999907995096304e-01 4.220770663532579133e-03 9.999999403953552246e-01 -2.974249073304235935e-04 -3.890595398843288422e-04 3.588080108165740967e-01 2.968697226606309414e-04 9.999989271163940430e-01 -1.450027455575764179e-03 4.597449151333421469e-04 3.894783731084316969e-04 1.449916977435350418e-03 9.999988675117492676e-01 2.015718072652816772e-02 6.142607879638671875e+01
1.159909000000000000e+08 9.999999913235082527e-01 -8.171833126147129984e-06 -1.314770117408015429e-04 3.452028242216110265e-01 8.168765323313100784e-06 9.999999996944002323e-01 -2.333389834503735472e-05 -1.727372954673981383e-03 1.314772023813448251e-04 2.333282413773146401e-05 9.999999910846623097e-01 3.912863161878868748e-03 9.999983906745910645e-01 -4.157393705099821091e-04 -1.729412120766937733e-03 3.490357398986816406e-01 4.182337434031069279e-04 9.999988079071044922e-01 1.491834409534931183e-03 5.416387226432561874e-03 1.728798728436231613e-03 -1.492557697929441929e-03 9.999973773956298828e-01 1.329751405864953995e-02 6.151295852661132812e+01
1.160946000000000000e+08 9.999991499968717834e-01 -1.286567381836164863e-03 -2.115417790647816936e-04 3.324188636485450599e-01 1.286590750032898852e-03 9.999991662513277868e-01 1.103671566637753453e-04 -6.029366583151149744e-04 2.113996079098532342e-04 -1.106392305445928520e-04 9.999999715345830875e-01 3.628064492044836154e-03 9.999949336051940918e-01 -7.533403695560991764e-04 -3.097209380939602852e-03 3.337471783161163330e-01 7.526271510869264603e-04 9.999996423721313477e-01 -2.609125222079455853e-04 3.744830843061208725e-03 3.097393317148089409e-03 2.585741749498993158e-04 9.999951720237731934e-01 1.876601576805114746e-02 6.151705551147460938e+01
1.161983000000000000e+08 9.999987977263953276e-01 -1.531806784900566340e-03 -2.410679704098149512e-04 3.204838641488949036e-01 1.531846596296798516e-03 9.999988131018843207e-01 1.650480422440525445e-04 -3.777503624587759314e-04 2.408148625787671232e-04 -1.654171229566983765e-04 9.999999573226883154e-01 3.447601422240175774e-03 9.999916553497314453e-01 -1.240403973497450352e-03 -3.880914766341447830e-03 3.228939473628997803e-01 1.227603876031935215e-03 9.999938607215881348e-01 -3.269334556534886360e-03 -2.640652004629373550e-03 3.884957870468497276e-03 3.264549421146512032e-03 9.999871253967285156e-01 1.483544334769248962e-02 6.182118225097656250e+01
1.163020000000000000e+08 9.999976760733393366e-01 -2.138477469197805347e-03 -2.734268542516842091e-04 3.083356492232581236e-01 2.138546051526096607e-03 9.999976818626852282e-01 2.507792872609797253e-04 8.167450220467325096e-05 2.728899345794287752e-04 -2.513634403614253290e-04 9.999999311737529650e-01 3.161672956981475754e-03 9.999957680702209473e-01 -1.535879913717508316e-03 -2.449485938996076584e-03 3.122378289699554443e-01 1.525559462606906891e-03 9.999898076057434082e-01 -4.254965111613273621e-03 -4.606886766850948334e-03 2.455996815115213394e-03 4.251211415976285934e-03 9.999879598617553711e-01 1.439804863184690475e-02 6.182838439941406250e+01
1.164056000000000000e+08 9.999937715835569563e-01 -3.513716857300101630e-03 -3.325484645801581453e-04 3.180457036411669658e-01 3.513829371675843312e-03 9.999937692378504384e-01 3.383624763970783994e-04 1.282631899931493697e-03 3.313574826643740233e-04 -3.395288874462866697e-04 9.999998874611751853e-01 3.298612459259958433e-03 9.999954700469970703e-01 -3.026749007403850555e-03 -8.539725240552797914e-05 3.056068420410156250e-01 3.026484511792659760e-03 9.999928474426269531e-01 -2.275826875120401382e-03 -1.249869703315198421e-03 9.228130511473864317e-05 2.275548642501235008e-03 9.999973773956298828e-01 4.373223986476659775e-03 6.142476654052734375e+01
1.165094000000000000e+08 9.999917362704687784e-01 -4.049196415481595007e-03 -3.624892901016546314e-04 2.896640796935552875e-01 4.049372220666948990e-03 9.999916833628693658e-01 4.855811286562935298e-04 1.583565007962222564e-03 3.605200619635735111e-04 -4.870449700667305645e-04 9.999998164062167127e-01 2.540463618503218876e-03 9.999911785125732422e-01 -3.915104549378156662e-03 -1.499503850936889648e-03 2.937419712543487549e-01 3.916681278496980667e-03 9.999917745590209961e-01 1.006796024739742279e-03 4.793893545866012573e-03 1.495559932664036751e-03 -1.012659166008234024e-03 9.999984502792358398e-01 3.602471901103854179e-03 6.147919845581054688e+01
1.166133000000000000e+08 9.999964767845289648e-01 -2.636011810767936465e-03 -3.128269297688231741e-04 2.907966556871864894e-01 2.636115051626003892e-03 9.999964709684961983e-01 3.300733468456054144e-04 4.859225518566644923e-04 3.119557486046289061e-04 -3.308968316544797232e-04 9.999998965954497443e-01 2.700744885263416540e-03 9.999967217445373535e-01 -2.363143954426050186e-03 -1.022150274366140366e-03 2.789187431335449219e-01 2.365334192290902138e-03 9.999949336051940918e-01 2.140513388440012932e-03 7.180545479059219360e-03 1.017071772366762161e-03 -2.142918761819601059e-03 9.999970793724060059e-01 3.536260453984141350e-03 6.139964675903320312e+01
1.167167000000000000e+08 9.999949097059858127e-01 -3.166445493642979728e-03 -3.926635499403128703e-04 2.623561325578981918e-01 3.166600710822695727e-03 9.999949081744249346e-01 3.953033921866343572e-04 1.296252093918698681e-03 3.914098438732207109e-04 -3.965447887000024194e-04 9.999998447752643793e-01 2.075834021196717050e-03 9.999958276748657227e-01 -2.531739184632897377e-03 -1.330613042227923870e-03 2.642836570739746094e-01 2.535390201956033707e-03 9.999930858612060547e-01 2.723563928157091141e-03 9.035711176693439484e-03 1.323729637078940868e-03 -2.726924140006303787e-03 9.999954700469970703e-01 3.162487642839550972e-03 6.140812683105468750e+01
1.168205000000000000e+08 9.999939837838807133e-01 -3.441432140666401615e-03 -4.346726200588316331e-04 2.484005944963794954e-01 3.441612685275684431e-03 9.999939913978050932e-01 4.152948754444449895e-04 1.734341649928791262e-03 4.332407990829535531e-04 -4.167883518156311742e-04 9.999998192949148823e-01 1.812610170764774589e-03 9.999953508377075195e-01 -3.008533036336302757e-03 6.276158965192735195e-04 2.501560151576995850e-01 3.007405437529087067e-03 9.999939203262329102e-01 1.772840158082544804e-03 7.827065885066986084e-03 -6.329579628072679043e-04 -1.770948409102857113e-03 9.999982118606567383e-01 8.285883814096450806e-03 6.135532760620117188e+01
1.169242000000000000e+08 9.999961938383212789e-01 -2.716973685351151829e-03 -4.799614633380405097e-04 2.342606628895126941e-01 2.717119178359039822e-03 9.999962627980331087e-01 3.027432538281820090e-04 1.341044097759516197e-03 4.791371241864992767e-04 -3.040462140108957383e-04 9.999998389917480468e-01 1.798207296803908074e-03 9.999966025352478027e-01 -2.582272747531533241e-03 1.734532270347699523e-04 2.308355569839477539e-01 2.582179615274071693e-03 9.999966621398925781e-01 1.640056143514811993e-04 4.244284704327583313e-03 -1.738807477522641420e-04 -1.635576045373454690e-04 9.999999403953552246e-01 9.269560687243938446e-03 6.161568069458007812e+01
1.170280000000000000e+08 9.999966041405027317e-01 -2.555232197586323334e-03 -5.123438341110989405e-04 2.208999088727557070e-01 2.555372882926985195e-03 9.999966974570702050e-01 2.741253330297623589e-04 1.409343263117983315e-03 5.116416882300764066e-04 -2.754336316164324996e-04 9.999998311795424977e-01 1.635445257888853412e-03 9.999969601631164551e-01 -2.446030965074896812e-03 -2.291328128194436431e-04 2.189154773950576782e-01 2.445787191390991211e-03 9.999962449073791504e-01 -1.236679148860275745e-03 -1.419117208570241928e-03 2.321622450836002827e-04 1.236113603226840496e-03 9.999992251396179199e-01 3.537360113114118576e-03 6.146227264404296875e+01
1.171316000000000000e+08 9.999975242484909765e-01 -2.157346208223690550e-03 -5.453019649912677633e-04 2.083459628336458425e-01 2.157480349663276013e-03 9.999976424948966436e-01 2.455263648807857221e-04 1.253932385383316542e-03 5.447709940675095992e-04 -2.467022352910646916e-04 9.999998211812698434e-01 1.598348794779612435e-03 9.999968409538269043e-01 -2.492956351488828659e-03 -2.444548590574413538e-04 2.059157788753509521e-01 2.492575673386454582e-03 9.999960064888000488e-01 -1.332448096945881844e-03 4.866219533141702414e-04 2.477684465702623129e-04 1.331839477643370628e-03 9.999991059303283691e-01 4.732167348265647888e-03 6.209471893310546875e+01
1.172354000000000000e+08 9.999980332676490224e-01 -1.907181514713714122e-03 -5.441687946334738610e-04 1.890582811711046807e-01 1.907311835019558132e-03 9.999981525027068496e-01 2.390667264699423262e-04 1.255582297213380955e-03 5.437118456617174092e-04 -2.401041558262392178e-04 9.999998233637038547e-01 1.449740966708334619e-03 9.999985694885253906e-01 -1.628726837225258350e-03 -5.558655248023569584e-04 1.962680220603942871e-01 1.628077938221395016e-03 9.999979734420776367e-01 -1.183848246000707150e-03 1.561038428917527199e-03 5.577945848926901817e-04 1.182949054054915905e-03 9.999991655349731445e-01 6.799916736781597137e-03 6.187961578369140625e+01
1.173391000000000000e+08 9.999996914633243472e-01 -4.355661763677721901e-04 -6.537242418560751563e-04 1.805893048773946630e-01 4.356083912392956612e-04 9.999999030467309202e-01 6.443496928875216707e-05 9.757477620035114312e-05 6.536961127831908240e-04 -6.471971716323014333e-05 9.999997842463597131e-01 1.924989425226923982e-03 9.999986290931701660e-01 -2.312491560587659478e-04 -1.686767907813191414e-03 1.803929805755615234e-01 2.322377840755507350e-04 9.999997615814208984e-01 5.748734110966324806e-04 4.765101708471775055e-03 1.686632051132619381e-03 -5.752720753662288189e-04 9.999983906745910645e-01 8.853117935359477997e-03 6.134342575073242188e+01
1.174429000000000000e+08 9.999997614126868717e-01 2.023309348732110942e-04 -6.604822194537572459e-04 1.607197861695555674e-01 -2.023383380285894264e-04 9.999999794675271669e-01 -1.114191140414693509e-05 -1.384113529303355778e-04 6.604799515390737206e-04 1.127554962039446227e-05 9.999997818195239807e-01 2.037646007618088614e-03 9.999972581863403320e-01 2.228825323982164264e-04 -2.304544206708669662e-03 1.701995134353637695e-01 -2.175338013330474496e-04 9.999973773956298828e-01 2.324914326891303062e-03 7.581406272947788239e-03 2.305067842826247215e-03 -2.324408618733286858e-03 9.999946951866149902e-01 6.850075908005237579e-03 6.167903900146484375e+01
1.175467000000000000e+08 9.999997454130826746e-01 2.983394299022002687e-04 -6.482031768893485200e-04 1.512795137465657302e-01 -2.983508398657075942e-04 9.999999553401606178e-01 -1.750582467884892110e-05 -6.311763818366605459e-05 6.481979252629868756e-04 1.769921218274517747e-05 9.999997897630733545e-01 1.999346308666991642e-03 9.999984502792358398e-01 6.053898250684142113e-04 -1.609488856047391891e-03 1.590311080217361450e-01 -6.058583385311067104e-04 9.999997615814208984e-01 -2.880467509385198355e-04 3.519667312502861023e-03 1.609305851161479950e-03 2.890304313041269779e-04 9.999986290931701660e-01 8.269668905995786190e-04 6.154595184326171875e+01
1.176504000000000000e+08 9.999997325634673029e-01 3.740150575691313225e-04 -6.284789084744176781e-04 1.406121193067024766e-01 -3.740326776236277276e-04 9.999999296600488030e-01 -2.791872999620090436e-05 -8.594634671197086710e-05 6.284684222419892850e-04 2.815379417522248534e-05 9.999998021173863716e-01 2.003435329975569463e-03 9.999995231628417969e-01 6.935909623280167580e-04 -7.876222953200340271e-04 1.494810283184051514e-01 -6.944753113202750683e-04 9.999991059303283691e-01 -1.136760693043470383e-03 1.815139316022396088e-03 7.868356769904494286e-04 1.137300510890781879e-03 9.999991059303283691e-01 1.838398166000843048e-04 6.118998336791992188e+01
1.177540000000000000e+08 9.999996554693620920e-01 5.799770040923928408e-04 -5.938752971726745994e-04 1.213655364028192601e-01 -5.800010259348715655e-04 9.999998309882458525e-01 -4.027788103732180046e-05 -3.772510140158888154e-04 5.938518365572479024e-04 4.062231542358006890e-05 9.999998228449056281e-01 1.958401934254915423e-03 9.999991655349731445e-01 7.673080544918775558e-04 -1.027396647259593010e-03 1.419330686330795288e-01 -7.679132977500557899e-04 9.999994635581970215e-01 -6.609503761865198612e-04 4.690468776971101761e-03 1.026892452500760555e-03 6.617286126129329205e-04 9.999992847442626953e-01 -2.608570503070950508e-04 6.128252792358398438e+01
1.178577000000000000e+08 9.999995387674914804e-01 -8.161675267798276789e-04 -5.062957296987530579e-04 1.231985287537372270e-01 8.161949991839292928e-04 9.999996654517058214e-01 5.405733070437789819e-05 6.489283903527825461e-04 5.062514404801620989e-04 -5.447054181698777906e-05 9.999998703712101866e-01 1.633532580830053581e-03 9.999990463256835938e-01 -4.635424702428281307e-04 -1.317427377216517925e-03 1.312583386898040771e-01 4.638370010070502758e-04 9.999998211860656738e-01 2.778916968964040279e-04 6.219611037522554398e-03 1.317293848842382431e-03 -2.784881507977843285e-04 9.999990463256835938e-01 6.314283818937838078e-04 6.136368179321289062e+01
1.179615000000000000e+08 9.999996651934157654e-01 -6.618605079414061759e-04 -4.812003291852607429e-04 1.121151586591814103e-01 6.618739396803251934e-04 9.999997805762805836e-01 2.775427800109160121e-05 4.723815805406749021e-04 4.811818541388533004e-04 -2.807276265101881272e-05 9.999998838379704491e-01 1.693888339175157525e-03 9.999989271163940430e-01 -1.200084574520587921e-03 -7.433807477355003357e-04 1.244639530777931213e-01 1.200340106151998043e-03 9.999992251396179199e-01 2.426390419714152813e-04 5.091374274343252182e-03 7.431012927554547787e-04 -2.435358765069395304e-04 9.999997019767761230e-01 4.461916105356067419e-04 6.180294418334960938e+01
1.180651000000000000e+08 9.999997953538474205e-01 -4.115698250074372334e-04 -4.897984642766641536e-04 1.104180005173369672e-01 4.115744030214099191e-04 9.999999152605063557e-01 9.245972223764863768e-06 2.892545170507965116e-04 4.897946174081553019e-04 -9.447558845547325242e-06 9.999998800059789472e-01 1.747843687066218598e-03 1.000000000000000000e+00 -2.631162642501294613e-04 2.279037726111710072e-04 1.165125444531440735e-01 2.630981616675853729e-04 9.999998807907104492e-01 -2.942491264548152685e-04 3.180010244250297546e-03 -2.278340107295662165e-04 2.943144354503601789e-04 9.999999403953552246e-01 1.224205712787806988e-03 6.152444839477539062e+01
1.181689000000000000e+08 9.999999013722753460e-01 -4.079760206566449042e-05 -4.422567052252408099e-04 9.097961556275320494e-02 4.078288670227606062e-05 9.999999986145217123e-01 -3.328231967156879503e-05 -1.383548093868931577e-04 4.422580624513510633e-04 3.326427988372616571e-05 9.999999016506411209e-01 1.819889900340394568e-03 9.999997615814208984e-01 -2.777364861685782671e-04 -4.437681345734745264e-04 1.058657467365264893e-01 2.777634945232421160e-04 9.999999403953552246e-01 1.810913818189874291e-04 4.910063929855823517e-03 4.437212191987782717e-04 -1.812232221709564328e-04 9.999998211860656738e-01 3.952271770685911179e-03 6.148656082153320312e+01
1.182725000000000000e+08 9.999998629817240525e-01 2.338879183865452845e-04 -4.683300050699456944e-04 9.228118426466373758e-02 -2.339101139456664484e-04 9.999999715225508234e-01 -4.733878031515587406e-05 -3.059948830247706791e-04 4.683189197650805698e-04 4.744832094616185589e-05 9.999998892130246286e-01 1.886780119281985342e-03 9.999991059303283691e-01 -4.517967172432690859e-04 -1.271020853891968727e-03 9.992039203643798828e-02 4.535266780294477940e-04 9.999991059303283691e-01 1.292109140194952488e-03 6.893336772918701172e-03 1.270438660867512226e-03 -1.292682718485593796e-03 9.999983906745910645e-01 1.618797658011317253e-03 6.176784133911132812e+01
1.183763000000000000e+08 9.999998474735937171e-01 -3.782125842465846005e-04 -4.025021954657471610e-04 8.711459354825890067e-02 3.782066344474309155e-04 9.999999283694844809e-01 -1.485804028461795956e-05 5.939493412290757315e-05 4.025077861323600827e-04 1.470580901114024712e-05 9.999999188856039112e-01 1.697535016947815129e-03 9.999994635581970215e-01 -5.286604864522814751e-04 -8.837083587422966957e-04 9.474314004182815552e-02 5.304634105414152145e-04 9.999977350234985352e-01 2.070890506729483604e-03 7.406273856759071350e-03 8.826059056445956230e-04 -2.071361755952239037e-03 9.999974966049194336e-01 3.339621704071760178e-03 6.134668731689453125e+01
1.184799000000000000e+08 9.999998932133066232e-01 -3.394033198173069176e-04 -3.136539069536058589e-04 6.774713052002123703e-02 3.393885015979304382e-04 9.999999412892740525e-01 -4.729587423480718017e-05 -2.312439929700820895e-04 3.136699409146212090e-04 4.718941866047925501e-05 9.999999496921648801e-01 1.574052475595896046e-03 9.999998807907104492e-01 -4.859089967794716358e-04 -3.038161084987223148e-04 9.123557060956954956e-02 4.859432228840887547e-04 9.999998211860656738e-01 2.586624177638441324e-04 1.616401597857475281e-03 3.036923881154507399e-04 -2.587983035482466221e-04 9.999999403953552246e-01 2.963774022646248341e-04 6.147833633422851562e+01
1.185836000000000000e+08 9.999998982864986008e-01 -2.852307567515132108e-04 -3.493857729943438978e-04 7.427071342417833344e-02 2.852168348475637755e-04 9.999999585298353644e-01 -3.989597624434608784e-05 -1.764571404046388783e-04 3.493971380641714124e-04 3.979632148718010817e-05 9.999999381689476108e-01 1.637094956604268851e-03 9.999998807907104492e-01 -3.992342099081724882e-04 2.731234053499065340e-05 8.519580215215682983e-02 3.992476849816739559e-04 9.999990463256835938e-01 -1.337768393568694592e-03 -2.537587657570838928e-03 -2.678344571904744953e-05 1.337776891887187958e-03 9.999990463256835938e-01 9.524201159365475178e-04 6.179840087890625000e+01
1.186872000000000000e+08 9.999999123391103417e-01 -2.570329988792693118e-04 -3.305386768710216468e-04 7.031462649053615843e-02 2.570168132468809096e-04 9.999999657702394185e-01 -4.900898559100292425e-05 -2.593888391915932139e-04 3.305512624827412174e-04 4.892402730122209558e-05 9.999999441711521220e-01 1.614355051739505085e-03 9.999998807907104492e-01 -3.616300527937710285e-04 -2.310357813257724047e-04 7.688723504543304443e-02 3.615290916059166193e-04 9.999996423721313477e-01 -7.820289465598762035e-04 1.368848839774727821e-03 2.313290751772001386e-04 7.819426245987415314e-04 9.999997019767761230e-01 1.458251033909618855e-03 6.201036834716796875e+01
1.187910000000000000e+08 9.999997147119418228e-01 -7.026023823525577973e-04 -2.773552608075732003e-04 6.638711608617486881e-02 7.025943803539695274e-04 9.999997527615659410e-01 -2.894745975836383894e-05 -4.477024040942132680e-05 2.773755307884028746e-04 2.875258325700167495e-05 9.999999611180521164e-01 1.441689944154059093e-03 9.999997019767761230e-01 -6.078883307054638863e-04 -5.442074616439640522e-04 7.225329428911209106e-02 6.083009066060185432e-04 9.999994039535522461e-01 8.044444839470088482e-04 1.030176645144820213e-03 5.437085637822747231e-04 -8.047738228924572468e-04 9.999995231628417969e-01 -4.196450754534453154e-04 6.159888076782226562e+01
1.188948000000000000e+08 9.999999313205706342e-01 -2.909383624989059724e-04 -2.295947040168416070e-04 4.886097572194663535e-02 2.909221215907963954e-04 9.999999551781389995e-01 -7.076752368317550026e-05 -7.089588359450087283e-04 2.296152827127057744e-04 7.070072464688116707e-05 9.999999711391153179e-01 1.343737699827531875e-03 9.999996423721313477e-01 -4.087125125806778669e-04 -7.394017884507775307e-04 6.877911090850830078e-02 4.091897571925073862e-04 9.999997019767761230e-01 6.390411872416734695e-04 -1.657348824664950371e-03 7.391393883153796196e-04 -6.393497460521757603e-04 9.999995231628417969e-01 -6.480114534497261047e-03 6.173145675659179688e+01
1.189985000000000000e+08 9.999998800134611843e-01 -4.309187217890318332e-04 -2.329852639423600805e-04 5.403608656834944790e-02 4.309031489961747232e-04 9.999999049243496474e-01 -6.688631823633329131e-05 -4.821986987004853067e-04 2.330140643561341392e-04 6.678591613310857556e-05 9.999999706220449314e-01 1.401736055828250657e-03 9.999997615814208984e-01 -4.011027922388166189e-04 -6.053709657862782478e-04 6.236316636204719543e-02 4.011214477941393852e-04 9.999999403953552246e-01 1.282950415770756081e-05 1.418427564203739166e-04 6.053640390746295452e-04 -1.307378352066734806e-05 9.999997615814208984e-01 7.923866178316529840e-06 6.151679992675781250e+01
1.191021000000000000e+08 9.999998939768295347e-01 -4.049447326807545725e-04 -2.192398048955051246e-04 4.994965949202118116e-02 4.049295364992452559e-04 9.999999156111112342e-01 -6.935301056229917530e-05 -6.045888744260985654e-04 2.192678705305756983e-04 6.926422653621585842e-05 9.999999735620334063e-01 1.350090701487841093e-03 9.999998807907104492e-01 -3.522225306369364262e-04 -1.470323040848597884e-04 5.849112570285797119e-02 3.520465688779950142e-04 9.999996423721313477e-01 -7.409093086607754230e-04 -1.087580225430428982e-03 1.473093579988926649e-04 7.408654782921075821e-04 9.999997615814208984e-01 5.036798305809497833e-03 6.137670516967773438e+01
1.192059000000000000e+08 9.999999121633813548e-01 -3.629943812225358535e-04 -2.095430893706050151e-04 4.667882723493756159e-02 3.629791326861484002e-04 9.999999314728708066e-01 -7.280385199585563520e-05 -7.277516657702906826e-04 2.095695024008039004e-04 7.272778583107882163e-05 9.999999753956457793e-01 1.300983680741551584e-03 9.999999403953552246e-01 -2.773410233203321695e-04 -2.449002349749207497e-04 5.563570186495780945e-02 2.772714069578796625e-04 9.999998211860656738e-01 -4.102649691049009562e-04 3.112999838776886463e-04 2.450046886224299669e-04 4.101877857465296984e-04 9.999998211860656738e-01 2.650760812684893608e-03 6.144688034057617188e+01
1.193096000000000000e+08 9.999999439721563022e-01 -2.249648607441749333e-04 -2.478840433642614822e-04 5.079221390704750233e-02 2.249477909306470396e-04 9.999999723264800799e-01 -6.888782176000606374e-05 -6.980007192880627580e-04 2.478995338432144185e-04 6.883205693403649970e-05 9.999999669039849604e-01 1.380792436679084429e-03 9.999998807907104492e-01 -3.362409770488739014e-04 -5.134737584739923477e-04 5.220793187618255615e-02 3.361004346515983343e-04 9.999999403953552246e-01 -4.003481881227344275e-04 1.285895006731152534e-03 5.136075778864324093e-04 4.001795896328985691e-04 9.999998211860656738e-01 2.641799161210656166e-03 6.160271835327148438e+01
1.194132000000000000e+08 9.999999209110060905e-01 -3.417532954355391298e-04 -2.034273164339725872e-04 4.445164460871089962e-02 3.417381138550428118e-04 9.999999388205407236e-01 -7.465910097937684248e-05 -7.894327951741880647e-04 2.034528189811493258e-04 7.458957621008504440e-05 9.999999765216734948e-01 1.272788890805451713e-03 9.999998211860656738e-01 -2.705077058635652065e-04 -3.623380034696310759e-04 4.760695621371269226e-02 2.705270308069884777e-04 9.999998807907104492e-01 1.556492934469133615e-04 1.133492682129144669e-03 3.622993244789540768e-04 -1.557423674967139959e-04 9.999998807907104492e-01 8.331899298354983330e-04 6.230054473876953125e+01
1.195170000000000000e+08 9.999999676222099954e-01 -7.246815389798133859e-05 -2.439343083541994190e-04 4.525182340143892729e-02 7.245032442889065257e-05 9.999999947037202519e-01 -7.309931716130180527e-05 -9.475081810049433562e-04 2.439396044347281361e-04 7.308164167503760885e-05 9.999999675762715201e-01 1.317007304681085730e-03 9.999999403953552246e-01 -2.939149562735110521e-04 -3.744832065422087908e-04 4.367372393608093262e-02 2.938414982054382563e-04 9.999999403953552246e-01 -6.793151260353624821e-05 6.290480378083884716e-04 3.745022986549884081e-04 6.782117998227477074e-05 1.000000000000000000e+00 2.515217987820506096e-03 6.175110244750976562e+01
1.196207000000000000e+08 9.999999654538649363e-01 -1.064803136859067959e-04 -2.403210622187203747e-04 4.520062569799744578e-02 1.064630132287761884e-04 9.999999917407718097e-01 -7.200058010951375885e-05 -9.160792879577532187e-04 2.403287268780671972e-04 7.197499231822097378e-05 9.999999685308518238e-01 1.311274620690612265e-03 9.999998807907104492e-01 -2.696170995477586985e-04 -4.136746283620595932e-04 3.835640475153923035e-02 2.695017028599977493e-04 9.999999403953552246e-01 -2.626029017847031355e-04 6.341871339827775955e-04 4.137440701015293598e-04 2.624907938297837973e-04 9.999998211860656738e-01 2.403213642537593842e-03 6.188105773925781250e+01
1.197244000000000000e+08 9.999998529342561948e-01 -5.286597612097139768e-04 -1.210385370547674677e-04 3.167625324761774025e-02 5.286494537473444529e-04 9.999998566375063458e-01 -8.517468094140632400e-05 -1.000331925061627046e-03 1.210835481281600812e-04 8.511068145963953486e-05 9.999999890474732256e-01 1.063688445251577495e-03 9.999999403953552246e-01 -1.652018836466595531e-04 -1.731413940433412790e-04 3.574206307530403137e-02 1.652137289056554437e-04 1.000000119209289551e+00 -2.322974032722413540e-04 1.084472751244902611e-03 1.731794764054939151e-04 2.322671934962272644e-04 1.000000000000000000e+00 3.744024550542235374e-03 6.197260665893554688e+01
1.198281000000000000e+08 9.999999655563129863e-01 -2.415804920689304709e-04 -1.025974657433164657e-04 1.813671063166279532e-02 2.415712660207311273e-04 9.999999667781757084e-01 -8.992759392671978446e-05 -1.493278751736141228e-03 1.026191870868148863e-04 8.990280623006874350e-05 9.999999906933940697e-01 9.526550861138486422e-04 1.000000000000000000e+00 -1.469355192966759205e-04 -1.325336634181439877e-04 3.059018403291702271e-02 1.469454145990312099e-04 9.999998807907104492e-01 1.125372727983631194e-04 2.367152366787195206e-03 1.325260091107338667e-04 -1.125550916185602546e-04 1.000000000000000000e+00 3.152904100716114044e-03 6.150608062744140625e+01
1.199319000000000000e+08 9.999999692723950950e-01 -2.301519822279371680e-04 -9.211555233327119630e-05 1.520435862032365297e-02 2.301435482738159238e-04 9.999999693254898459e-01 -9.155854810142480824e-05 -1.569892223664896098e-03 9.213662188863933999e-05 9.153734548835492637e-05 9.999999915658787097e-01 9.272659694801949418e-04 1.000000000000000000e+00 -1.108726137317717075e-04 -1.601146650500595570e-04 2.622100152075290680e-02 1.109330551116727293e-04 1.000000000000000000e+00 1.239320699824020267e-04 2.272094832733273506e-03 1.600864925421774387e-04 -1.239476841874420643e-04 9.999999403953552246e-01 3.511911258101463318e-03 6.154886245727539062e+01
1.200355000000000000e+08 9.999999278257467594e-01 -3.720528294162588675e-04 -7.697531351409742854e-05 1.639105970781964267e-02 3.720457934012872617e-04 9.999999266139598664e-01 -9.140026279127288599e-05 -1.455056473012663470e-03 7.700931359026690699e-05 9.137161785403203230e-05 9.999999928603967581e-01 9.297759014538942591e-04 9.999998807907104492e-01 -1.838007592596113682e-04 -3.323774435557425022e-04 2.069868706166744232e-02 1.838845055317506194e-04 9.999998807907104492e-01 4.039122723042964935e-04 2.616958227008581161e-03 3.323074779473245144e-04 -4.039795603603124619e-04 9.999999403953552246e-01 1.721080392599105835e-03 6.163036727905273438e+01
1.201392000000000000e+08 9.999999417971270343e-01 -3.378814421481515329e-04 -4.734846701660948141e-05 8.091429813960075365e-03 3.378770211824153502e-04 9.999999385626583415e-01 -9.334774764063134269e-05 -1.654725289167969203e-03 4.738000457825315850e-05 9.333174424903169794e-05 9.999999945221604847e-01 8.594992341326065368e-04 9.999999403953552246e-01 -1.638293470023199916e-04 -1.532367168692871928e-04 1.693225279450416565e-02 1.638810499571263790e-04 1.000000000000000000e+00 2.460404357407242060e-04 2.558121690526604652e-03 1.531921152491122484e-04 -2.460639516357332468e-04 9.999999403953552246e-01 8.723021601326763630e-04 6.170185470581054688e+01
1.202429000000000000e+08 9.999998671892472712e-01 -5.153188053059526343e-04 -8.246411228427797389e-06 4.859767167971891684e-03 5.153180231598872719e-04 9.999998627519524064e-01 -9.456953804195901750e-05 -1.608845157345477599e-03 8.295143560450376775e-06 9.456527595755955147e-05 9.999999954942992986e-01 8.233278818947143730e-04 1.000000000000000000e+00 -7.127635035431012511e-05 -1.201268605655059218e-04 1.421861536800861359e-02 7.126005220925435424e-05 9.999999403953552246e-01 1.290180080104619265e-04 2.471860265359282494e-03 1.201190607389435172e-04 -1.290290820179507136e-04 1.000000000000000000e+00 8.886286523193120956e-04 6.168544006347656250e+01
1.203466000000000000e+08 9.999999165255879507e-01 -4.080662796216148768e-04 -2.075393604521059000e-05 4.149181133402251968e-03 4.080643235763471688e-04 9.999999123080904884e-01 -9.416642949045527791e-05 -1.697116036051696166e-03 2.079236037040709949e-05 9.415795268896143819e-05 9.999999953509787209e-01 8.221333938886738043e-04 9.999998807907104492e-01 1.225513005920220166e-05 -2.907622547354549170e-04 1.217124704271554947e-02 -1.226091717398958281e-05 1.000000000000000000e+00 -7.902633660705760121e-05 1.437444589100778103e-03 2.907655725721269846e-04 7.903354708105325699e-05 9.999998807907104492e-01 -2.430829918012022972e-03 6.170278549194335938e+01
1.204502000000000000e+08 9.999999016763579940e-01 -4.431134130261501439e-04 -1.725618674569802264e-05 4.353079180877374860e-03 4.431117867663839690e-04 9.999998973955311898e-01 -9.413219300037236985e-05 -1.666306524154978746e-03 1.729789621279535910e-05 9.412453732514766875e-05 9.999999954206770791e-01 8.215021951388902857e-04 9.999998211860656738e-01 -1.205506705446168780e-04 -5.401640082709491253e-04 1.172685250639915466e-02 1.205931330332532525e-04 1.000000000000000000e+00 4.518774949247017503e-05 1.246551517397165298e-03 5.401648813858628273e-04 -4.525494296103715897e-05 9.999998807907104492e-01 -3.878341987729072571e-03 6.212540817260742188e+01
1.205540000000000000e+08 9.999999298366935019e-01 -3.743578593101487746e-04 -1.352059110767322837e-05 1.458345863119475628e-03 3.743565728101744066e-04 9.999999254133524751e-01 -9.502868694347526017e-05 -1.771941265324038098e-03 1.355616483370658697e-05 9.502361875398819264e-05 9.999999953933712549e-01 8.018841627217367964e-04 9.999997019767761230e-01 -1.932925806613638997e-04 -7.954515167511999607e-04 1.148951984941959381e-02 1.933926541823893785e-04 9.999999403953552246e-01 9.886094630928710103e-05 1.549890846945345402e-03 7.954305037856101990e-04 -9.901612065732479095e-05 9.999997019767761230e-01 -3.665957599878311157e-03 6.225286483764648438e+01
1.206576000000000000e+08 9.999998709755474335e-01 -5.076155654544630899e-04 1.937338783908340174e-05 -2.495698817332124043e-03 5.076174269040426359e-04 9.999998665351280680e-01 -9.619914669830582465e-05 -1.764836441003083539e-03 -1.932455306952183109e-05 9.620896855547793781e-05 9.999999951851979985e-01 7.699920739904717861e-04 9.999997019767761230e-01 -7.222482963697984815e-05 -7.763453177176415920e-04 1.935767009854316711e-02 7.216812809929251671e-05 1.000000000000000000e+00 5.141890869708731771e-05 -3.543873317539691925e-03 7.763373432680964470e-04 -5.146502007846720517e-05 9.999995827674865723e-01 -9.859185665845870972e-03 6.163142395019531250e+01
1.207614000000000000e+08 9.999998487789863999e-01 -5.497114550292202858e-04 -1.610360401439883882e-05 7.634746588605013234e-03 5.497099548608353706e-04 9.999998445836636440e-01 -9.301408348827061904e-05 -1.523496865183608835e-03 1.615473241787931746e-05 9.300521711131187427e-05 9.999999955445272315e-01 8.493857773032735320e-04 9.999999403953552246e-01 -1.121723253163509071e-04 -4.079641948919743299e-04 1.963021419942378998e-02 1.122279063565656543e-04 1.000000000000000000e+00 -1.372275528410682455e-05 -2.364468062296509743e-03 4.079641366843134165e-04 1.366596097795991227e-05 9.999999403953552246e-01 -8.424733765423297882e-03 6.133139038085937500e+01
1.208650000000000000e+08 9.999999893549713637e-01 -7.708909113065706383e-05 -1.238843381479088658e-04 1.798820104479780316e-02 7.707781326385779489e-05 9.999999928855786147e-01 -9.103764933087913442e-05 -1.605948224809528469e-03 1.238913552761371738e-04 9.102809962796928238e-05 9.999999881824086501e-01 9.586485132646033322e-04 1.000000000000000000e+00 -4.871092096436768770e-05 -2.065529115498065948e-04 2.867665141820907593e-02 4.878310573985800147e-05 9.999999403953552246e-01 -4.248095501679927111e-05 -6.531657185405492783e-03 2.065598091576248407e-04 4.246388198225758970e-05 1.000000000000000000e+00 -1.338820997625589371e-02 6.185103988647460938e+01
1.209686000000000000e+08 9.999999191680879473e-01 -3.896542969329764368e-04 -9.916326633754488605e-05 2.230422557630020938e-02 3.896455834449718473e-04 9.999999202272155108e-01 -8.787427728736621067e-05 -1.302176446800655443e-03 9.919749901530030591e-05 8.783563165718841627e-05 9.999999912223793697e-01 9.888672211729075071e-04 9.999999403953552246e-01 -1.075336986104957759e-04 2.633763360790908337e-04 3.084885887801647186e-02 1.075080217560753226e-04 1.000000000000000000e+00 3.211051443940959871e-05 -3.823518054559826851e-03 -2.633803524076938629e-04 -3.208170528523623943e-05 9.999999403953552246e-01 -1.012126728892326355e-02 6.177727890014648438e+01
1.210724000000000000e+08 9.999998740006500464e-01 -4.968864393114443044e-04 -7.143214914462186745e-05 1.884803386679537868e-02 4.968800333634619494e-04 9.999998725348823170e-01 -8.966857313584541966e-05 -1.308840799180753392e-03 7.147669513729743311e-05 8.963306862920517037e-05 9.999999934284975467e-01 9.485058161900342729e-04 1.000000000000000000e+00 -2.128610067302361131e-04 1.246699976036325097e-04 3.346525505185127258e-02 2.128205378539860249e-04 9.999999403953552246e-01 5.737711489928187802e-06 -4.591819830238819122e-03 -1.246769970748573542e-04 -5.696575499314349145e-06 9.999999403953552246e-01 -8.701469749212265015e-03 6.137481689453125000e+01
1.211760000000000000e+08 9.999999925702582892e-01 -7.716438933820805781e-05 -9.436705191227408025e-05 1.099958159919783851e-02 7.715563030833967693e-05 9.999999927158350621e-01 -9.281884842798379762e-05 -1.766074057420269133e-03 9.437421353460488942e-05 9.281156678903581994e-05 9.999999912397604662e-01 8.883763955976484638e-04 9.999998807907104492e-01 1.388372475048527122e-04 1.831570698413997889e-04 3.279291465878486633e-02 -1.387688971590250731e-04 1.000000000000000000e+00 -1.193522839457727969e-04 -1.883201766759157181e-03 -1.831591653171926737e-04 1.193259304272942245e-04 1.000000000000000000e+00 -4.599614068865776062e-03 6.152239990234375000e+01
1.212797000000000000e+08 9.999999214432464534e-01 -3.780067223427731739e-04 -1.192661948235593369e-04 2.660441187136654284e-02 3.779962984541516556e-04 9.999999247390897184e-01 -8.741063717446963146e-05 -1.219540532222119968e-03 1.192992276545726130e-04 8.736554812945683643e-05 9.999999890674780012e-01 1.025749978631469326e-03 1.000000000000000000e+00 4.000432454631663859e-05 2.441051328787580132e-04 3.416590765118598938e-02 -4.010488919448107481e-05 9.999999403953552246e-01 3.213237505406141281e-04 1.499490026617422700e-04 -2.441061078570783138e-04 -3.213399322703480721e-04 9.999998807907104492e-01 -3.197997109964489937e-03 6.152134323120117188e+01
1.213834000000000000e+08 9.999999828693432180e-01 -6.814510410067548679e-05 -1.720975260160947928e-04 2.904009943292685733e-02 6.813017686481664253e-05 9.999999939171001495e-01 -8.674144803347373981e-05 -1.365745372133468161e-03 1.721034359741871467e-04 8.672972151277278882e-05 9.999999814291813394e-01 1.072390474668558254e-03 1.000000000000000000e+00 -1.288027851842343807e-04 -8.105012966552749276e-05 3.893697634339332581e-02 1.287383784074336290e-04 1.000000000000000000e+00 -5.839532605023123324e-05 5.207940121181309223e-04 8.105633605737239122e-05 5.839771256432868540e-05 9.999999403953552246e-01 -3.414057195186614990e-03 6.161078262329101562e+01
1.214871000000000000e+08 9.999999804063151032e-01 -8.658316860919195086e-05 -1.780188890765063204e-04 3.091676069267039126e-02 8.656790245777619213e-05 9.999999925754634589e-01 -8.576171336028355803e-05 -1.313839413077105747e-03 1.780263132756002508e-04 8.574630095824968372e-05 9.999999804771018130e-01 1.095929246046356076e-03 1.000000000000000000e+00 -6.689012025162810460e-06 2.206759818363934755e-04 4.318761080503463745e-02 6.714968549204058945e-06 1.000000000000000000e+00 6.660961662419140339e-05 6.350429030135273933e-04 -2.206786157330498099e-04 -6.661860243184491992e-05 1.000000000000000000e+00 -3.043454140424728394e-03 6.163990402221679688e+01
1.215909000000000000e+08 9.999999819031234471e-01 4.338150771505962748e-05 -1.852344405996907606e-04 2.827197323221547140e-02 -4.339751452502031188e-05 9.999999953249281148e-01 -8.641064553539650752e-05 -1.450417698516381308e-03 1.852306911096613751e-04 8.641868268587244437e-05 9.999999791107011538e-01 1.071953264739794161e-03 9.999999403953552246e-01 2.189291408285498619e-04 3.068484656978398561e-04 4.780028760433197021e-02 -2.189157385146245360e-04 9.999999403953552246e-01 5.903820056119002402e-05 2.048631198704242706e-03 -3.068385412916541100e-04 -5.909805258852429688e-05 9.999999403953552246e-01 -2.997578121721744537e-03 6.142371368408203125e+01
1.216945000000000000e+08 9.999999705420742346e-01 -6.734010770809843759e-05 -2.331976875155651596e-04 4.286495868969569800e-02 6.732267553093836088e-05 9.999999949393125753e-01 -7.475983156629033483e-05 -1.004905247741376406e-03 2.332027206704533073e-04 7.474412987202279173e-05 9.999999700149031501e-01 1.279780613480294886e-03 9.999998211860656738e-01 5.786754991277121007e-05 3.960669564548879862e-04 5.116486549377441406e-02 -5.799852078780531883e-05 9.999998807907104492e-01 2.607916831038892269e-04 2.866320544853806496e-03 -3.960435860790312290e-04 -2.608276263345032930e-04 9.999998211860656738e-01 -1.665585557930171490e-03 6.162329483032226562e+01
1.217982000000000000e+08 9.999999243237105429e-01 -3.318121818686089455e-04 -2.031089732322149998e-04 4.396259638729763802e-02 3.317970620607771934e-04 9.999999421823887458e-01 -7.447102295299548743e-05 -8.110391461648267138e-04 2.031336718805826181e-04 7.440362635935168626e-05 9.999999766004065149e-01 1.266723775649402110e-03 1.000000000000000000e+00 -1.605929137440398335e-04 2.744439188973046839e-05 5.798378586769104004e-02 1.605400757398456335e-04 9.999999403953552246e-01 4.626162408385425806e-04 2.675267169252038002e-03 -2.751966349023859948e-05 -4.626068403013050556e-04 9.999999403953552246e-01 2.268729498609900475e-03 6.144006347656250000e+01
1.219020000000000000e+08 9.999999711596480045e-01 -3.926691442225503832e-05 -2.369363070090602195e-04 4.239873790057231695e-02 3.924935572817546219e-05 9.999999964834921373e-01 -7.411142876908698987e-05 -1.036380661858125754e-03 2.369392163029571021e-04 7.410212703443547775e-05 9.999999691843413085e-01 1.277114700224362201e-03 9.999999403953552246e-01 -4.949630601913668215e-05 -1.683744267211295664e-05 6.102815270423889160e-02 4.951809751219116151e-05 9.999998807907104492e-01 3.242371021769940853e-04 2.193112391978502274e-03 1.682941910985391587e-05 -3.242322127334773540e-04 1.000000000000000000e+00 1.586552942171692848e-03 6.138623809814453125e+01
1.220056000000000000e+08 9.999999601030163943e-01 -4.572862956722505980e-05 -2.787523269707538071e-04 5.220135077372473759e-02 4.570982861748657531e-05 9.999999966803664320e-01 -6.745278943943435954e-05 -7.761700943647720360e-04 2.787554105689548072e-04 6.744004502744769050e-05 9.999999588736306899e-01 1.422313650990732377e-03 1.000000000000000000e+00 -2.516147214919328690e-04 -1.386981602990999818e-04 6.891847401857376099e-02 2.515841624699532986e-04 1.000000000000000000e+00 4.203098797006532550e-06 5.680627073161303997e-04 1.386901276418939233e-04 -4.246538992447312921e-06 1.000000000000000000e+00 4.217783920466899872e-03 6.192284774780273438e+01
1.221094000000000000e+08 9.999998674799029930e-01 -4.866720814786903364e-04 -1.679001598876380839e-04 4.115720467322522141e-02 4.866590784333594340e-04 9.999998785801006429e-01 -7.747726910297574651e-05 -7.869132776789914329e-04 1.679378455247318826e-04 7.739554869926718820e-05 9.999999829034045273e-01 1.202035195962871967e-03 9.999999403953552246e-01 -3.050786035601049662e-04 -1.089079305529594421e-04 7.174089550971984863e-02 3.050025552511215210e-04 9.999998211860656738e-01 -4.427647509146481752e-04 1.794706913642585278e-04 1.090304722310975194e-04 4.427375970408320427e-04 9.999998211860656738e-01 3.898899769410490990e-03 6.159241485595703125e+01
1.222131000000000000e+08 9.999999453203383126e-01 4.148415909872972616e-05 -3.280828982132216222e-04 6.046383121755607298e-02 -4.150373997839516751e-05 9.999999973580990797e-01 -5.967613829133393971e-05 -6.244167541934440586e-04 3.280804217321137660e-04 5.968975169517738016e-05 9.999999444001852478e-01 1.555264066221024102e-03 9.999999403953552246e-01 2.562759800639469177e-05 8.960592822404578328e-05 7.740800082683563232e-02 -2.554008642619010061e-05 9.999998807907104492e-01 -4.643562133423984051e-04 1.308836042881011963e-03 -8.960715058492496610e-05 4.643531574402004480e-04 9.999998807907104492e-01 6.292392499744892120e-03 6.152928161621093750e+01
1.223168000000000000e+08 9.999998764443439603e-01 2.718324947249318199e-04 -4.161951372755860897e-04 7.606548963728773649e-02 -2.718542411845003529e-04 9.999999616854785556e-01 -5.219495301076798659e-05 -5.452717000850045665e-04 4.161809330450201420e-04 5.230809097469196696e-05 9.999999120286436893e-01 1.749458589722739351e-03 1.000000119209289551e+00 1.905992976389825344e-04 -2.022075641434639692e-04 8.181639760732650757e-02 -1.906676625367254019e-04 9.999999403953552246e-01 -4.200190014671534300e-04 1.369008328765630722e-03 2.021231339313089848e-04 4.200535477139055729e-04 9.999999403953552246e-01 6.167754065245389938e-03 6.180787277221679688e+01
1.224205000000000000e+08 9.999999314180756382e-01 -3.312950977398007552e-05 -3.688716367275307801e-04 7.413250950002758799e-02 3.311001526616588791e-05 9.999999980550373646e-01 -5.285501206370322780e-05 -3.502065489496130214e-04 3.688733870706667277e-04 5.284279509370894357e-05 9.999999305700316699e-01 1.699745264319375317e-03 9.999998807907104492e-01 -2.469216269673779607e-05 -1.610865729162469506e-04 8.753408491611480713e-02 2.463510463712736964e-05 9.999999403953552246e-01 -1.765725028235465288e-04 1.519803190603852272e-03 1.611046609468758106e-04 1.765708730090409517e-04 1.000000000000000000e+00 8.283933624625205994e-03 6.178748703002929688e+01
1.225243000000000000e+08 9.999998176198179323e-01 -5.218510658239724001e-04 -3.040259983643832202e-04 6.830742077539904422e-02 5.218408161083458105e-04 9.999998632701389001e-01 -3.379163889870120567e-05 -1.041545180844235532e-04 3.040435909971652036e-04 3.363297956572772581e-05 9.999999532131591540e-01 1.518460089569443564e-03 1.000000000000000000e+00 -2.488991012796759605e-04 -4.666657696361653507e-05 9.117609262466430664e-02 2.489691250957548618e-04 9.999999403953552246e-01 1.529346045572310686e-04 1.252866000868380070e-03 4.661706043407320976e-05 -1.529475703136995435e-04 9.999999403953552246e-01 6.951691582798957825e-03 6.180630493164062500e+01
1.226280000000000000e+08 9.999998810080837908e-01 -1.856809085924343604e-04 -4.511168566356688081e-04 9.527752833544547717e-02 1.856725884377791148e-04 9.999999825919921870e-01 -1.848526769677674318e-05 6.468725384894563533e-06 4.511202811439246597e-04 1.840150546271788036e-05 9.999998980759330358e-01 1.802407397459731371e-03 9.999999403953552246e-01 -1.168360395240597427e-04 1.775888522388413548e-04 9.525920450687408447e-02 1.168952148873358965e-04 9.999999403953552246e-01 -3.091421676799654961e-04 5.324049270711839199e-04 -1.775442651705816388e-04 3.091607941314578056e-04 1.000000000000000000e+00 6.806361954659223557e-03 6.140569686889648438e+01
1.227316000000000000e+08 9.999998793481450488e-01 1.843379610042029124e-04 -4.553275872804258412e-04 8.988221776198714041e-02 -1.843596368738508720e-04 9.999999818746193592e-01 -4.756348647525499560e-05 -2.880502041266566398e-04 4.553188112713362629e-04 4.764742476517369054e-05 9.999998952072461922e-01 1.882039239021718931e-03 9.999998807907104492e-01 3.326343721710145473e-05 4.851239791605621576e-04 1.016713306307792664e-01 -3.340389230288565159e-05 9.999999403953552246e-01 3.128730750177055597e-04 3.551058005541563034e-03 -4.851276171393692493e-04 -3.128918760921806097e-04 9.999997615814208984e-01 8.288709446787834167e-03 6.152745437622070312e+01
1.228352000000000000e+08 9.999998723725643801e-01 2.133579103149274797e-04 -4.579664546204048245e-04 8.966477564892845475e-02 -2.133795939978410988e-04 9.999999761159581446e-01 -4.729941865782574876e-05 -3.215224801332308376e-04 4.579563519778412730e-04 4.739713331098346845e-05 9.999998940147468707e-01 1.881189200924395736e-03 9.999998211860656738e-01 -1.733373501338064671e-04 5.221719038672745228e-04 1.034916788339614868e-01 1.729227224132046103e-04 9.999997615814208984e-01 7.659225375391542912e-04 4.216136876493692398e-03 -5.222932086326181889e-04 -7.658327813260257244e-04 9.999995827674865723e-01 5.305666942149400711e-03 6.186358261108398438e+01
1.229390000000000000e+08 9.999998922189569095e-01 -7.127032543731273218e-05 -4.587838564625040957e-04 9.547887499904782194e-02 7.125843737075685457e-05 9.999999971249761144e-01 -2.592842454193666660e-05 -6.167339641362388147e-05 4.587857030706449083e-04 2.589572952840901829e-05 9.999998944225451103e-01 1.830807586013620709e-03 1.000000000000000000e+00 2.854094782378524542e-05 2.332733274670317769e-04 1.052836403250694275e-01 -2.871984543162398040e-05 9.999997615814208984e-01 6.217070622369647026e-04 4.368105437606573105e-03 -2.332623844267800450e-04 -6.216993788257241249e-04 9.999998211860656738e-01 9.633911773562431335e-03 6.211974334716796875e+01
1.230426000000000000e+08 9.999998666899824196e-01 9.815092033924421411e-05 -5.069382764794893312e-04 1.068707023869417683e-01 -9.816611583126822371e-05 9.999999947331984496e-01 -2.995023902080490795e-05 -9.816337085814249653e-05 5.069353341660432768e-04 2.999999918934420141e-05 9.999998710582761463e-01 1.874181189121070738e-03 9.999998211860656738e-01 -1.228662149515002966e-04 -6.517697474919259548e-04 1.073573902249336243e-01 1.227251486852765083e-04 9.999998807907104492e-01 -2.318964834557846189e-04 8.742893114686012268e-04 6.517932633869349957e-04 2.318089391337707639e-04 9.999997019767761230e-01 3.906416241079568863e-03 6.148495864868164062e+01
1.231462000000000000e+08 9.999998150029978383e-01 3.678720192281027162e-04 -4.844214465141735248e-04 9.235284289977266359e-02 -3.678949479818020103e-04 9.999999312106524485e-01 -4.724398450582605990e-05 -4.276476329281741389e-04 4.844040334507063628e-04 4.742219197335739809e-05 9.999998815519238748e-01 1.884451658617491586e-03 9.999998807907104492e-01 8.008364238776266575e-05 -3.038755967281758785e-04 1.134094968438148499e-01 -8.041092951316386461e-05 9.999992847442626953e-01 -1.242343569174408913e-03 -7.891159038990736008e-04 3.037967544514685869e-04 1.242361147888004780e-03 9.999992251396179199e-01 5.618214607238769531e-03 6.139574432373046875e+01
1.232500000000000000e+08 9.999998934804467110e-01 -6.684516758828247586e-06 -4.615131891664501747e-04 9.527581663699424830e-02 6.670166928965774676e-06 9.999999994943193915e-01 -3.109453443595023783e-05 -1.172565967979977971e-04 4.615133967849973122e-04 3.109145275392754046e-05 9.999998930193531033e-01 1.845979307234774927e-03 9.999999403953552246e-01 4.077435296494513750e-04 -2.316604950465261936e-04 1.149208918213844299e-01 -4.079583159182220697e-04 9.999996423721313477e-01 -7.054077577777206898e-04 3.746110305655747652e-04 2.313631703145802021e-04 7.055172463878989220e-04 9.999997019767761230e-01 6.226888857781887054e-03 6.191708755493164062e+01
1.233536000000000000e+08 9.999998604781735745e-01 -1.045277817310400322e-04 -5.178007136267066737e-04 1.136751257235581319e-01 1.045228933081395910e-04 9.999999944926628581e-01 -9.467794030448990942e-06 9.895814415615303522e-05 5.178017004225014906e-04 9.413670681290690719e-06 9.999998658963833442e-01 1.824841578643924883e-03 9.999999403953552246e-01 -1.501561928307637572e-04 2.210533421020954847e-04 1.165911108255386353e-01 1.503204111941158772e-04 9.999997019767761230e-01 -7.875816663727164268e-04 -9.946856880560517311e-04 -2.209342346759513021e-04 7.876027957536280155e-04 9.999996423721313477e-01 8.552889339625835419e-03 6.186521530151367188e+01
1.234574000000000000e+08 9.999998573173275451e-01 -2.406269659251388882e-04 -4.769318517378386157e-04 1.036089521958245552e-01 2.406230023633274462e-04 9.999999710152743804e-01 -8.367904282207011500e-06 1.161991485458010293e-04 4.769338514574948651e-04 8.253142315513112328e-06 9.999998862329882998e-01 1.785475314061034250e-03 9.999999403953552246e-01 -1.386196381645277143e-04 2.357918565394356847e-04 1.170755326747894287e-01 1.393864804413169622e-04 9.999958276748657227e-01 -2.906364854425191879e-03 -4.049110691994428635e-03 -2.353848976781591773e-04 2.906390931457281113e-03 9.999957084655761719e-01 6.279986817389726639e-03 6.174675369262695312e+01
1.235610000000000000e+08 9.999998237536398271e-01 3.286865109582222562e-04 -4.944267953399442530e-04 9.726828863157183092e-02 -3.287095688775407230e-04 9.999999448913169386e-01 -4.655511887076288708e-05 -3.492725161440516247e-04 4.944114660526776174e-04 4.671763348929392000e-05 9.999998766873711142e-01 1.897264714734726116e-03 9.999994635581970215e-01 5.639850860461592674e-04 9.069257066585123539e-04 1.160882264375686646e-01 -5.616553826257586479e-04 9.999964833259582520e-01 -2.586665330454707146e-03 -2.874605124816298485e-03 -9.083937038667500019e-04 2.586151007562875748e-03 9.999963045120239258e-01 9.654868394136428833e-03 6.234252929687500000e+01
1.236648000000000000e+08 9.999998431610122029e-01 -2.927065836499960624e-04 -4.774943066296682905e-04 1.049892846954940118e-01 2.927049170013932980e-04 9.999999571555778788e-01 -3.560283984500216532e-06 1.556986530446463667e-04 4.774953282902433325e-04 3.420518497348297175e-06 9.999998859932514028e-01 1.777600704864383714e-03 9.999995827674865723e-01 1.459129748582199682e-06 9.114305139519274235e-04 1.112303063273429871e-01 -1.545290047033631708e-06 9.999999403953552246e-01 1.682993388385511935e-05 2.131253946572542191e-03 -9.114260319620370865e-04 -1.682285437709651887e-05 9.999995231628417969e-01 1.289684604853391647e-02 6.166185760498046875e+01
1.237685000000000000e+08 9.999998975006300084e-01 7.415143443392232343e-05 -4.466545562567603763e-04 9.013549541470899928e-02 -7.416990740569665745e-05 9.999999963948278392e-01 -4.134209833778259695e-05 -2.191585019612818711e-04 4.466514890705752198e-04 4.137522242758604347e-05 9.999998993952632365e-01 1.851236653774219467e-03 9.999998211860656738e-01 -2.667807857505977154e-04 4.568556614685803652e-04 1.056368052959442139e-01 2.663297345861792564e-04 9.999995827674865723e-01 9.901551529765129089e-04 3.894307883456349373e-03 -4.571121244225651026e-04 -9.900243021547794342e-04 9.999994635581970215e-01 1.098283007740974426e-02 6.193033599853515625e+01
1.238721000000000000e+08 9.999998524270653499e-01 2.599415457730827302e-04 -4.770495201614241391e-04 9.414886060639059140e-02 -2.599641592318477660e-04 9.999999650887159142e-01 -4.734135422687787785e-05 -3.171029371965425813e-04 4.770371975223977774e-04 4.746536301616769061e-05 9.999998850912708015e-01 1.894614708447371707e-03 1.000000000000000000e+00 2.893024065997451544e-04 -3.140917106065899134e-04 1.012306511402130127e-01 -2.891056064981967211e-04 9.999997615814208984e-01 4.076987388543784618e-04 4.517122637480497360e-03 3.142016648780554533e-04 -4.076069744769483805e-04 9.999998807907104492e-01 9.870807640254497528e-03 6.215695953369140625e+01
1.239759000000000000e+08 9.999999020146617124e-01 -2.636582453294268060e-04 -3.556051105531898068e-04 7.536404893115862536e-02 2.636443146014043879e-04 9.999999644766924822e-01 -3.922101997535933462e-05 -1.716492279011225708e-04 3.556154388663324787e-04 3.912726286567489895e-05 9.999999360033557938e-01 1.652380187957717917e-03 9.999999403953552246e-01 -2.102347934851422906e-04 7.308799104066565633e-05 9.704745560884475708e-02 2.102264261338859797e-04 1.000000000000000000e+00 -2.853281039278954268e-04 1.850133761763572693e-03 -7.302179437829181552e-05 2.853411715477705002e-04 1.000000000000000000e+00 5.234376527369022369e-03 6.200096130371093750e+01
1.240796000000000000e+08 9.999998421051871089e-01 -4.597685798475204151e-04 -3.231136951519500357e-04 7.151452712020192615e-02 4.597578630378784496e-04 9.999998937588747694e-01 -3.324079747751994051e-05 -1.006216050572796266e-04 3.231289438979376215e-04 3.309223816988350831e-05 9.999999472462943739e-01 1.560082060533616493e-03 9.999995827674865723e-01 -7.616427610628306866e-04 4.536392807494848967e-04 9.226819127798080444e-02 7.616645889356732368e-04 9.999997019767761230e-01 -3.501163155306130648e-05 3.034907858818769455e-03 -4.536118940450251102e-04 3.534622010192833841e-05 9.999998807907104492e-01 8.527034893631935120e-03 6.214400100708007812e+01
1.241832000000000000e+08 9.999998488882986258e-01 -4.403481545261863001e-04 -3.291153104655506704e-04 7.228154981077833385e-02 4.403371893465694658e-04 9.999999024941688130e-01 -3.338885501355550025e-05 -1.040327386560962726e-04 3.291299810953376200e-04 3.324392825967946316e-05 9.999999452841478176e-01 1.572522519904142983e-03 9.999996423721313477e-01 -4.714481765404343605e-04 7.246498716995120049e-04 8.534843474626541138e-02 4.716588882729411125e-04 9.999998807907104492e-01 -2.565481700003147125e-04 2.396670635789632797e-03 -7.245380547828972340e-04 2.568972704466432333e-04 9.999996423721313477e-01 7.517774123698472977e-03 6.190268707275390625e+01
1.242870000000000000e+08 9.999999471551050956e-01 -1.109995408457368880e-04 -3.055632370546289256e-04 6.019685794603921863e-02 1.109812530215233296e-04 9.999999920496200900e-01 -5.986586342525858085e-05 -5.314801697871675886e-04 3.055698797084562012e-04 5.983194847165417273e-05 9.999999515235934444e-01 1.535233959374612519e-03 9.999992847442626953e-01 -3.224213141947984695e-04 1.096502295695245266e-03 7.933704555034637451e-02 3.218337660655379295e-04 9.999998807907104492e-01 4.704754392150789499e-04 4.478529095649719238e-03 -1.096651540137827396e-03 -4.701196739915758371e-04 9.999993443489074707e-01 1.121477037668228149e-02 6.160515213012695312e+01
1.243906000000000000e+08 9.999997876616739667e-01 -6.052960420279352360e-04 -2.414400613480045224e-04 5.852087025617681848e-02 6.052835344298245846e-04 9.999998154704534681e-01 -5.187385960005119024e-05 -2.697921288353917176e-04 2.414714158374679678e-04 5.172770888974922331e-05 9.999999695078989337e-01 1.413041777909630021e-03 9.999995827674865723e-01 -7.211263291537761688e-04 6.160416523925960064e-04 7.091624289751052856e-02 7.211006595753133297e-04 9.999997019767761230e-01 1.128641160903498530e-04 2.885597525164484978e-03 -6.161279743537306786e-04 -1.124173504649661481e-04 9.999997615814208984e-01 5.723709706217050552e-03 6.144969558715820312e+01
